scientific_name,synonym,family,source_page_url,scrape_timestamp
Piper betle L.,Chavica betle (L.) Miq. Betela mastica Raf. Chavica auriculata Miq. Piperi betlum (L.)St.-Lag.,Piperaceae,https://mpbd.cu.ac.bd/plants.php,2026-09-22T15:35:25.096843+00:00
Piper cubeba Vahl,,Piperaceae,https://mpbd.cu.ac.bd/plants.php,2026-09-22T15:35:25.096843+00:00
Berberis aristata DC.,BerberiscoccineaK.Koch BerberiselegansK.Koch BerberisgracilisLindl. BerberisumbellataLindl.,Berberidaceae,https://mpbd.cu.ac.bd/plants.php,2026-09-22T15:35:25.096843+00:00
Papaver somniferum L.,,Papaveraceae,https://mpbd.cu.ac.bd/plants.php,2026-09-22T15:35:25.096843+00:00
Artocarpus heterophyllus Lam.,Artocarpus brasiliensis Ortega Artocarpus maximus Blanco Artocarpus philippensis Lam.,Moraceae,https://mpbd.cu.ac.bd/plants.php,2026-09-22T15:35:25.096843+00:00
Ficus racemosa L.,Ficus lanceolata Buch-Ham. exRoxb. Ficus acidula King Ficus chittagonga Miq. Ficus lucescens Blume,Moraceae,https://mpbd.cu.ac.bd/plants.php,2026-09-22T15:35:25.096843+00:00
Morus indica L.,,Moraceae,https://mpbd.cu.ac.bd/plants.php,2026-09-22T15:35:25.096843+00:00
Juglans regia L.,Juglans duclouxiana Dode Juglans fallax Dode Juglans orientis Dode Juglans sinensis (C.DC.) Dode,Juglandaceae,https://mpbd.cu.ac.bd/plants.php,2026-09-22T15:35:25.096843+00:00
Boerhavia diffusa L.,Axiacochin chinensis Lour. Boerhavia adscendens Willd. Boerhavia caespitosa Ridl. Boerhavia friesi,Nyctaginaceae,https://mpbd.cu.ac.bd/plants.php,2026-09-22T15:35:25.096843+00:00
Boerhavia repens L.,Boerhavia angustifolia Span. Boerhavia ascendens Schumach. Boerhavia maroccana Ball Boerhavia pol,Nyctaginaceae.,https://mpbd.cu.ac.bd/plants.php,2026-09-22T15:35:25.096843+00:00
Mirabilis jalapa L.,Nyctago jalapae (L.) DC. Mirabilislin dheimeri (Standl.) Shinners,Nyctaginaceae,https://mpbd.cu.ac.bd/plants.php?pageno=2,2026-09-22T15:35:26.637272+00:00
Opuntia dellenii (Ker Gawl.) Haw.,Cactus chinensis Roxb. Cactus dillenii Ker Gawl. Cactus indicus Roxb. Opuntia melanosperma Svenson,Cactaceae.,https://mpbd.cu.ac.bd/plants.php?pageno=2,2026-09-22T15:35:26.637272+00:00
Achyranthes aspera L.,Achyranthes acuminata E.Mey. ex Cooke & Wright Achyranthes grandifolia Moq.Cadelaria punctata Raf.,Amaranthaceae,https://mpbd.cu.ac.bd/plants.php?pageno=2,2026-09-22T15:35:26.637272+00:00
Plumbago indica L.,Plumbago rosea L. Thela coccinea Lour.,Plumbaginaceae.,https://mpbd.cu.ac.bd/plants.php?pageno=2,2026-09-22T15:35:26.637272+00:00
Vateria indica L.,,Dipterocarpaceae,https://mpbd.cu.ac.bd/plants.php?pageno=2,2026-09-22T15:35:26.637272+00:00
Mesua ferrea L.,Mesua nagassarium(Burm. f.)Kosterm.,Clusiaceae,https://mpbd.cu.ac.bd/plants.php?pageno=2,2026-09-22T15:35:26.637272+00:00
Helicteres isora L.,Helicteres grewiaefolia DC. Isora grewiaefolia (DC.) Schott & Endl. Ixora versicolor Hassk.,Sterculiaceae,https://mpbd.cu.ac.bd/plants.php?pageno=2,2026-09-22T15:35:26.637272+00:00
Abelmoschus esculentus (L.) Moench,Abelmoschus officinalis(DC.) Endl. Abelmoschus longifolius(Willd.) Kostel. Hibiscus esculentusL.,Malvaceae,https://mpbd.cu.ac.bd/plants.php?pageno=2,2026-09-22T15:35:26.637272+00:00
Gossypium arboreum L.,Gossypium albiflorum Tod. Gossypium asiaticum Raf. Gossypium rubrum Forssk. Gossypium roxburghii,Malvaceae,https://mpbd.cu.ac.bd/plants.php?pageno=2,2026-09-22T15:35:26.637272+00:00
Viola odorata L.,Viola odorata f. odorata Viola wiedemannii Boiss.,Violaceae,https://mpbd.cu.ac.bd/plants.php?pageno=2,2026-09-22T15:35:26.637272+00:00
Benincasa hispida (Thunb.) Cogn.,Benincasa cerifera Savi Benincasa vacua (F.Muell.) F.Muell. Cucurbita hispida Thunb. Cucurbita vi,Cucurbitaceae,https://mpbd.cu.ac.bd/plants.php?pageno=3,2026-09-22T15:44:31.936080+00:00
Citrullus colocynthis (L.) Schard.,Citrullus colocynthoides Pangalo Citrullus pseudocolocynthis M.Roem. Colocynthis officinalis Schrad,Cucurbitaceae.,https://mpbd.cu.ac.bd/plants.php?pageno=3,2026-09-22T15:44:31.936080+00:00
Momordica dioica Roxb. ex Willd.,Momordica hispida Dennst. ex Miq. Momordica roxburghii G. Don Momordica tuberosa Dennst. ex Miq.,Cucurbitaceae,https://mpbd.cu.ac.bd/plants.php?pageno=3,2026-09-22T15:44:31.936080+00:00
Mukia maderaspatana (L.) M. Roem,Bryonia maderaspatana(L.) Lam. Cucumis maderaspatanus L. Melothria maderaspatana (L.) Cogn. Bryon,Cucurbitaceae,https://mpbd.cu.ac.bd/plants.php?pageno=3,2026-09-22T15:44:31.936080+00:00
Brassica juncea (L.) Czern.,Brassica cernua (Thunb.) F.B. Forbes & Hemsl. Crucifera juncea E.H.L.Krause Sinapis juncea L. Sin,Brassicaceae,https://mpbd.cu.ac.bd/plants.php?pageno=3,2026-09-22T15:44:31.936080+00:00
Raphanus raphanistrum subsp. SATIVUS(L.) Domin.,Raphanus sativus L. Raphani strumgayanum Fisch. & C.A.Mey. Raphanus chinensis Mill. Raphanus cand,Brassicaceae,https://mpbd.cu.ac.bd/plants.php?pageno=3,2026-09-22T15:44:31.936080+00:00
Moringa oleifera Lam.,Guilandina moringa L. Hyperanthera moringa (L.) Vahl Moringa zeylanica Burmann.,Moringaceae,https://mpbd.cu.ac.bd/plants.php?pageno=3,2026-09-22T15:44:31.936080+00:00
Diospyros malabarica(desr.) Kostel.,Diospyros peregrina(Gaertn.) Girke Diospyros citrifolia Wall. ex A.DC. Diospyros biflora Blanco Em,Ebenaceaea,https://mpbd.cu.ac.bd/plants.php?pageno=3,2026-09-22T15:44:31.936080+00:00
Cydonia oblonga Mill.,Cydonia communis Loisel. Cydonia vulgaris Pers. Pyrus cydonia L. Sorbus cydonia Crantz,Rosaceae,https://mpbd.cu.ac.bd/plants.php?pageno=3,2026-09-22T15:44:31.936080+00:00
Prunus amygdalus Stokes,,Rosaceae,https://mpbd.cu.ac.bd/plants.php?pageno=3,2026-09-22T15:44:31.936080+00:00
Acacia nilotica (L.) Delile subsp. INDICA(Benth) Brenan,Acacia arabica var. indica Benth. Acacia nilotica var. indica (Benth.)A.F.Hill,Mimosaceae,https://mpbd.cu.ac.bd/plants.php?pageno=4,2026-09-22T15:44:33.460338+00:00
Entada phaseoloides (L.) Merr.,"Acacia scandens (L.) Willd. Entada scandens (L.) ""Benth. p.p."" Lens phaseoloides L. Pusaetha sca",Mimosaceae,https://mpbd.cu.ac.bd/plants.php?pageno=4,2026-09-22T15:44:33.460338+00:00
Mimosa pudica L.,Mimosa hispidula Kunth Mimosa pudica var. pudica,Mimosaceae,https://mpbd.cu.ac.bd/plants.php?pageno=4,2026-09-22T15:44:33.460338+00:00
Saraca asoca (Roxb.) Wild.,"Jonesia asoca Roxb. Jonesia confusa Hassk. Jonesia pinnata Willd. Saraca indica""sensu Bedd. non",Caesalpiniaceae,https://mpbd.cu.ac.bd/plants.php?pageno=4,2026-09-22T15:44:33.460338+00:00
Clitoria ternatea L.,Clitoria albiflora Mattei Clitoria philippensis Perr. Nauchea ternatea (L.)Descourt. Ternatea te,Fabaceae,https://mpbd.cu.ac.bd/plants.php?pageno=4,2026-09-22T15:44:33.460338+00:00
Glycyrrhiza glabra L.,Glycyrrhiza glandulifera Waldst. & Kit. Glycyrrhiza hirsuta Pall. Glycyrrhiza pallida Boiss.& Noe,Fabaceae,https://mpbd.cu.ac.bd/plants.php?pageno=4,2026-09-22T15:44:33.460338+00:00
Mucuna pruriens (L.) DC.,Carpopogon pruriens (L.) Roxb. Dolichos pruriens L. Mucuna prurita (L.)Hook. Stizolobium pruritu,Fabaceae,https://mpbd.cu.ac.bd/plants.php?pageno=4,2026-09-22T15:44:33.460338+00:00
Pterocarpus SANTALINUS L. f.,Lingoum santalinum (L.f.) Kuntze,Fabaceae,https://mpbd.cu.ac.bd/plants.php?pageno=4,2026-09-22T15:44:33.460338+00:00
Sesbania bispinosa (Jacq.) W.Wight,Sesbania aculeata (Willd.) Pers. Aeschynomene aculeata Schreb. Aeschynomene bispinosa Jacq. Aesc,Fabaceae,https://mpbd.cu.ac.bd/plants.php?pageno=4,2026-09-22T15:44:33.460338+00:00
Sesbania grandiflora (L.) Poir,: Aeschynomene grandiflora (L.) L. Agati grandiflora (L.)Desv. Coronilla grandiflora (L.)Willd.,Fabaceae,https://mpbd.cu.ac.bd/plants.php?pageno=4,2026-09-22T15:44:33.460338+00:00
Sesbania sesban (L.) Merr.,Aeschynomene sesban L. Coronilla sesban Willd. Emerus sesban (L.) Kuntze Sesbania aegyptiaca Poir,Fabaceae,https://mpbd.cu.ac.bd/plants.php?pageno=5,2026-09-22T15:44:34.993453+00:00
Trigonella foenum-graeceum L.,Trigonella tibetana (Alef.) Vassilcz.,Fabaceae,https://mpbd.cu.ac.bd/plants.php?pageno=5,2026-09-22T15:44:34.993453+00:00
Lagerstroemia speciosa(l.) Pers.,Lagerstroemia reginea Roxb. Adambea hirsuta Lam. Lagerstroemia hirsuta (Lam.) Willd. Munchausia s,Lythraceae,https://mpbd.cu.ac.bd/plants.php?pageno=5,2026-09-22T15:44:34.993453+00:00
Eucalyptus globulus Labill,Eucalyptus glauca A.Cunn.ex DC. Eucalyptus perfoliata Desf.,Myrtaceae,https://mpbd.cu.ac.bd/plants.php?pageno=5,2026-09-22T15:44:34.993453+00:00
Mentha arvensis L.,Mentha arguta Opiz. Mentha badensis C.C.Gmel. Mentha diffusa Lej. Mentha hostii Boreau.,Lamiaceae,https://mpbd.cu.ac.bd/plants.php?pageno=5,2026-09-22T15:44:34.993453+00:00
Mentha spicata L.,Mentha crispa L. Mentha rosanii Ten. Mentha viridis (L.) L. Mentha walteriana Opiz.,Lamiaceae,https://mpbd.cu.ac.bd/plants.php?pageno=5,2026-09-22T15:44:34.993453+00:00
Pogostemon PUBESCENS Benth.,-,Lamiaceae,https://mpbd.cu.ac.bd/plants.php?pageno=5,2026-09-22T15:44:34.993453+00:00
Rhinacanthus nasutus (L.) Kurz,Dianthera paniculata Lour. Ecbolium dichotomum (Blume) Kuntze Pseuderanthemum connatum Lindau Rhi,Acanthaceae,https://mpbd.cu.ac.bd/plants.php?pageno=5,2026-09-22T15:44:34.993453+00:00
Sesamum indicum L.,Dysosmon amoenum Raf. Sesamum africanum Tod. Sesamum oleiferum Sm Volkameria orientalis (L.) Kunt,Pedaliaceae,https://mpbd.cu.ac.bd/plants.php?pageno=5,2026-09-22T15:44:34.993453+00:00
Nelumbium speciosum Willd.,-,Rubiaceae,https://mpbd.cu.ac.bd/plants.php?pageno=5,2026-09-22T15:44:34.993453+00:00
Rubia cordifolia L.,Galium cordifolium (L.) Kuntze Rubia cordata Thunb. Rubia javana DC. Rubia purpurea Decne. Rubia,Rubiaceae,https://mpbd.cu.ac.bd/plants.php?pageno=6,2026-09-22T15:47:54.625133+00:00
Artemisia absinthium L.,Absinthium officinale Brot. Artemisia absinthia St.-Lag. Artemisia inodora Mill. Artemisia pendul,Asteraceae,https://mpbd.cu.ac.bd/plants.php?pageno=6,2026-09-22T15:47:54.625133+00:00
Eclipta prostrata (L.) L.,Acmella lanceolata Link ex Spreng. Bellis ramosa Jacq. Cotula alba (L.) L. Eclipta alba (L.) Hass,Asteraceae,https://mpbd.cu.ac.bd/plants.php?pageno=6,2026-09-22T15:47:54.625133+00:00
Cyperus rotandus L.,Chlorocyperus rotundus (L.) Palla Cyperus comosus Sm. Pycreus rotundus (L.) Hayek Schoenus tubero,Cyperaceae,https://mpbd.cu.ac.bd/plants.php?pageno=6,2026-09-22T15:47:54.625133+00:00
Saccharum officinarum L.,Arundo saccharifera Garsault Saccharum monandrum Rottb. Saccharum occidentale Sw. Saccharum viola,Poaceae,https://mpbd.cu.ac.bd/plants.php?pageno=6,2026-09-22T15:47:54.625133+00:00
Hordeum vulgare L.,Hordeum bifarium Roth Hordeum hexastichon L. Hordeum macrolepis A.Braun Hordeum nigrum Willd.,Poaceae,https://mpbd.cu.ac.bd/plants.php?pageno=6,2026-09-22T15:47:54.625133+00:00
Elettaria cardamomum (L.) Maton.,Alpinia cardamomum (L.)Roxb. Amomum cardamomum L. Cardamomum malabaricum Pritz. Zingiber minus Ga,Zingiberaceae,https://mpbd.cu.ac.bd/plants.php?pageno=6,2026-09-22T15:47:54.625133+00:00
Crocus sativus L.,Crocus officinalis (L.)Honck. Crocus pendulus Stokes Geanthus autumnalis Raf. Safran officinarum,Iridaceae,https://mpbd.cu.ac.bd/plants.php?pageno=6,2026-09-22T15:47:54.625133+00:00
Santalum album L.,Sirium myrtifolium L.,Santalaceae,https://mpbd.cu.ac.bd/plants.php?pageno=6,2026-09-22T15:47:54.625133+00:00
Macaranga peltata (Roxb.)Muell.-Arg.,Macaranga roxburghii Wight Mappa peltata(Roxb.) Wight Osyris peltata Roxb. Tanarius peltatus(Roxb.,Euphorbiaceae,https://mpbd.cu.ac.bd/plants.php?pageno=6,2026-09-22T15:47:54.625133+00:00
Mallotus philippensis (Lam.) Muell.-Arg.,Croton philippensis Lam. Echinus philippensis (Lam.) Baill. Mappa stricta Rchb.f. & Zoll. Rottlera t,Euphorbiaceae,https://mpbd.cu.ac.bd/plants.php?pageno=7,2026-09-22T15:47:56.155281+00:00
Phyllanthus niruri L.,Diasperus niruri (L.) Kuntze Nymphanthus niruri (L.)Lour. Phyllanthus humilis Salisb. Urinaria erect,Euphorbiaceae,https://mpbd.cu.ac.bd/plants.php?pageno=7,2026-09-22T15:47:56.155281+00:00
Vitis vinifera L.,Cissus vinifera (L.) Kuntze Vitis sylvestris C.C.Gmel. Vitis vinifera subsp.sativaHegi Vitis vinifer,Vitaceae,https://mpbd.cu.ac.bd/plants.php?pageno=7,2026-09-22T15:47:56.155281+00:00
Sapindus saponaria L.,Sapindus abruptus Lour. Sapindus indica Poir. Sapindus rigidus Mill. Sapindus stenopterus DC. Sap,Sapindaceae,https://mpbd.cu.ac.bd/plants.php?pageno=7,2026-09-22T15:47:56.155281+00:00
Schleichera oleosa (Lour.)Merr.,Pistacia oleosa Lour. Schleichera oleosa(Lour.) Oken,Sapindaceae,https://mpbd.cu.ac.bd/plants.php?pageno=7,2026-09-22T15:47:56.155281+00:00
Commiphora mukul (HOOK. EX STOCKS) ENGL.,Balsamea mukul Baill. Balsamodendrum mukul Hook.ex Stocks Balsamodendrum roxburghii Stocks Balsamod,Burseraceae,https://mpbd.cu.ac.bd/plants.php?pageno=7,2026-09-22T15:47:56.155281+00:00
Semecarpus anacardium L. F.,,Anacardiaceae,https://mpbd.cu.ac.bd/plants.php?pageno=7,2026-09-22T15:47:56.155281+00:00
Citrus limon (L.) Osbeck,Citrus bergamia Risso & Poit. Citrus limonia Osbeck Citrus vulgaris Ferrarius ex Mill. Limon vu,Rutaceae,https://mpbd.cu.ac.bd/plants.php?pageno=7,2026-09-22T15:47:56.155281+00:00
Citrus medica L.,Aurantium medicum (L.) M. Gómez Citrus alata( Tanaka) Tanaka Citrus odorata Roussel Citrus tuberos,Rutaceae,https://mpbd.cu.ac.bd/plants.php?pageno=7,2026-09-22T15:47:56.155281+00:00
Citrus reticulata Blanco,Citrus crenatifolia Lush. Citrus deliciosa Ten. Citrus papillaris Blanco Citrus succosa Tanaka,Rutaceae,https://mpbd.cu.ac.bd/plants.php?pageno=7,2026-09-22T15:47:56.155281+00:00
Murraya koenigii (L.)Spreng.,Bergera koenigii L.,Rutaceae,https://mpbd.cu.ac.bd/plants.php?pageno=8,2026-09-22T15:47:57.682413+00:00
Peganum harmala L.,Harmala multifida All. Harmala peganum Crantz Peganon harmalum (L.) St.-Lag. Peganum dauricum L.,Zygophyllaceae,https://mpbd.cu.ac.bd/plants.php?pageno=8,2026-09-22T15:47:57.682413+00:00
Anethum sowa Roxb.ex Fleming,Anethum graveolens subsp.sowa(Roxb. ex Fleming) N.F.Koren',Apiaceae,https://mpbd.cu.ac.bd/plants.php?pageno=8,2026-09-22T15:47:57.682413+00:00
Carum carvi L.,Bunium carvi (L.)M.Bieb. Foeniculum carvi(L.) Link Ligusticum carvi(L.) Roth Pimpinella carvi(L.) Je,Apiaceae,https://mpbd.cu.ac.bd/plants.php?pageno=8,2026-09-22T15:47:57.682413+00:00
Ferula foetida (Bunge) Regel,Ferula scorodosma Bentley & Trimen Scorodosma foetidum Bunge,Apiaceae,https://mpbd.cu.ac.bd/plants.php?pageno=8,2026-09-22T15:47:57.682413+00:00
Trachyspermum roxburghianum (DC.) H.Wolff,Apium involucratum Roxb. Pimpinella involucrata(Roxb.)Wight & Arn. Ptychotis roxburghiana DC. Trachy,Apiaceae,https://mpbd.cu.ac.bd/plants.php?pageno=8,2026-09-22T15:47:57.682413+00:00
Strychnos potatorum L. f.,Strychnos heterodoxa Gilg Strychnos stuhlmannii Gilg,Loganiaceae,https://mpbd.cu.ac.bd/plants.php?pageno=8,2026-09-22T15:47:57.682413+00:00
Holarrhena pubescens Wall.ex G.Don,Chonemorpha pubescens (Wall.) G.Don Echites adglutinatus Burm.f. Holarrhena codaga G.Don Holarrhena,Apocynaceae,https://mpbd.cu.ac.bd/plants.php?pageno=8,2026-09-22T15:47:57.682413+00:00
Tabernamontana divaricata (L.)R.Br. ex Roem.& Schult.,Ervatamia divaricata (L.) Burkill Nerium divaricatum L. Taberna discolor (Sw.) Miers Tabernaemonta,Apocynaceae,https://mpbd.cu.ac.bd/plants.php?pageno=8,2026-09-22T15:47:57.682413+00:00
Wrightia tinctoria R. Brown,Allamanda verticillata Desf. Nerium tinctorium Roxb. Wrightia laciniataA. DC. Wrightia timorensis,Apocynacea,https://mpbd.cu.ac.bd/plants.php?pageno=8,2026-09-22T15:47:57.682413+00:00
Gymnema sylvestre (Retz.)R.Br. ex Sm.,Asclepias geminata Roxb. Marsdenia sylvestris (Retz.)P.I. Forst. Periploca sylvestris Retz. Str,Asclepiadaceae,https://mpbd.cu.ac.bd/plants.php?pageno=9,2026-09-22T15:47:59.212004+00:00
Atropa belladonna L.,Atropa cordata Pascher Atropa lethali Salisb. Belladonna baccifera Lam. Belladonna trichotoma Scop,Solanaceae,https://mpbd.cu.ac.bd/plants.php?pageno=9,2026-09-22T15:47:59.212004+00:00
Datura stramonium L.,Datura hybrida Ten. Datura tatula L . Stramonium foetidum Scop. Stramonium spinosum Lam.,Solanaceae,https://mpbd.cu.ac.bd/plants.php?pageno=9,2026-09-22T15:47:59.212004+00:00
Solanum lycopersicum L.,Lycopersicon esculentum var.esculentum Lycopersicon humboldtii (Willd.) Dunal Scubulon humboldtii (,Solanaceae,https://mpbd.cu.ac.bd/plants.php?pageno=9,2026-09-22T15:47:59.212004+00:00
Solanum indicum L.,-,Solanaceae,https://mpbd.cu.ac.bd/plants.php?pageno=9,2026-09-22T15:47:59.212004+00:00
Ipomoea nil (L.) Roth,Batatas setosa (Ker Gawl.) Lindl. Convolvulus nil L. Gomphipus setosus (Ker Gawl.) Raf. Ipomoea hed,Convolvulaceae,https://mpbd.cu.ac.bd/plants.php?pageno=9,2026-09-22T15:47:59.212004+00:00
Gmelina arborea Roxb.,Gmelina arboreavar.canescens Haines Gmelina arborea var.glaucescens C.B.Clarke Gmelina sinuata Link,Verbenaceae,https://mpbd.cu.ac.bd/plants.php?pageno=9,2026-09-22T15:47:59.212004+00:00
Premna serratifolia L..,Premna integrifolia L.(illegitimate) Cornutia corymbosa Burm.f. Gumira truncata (Turcz.) Kuntze Pre,Lamiaceae,https://mpbd.cu.ac.bd/plants.php?pageno=9,2026-09-22T15:47:59.212004+00:00
Sapindus SAPONARIA L.,Sapindus abruptus Lour. Sapindus indica Poir. Sapindus rigidus Mill. Sapindus stenopterus DC. Sa,Sapindaceae,https://mpbd.cu.ac.bd/plants.php?pageno=10,2026-09-22T15:48:00.744510+00:00
Schleichera oleosa (Lour.) Merr.,Pistacia oleosa Lour. Schleichera oleosa (Lour.) Oken.,Sapindaceae,https://mpbd.cu.ac.bd/plants.php?pageno=10,2026-09-22T15:48:00.744510+00:00
Abelmoschus ESCULENTUS (L.) Moench,Hibiscus esculentus L. Abelmoschus tuberculatus Pal & Singh Abelmoschus officinalis (DC.) Endl A,Malvaceae,https://mpbd.cu.ac.bd/plants.php?pageno=10,2026-09-22T15:48:00.744510+00:00
Abelmoschus MOSCHATUS Medik.,Hibiscus abelmoschus L. Abelmoschus betulifolia wall. Abelmoschus chinensis wall. Abelmoschus cuc,Malvaceae,https://mpbd.cu.ac.bd/plants.php?pageno=10,2026-09-22T15:48:00.744510+00:00
Abroma AUGUSTA (L.) L.f.,Abroma alata Blanco Abroma angulata Lam. Abroma angulosa Poir. Abroma sinuosa G.Nicholson,Sterculiaceae,https://mpbd.cu.ac.bd/plants.php?pageno=10,2026-09-22T15:48:00.744510+00:00
Abrus PRECATORIUS L.,Abrus precatorius subsp. Precatorius Abrus abrus (L.) Wright Abrus minor Desv. Glycine abrus L.,Fabaceae,https://mpbd.cu.ac.bd/plants.php?pageno=10,2026-09-22T15:48:00.744510+00:00
Abutilon INDICUM (L.) Sweet,Abutilon arborescens Medik. Abutilon asiaticum var. subasperum Fosberg Abutilon cavaleriei H.Lév.,Malvaceae,https://mpbd.cu.ac.bd/plants.php?pageno=10,2026-09-22T15:48:00.744510+00:00
Acacia CATECHU (L.f.) Willd.,Acacia catechu Willd. Acacia sundra (Roxb.) Bedd. Mimosa catechu L.F. Mimosa catechuoides Roxb.,Mimosaceae,https://mpbd.cu.ac.bd/plants.php?pageno=10,2026-09-22T15:48:00.744510+00:00
Acacia FARNESIANA (L.) Willd.,Acacia acicularis Willd. Acacia farnesiana var. Farnesiana Acacia indica (Poir.) Desv. Farnesia,Mimosaceae,https://mpbd.cu.ac.bd/plants.php?pageno=10,2026-09-22T15:48:00.744510+00:00
Acacia NILOTICA (L.) Willd. ex Del. ssp. INDICA (Benth.) Brenan.,Acacia arabica (Lam.) Willd. Acacia nilotica subsp. Nilotica Mimosa arabica Lam. Mimosa niloti,Mimosaceae,https://mpbd.cu.ac.bd/plants.php?pageno=10,2026-09-22T15:48:00.744510+00:00
Acacia PENNATA (L.) Willd.,Acacia canescens (Kurz)Gamble Acacia hainanensis Hayata Acacia pennata subsp. Pennata,Mimosaceae,https://mpbd.cu.ac.bd/plants.php?pageno=11,2026-09-22T15:48:02.271804+00:00
Acacia concinna (WILLD.) DC.,Acacia rugata (Lam.) Mer. Acacia rugata (Lam.) Voigt Acacia rugata (Lam.) Merr. Guilandin,Mimosaceae,https://mpbd.cu.ac.bd/plants.php?pageno=11,2026-09-22T15:48:02.271804+00:00
Acalypha INDICA L.,Cupamenis indica (L.) Raf. Acalypha chinensis Benth. Acalypha spicata Forssk. Ricinocarpus indi,Euphorbiaceae,https://mpbd.cu.ac.bd/plants.php?pageno=11,2026-09-22T15:48:02.271804+00:00
Acampe praemorsa (Roxb.) Blatt. & McCann,Acampe excavata Lindl. Acampe papillosa Lindl. Cymbidium praemorsum (Roxb.) Sw. Gastrochilus praem,Orchidaceae,https://mpbd.cu.ac.bd/plants.php?pageno=11,2026-09-22T15:48:02.271804+00:00
Acanthus ILICIFOLIUS L.,Acanthus doloarin Blanco. Acanthus ilicifolius subsp. orientalisbremek. Acanthus neoguineensis Eng,Acanthaceae,https://mpbd.cu.ac.bd/plants.php?pageno=11,2026-09-22T15:48:02.271804+00:00
Achyranthes ASPERA L.,Stachyarpagophora aspera (L.) M.Gómez Achyranthes australis R.Br. Achyranthes canescens R.Br. Ach,Amaranthaceae,https://mpbd.cu.ac.bd/plants.php?pageno=11,2026-09-22T15:48:02.271804+00:00
Acorus CALAMUS L.,Calamus aromaticus Garsault Acorus angustatus Raf. Acorus angustifolius Schott Acorus belangeri,Acoraceae,https://mpbd.cu.ac.bd/plants.php?pageno=11,2026-09-22T15:48:02.271804+00:00
Acronychia PEDUNCULATA (L.) Miq.,Acronychia laurifolia Bl. Cyminosma pedunculata DC. Acronychia apiculata Miq. Clausena simplicifo,Rutaceae,https://mpbd.cu.ac.bd/plants.php?pageno=11,2026-09-22T15:48:02.271804+00:00
Actinodaphne gullavara (Buch.-Ham. ex Nees) M.R.Almeida,Actinodaphne angustifolia Nees. Jozoste angustifolia Kuntze Laurus gullavara Buch.-Ham. ex Nees,Lauraceae,https://mpbd.cu.ac.bd/plants.php?pageno=11,2026-09-22T15:48:02.271804+00:00
Adenanthera PAVONINA L.,Adenanthera pavonina var. Pavonina Adenanthera gersenii Scheff. Adenanthera polita Miq. Corallar,Mimosaceae,https://mpbd.cu.ac.bd/plants.php?pageno=11,2026-09-22T15:48:02.271804+00:00
Justicia adhatoda L.,Adhatoda zeylanica Medic. Adhatoda arborea Raf. Dianthera latifolia Salisb. Ecbolium adhatoda (L.,Acanthaceae,https://mpbd.cu.ac.bd/plants.php?pageno=12,2026-09-22T15:48:03.797371+00:00
Adiantum capillus-veneris L,Adiantum capillus Sw. Adiantum africanum R. Br. Adiantum coriandrifolium Lam. Adiantum fontanum,Adiantaceae,https://mpbd.cu.ac.bd/plants.php?pageno=12,2026-09-22T15:48:03.797371+00:00
Adiantum INCISUM Forssk.,Adiantum caudatum L. Adiantum capillus-gorgonis Webb Adiantum caudatum var. glabripinnatumbonap.,Adiantaceae,https://mpbd.cu.ac.bd/plants.php?pageno=12,2026-09-22T15:48:03.797371+00:00
Adiantum LUNULATUM Burm. F.,Adiantum philippense L. Adiantum lunatum Cav. Adiantum lunulatum var. mettenii Bedd. Pteris lunu,Adiantaceae,https://mpbd.cu.ac.bd/plants.php?pageno=12,2026-09-22T15:48:03.797371+00:00
Haldina cordifolia (Roxb.) Ridsdale,Adina cordifolia Benth & Hook. Nauclea cordifolia Roxb. Nauclea sterculiifolia A.Rich. Ex Dc.,Rubiaceae,https://mpbd.cu.ac.bd/plants.php?pageno=12,2026-09-22T15:48:03.797371+00:00
Aegle MARMELOS (L.) Corr.,Aegle marmelos var. mahurensis Zate Belou marmelos (L.) Lyons Crateva marmelos L. Feronia pelluci,Rutaceae,https://mpbd.cu.ac.bd/plants.php?pageno=12,2026-09-22T15:48:03.797371+00:00
Aganosma DICHOTOMA (Roth) K. Schum.,Aganosma caryophyllata G. Don. Aganosma blumei Wight.,Apocynaceae,https://mpbd.cu.ac.bd/plants.php?pageno=12,2026-09-22T15:48:03.797371+00:00
Ageratum CONYZOIDES L.,Ageratum arsenei B.L.Rob Ageratum ciliare L. Ageratum cordifolium Roxb. Ageratum hirsutum Poir.,Asteraceae,https://mpbd.cu.ac.bd/plants.php?pageno=12,2026-09-22T15:48:03.797371+00:00
Alangium SALVIFOLIUM (L. f.) Wang.,Alangium lamarkii Thw. Alangium decapetalum Lam. Alangium salviifolium subsp. Salviifolium Alang,Alangiaceae,https://mpbd.cu.ac.bd/plants.php?pageno=12,2026-09-22T15:48:03.797371+00:00
Albizia CHINENSIS (Osbeck) Merr.,Albizia stipulata (Roxb.) Boiv. Albizia chinensis var. Chinensis Acacia stipulacea Roxb. Albizia,Mimosaceae,https://mpbd.cu.ac.bd/plants.php?pageno=12,2026-09-22T15:48:03.797371+00:00
Albizzia LEBBECK (L.) Benth.,Acacia lebbeck Willd.,Mimosaceae,https://mpbd.cu.ac.bd/plants.php?pageno=13,2026-09-22T15:48:05.322185+00:00
Albizia ODORATISSIMA (L. f.) Benth.,Acacia lomatocarpa Dc. Acacia odoratissima (L.f.) Willd. Albizia micrantha B.Boivin Feuilleea od,Mimosaceae,https://mpbd.cu.ac.bd/plants.php?pageno=13,2026-09-22T15:48:05.322185+00:00
Albizia PROCERA (Roxb.) Benth.,Albizia procera var. elata (Roxb.) Baker Albizia procera var. roxburghiana E.Fourn. Acacia elata V,Mimosaceae,https://mpbd.cu.ac.bd/plants.php?pageno=13,2026-09-22T15:48:05.322185+00:00
Allamanda CATHARTICA L.,Allamanda aubletii Pohl Allamanda latifolia C.Presl Allamanda linnaei Pohl Allamanda salicifolia,Apocynaceae,https://mpbd.cu.ac.bd/plants.php?pageno=13,2026-09-22T15:48:05.322185+00:00
Allium CEPA L.,Allium cepa var. aggregatum G.Don Allium cepa var. argenteum Alef.,Liliaceae,https://mpbd.cu.ac.bd/plants.php?pageno=13,2026-09-22T15:48:05.322185+00:00
Allium SATIVUM L.,,Liliaceae,https://mpbd.cu.ac.bd/plants.php?pageno=13,2026-09-22T15:48:05.322185+00:00
Ziziphus RUGOSA Lam.,Ziziphus glabra Roxb.,Rhamnaceae,https://mpbd.cu.ac.bd/plants.php?pageno=13,2026-09-22T15:48:05.322185+00:00
Zizyphus oenoplia Mill.,Rhamnus oenopolia L.,Rhamnaceae,https://mpbd.cu.ac.bd/plants.php?pageno=13,2026-09-22T15:48:05.322185+00:00
Ziziphus jujuba Mill.,Zizyphus mauritiana Lamk. Rhamnus jujuba L. Rhamnus zizyphus L. Ziziphus sativa Gaertn.,Rhamnaceae,https://mpbd.cu.ac.bd/plants.php?pageno=13,2026-09-22T15:48:05.322185+00:00
Zingiber ZERUMBET (L.) Roscoe ex Sm.,Amomum zerumbet L. Cardamomum spurium (J.Koenig) Kuntze Dieterichia lampujang Giseke Zerumbet zin,Zingiberaceae,https://mpbd.cu.ac.bd/plants.php?pageno=13,2026-09-22T15:48:05.322185+00:00
Zingiber OFFICINALE Rose.,Amomum zingiber L. Curcuma longifolia Wall. Zingiber missionis Wall.,Zingiberaceae,https://mpbd.cu.ac.bd/plants.php?pageno=14,2026-09-22T15:48:06.853695+00:00
Zingiber MONTANUM (Koenig) Dietrich.,Amomum montanum J.Koenig Cassumunar roxburghii Colla Zingiber cassumunar Roxb. Zingiber purpureu,Zingiberaceae,https://mpbd.cu.ac.bd/plants.php?pageno=14,2026-09-22T15:48:06.853695+00:00
Zeuxine STRATEUMATICA Schlechter.,Adenostylis emarginata Blume Neottia strateumatica (L.) R.Br. Zeuxine procumbens Blume Zeuxine ro,Orchidaceae,https://mpbd.cu.ac.bd/plants.php?pageno=14,2026-09-22T15:48:06.853695+00:00
Zea MAYS L.,Mays vulgaris Ser. Zea alba Mill. Zea hirta Bonaf. Zea japonica Van Houtte Zea vulgaris Mill.,Poaceae,https://mpbd.cu.ac.bd/plants.php?pageno=14,2026-09-22T15:48:06.853695+00:00
Zanthoxylum RHETSA (Roxb.) DC.,Fagara rhetsa Roxb. Tipalia limonella Dennst. Zanthoxylum oblongum Wall. Zanthoxylum budrunga (Ro,Rutaceae,https://mpbd.cu.ac.bd/plants.php?pageno=14,2026-09-22T15:48:06.853695+00:00
Zanthoxylum NITIDUM (Roxb.) DC.,Fagara nitida Roxb. Fagara hamiltoniana (Wall.) Engl. Zanthoxylum hamiltonianum Wall. ex Hook.f.,Rutaceae,https://mpbd.cu.ac.bd/plants.php?pageno=14,2026-09-22T15:48:06.853695+00:00
Zanonia INDICA L.,Juppia borneensis Merr. Zanonia indica var. indica,Cucurbitaceae,https://mpbd.cu.ac.bd/plants.php?pageno=14,2026-09-22T15:48:06.853695+00:00
Xylyocarpus MOLUCCENSIS (Lam.) M.Roem.,Carapa moluccensis Lam. Carapa borneensis Becc. Carapa indica A.Juss. Granatum moluccense (Lam.),Meliaceae,https://mpbd.cu.ac.bd/plants.php?pageno=14,2026-09-22T15:48:06.853695+00:00
Xylocarpus GRANATUM Koen.,Amoora salomoniensis C.DC. Carapa granatum (J.Koenig) Alston Granatum obovatum (Blume) Kuntze Xyl,Meliaceae,https://mpbd.cu.ac.bd/plants.php?pageno=14,2026-09-22T15:48:06.853695+00:00
Tamilnadia uliginosa (Retz.) Tirveng. & Sastre,Xeromphis uliginosa (Retz.) Maheshw Randia uliginosa DC. Catunaregam uliginosa (Retz.) Sivar. Gar,Rubiaceae,https://mpbd.cu.ac.bd/plants.php?pageno=14,2026-09-22T15:48:06.853695+00:00
Catunaregam spinosa (Thunb.) Tirveng.,Xeromphis spinosa (Thunb.) Keay Canthium chinense Pers. Gardenia spinosa Thunb. Narega coduva Raf,Rubiaceae,https://mpbd.cu.ac.bd/plants.php?pageno=15,2026-09-22T15:48:08.385733+00:00
Xanthium strumarium L.,Xanthium indicum DC. Xanthium abyssinicum Wallr. Xanthium acerosum Greene Xanthium chinense Mill.,Asteraceae,https://mpbd.cu.ac.bd/plants.php?pageno=15,2026-09-22T15:48:08.385733+00:00
Wrightia ARBOREA (Dennst.) Mabb.,Beaumontia wallichii (A.DC.) Walp. Periploca arborea Dennst. Hunteria eugeniifolia Wall. ex G.Don,Apocynaceae,https://mpbd.cu.ac.bd/plants.php?pageno=15,2026-09-22T15:48:08.385733+00:00
Woodfordia FRUTICOSA (L.) Kurz.,Woodfordia floribunda Salisb. Woodfordia tomentosa Bedd. Lythrum fruitcosum L. Lythrum hunteri DC.,Lythraceae,https://mpbd.cu.ac.bd/plants.php?pageno=15,2026-09-22T15:48:08.385733+00:00
Withania SOMNIFERA (L.) Dunal.,Physalis somnifera L. Withania kansuensis Kuang & A. M. Lu Withania microphysalis Suess.,Solanaceae,https://mpbd.cu.ac.bd/plants.php?pageno=15,2026-09-22T15:48:08.385733+00:00
Wikstroemia INDICA (L.) C.A. Mey.,Wikstroemia purpurata (L.) Druce Wikstroemia rotundifolia (L. f.) C.A. Mey. Wikstroemia subcoriace,Thymelaeaceae,https://mpbd.cu.ac.bd/plants.php?pageno=15,2026-09-22T15:48:08.385733+00:00
Sphagneticola calendulacea (L.) Pruski.,Wedelia chinensis (Osbeck) Merr. Wedelia calendulacea Less. Complaya chinensis (Osbeck) Strother,Asteraceae,https://mpbd.cu.ac.bd/plants.php?pageno=15,2026-09-22T15:48:08.385733+00:00
Dregea volubilis (L.f.) Benth. ex Hook.f.,Wattakaka volubilis (L. f.) Stapf. Asclepias volubilis L.f. Dregea volubilis (L.f.) Benth.ex Hook,Asclepiadaceae,https://mpbd.cu.ac.bd/plants.php?pageno=15,2026-09-22T15:48:08.385733+00:00
Vitis PENTAGONA (Roxb.) Lawson.,Cissus pentagona Roxb. Vitis kelungensis Momiy. Vitis lanata Roxb. Vitis quinquangularis Rehder.,Vitaceae,https://mpbd.cu.ac.bd/plants.php?pageno=15,2026-09-22T15:48:08.385733+00:00
Vitex TRIFOLIA L. f.,Vitex bicolor Willd. Vitex indica Mill. Vitex paniculata Lam. Vitex triphylla Royle.,Verbenaceae,https://mpbd.cu.ac.bd/plants.php?pageno=15,2026-09-22T15:48:08.385733+00:00
Vitex pinnata L.,Vitex Pubescens Vahl. Pistaciovitex pinnata (L.) Kuntze Vitex arborea Roxb. Vitex inaequifolia T,Verbenaceae,https://mpbd.cu.ac.bd/plants.php?pageno=16,2026-09-22T15:48:09.910184+00:00
Vitex PEDUNCULARIS Wall.,Vitex alata Roxb. Vitex peduncularis var. roxburghiana C.B.Clarke Vitex peduncularis f. roxburghia,Verbenaceae,https://mpbd.cu.ac.bd/plants.php?pageno=16,2026-09-22T15:48:09.910184+00:00
Vitex NEGUNDO L.,Vitex arborea Desf. Vitex chinensis Mill. Vitex incisa Lam. Vitex sinuata Medik.,Verbenaceae,https://mpbd.cu.ac.bd/plants.php?pageno=16,2026-09-22T15:48:09.910184+00:00
Viscum cruciatum Sieber ex Boiss.,Viscum orientale Willd. Viscum verticillatum Roxb.,Loranthaceae,https://mpbd.cu.ac.bd/plants.php?pageno=16,2026-09-22T15:48:09.910184+00:00
Vigna UNGUICULATA (L.) Walp.,Vigna sinensis (L.) Savi ex Hassk. Dolichos catjang L. Dolichos sinensis L. Phaseolus sphaerosper,Fabaceae,https://mpbd.cu.ac.bd/plants.php?pageno=16,2026-09-22T15:48:09.910184+00:00
Vigna RADIATA (L.) Wilczek.,Azukia radiata (L.) Ohwi Phaseolus hirtus Retz. Phaseolus radiatus L. Rudua aurea (Roxb.) F.Maek.,Fabaceae,https://mpbd.cu.ac.bd/plants.php?pageno=16,2026-09-22T15:48:09.910184+00:00
Vigna MUNGO (L.) Hepper,Azukia mungo (L.) Masam. Phaseolus hernandezii Savi Phaseolus mungo L.,Fabaceae,https://mpbd.cu.ac.bd/plants.php?pageno=16,2026-09-22T15:48:09.910184+00:00
Chrysopogon zizanioides (L.) Roberty.,Vetiveria zizanioides (L.) Nash. Anatherum muricatum (Retz.) P.Beauv. Anatherum zizanioides (L.),Poaceae,https://mpbd.cu.ac.bd/plants.php?pageno=16,2026-09-22T15:48:09.910184+00:00
Vernonia PATULA (Dryand.) Merr.,Vernonia patula (Dryand.) Merr. Vernonia cinerea (Roxb.) Less. Bothriocline papuana O.Hoffm. Caca,Asteraceae,https://mpbd.cu.ac.bd/plants.php?pageno=16,2026-09-22T15:48:09.910184+00:00
Vanda TESSELLATA (Roxb.) Hook. ex G. Don.,Aerides tessellata (Roxb.) Wight ex Lindl. Cymbidium tessellatum (Roxb.) Sw. Epidendrum tessellat,Orchidaceae,https://mpbd.cu.ac.bd/plants.php?pageno=16,2026-09-22T15:48:09.910184+00:00
Vallisneria SPIRALIS L.,Vallisneria aethiopica Fenzl Vallisneria micheliana Spreng. Vallisneria michelii Savi Vallisneria,Hydrocharitaceae,https://mpbd.cu.ac.bd/plants.php?pageno=17,2026-09-22T15:48:11.437093+00:00
Uvaria HAMILTONII Hook. f. & Thom.,-,Annonaceae,https://mpbd.cu.ac.bd/plants.php?pageno=17,2026-09-22T15:48:11.437093+00:00
Drimia indica (Roxb.) Jessop.,Urginea indica (Roxb.) Kunth. Albuca reflexa K.Krause & Dinter Drimia nagarjunae (Hemadri & Swahar,Liliaceae,https://mpbd.cu.ac.bd/plants.php?pageno=17,2026-09-22T15:48:11.437093+00:00
Urena LOBATA L.,Urena americana L. Urena grandiflora DC. Urena reticulata Cav. Urena trilobata Vell. (Malvaceae),Malvaceae,https://mpbd.cu.ac.bd/plants.php?pageno=17,2026-09-22T15:48:11.437093+00:00
Urena SINUATA L.,Urena lobata var. sinuata (L.) Miq. Urena lobata subsp. sinuata (L.) Borss. Waalk.,Malvaceae,https://mpbd.cu.ac.bd/plants.php?pageno=17,2026-09-22T15:48:11.437093+00:00
Uraria PICTA (Jacq.) DC.,Doodia picta Roxb. Hedysarum pictum Jacq. Uraria aphrodisiaca Welw. Uraria linearis Hassk.,Fabaceae,https://mpbd.cu.ac.bd/plants.php?pageno=17,2026-09-22T15:48:11.437093+00:00
Uraria LAGOPODIOIDES (L.) DC.,Doodia lagopodioides Roxb. Hedysarum lagopoides Burm.f. Lespedeza lagopoides Pers. Uraria aequilobata Hosok.,Fabaceae,https://mpbd.cu.ac.bd/plants.php?pageno=17,2026-09-22T15:48:11.437093+00:00
Typhonium TRILOBATUM (L.) Schott.,Arum auriculatum Sims Arum orixense Roxb. ex Andrews Dracunculus trilobatus (L.) Raf. Typhonium siamense Engl.,Araceae,https://mpbd.cu.ac.bd/plants.php?pageno=17,2026-09-22T15:48:11.437093+00:00
Typha ELEPHANTINA Roxb.,Typha elephantina var. schimperi (Rohrb.) Graebn. Typha latifolia subsp. maresii (Batt.) Batt. Typha maresii Batt. Typha schimperi Rohrb.,Typhaceae,https://mpbd.cu.ac.bd/plants.php?pageno=17,2026-09-22T15:48:11.437093+00:00
Tylophora INDICA (Burm.f.) Merr.,Tylophora asthmatica W. & A. Cynanchum indicum Burm.f.,Asclepiadaceae,https://mpbd.cu.ac.bd/plants.php?pageno=17,2026-09-22T15:48:11.437093+00:00
Triumfetta RHOMBOIDEA Jacq.,Triumfetta bartramia L. Triumfetta angulata Lam. Bartramia indica L. Bartramia rhombifolia Stokes Triumfetta glandulosa Lam. Triumfetta trilocularis Roxb.,Tiliaceae,https://mpbd.cu.ac.bd/plants.php?pageno=18,2026-09-22T15:48:12.960155+00:00
Trigonella FOENUM-GRAECUM L.,Foenum-graecum officinale var. tibetanum Alef. Trigonella tibetana (Alef.) Vassilcz.,Fabaceae,https://mpbd.cu.ac.bd/plants.php?pageno=18,2026-09-22T15:48:12.960155+00:00
Tridax PROCUMBENS L.,Balbisia canescens Rich. ex Pers. Balbisia divaricata Cass. Balbisia elongata Willd.,Asteraceae,https://mpbd.cu.ac.bd/plants.php?pageno=18,2026-09-22T15:48:12.960155+00:00
Trichosanthes DIOICA Roxb.,-,Cucurbitaceae.,https://mpbd.cu.ac.bd/plants.php?pageno=18,2026-09-22T15:48:12.960155+00:00
Trichosanthes CUCUMERINA L.,Anguina cucumerina (L.) Kuntze Cucumis anguinus (L.) L. Involucraria anguina (L.) M.Roem. Trichosanthes anguina L.,Cucurbitaceae.,https://mpbd.cu.ac.bd/plants.php?pageno=18,2026-09-22T15:48:12.960155+00:00
Trichosanthes BRACTEATA (Lam.) Voigt.,Trichosanthes tricuspidata Lour. Trichosanthes palmata Roxb. Trichosanthes puber Blume,Cucurbitaceae.,https://mpbd.cu.ac.bd/plants.php?pageno=18,2026-09-22T15:48:12.960155+00:00
Tribulus TERRESTRIS L.,Tribulus lanuginosus L. Tribulus saharae A. Chev. Tribulus terrestris var. sericeus Andersson ex Svenson,Zygophyllaceae,https://mpbd.cu.ac.bd/plants.php?pageno=18,2026-09-22T15:48:12.960155+00:00
Trianthema PORTULACASTRUM L.,Portulacastrum monogynum (L.) Medik. Trianthema flexuosa Schumach. & Thonn. Trianthema monogyna L. Verbesina aquatica Noronha,Aizoaceae,https://mpbd.cu.ac.bd/plants.php?pageno=18,2026-09-22T15:48:12.960155+00:00
Mallotus polycarpus (Benth.) Kulju & Welzen.,Trewia nudiflora L. Trewia polycarpa Benth. Trewia nudiflora var. polycarpa (Benth.) Susila & N.P.Balakr,Euphorbiaceae,https://mpbd.cu.ac.bd/plants.php?pageno=18,2026-09-22T15:48:12.960155+00:00
Trevesia PALMATA (Roxb. ex Lindl.) Vis.,Aralia dubia Spreng. Brassaiopsis papayoides Hand.-Mazz. Gastonia palmata Roxb. ex Lindl. Plerandra jatrophifolia Hance,Araliaceae,https://mpbd.cu.ac.bd/plants.php?pageno=18,2026-09-22T15:48:12.960155+00:00
Trema ORIENTALIS (L.) Bl.,Celtis madagascariensis Bojer Celtis orientalis L. Sponia orientalis (L.) Decne. Trema africana Blume Trema amboinensis Auct non Bl.,Ulmaceae,https://mpbd.cu.ac.bd/plants.php?pageno=19,2026-09-22T15:48:14.490964+00:00
Trapa natans var. bispinosa (Roxb.) Makino,Trapa bspinosa Roxb. T. natans L.,Trapaceae,https://mpbd.cu.ac.bd/plants.php?pageno=19,2026-09-22T15:48:14.490964+00:00
Tragia INVOLUCRATA L.,Croton urens L. Tragia involucrata var. rheediana Müll.Arg.,Euphorbiaceae,https://mpbd.cu.ac.bd/plants.php?pageno=19,2026-09-22T15:48:14.490964+00:00
Torenia ASIATICA L.,Torenia glabra Osbeck.,Scrophulariaceae,https://mpbd.cu.ac.bd/plants.php?pageno=19,2026-09-22T15:48:14.490964+00:00
Toona CILIATA J. Roem.,Cedrela toona Roxb. Cedrela microcarpa C.DC. Cedrela serrulata Miq. Toona microcarpa (C.DC.) Harms Toona mollis (Hand.-Mazz.) A. Chev.,Meliaceae,https://mpbd.cu.ac.bd/plants.php?pageno=19,2026-09-22T15:48:14.490964+00:00
Toddalia ASIATICA (L.) Lam.,Toddalia aculeata Pers. Cranzia asiatica (L.) Kuntze Paullinia asiatica L. Toddalia angustifolia Lam.,Rutaceae,https://mpbd.cu.ac.bd/plants.php?pageno=19,2026-09-22T15:48:14.490964+00:00
Tinospora CRISPA Miers.,Menispermum crispum L. Tinospora gibbericaulis Hand.-Mazz. Tinospora mastersii Diels Tinospora thorelii Gagnep.,Menispermaceae,https://mpbd.cu.ac.bd/plants.php?pageno=19,2026-09-22T15:48:14.490964+00:00
Tinospora sinensis (Lour.) Merr.,Tinospora cordifolia (Willd.) Miers Menispermum cordifolium Willd. Menispermum malabaricum Lam. Tinospora tomentosa (Colebr.) Hook. f. & Thomson.,Menispermaceae,https://mpbd.cu.ac.bd/plants.php?pageno=19,2026-09-22T15:48:14.490964+00:00
Tiliacora racemosa Colebr.,Tiliacora acuminata Miers Menispermum acuminatum Lamk.,Menispermaceae,https://mpbd.cu.ac.bd/plants.php?pageno=19,2026-09-22T15:48:14.490964+00:00
Thunbergia GRANDIFLORA (Roxb. ex Rottl.) Roxb.,Flemingia grandiflora Roxb. ex Rottl. Pleuremidis grandiflora (Roxb. ex Rottl.) Raf. Thunbergia chinensis Merr. Thunbergia cordifolia Nees.,Acanthaceae,https://mpbd.cu.ac.bd/plants.php?pageno=19,2026-09-22T15:48:14.490964+00:00
Cascabela thevetia (L.) Lippold.,Thevetia peruviana (Pers.) K.Schum. Cascabela peruviana (Pers.) Raf. Cerbera thevetia L. Thevetia linearis A. DC. Thevetia neriifolia Juss. ex A.DC.,Apocynaceae,https://mpbd.cu.ac.bd/plants.php?pageno=20,2026-09-22T15:48:16.024127+00:00
Thespesia POPULNEA (L.) Sol. ex Corr.,Abelmoschus acuminatus (Alef.) Müll.Berol Bupariti populnea (L.) Rothm. Hibiscus blumei Kuntze Malvaviscus populneus (L.) Gaertn. Thespesia macrophylla Blume.,Malvaceae,https://mpbd.cu.ac.bd/plants.php?pageno=20,2026-09-22T15:48:16.024127+00:00
Terminalia CITRINA Flaming.,Terminalia manii King.,Combretaceae,https://mpbd.cu.ac.bd/plants.php?pageno=20,2026-09-22T15:48:16.024127+00:00
Terminalia CHEBULA Retz.,Buceras chebula (Retz.) Lyons Myrobalanus gangetica (Roxb.) Kostel. Terminalia acuta Walp. Terminalia reticulata Roth.,Combretaceae,https://mpbd.cu.ac.bd/plants.php?pageno=20,2026-09-22T15:48:16.024127+00:00
Terminalia CATAPPA L.,Badamia commersonii Gaertn. Juglans catappa (L.) Lour. Terminalia badamia sensu Tul. Terminalia myrobalana Roth.,Combretaceae,https://mpbd.cu.ac.bd/plants.php?pageno=20,2026-09-22T15:48:16.024127+00:00
Terminalia BILLIRICA (Gaertn.)Roxb.,Myrobalanus laurinoides (Teijsm. & Binn.) Kuntze Terminalia bellirica var. laurinoides (Teijsm. & Binn.) C.B. Clarke,Combretaceae,https://mpbd.cu.ac.bd/plants.php?pageno=20,2026-09-22T15:48:16.024127+00:00
Terminalia ARJUNA (Roxb. ex DC.) Wight & Arn.,Pentaptera arjuna Roxb. ex DC.,Combretaceae,https://mpbd.cu.ac.bd/plants.php?pageno=20,2026-09-22T15:48:16.024127+00:00
Tephrosia PURPUREA (L.) Pers.,Cracca purpurea L. Cracca purpurea L. Galega diffusa Roxb. Tephrosia diffusa (Roxb.) Wight & Arn.,Fabaceae,https://mpbd.cu.ac.bd/plants.php?pageno=20,2026-09-22T15:48:16.024127+00:00
Tectona grandis L.f.,Jatus grandis (L.f.) Kuntze Tectona theca Lour. Theka grandis (L.f.) Lam.,Verbenaceae,https://mpbd.cu.ac.bd/plants.php?pageno=20,2026-09-22T15:48:16.024127+00:00
Tamarix INDICA Willd.,Tamarix gallica Dyer. (non L.) Tamarix bengalensis B.R. Baum Tamarix epacroides Sm. Tamarix gallica var. indica (Willd.) Ehrenb. Tamarix troupii Hole,Tamaricaceae,https://mpbd.cu.ac.bd/plants.php?pageno=20,2026-09-22T15:48:16.024127+00:00
Tamarix DIOICA Roxb. ex Roth.,Tamarix gallica Wight.,Tamaricaeae,https://mpbd.cu.ac.bd/plants.php?pageno=21,2026-09-22T15:53:31.367783+00:00
Tamarindus INDICA L.,Tamarindus occidentalis Gaertn. Tamarindus officinalis Hook. Tamarindus umbrosa Salisb.,Caesalpiniaceae,https://mpbd.cu.ac.bd/plants.php?pageno=21,2026-09-22T15:53:31.367783+00:00
Tagetes ERECTA L.,Tagetes corymbosa Sweet Tagetes heterocarpha Rydb. Tagetes patula L. Tagetes tenuifolia Millsp.,Asteraceae,https://mpbd.cu.ac.bd/plants.php?pageno=21,2026-09-22T15:53:31.367783+00:00
Tacca INTEGRIFOLIA Ker.-Gawl.,Ataccia aspera (Roxb.) Kunth Ataccia cristata (Jack) Kunth Tacca aspera Roxb. Tacca cristata Jack,Taccaceae,https://mpbd.cu.ac.bd/plants.php?pageno=21,2026-09-22T15:53:31.367783+00:00
Tabernaemontana DIVARICATA (L.) R.Br. ex Roem. & Schult.,Ervatamia divaricata (L.) Burkill Jasminum zeylanicum Burm.f. Nerium coronarium Jacq. Reichardia jasminoides Dennst.,Apocynaceae,https://mpbd.cu.ac.bd/plants.php?pageno=21,2026-09-22T15:53:31.367783+00:00
Syzygium nervosum A.Cunn. ex DC.,Syzygium operculatum (Roxb.) Niedz. Calyptranthes mangiferifolia Hance ex Walp. Eugenia cerasoides Roxb. Jambosa nitida Korth. Eugenia operculatum Roxb.,Myrtaceae,https://mpbd.cu.ac.bd/plants.php?pageno=21,2026-09-22T15:53:31.367783+00:00
Syzygium JAMBOS (L.) Alston.,Eugenia jambos L. Jambosa palembanica Blume Myrtus jambos (L.) Kunth Plinia jambos (L.) M.Gómez,Myrtaceae,https://mpbd.cu.ac.bd/plants.php?pageno=21,2026-09-22T15:53:31.367783+00:00
Syzygium FRUTICOSUM DC.,Eugenia fruticosa (DC.) Roxb.,Myrtaceae,https://mpbd.cu.ac.bd/plants.php?pageno=21,2026-09-22T15:53:31.367783+00:00
Syzygium CUMINI (L.) Skeel.,Eugenia cumini L. Calyptranthes cumini (L.) Pers. Eugenia jambolana Lam. Jambolifera chinensis Spreng. Myrtus cumini L.,Myrtaceae,https://mpbd.cu.ac.bd/plants.php?pageno=21,2026-09-22T15:53:31.367783+00:00
Symplocos RACEMOSA Roxb.,Symplocos intermedia Brand Symplocos macrostachya Brand Symplocos propinqua Hance,Symplocaceae,https://mpbd.cu.ac.bd/plants.php?pageno=21,2026-09-22T15:53:31.367783+00:00
Suregada MULTIFLORA (A. Juss.) Baill.,Gelonium multiflorum Juss. Gelonium fascuculatum Roxb. Gelonium oxyphyllum Miq. Suregada glabra Roxb. Suregada tenuifolia (Ridl.) Croizat,Euphorbiaceae,https://mpbd.cu.ac.bd/plants.php?pageno=22,2026-09-22T16:26:46.895950+00:00
Strychnos NUX-VOMICA L.,Strychnos nux-vomica var. oligosperma Dop Strychnos spireana Dop,Loganiaceae,https://mpbd.cu.ac.bd/plants.php?pageno=22,2026-09-22T16:26:46.895950+00:00
Strobilanthes AURICULATUS Nees.,Perilepta auriculata (Nees) Bremek. Perilepta siamensis (C.B. Clarke) Bremek. Strobilanthes edgeworthiana Nees Strobilanthes siamensis C.B. Clarke,Acanthaceae,https://mpbd.cu.ac.bd/plants.php?pageno=22,2026-09-22T16:26:46.895950+00:00
Striga asiatica (L.) Kuntze.,Striga lutea Lour. Striga hirsuta var. humilis Benth. Striga asiatica var. humilis (Benth.) D.Y. Hong,Scrophulariaceae,https://mpbd.cu.ac.bd/plants.php?pageno=22,2026-09-22T16:26:46.895950+00:00
Streblus ASPER Lour.,-,Moraceae,https://mpbd.cu.ac.bd/plants.php?pageno=22,2026-09-22T16:26:46.895950+00:00
Stereospermum chelonoides (L.f.) DC.,Stereosermum suaveolens A. DC. Bignonia chelonoides L.f. Bignonia suaveolens Roxb. Tecoma suaveolens (Roxb.) G.Don,Bignoniaceae,https://mpbd.cu.ac.bd/plants.php?pageno=22,2026-09-22T16:26:46.895950+00:00
Stereospermum tetragonum DC.,Stereospermum personatum (Hassk.) Chatt. Bignonia caudata DC. Dipterosperma personatum Hassk. Stereospermum hasskarlii Zoll. & Moritzi,Bignoniaceae,https://mpbd.cu.ac.bd/plants.php?pageno=22,2026-09-22T16:26:46.895950+00:00
Sterculia VILLOSA Roxb.,Sterculia armata Mast. Sterculia lantsangensis Hu Sterculia ornata Wall. ex Kurz,Sterculiaceae,https://mpbd.cu.ac.bd/plants.php?pageno=22,2026-09-22T16:26:46.895950+00:00
Sterculia FOETIDA L.,Clompanus foetida (L.) Kuntze Sterculia mexicana var. guianensis Sagot,Sterculiaceae,https://mpbd.cu.ac.bd/plants.php?pageno=22,2026-09-22T16:26:46.895950+00:00
Stephania JAPONICA (Thunb.) Miers.,Stephania hernandifolia Walp. Menispermum japonicum Thunb. Stephania japonica var. japonica,Menispermaceae,https://mpbd.cu.ac.bd/plants.php?pageno=22,2026-09-22T16:26:46.895950+00:00
Stephania GLABRA (Roxb.) Miers.,-,Menispermaceae,https://mpbd.cu.ac.bd/plants.php?pageno=23,2026-09-22T16:26:48.427157+00:00
Stachytarpheta INDICA Vahl.,Stachytarpheta angustifolia (Mill.) Vahl Verbena indica L. Verbena angustifolia Mill. Zappania angustifolia (Mill.) Poir.,Verbenaceae,https://mpbd.cu.ac.bd/plants.php?pageno=23,2026-09-22T16:26:48.427157+00:00
Spondias PINNATA (L.f.) Kurz.,Mangifera pinnata L. f. Poupartia pinnata (L. f.) Blanco Spondias acuminata Roxb. Tetrastigma megalocarpum W.T. Wang,Anacardiaceae,https://mpbd.cu.ac.bd/plants.php?pageno=23,2026-09-22T16:26:48.427157+00:00
Spinacia OLERACEA L.,Spinacia glabra Mill. Spinacia inermis Moench Spinacia spinosa Moench,Chenopodiaceae,https://mpbd.cu.ac.bd/plants.php?pageno=23,2026-09-22T16:26:48.427157+00:00
Acmella paniculata (Wall. ex DC.) R.K.Jansen.,Spilanthes calva DC. Spilanthes grandifolia Miq. Spilanthes paniculata Wall. ex DC. Spilanthes rugosa Blume ex DC.,Asteraceae,https://mpbd.cu.ac.bd/plants.php?pageno=23,2026-09-22T16:26:48.427157+00:00
Sphaeranthus INDICUS L.,Sphaeranthus hirtus Willd. Sphaeranthus mollis Roxb. Sphaeranthus mollis Roxb. ex DC.,Asteraceae,https://mpbd.cu.ac.bd/plants.php?pageno=23,2026-09-22T16:26:48.427157+00:00
Sonneratia CASEOLARIS (L.) Engl.,Blatti acida (L. f.) Lam. Rhizophora caseolaris L. Sonneratia acida L. f. Sonneratia neglecta Blume.,Sonneratiaceae,https://mpbd.cu.ac.bd/plants.php?pageno=23,2026-09-22T16:26:48.427157+00:00
Sonchus WIGHTIANUS DC.,Sonchus arvensis L. Sonchus orixensis Roxb. Sonchus picris H.Lév. & Vaniot,Asteraceae,https://mpbd.cu.ac.bd/plants.php?pageno=23,2026-09-22T16:26:48.427157+00:00
Solanum VIRGINIANUM L.,Solanum surattense Burm.f. Solanum mairei H. Lév. Solanum xanthocarpum Schrad. & H. Wendl.,Solanacee,https://mpbd.cu.ac.bd/plants.php?pageno=23,2026-09-22T16:26:48.427157+00:00
Solanum VIOLACEUM Ortega,Solanum indicum L. Solanum chinense Dunal Solanum nivalomontanum C.Y. Wu & S.C. Huang,Solanaceae,https://mpbd.cu.ac.bd/plants.php?pageno=23,2026-09-22T16:26:48.427157+00:00
Solanum TORVUM Swartz.,Solanum filicifolium sensu Abeywick Solanum ficifolium Ortega Solanum mayanum Lundell,Solanceae,https://mpbd.cu.ac.bd/plants.php?pageno=24,2026-09-22T16:26:49.955695+00:00
Solanum SISYMBRIFOLIUM Lamk.,Solanum sisymbriifolium f. lilacinum Kuntze,Solanceae,https://mpbd.cu.ac.bd/plants.php?pageno=24,2026-09-22T16:26:49.955695+00:00
Solanum americanum Mill.,Solanum nigrum L. Solanum adventitium Polgar Solanum caribaeum Dunal Solanum parviflorum Badarò Solanum purpuratum Bitter,Solanaceae,https://mpbd.cu.ac.bd/plants.php?pageno=24,2026-09-22T16:26:49.955695+00:00
Solanum MELONGENA L.,Solanum esculentum Dunal Solanum insanum L.,Solanaceae,https://mpbd.cu.ac.bd/plants.php?pageno=24,2026-09-22T16:26:49.955695+00:00
Solanum ERIANTHUM D. Don.,Solanum verbascifolium L. Solanum adulterinum Buch.-Ham. ex Wall.,Solanaceae,https://mpbd.cu.ac.bd/plants.php?pageno=24,2026-09-22T16:26:49.955695+00:00
Smilax ZEYLANICA L.,S. macrophylla Roxb.,Smilacaceae,https://mpbd.cu.ac.bd/plants.php?pageno=24,2026-09-22T16:26:49.955695+00:00
Smilax PERFOLIATA Lour.,S. prolifera Wall. ex Roxb.,Smilacaceae,https://mpbd.cu.ac.bd/plants.php?pageno=24,2026-09-22T16:26:49.955695+00:00
Smilax GLABRA Roxb.,-,Smilacaceae,https://mpbd.cu.ac.bd/plants.php?pageno=24,2026-09-22T16:26:49.955695+00:00
Sida ORIENTALIS Cav.,S. rhombifolia L.,Malvaceae,https://mpbd.cu.ac.bd/plants.php?pageno=24,2026-09-22T16:26:49.955695+00:00
Sida CORDIFOLIA L.,-,Malvaceae,https://mpbd.cu.ac.bd/plants.php?pageno=24,2026-09-22T16:26:49.955695+00:00
Sida CORDATA (Burm. f. ) Borssum.,S. veronicaefolia Lamk.,Malvaceae,https://mpbd.cu.ac.bd/plants.php?pageno=25,2026-09-22T16:26:51.482019+00:00
Sida ACUTA Burm. f.,-,Malvaceae,https://mpbd.cu.ac.bd/plants.php?pageno=25,2026-09-22T16:26:51.482019+00:00
Shorea ROBUSTA Gaertn.,-,Dipterocarpaceae,https://mpbd.cu.ac.bd/plants.php?pageno=25,2026-09-22T16:26:51.482019+00:00
Setaria ITALICA (L.) Beauv.,-,Poaceae,https://mpbd.cu.ac.bd/plants.php?pageno=25,2026-09-22T16:26:51.482019+00:00
Seseli DIFFUSUM (Roxb.ex Sm.)Sant. & Wagh.,S. indicum W & A.,Apiaceae,https://mpbd.cu.ac.bd/plants.php?pageno=25,2026-09-22T16:26:51.482019+00:00
Sesbania SESBAN (L.) Merr.,S. aegyptiaca Pers.,Fabaceae,https://mpbd.cu.ac.bd/plants.php?pageno=25,2026-09-22T16:26:51.482019+00:00
Sesbania GRANDIFLORA Pers.,-,Fabaceae,https://mpbd.cu.ac.bd/plants.php?pageno=25,2026-09-22T16:26:51.482019+00:00
Sesbania ACULEATA Pers.,-,Fabaceae,https://mpbd.cu.ac.bd/plants.php?pageno=25,2026-09-22T16:26:51.482019+00:00
Sesamum INDICUM L.,S. orientale L.,Pedaliaceae,https://mpbd.cu.ac.bd/plants.php?pageno=25,2026-09-22T16:26:51.482019+00:00
Semecarpus ANACARDIUM L.f.,-,Anacardiaceae,https://mpbd.cu.ac.bd/plants.php?pageno=25,2026-09-22T16:26:51.482019+00:00
Scoparia DULCIS L.,-,Scrophulariaceae,https://mpbd.cu.ac.bd/plants.php?pageno=26,2026-09-22T16:26:53.011380+00:00
Scindapsus OFFICINALIS (Roxb.) Schott.,Pothos officinalis Roxb.,Araceae,https://mpbd.cu.ac.bd/plants.php?pageno=26,2026-09-22T16:26:53.011380+00:00
Schoenoplectus ARTICULATUS (L.) Palla,Scirpus articulatus L.,Cyperaceae,https://mpbd.cu.ac.bd/plants.php?pageno=26,2026-09-22T16:26:53.011380+00:00
Schoenoplectus GROSSUS (L.f.) Palla.,Scirpus grossus L.f. S. kysoor Roxb.,Cyperaceae,https://mpbd.cu.ac.bd/plants.php?pageno=26,2026-09-22T16:26:53.011380+00:00
Schleichera OLEOSA (Lour.) Oken,-,Sapindaceae,https://mpbd.cu.ac.bd/plants.php?pageno=26,2026-09-22T16:26:53.011380+00:00
Scaphium WALLICHII Schott. & Endl.,Sterculia scaphigera Wall.,Sterculiaceae,https://mpbd.cu.ac.bd/plants.php?pageno=26,2026-09-22T16:26:53.011380+00:00
Saussurea AFFINIS Spreng.,-,Asteraceae,https://mpbd.cu.ac.bd/plants.php?pageno=26,2026-09-22T16:26:53.011380+00:00
Sarcochlamys PULCHERRIMA Gaud.,-,Articaceae,https://mpbd.cu.ac.bd/plants.php?pageno=26,2026-09-22T16:26:53.011380+00:00
Saraca ASOCA (Roxb.) De Wilde.,Saraca indica non L. sensu Baker,Fabaceae,https://mpbd.cu.ac.bd/plants.php?pageno=26,2026-09-22T16:26:53.011380+00:00
Sapindus MUKOROSSI Gaertn.,-,Sapindaceae,https://mpbd.cu.ac.bd/plants.php?pageno=26,2026-09-22T16:26:53.011380+00:00
Sansevieria ROXBURGHIANA Schult.,-,Amaryllidaceae,https://mpbd.cu.ac.bd/plants.php?pageno=27,2026-09-22T16:26:54.538262+00:00
Sambucas JAVANICA Reinw. ex Blume.,S. hookeri Rehder.,Caprifoliaceae,https://mpbd.cu.ac.bd/plants.php?pageno=27,2026-09-22T16:26:54.538262+00:00
Salvia PLEBEIA R. Br.,-,Lamiaceae,https://mpbd.cu.ac.bd/plants.php?pageno=27,2026-09-22T16:26:54.538262+00:00
Salix TETRASPERMA Roxb.,-,Salicaceae,https://mpbd.cu.ac.bd/plants.php?pageno=27,2026-09-22T16:26:54.538262+00:00
Sagittaria SAGITTIFOLIA L.,-,Alismataceae,https://mpbd.cu.ac.bd/plants.php?pageno=27,2026-09-22T16:26:54.538262+00:00
Saccharum SPONTANEUM L.,-,Poaceae,https://mpbd.cu.ac.bd/plants.php?pageno=27,2026-09-22T16:26:54.538262+00:00
Saccharum OFFICINARUM L.,-,Poaceae,https://mpbd.cu.ac.bd/plants.php?pageno=27,2026-09-22T16:26:54.538262+00:00
Saccharum ARUNDINACEUM Rets.,S. procerum Roxb.,Poaceae,https://mpbd.cu.ac.bd/plants.php?pageno=27,2026-09-22T16:26:54.538262+00:00
Rungia PECTINATA (L.) Nees.,Dianthera parviflora Roxb. ex Nees Dicliptera pectinata (L.) Juss. Justicia pectinata L. Rungia parviflora Nees,Acanthaceae,https://mpbd.cu.ac.bd/plants.php?pageno=27,2026-09-22T16:26:54.538262+00:00
Rumex VESICARIUS L.,Acetosa vesicaria (L.) Á.Löve,Polygonaceae,https://mpbd.cu.ac.bd/plants.php?pageno=27,2026-09-22T16:26:54.538262+00:00
rumex MARITIMUS L,Lapathum minus Lam. Rumex aureus Mill. Rumex fueginus Phil. Rumex longisetus A.I. Baranov & Skvortsov,Polygonaceae,https://mpbd.cu.ac.bd/plants.php?pageno=28,2026-09-22T16:26:56.067829+00:00
Ruellia SUFFRUTICOSA Roxb.,Dipteracanthus sibua Nees Dipteracanthus suffruticosus Voigt,Acanthaceae,https://mpbd.cu.ac.bd/plants.php?pageno=28,2026-09-22T16:26:56.067829+00:00
Rourea COMMUTATA Planch.,-,Connaraceae,https://mpbd.cu.ac.bd/plants.php?pageno=28,2026-09-22T16:26:56.067829+00:00
Ricinus COMMUNIS L.,Croton spinosus L. Ricinus angulatus Thunb. Ricinus badius Rchb. Ricinus cambodgensis Benary,Euphorbiaceae,https://mpbd.cu.ac.bd/plants.php?pageno=28,2026-09-22T16:26:56.067829+00:00
RHYNCHOTECHUM ELLIPTICUM (Wall. ex D. Dietr.) A. DC.,Corysanthera elliptica Wall. ex D. Dietr. Rhynchotechum latifolium Hook. f. & Thomson ex C.B. Clarke Rhynchotechum obovatum (Griff.) B.L. Burtt (Gesneriaceae),-,https://mpbd.cu.ac.bd/plants.php?pageno=28,2026-09-22T16:26:56.067829+00:00
rhizophora MUCRONATA Lam.,Mangium candelarium Rumphius Rhizophora candelaria Wight & Arn. Rhizophora longissima Blanco Rhizophora macrorrhiza Griff. Rhizophora mucronata Poir.,Rhizophoraceae,https://mpbd.cu.ac.bd/plants.php?pageno=28,2026-09-22T16:26:56.067829+00:00
Rhinacanthus NASUTA (L.) Kurz.,Dianthera paniculata Lour. Ecbolium dichotomum (Blume) Kuntze Justicia nasuta L. Rhinacanthus comimunis Nees (Acanthaceae),Acanthaceae,https://mpbd.cu.ac.bd/plants.php?pageno=28,2026-09-22T16:26:56.067829+00:00
Reinwardtia indica Dumort.,Kittelocharis trigyna (Rchb.) Alef. Linum repens Buch.-Ham. ex D. Don Macrolinum trigynum Rchb. Reinwardtia trigyna Planch. Reinwardtia indica Dum.,Linaceae,https://mpbd.cu.ac.bd/plants.php?pageno=28,2026-09-22T16:26:56.067829+00:00
Rauvolfia TETRAPHYLLA L.,Rauvolfia canescens L. Rauvolfia hirsuta Jacq. Rauvolfia subpubescens L. Rauvolfia tomentosa Jacq.,Apocynaceae,https://mpbd.cu.ac.bd/plants.php?pageno=28,2026-09-22T16:26:56.067829+00:00
Rauvolfia SERPENTINA (L.) Benth. ex Kurz.,Ophioxylon serpentinum L. Ophioxylon trifoliatum Gaertn. Rauvolfia obversa (Miq.) Baill. Rauvolfia trifoliata (Gaertn.) Baill.,Apocynaceae,https://mpbd.cu.ac.bd/plants.php?pageno=28,2026-09-22T16:26:56.067829+00:00
Ranunculus SCELERATUS L.,Adonis palustris Raeusch. Batrachium sceleratum (L.) Th.Fr. ex A.Pihl Hecatonia scelerata Fourr. Ranunculus indicus Roxb.,Ranunculaceae,https://mpbd.cu.ac.bd/plants.php?pageno=29,2026-09-22T16:26:57.591786+00:00
Oxyceros longiflorus (Lam.) T.Yamaz.,Randia longiflora Lam Cupia scandens (Roxb.) DC. Griffithia palembanica Miq. Pseudixora javanica Miq. Webera scandens Roxb.,Rubiaceae,https://mpbd.cu.ac.bd/plants.php?pageno=29,2026-09-22T16:26:57.591786+00:00
aidia DENSIFLORA (Wall.) Masam.,Randia densiflora (Wall.) Benth. Cupia oppositifolia (Roxb.) DC. Gynopachis oblongata Miq. Stylocoryna oppositifolia (Roxb.) Steud.,Rubiaceae,https://mpbd.cu.ac.bd/plants.php?pageno=29,2026-09-22T16:26:57.591786+00:00
Combretum indicum (L.) De Filipps.,Quisqualis indica L. Kleinia quadricolor Crantz Mekistus sinensis Lour. ex Gomes Mach. Quisqualis spinosa Blanco,Combretaceae,https://mpbd.cu.ac.bd/plants.php?pageno=29,2026-09-22T16:26:57.591786+00:00
Punica GRANATUM L.,Punica nana L.,Punicaeae,https://mpbd.cu.ac.bd/plants.php?pageno=29,2026-09-22T16:26:57.591786+00:00
Pueraria TUBEROSA (Willd.) DC.,Hedysarum tuberosum Willd.,Fabaceae,https://mpbd.cu.ac.bd/plants.php?pageno=29,2026-09-22T16:26:57.591786+00:00
Pterygota ALATA (Roxb.) R. Br.,Sterculia alata Roxb. Clompanus alata (Roxb.) Kuntze.,Sterculiaceae,https://mpbd.cu.ac.bd/plants.php?pageno=29,2026-09-22T16:26:57.591786+00:00
Pterospermum ACERIFOLIUM (L.) Willd.,Cavanilla acerifolia (L.) J.F.Gmel. Dombeya acerifolia (L.) Gaertn. Pentapetes acerifolia L. Pterospermadendron acerifolium (L.) Kuntze,Sterculiaceae,https://mpbd.cu.ac.bd/plants.php?pageno=29,2026-09-22T16:26:57.591786+00:00
Psidium GUAJAVA L.,Guajava pumila (Vahl) Kuntze Myrtus guajava (L.) Kuntze Psidium angustifolium Lam. Syzygium ellipticum K.Schum. & Lauterb.,Myrtaceae,https://mpbd.cu.ac.bd/plants.php?pageno=29,2026-09-22T16:26:57.591786+00:00
Premna CORYMBOSA Rottler & Willd.,Gumira corymbosa (Rottler & Willd.) Kuntze Premna scandens Bojer,Verbenaceae,https://mpbd.cu.ac.bd/plants.php?pageno=29,2026-09-22T16:26:57.591786+00:00
Premna ESCULENTA Roxb.,Gumira esculenta (Roxb.) Kuntze,Verbenaceae,https://mpbd.cu.ac.bd/plants.php?pageno=30,2026-09-22T16:26:59.118153+00:00
Pouzolzia ZEYLANICA (L.) Benn.,Boehmeria alienata Willd. Parietaria indica L. Parietaria zeylanica L. Urtica glomerata Klein ex Willd.,Urticaeae,https://mpbd.cu.ac.bd/plants.php?pageno=30,2026-09-22T16:26:59.118153+00:00
Pothos SCANDENS L.,Batis hermaphrodita Blanco Podospadix angustifolia Raf. Pothos decipiens Schott Tapanava indica Raf.,Araceae,https://mpbd.cu.ac.bd/plants.php?pageno=30,2026-09-22T16:26:59.118153+00:00
Portulaca OLERACEA L.,Portulaca consanguinea Schltdl. Portulaca latifolia Hornem. Portulaca officinarum Crantz Portulaca parvifolia Haw.,Portulacaceae,https://mpbd.cu.ac.bd/plants.php?pageno=30,2026-09-22T16:26:59.118153+00:00
polygonum PLEBEIUM R. Br.,Avicularia indica Didr. Polygonum dryandri Spreng. Polygonum herniarioides Spreng. Polygonum roxburghii Meisn.,Polygonaceae,https://mpbd.cu.ac.bd/plants.php?pageno=30,2026-09-22T16:26:59.118153+00:00
Polygala ARVENSIS Willd,Polygala chinesis L. Polygala telephioides Willd. Polygala brachystachya DC.,Polygalaceae,https://mpbd.cu.ac.bd/plants.php?pageno=30,2026-09-22T16:26:59.118153+00:00
Polyalthia LONGIFOLIA (Sonn.) Thw.,Unona longifolia (Sonn.) Dunal Uvaria longifolia Sonn. Guatteria longifolia (Sonn.) Wall.,Annonaceae,https://mpbd.cu.ac.bd/plants.php?pageno=30,2026-09-22T16:26:59.118153+00:00
Polianthes TUBEROSA L.,Agave polianthes Thiede & Eggli Crinum angustifolium Houtt. Polianthes gracilis Link Tuberosa amica Medik.,Amaryllidaceae,https://mpbd.cu.ac.bd/plants.php?pageno=30,2026-09-22T16:26:59.118153+00:00
Pogostemon PUBESCENCE Benth.,Pogostemon parviflorus Benth.,Lamiaceae,https://mpbd.cu.ac.bd/plants.php?pageno=30,2026-09-22T16:26:59.118153+00:00
Pogostemon BENGHALENSE (Burm.f.) Kuntze.,Mentha integra Buch.-Ham. ex Benth. Origanum benghalense Burm.f. Pogostemon indicus (Roth) Kuntze Pogostemon purpuricaulis Dalzell,Lamiaceae,https://mpbd.cu.ac.bd/plants.php?pageno=30,2026-09-22T16:26:59.118153+00:00
Plumeria RUBRA L.,Plumeria acuminata W.T.Aiton Plumeria angustifolia A.DC. Plumeria incarnata Mill. Plumeria jamesonii Hook.,Apocynaceae,https://mpbd.cu.ac.bd/plants.php?pageno=31,2026-09-22T16:27:00.644043+00:00
Plumbago ZEYLANICA L.,Findlaya alba Bowdich Molubda scandens (L.) Raf. Plumbago viscosa Blanco Thela alba Lour.,Plumbaginaceae,https://mpbd.cu.ac.bd/plants.php?pageno=31,2026-09-22T16:27:00.644043+00:00
Plumbago INDICA L.,Plumbago rosea L. Thela coccinea Lour.,Plumbaginaceae,https://mpbd.cu.ac.bd/plants.php?pageno=31,2026-09-22T16:27:00.644043+00:00
Pithecellobium DULCE (Roxb.) Benth.,Inga dulcis (Roxb.) Willd. Albizia dulcis (Roxb.) F.Muell. Inga javanica DC. Mimosa pungens (Willd.) Poir. Pithecellobium littorale Record,Mimosaceae,https://mpbd.cu.ac.bd/plants.php?pageno=31,2026-09-22T16:27:00.644043+00:00
Archidendron clypearia (Jack) I.C.Nielsen.,Pithecellobium angulatum Benth. Abarema angulata (Benth.) Kosterm. Feuilleea subacuta (Benth.) Kuntze Inga falcifolia Hassk.,Mimosaceae,https://mpbd.cu.ac.bd/plants.php?pageno=31,2026-09-22T16:27:00.644043+00:00
Pisum SATIVUM L.,Lathyrus oleraceus Lam. Pisum vulgare Jundz. Pisum arvense L.,Fabaceae,https://mpbd.cu.ac.bd/plants.php?pageno=31,2026-09-22T16:27:00.644043+00:00
Pistia STRATIOTES L.,Apiospermum obcordatum (Schleid.) Klotzsch Limnonesis commutata (Schleid.) Klotzsch Pistia aegyptiaca Schleid. Zala asiatica Lour.,Araceae,https://mpbd.cu.ac.bd/plants.php?pageno=31,2026-09-22T16:27:00.644043+00:00
Piper RETROFRACTUM Vahl.,Piper chaba Hunter Piper officinarum (Miq.) C. DC.,Piperaceae,https://mpbd.cu.ac.bd/plants.php?pageno=31,2026-09-22T16:27:00.644043+00:00
Piper NIGRUM L.,Muldera multinervis Miq.,Piperaceae,https://mpbd.cu.ac.bd/plants.php?pageno=31,2026-09-22T16:27:00.644043+00:00
Piper LONGUM L.,Chavica longa H.Karst. Chavica roxburghii Miq. Chavica sarmentosa Miq.,Piperaceae,https://mpbd.cu.ac.bd/plants.php?pageno=31,2026-09-22T16:27:00.644043+00:00
Piper BETEL L.,Piper betel Blanco,Piperaceae,https://mpbd.cu.ac.bd/plants.php?pageno=32,2026-09-22T16:27:02.172044+00:00
Picrasma JAVANICA Bl.,Picrasma nepalensis Benth.,Simarubaceae,https://mpbd.cu.ac.bd/plants.php?pageno=32,2026-09-22T16:27:02.172044+00:00
Physalis minima L.,Physalis micrantha Link. Physalis angulata var. villosa Bonati Physalis parviflora R. Br.,Solanacee,https://mpbd.cu.ac.bd/plants.php?pageno=32,2026-09-22T16:27:02.172044+00:00
Phyllanthus virgatus G.Forst.,Diasperus minutiflorus (F.Muell. ex Müll.Arg.) Kuntze Macraea oblongifolia Wight Phyllanthus filicaulis Benth. Phyllanthus weinlandii K.Schum.,Euphorbiaceae,https://mpbd.cu.ac.bd/plants.php?pageno=32,2026-09-22T16:27:02.172044+00:00
Phyllanthus URINARIA L.,Diasperus urinaria (L.) Kuntze Phyllanthus alatus Blume Phyllanthus cantoniensis Hornem. Phyllanthus leprocarpus Wight,Euphorbiaceae,https://mpbd.cu.ac.bd/plants.php?pageno=32,2026-09-22T16:27:02.172044+00:00
Phyllanthus RETICULATUS Poir.,Anisonema reticulatum (Poir.) A.Juss. Cicca decandra Blanco Kirganelia multiflora Baill. Melanthesa oblongifolia Oken,Euphorbiaceae,https://mpbd.cu.ac.bd/plants.php?pageno=32,2026-09-22T16:27:02.172044+00:00
Phyllanthus MADERASPATENSIS L.,Diasperus maderaspatensis (L.) Kuntze Phyllanthus arabicus Hochst. ex Steud. Phyllanthus thonningii Schumach. & Thonn. Phyllanthus obcordatus Willd.,Euphorbiaceae,https://mpbd.cu.ac.bd/plants.php?pageno=32,2026-09-22T16:27:02.172044+00:00
. PHYLLANTHUS EMBLICA L. (Euphorbiaceae),Cicca emblica (L.) Kurz Dichelactina nodicaulis Hance Emblica officinalis Gaertn. Phyllanthus mimosifolius Salisb.,Euphorbiaceae,https://mpbd.cu.ac.bd/plants.php?pageno=32,2026-09-22T16:27:02.172044+00:00
Phyllanthus amarus Schumach. & Thonn.,Diasperus nanus (Hook.f.) Kuntze Phyllanthus nanus Hook.f. Phyllanthus scabrellus Webb Phyllanthus swartzii Kostel.,Euphorbiaceae,https://mpbd.cu.ac.bd/plants.php?pageno=32,2026-09-22T16:27:02.172044+00:00
Phyllanthus acidus (L.) Skeels.,Averrhoa acida L. Cicca racemosa Lour. Phyllanthus longifolius Jacq. Tricarium cochinchinense Lour. Cicca disticha L. Phyllanthus distichus Muell-Arg.,Euphorbiaceae,https://mpbd.cu.ac.bd/plants.php?pageno=32,2026-09-22T16:27:02.172044+00:00
Phyla NODIFLORA (L.) Greene.,Blairia nodiflora (L.) Gaertn. Lippia nodiflora (L.) Michx. Phyla chinensis Lour. Verbena fruticosa Mill.,Verbenaceae,https://mpbd.cu.ac.bd/plants.php?pageno=33,2026-09-22T16:27:03.702638+00:00
Phragmites karka (Retz.) Trin. ex Steud.,Arundo karka Retz. Calamagrostis karka (Retz.) J.F.Gmel. Oxyanthe japonica (Steud.) Steud. Trichoon roxburghii (Kunth) W.Wight,Poaceae,https://mpbd.cu.ac.bd/plants.php?pageno=33,2026-09-22T16:27:03.702638+00:00
Phoenix sylvestris (L.) Roxb.,Elate sylvestris L. Elate versicolor Salisb.,Arecaceae,https://mpbd.cu.ac.bd/plants.php?pageno=33,2026-09-22T16:27:03.702638+00:00
Phlogacanthus THYRSIFLORUS Nees.,Justicia thyrsoides Roxb. ex Nees,Acanthaceae,https://mpbd.cu.ac.bd/plants.php?pageno=33,2026-09-22T16:27:03.702638+00:00
Persicaria ORIENTALIS (L.) Spach.,Amblygonum orientale (L.) Nakai Heptarina orientalis (L.) Raf. Lagunea cochinchinensis Lour. Polygonum orientale L.,Polygonaceae,https://mpbd.cu.ac.bd/plants.php?pageno=33,2026-09-22T16:27:03.702638+00:00
Persicaria hydropiper (L.) Delarbre .,Polygonum hydropiper L. Polygonum schinzii J. Schust.,Polygonaceae,https://mpbd.cu.ac.bd/plants.php?pageno=33,2026-09-22T16:27:03.702638+00:00
Persicaria GLABRA (Willd.) Gomez de la Maza,Persicaria densiflora Moldenke Persicaria portoricensis (Bertero ex Endl.) Small Polygonum glabrum Willd. Polygonum portoricense Bertero ex Endl.,Polygonaceae,https://mpbd.cu.ac.bd/plants.php?pageno=33,2026-09-22T16:27:03.702638+00:00
Persicaria BARBATA (L.) Hara,Polygonum barbatum L. Polygonum stagninum Buch.- Ham. Persicaria omerostroma (Ohki) Sasaki Pogalis barbata (L.) Raf. Polygonum barbatum L.,Polygonaceae,https://mpbd.cu.ac.bd/plants.php?pageno=33,2026-09-22T16:27:03.702638+00:00
Pericamphylus GLAUCUS (Lamk.) Merr.,Menispermum glaucum Lam. Pericampylus formosanus Diels Pericampylus omeiensis W.Y. Lien Pericampylus trinervatus Yamam.,Menispermaceae,https://mpbd.cu.ac.bd/plants.php?pageno=33,2026-09-22T16:27:03.702638+00:00
Pergularia DAEMIA (Forssk.) Chiov.,Asclepias daemia Forssk. Asclepias convolvulacea Willd. Daemia angolensis Decne. Pergularia extensa (Jacq.) N.E. Br. Daemia extensa (Jacq.) R. Br.,Asclepiadaceae,https://mpbd.cu.ac.bd/plants.php?pageno=33,2026-09-22T16:27:03.702638+00:00
Peperomia pellucida (L.) Kunth.,Micropiper pellucidum (L.) Miq. Peperomia concinna (Haw.) A. Dietr. Piper pellucidum L. Verhuellia knoblocheriana (Schott) C.DC.,Piperaceae,https://mpbd.cu.ac.bd/plants.php?pageno=34,2026-09-22T16:27:05.231235+00:00
Euphorbia tithymaloides L.,Pedilanthus tithymaloides (L.) Poit Crepidaria myrtifolia (L.) Haw. Euphorbia myrtifolia (L.) Lam. Tithymalus tithymaloides (L.) Croizat,Euphorbiaceae,https://mpbd.cu.ac.bd/plants.php?pageno=34,2026-09-22T16:27:05.231235+00:00
Pavetta INDICA L.,Ixora indica (L.) Baill. Ixora roxburghii Kuntze Pavetta obtusa Pers. Pavetta thomsonii Bremek.,Rubiaceae,https://mpbd.cu.ac.bd/plants.php?pageno=34,2026-09-22T16:27:05.231235+00:00
Passiflora FOETIDA L.,Decaloba obscura (Lindl.) M.Roem. Dysosmia gossypiifolia M.Roem. Granadilla foetida (L.) Gaertn. Passiflora nigelliflora Hook. Tripsilina foetida (L.) Raf.,Passifloraceae,https://mpbd.cu.ac.bd/plants.php?pageno=34,2026-09-22T16:27:05.231235+00:00
Parsonia SPIRALIS Wall.,Heligne rheedei Wight.,Apocynaceae,https://mpbd.cu.ac.bd/plants.php?pageno=34,2026-09-22T16:27:05.231235+00:00
Pandanus odorifer (Forssk.) Kuntze.,Pandanus odoratissimus L. f. Athrodactylis spinosa J.R.Forst. & G.Forst. Bromelia sylvestris Burm.f. Keura odorifera Forssk. Pandanus odoratus Salisb.,Pandanaceae,https://mpbd.cu.ac.bd/plants.php?pageno=34,2026-09-22T16:27:05.231235+00:00
Paederia LANUGINOSA Wall.,Hondbesseion lanuginosum (Wall.) Kuntze Paederia macrocarpa Wall. ex G.Don.,Rubiaceae,https://mpbd.cu.ac.bd/plants.php?pageno=34,2026-09-22T16:27:05.231235+00:00
Paederia FOETIDA L.,Apocynum foetidum Burm.f. Crawfurdia paniculata Griseb. Paederia chinensis Hance Psychotria volubilis Roxb. ex Wight & Arn. Reussia sarmentosa Dennst.,Rubiaceae,https://mpbd.cu.ac.bd/plants.php?pageno=34,2026-09-22T16:27:05.231235+00:00
Oxystelma SECAMONE (L.) Karst.,Oxystelma esculentum R. Br. Periploca secamone L.,Asclepiadaceae,https://mpbd.cu.ac.bd/plants.php?pageno=34,2026-09-22T16:27:05.231235+00:00
Oxalis CORNICULATA L.,Acetosella corniculata (L.) Kuntze Oxalis minima Steud. Xanthoxalis albicans (Kunth) Small,Oxalidaceae,https://mpbd.cu.ac.bd/plants.php?pageno=34,2026-09-22T16:27:05.231235+00:00
Oryza SATIVA L. .,Oryza aristata Blanco Oryza glutinosa Lour. Oryza formosana Masam.& Suzuki,Poaceae,https://mpbd.cu.ac.bd/plants.php?pageno=35,2026-09-22T16:27:06.757528+00:00
Orthosiphon aristatus (Blume) Miq.,Orthosiphon grandiflorus Bold. Clerodendranthus spicatus (Thunb.) C.Y.Wu Orthosiphon spiralis (Lour.) Merr. Trichostema spirale Lour.,Lamiaceae,https://mpbd.cu.ac.bd/plants.php?pageno=35,2026-09-22T16:27:06.757528+00:00
Oroxylum INDICUM (L.) Kurz.,Arthrophyllum ceylanicum Miq. Bignonia indica L. Calosanthes indica (L.) Blume Hippoxylon indica (L.) Raf. Oroxylum flavum Rehder,Bignoniaceae,https://mpbd.cu.ac.bd/plants.php?pageno=35,2026-09-22T16:27:06.757528+00:00
Orobanche AEGYPTIACA Pers.,Kopsia aegyptiaca (Pers.) Caruel Phelipanche aegyptiaca (Pers.) Pomel Phelypaea pedunculata Walp.,Orobanchaceae,https://mpbd.cu.ac.bd/plants.php?pageno=35,2026-09-22T16:27:06.757528+00:00
Opuntia ELATIOR Mill.,Opuntia dillenii (Ker.- Gawl.) Haw. Cactus elatior (Mill.) Willd. Opuntia bergeriana F.A.C.Weber ex A.Berger Opuntia megalantha Griffiths Opuntia nigricans (Haw.) Haw.,Cactaceae,https://mpbd.cu.ac.bd/plants.php?pageno=35,2026-09-22T16:27:06.757528+00:00
Ophiorrhiza rugosa VAR. PROSTRATA (D.Don) Deb & Mondal.,Ophiorrhiza harrisiana B.Heyne ex Hook.f. Ophiorrhiza harrisonii G.Don Ophiorrhiza prostrata D.Don Virecta prostrata Buch.-Ham. ex D.Don,Rubiaceae,https://mpbd.cu.ac.bd/plants.php?pageno=35,2026-09-22T16:27:06.757528+00:00
Operculina TURPETHUM (L.) Silva.- Manso.,Argyreia alulata Miq. Convolvulus turpethum L. Ipomoea turpethum (L.) R. Br. Merremia turpethum (L.) Rendle Spiranthera turpethum (L.) Bojer,Convolvulaceae,https://mpbd.cu.ac.bd/plants.php?pageno=35,2026-09-22T16:27:06.757528+00:00
Ocimum tenuiflorum L.,Ocimum sanctum L Geniosporum tenuiflorum (L.) Merr. Ocimum hirsutum Benth. Plectranthus monachorum (L.) Spreng.,Lamiaceae,https://mpbd.cu.ac.bd/plants.php?pageno=35,2026-09-22T16:27:06.757528+00:00
Ocium GRATISSIMUM L.,Geniosporum discolor Baker Ocimum arborescens Bojer ex Benth. Ocimum sericeum Medik. Ocimum trichodon Baker ex Gürke,Lamiaceae,https://mpbd.cu.ac.bd/plants.php?pageno=35,2026-09-22T16:27:06.757528+00:00
Ocimum BASILICUM L.,Ocimum basilicum L. var. Purpuresence Benth,Lamiaceae,https://mpbd.cu.ac.bd/plants.php?pageno=35,2026-09-22T16:27:06.757528+00:00
Ocimum AMERICANUM L.,Ocimum album Roxb. Ocimum brachiatum Blume Ocimum fruticulosum Burch. Ocimum hispidulum Schumach. & Thonn.,Lamiaceae,https://mpbd.cu.ac.bd/plants.php?pageno=36,2026-09-22T16:27:08.303887+00:00
discladium SQUARROSUM (L.) Tiegh.,Ochna squarrosa L.,Ochnaceae,https://mpbd.cu.ac.bd/plants.php?pageno=36,2026-09-22T16:27:08.303887+00:00
Nymphoides HYDROPHYLLA (Lour.) Kuntze.,Limnanthemum hydrophyllum (Lour.) Griseb. Menyanthes hydrophyllum Lour. Villarsia hydrophyllum (Lour.) Roem. & Schult.,Menyanthaceae,https://mpbd.cu.ac.bd/plants.php?pageno=36,2026-09-22T16:27:08.303887+00:00
Nymphaea nouchali Burm. f.,Nymphaea stellata Willd.,Nymphaeaceae,https://mpbd.cu.ac.bd/plants.php?pageno=36,2026-09-22T16:27:08.303887+00:00
Nymphaea NOUCHALI Burm. f.,Castalia scutifolia Salisb. Castalia stellata (Willd.) Blume Leuconymphaea stellata (Willd.) Kuntze. Nymphaea madagascariensis DC.,Nymphaeaceae,https://mpbd.cu.ac.bd/plants.php?pageno=36,2026-09-22T16:27:08.303887+00:00
Nyctanthes ARBOR-TRISTIS L.,Bruschia macrocarpa Bertol. Nyctanthes dentata Blume Parilium arbor-tristis (L.) Gaertn. Scabrita triflora L.,Oleaceae,https://mpbd.cu.ac.bd/plants.php?pageno=36,2026-09-22T16:27:08.303887+00:00
Nipa FRUTICANS Wurmb.,Cocos nypa Lour. Nipa arborescens Wurmb ex H.Wendl. Nipa fruticans (Wurmb) Thunb.,Arecaceae,https://mpbd.cu.ac.bd/plants.php?pageno=36,2026-09-22T16:27:08.303887+00:00
Nigella SATIVA L,Nigella cretica Mill.,Ranunculaceae,https://mpbd.cu.ac.bd/plants.php?pageno=36,2026-09-22T16:27:08.303887+00:00
Nicotiana TABACUM L.,Nicotiana chinensis Fisch. ex Lehm. Nicotiana latissima Mill. Nicotiana mexicana Schltdl. Nicotiana pilosa Dunal,Solanaceae,https://mpbd.cu.ac.bd/plants.php?pageno=36,2026-09-22T16:27:08.303887+00:00
Nicotiana RUSTICA L.,Nicotiana pavoni Dunal,Solanaceae,https://mpbd.cu.ac.bd/plants.php?pageno=37,2026-09-22T16:27:09.830892+00:00
Nerium oleander L.,Nerium indicum Mill. Nerion oleandrum St.-Lag. Nerium japonicum Gentil Oleander indica (Mill.) Medik.,Apocynaceae,https://mpbd.cu.ac.bd/plants.php?pageno=37,2026-09-22T16:27:09.830892+00:00
Nelumbo NUCIFERA Gaertn.,Nelumbium nelumbo Druce. Nelumbo caspica (Fisch.) Schipcz. Nymphaea nelumbo L. Nelumbo speciosa Willd. Nelumbo komarovii Grossh.,Nymphaeaceae,https://mpbd.cu.ac.bd/plants.php?pageno=37,2026-09-22T16:27:09.830892+00:00
Neonauclea sessilifolia (Roxb.) Merr.,Nauclea sessilifolia Roxb Adina sessilifolia (Roxb.) Hook.f. ex Brandis Bancalus sericeus (Wall. ex G.Don) Kuntze Nauclea sericea Wall. ex G.Don,Rubiaceae,https://mpbd.cu.ac.bd/plants.php?pageno=37,2026-09-22T16:27:09.830892+00:00
Rorippa indica (L.) Hiern.,Nasturtium indicum (L.) DC. Clandestinaria indica (L.) Spach Rorippa montana (Wall. ex Hook. f. & Thomson) Small Sisymbrium atrovirens Hornem. Sisymbrium indicum L.,Brassicaceae,https://mpbd.cu.ac.bd/plants.php?pageno=37,2026-09-22T16:27:09.830892+00:00
Myrica ESCULENTA Buch.-Ham,M. nagi Thunb. M. integrifolia Roxb. M. sapida Wall.,Myricaeae,https://mpbd.cu.ac.bd/plants.php?pageno=37,2026-09-22T16:27:09.830892+00:00
Mussaenda ROXBURGHII Hook. f.,-,Rubiaceae,https://mpbd.cu.ac.bd/plants.php?pageno=37,2026-09-22T16:27:09.830892+00:00
Mussaenda GLABRATA Hutch.,M. frondosa var. glabrata Hook. f.,Rubiaceae,https://mpbd.cu.ac.bd/plants.php?pageno=37,2026-09-22T16:27:09.830892+00:00
Musa PARADISIACA L.,M. sepientum L.,Musaceae,https://mpbd.cu.ac.bd/plants.php?pageno=37,2026-09-22T16:27:09.830892+00:00
Musa ORNATA Roxb.,M. rosacea Jacq.,Musaceae,https://mpbd.cu.ac.bd/plants.php?pageno=37,2026-09-22T16:27:09.830892+00:00
Murraya PANICULATA (L.) Jacq.,M. exotica L.,Rutaceae,https://mpbd.cu.ac.bd/plants.php?pageno=38,2026-09-22T16:27:11.355886+00:00
Murraya KOENIGII (L.) Spreng.,-,Rutaceae,https://mpbd.cu.ac.bd/plants.php?pageno=38,2026-09-22T16:27:11.355886+00:00
Murdania NUDIFLORA (L.) Breman.,Commelina nudiflora L. Aneilema nudiflora (L.) Wall,Commelinaceae,https://mpbd.cu.ac.bd/plants.php?pageno=38,2026-09-22T16:27:11.355886+00:00
Mucuna PRURIENS (L.) DC.,M prurita Hook.,Fabaceae,https://mpbd.cu.ac.bd/plants.php?pageno=38,2026-09-22T16:27:11.355886+00:00
Mucuna MONOSPERMA DC.,-,Fabaceae,https://mpbd.cu.ac.bd/plants.php?pageno=38,2026-09-22T16:27:11.355886+00:00
Morus INDICA L.,-,Moraceae,https://mpbd.cu.ac.bd/plants.php?pageno=38,2026-09-22T16:27:11.355886+00:00
Moringa OLEIFERA Lamk.,M. pterigosperma Gaertn.,Moringaceae,https://mpbd.cu.ac.bd/plants.php?pageno=38,2026-09-22T16:27:11.355886+00:00
Morinda CITRIFOLIA L.,-,Rubiaceae,https://mpbd.cu.ac.bd/plants.php?pageno=38,2026-09-22T16:27:11.355886+00:00
Morinda ANGUSTIFOLIA Roxb.,-,Rubiaceae,https://mpbd.cu.ac.bd/plants.php?pageno=38,2026-09-22T16:27:11.355886+00:00
Monochoria VAGINALIS (Burm. f.) Presl.,Pontederia vaginalis Burm. f.,Pontederiaceae,https://mpbd.cu.ac.bd/plants.php?pageno=38,2026-09-22T16:27:11.355886+00:00
Monochoria HASTATA (L.) Solms.,M. hastaefolia Presl. Pontederia hastata L.,Pontederiaceae,https://mpbd.cu.ac.bd/plants.php?pageno=39,2026-09-22T16:27:12.889826+00:00
Momordica DIOICA Roxb.,-,Cucurbitaceae,https://mpbd.cu.ac.bd/plants.php?pageno=39,2026-09-22T16:27:12.889826+00:00
Momordica COCHINCHINENSIS Spreng.,-,Cucurbitaceae,https://mpbd.cu.ac.bd/plants.php?pageno=39,2026-09-22T16:27:12.889826+00:00
Momordica CHARANTEA L.,-,Cucurbitaceae,https://mpbd.cu.ac.bd/plants.php?pageno=39,2026-09-22T16:27:12.889826+00:00
Mollugo PENTAPHYLLA L. (),M. stricta L.,Molluginaceae,https://mpbd.cu.ac.bd/plants.php?pageno=39,2026-09-22T16:27:12.889826+00:00
Molineria CAPITULATA (Loureiro) Herbert.,Curculigo capitulata (Loureiro) Kuntze Curculigo recurvata Dryander.,Hypoxidaceae,https://mpbd.cu.ac.bd/plants.php?pageno=39,2026-09-22T16:27:12.889826+00:00
Mitragyna PARVIFOLIA (Roxb.) Korth.,Stephegyne parvifolia Korth.,Rubiaceae,https://mpbd.cu.ac.bd/plants.php?pageno=39,2026-09-22T16:27:12.889826+00:00
Mirabilis JALAPA L.,-,Nyctaginaceae,https://mpbd.cu.ac.bd/plants.php?pageno=39,2026-09-22T16:27:12.889826+00:00
Mimusops ELENGI L.,-,Sapotaceae,https://mpbd.cu.ac.bd/plants.php?pageno=39,2026-09-22T16:27:12.889826+00:00
Mimosa PUDICA L.,-,Mimosaceae,https://mpbd.cu.ac.bd/plants.php?pageno=39,2026-09-22T16:27:12.889826+00:00
Mikania CORDATA (Burm. f.) Rob,M. scandens Willd.,Asteraceae,https://mpbd.cu.ac.bd/plants.php?pageno=40,2026-09-22T16:27:14.421463+00:00
Michelia CHAMPACA L.,-,Magnoliaceae,https://mpbd.cu.ac.bd/plants.php?pageno=40,2026-09-22T16:27:14.421463+00:00
Meyna SPINOSA Roxb. ex. Link.,Vangueria spinosa Roxb.,Rubiaceae,https://mpbd.cu.ac.bd/plants.php?pageno=40,2026-09-22T16:27:14.421463+00:00
Mesua NAGESSARIUM (Burm.) Kost. (),M. ferrea L.,Clusiaceae,https://mpbd.cu.ac.bd/plants.php?pageno=40,2026-09-22T16:27:14.421463+00:00
Merremia VITIFOLIA (Burm. f.) Hallier f.,Ipomoea vitifolia Sw.,Convolvulaceae,https://mpbd.cu.ac.bd/plants.php?pageno=40,2026-09-22T16:27:14.421463+00:00
Mentha ARVENSIS L.,-,Lamiaceae,https://mpbd.cu.ac.bd/plants.php?pageno=40,2026-09-22T16:27:14.421463+00:00
Memecylon UMBELLATUM Burm.,M. edule Roxb.,Melastomaceae,https://mpbd.cu.ac.bd/plants.php?pageno=40,2026-09-22T16:27:14.421463+00:00
Melothria HETEROPHYLLA Cogn.,Zehneria umbellata Thw.,Cucurbitaceae,https://mpbd.cu.ac.bd/plants.php?pageno=40,2026-09-22T16:27:14.421463+00:00
Melochia CORCHORIFOLIA L.,-,Sterculiaceae,https://mpbd.cu.ac.bd/plants.php?pageno=40,2026-09-22T16:27:14.421463+00:00
Melilotus ALBA Lamk.,-,Fabaceae,https://mpbd.cu.ac.bd/plants.php?pageno=40,2026-09-22T16:27:14.421463+00:00
Melia SEMPERVIRENS (L.) All.,M. azadarach L.,Meliaceae,https://mpbd.cu.ac.bd/plants.php?pageno=41,2026-09-22T16:27:15.954703+00:00
Melastoma MALABATHRICUM L.,-,Melasomaceae,https://mpbd.cu.ac.bd/plants.php?pageno=41,2026-09-22T16:27:15.954703+00:00
Martynia ANNUA (Hous.) L.,M. diandra Glox.,Pedaliaceae,https://mpbd.cu.ac.bd/plants.php?pageno=41,2026-09-22T16:27:15.954703+00:00
Marsdenia TINCTORA (L.) R. Br.,-,Asclepiadaceae,https://mpbd.cu.ac.bd/plants.php?pageno=41,2026-09-22T16:27:15.954703+00:00
Maranta ARUNDINACEA L.,-,Marantaceae,https://mpbd.cu.ac.bd/plants.php?pageno=41,2026-09-22T16:27:15.954703+00:00
Manilkara ZAPOTA (L.) Royen.,Achras sapota L.,Sapotaceae,https://mpbd.cu.ac.bd/plants.php?pageno=41,2026-09-22T16:27:15.954703+00:00
Manilkara HEXANDRA (Roxb.) Dub.,Mimusops hexandra Roxb.,Sapotaceae,https://mpbd.cu.ac.bd/plants.php?pageno=41,2026-09-22T16:27:15.954703+00:00
Manihot ESCULENTA Crantz.,Manihot utilissima Pohl.,Euphorbiaceae,https://mpbd.cu.ac.bd/plants.php?pageno=41,2026-09-22T16:27:15.954703+00:00
Mangifera laurina Blume.,Mangifera longipes Griff.,Anacardiaceae,https://mpbd.cu.ac.bd/plants.php?pageno=41,2026-09-22T16:27:15.954703+00:00
Mangifera INDICA L.,Mangifera austroyunnanensis Hu,Anacardiaceae,https://mpbd.cu.ac.bd/plants.php?pageno=41,2026-09-22T16:27:15.954703+00:00
Mallotus ROXBURGHIANUS Muel-Arg.,Rottlera peltata Roxb.,Euphorbiaceae,https://mpbd.cu.ac.bd/plants.php?pageno=42,2026-09-22T16:27:17.482459+00:00
Mallotus PHILIPPINENSIS Muell-Arg.,Aconceveibum trinerve Miq. Croton philippensis Lam. Echinus philippensis (Lam.) Baill. Rottlera philippensis (Lam.) Scheff.,Euphorbiaceae,https://mpbd.cu.ac.bd/plants.php?pageno=42,2026-09-22T16:27:17.482459+00:00
Maesa INDICA Wall.,Baeobotrys indica Roxb.,Myrsinaceae,https://mpbd.cu.ac.bd/plants.php?pageno=42,2026-09-22T16:27:17.482459+00:00
Maesa ACUMINATA DC.,Maesa ramentacea Wall.,Myrsinaceae,https://mpbd.cu.ac.bd/plants.php?pageno=42,2026-09-22T16:27:17.482459+00:00
Madhuca longifolia VAR. LATIFOLIA (Roxb.) A.Chev.,Madhuca indica Gmel. Bassia latifolia Roxb. Illipe latifolia (Roxb.) F.Muell. Madhuca latifolia (Roxb.) J.F.Macbr. Vidoricum latifolium (Roxb.) Kuntze,Sapotaceae,https://mpbd.cu.ac.bd/plants.php?pageno=42,2026-09-22T16:27:17.482459+00:00
Macrotyloma uniflorum (Lam.) Verde.,Dolichos biflorus L. Dolichos benadirianus Chiov. Dolichos uniflorus Lam. Kerstingiella uniflora (Lam.) J.A.Lackey,Fabaceae,https://mpbd.cu.ac.bd/plants.php?pageno=42,2026-09-22T16:27:17.482459+00:00
Macrosolen COCHINCHINENSIS (Lour.) Van Teigh.,Loranthus cochinchinensis Lour. Loranthus fordii Hance Macrosolen fordii (Hance) Danser Tristerix viridiflorus Mart.,Loranthaceae,https://mpbd.cu.ac.bd/plants.php?pageno=42,2026-09-22T16:27:17.482459+00:00
Macaranga DENTICULATA Muell.-Arg.,Macaranga chatiniana (Baill.) Müll.Arg. Mappa denticulata Blume Rottlera glauca Hassk. Tanarius gmelinifolius (King ex Hook.f.) Kuntze,Euphorbiaceae,https://mpbd.cu.ac.bd/plants.php?pageno=42,2026-09-22T16:27:17.482459+00:00
Lygodium MICROPHYLLUM (Cau.) R. Br.,Lygodium scandens var. intermedium Ces. Ophioglossum filiforme Roxb. Ugena microphylla Cav.,Lygodiaceae,https://mpbd.cu.ac.bd/plants.php?pageno=42,2026-09-22T16:27:17.482459+00:00
Lygodium JAPONICUM (Thunb.) Sw.,Davallia scandens (Lour.) Sw. Hydroglossum japonicum (Thunb.) Willd. Ophioglossum japonicum Thunb. Trichomanes cochinchinense Poir.,Lygodiaceae,https://mpbd.cu.ac.bd/plants.php?pageno=42,2026-09-22T16:27:17.482459+00:00
Lygodium FLEXUOSUM Sw.,Hydroglossum flexuosum (L.) Willd. Ophioglossum flexuosum L. Ramondia flexuosa (L.) Mirb.,Lygodiaceae,https://mpbd.cu.ac.bd/plants.php?pageno=43,2026-09-22T16:27:19.012080+00:00
Lygodium CIRCINATUM (Burm.) Sw.,-,Lygodiaceae,https://mpbd.cu.ac.bd/plants.php?pageno=43,2026-09-22T16:27:19.012080+00:00
Lycopersicon LYCOPERSICUM (L.) Karsten,Lycopersicon esculentum Mill. Hydroglossum circinnatum (Burm. f.) Willd. Ophioglossum circinnatum Burm. f.,Solanaceae,https://mpbd.cu.ac.bd/plants.php?pageno=43,2026-09-22T16:27:19.012080+00:00
Luvunga SCANDENS Buch.-Ham.,Limonia scandens Roxb. Luvunga nitida Pierre,Rutaceae,https://mpbd.cu.ac.bd/plants.php?pageno=43,2026-09-22T16:27:19.012080+00:00
Luffa CYLINDRICA (L.) Roem.,Luffa leucosperma M.Roem. Luffa aegyptiaca Mill. Melothria touchanensis H. Lév. Momordica cylindrica L.,Cucurbitaceae,https://mpbd.cu.ac.bd/plants.php?pageno=43,2026-09-22T16:27:19.012080+00:00
Luffa ACUTANGULA (L.) Roxb.,Cucumis acutangulus L. Cucurbita acutangula (L.) Blume Luffa fluminensis Roem. Momordica tubiflora Wall.,Cucurbitaceae,https://mpbd.cu.ac.bd/plants.php?pageno=43,2026-09-22T16:27:19.012080+00:00
Ludwigia ADSCENDENS (L.) Hara.,Jussiaea adscendens L. Jussiaea repens L.,Onagraceae,https://mpbd.cu.ac.bd/plants.php?pageno=43,2026-09-22T16:27:19.012080+00:00
Litsea MONOPETALA (Roxb.) Pers.,Litsea polyantha Juss. Tetranthera macrophylla Roxb. Tetranthera monopetala Roxb.,Lauraceae,https://mpbd.cu.ac.bd/plants.php?pageno=43,2026-09-22T16:27:19.012080+00:00
Litsea LANCIFOLIA (Roxb.ex Nees) Fern.-Vill,Litsea hansenii Kosterm. Tetranthera lancifolia Roxb. ex Nees,Lauraceae,https://mpbd.cu.ac.bd/plants.php?pageno=43,2026-09-22T16:27:19.012080+00:00
Litsea GLUTIONSA (Lour.) Rob.,Camellia integrifolia Choisy Dodecadenia robusta Zoll. & Moritzi Litsea apetala (Roxb.) Pers. Sebifera glutinosa Lour.,Lauraceae,https://mpbd.cu.ac.bd/plants.php?pageno=43,2026-09-22T16:27:19.012080+00:00
Litchi CHINESIS Sonn.,Nephelium litchi (Lour.) Camb. Corvinia litschi Stadtm. ex Willemet Euphoria didyma Blanco Nephelium litchi Cambess. Scytalia chinensis Gaertn.,Sapindaceae,https://mpbd.cu.ac.bd/plants.php?pageno=44,2026-09-22T16:27:20.549567+00:00
Linum USITATISSIMUM L.,Linum crepitans (Boenn.) Dumort. Linum humile Mill.,Linaceae,https://mpbd.cu.ac.bd/plants.php?pageno=44,2026-09-22T16:27:20.549567+00:00
Lindenbergia INDICA Vatke,Lindenbergia urticaefolia Lehm.,Scrophulariaceae,https://mpbd.cu.ac.bd/plants.php?pageno=44,2026-09-22T16:27:20.549567+00:00
Limnophila INDICA (L.) Druce.,Limnophila gratioloides R. Br. Ambulia indica (L.) W.Wight Columnea balsamea Roxb. Hottonia indica L.,Scrophulariaceae,https://mpbd.cu.ac.bd/plants.php?pageno=44,2026-09-22T16:27:20.549567+00:00
Leucas zeylanica (L.) W.T.Aiton.,Leucas zeylanica (L.) R. Br. Leonurus parviflorus Moench Phlomis indica L. Spermacoce denticulata Walp.,Lamiaceae,https://mpbd.cu.ac.bd/plants.php?pageno=44,2026-09-22T16:27:20.549567+00:00
Leucas LAVANDULIFOLIA Sm.,Hetrepta lavandulifolia (Sm.) Raf. Leonurus indicus L. Leucas linifolia (Roth) Spreng. Phlomis linifolia Roth,Lamiaceae,https://mpbd.cu.ac.bd/plants.php?pageno=44,2026-09-22T16:27:20.549567+00:00
Leucas CEPHALOTES (Roth.) Spreng.,Leucas capitata Desf. Phlomis cephalotes Roth,Lamiaceae,https://mpbd.cu.ac.bd/plants.php?pageno=44,2026-09-22T16:27:20.549567+00:00
Leucas ASPERA (Willd.) Link.,Leucas dimidiata (Roth) Spreng. Leucas plukenetii (Roth) Spreng. Phlomis aspera Willd. Phlomis esculenta Roxb.,Lamiaceae,https://mpbd.cu.ac.bd/plants.php?pageno=44,2026-09-22T16:27:20.549567+00:00
Leonurus SIBIRICUS L.,Leonurus manshuricus Y.Yabe Leonurus multifidus (Moench) Desf. Panzeria angustifolia Raf. Phlomis sibirica (L.) Medik.,Lamiaceae,https://mpbd.cu.ac.bd/plants.php?pageno=44,2026-09-22T16:27:20.549567+00:00
Lens CULINARIS Medik.,Ervum lens L. Lens esculenta Moench Vicia lens (L.) Coss. & Germ.,Fabaceae,https://mpbd.cu.ac.bd/plants.php?pageno=44,2026-09-22T16:27:20.549567+00:00
Leea MACROPHYLLA Roxb.,Leea angustifolia P. Lawson Leea aspera Wall. ex G. Don Leea latifolia Wall. ex Kurz Leea robusta Roxb.,Leeaceae,https://mpbd.cu.ac.bd/plants.php?pageno=45,2026-09-22T16:27:22.076731+00:00
Leea INDICA (Burm. f.) Merr.,Leea sambucina Willd. Aquilicia otillis Gaertn. Leea divaricata T. & B. Leea viridiflora Planch. Staphylea indica Burm. f.,Leeaceae,https://mpbd.cu.ac.bd/plants.php?pageno=45,2026-09-22T16:27:22.076731+00:00
Leea asiatica (L.) Ridsdale.,Leea crispa L. Leea herbacea Buch.-Ham. Leea pinnata Andrews Phytolacca asiatica L.,Leeaceae,https://mpbd.cu.ac.bd/plants.php?pageno=45,2026-09-22T16:27:22.076731+00:00
Leea AEQUATA L.,Leea ancolona Miq. Leea hirsuta Blume ex Spreng. Leea hirta Roxb. ex Hornem. Leea hispida Gagnep.,Leeaceae,https://mpbd.cu.ac.bd/plants.php?pageno=45,2026-09-22T16:27:22.076731+00:00
Lawsonia INERMIS L.,Alcanna spinosa (L.) Gaertn. Casearia multiflora Spreng. Lawsonia speciosa L. Rotantha combretoides Baker,Lythraceae,https://mpbd.cu.ac.bd/plants.php?pageno=45,2026-09-22T16:27:22.076731+00:00
Launaea SARMENTOSA (Willd.) Sch.-Bip.,Ammoseris sarmentosa (Willd.) D.Dietr. Chondrilla sarmentosa (Willd.) Poir. Lactuca sarmentosa (Willd.) DC. Prenanthes sarmentosa Willd.,Asteraceae,https://mpbd.cu.ac.bd/plants.php?pageno=45,2026-09-22T16:27:22.076731+00:00
Launaea ASPLENIIFOLIA Hook. f.,Ammoseris aspleniifolia (Willd.) D.Dietr. Chondrilla aspleniifolia (Willd.) Poir. Microrhynchus aspleniifolius (Willd.) DC. Prenanthes aspleniifolia Willd.,Asteraceae,https://mpbd.cu.ac.bd/plants.php?pageno=45,2026-09-22T16:27:22.076731+00:00
Lasia SPINOSA (L.) Thw.,Lasia heterophylla Schott. Dracontium spinosum L. Lasia crassifolia Engl. Lasia roxburghii Griff. Pothos lasia Roxb.,Araceae,https://mpbd.cu.ac.bd/plants.php?pageno=45,2026-09-22T16:27:22.076731+00:00
Dendrocnide sinuata (Blume) Chew.,Laportea crenulata Gaudich. Dendrocnide pulus (Steud.) Chew Laportea sinuata (Blume) Miq. Urticastrum sinuatum (Blume) Kuntze,Urticaceae,https://mpbd.cu.ac.bd/plants.php?pageno=45,2026-09-22T16:27:22.076731+00:00
Lantana CAMARA L.,Lantana aculeata L. Lantana antillana Raf. Lantana asperata Vis. Lantana crocea Jacq. Lantana spinosa L. ex Le Cointe,Verbenaceae,https://mpbd.cu.ac.bd/plants.php?pageno=45,2026-09-22T16:27:22.076731+00:00
Lannea COROMANDELICA (Houtt.) Merr.,Calesium grande Kuntze Lannea grandis Engl. Odina pinnata Rottler Rhus odina Buch.-Ham. ex Wall. (Anacardiaceae),Anacardiaceae,https://mpbd.cu.ac.bd/plants.php?pageno=46,2026-09-22T16:27:23.607341+00:00
Lagerstroemia speciosa (L.) Pers.,Lagerstroemia reginae Roxb. Adambea hirsuta Lam. Lagerstroemia hirsuta (Lam.) Willd. Munchausia speciosa L.,Lythraceae,https://mpbd.cu.ac.bd/plants.php?pageno=46,2026-09-22T16:27:23.607341+00:00
Lagerstroemia INDICA L.,Lagerstroemia chinensis Lam. Lagerstroemia elegans Wall. ex Paxton Murtughas indica (L.) Kuntze Velaga globosa Gaertn.,Lythraceae,https://mpbd.cu.ac.bd/plants.php?pageno=46,2026-09-22T16:27:23.607341+00:00
Lageneria SICERARIA (Molina) Standl.,Cucumis lagenaria (L.)Dumort. Cucurbita lagenaria L. Cucurbita siceraria Molina Lagenaria vulgaris Ser.,Cucurbitaceae,https://mpbd.cu.ac.bd/plants.php?pageno=46,2026-09-22T16:27:23.607341+00:00
Lablab PURPUREUS (L.) Sweet.,Dolichos lablab L. Dolichos benghalensis Jacq. Dolichos purpureus L. Lablab vulgaris (L.) Savi Vigna aristata Piper,Fabaceae,https://mpbd.cu.ac.bd/plants.php?pageno=46,2026-09-22T16:27:23.607341+00:00
Bryophyllum pinnatum (Lam.) Oken.,Kalanchoe pinnata (Lam.) Pers. Bryophyllum germinans Blanco Cotyledon pinnata Lam. Sedum madagascariense Clus. Vereia pinnata (Lam.) Spreng.,Crassulaceae,https://mpbd.cu.ac.bd/plants.php?pageno=46,2026-09-22T16:27:23.607341+00:00
Kaempferia ROTUNDA L.,Kaempferia longa Jacq. Kaempferia versicolor Salisb.,Zingiberaceae,https://mpbd.cu.ac.bd/plants.php?pageno=46,2026-09-22T16:27:23.607341+00:00
Kaempferia PARVIFLORA Wall.,Kaempferia rubromarginata (S.Q.Tong) R.J.Searle Stahlianthus rubromarginatus S.Q.Tong,Zingiberaceae,https://mpbd.cu.ac.bd/plants.php?pageno=46,2026-09-22T16:27:23.607341+00:00
Alpinia sessilis J.Koenig,Kaempferia humilis Salisb. Kaempferia plantaginifolia Salisb. Kaempferia procumbens Noronha,Zingiberaceae,https://mpbd.cu.ac.bd/plants.php?pageno=46,2026-09-22T16:27:23.607341+00:00
justicia JAPONICA Thunb.,Justicia simplex D. Don Rostellaria rotundifolia Nees Rostellularia japonica (Thunb.) J.L. Ellis,Acanthaceae,https://mpbd.cu.ac.bd/plants.php?pageno=46,2026-09-22T16:27:23.607341+00:00
Justicia GENDARUSSA Burm.,Dianthera subserrata Blanco Dicliptera rheedei Kostel. Ecbolium gendarussa (Burm.f.) Kuntze Gendarussa vulgaris Nees .,Acanthaceae,https://mpbd.cu.ac.bd/plants.php?pageno=47,2026-09-22T16:27:25.135520+00:00
Jatropha GOSSYPIFOLIA L.,Adenoropium gossypiifolium (L.) Pohl Jatropha elegans Kl. Jatropha jacquinii Baill. Manihot gossypiifolia (L.) Crantz,Euphorbiaceae,https://mpbd.cu.ac.bd/plants.php?pageno=47,2026-09-22T16:27:25.135520+00:00
. JATROPHA CURCAS L.,Curcas indica A.Rich. Jatropha afrocurcas Pax Manihot curcas (L.) Crantz Ricinus jarak Thunb.,Euphorbiaceae,https://mpbd.cu.ac.bd/plants.php?pageno=47,2026-09-22T16:27:25.135520+00:00
Jasminum SCANDENS Vahl.,Jasminum laetum Wall. ex G.Don Mogorium scandens (Retz.) Lam. Nyctanthes scandens Retz.,Oleaceae,https://mpbd.cu.ac.bd/plants.php?pageno=47,2026-09-22T16:27:25.135520+00:00
Jasminum SAMBAC (L.) Ait.,Jasminum bicorollatum Noronha Jasminum blancoi Hassk. Mogorium sambac (L.) Lam. Nyctanthes undulata L.,Oleaceae,https://mpbd.cu.ac.bd/plants.php?pageno=47,2026-09-22T16:27:25.135520+00:00
Jasminum ANGUSTIFOLIUM Vahl.,Jasminum triflorum (Burm.f.) Pers. Mogorium vimineum (Retz.) Lam. Nyctanthes angustifolia L.,Oleaceae,https://mpbd.cu.ac.bd/plants.php?pageno=47,2026-09-22T16:27:25.135520+00:00
Ixora NIGRICANS R. Br. ex Wight & Arn.,Ixora affinis Wall. ex Craib Ixora arguta (Hook.f.) King & Gamble Ixora erubescens Wall. ex G.Don Pavetta erubescens (Wall. ex G.Don) Miq.,Rubiaceae,https://mpbd.cu.ac.bd/plants.php?pageno=47,2026-09-22T16:27:25.135520+00:00
Ixora CUNEIFOLIA Roxb.,Ixora rosea Wall. Ixora wallichii Wight & Arn.,Rubiaceae,https://mpbd.cu.ac.bd/plants.php?pageno=47,2026-09-22T16:27:25.135520+00:00
Ixora COCCINEA L.,Ixora bandhuca Roxb. Ixora montana Lour. Pavetta coccinea (L.) Blume. Pavetta rubra Noronha.,Rubiaceae,https://mpbd.cu.ac.bd/plants.php?pageno=47,2026-09-22T16:27:25.135520+00:00
Ixora pavetta Andr.,Ixora arborea Roxb. ex Sm. Ixora decipiens DC.,Rubiaceae,https://mpbd.cu.ac.bd/plants.php?pageno=47,2026-09-22T16:27:25.135520+00:00
Isodon LOPHANTHOIDES (Buch.-Ham. ex D. Don.) Hara,Hyssopus lophanthoides Buch.-Ham. ex D.Don Isodon shimizuanus (Murata) H.Hara Orthosiphon glabrescens Vaniot Plectranthus fangii Y.Z.Sun Rabdosia shimizuana Murata,Lamiaceae,https://mpbd.cu.ac.bd/plants.php?pageno=48,2026-09-22T16:27:26.664344+00:00
ipomoea QUAMOCLIT L.,Convolvulus pennatifolius Salisb Convolvulus quamoclit (L.) Spreng. Quamoclit pennata (Desr.) Bojer Quamoclit vulgaris Choisy,Convolvulaceae,https://mpbd.cu.ac.bd/plants.php?pageno=48,2026-09-22T16:27:26.664344+00:00
Ipomoea PES -TIGRIDIS L.,Convolvulus pes-tigridis (L.) Spreng. Ipomoea capitellata Choisy Ipomoea hepaticifolia L.,Convolvulaceae,https://mpbd.cu.ac.bd/plants.php?pageno=48,2026-09-22T16:27:26.664344+00:00
Ipomoea PES-CAPRAE (L.) R.Br.,Convolvulus bilobatus Roxb. Convolvulus brasiliensis L. Ipomoea brasiliensis (L.) Sweet Latrienda brasiliensis (L.) Raf.,Convolvulaceae,https://mpbd.cu.ac.bd/plants.php?pageno=48,2026-09-22T16:27:26.664344+00:00
Ipomoea OBSCURA Ker-Gawl.,Convolvulus obscurus L. Ipomoea fragilis Choisy Ipomoea insuavis Blume,Convolvulaceae,https://mpbd.cu.ac.bd/plants.php?pageno=48,2026-09-22T16:27:26.664344+00:00
Ipomoea MAXIMA (L.f.) Don. ex. Sweef.,Ipomoea sepiaria Koen. ex. Roxb. Convolvulus maximus L. f.,Convolvulaceae,https://mpbd.cu.ac.bd/plants.php?pageno=48,2026-09-22T16:27:26.664344+00:00
Ipomoea MAURITIANA Jacq.,Ipomoea digitata Clarke Batatas paniculata (L.) Choisy Convolvulus paniculatus L.,Convolvulaceae,https://mpbd.cu.ac.bd/plants.php?pageno=48,2026-09-22T16:27:26.664344+00:00
Ipomoea BATATUS (L.) Lamk.,Batatas edulis (Thunb.) Choisy Convolvulus batatas L. Convolvulus esculentus Salisb. Ipomoea purpusii House,Convolvulaceae,https://mpbd.cu.ac.bd/plants.php?pageno=48,2026-09-22T16:27:26.664344+00:00
Ipomoea AQUATICA Forsk.,Ipomoea natans Dinter & Suess. Ipomoea repens Roth Ipomoea sagittifolia Hochr. Ipomoea subdentata Miq.,Convolvulaceae,https://mpbd.cu.ac.bd/plants.php?pageno=48,2026-09-22T16:27:26.664344+00:00
Ipomoea ALBA L.,Calonyction album (L.) House Calonyction speciosum Choisy Convolvulus pulcherrimus Vell. Ipomoea bona-nox L.,Convolvulaceae,https://mpbd.cu.ac.bd/plants.php?pageno=48,2026-09-22T16:27:26.664344+00:00
Indigofera TINCTORIA L.,Anila tinctoria (L.) Kuntze Indigofera cinerascens DC. Indigofera indica Lam.,Fabaceae,https://mpbd.cu.ac.bd/plants.php?pageno=49,2026-09-22T16:27:28.191157+00:00
Imperata CYLINDRICA Rausch.,Imperata arundinacea Cyrill. Imperata angolensis Fritsch Imperata latifolia (Hook.f.) L.Liou Lagurus cylindricus L. Saccharum cylindricum (L.) Lam.,Poaceae,https://mpbd.cu.ac.bd/plants.php?pageno=49,2026-09-22T16:27:28.191157+00:00
Impatiens BALSAMINA L.,Balsamina angustifolia Blume Balsamina cornuta (L.) DC. Balsamina odorata Buch.-Ham. ex D.Don Impatiens cornuta L.,Balsaminaceae,https://mpbd.cu.ac.bd/plants.php?pageno=49,2026-09-22T16:27:28.191157+00:00
Ichnocarpus FRUTESCENS (L.) R. Br.,Apocynum frutescens L. Beluttakaka malabarica (Lam.) Kuntze Echites frutescens (L.) Roxb. Gardenia volubilis Lour. Ichnocarpus leptodictyus F.Muell.,Apocynaceae,https://mpbd.cu.ac.bd/plants.php?pageno=49,2026-09-22T16:27:28.191157+00:00
Hyptis SUAVEOLENS (L.) Poit.,Ballota suaveolens L. Gnoteris cordata Raf. Hyptis graveolens Schrank Marrubium indicum Blanco Mesosphaerum suaveolens (L.) Kuntze,Lamiaceae,https://mpbd.cu.ac.bd/plants.php?pageno=49,2026-09-22T16:27:28.191157+00:00
Hypericum JAPONICUM Thunb.,Ascyrum humifusum Labill. Brathys japonica (Thunb.) Wight Hypericum chinense Osbeck Sarothra japonica (Thunb.) Y. Kimura,Hypericaceae,https://mpbd.cu.ac.bd/plants.php?pageno=49,2026-09-22T16:27:28.191157+00:00
Hymenodictyon ORIXENSIS (Roxb.) Mabberly,Hymenodictyon excelsum (Roxb.)Wall. Benteca rheedei Roem. & Schult. Cinchona orixensis Roxb. Exostema philippicum Schult. Hymenodictyon thyrsiflorum Wall.,Rubiaceae,https://mpbd.cu.ac.bd/plants.php?pageno=49,2026-09-22T16:27:28.191157+00:00
Hygroryza ARISTATA (Retz.) Nees.,Leersia aristata (Retz.) Roxb. Pharus aristatus Retz. Potamochloa retzii (Spreng.) Griff. Zizania aristata (Retz.) Kunth,Poaceae,https://mpbd.cu.ac.bd/plants.php?pageno=49,2026-09-22T16:27:28.191157+00:00
Hygrophila AURICULATA (Schum.) Heyne.,Asteracantha longifolia (L.) Nees. Asteracantha auriculata Nees Barleria glabrata Vahl ex Nees Hygrophila spinosa T.Anderson Barleria longifolia L.,Acanthaceae,https://mpbd.cu.ac.bd/plants.php?pageno=49,2026-09-22T16:27:28.191157+00:00
Hydrolea ZEYLANICA Vahl.,Beloanthera oppositifolia Hassk. Hydrolea arayatensis Blanco Hydrolea javanica Blume Nama zeylanica L. Steris javanica L.,Hydrophyllaceae,https://mpbd.cu.ac.bd/plants.php?pageno=49,2026-09-22T16:27:28.191157+00:00
Hydnocarpus KURZII (King.) Warb.,Taraktogenos kurzii king,Flacourtiaceae,https://mpbd.cu.ac.bd/plants.php?pageno=50,2026-09-22T16:27:29.718272+00:00
Hybanthus ENNEASPERMUS (L.) F. Muell.,Ionidium suffruticosum (L.) R. & S. Calceolaria enneasperma (L.) Kuntze Hybanthus heterophyllus (Vent.) Baill. Ionidium enneaspermum (L.) Vent. Viola suffruticosa L.,Violaceae,https://mpbd.cu.ac.bd/plants.php?pageno=50,2026-09-22T16:27:29.718272+00:00
Hoya PARASITICA Wall.,-,Asclepiadaceae,https://mpbd.cu.ac.bd/plants.php?pageno=50,2026-09-22T16:27:29.718272+00:00
Hopea ODORATA Roxb.,Hopea vasta Wall. Hopea wightiana Miq. ex Dyer.,Dipterocarpaceae,https://mpbd.cu.ac.bd/plants.php?pageno=50,2026-09-22T16:27:29.718272+00:00
Homalomena aromatica (Spreng.) Schott.,Calla aromatica (Spreng.) Roxb. Zantedeschia aromatica Spreng. Zantedeschia foetida K.Koch,Araceae,https://mpbd.cu.ac.bd/plants.php?pageno=50,2026-09-22T16:27:29.718272+00:00
Holarrhena PUBESCENCE (Buch.-Ham.) Wall.,Chonemorpha pubescens (Wall.) G.Don Echites antidysentericus Roth Holarrhena antidysenterica (Roth) Wall. ex A.DC. Nerium sinense Hunter ex Ridl.,Apocynaceae,https://mpbd.cu.ac.bd/plants.php?pageno=50,2026-09-22T16:27:29.718272+00:00
Hiptage BENGHALENSIS (L.) Kurz.,Hiptage madaablata Gertn. Gaertnera obtusifolia Roxb. Hiptage benghalensis var. benghalensis Hiptage javanica Blume Hiptage parvifolia Wight & Arn.,Malphigiaceae,https://mpbd.cu.ac.bd/plants.php?pageno=50,2026-09-22T16:27:29.718272+00:00
Hibiscus TILLIACEUS L.,Hibiscus circinnatus Willd. Hibiscus porophyllus Vell. Pariti tiliaceum (L.) A. St.-Hil. Pariti boninense (Nakai) Nakai,Malvaceae,https://mpbd.cu.ac.bd/plants.php?pageno=50,2026-09-22T16:27:29.718272+00:00
Hibiscus SURATTENSIS L.,Furcaria surattensis Kostel. Hibiscus aculeatus G. Don Hibiscus surattensis var. villosus Hochr.,Malvaceae,https://mpbd.cu.ac.bd/plants.php?pageno=50,2026-09-22T16:27:29.718272+00:00
Hibiscus SABDARIFFA L.,Abelmoschus cruentus (Bertol.) Walp. Furcaria sabdariffa Ulbr. Hibiscus fraternus L. Sabdariffa rubra Kostel.,Malvaceae,https://mpbd.cu.ac.bd/plants.php?pageno=50,2026-09-22T16:27:29.718272+00:00
Hibiscus ROSA-SINENSIS L.,Hibiscus boryanus DC. Hibiscus festalis Salisb. Hibiscus storckii Seem.,Malvaceae,https://mpbd.cu.ac.bd/plants.php?pageno=51,2026-09-22T16:27:31.249390+00:00
Hibiscus MUTABILIS L.,Abelmoschus mutabilis (L.) Wall. ex Hassk. Abelmoschus venustus Walp. Hibiscus immutabilis Dehnh. ex Walp. Hibiscus sinensis Mill. Ketmia mutabilis (L.) Moench.,Malvaceae,https://mpbd.cu.ac.bd/plants.php?pageno=51,2026-09-22T16:27:31.249390+00:00
Hibiscus CANABINUS L.,Abelmoschus verrucosus Walp. Furcaria cannabina Ulbr. Hibiscus malangensis Baker f. Hibiscus vanderystii De Wild.,Malvaceae,https://mpbd.cu.ac.bd/plants.php?pageno=51,2026-09-22T16:27:31.249390+00:00
Schefflera hypoleuca (Kurz) Harms.,Heptapleurum hypoleucum Kurz.,Araliaceae,https://mpbd.cu.ac.bd/plants.php?pageno=51,2026-09-22T16:27:31.249390+00:00
Hemigraphis HIRTA (Vahl.) And.,Ruellia hirta Vahl.,Acanthaceae,https://mpbd.cu.ac.bd/plants.php?pageno=51,2026-09-22T16:27:31.249390+00:00
Hemidesmus INDICUS (L.) R. Br.,Periploca indica L.,Asclepiadaceae,https://mpbd.cu.ac.bd/plants.php?pageno=51,2026-09-22T16:27:31.249390+00:00
Helminthostachys ZEYLANICA L.,Ophiala zeylanica (L.) Desv.,Helminthostachyaceae,https://mpbd.cu.ac.bd/plants.php?pageno=51,2026-09-22T16:27:31.249390+00:00
Heliotropium INDICUM L.,Eliopia serrata Raf. Heliophytum indicum (L.) DC. Heliotropium cordifolium Moench Tiaridium indicum (L.) Lehm.,Boraginaceae,https://mpbd.cu.ac.bd/plants.php?pageno=51,2026-09-22T16:27:31.249390+00:00
Helicteres ISORA L.,Helicteres grewiaefolia DC. Helicteres roxburghii G. Don Isora grewiaefolia (DC.) Schott & Endl. Ixora versicolor Hassk.,Sterculiaceae,https://mpbd.cu.ac.bd/plants.php?pageno=51,2026-09-22T16:27:31.249390+00:00
Helianthus ANNUS L.,Helianthus aridus Rydb. Helianthus indicus L. Helianthus macrocarpus DC. & A.DC. Helianthus multiflorus Hook. Helianthus ovatus Lehm.,Asteraceae,https://mpbd.cu.ac.bd/plants.php?pageno=51,2026-09-22T16:27:31.249390+00:00
Hedyotis SCANDENS Roxb.,Hedyotis polycarpa R.Br. ex G.Don Hedyotis subscandens Griff. Oldenlandia scandens (Roxb.) Kuntze Petesia hita Buch.-Ham. ex D.Don,Rubiaceae,https://mpbd.cu.ac.bd/plants.php?pageno=52,2026-09-22T16:27:32.774658+00:00
Oldenlandia diffusa (Willd.) Roxb.,Hedyotis diffusa Willd. Oldenlandia pauciflora Roxb. ex Wight & Arn. Hedyotis diffusa var. extensa (Hook.f.) R.Dutta,Rubiaceae,https://mpbd.cu.ac.bd/plants.php?pageno=52,2026-09-22T16:27:32.774658+00:00
Oldenlandia corymbosa L.,Hedyotis corymbosa (L.) Link Hedyotis depressa (Willd.) Roem. & Schult. Hedyotis graminicola Kurz Oldenlandia alsinifolia G.Don Oldenlandia capillaris DC. Oldenlandia ramosa Roxb.,Rubiaceae,https://mpbd.cu.ac.bd/plants.php?pageno=52,2026-09-22T16:27:32.774658+00:00
Hedychium CORONARIUM Koenig,Amomum filiforme Hunter ex Ridl. Gandasulium coronarium (J.Koenig) Kuntze Hedychium chrysoleucum Hook. Hedychium prophetae Buch.-Ham. ex Wall.,Zingiberaceae,https://mpbd.cu.ac.bd/plants.php?pageno=52,2026-09-22T16:27:32.774658+00:00
Peristylus constrictus (Lindl.) Lindl.,Habenaria constricta Hook. f. Habenaria cylindrocalyx Gagnep. Herminium constrictum Lindl. Orchis leucantha Ham. ex Hook.f.,Orchidaceae,https://mpbd.cu.ac.bd/plants.php?pageno=52,2026-09-22T16:27:32.774658+00:00
Gynocardia ORORATA R. Br.,Chaulmoogra odorata Roxb. Chilmoria dodecandra Buch.-Ham. Gynocardia antisyphilitica Pierre ex Tschirch Gynocardia prainii Desprez,Flacourtiaceae,https://mpbd.cu.ac.bd/plants.php?pageno=52,2026-09-22T16:27:32.774658+00:00
Gymnopetalum chinense (Lour.) Merr.,Gymnopetalum cochinchinense (Lour.) Kurz. Bryonia cochinchinensis Lour. Cucumis tubiflorus Roxb. ex Wight & Arn. Euonymus chinensis Lour. Momordica tubiflora Roxb.,Cucurbitaceae,https://mpbd.cu.ac.bd/plants.php?pageno=52,2026-09-22T16:27:32.774658+00:00
Grewia asiatica L.,Grewia subinaequalis DC. Grewia hainesiana Hole,Tiliaceae,https://mpbd.cu.ac.bd/plants.php?pageno=52,2026-09-22T16:27:32.774658+00:00
Grewia SCLEROPHYLLA Roxb. ex Don.,Grewia obliqua Roxb. Grewia rugosa G.Don Grewia scabrophylla Roxb.,Tiliaceae,https://mpbd.cu.ac.bd/plants.php?pageno=52,2026-09-22T16:27:32.774658+00:00
Grewia nervosa (Lour.) Panigrahi.,Grewia microcos L. Arsis rugosa Lour. Fallopia nervosa Lour. Grewia affinis Lindl. Grewia ulmifolia Roxb.,Tiliaceae,https://mpbd.cu.ac.bd/plants.php?pageno=52,2026-09-22T16:27:32.774658+00:00
Grangea MADERESPATANA (L.) Poir.,Grangea hispida Humbert Grangea adansonii Cass. Cotula maderaspatana (L.) Willd. Artemisia maderaspatana L. Tanacetum aegyptiacum Juss. ex Jacq.,Asteraceae,https://mpbd.cu.ac.bd/plants.php?pageno=53,2026-09-22T16:27:34.309248+00:00
Gossypium HERBACIUM L.,Gossypium albescens Raf. Gossypium chinense Fisch. & Otto ex Steud. Gossypium croceum Buch.-Ham. Gossypium paniculatum Blanco Gossypium purpureum Raf.,Malvaceae,https://mpbd.cu.ac.bd/plants.php?pageno=53,2026-09-22T16:27:34.309248+00:00
Gomphrena GLOBOSA L.,Amaranthoides globosa (L.) M.Gómez Gomphrena rubra Moq. Gomphrena tumida Seidl ex Opiz Xeraea globosa (L.) Kuntze,Amaranthaceae,https://mpbd.cu.ac.bd/plants.php?pageno=53,2026-09-22T16:27:34.309248+00:00
Gnetum MONTANUM Markgraf,Gnetum scandens Roxb. Gnetum montanum f. parvifolium (Warb.) Markgr.,Gnetaceae,https://mpbd.cu.ac.bd/plants.php?pageno=53,2026-09-22T16:27:34.309248+00:00
Laphangium luteoalbum (L.) Tzvelev.,Gnaphalium luteoalbum L. Chrysocoma villosa Lour. Dasyanthus conglobatus (Lam.) Bubani Filaginella luteoalba (L.) Opiz,Asteraceae,https://mpbd.cu.ac.bd/plants.php?pageno=53,2026-09-22T16:27:34.309248+00:00
Glycosmis PENTAPHYLLA (Retz.) A. DC.,Glycosmis arborea (Roxb.) DC. Limonia pentaphylla Retz. Bursera nitida Fern.-Vill.,Rutaceae,https://mpbd.cu.ac.bd/plants.php?pageno=53,2026-09-22T16:27:34.309248+00:00
Gmelina ARBOREA L.,-,Verbenaceae,https://mpbd.cu.ac.bd/plants.php?pageno=53,2026-09-22T16:27:34.309248+00:00
Gloriosa SUPERBA L.,Clinostylis speciosa Hochst. Eugone superba (L.) Salisb. Gloriosa angulata Schumach. Gloriosa nepalensis G.Don Methonica grandiflora Hook.,Liliaceae,https://mpbd.cu.ac.bd/plants.php?pageno=53,2026-09-22T16:27:34.309248+00:00
Glochidion LANCEOLARIUM (Roxb.) Dalz.,Glochidion macrophyllum Benth. Diasperus lanceolarius (Roxb.) Kuntze Glochisandra acuminata Wight Phyllanthus fraxinifolius Lodd. Glochisandra acuminata Wight,Euphorbiaceae,https://mpbd.cu.ac.bd/plants.php?pageno=53,2026-09-22T16:27:34.309248+00:00
Glinus OPPOSITIFOLIUS (L.) A. DC.,Mollugo spergula L. Mollugo oppositifolia L. Glinus denticulatus (Guill. & Perr.) Fenzl Glinus spergula (L.) Steud. Glinus mollugo Fenzl,Molluginaceae,https://mpbd.cu.ac.bd/plants.php?pageno=53,2026-09-22T16:27:34.309248+00:00
Garuga PINNATA Roxb.,Garuga pharhad Buch.-Ham. Garuga pinnata var. obtusa Engl. Guaiacum abilo Blanco,Burseraceae,https://mpbd.cu.ac.bd/plants.php?pageno=54,2026-09-22T16:27:35.843206+00:00
Gardenia RESINIFERA Roth.,Gardenia lucida Roxb. Genipa resinifera (Roth) Baill.,Rubiaceae,https://mpbd.cu.ac.bd/plants.php?pageno=54,2026-09-22T16:27:35.843206+00:00
Gardenia JASMINOIDES Ellis.,Gardenia angustifolia Lodd. Gardenia grandiflora Lour. Gardenia radicans Thunb. Gardenia pictorum Hassk. Gardenia maruba Siebold ex Blume Gardenia longisepala (Masam.) Masam.,Rubiaceae,https://mpbd.cu.ac.bd/plants.php?pageno=54,2026-09-22T16:27:35.843206+00:00
Gardenia CORONARIA Ham.,Gardenia costata Roxb. Yangapa flava Raf.,Rubiaceae,https://mpbd.cu.ac.bd/plants.php?pageno=54,2026-09-22T16:27:35.843206+00:00
Ceriscoides campanulata (Roxb.) Tirveng,Gardenia campanulata Roxb Gardenia blumeana DC. Genipa campanulata (Roxb.) Baill.,Rubiaceae,https://mpbd.cu.ac.bd/plants.php?pageno=54,2026-09-22T16:27:35.843206+00:00
Garcinia XANTHOCHYMUS Hook. f.,Garcinia pictoria (Roxb.) Engl. Garcinia tinctoria (DC.) W.Wight Xanthochymus pictorius Roxb. Xanthochymus tinctorius DC.,Clusiaceae,https://mpbd.cu.ac.bd/plants.php?pageno=54,2026-09-22T16:27:35.843206+00:00
Garcinia COWA Roxb.,Cambogia crassifolia Blanco Garcinia cornea Roxb. ex Sm. Garcinia roxburghii Wight Oxycarpus gangetica Buch.-Ham.,Clusiaceae,https://mpbd.cu.ac.bd/plants.php?pageno=54,2026-09-22T16:27:35.843206+00:00
Foeniculum VULGARE Mill.,Foeniculum officinale All. Foeniculum giganteum Lojac. Foeniculum divaricatum Griseb. Ligusticum foeniculum (L.) Roth Anethum foeniculum L.,Apiaceae,https://mpbd.cu.ac.bd/plants.php?pageno=54,2026-09-22T16:27:35.843206+00:00
Floscopa SCANDENS Lour.,Floscopa paniculata (Roxb.) Hassk. Dithyrocarpus rufus (C.Presl) Kunth Commelina hispida Ham. ex Spreng. Aneilema densiflorum (Blume) Kunth,Commelinaceae,https://mpbd.cu.ac.bd/plants.php?pageno=54,2026-09-22T16:27:35.843206+00:00
Flemingia STROBILIFERA R.Br.,Flemingia bracteata (Roxb.) Wight Flemingia fruticulosa Benth. Hedysarum strobiliferum L. Moghania strobilifera (L.) Kuntze Zornia strobilifera (L.) Pers.,Fabaceae,https://mpbd.cu.ac.bd/plants.php?pageno=54,2026-09-22T16:27:35.843206+00:00
Flemingia MACROPHYLLA (Willd.) O.Ktze. ex Merr.,Crotalaria macrophylla Willd. Flemingia angustifolia Roxb. Moghania latifolia (Benth.) Mukerjee Rhynchosia crotalarioides DC.,Fabaceae,https://mpbd.cu.ac.bd/plants.php?pageno=55,2026-09-22T16:27:37.377882+00:00
Flacourtia JANGOMAS (Lour.) Raeus.,Flacourtia cataphracta Roxb. ex Willd. Stigmarota jangomas Lour.,Flacourtiaceae,https://mpbd.cu.ac.bd/plants.php?pageno=55,2026-09-22T16:27:37.377882+00:00
Flacourtia INDICA (Burm.f.) Merr.,Flacourtia ramonchi L’ Heritt. Flacourtia elliptica (Tul.) Warb. Flacourtia heterophylla Turcz. Flacourtia sapida Roxb. Gmelina indica Burm.f.,Flacourtiaceae,https://mpbd.cu.ac.bd/plants.php?pageno=55,2026-09-22T16:27:37.377882+00:00
Firmiana COLORATA R. Br.,Erythropsis colorata (Roxb.) Burkill Firmiana rubriflora Kosterm. Karaka colorata (Roxb.) Raf. Sterculia colorata Roxb.,Sterculiaceae,https://mpbd.cu.ac.bd/plants.php?pageno=55,2026-09-22T16:27:37.377882+00:00
Ficus SEMICORDATA Buch.-Ham. ex Smith.,Covellia cunia (B.Ham. ex Roxb.) Miq Covellia inaequiloba Miq. Ficus cunia Buch.-Ham. ex Roxb. Ficus hapalophylla Kurz,Moraceae,https://mpbd.cu.ac.bd/plants.php?pageno=55,2026-09-22T16:27:37.377882+00:00
Ficus RELIGIOSA L.,Ficus caudata Stokes Ficus peepul Griff. Ficus superstitiosa Link Urostigma religiosum (L.) Gasp.,Moraceae,https://mpbd.cu.ac.bd/plants.php?pageno=55,2026-09-22T16:27:37.377882+00:00
Ficus RACEMOSA L.,Covellia glomerata (Roxb.) Miq. Ficus chittagonga Miq. Ficus glomerata Roxb. Ficus lucescens Blume,Moraceae,https://mpbd.cu.ac.bd/plants.php?pageno=55,2026-09-22T16:27:37.377882+00:00
Ficus HISPIDA L. f.,Covellia hispida (L.f.) Miq. Ficus fecunda Blume Ficus oppositifolia Willd. Gonosuke scaber Raf.,Moraceae,https://mpbd.cu.ac.bd/plants.php?pageno=55,2026-09-22T16:27:37.377882+00:00
Ficus BENJAMINA L. var. comosa (Roxb.) Kurz.,Ficus comosa Roxb. Ficus nuda (Miq.) Miq. Ficus reclinata Desf. Urostigma nudum Ms.,Moraceae,https://mpbd.cu.ac.bd/plants.php?pageno=55,2026-09-22T16:27:37.377882+00:00
Ficus BENGHALENSIS L.,Ficus banyana Oken Ficus cotoneifolia Vahl Ficus procera Salisb. Urostigma benghalense (L.) Gasp.,Moraceae,https://mpbd.cu.ac.bd/plants.php?pageno=55,2026-09-22T16:27:37.377882+00:00
Feronia LIMONIA (L.) Sw.,F. elephantum Corr.,Rutaceae,https://mpbd.cu.ac.bd/plants.php?pageno=56,2026-09-22T16:27:38.921241+00:00
Shirakiopsis indica (Willd.) Esser,Excoecaria indica (Willd.) Müll.Arg. Sapium hurmais Buch.-Ham. Shirakia indica (Willd.) Hurus. Stillingia indica (Willd.) Oken,Euphorbiaceae,https://mpbd.cu.ac.bd/plants.php?pageno=56,2026-09-22T16:27:38.921241+00:00
Excoecaria AGALLOCHA L.,Commia cochinchinensis Lour. Excoecaria affinis Endl. Excoecaria camettia Willd. Stillingia agallocha (L.) Baill.,Euphorbiaceae,https://mpbd.cu.ac.bd/plants.php?pageno=56,2026-09-22T16:27:38.921241+00:00
Euryale FEROX Salisb.,Anneslea spinosa Andrews Euryale indica Planch.,Nymphaeaceae,https://mpbd.cu.ac.bd/plants.php?pageno=56,2026-09-22T16:27:38.921241+00:00
Eurya ACUMINATA DC.,Eurya angustifolia (Blume) Walp. Eurya blumeana Korth. Eurya hirsutula Miq. Geeria serrata Blume,Theaceae,https://mpbd.cu.ac.bd/plants.php?pageno=56,2026-09-22T16:27:38.921241+00:00
Euphorbia TIRUCALLI L.,Euphorbia laro Drake Euphorbia scoparia N.E.Br. Tirucalia indica Raf. Tirucalia tirucalli (L.) P.V.Heath,Euphorbiaceae,https://mpbd.cu.ac.bd/plants.php?pageno=56,2026-09-22T16:27:38.921241+00:00
Euphorbia THYMIFOLIA Burm. f.,Aplarina microphylla (Lam.) Raf. Chamaesyce thymifolia (L.) Millsp. Euphorbia microphylla Lam. Euphorbia rubicunda Blume,Euphorbiaceae,https://mpbd.cu.ac.bd/plants.php?pageno=56,2026-09-22T16:27:38.921241+00:00
Euphorbia HIRTA L.,Chamaesyce hirta (L.) Millsp. Desmonema hirta (L.) Raf. Euphorbia capitata Lam. Euphorbia gemella Lag.,Euphorbiaceae,https://mpbd.cu.ac.bd/plants.php?pageno=56,2026-09-22T16:27:38.921241+00:00
Euphorbia ANTIQUORUM L.,Euphorbia antiquorum var. polygona Wight Euphorbia mayuranathanii Croizat Tithymalus antiquorus (L.) Moench,Euphorbiaceae,https://mpbd.cu.ac.bd/plants.php?pageno=56,2026-09-22T16:27:38.921241+00:00
Ayapana triplinervis (Vahl) R.M.King & H.Rob.,Eupatorium luzoniense Llanos Eupatorium triplinerve Vahl Eupatorium triplinerve Blume,Asteraceae,https://mpbd.cu.ac.bd/plants.php?pageno=56,2026-09-22T16:27:38.921241+00:00
Eupatorium ODORATUM L.,-,Asteraceae,https://mpbd.cu.ac.bd/plants.php?pageno=57,2026-09-22T16:27:40.449393+00:00
Graphorchis campestris (Wall.) Kuntze,Eulophia campestris Wall.,Orchidaceae,https://mpbd.cu.ac.bd/plants.php?pageno=57,2026-09-22T16:27:40.449393+00:00
Etlingera LINGUIFORMIS (Roxb.) R.M. Smith,Alpinia linguiformis Roxb. Amomum linguiforme (Roxb.) Baker Cardamomum linguiforme (Roxb.) Kuntze Elettaria linguiformis (Roxb.) Schult. Hornstedtia linguiformis (Roxb.) K.Schum.,Zingiberaceae,https://mpbd.cu.ac.bd/plants.php?pageno=57,2026-09-22T16:27:40.449393+00:00
Erythrina VARIEGATA L. var. orientalis (L.) Merr.,Chirocalyx indicus Walp. Erythrina picta L. Gelala alba Rumphius Tetradapa javanorum Osbeck,Fabaceae,https://mpbd.cu.ac.bd/plants.php?pageno=57,2026-09-22T16:27:40.449393+00:00
Hippochaete debilis (Roxb. ex Vaucher) Ching.,Equisetum debile Roxb. ex Vaucher Hippochaete debilis (Roxb. ex Vaucher) Holub,Equisetaceae,https://mpbd.cu.ac.bd/plants.php?pageno=57,2026-09-22T16:27:40.449393+00:00
Entada rheedii Spreng.,Acacia scandens Auct. Non Willd. Adenanthera gogo Blanco Entada pursaetha DC. Mimosa entada L.,Mimosaceae,https://mpbd.cu.ac.bd/plants.php?pageno=57,2026-09-22T16:27:40.449393+00:00
Cissampelos PAREIRA L. Var. hirsuta (Buch. ex Dc.) Forman,Cissampelos hirsuta Buch.-Ham.ex DC. Cissampelos auriculata Miers Cissampelos reticulata Borhidi Cissampelos tomentosa Dc. Cyclea madagascariensis Baill.,Menispermaceae,https://mpbd.cu.ac.bd/plants.php?pageno=57,2026-09-22T16:27:40.449393+00:00
Cissus ADNATA Roxb.,Cissus vitiginea sensu Roxb. Vitis pellida Weight & Arn. Cissus latifolia Vahl Cissus simplex Blanco Vitis adnata (Roxb.) Wall. Vitis simplex (Blanco) Burkill,Vitaceae,https://mpbd.cu.ac.bd/plants.php?pageno=57,2026-09-22T16:27:40.449393+00:00
Enhydra FLUCTUANS Lour.,Enydra fluctuansLour.,Asteraceae,https://mpbd.cu.ac.bd/plants.php?pageno=57,2026-09-22T16:27:40.449393+00:00
Emilia SONCHIFOLIA DC. ex DC.,Cacalia sonchifolia Hort ex L. Emilia javanica (Burm.f.) C.B.Rob. Gynura ecalyculata DC. Senecio sonchifolius (L.) Moench,Asteraceae,https://mpbd.cu.ac.bd/plants.php?pageno=57,2026-09-22T16:27:40.449393+00:00
Embelia RIBES Burm. f.,Antidesma grossularia Raeusch. Ardisia tenuiflora Blume Calispermum scandens Lam. Embelia indica J.F.Gmel. Ribesiodes ribes (Burm. f.) Kuntze Samara ribes (Burm. f.) Benth. & Hook. f. ex Kurz,Myrsinaceae,https://mpbd.cu.ac.bd/plants.php?pageno=58,2026-09-22T16:27:42.001539+00:00
Elsholtzia stachyodes (Link) Raizada & H.O.Saxena,Aphanochilus paniculatus Benth. Elsholtzia incisa Benth. Hyptis stachyodes Link Mentha blanda DC. Nepeta imobus Buch.-Ham. ex D.Don Perilla leptostachya D.Don,Lamiaceae,https://mpbd.cu.ac.bd/plants.php?pageno=58,2026-09-22T16:27:42.001539+00:00
Eleusine INDICA (L.) Gaertn.,Agropyron geminatum Schult. & Schult.f. Cynodon indicus (L.) Raspail Eleusine japonica Steud. Juncus loureiroana Schult. & Schult.f. Leptochloa pectinata (Lam.) Kunth Triticum geminatum Spreng.,Poaceae,https://mpbd.cu.ac.bd/plants.php?pageno=58,2026-09-22T16:27:42.001539+00:00
Elephantopus SCABER L.,Elephantopus carolinensis G.Mey. Elephantopus scaber var. scaber Elephantopus sordidus Salisb. Scabiosa cochinchinensis Lour.,Asteraceae,https://mpbd.cu.ac.bd/plants.php?pageno=58,2026-09-22T16:27:42.001539+00:00
Elaeocarpus SPHAERICUS (Gaertn.) K. Schum.,Elaeocarpus barnardii Burkill Elaeocarpus malabaricus Oken Ganitrus roxburghii Wight Ganitrus sphaerica Gaertn.,Elaeocarpaceae,https://mpbd.cu.ac.bd/plants.php?pageno=58,2026-09-22T16:27:42.001539+00:00
Elaeocarpus FLORIBUNDUS Blume.,Elaeocarpus seratus L. Elaeocarpus floribundus var. tahanensis (Hend.) NG Elaeocarpus lobbianus Turcz. Elaeocarpus pseudosepicanus O.C.Schmidt Elaeocarpus tahanensis m.R.Hend.,Elaeocarpaceae,https://mpbd.cu.ac.bd/plants.php?pageno=58,2026-09-22T16:27:42.001539+00:00
Eichhornia CRASSIPES (Mart.) Solms.,Eichhornia crassicaulis Schltr. Heteranthera formosa Miq. Piaropus mesomelas Raf. Pontederia crassipes Mart.,Pontederiaceae,https://mpbd.cu.ac.bd/plants.php?pageno=58,2026-09-22T16:27:42.001539+00:00
Ecbolium VIRIDE (Forsk.) Alst.,Ecbolium linneanum var. rotundifolium (Nees)C.B.Clarke Ecbolium viride var. chandrasekariana Remadevi & Binojk.,Acanthaceae,https://mpbd.cu.ac.bd/plants.php?pageno=58,2026-09-22T16:27:42.001539+00:00
Dysoxylum HAMILTONII Hiern.,Guarea alliaria Ham.,Meliaceae,https://mpbd.cu.ac.bd/plants.php?pageno=58,2026-09-22T16:27:42.001539+00:00
Pogostemon auricularius (L.) Hassk.,Dysophylla auricularia (L.) Blume Eusteralis auricularia (L.) M.R.Almeida Mentha auricularia L. Mentha foetida Burm.f.,Lamiaceae,https://mpbd.cu.ac.bd/plants.php?pageno=59,2026-09-22T16:27:43.529321+00:00
Putranjiva roxburghii Wall.,Drypetes roxburghii (Wall.) Hurus. Nageia putranjiva Roxb. Putranjiva amblyocarpa Müll.Arg. Pycnosandra timorensis Blume,Euphorbiaceae,https://mpbd.cu.ac.bd/plants.php?pageno=59,2026-09-22T16:27:43.529321+00:00
Drynaria QUERCIFOLIA (L.) J. Sm.,Polypodium quercifolium L.,Drynariaceae,https://mpbd.cu.ac.bd/plants.php?pageno=59,2026-09-22T16:27:43.529321+00:00
Drosera BURMANII Vahl.,Drosera burmanni var. dietrichiana (Rchb.f.) Diels Drosera dietrichiana Rchb.f. Drosera indica var. dietrichiana (Rchb.f.) Diels,Droseraceae,https://mpbd.cu.ac.bd/plants.php?pageno=59,2026-09-22T16:27:43.529321+00:00
Dodonaea VISCOSA (L.) Jacq.,Dodonaea angustifolia L. Dodonaea latifolia Salisb. Dodonaea pallida Miq. Dodonaea spatulata SM. Ptelea viscosa L.,Sapindaceae,https://mpbd.cu.ac.bd/plants.php?pageno=59,2026-09-22T16:27:43.529321+00:00
Dipterocarpus TURBINATUS C.F Gaertn.,Dipterocarpus jourdainii Pierre Dipterocarpus laevis Buch.-Ham. Dipterocarpus mayapis Blanco Dipterocarpus turbinatus var. ramipiliferus Y.K. Yang & J.K. WU,Dipterocarpaceae,https://mpbd.cu.ac.bd/plants.php?pageno=59,2026-09-22T16:27:43.529321+00:00
Dipterocarpus GRACILIS Bl.,Anisoptera palembanica Miq. Dipterocarpus angustialatus Heim Dipterocarpus hispidus Fern.-Vill. Dipterocarpus velutinus S.Vidal,Dipterocarpaceae,https://mpbd.cu.ac.bd/plants.php?pageno=59,2026-09-22T16:27:43.529321+00:00
Dipterocarpus ALATUS Roxb. ex G. Don.,Dipterocarpus gonopterus Turcz. Dipterocarpus incanus Roxb. Dipterocarpus philippinensis Foxw.,Dipterocarpaceae,https://mpbd.cu.ac.bd/plants.php?pageno=59,2026-09-22T16:27:43.529321+00:00
Diploclisia GLAUCESCENS (Bl.) Diels.,Cebatha macrocarpa (Wight & Arn.) Kuntze Cocculus macrocarpus Wight & Arn. Diploclisia inclyta Miers Diploclisia lepida Miers,Menispermaceae,https://mpbd.cu.ac.bd/plants.php?pageno=59,2026-09-22T16:27:43.529321+00:00
Diospyros MONTANA Roxb. Var. CORDIFOLIA (Roxb.) Heirn.,Diospyros bracteata Roxb. Diospyros cordifolia Roxb. Diospyros microcarpa Span. Diospyros punctata Decne.,Ebenaceae,https://mpbd.cu.ac.bd/plants.php?pageno=59,2026-09-22T16:27:43.529321+00:00
Diospyros MALABARICA (Desr.) Kostel,Diospyros biflora Blanco Diospyros citrifolia Wall. ex A.DC. Embryopteris gelatinifera G.Don Embryopteris glutinifolia Link. Embryopteris peregrina Gaertn.,Ebenaceae,https://mpbd.cu.ac.bd/plants.php?pageno=60,2026-09-22T16:27:45.062252+00:00
Diosocorea PENTAPHYLLA L.,Botryosicyos pentaphyllus (L.) Hochst. Dioscorea digitata Mill. Dioscorea spinosa Burm. Ubium quadrifarium J.F.Gmel.,Dioscoreaceae,https://mpbd.cu.ac.bd/plants.php?pageno=60,2026-09-22T16:27:45.062252+00:00
Dioscorea HISPIDA Dennstedt,Dioscorea daemona Roxb. Dioscorea hirsuta Dennst. Dioscorea triphylla L. Helmia daemona (Roxb.) Kunth Helmia hirsuta (Blume) Kunth,Dioscoreaceae,https://mpbd.cu.ac.bd/plants.php?pageno=60,2026-09-22T16:27:45.062252+00:00
Dioscorea HAMILTONII Hook. f.,Dioscorea persimilis Prain & Burkill Dioscorea persimilis var. pubescens C.T.Ting & M.C.Chang Dioscorea persimilis var. wukangensis Hand.-Mazz. Dioscorea raishaensis Hayata,Dioscoreaceae,https://mpbd.cu.ac.bd/plants.php?pageno=60,2026-09-22T16:27:45.062252+00:00
Dioscorea BULBIFERA L.,Dioscorea crispata Roxb. Dioscorea heterophylla Roxb. Helmia bulbifera (L.) Kunth Polynome bulbifera (L.) Salisb.,Dioscoreaceae,https://mpbd.cu.ac.bd/plants.php?pageno=60,2026-09-22T16:27:45.062252+00:00
Dioscorea BELOPHYLLA (Prain) Haines,Dioscorea nummularia var. belophyllaprain,Dioscoriaceae,https://mpbd.cu.ac.bd/plants.php?pageno=60,2026-09-22T16:27:45.062252+00:00
Dioscorea ALATA L.,Dioscorea javanica Queva Dioscorea purpurea Roxb. Elephantodon eburnea (Lour.) Salisb. Polynome alata (L.) Salisb.,Dioscoreaceae,https://mpbd.cu.ac.bd/plants.php?pageno=60,2026-09-22T16:27:45.062252+00:00
Dimocarpus LONGAN Lamk.,Dimocarpus undulatus Wight Euphoria longana Lam. Euphoria microcarpa Radlk. Nephelium longan (Lour.) Hook.,Sapindaceae,https://mpbd.cu.ac.bd/plants.php?pageno=60,2026-09-22T16:27:45.062252+00:00
Dillenia PENTAGYNA Roxb.,Colbertia augusta Wall. ex G.Don Dillenia augusta Roxb. Dillenia baillonii Pierre ex Laness. Dillenia minor (Zoll. & Moritzi) Gilg,Dilleniaceae,https://mpbd.cu.ac.bd/plants.php?pageno=60,2026-09-22T16:27:45.062252+00:00
Dillenia INDICA L.,Dillenia elongata Miq. Dillenia indica f. elongata (Miq.) Miq.,Dilleniaceae,https://mpbd.cu.ac.bd/plants.php?pageno=60,2026-09-22T16:27:45.062252+00:00
Digera ALTERNIFOLIA Asch.,Digeramuricata(L.) Mart. Digera arvensis Forsk. Achyranthes muricata L.,Amaranthaceae,https://mpbd.cu.ac.bd/plants.php?pageno=61,2026-09-22T16:27:46.588995+00:00
Desmodium TRIFLORUM (L.) DC.,Aeschynomene triflora Poir. Desmodium albiflorum Cordem. Meibomia triflora (L.) Kuntze Nicolsonia triflora Griseb. Pleurolobus triflorus J.ST.-Hil.,Fabeceae,https://mpbd.cu.ac.bd/plants.php?pageno=61,2026-09-22T16:27:46.588995+00:00
Desmodium styracifolium (Osbeck) Merr.,Desmodium retroflexum (L.) DC. Hedysarum capitatum Burm.f. Meibomia capitata (Burm.f.) Kuntze Nicolsonia styracifolia Desv. Uraria retroflexa Drake,Fabeceae,https://mpbd.cu.ac.bd/plants.php?pageno=61,2026-09-22T16:27:46.588995+00:00
Phyllodium PULCHELLUM (L.) Desv.,Desmodium pulchellum (L.) Benth. Dicerma pulchellum (L.) DC. Hedysarum pulchellum L. Meibomia pulchella (L.) Kuntze Zornia pulchella (L.) Pers.,Fabeceae,https://mpbd.cu.ac.bd/plants.php?pageno=61,2026-09-22T16:27:46.588995+00:00
Desmodium HETEROCARPON (L.) A. DC.,Desmodium buergeri Miq. Desmodium toppinii Schindl. Hedysarum polycarpum Poir. Meibomia heterocarpa (L.) Kuntze,Fabeceae,https://mpbd.cu.ac.bd/plants.php?pageno=61,2026-09-22T16:27:46.588995+00:00
Desmodium GANGETICUM (L.) DC.,Aeschynomene maculata (L.) Poir. Desmodium cavaleriei H.Lev. Hedysarum collinum Roxb. Meibomia gangetica (L.) Kuntze Pleurolobus gangeticus J.ST.-Hil.,Fabeceae,https://mpbd.cu.ac.bd/plants.php?pageno=61,2026-09-22T16:27:46.588995+00:00
Derris TRIFOLIATA Lour.,Derris uliginosa Benth. Dalbergia heterophylla Willd. Deguelia trifoliata (Lour.) Taub. Derris affinis Benth. Pterocarpus frutescens Blanco Robinia uliginosa Willd.,Fabeceae,https://mpbd.cu.ac.bd/plants.php?pageno=61,2026-09-22T16:27:46.588995+00:00
Derris ROBUSTA Benth.,Brachypterum platyphyllum Miq Dalbergia robusta DC. Deguelia robusta (Roxb.) Taub. Derris polyphylla (Miq.) Benth. Pterocarpus robusta (Roxb. ex DC.) Kuntze,Fabeceae,https://mpbd.cu.ac.bd/plants.php?pageno=61,2026-09-22T16:27:46.588995+00:00
Derris INDICA (Lamk.) Bennet.,Pongamia pinnata(L.) Pierre. Pongamia glabra Vent.,Fabaceae,https://mpbd.cu.ac.bd/plants.php?pageno=61,2026-09-22T16:27:46.588995+00:00
Derris ELLIPTICA Benth.,Cylista piscatoria Blanco Galedupa elliptica Roxb. Millettia piscatoria Merr. Pongamia elliptica Wall.,Fabeceae,https://mpbd.cu.ac.bd/plants.php?pageno=61,2026-09-22T16:27:46.588995+00:00
Dendrophthoe FALCATA (L. f.) Ett.,Dendrophthoe bicolor (Roxb.) Mart. Dendrophthoe cordifolia (Wall.) Mart. Etubila longiflora (Desr.) Raf. Loranthus amplexifolius DC.,Loranthaceae,https://mpbd.cu.ac.bd/plants.php?pageno=62,2026-09-22T16:27:48.116014+00:00
Dendrocalamus STRICTUS (Roxb.) Nees.,Bambos stricta Roxb. Bambusa stricta (Roxb.) Roxb. Dendrocalamus strictus var. prainianus Gamble Nastus strictus (Roxb.) SM.,Poaceae,https://mpbd.cu.ac.bd/plants.php?pageno=62,2026-09-22T16:27:48.116014+00:00
Daucus CAROTA L.,Caucalis carota (L.) Crantz Daucus alatus Poir. Daucus allionii Link,Apiaceae,https://mpbd.cu.ac.bd/plants.php?pageno=62,2026-09-22T16:27:48.116014+00:00
Datura METEL L.,Brugmansia waymanii Paxton Datura alba Rumph. ex Nees Datura dubia Rich. Datura nigra Hassk.,Solanaceae,https://mpbd.cu.ac.bd/plants.php?pageno=62,2026-09-22T16:27:48.116014+00:00
Dalbergia VOLUBILIS Roxb.,"Amerimnon volubile (Roxb.) Kuntze Dalbergia confertiflora ""Benth. P.P."" Dalbergia purpurea ""Benth. P.P."" Dalbergia volubilis var. volubilis",Fabaceae,https://mpbd.cu.ac.bd/plants.php?pageno=62,2026-09-22T16:27:48.116014+00:00
Dalbergia STIPULACEA Roxb.,Amerimnon ferrugineum Kuntze Dalbergia ferruginea Roxb. Dalbergia limonensis Benth. Dalbergia stipulaceae Fern.-Vill.,Fabaceae,https://mpbd.cu.ac.bd/plants.php?pageno=62,2026-09-22T16:27:48.116014+00:00
Dalbergia SPINOSA Roxb.,Amerimnum horsidum Dennst. Amerimnum spinosum (Roxb.) Kuntze Dalbergia horrida Graham Drepanocarpus spinosus (Roxb.) Kurz,Fabaceae,https://mpbd.cu.ac.bd/plants.php?pageno=62,2026-09-22T16:27:48.116014+00:00
Dalbergia SISSOO Roxb.,Amerimnon sissoo (Roxb.) Kuntze,Fabaceae,https://mpbd.cu.ac.bd/plants.php?pageno=62,2026-09-22T16:27:48.116014+00:00
Dalbergia LATIFOLIA Roxb.,Amerimnon latifolium (Roxb.) Kuntze Dalbergia emarginata Roxb.,Fabaceae,https://mpbd.cu.ac.bd/plants.php?pageno=62,2026-09-22T16:27:48.116014+00:00
Dalbergia LANCEOLARIA L.,Amerimnon lanceolarium (L.f.) Kuntze Dalbergia arborea B.Heyne Dalbergia frondosa DC. Dalbergia lanceolaria subsp. lanceolaria,Fabaceae,https://mpbd.cu.ac.bd/plants.php?pageno=62,2026-09-22T16:27:48.116014+00:00
Dactyloctenium AEGYPTIUM (L.) Beauv.,Eleusine aegyptiaca L. Aegilops saccharina Walter Chloris mucronata Michx. Eleusine prostrata Spreng. Rabdochloa mucronata (Michx.) P.Beauv.,Poaceae,https://mpbd.cu.ac.bd/plants.php?pageno=63,2026-09-22T16:27:49.648749+00:00
Cyperus SCARIOSUS Br.,Cyperus corymbosus var. scariosus (R.BR.) Kük.,Cyperaceae,https://mpbd.cu.ac.bd/plants.php?pageno=63,2026-09-22T16:27:49.648749+00:00
Cyperus ROTUNDUS L.,Chlorocyperus rotundus (L.) Palla Cyperus bicolor Vahl Cyperus hydra Michx. Pycreus rotundus (L.) Hayek Schoenus tuberosus Burm.f.,Cyperaceae,https://mpbd.cu.ac.bd/plants.php?pageno=63,2026-09-22T16:27:49.648749+00:00
Cyperus IRIA L.,Chlorocyperus iria (L.) Rikli Cyperus diaphaniria Steud. Cyperus panicoides Lam. Cyperus santonici Rottb.,Cyperaceae,https://mpbd.cu.ac.bd/plants.php?pageno=63,2026-09-22T16:27:49.648749+00:00
Cyperus ARTICULATUS L.,Chlorocyperus articulatus (L.) Rikli Cyperus borbonicus Steud. Cyperus gymnos Schult. Papyrus pangorei Nees,Cyperaceae,https://mpbd.cu.ac.bd/plants.php?pageno=63,2026-09-22T16:27:49.648749+00:00
Cynometra RAMIFLORA L.,Cynometra bijuga Span. Cynometra hosinoi Kaneh. Cynometra ramiflora var. ramiflora Cynometra whitfordii Elmer Maniltoa carolinensis (Kaneh.) Hosok.,Caesalpinaeae,https://mpbd.cu.ac.bd/plants.php?pageno=63,2026-09-22T16:27:49.648749+00:00
Cynodon DACTYLON (L.)Pers.,Agrostis stellata Willd. Chloris maritima Trin. Cynodon linearis Willd. Digitaria dactylon (L.) Scop. Fibichia umbellata F. Major Beck Milium dactylon (L.) Moench Phleum dactylon (L.) Georgi,Poaceae,https://mpbd.cu.ac.bd/plants.php?pageno=63,2026-09-22T16:27:49.648749+00:00
Cymbopogon CITRATUS (DC.) Stapf.,Andropogon ceriferus Hack. Andropogon citratus DC. Andropogon fragrans C.Cordem. Andropogon roxburghii Nees ex Steud.,Poaceae,https://mpbd.cu.ac.bd/plants.php?pageno=63,2026-09-22T16:27:49.648749+00:00
Cymbidium ALOIFOLIUM (L.) Sw.,Aerides borassii Buch.-Ham. ex Sm. Cymbidium simulans Rolfe Epidendrum aloides Curtis Epidendrum aloifolium L.,Orchidaceae,https://mpbd.cu.ac.bd/plants.php?pageno=63,2026-09-22T16:27:49.648749+00:00
Cuscuta REFLEXA Roxb.,Cuscuta elatior Choisy Cuscuta hookeri Sweet Cuscuta megalantha Steud Monogynella reflexa (Roxb.) Holub,Cuscutaceae,https://mpbd.cu.ac.bd/plants.php?pageno=63,2026-09-22T16:27:49.648749+00:00
Cuscuta HYALINA Roth.,Cuscuta arabica Wight Cuscuta boissieri Stocks Cuscuta epitribulum Schinz Cuscuta oxypetala Boiss.,Cuscutaceae,https://mpbd.cu.ac.bd/plants.php?pageno=64,2026-09-22T16:27:51.173496+00:00
Curcuma ZEDOARIA Rosc.,Amomum latifolium Lam. Costus luteus Blanco Curcuma pallida Lour. Erndlia zerumbet Giseke Roscoea nigrociliata Hassk.,Zingiberaceae,https://mpbd.cu.ac.bd/plants.php?pageno=64,2026-09-22T16:27:51.173496+00:00
Curcuma LONGA L.,Amomum curcuma Jacq. Curcuma soloensis Valeton Stissera curcuma Giseke Stissera curcuma Raeusch.,Zingiberaceae,https://mpbd.cu.ac.bd/plants.php?pageno=64,2026-09-22T16:27:51.173496+00:00
Curcuma CAESIA Roxb.,Curcuma kuchoor Royle,Zingiberaceae,https://mpbd.cu.ac.bd/plants.php?pageno=64,2026-09-22T16:27:51.173496+00:00
Curcuma AROMATICA Salisb.,Curcuma wenyujin Y.H.Chen & C.Ling,Zingiberaceae,https://mpbd.cu.ac.bd/plants.php?pageno=64,2026-09-22T16:27:51.173496+00:00
Curcuma ANGUSTIFOLIA Roxb.,-,Zingiberaceae,https://mpbd.cu.ac.bd/plants.php?pageno=64,2026-09-22T16:27:51.173496+00:00
Curcuma AMADA Roxb.,Curcuma amada var. glabra Velay. Unnikr. Asha & Maya,Zingiberaceae,https://mpbd.cu.ac.bd/plants.php?pageno=64,2026-09-22T16:27:51.173496+00:00
Curculigo ORCHIOIDES Gaertn.,Curculigo malabarica Wight Franquevillea major Zoll. ex Kurz Gethyllis acaulis Blanco Hypoxis dulcis Steud. ex Baker,Hypoxidaceae,https://mpbd.cu.ac.bd/plants.php?pageno=64,2026-09-22T16:27:51.173496+00:00
Cuminum CYMINUM L.,Cuminum hispanicum Mérat ex DC. Cuminum odorum Salisb. Cuminum sativum J.SM. Cyminon longeinvolucellatum St.-Lag.,Apiaceae,https://mpbd.cu.ac.bd/plants.php?pageno=64,2026-09-22T16:27:51.173496+00:00
Cullen CORYLIFOLIA (L.) Medic.,Lotodes corylifolia (L.) Kuntze Psoralea corylifolia L. Psoralea patersoniae Schonl. Trifolium unifolium Forssk.,Fabaceae,https://mpbd.cu.ac.bd/plants.php?pageno=64,2026-09-22T16:27:51.173496+00:00
Cucurbita MAXIMA Duch.,Cucurbita pileiformis M.Roem. Cucurbita sulcata Blanco Cucurbita turbaniformis M.Roem. Cucurbita zapallito Carrière,Cucurbitaceae,https://mpbd.cu.ac.bd/plants.php?pageno=65,2026-09-22T16:27:52.700631+00:00
Cucumis SATIVUS L.,Cucumis esculentus Salisb. Cucumis rumphii Hassk. Cucumis setosus Cogn. Cucumis vilmorinii Spreng.,Cucurbitaceae,https://mpbd.cu.ac.bd/plants.php?pageno=65,2026-09-22T16:27:52.700631+00:00
Cucumis MELO L.,Cucumis acidus Jacq. Cucumis alba Nakai Ecballium lambertianum M.Roem. Melo cassaba Pangalo,Cucurbitaceae,https://mpbd.cu.ac.bd/plants.php?pageno=65,2026-09-22T16:27:52.700631+00:00
Cryptolepis dubia (Burm.f.) M.R.Almeida,Cryptolepis buchananii Roem. & Schult. Cryptolepis reticulata (Roth) Wall. ex Steud. Nerium reticulatum Roxb.,Asclepiadaceae,https://mpbd.cu.ac.bd/plants.php?pageno=65,2026-09-22T16:27:52.700631+00:00
Cryptocoryne spiralis (Retz.) Fisch. ex Wydler,Ambrosina spirialis (Retz.) Roxb. Arum spirale Retz. Cryptocoryne spiralis var. spiralis Cryptocoryne tortuosa Blatt. & Mccann,Araceae,https://mpbd.cu.ac.bd/plants.php?pageno=65,2026-09-22T16:27:52.700631+00:00
Croton TIGLIUM L.,Croton acutus Thunb. Croton arboreus Shecut Halecus verus Raf. Tiglium officinale Klotzsch,Euphorbiaceae,https://mpbd.cu.ac.bd/plants.php?pageno=65,2026-09-22T16:27:52.700631+00:00
croton PERSIMILIS Müll.Arg.,Croton virbalae M.R.Almeida Oxydectes oblongifolia Kuntze Oxydectes persimilis (Müll.Arg.) Kuntze,Euphorbiaceae,https://mpbd.cu.ac.bd/plants.php?pageno=65,2026-09-22T16:27:52.700631+00:00
Croton CAUDATUS Geisel.,Croton drupaceus Roxb. Croton racemosus Burm.f. Oxydectes caudata (Geiseler) Kuntze Oxydectes denticulata Kuntze,Euphorbiaceae,https://mpbd.cu.ac.bd/plants.php?pageno=65,2026-09-22T16:27:52.700631+00:00
Croton BONPLANDIANUM Baill.,Croton sparsiflorus Morong. Croton pauperulus Müll.Arg. Croton rivinoides Chodat Oxydectes bonplandiana (Baill.) Kuntze Oxydectes pauperula (Müll.Arg.) Kuntze,Euphorbiaceae,https://mpbd.cu.ac.bd/plants.php?pageno=65,2026-09-22T16:27:52.700631+00:00
Crotalaria VERRUCOSA L.,Anisanthera hastata Raf. Crotalaria acuminata (DC.) G.Don Phaseolus bulai Blanco Quirosia anceps Blanco,Fabaceae,https://mpbd.cu.ac.bd/plants.php?pageno=65,2026-09-22T16:27:52.700631+00:00
Crotalaria SPECTABILIS Roth.,Crotalaria altipes Raf. Crotalaria macrophylla Wienmann Crotalaria retzii Hitchc. Crotalaria sericea Retz.,Fabaceae,https://mpbd.cu.ac.bd/plants.php?pageno=66,2026-09-22T16:27:54.233815+00:00
Crotalaria RETUSA L.,Crotalaria retusa var. retusa Crotalaria retusifolia Stokes Dolichos cuneifolius Forssk. Lupinus cochinchinensis Lour.,Fabaceae,https://mpbd.cu.ac.bd/plants.php?pageno=66,2026-09-22T16:27:54.233815+00:00
Crotalaria PROSTRATA Roxb.,Crotalaria prostrata D.Don Crotalaria prostrata Roxb. Crotalaria prostrata var. prostrata,Fabaceae,https://mpbd.cu.ac.bd/plants.php?pageno=66,2026-09-22T16:27:54.233815+00:00
Crotalaria PALLIDA Ait.,Crotalaria brownei DC. Crotalaria hookeri Arn. Crotalaria latifolia Wight & Arn. Lebeckia rostrata Fenzl,Fabeceae,https://mpbd.cu.ac.bd/plants.php?pageno=66,2026-09-22T16:27:54.233815+00:00
Crotalaria JUNCEA L.,Crotalaria benghalensis Lam. Crotalaria porrecta Wall. Crotalaria sericea Willd. Crotalaria tenuifolia Roxb.,Fabaceae,https://mpbd.cu.ac.bd/plants.php?pageno=66,2026-09-22T16:27:54.233815+00:00
Crotalaria CALYCINA Schrank,Crotalaria anthylloides D.Don Crotalaria roxburghiana DC. Crotalaria stricta Roxb.,Fabaceae,https://mpbd.cu.ac.bd/plants.php?pageno=66,2026-09-22T16:27:54.233815+00:00
Crotalaria ALBIDA Heyne ex Roth.,-,Fabaceae,https://mpbd.cu.ac.bd/plants.php?pageno=66,2026-09-22T16:27:54.233815+00:00
crotalaria ALATA D.Don,Crotalaria alata H.Lev. Crotalaria bidiei Gamble Crotalaria alata Buch.- Ham. ex Roxb.,Fabaceae,https://mpbd.cu.ac.bd/plants.php?pageno=66,2026-09-22T16:27:54.233815+00:00
Crossandra INFUNDIBULIFORMIS (L.) Nees.,Crossandra undulaefolia Salisb. Crossandra axillaris Nees Crossandra nutans Wight ex Nees Harrachia spinosa Hook. ex Nees Justicia infundibuliformis L. Ruellia infundibuliformis (L.) Andrews,Acanthaceae,https://mpbd.cu.ac.bd/plants.php?pageno=66,2026-09-22T16:27:54.233815+00:00
Crinum viviparum (Lam.) R.Ansari & V.J.Nair,Amaryllis vivipara Lam. Crinum defixum Ker Gawl. Crinum ensifolium Roxb. Crinum roxburghii Dalzell & A.Gibson,Amaryllidaceae,https://mpbd.cu.ac.bd/plants.php?pageno=66,2026-09-22T16:27:54.233815+00:00
Crinum ASIATICUM L.,Amaryllis carnosa Hook.f. Bulbine asiatica (L.) Gaertn. Crinum anomalum Herb. Crinum cortifolium Hallier f. Lilium pendulum Noronha.,Amaryllidaceae,https://mpbd.cu.ac.bd/plants.php?pageno=67,2026-09-22T16:27:55.763539+00:00
Crateva religiosa G.Forst.,Crateva hansemannii K.Schum. Crateva macrocarpa Kurz Crateva magna (Lour.) DC. Crateva speciosa Volkens,Capparidaceae,https://mpbd.cu.ac.bd/plants.php?pageno=67,2026-09-22T16:27:55.763539+00:00
Crassocephalum CREPIDIOIDES (Benth.) Moore,Crassocephalum crepidioides var. crepidioides Gynura crepidioides Benth. Gynura microcephala Vatke Gynura polycephala Benth.,Asteraceae,https://mpbd.cu.ac.bd/plants.php?pageno=67,2026-09-22T16:27:55.763539+00:00
Cheilocostus SPECIOSUS (J.Koenig) C.D.Specht,Amomum arboreum Lour. Costus angustifolius Ker Gawl. Costus speciosus (J.Koenig) SM. Planera speciosa (J.Koenig) Giseke Tsiana speciosa (J.Koenig) J.F.Gmel.,Costaceae,https://mpbd.cu.ac.bd/plants.php?pageno=67,2026-09-22T16:27:55.763539+00:00
Coriandrum SATIVUM L.,Bifora loureiroi Kostel. Coriandrum globosum Salisb. Coriandrum majus Gouan Selinum coriandrum Krause,Apiaceae,https://mpbd.cu.ac.bd/plants.php?pageno=67,2026-09-22T16:27:55.763539+00:00
Cordia DICHOTOMA Forst. f.,Cordia obliqua Willd. Cordia myxa Roxb. Auct. non L. Cordia brownii A.DC. Cordia latifolia Roxb. Cordia tremula Griseb. Gerascanthus dichotomus (G.Forst.) Borhidi Varronia sinensis Lour.,Boraginaceae,https://mpbd.cu.ac.bd/plants.php?pageno=67,2026-09-22T16:27:55.763539+00:00
Corchorus OLITORIUS L.,Corchorus catharticus Blanco Corchorus longicarpus G.Don Corchorus malchairii DE Wild. Corchorus quinquelocularis Moench,Tiliaceae,https://mpbd.cu.ac.bd/plants.php?pageno=67,2026-09-22T16:27:55.763539+00:00
Corchorus FASICULARIS Lamk.,Corchorus brachycarpus Guill. & Perr.,Tiliaceae,https://mpbd.cu.ac.bd/plants.php?pageno=67,2026-09-22T16:27:55.763539+00:00
Corchorus CAPSULARIS L.,Corchorus cordifolius Salisb.,Tiliaceae,https://mpbd.cu.ac.bd/plants.php?pageno=67,2026-09-22T16:27:55.763539+00:00
Commiphora madagascariensis Jacq.,Amyris agallocha Roxb. Balsamea agallocha Baill. Balsamea roxburghii Engl. Balsamodendrum roxburghii Arn.,Burseraceae,https://mpbd.cu.ac.bd/plants.php?pageno=67,2026-09-22T16:27:55.763539+00:00
Commelina SUFFRUTICOSA Bl.,Commelina rugulosa C.B.Clarke Commelina simsonii C.B.Clarke Spathodithyros suffruticosus (Blume) Hassk.,Commelinaceae,https://mpbd.cu.ac.bd/plants.php?pageno=68,2026-09-22T16:27:57.298302+00:00
Commelina PALUDOSA Bl.,Commelina obliqua Buch.-Ham. Commelina donii A.Dietr. Commelina paludosa f. pedunculata Qaiser & Jafri,Commelinaceae,https://mpbd.cu.ac.bd/plants.php?pageno=68,2026-09-22T16:27:57.298302+00:00
Commelina DIFFUSA Burm. f.,Commelina agraria Kunth Commelina aquatica J.K.Morton Commelina formosa Graham Commelina prostrata Kunth,Commelinaceae,https://mpbd.cu.ac.bd/plants.php?pageno=68,2026-09-22T16:27:57.298302+00:00
Commelina BENGHALENSIS L.,Commelina cucullata L. Commelina hirsuta R.Br. Commelina nervosa Burm.f. Commelina turbinata Vahl,Commelinaceae,https://mpbd.cu.ac.bd/plants.php?pageno=68,2026-09-22T16:27:57.298302+00:00
Colocasia ESCULENTA (L.) Schott.,Arum esculentum L. Alocasia illustris W.Bull Arum chinense L. Calla virosa Roxb. Caladium esculentum (L.) Vent. Colocasia vulgaris Raf. Leucocasia esculenta (L.) Nakai,Araceae,https://mpbd.cu.ac.bd/plants.php?pageno=68,2026-09-22T16:27:57.298302+00:00
Colocasia AFFINIS Schott.,Alocasia jenningsii Veitch Colocasia affinis var. jenningsii (Veitch) Engl. Colocasia bicolor C.L.Long & L.M.Cao,Araceae,https://mpbd.cu.ac.bd/plants.php?pageno=68,2026-09-22T16:27:57.298302+00:00
Plectranthus amboinicus (Lour.) Spreng.,Coleus amboinicus Lour. Coleus carnosus Hassk. Majana suganda (Blanco) Kuntze Ocimum vaalae Forssk.,Lamiaceae,https://mpbd.cu.ac.bd/plants.php?pageno=68,2026-09-22T16:27:57.298302+00:00
Coix LACHRYMA - JOBI L.,Coix agrestis Lour. Coix exaltata Jacq. Coix pumila Roxb. Lithagrostis lacryma-jobi (L.) Gaertn.,Poaceae,https://mpbd.cu.ac.bd/plants.php?pageno=68,2026-09-22T16:27:57.298302+00:00
Cocos NUCIFERA L.,Calappa nucifera (L.) Kuntze Cocos indica Royle Cocos nana Griff. Cocos nucifera var. synphyllica Becc.,Arecaceae,https://mpbd.cu.ac.bd/plants.php?pageno=68,2026-09-22T16:27:57.298302+00:00
Cocculus HIRSUTUS (L.) W.Theob.,Cebatha hirsuta (L.) Kuntze Cocculus hirsutus (L.) Diels Cocculus villosus DC. Menispermum hirsutum L.,Menispermaceae,https://mpbd.cu.ac.bd/plants.php?pageno=68,2026-09-22T16:27:57.298302+00:00
Coccinia GRANDIS (L.) Voigt.,Coccinea cordifolia(L.) Cogn. Coccinea indica Wight & Arn. Cephalandra indica Naud. Bryonia grandis L. Cephalandra grandis Kurz Cucumis pavel Kostel. Momordica bicolor Blume,Cucurbitaceae,https://mpbd.cu.ac.bd/plants.php?pageno=69,2026-09-22T16:27:58.827647+00:00
Clitoria TARNETEA L.,Clitoria albiflora Mattei Lathyrus spectabilis Forssk. Nauchea ternatea (L.) Descourt. Ternatea vulgaris Kuntze,Fabaceae,https://mpbd.cu.ac.bd/plants.php?pageno=69,2026-09-22T16:27:58.827647+00:00
Clerodendrum laevifolium Blume.,Clerodendrum ellipticum Zipp. ex Span. Clerodendrum wallichii Merr. Clerodendrum nutansWall. ex G. Don.,Verbenaceae,https://mpbd.cu.ac.bd/plants.php?pageno=69,2026-09-22T16:27:58.827647+00:00
Clerodendrum INFORTUNATUM L.,Clerodendrum calycinum Turcz. Ovieda infortunata (L.) Baill. Clerodendrum viscosum Vent.,Verbenaceae,https://mpbd.cu.ac.bd/plants.php?pageno=69,2026-09-22T16:27:58.827647+00:00
Volkameria inermis L.,Clerodendrum inerme (L.) Gaertn. Clerodendrum javanicum Spreng. Ovieda inermis (L.) Burm.f. Volkameria neriifolia Roxb.,Verbenaceae,https://mpbd.cu.ac.bd/plants.php?pageno=69,2026-09-22T16:27:58.827647+00:00
Clerodendrum INDICUM (L.) Kuntze.,Clerodendrum siphonanthus R. Br. Clerodendrum longicolle G.Mey. Clerodendrum mite (L.) Vatke Ovieda mitis L. Siphonanthus indicus L.,Verbenaceae,https://mpbd.cu.ac.bd/plants.php?pageno=69,2026-09-22T16:27:58.827647+00:00
Cleome VISCOSA L.,Polanisia viscosa (L.) DC. Arivela viscosa (L.) Raf. Cleome icosandra L. Polanisia microphylla Eichler Sinapistrum viscosum (l.) Moench,Capparidaceae,https://mpbd.cu.ac.bd/plants.php?pageno=69,2026-09-22T16:27:58.827647+00:00
Cleome GYNANDRA L.,Cleome pentaphylla L. Gynandropsis gynandra(L.) Briq. Gynandropsis pentaphylla (L.) DC. Cleome acuta Schumach. & Thonn. Cleome alliacea Blanco Gynandropsis triphylla DC. Pedicellaria triphylla (L.) Pax,Capparidaceae,https://mpbd.cu.ac.bd/plants.php?pageno=69,2026-09-22T16:27:58.827647+00:00
Clausena HEPTAPHYLLA (Roxb.) Wight.& Arn.,Amyris anisata Roxb. ex Steud. Amyris heptaphylla Roxb. ex DC. Clausena heptaphylla var. engleri (Tanaka) Swingle Clausena macrophylla Hook.f.,Rutaceae,https://mpbd.cu.ac.bd/plants.php?pageno=69,2026-09-22T16:27:58.827647+00:00
Clausena EXCAVATA Burm. f.,Amyris punctata Roxb. Clausena javensis J.f.Gmel. Cookia anisodora Blanco Gallesioa graveolens M.Roem. Lawsonia falcata Lour.,Rutaceae,https://mpbd.cu.ac.bd/plants.php?pageno=69,2026-09-22T16:27:58.827647+00:00
Citrus maxima (Burm.) Merr.,Aurantium decumana (L.) Mill. Aurantium maximum Burm. Citrus grandis (L.) Osbeck Citrus pompelmos Risso. Citrus decumana L. Citrus aurantium Var. grandis L.,Rutaceae,https://mpbd.cu.ac.bd/plants.php?pageno=70,2026-09-22T16:28:00.356041+00:00
Citrus AURANTIFOLIA (Christ.) Sw.,Citrus medica Var. acida Citrus × acida Pers. Citrus × excelsa Wester Citrus × javanica Blume Limonia × aurantiifolia Christm.,Rutaceae,https://mpbd.cu.ac.bd/plants.php?pageno=70,2026-09-22T16:28:00.356041+00:00
Citrullus lanatus (Thunb.) Matsum. & Nakai,Anguria citrullus Mill. Citrullus amarus Schrad. Cucurbita citrullus L. Momordica lanata Thunb. Citrullus valgaris Schrad.,Cucurbitaceae,https://mpbd.cu.ac.bd/plants.php?pageno=70,2026-09-22T16:28:00.356041+00:00
Cissus REPENS Lamk.,Cissus cordata Roxb. Vitis repens (Lamk.)Wight & Arn. Cissus purpurea Roxb. ex Steud. Vitis diffusa Miq. Vitis modesta Miq.,Vitaceae,https://mpbd.cu.ac.bd/plants.php?pageno=70,2026-09-22T16:28:00.356041+00:00
Cissus REPENDA(Wight & Arn.) Vahl.,Vitis rependa (Vahl.) Weight & Arn. Vitis rosea Royal. Cissus indica Rottler Cissus rosea (Royle) Walp. Rinxostylis repanda (Vahl) Raf. Vitis gigantea Bedd.,Vitaceae,https://mpbd.cu.ac.bd/plants.php?pageno=70,2026-09-22T16:28:00.356041+00:00
Cissus QUADRANGULARIS L.,Vitis quadrangularis Wall. ex Weight & Arn. Cissus edulis Dalzell Cissus quadrangula L. Cissus tetraptera Hook.f. Vitis succulenta Galpin,Vitaceae,https://mpbd.cu.ac.bd/plants.php?pageno=70,2026-09-22T16:28:00.356041+00:00
Cissus ELONGATA Roxb.,Cayratia elongata (Roxb.) Suess. Vitis elongata (Roxb.) Wall. ex M.A. Lawson,Vitaceae,https://mpbd.cu.ac.bd/plants.php?pageno=70,2026-09-22T16:28:00.356041+00:00
Cissus ASSAMICA (Lawson) Craib.,Vitis assamica Lawson,Vitaceae,https://mpbd.cu.ac.bd/plants.php?pageno=70,2026-09-22T16:28:00.356041+00:00
Allium TUBEROSUM Roxb.,-,Liliaceae,https://mpbd.cu.ac.bd/plants.php?pageno=70,2026-09-22T16:28:00.356041+00:00
Allophylus DIMORPHUS Radlk. .,Allophylus cobbe Bl. A. serratus Radlk,Sapindaceae,https://mpbd.cu.ac.bd/plants.php?pageno=70,2026-09-22T16:28:00.356041+00:00
Alocasia INDICA (Roxb.) Schott.,-,Araceae,https://mpbd.cu.ac.bd/plants.php?pageno=71,2026-09-22T16:28:01.889327+00:00
Aloe BARBADENSIS Mill,A. vera Tourn. ex L,Liliaceae,https://mpbd.cu.ac.bd/plants.php?pageno=71,2026-09-22T16:28:01.889327+00:00
Alpinia CALCARATA Rosc.,-,Zingiberaceae,https://mpbd.cu.ac.bd/plants.php?pageno=71,2026-09-22T16:28:01.889327+00:00
Alpinia CONCHIGERA Griff.,-,Zingiberaceae,https://mpbd.cu.ac.bd/plants.php?pageno=71,2026-09-22T16:28:01.889327+00:00
Alpinia MALACCENSIS Rosc.,-,Zingiberaceae,https://mpbd.cu.ac.bd/plants.php?pageno=71,2026-09-22T16:28:01.889327+00:00
Alpinia NIGRA (Gaertn.) Burtt.,A. allughas (Retz.) Rosc.,Zingiberaceae,https://mpbd.cu.ac.bd/plants.php?pageno=71,2026-09-22T16:28:01.889327+00:00
Alstonia SCHOLARIS (L.) R. Br.,-,Apocynaceae,https://mpbd.cu.ac.bd/plants.php?pageno=71,2026-09-22T16:28:01.889327+00:00
Alternanthera SESSILIS (L.) R. Br.,-,Amaranthaceae,https://mpbd.cu.ac.bd/plants.php?pageno=71,2026-09-22T16:28:01.889327+00:00
Amaranthus SPINOSUS L.,-,Amaranthaceae,https://mpbd.cu.ac.bd/plants.php?pageno=71,2026-09-22T16:28:01.889327+00:00
Amaranthus VIRIDIS L.,-,Amaranthaceae,https://mpbd.cu.ac.bd/plants.php?pageno=71,2026-09-22T16:28:01.889327+00:00
Amischophacelus AXILLARIS (L.) R. R. & K.,Cyanotis axillaris R. & S. f Commelina axillaris L.,Commelinaceae,https://mpbd.cu.ac.bd/plants.php?pageno=72,2026-09-22T16:28:03.429640+00:00
Ammannia BACCIFERA L,-,Lythraceae,https://mpbd.cu.ac.bd/plants.php?pageno=72,2026-09-22T16:28:03.429640+00:00
Amomum AROMATICUM Roxb,-,Zingiberaceae,https://mpbd.cu.ac.bd/plants.php?pageno=72,2026-09-22T16:28:03.429640+00:00
Amomum COSTATUM Benth.,-,Zingiberaceae,https://mpbd.cu.ac.bd/plants.php?pageno=72,2026-09-22T16:28:03.429640+00:00
Amoora CUCULATA Roxb.,-,Meliaceae,https://mpbd.cu.ac.bd/plants.php?pageno=72,2026-09-22T16:28:03.429640+00:00
Amorphophallus CAMPANULATUS (Roxb.) Bl. ex. Decne.,-,Araceae,https://mpbd.cu.ac.bd/plants.php?pageno=72,2026-09-22T16:28:03.429640+00:00
Ampelocissus BARBATA (Wall.) Planch.,Vitis barbata Wall.,Vitaceae,https://mpbd.cu.ac.bd/plants.php?pageno=72,2026-09-22T16:28:03.429640+00:00
Ampelocissus LATIFOLIA (Roxb.) Planch.,Vitis latifolia Roxb.,Vitaceae,https://mpbd.cu.ac.bd/plants.php?pageno=72,2026-09-22T16:28:03.429640+00:00
Anacardium OCCIDENTALE L.,-,Anacardiaceae,https://mpbd.cu.ac.bd/plants.php?pageno=72,2026-09-22T16:28:03.429640+00:00
Anagallis ARVENSIS L.,-,Primulaceae,https://mpbd.cu.ac.bd/plants.php?pageno=72,2026-09-22T16:28:03.429640+00:00
Anamirta COCCULUS (L.) W. & A.,A. paniculata Cole.,Menispermaceae,https://mpbd.cu.ac.bd/plants.php?pageno=73,2026-09-22T16:28:04.955580+00:00
Ananas SATIVUS Schult. f.,A. comosus Merr.,Bromeliaceae,https://mpbd.cu.ac.bd/plants.php?pageno=73,2026-09-22T16:28:04.955580+00:00
Andrographis PANICULATA (Burm. f.) Wall. ex Ness.,Justicia paniculata Burm.f.,Acanthaceae,https://mpbd.cu.ac.bd/plants.php?pageno=73,2026-09-22T16:28:04.955580+00:00
Anisomeles INDICA (L.) Kuntze.,A. ovata R. Br.,Lamiaceae,https://mpbd.cu.ac.bd/plants.php?pageno=73,2026-09-22T16:28:04.955580+00:00
Annona RETICULATA L.,-,Annonaceae,https://mpbd.cu.ac.bd/plants.php?pageno=73,2026-09-22T16:28:04.955580+00:00
Annona SQUAMOSA L.,-,Annonaceae,https://mpbd.cu.ac.bd/plants.php?pageno=73,2026-09-22T16:28:04.955580+00:00
Anodendron MANUBRIATUM (Wall.) Merr.,A. paniculatum (Roxb.) DC.,Apocynaceae,https://mpbd.cu.ac.bd/plants.php?pageno=73,2026-09-22T16:28:04.955580+00:00
Anthocephalus CHINENSIS (Lamk.) Rich. ex Walp.,A . cadamba Miq A. indicus A. Rich.,Rubiaceae,https://mpbd.cu.ac.bd/plants.php?pageno=73,2026-09-22T16:28:04.955580+00:00
Antidesma ROXBURGHII Wall.,-,Euphorbiaceae,https://mpbd.cu.ac.bd/plants.php?pageno=73,2026-09-22T16:28:04.955580+00:00
Aphanamixis POLYSTACHYA (Wall.) R.N. Parker.,Amoora rohituka W. & A.,Meliaceae,https://mpbd.cu.ac.bd/plants.php?pageno=73,2026-09-22T16:28:04.955580+00:00
Aquilaria MALACCENSIS Lamk.,Aloexylum agallochum Lour. Aquilaria moluccensis Oken Aquilaria secundaria Rumph. Ex Dc. Aquilariella malaccensis (Lam.) Tiegh.,Thymelaeaceae,https://mpbd.cu.ac.bd/plants.php?pageno=74,2026-09-22T16:28:06.485628+00:00
Arachis HYPOGEA L.,Arachis hypogaea var. Hypogaea Arachis hypogaea subsp. oleifera A.Chev. Arachis nambyquarae Hoehne Lathyrus esquirolii H. Lév.,Fabaceae,https://mpbd.cu.ac.bd/plants.php?pageno=74,2026-09-22T16:28:06.485628+00:00
Ardisia PANICULATA Roxb.,69. Ardisia paniculata A.Dc. Ardisia anceps Blume Ardisia ovata Thunb. Ardisia rothii A.Dc. Tinus paniculata (Roxb.) Kuntze,Myrsinaceae,https://mpbd.cu.ac.bd/plants.php?pageno=74,2026-09-22T16:28:06.485628+00:00
Ardisia SOLANACEA (Poir.) Roxb.,-,Myrsinaceae,https://mpbd.cu.ac.bd/plants.php?pageno=74,2026-09-22T16:28:06.485628+00:00
Areca CATECHU L.,Areca catechu var. alba Blume Areca catechu F. Communis Becc. Areca catechu var. silvatica Becc. Areca macrocarpa Becc.,Arecaceae,https://mpbd.cu.ac.bd/plants.php?pageno=74,2026-09-22T16:28:06.485628+00:00
Argemone MAXICANA L.,Argemone mexicana var. Mexicana Argemone spinosa Gaterau Argemone vulgaris Spach Echtrus trivialis Lour. Papaver mexicanum (L.) E.H.L.Krause,Papaveraceae,https://mpbd.cu.ac.bd/plants.php?pageno=74,2026-09-22T16:28:06.485628+00:00
Argyreia CAPITIFORMIS (Poir.) Oostr.,Argyreia capitata Choisy Convolvulus capitiformis Poir. Ipomoea capitata Roem. & Schult. Lettsomia capitata Blume Lettsomia strigosa Roxb.,Convolvulaceae,https://mpbd.cu.ac.bd/plants.php?pageno=74,2026-09-22T16:28:06.485628+00:00
Argyreia NERVOSA (Burm. f.) Boj.,Argyreia speciosa (L. f.) Sweet Convolvulus speciosus L. f. Ipomoea speciosa (L. f.) Pers. Lettsomia nervosa (Burm. F.) Roxb. Rivea nervosa (Burm. f.) Hallier f.,Convolvulaceae,https://mpbd.cu.ac.bd/plants.php?pageno=74,2026-09-22T16:28:06.485628+00:00
Aristolochia INDICA L.,Aristolochia indica var. magna Benth. Aristolochia lanceolata Wight Aristolochia maysorensis Fisch. Ex Duch. Aristolochia pandurata Wall. Ex Duch.,Aristolochiaceae,https://mpbd.cu.ac.bd/plants.php?pageno=74,2026-09-22T16:28:06.485628+00:00
Aristolochia TAGALA Cham.,Aristolochia acuminata Lam. Aristolochia roxburghiana Klotzsch Aristolochia subsagittata Blanco,Aristolochiaceae,https://mpbd.cu.ac.bd/plants.php?pageno=74,2026-09-22T16:28:06.485628+00:00
Artabotrys HEXAPETALUS (L.f.) Bhandari,Annona hexapetala L.f. Annona uncinata Lam. Unona uncata (Lour.) Dunal Uvaria esculenta Roxb. Ex Rottler Uvaria uncata Lour.,Annonaceae,https://mpbd.cu.ac.bd/plants.php?pageno=75,2026-09-22T16:28:08.012386+00:00
Artabotrys SUAVEOLENS Blume.,Unona suaveolens Blume. Artabotrys suaveolens var. parviflorus (Miq.) Miq. Artabotrys monogynus Merr. Unona corniculata Blanco Artabotrys parviflorus Miq. Unona suaveolens Blume,Annonaceae,https://mpbd.cu.ac.bd/plants.php?pageno=75,2026-09-22T16:28:08.012386+00:00
Artocarpus HETEROPHYLLUS Lamk.,Artocarpus brasiliensis Ortega Artocarpus maximus Blanco Artocarpus philippensis Lam,Urticaceae,https://mpbd.cu.ac.bd/plants.php?pageno=75,2026-09-22T16:28:08.012386+00:00
Artocarpus LACUCHA Buch-Ham.,Artocarpus ficifolius W.T.Wang Artocarpus lakoocha Roxb. Artocarpus yunnanensis H.H.Hu SSaccus lakoocha (Roxb.) Kuntze,Urticaceae,https://mpbd.cu.ac.bd/plants.php?pageno=75,2026-09-22T16:28:08.012386+00:00
Asclepias CURASSAVICA L.,Asclepias cubensis Wender. Asclepias curassavica f. flaviflora Tawada Asclepias curassavica f. pallidiflora Griseb. Asclepias margaritacea Hoffmanns. Ex Schult.,Asteraceae,https://mpbd.cu.ac.bd/plants.php?pageno=75,2026-09-22T16:28:08.012386+00:00
Asparagus RACEMOSUS L.,Asparagopsis acerosa Kunth Asparagopsis brownei Kunth Asparagus dubius Decne. Protasparagus zeylanicus (Hook.f.) Kamble,Liliaceae,https://mpbd.cu.ac.bd/plants.php?pageno=75,2026-09-22T16:28:08.012386+00:00
Asplenium polyodon G. Forst.,Asplenium falcatum Lam. Asplenium adiantoides (L.) C. Chr. Asplenium intermedium Kaulf. Trichomanes adiantoides L.,Aspleniaceae,https://mpbd.cu.ac.bd/plants.php?pageno=75,2026-09-22T16:28:08.012386+00:00
Atalantia MONOPHYLLA Correa,Atalantia floribunda Wight Atalantia malabarica (Raf.) Yu.Tanaka Atalantia puberula Miq Atalantia umbellata M.Roem. Limonia monophylla L.,Rutaceae,https://mpbd.cu.ac.bd/plants.php?pageno=75,2026-09-22T16:28:08.012386+00:00
Cajanus crassus (King) Maesen,Atylosia crassa Prain. Cajanus crassus var. Crassus cantharospermum volubile (Blanco) Merr. Atylosia mollis Benth. Atylosia volubilis (Blanco) Gamble,Fabaceae,https://mpbd.cu.ac.bd/plants.php?pageno=75,2026-09-22T16:28:08.012386+00:00
Cajanus scarabaeoides (L.) Thouars,Atylosia scarabaeoides (L.) Benth. Cantharospermum pauciflorum Wight & Arn. Dolichos minutus Wight & Arn. Rhynchosia biflora Dc. Stizolobium scarabaeoides (L.) Spreng,Fabaceae,https://mpbd.cu.ac.bd/plants.php?pageno=75,2026-09-22T16:28:08.012386+00:00
Averrhoa BILIMBI L.,Averrhoa abtusangulata Stokes Averrhoa obtusangula Stokes,Averrhoaceae,https://mpbd.cu.ac.bd/plants.php?pageno=76,2026-09-22T16:28:09.539108+00:00
Averrhoa CARAMBOLA L.,Averrhoa acutangula Stokes Sarcotheca philippica (Villar) Hallier F.,Averrhoaceae,https://mpbd.cu.ac.bd/plants.php?pageno=76,2026-09-22T16:28:09.539108+00:00
Azadirachta INDICA A. Juss.,Antelaea canescens Cels Ex Heynh. Azadirachta indica var. Minor Valeton Melia azadirachta L. Melia indica (A.Juss.) Brandis,Meliaceae,https://mpbd.cu.ac.bd/plants.php?pageno=76,2026-09-22T16:28:09.539108+00:00
Bacopa monnieri (L.) WETTST.,Bacopa monniera (L.) Pennel. Herpestis monniera H.B.&.K.,Scrophulariaceae,https://mpbd.cu.ac.bd/plants.php?pageno=76,2026-09-22T16:28:09.539108+00:00
Baliospermum solanifolium (BURM.) SURESH,Baliospermum montanum (Willd.) Muell.- Arg. Baliospermum angulare Decne. Ex Baill. Baliospermum indicum Decne. Croton roxburghii Wall. Jatropha montana Willd. Ricinus montanus (Willd.) Wall.,Euphorbiaceae,https://mpbd.cu.ac.bd/plants.php?pageno=76,2026-09-22T16:28:09.539108+00:00
Bambusa bambos (L.) Voss,Bambusa arundinacea (Retz.) Willd. Arundarbor agrestis (Lour.) Kuntze Arundo arborea Mill. Arundo bambos L. Bambos arundo J.F.Gmel. Ischurochloa arundinacea var. orientalis (Nees) Buse Nastus arundinaceus (Retz.) Sm.,Poaceae,https://mpbd.cu.ac.bd/plants.php?pageno=76,2026-09-22T16:28:09.539108+00:00
Barleria cristata L,Barleria cristata var. dichotoma (Roxb.) Prain Barleria strigosa Willd,Acanthaceae,https://mpbd.cu.ac.bd/plants.php?pageno=76,2026-09-22T16:28:09.539108+00:00
Barlaria STRIGOSA Willd.,Barleria caerulea Roxb. Barleria strigosa var. subglabra Kuntze Pseudobarleria hirsuta Oerst.,Acanthaceae,https://mpbd.cu.ac.bd/plants.php?pageno=76,2026-09-22T16:28:09.539108+00:00
Barringtonia ACUTANGULA (L.) Gaertn.,Barringtonia acutangula subsp. Acutangula Barringtonia bicolor Craib Caryophyllus acutangulus (L.) Stokes Stravadium acutangulum (L.) Miers. Symplocos multiflora Eberh. & Dubard,Barringtoniaceae,https://mpbd.cu.ac.bd/plants.php?pageno=76,2026-09-22T16:28:09.539108+00:00
Barringtonia RACEMOSA (L.) Spreng.,Barringtonia elongata Korth. Butonica apiculata Miers Butonica rosata (Sonn.) Miers Michelia apiculata (Miers) Kuntze Stravadium racemosum (L.) Sweet Megadendron pallidum Miers,Barringtoniaceae,https://mpbd.cu.ac.bd/plants.php?pageno=76,2026-09-22T16:28:09.539108+00:00
Basella ALBA L.,Basella alba var. subcordata Hassk. Basella cordifolia Lam. Basella lucida L. Basella rubra L. Gandola nigra (Lour.) Raf.,Basellaceae,https://mpbd.cu.ac.bd/plants.php?pageno=77,2026-09-22T16:28:11.077554+00:00
Bauhinia ACUMINITA L.,Bauhinia linnaei Ali,Caesalpinaeae,https://mpbd.cu.ac.bd/plants.php?pageno=77,2026-09-22T16:28:11.077554+00:00
Bauhinia MACROSTACHYA Wall.,Bauhinia macrostachya Wall.,Caesalpinaeae,https://mpbd.cu.ac.bd/plants.php?pageno=77,2026-09-22T16:28:11.077554+00:00
Bauhinia MALABARICA Roxb.,Bauhinia acida Korth. Bauhinia rugulosa Miq. Casparea castrata (Hassk.) Hassk. Pauletia acida (Korth.) Hassk. Pauletia acida (Korth.) Hassk,Caesalpinaeae,https://mpbd.cu.ac.bd/plants.php?pageno=77,2026-09-22T16:28:11.077554+00:00
Bauhinia PURPUREA L.,Bauhinia castrata Blanco Bauhinia rosea Corner Caspareopsis purpurea (L.) Pittier Phanera purpurea (L.) Benth.,Caesalpinaeae,https://mpbd.cu.ac.bd/plants.php?pageno=77,2026-09-22T16:28:11.077554+00:00
Bauhinia VARIEGATA L.,Bauhinia chinensis (Dc.) Vogel Bauhinia decora Uribe. Bauhinia variegata var. variegate. Phanera variegata (L.) Benth,Caesalpinaeae,https://mpbd.cu.ac.bd/plants.php?pageno=77,2026-09-22T16:28:11.077554+00:00
Begonia ROXBURGHII DC.,Casparya oligocarpa A.Dc. Casparya polycarpa A.Dc. Diploclinium roxburghii Miq.,Begoniaceae,https://mpbd.cu.ac.bd/plants.php?pageno=77,2026-09-22T16:28:11.077554+00:00
Iris domestica (L.) Goldblatt & Mabb,Belamcanda chinensis Leman. Belamcanda chinensis (L.) Dc. Gemmingia chinensis (L.) Kuntze,lridaceae,https://mpbd.cu.ac.bd/plants.php?pageno=77,2026-09-22T16:28:11.077554+00:00
Benincasa HISPIDA (Thunb.) Cogn.,Benincasa cerifera Savi. Benincasa hispida var. Hispida Cucurbita farinosa Blume Gymnopetalum septemlobum Miq. Lagenaria vulgaris var. hispida (Thunb.) Nakai Cucurbita hispida Thun,Cucurbitaceae,https://mpbd.cu.ac.bd/plants.php?pageno=77,2026-09-22T16:28:11.077554+00:00
Biophytum SENSITIVUM (L.) DC.,Biophytum bogoroense De Wild. Biophytum cumingii Klotzsch Biophytum nervifolium Thwaites Biophytum somnulentum Goebel Oxalis sensitiva L.,Oxalidaceae,https://mpbd.cu.ac.bd/plants.php?pageno=77,2026-09-22T16:28:11.077554+00:00
Bixa ORELLANA L.,Bixa americana Poir. Bixa purpurea Sweet Orellana americana (Poir.) Kuntze,Bixaceae,https://mpbd.cu.ac.bd/plants.php?pageno=78,2026-09-22T16:28:12.612172+00:00
Blumea BALSAMIFERA DC,Baccharis salvia Lour. Blumea grandis Dc. Conyza balsamifera L. Pluchea balsamifera (L.) Less.,Asteraceae,https://mpbd.cu.ac.bd/plants.php?pageno=78,2026-09-22T16:28:12.612172+00:00
Blumea CLERKEI Hook. f.,-,Asteraceae,https://mpbd.cu.ac.bd/plants.php?pageno=78,2026-09-22T16:28:12.612172+00:00
Blumea LACERA (Burn.f.) DC.,Baccharis auriculata Wall. ex Dc. Blumea cernua Dc. Blumea dregeana Dc. Conyza amoena Link Senecio velutinus H.Lév. & Vaniot,Asteraceae,https://mpbd.cu.ac.bd/plants.php?pageno=78,2026-09-22T16:28:12.612172+00:00
Boehmeria MALABARICA Wedd.,-,Urticaceae,https://mpbd.cu.ac.bd/plants.php?pageno=78,2026-09-22T16:28:12.612172+00:00
Boerhaavia DIFFUSA L.,Boerhaaviarepens L.,Nyctaginaceae,https://mpbd.cu.ac.bd/plants.php?pageno=78,2026-09-22T16:28:12.612172+00:00
Boesenbergia LONGIFLORA Kuntze.,Gastrochilus longiflorua Wall. Boesenbergia fallax Loes. Curcumorpha longiflora (Wall.) A.S.Rao & D.M.Verma Gastrochilus jenkinsii Wall. ex Voigt Gastrochilus longiflorus Wall.,Zingiberaceae,https://mpbd.cu.ac.bd/plants.php?pageno=78,2026-09-22T16:28:12.612172+00:00
Bombax CEIBA L.,Salmalia malabarica DC. Bombax malabaricum DC. Bombax aculeatum L. Bombax heptaphyllum Cav. Gossampinus malabarica Merr. Melaleuca grandiflora Blanco Salmalia malabarica (Dc.) Schott,Bombacaceae,https://mpbd.cu.ac.bd/plants.php?pageno=78,2026-09-22T16:28:12.612172+00:00
Borassus FLABELLIFER L.,Borassus flabelliformis L. Borassus sundaicus Becc. Pholidocarpus tunicatus (Lour.) H.Wendl. Thrinax tunicata (Lour.) Rollisson,Asteraceae,https://mpbd.cu.ac.bd/plants.php?pageno=78,2026-09-22T16:28:12.612172+00:00
Spermacoce articularis L.f.,Borreria articularis (L. f.) F. N. Will. Spermacoce flexuosa Lour. Spermacoce longicaulis R.Br. ex G.Don Spermacoce scabra Willd.,Rubiaceae,https://mpbd.cu.ac.bd/plants.php?pageno=78,2026-09-22T16:28:12.612172+00:00
Boswellia SERRATA Roxb.,Boswellia balsamifera Spreng. Boswellia glabra Roxb. Boswellia thurifera Roxb. ex Fleming Chloroxylon dupada Buch.-Ham.,Burseraceae,https://mpbd.cu.ac.bd/plants.php?pageno=79,2026-09-22T16:28:14.142363+00:00
Brassica NIGRA (L.) Koch.,Brassica sinapioides Roth Crucifera sinapis (L.) E.H.L.Krause Melanosinapis nigra (L.) Calest. Mutarda nigra (L.) Bernh. Sinapis nigra L. Sisymbrium nigrum (L.) Prantl,Brassicaceae,https://mpbd.cu.ac.bd/plants.php?pageno=79,2026-09-22T16:28:14.142363+00:00
Breynia RETUSA (Dennst.) Alston.,Breynia angustifolia Hook.f. Breynia patens (Roxb.) Rolfe Melanthesa retusa (Dennst.) Kostel. Phyllanthus patens Roxb. Sauropus elegantissimus Ridl. Phyllanthus retusus Dennst.,Euphorbiaceae,https://mpbd.cu.ac.bd/plants.php?pageno=79,2026-09-22T16:28:14.142363+00:00
Bridelia RETUSA (L.) Spreng.,Bridelia chineensis Thin Bridelia fruticosa Pers. Clutia retusa L. Clutia squamosa Lam.,Euphorbiaceae,https://mpbd.cu.ac.bd/plants.php?pageno=79,2026-09-22T16:28:14.142363+00:00
Bridelia STIPULARIS Bl.,Bridelia scandens (Roxb.) Willd. Bridelia zollingeri Miq. Clutia scandens Roxb. Clutia stipularis L.,Euphorbiaceae,https://mpbd.cu.ac.bd/plants.php?pageno=79,2026-09-22T16:28:14.142363+00:00
Buchanania cochinchinensis (Lour.) M.R.Almeida,Buchanania lanzan Spreng. Buchanania latifolia Roxb.,Anacardiaceae,https://mpbd.cu.ac.bd/plants.php?pageno=79,2026-09-22T16:28:14.142363+00:00
Buddleja NEEMDA Buch.-Ham.,Buddleja asiaticaLour.,Buddlejaceae,https://mpbd.cu.ac.bd/plants.php?pageno=79,2026-09-22T16:28:14.142363+00:00
Byttneria pilosa Roxb.,Byttneria elegans Ridl. Byttneria pilosa var. pellita Gagnep. Chaetaea pilosa (Roxb.) Adelb. Commersonia pilosa G.Don,Sterculiaceae,https://mpbd.cu.ac.bd/plants.php?pageno=79,2026-09-22T16:28:14.142363+00:00
Butea MONOSPERMA (Lam.) Taub.,Butea braamania Dc. Butea frondosa Roxb. Erythrina monosperma Lam. Plaso monosperma (Lam.) Kuntze Rudolphia frondosa (Willd.) Poir.,Fabaceae,https://mpbd.cu.ac.bd/plants.php?pageno=79,2026-09-22T16:28:14.142363+00:00
Caesalpinia BONDUC (L.) Roxb.,Bonduc minus Medik. Caesalpinia crista Thunb. Guilandina bonducella L. Guilandina gemina Lour.,Caesalpiniaceae,https://mpbd.cu.ac.bd/plants.php?pageno=79,2026-09-22T16:28:14.142363+00:00
Caesalpinia DIGYNA Rottl.,Caesalpinia gracilis Miq. Caesalpinia oleosperma Roxb,Caesalpinaeae,https://mpbd.cu.ac.bd/plants.php?pageno=80,2026-09-22T16:28:15.670864+00:00
Caesalpinia PULCHERIMA Sw.,Caesalpinia pulcherrima var. flava Bailey & Rehder Poinciana bijuga Burm.F. Poinciana elata Lour. Poinciana pulcherrima,Caesalpinaeae,https://mpbd.cu.ac.bd/plants.php?pageno=80,2026-09-22T16:28:15.670864+00:00
Cajanus cajan (L.) Millsp.,Cajanus cajan (L.) Huth. Cajan indorum Medik. Cajanus bicolor Dc. Cytisus cajan L. Phaseolus balicus L.,Fabaceae,https://mpbd.cu.ac.bd/plants.php?pageno=80,2026-09-22T16:28:15.670864+00:00
Callicarpa MACROPHYLLA Vahl.,Callicarpa dunniana H.Lév. Callicarpa incana Roxb. Callicarpa macrophylla var. griffithii C.B.Clarke Callicarpa macrophylla var. kouytchensis H.Lév.,Verbenaceae,https://mpbd.cu.ac.bd/plants.php?pageno=80,2026-09-22T16:28:15.670864+00:00
Callicarpa TOMENTOSA (L.) Merr.,Callicarpa arboreaRoxb. Callicarpa lobata C.B.Clarke Callicarpa tomentosa var. lanata (L.) Bakh. Callicarpa villosa Vahl Tomex tomentosa L.,Verbenaceae,https://mpbd.cu.ac.bd/plants.php?pageno=80,2026-09-22T16:28:15.670864+00:00
Calophyllum INOPHYLLUM L.,Balsamaria inophyllum Lour. Calophyllum bingator Roxb. Calophyllum blumei Wight Calophyllum spurium Choisy,Guttiferae,https://mpbd.cu.ac.bd/plants.php?pageno=80,2026-09-22T16:28:15.670864+00:00
Calotropis GIGANTEA (L.) R. Br.,Calotropis gigantea (L.) R. Br. Asclepias gigantea L. Madorius giganteus (L.) Kuntze Periploca cochinchinensis Lour.,Asclepiadaceae,https://mpbd.cu.ac.bd/plants.php?pageno=80,2026-09-22T16:28:15.670864+00:00
Calotropis PROCERA (Aiton) Dryand.,Asclepias patula Decne. Asclepias procera Aiton Calotropis inflexa Chiov. Madorius procerus (Aiton) Kuntze Calotropis procera R. Br.,Asclepiadaceae,https://mpbd.cu.ac.bd/plants.php?pageno=80,2026-09-22T16:28:15.670864+00:00
Getonia floribunda ROXB.,Calycopteris floribunda Lam. Calycopteris nutans (Roxb.) Kurz Getonia nitida Roth Poivrea sericea Walp..,Combretaceae,https://mpbd.cu.ac.bd/plants.php?pageno=80,2026-09-22T16:28:15.670864+00:00
Camellia sinensis (L.) O. Kuntze.,Camellia bohea (L.) Sweet Camellia chinensis (Sims) Kuntze Camellia viridis Sweet Thea bohea L. Thea viridis L.,Theaceae,https://mpbd.cu.ac.bd/plants.php?pageno=80,2026-09-22T16:28:15.670864+00:00
Canarium BENGALENSE Roxb.,-,Burseraceae,https://mpbd.cu.ac.bd/plants.php?pageno=81,2026-09-22T16:28:17.204612+00:00
Canna INDICA L.,Canna orientalis Rosc. Canna achiras Gill. Canna coccinea Mill. Canna discolor Lindl. Canna lutea Mill. Cannacorus indicus (L.) Medik. Xyphostylis lutea (Mill.) Raf.,Cannaceae,https://mpbd.cu.ac.bd/plants.php?pageno=81,2026-09-22T16:28:17.204612+00:00
Cannabis SATIVA L.,Cannabis indica Lamk. Cannabis chinensis Delile Cannabis erratica Siev. Cannabis indica Lam. Cannabis macrosperma Stokes,Cannabidaceae,https://mpbd.cu.ac.bd/plants.php?pageno=81,2026-09-22T16:28:17.204612+00:00
Magnolia champaca (L.)Baill.exPierre,Michelia champaca L. Champaca michelia Noronha Michelia aurantiaca Wall. Michelia rufinervis DC. Sampacca suaveolens (Pers.) Kuntze,Magnoliaceae,https://mpbd.cu.ac.bd/plants.php?pageno=81,2026-09-22T16:28:17.204612+00:00
Zehneria scabra Sond.,Bryonia cordataThunb. Bryonia scabraL.f. Melothria cordataCogn. Pilogyne scabra(L. f.) W.J. de Wilde & Duyfjes,Cucurbitaceae,https://mpbd.cu.ac.bd/plants.php?pageno=81,2026-09-22T16:28:17.204612+00:00
Solenaamplexicaulis(lam.) gandhi.,Melothria heterophylla (Lour.) Cogn. Melothria amplexicaulis(Lam.) Cogn. Momordica umbellata(Klein ex Willd.) Roxb. Zehneria umbellata(Klein ex Willd.) Thwaites,Cucurbitaceae,https://mpbd.cu.ac.bd/plants.php?pageno=81,2026-09-22T16:28:17.204612+00:00
Cochlospermum religiosum (L.) Alston,Bombax religiosumL. Cochlospermum balicumBoerl.,Vixaceae,https://mpbd.cu.ac.bd/plants.php?pageno=81,2026-09-22T16:28:17.204612+00:00
Gynocardia odorata R. Br.,Chaulmoogra odorataRoxb. Chilmoriado decandraBuch.-Ham. Gynocardia antisyphiliticaPierre ex Tschirch Gynocardia prainiiDesprez,-,https://mpbd.cu.ac.bd/plants.php?pageno=81,2026-09-22T16:28:17.204612+00:00
Drosera peltata Thunb.,Drosera gracilisHook.f. ex Planch. Drosera lobbianaTurcz. Drosera muscipulaRoyle Sondera peltata(Thunb.) Chrtek & Slavíková FAMILY: Droseraceae,-,https://mpbd.cu.ac.bd/plants.php?pageno=81,2026-09-22T16:28:17.204612+00:00
Sida rhombifolia L.,Diadesma rhombifolia(L.) Raf. Malva rhombifolia(L.) E.H.L.Krause Napaea rhombifolia(L.) Moench SidaalbaCav.,Malvaceae,https://mpbd.cu.ac.bd/plants.php?pageno=81,2026-09-22T16:28:17.204612+00:00
Sida orientaliscav.,-,Malvaceae,https://mpbd.cu.ac.bd/plants.php?pageno=82,2026-09-22T16:28:18.752399+00:00
Sida cordifolia L.,Sida altheifoliaSw. Sida confertaLink Sida herbaceaCav. Sida rotundifoliaLam. ex Cav. FAMILY: Malvaceae,-,https://mpbd.cu.ac.bd/plants.php?pageno=82,2026-09-22T16:28:18.752399+00:00
Sidacordata(burm.f.) borss.waalk.,Melochia cordataBurm.f. Sida humilisCav. Sida multicaulisCav. Sida veronicifoliaLam.,Malvaceae,https://mpbd.cu.ac.bd/plants.php?pageno=82,2026-09-22T16:28:18.752399+00:00
Sida acuta Burm. f.,Malvinda carpinifolia(L.f.) Medik. Sida balbisianaDC. Sida frutescensCav. SidastipulataCav.,Malvaceae,https://mpbd.cu.ac.bd/plants.php?pageno=82,2026-09-22T16:28:18.752399+00:00
Malva sylvestris L.,Althaea godroniiAlef. Althaea mauritianaAlef. Malva ambiguaGuss. Malva mauritianaL.,Malvaceae,https://mpbd.cu.ac.bd/plants.php?pageno=82,2026-09-22T16:28:18.752399+00:00
Hibiscus schizopetalus (Mast.) Hook. f.,Hibiscusrosa-sinensisvar.schizopetalusDyer,Malvaceae,https://mpbd.cu.ac.bd/plants.php?pageno=82,2026-09-22T16:28:18.752399+00:00
Althaea officinalis L.,Althaea kragujevacensisPan?i? Althaea sublobataStokes Althaea taurinensisDC. Althaea vulgarisBubani,-,https://mpbd.cu.ac.bd/plants.php?pageno=82,2026-09-22T16:28:18.752399+00:00
Bombax insigne Wall.,Bombax scopulorumDunn Bombax tenebrosumDunn Gossampinus insignisBakh. Salmalia insignis(Wall.) Schott & Endl,Bombaceae,https://mpbd.cu.ac.bd/plants.php?pageno=82,2026-09-22T16:28:18.752399+00:00
Firmiana simplex(l.) W.Wight.,Sterculia urens Roxb. Clompanu ssimplex(L.) Kuntze Culhamia simplex(L.) Nakai Hibiscus simplexL. Sterculia simplex(L.) Druce,Sterculaceae,https://mpbd.cu.ac.bd/plants.php?pageno=82,2026-09-22T16:28:18.752399+00:00
Sterculia lanceifolia Roxb.,Sterculia roxburghii Wall.,Sterculiaceae,https://mpbd.cu.ac.bd/plants.php?pageno=82,2026-09-22T16:28:18.752399+00:00
Pentapetes phoenicea L.,Blattaria phoeniceaKuntze Brotera phoenicea(L.) Cav. Cavanil la poeniceaJ.F.Gmel. Dombeya phoeniceaCav. Eriorhaphe phoenicea(L.) Bamps,Sterculaceae,https://mpbd.cu.ac.bd/plants.php?pageno=83,2026-09-22T16:28:20.283129+00:00
Microcos paniculata L.,-,Tiliaceae,https://mpbd.cu.ac.bd/plants.php?pageno=83,2026-09-22T16:28:20.283129+00:00
Melochia corchorifolia L.,Lochemia corchorifoliaArn. Mougeotia corchorifolia(L.) Kunth Riedlea corchorifolia(L.) DC. Riedlea corchorifolia(L.) DC. Viseniacorchorifolia(L.) Spreng.,Tiliaceae,https://mpbd.cu.ac.bd/plants.php?pageno=83,2026-09-22T16:28:20.283129+00:00
Corchorus fascicularis Lam.,Corchorus brachycarpusGuill. & Perr.,Tiliaceae,https://mpbd.cu.ac.bd/plants.php?pageno=83,2026-09-22T16:28:20.283129+00:00
Corchorus aestuans L.,Corchorus acutangulusLam. Corchorus brevicaulisHosok. Corchorus campestrisMacfad. Corchorus furcatusG.Don,Tiliaceae,https://mpbd.cu.ac.bd/plants.php?pageno=83,2026-09-22T16:28:20.283129+00:00
Elaeocarpus serratusl.,Elaeocarpu ssphaericus(Gaertn.) K.Schum. [Illegitimate] Elaeocarpus ganitrusRoxb. ex G.Don Elaeocarpus malabaricusOken Ganitrus roxburghiiWight Ganitrus sphaericaGaertn.,Elaeocareaceae,https://mpbd.cu.ac.bd/plants.php?pageno=83,2026-09-22T16:28:20.283129+00:00
Hypericum japonicum Thunb.,Ascyrum humifusumLabill. Brathys japonica(Thunb.) Wight Hypericum chinenseOsbeck Sarothrajaponica(Thunb.) Y. Kimura,Clusiaceae,https://mpbd.cu.ac.bd/plants.php?pageno=83,2026-09-22T16:28:20.283129+00:00
Calophyllum polyanthumwall.ex Choisy,-,Clusiaceae,https://mpbd.cu.ac.bd/plants.php?pageno=83,2026-09-22T16:28:20.283129+00:00
Schima wallichii Choisy,-,Theaceae,https://mpbd.cu.ac.bd/plants.php?pageno=83,2026-09-22T16:28:20.283129+00:00
Shorea robusta Gaertn.,Shorea robusta Roxb. ex Gaertn. f.,Dipterocarpaceae,https://mpbd.cu.ac.bd/plants.php?pageno=84,2026-09-22T16:28:21.815451+00:00
Dipterocarpus turbinatus Gaertn.,Dipterocarpus jourdainiiPierre ex Laness. Dipterocarpus laevisBuch.-Ham. DipterocarpusmayapisBlanco,Dipterocarpaceae,https://mpbd.cu.ac.bd/plants.php?pageno=84,2026-09-22T16:28:21.815451+00:00
Tetracera sarmentosa (L.) Vahl,Seguieria asiaticaLour. Tetracera asiatica(Lour.) Hoogland Tetracera levineiMerr.,Dilleniaceae,https://mpbd.cu.ac.bd/plants.php?pageno=84,2026-09-22T16:28:21.815451+00:00
Dillenia indica L.,Dillenia elongataMiq. Dillenia indicaf.elongata(Miq.) Miq.,Dilleniaceae,https://mpbd.cu.ac.bd/plants.php?pageno=84,2026-09-22T16:28:21.815451+00:00
Rheum emodi L.,-,Polygonaceae,https://mpbd.cu.ac.bd/plants.php?pageno=84,2026-09-22T16:28:21.815451+00:00
Polygonum pubescens Blume,Persicaria flaccida(Meisn.) Nakai ex Sasaki Persicaria pubescens(Blume) H. Hara Polygonum flaccidumMeisn. Polygonum oryzetorumBlume,Polygonaceae,https://mpbd.cu.ac.bd/plants.php?pageno=84,2026-09-22T16:28:21.815451+00:00
Polygonum aviculare L.,Avicularia vulgarisDidr. Centinodium axillareMontandon Polygonum aphyllumKrock. Polygonum rubescensSmall,Polygonaceae,https://mpbd.cu.ac.bd/plants.php?pageno=84,2026-09-22T16:28:21.815451+00:00
Polygonum viscosumbuch.-ham. ex D. Don.,Persicaria viscosa(Buch.-Ham. ex D. Don) H. Gross ex Nakai Persicaria kuekenthaliiH. Lév. Polygonum kuekenthaliiH. Lév.,Polygonaceae,https://mpbd.cu.ac.bd/plants.php?pageno=84,2026-09-22T16:28:21.815451+00:00
Persicaria strigosa (R. Br.) Nakai,PolygonumbodinieriH. Lév. & Vaniot PolygonumstrigosumR.Br. Tracaulonstrigosum(R. Br.) Greene Truellumstrigosum(R.Br.) Soják,Polygonaceae,https://mpbd.cu.ac.bd/plants.php?pageno=84,2026-09-22T16:28:21.815451+00:00
Persicaria stagnina (Buch.-Ham. ex Meisn.)Qaiser,Persicaria barbatasubsp.stagnina(Buch.-Ham. ex Meisn.) Soják Polygonum stagninumBuch.-Ham. ex Meisn.,Polygonaceae,https://mpbd.cu.ac.bd/plants.php?pageno=84,2026-09-22T16:28:21.815451+00:00
Persicaria lapathifolia (L.) Delarbre,Persicaria tomentosa (Schrank) E.P.Bicknell DiscolentalapathifoliaRaf. Persicarialinicola(Sutulov) Nenukow Persicariascabra(Moench) Moldenke Peutalisnodosa(Pers.) Raf.,Polygonaceae,https://mpbd.cu.ac.bd/plants.php?pageno=85,2026-09-22T16:28:23.351996+00:00
Persicaria chinensis (L.) H. Gross,Polygonum chinenseL.,Polygonaceae,https://mpbd.cu.ac.bd/plants.php?pageno=85,2026-09-22T16:28:23.351996+00:00
Polycarpon prostratum (Forssk.) Asch. & Schweinf.,Alsine prostrataForssk. Arenaria prostrata(Forssk.) Ser. Polycarpa prostrata(Forssk.) Kuntze Robbairea prostrata(Forssk.) Boiss. Spergularia prostrata(Forssk.) G.Don,Caryophyllaceae,https://mpbd.cu.ac.bd/plants.php?pageno=85,2026-09-22T16:28:23.351996+00:00
Drymaria cordata subsp.diandra (Blume) J.A.Duke.,Drymaria diandraBlume Drymaria retusaWight & Arn.,Caryophyllaceae,https://mpbd.cu.ac.bd/plants.php?pageno=85,2026-09-22T16:28:23.351996+00:00
portulaca grandiflora Hook.,Portulaca hilaireanaG. Don Portulaca immersostellulataPoelln. Portulaca mendocinensisGillies ex Hook. Portulaca multistaminataPoelln. Mollugo pentaphylla L.,-,https://mpbd.cu.ac.bd/plants.php?pageno=85,2026-09-22T16:28:23.351996+00:00
Cyathula prostrata (L.) Blume,Achyranthes diffusa Moench Achyranthes prostrata L. Desmochaeta prostrata (L.) DC. Pupalia prostrata(L.) Mart.,Amaranthaceae,https://mpbd.cu.ac.bd/plants.php?pageno=85,2026-09-22T16:28:23.351996+00:00
Amaranthus tricolor L.,Amaranthus gangeticus L. Amaranthus amboinicus Buch.-Ham. ex Wall. Blitumgan geticum Moench Glomeraria tricolor (L.) Cav.,Amaranthaceae,https://mpbd.cu.ac.bd/plants.php?pageno=85,2026-09-22T16:28:23.351996+00:00
Bougainvillea spectabilis Willd,Bougainvillea bracteata Pers. Bougainvillea brasiliensis Raeusch. Bougainvillea speciosa Schnizl. Bougainvillea virescens Choisy,Nyctaginaceae,https://mpbd.cu.ac.bd/plants.php?pageno=85,2026-09-22T16:28:23.351996+00:00
Corylus avellana L.,Corylus albaAiton ex Steud. Corylus filicifoliaA.DC. Corylus grandisAiton Corylus pumilaLodd. ex Loudon,Betulaceae,https://mpbd.cu.ac.bd/plants.php?pageno=85,2026-09-22T16:28:23.351996+00:00
Quercus infectoria G.Olivier,Quercus carpineaKotschy ex A.DC. Quercus grosseserrataKotschy ex Wenz. Quercus puberulaO.Schwarz Quercus thirkeanaK.Koch,Fagaceae,https://mpbd.cu.ac.bd/plants.php?pageno=85,2026-09-22T16:28:23.351996+00:00
Sarcochlamys pulcherrima Gaudich.,Sphaerotylos medogensis C.J. Chen Urtica pulcherrima Roxb.,Urticaceae,https://mpbd.cu.ac.bd/plants.php?pageno=86,2026-09-22T16:28:24.880404+00:00
Pouzolzia sanguinea (Blume.) Merrill,Pouzolzia ovalis Miq. Urtica sanguinea Blume Pouzolzia sanguinea var.sanguinea,Urticaceae,https://mpbd.cu.ac.bd/plants.php?pageno=86,2026-09-22T16:28:24.880404+00:00
Pouzolzia hirta Blume ex Hassk.,-,Urticaceae,https://mpbd.cu.ac.bd/plants.php?pageno=86,2026-09-22T16:28:24.880404+00:00
Fleurya interrupta Gaud.,-,-,https://mpbd.cu.ac.bd/plants.php?pageno=86,2026-09-22T16:28:24.880404+00:00
Elatostema rupestre(buch.-ham. ex D.Don) Wedd.,Elatostema zollingerianum Miq. Procris rupestris Buch.-Ham. ex D. Don,Urticaceae,https://mpbd.cu.ac.bd/plants.php?pageno=86,2026-09-22T16:28:24.880404+00:00
Elatostema papillosum Wedd.,-,Urticaceae,https://mpbd.cu.ac.bd/plants.php?pageno=86,2026-09-22T16:28:24.880404+00:00
Boehmeria nivea (L.) Gaudich.,Boehmeria candicans Hassk. Boehmeria nipononivea Koidz. Ramium niveum (L.) Kuntze Urticanivea L.,Urticaceae,https://mpbd.cu.ac.bd/plants.php?pageno=86,2026-09-22T16:28:24.880404+00:00
Ficus sagittata Vahl,Ficus sagittata Koenig ex Vahl Ficus carophyllaMiq. Ficus lanaoensisMerr. ex Sata Ficus radicansDesf.,Moraceae,https://mpbd.cu.ac.bd/plants.php?pageno=86,2026-09-22T16:28:24.880404+00:00
Ficus rumphii Blume,Ficus conciliorumOken Ficus coriacea Aiton Urostigma cordifolium (Roxb.) Miq. Urostigma rumphii (Blume) Miq.,Moraceae,https://mpbd.cu.ac.bd/plants.php?pageno=86,2026-09-22T16:28:24.880404+00:00
Ficus pumila L.,Ficus scandens Lam. Ficus stipulata Thunb. Ficus vestita Desf. Urostigma scandens(Lam.) Liebm.,Moraceae,https://mpbd.cu.ac.bd/plants.php?pageno=86,2026-09-22T16:28:24.880404+00:00
Ficus mollis Vahl.,Ficus asininaBuch.-Ham. Ficus tomentosaRoxb. ex Willd.,Moraceae,https://mpbd.cu.ac.bd/plants.php?pageno=87,2026-09-22T16:28:26.406834+00:00
Ficus hirta Vahl.,Ficus hibiscifolia Champ. ex Benth. Ficus katsumadae Hayata Ficus palmatiloba Merr. Ficus setosa Blume,Moraceae,https://mpbd.cu.ac.bd/plants.php?pageno=87,2026-09-22T16:28:26.406834+00:00
Ficus heterophylla L.f.,Ficus aquaticaK.D.Koenig ex Willd. Ficus cannabina Lour. Ficus denticulata Willd. Ficus scabrella Roxb.,Moraceae,https://mpbd.cu.ac.bd/plants.php?pageno=87,2026-09-22T16:28:26.406834+00:00
Ficus hederacea Roxb.,Ficus anabatos Voigt Ficus cantoniensisBodinier ex H.Lév. Ficus fructicosa Roxb. Ficus longipes Griff.,Moraceae,https://mpbd.cu.ac.bd/plants.php?pageno=87,2026-09-22T16:28:26.406834+00:00
Ficus curtipes Corner,Ficus obtusifolia Roxb.,Moraceae,https://mpbd.cu.ac.bd/plants.php?pageno=87,2026-09-22T16:28:26.406834+00:00
Canscora alata (ROTH) WALL.,Canscora decussata Roem. & Sch. Cobamba blancoi Blanco Exacum alatum Roth Pladera decussata Roxb.,Gentianaceae,https://mpbd.cu.ac.bd/plants.php?pageno=87,2026-09-22T16:28:26.406834+00:00
Canscora DIFFUSA (Vahl.) R. Br.,Canscora foliosa D.Don Canscora stricta Sedgw. Cobamba dichotoma Blanco Exacum erectum (R.Br.) Roth Gentiana diffusa Vahl,Gentianaceae,https://mpbd.cu.ac.bd/plants.php?pageno=87,2026-09-22T16:28:26.406834+00:00
Capparis ZEYLANICA L.,Capparis crassifolia Kurz Capparis horrida L.f. Capparis quadriflora Dc. Capparis terniflora Dc.,Capparidaceae,https://mpbd.cu.ac.bd/plants.php?pageno=87,2026-09-22T16:28:26.406834+00:00
Capsicum ANNUUM L.,Capsicum angulosum Mill. Capsicum comarim Vell. Capsicum crispum Dunal Capsicum frutescens L Capsicum minimum Roxb.,Solanaceae,https://mpbd.cu.ac.bd/plants.php?pageno=87,2026-09-22T16:28:26.406834+00:00
Cardiospermum HALICACABUML.,Cardiospermum acuminatum Miq. Cardiospermum inflatum Salisb. Cardiospermum moniliferum Sw. ex Steud. Cardiospermum truncatum A.Rich.,Sapindaceae,https://mpbd.cu.ac.bd/plants.php?pageno=87,2026-09-22T16:28:26.406834+00:00
Careya ARBOREA Roxb.,Barringtonia arborea (Roxb.) F.Muell. Careya orbiculata Miers Careya sphaerica Roxb. Careya venenata Oken,Lecythidaceae,https://mpbd.cu.ac.bd/plants.php?pageno=88,2026-09-22T16:28:27.943045+00:00
Carica PAPAYA L.,Carica citriformis Jicq. Carica hermaphrodita Blanco Carica posopora L. Carica sativa Tussac.,Caricaceae,https://mpbd.cu.ac.bd/plants.php?pageno=88,2026-09-22T16:28:27.943045+00:00
Carissa spinarum L.,Carissa congesta Wight Antura edulis Forssk. Arduina edulis (Forssk.) Spreng. Carissa diffusa Roxb. Carissa hirsuta Roth,Apocynaceae,https://mpbd.cu.ac.bd/plants.php?pageno=88,2026-09-22T16:28:27.943045+00:00
Carthamus TINCTORIUS L.,Carthamus glaber Burm.f. Carthamus tinctorius var. albus Alef. Carthamus tinctorius var. spinosuskitam. Centaurea carthamus E.H.L.Krause,Asteraceae,https://mpbd.cu.ac.bd/plants.php?pageno=88,2026-09-22T16:28:27.943045+00:00
Caryota URENS L.,-,Arecaceae,https://mpbd.cu.ac.bd/plants.php?pageno=88,2026-09-22T16:28:27.943045+00:00
Senna alata (L.) Roxb.,Cassia alata L. Cassia bracteata L.f. Cassia herpetica Jacq. Herpetica alata (L.) Raf.,Caesalpinaeae,https://mpbd.cu.ac.bd/plants.php?pageno=88,2026-09-22T16:28:27.943045+00:00
Cassia FISTULA L.,Bactyrilobium fistula Willd. Cassia rhombifolia Roxb. Cathartocarpus fistula Pers. Cathartocarpus rhombifolius G.Don,Caesalpinaeae,https://mpbd.cu.ac.bd/plants.php?pageno=88,2026-09-22T16:28:27.943045+00:00
Senna obtusifolia (L.) H.S.Irwin & Barneby,Cassia contorta Vogel Cassia obtusifolia L. Diallobus tora (L.) Raf. Senna toroides Roxb.,Caesalpinaeae,https://mpbd.cu.ac.bd/plants.php?pageno=88,2026-09-22T16:28:27.943045+00:00
Senna occidentalis (L.) Link,Cassia ciliata Raf. Cassia falcata L. Cassia occidentalis L. Ditramexa occidentalis Britton & Rose,Caesalpinaeae,https://mpbd.cu.ac.bd/plants.php?pageno=88,2026-09-22T16:28:27.943045+00:00
Senna sophera (L.) Roxb.,Cassia canca Cav. Cassia esculenta Roxb. Cassia sophera L. Chamaefistula sophera G.Don Ditremexa sophera (L.) Britton & Wilson,Caesalpinaeae,https://mpbd.cu.ac.bd/plants.php?pageno=88,2026-09-22T16:28:27.943045+00:00
Cassytha FILIFORMIS L.,Calodium cochinchinense Lour. Cassytha aphylla Raeusch. Cassytha macrocarpa Guillaumin Volutella aphylla Forssk.,Lauraceae,https://mpbd.cu.ac.bd/plants.php?pageno=89,2026-09-22T16:28:29.471952+00:00
Casuarina LITTOREA L.,Casuarina equisetifolia Forst.,Casuarinaceae,https://mpbd.cu.ac.bd/plants.php?pageno=89,2026-09-22T16:28:29.471952+00:00
Catharanthus roseus (L.) G.Don,Ammocallis rosea (L.) Small Pervinca rosea (L.) Gaterau Vinca rosea L. Lochnera rosea (L.) Recichb.,Apocynaceae,https://mpbd.cu.ac.bd/plants.php?pageno=89,2026-09-22T16:28:29.471952+00:00
Cayratia PEDATA (Lam.) Juss. ex Gagnep.,Cissus heptaphylla Retz. Cissus pedata Lam. Lagenula pedata Lour. Vitis Pedata (Lam.) Wallich ex Wight,Vitaceae,https://mpbd.cu.ac.bd/plants.php?pageno=89,2026-09-22T16:28:29.471952+00:00
Cayratia TRIFOLIA (L.) Domin.,Causonis trifolia (L.) Raf. Cayratia carnosa (Lam.) Gagnep. Vitis carnosa (Lam.) Wall. Vitis trifolia L.,Vitaceae,https://mpbd.cu.ac.bd/plants.php?pageno=89,2026-09-22T16:28:29.471952+00:00
Ceiba PENTANDRA (L.)Gaertn,Bombaxpentadrum L. Bombax inerme L. Ceiba occidentalis (Spreng.) Burkill Eriodendron caribaeum G.Don Gossampinus alba Buch.-Ham. Xylon pentandrum (L.) Kuntze,Bombaceae,https://mpbd.cu.ac.bd/plants.php?pageno=89,2026-09-22T16:28:29.471952+00:00
Celastrus PANICULATUS Willd.,Catha paniculata Scheidw. Celastrus alnifolius D.Don Diosma serrata Blanco Euonymus euphlebiphyllus Hayata,Celastraceae,https://mpbd.cu.ac.bd/plants.php?pageno=89,2026-09-22T16:28:29.471952+00:00
Celosia ARGENTEA L.,Amaranthus purpureus Nieuwl. Celosia cristata L. Celosia purpurea J.St.-Hil. Chamissoa margaritacea (L.) Schouw,Amaranthaceae,https://mpbd.cu.ac.bd/plants.php?pageno=89,2026-09-22T16:28:29.471952+00:00
Celosia CRISTATA L.(SAME AS 161),-,Amaranthaceae,https://mpbd.cu.ac.bd/plants.php?pageno=89,2026-09-22T16:28:29.471952+00:00
Piper pedicellatum DC.,Piper curtipedunculum C. DC.,Piperaceae,https://mpbd.cu.ac.bd/plants.php?pageno=89,2026-09-22T16:28:29.471952+00:00
Piperboehmeriifolium(miq.) wall. ex C. DC.,Piper boehmeriaefolium Wall. Piper spireiC. DC. Piper terminaliflorum Y.Q. Tseng,Piperaceae,https://mpbd.cu.ac.bd/plants.php?pageno=90,2026-09-22T16:28:31.009598+00:00
Piper wallichii (MIQ.) HAND.-MAZZ.,Piper aurantiacumWall. ex C. DC. Piper emeienseY.Q. Tseng Piper henryciC. DC. Piper martiniiC. DC.,Piperaceae,https://mpbd.cu.ac.bd/plants.php?pageno=90,2026-09-22T16:28:31.009598+00:00
Chloranthus elatior LINK.,Chloranthus erectus (Buch.-Ham.) Verdc. Chloranthus erectus(Buch.-Ham.) Sweet ex Wall. Chloranthus officinalis Blume Cryphaea erecta Buch.-Ham.,Chloranthaceae,https://mpbd.cu.ac.bd/plants.php?pageno=90,2026-09-22T16:28:31.009598+00:00
Ocotea lancifolia (SCHOTT) MEZ.,Phoebe lanceolata Nees Laurus lanceolariaRoxb. Oreodaphne angustifolia (Schott) Nees Perseal ancifolia Schott,Lauraceae,https://mpbd.cu.ac.bd/plants.php?pageno=90,2026-09-22T16:28:31.009598+00:00
Litsea glutinosa (LOUR.) ROBINSON,Litsea sebifera Pers Camellia integrifolia Choisy Decapenta involucrata Raf. Sebifera glutinosa Lour. Tetranthera laurifolia Jacq.,Lauraceae,https://mpbd.cu.ac.bd/plants.php?pageno=90,2026-09-22T16:28:31.009598+00:00
Cassytha FILIFORMIS L.,Cassytha americana Nees Cassytha aphyllaRaeusch. Cassytha brasiliensis Mart. ex Nees Cassytha zeylanica Gaertn. Volutella aphylla Forssk.,LAURACEAE,https://mpbd.cu.ac.bd/plants.php?pageno=90,2026-09-22T16:28:31.009598+00:00
Actinodaphne obovata (NEES) BLUME,Litsea obovata(Nees) Nees Tetradenia obovata Nees,LAURACEAE,https://mpbd.cu.ac.bd/plants.php?pageno=90,2026-09-22T16:28:31.009598+00:00
Uvaria hamiltonii HOOK. F. & THOM.,,ANNONACEAE,https://mpbd.cu.ac.bd/plants.php?pageno=90,2026-09-22T16:28:31.009598+00:00
Desmos chinensislour.,Unona chinensis (Lour.) DC. Unona discolor Vahl Unona biglandulosa Blume. Unona discolor Vahl Artabotrys esquirolii H.Lév.,ANNONACEAE,https://mpbd.cu.ac.bd/plants.php?pageno=90,2026-09-22T16:28:31.009598+00:00
Dasymaschalon longiflorum(roxb.) FINET & GAGNEP.,Desmos longiflorus (Roxb.) Safford Unona longiflora Roxb.,ANNONACEAE,https://mpbd.cu.ac.bd/plants.php?pageno=90,2026-09-22T16:28:31.009598+00:00
Magnolia praecalva(dandy) Figlar & Noot.,Pachylarnax Praecalva Dandy,MAGNOLIACEAE,https://mpbd.cu.ac.bd/plants.php?pageno=91,2026-09-22T16:28:32.536556+00:00
Centella ASIATICA (L.) Urban.,Hydrocotyl asiatica L. Centella hirtella Nannf. Chondrocarpus triflorus Nutt. Glyceria triflora Nutt. Hydrocotyle biflora P. Vell. Hydrocotyle reniformis Walter,Apiaceae,https://mpbd.cu.ac.bd/plants.php?pageno=91,2026-09-22T16:28:32.536556+00:00
Cerbera MANGHAS L.,Cerbera linnaei Montrouz. Elcana seminuda Blanco Odollamia moluca Raf. Tanghinia manghas (L.) G.Don,Apocynaceae,https://mpbd.cu.ac.bd/plants.php?pageno=91,2026-09-22T16:28:32.536556+00:00
Ceriops TAGAL (Perr.) C.B. Rob.,Bruguiera arnottiana Wight ex Arn. Ceriops Lucida Miq. Ceriops somalensis Chiov. Rhizophora tagal Perr. (),Rhizophoraceae,https://mpbd.cu.ac.bd/plants.php?pageno=91,2026-09-22T16:28:32.536556+00:00
Cheilosoria tenuifolia (BURM. F.) TREVIS.,Acrostichum tenue Retz. Cassebeera tenuifolia (Burm. f.) J. Sm. Cheilanthes tenuifolia (Burm. f.) Sw. Notholaena semiglabra Kunze Cheilanthes tenuifolia Swartz,Polypodiaceae,https://mpbd.cu.ac.bd/plants.php?pageno=91,2026-09-22T16:28:32.536556+00:00
Chenopodium ALBUM L.,Anserina candidans (Lam.) Montandon Atriplex alba (L.) Crantz Blitum viride (L.) Moench Botrys alba (L.) Nieuwl. Chenopodium candicans Lam.,Chenopodiaceae,https://mpbd.cu.ac.bd/plants.php?pageno=91,2026-09-22T16:28:32.536556+00:00
Dysphania ambrosioides (L.) Mosyakin & Clemants,Ambrina ambrosioides (L.) Spach Chenopodium ambrosioides L. Chenopodium vagans Standl. Dysphania anthelmintica (L.) Mosyakin & Clemants Vulvaria ambrosioides (L.) Bubani,Chenopodiaceae,https://mpbd.cu.ac.bd/plants.php?pageno=91,2026-09-22T16:28:32.536556+00:00
Chukrasia tabularis A.Juss.,Chukrasia velutina W & A. Dysoxylum esquirolii H.Lév.,Meliaceae,https://mpbd.cu.ac.bd/plants.php?pageno=91,2026-09-22T16:28:32.536556+00:00
Cicer ARIETINUM L.,Cicer album Hort. Cicer nigrum Hort. Cicer sativum Schkuhr Ononis crotalarioides M.E.Jones,Fabaceae,https://mpbd.cu.ac.bd/plants.php?pageno=91,2026-09-22T16:28:32.536556+00:00
Cinnamomum curvifolium (Lam.) Nees,Cinnamomum jacquii Lukman. Cinnamomum pauciflorum Nees Laurus curvifolia Lour. Persea curvifolia (Lour.) Spreng.,Lauraceae,https://mpbd.cu.ac.bd/plants.php?pageno=91,2026-09-22T16:28:32.536556+00:00
Cinnamomum TAMALA Nees,Cinnamomum albiflorum Nees Cinnamomum reinwardtii Nees Cinnamomum zwartzii Lukman. Laurus tamala Buch.-Ham.,Lauraceae,https://mpbd.cu.ac.bd/plants.php?pageno=92,2026-09-22T16:28:34.068524+00:00
Cinnamomum VERUM Presl.,Cinnamomum zeylanicum Bl. Camphorina cinnamomum (L.) Farw. Cinnamomum bengalense Lukman. Cinnamomum ovatum Lukman. Laurus cinnamomum L.,Lauraceae,https://mpbd.cu.ac.bd/plants.php?pageno=92,2026-09-22T16:28:34.068524+00:00
Piper sylvaticum Roxb,-,Piperaceae,https://mpbd.cu.ac.bd/plants.php?pageno=92,2026-09-22T16:28:34.068524+00:00
Aristolochia rotunda L.,Aristolochia rotundavar.grandifloraDuch.,Aristolochiaceae,https://mpbd.cu.ac.bd/plants.php?pageno=92,2026-09-22T16:28:34.068524+00:00
Asarum europaeum L.,Asarum officinaleMoench Asarum renifoliumStokes Asarum reniformeGilib. Asarum rotundifoliumSt.-Lag.,Aristolochiaceae,https://mpbd.cu.ac.bd/plants.php?pageno=92,2026-09-22T16:28:34.068524+00:00
Euryale ferox Salisb.,Anneslea spinosa Andrews Euryale indica Planch.,Nymphaeaceae,https://mpbd.cu.ac.bd/plants.php?pageno=92,2026-09-22T16:28:34.068524+00:00
Ranunculus sceleratus L.,Batrachium sceleratum (L.) Th.Fr. ex A.Pihl Hecatonia scelerata Fourr. Ranunculus indicusRoxb. Ranunculus holophyllus Hance,Ranunculaceae,https://mpbd.cu.ac.bd/plants.php?pageno=92,2026-09-22T16:28:34.068524+00:00
Cyclea barbata Miers,-,Menispermaceae,https://mpbd.cu.ac.bd/plants.php?pageno=92,2026-09-22T16:28:34.068524+00:00
Fumaria indica (Hausskn.)Pugsley,Fumaria parvifloravar.indica (Hausskn.) Parsa Fumaria vaillantiivar.indicaHausskn.,Papaveraceae,https://mpbd.cu.ac.bd/plants.php?pageno=92,2026-09-22T16:28:34.068524+00:00
Altingia excelsa Noronha,Liquidambaral tingiana Blume,Hamamelidaceae,https://mpbd.cu.ac.bd/plants.php?pageno=92,2026-09-22T16:28:34.068524+00:00
Ficus auriculata Lour.,Covellia macrophylla Miq. Ficus oligodon Miq. Ficus regia Miq. Ficus roxburghii Steud.,Moraceae,https://mpbd.cu.ac.bd/plants.php?pageno=93,2026-09-22T16:28:35.594799+00:00
