request_url,cache_file,http_status,retrieved_at,content_hash,content_type
https://mpbd.cu.ac.bd/pharmacology.php,5647b907ef73d04e2a4d9f46.html,200,2026-09-24T18:36:26.262300+00:00,c22119476d089609e78b81877a3525defe5fe93542488e327532c60ba4a7aaab,text/html; charset=UTF-8
https://mpbd.cu.ac.bd/details.php?id=4,b6cfbe69656deadec95715d2.html,200,2026-09-24T18:36:39.212066+00:00,7535c7b1f03e3f30647306b72257e1c4dbae8c5fbed26a3382315502f1e7c637,text/html; charset=UTF-8
https://mpbd.cu.ac.bd/details.php?id=28,49ae1278ba4b4738d1221981.html,200,2026-09-24T18:36:40.431152+00:00,404ce444232a8e6911defd7545529469ac286c1f42155c5346dce8c6f985c690,text/html; charset=UTF-8
https://mpbd.cu.ac.bd/details.php?id=73,4af40eae34f305297cdcbc9e.html,200,2026-09-24T18:36:41.933752+00:00,3c1b8986e8b3ec92917a2be428eca2b73ab627505a04497ba022199365d95ecc,text/html; charset=UTF-8
https://mpbd.cu.ac.bd/details.php?id=155,18af9e065e069edf75def558.html,200,2026-09-24T18:36:43.328278+00:00,109b28db38f2b82ae497f368c7ee65098a51d48b8f828e5d96e0798c1045ea6f,text/html; charset=UTF-8
https://mpbd.cu.ac.bd/details.php?id=306,b55145190b2c7f6db35eaec6.html,200,2026-09-24T18:36:44.861440+00:00,e3f4c3410a95f9f3e2bafd12c4d76b0c24b28fa2289e243b138fb40099218f31,text/html; charset=UTF-8
https://mpbd.cu.ac.bd/details.php?id=414,fef6d4d815b8255abbfab7ce.html,200,2026-09-24T18:36:46.090139+00:00,1f1037cf142262f7af117f2ecd05394798be468fc4f438709623f8a05dcc5379,text/html; charset=UTF-8
https://mpbd.cu.ac.bd/details.php?id=504,551903ed0874939ce1d262d5.html,200,2026-09-24T18:36:47.136301+00:00,d487dc60a0e4a7458dc212bfb4ee7dfff1550da462fc0dd7322f61919d7d04f9,text/html; charset=UTF-8
https://mpbd.cu.ac.bd/details.php?id=646,89a4ceee8c5baeb65200a44d.html,200,2026-09-24T18:36:48.483029+00:00,2e697d17cf30aa28e4a93e3e08f7e3a4ce3d73081d045d163edbf64cd67df7f0,text/html; charset=UTF-8
https://mpbd.cu.ac.bd/details.php?id=744,0dedbb7acd5f3394ddcd071b.html,200,2026-09-24T18:36:49.773929+00:00,d77788c5b060316acad7e23f2f97253c176519526e827727f92b436192e4b9e0,text/html; charset=UTF-8
https://mpbd.cu.ac.bd/details.php?id=925,4141bb010d57573d0eeec51e.html,200,2026-09-24T18:36:50.906097+00:00,4d3ae53d0fcf1f4d8b4fc3bdefa6d87dcfdddd40d7b81d27b59725550b74bcfb,text/html; charset=UTF-8
https://mpbd.cu.ac.bd/details.php?id=5,9d14eedbf35f45db6e367fdf.html,200,2026-09-24T18:38:05.569452+00:00,d88ad47b2ea90e4c56ff9c1f6e012080c29e155edc016adf4c96d4393fc559fd,text/html; charset=UTF-8
https://mpbd.cu.ac.bd/details.php?id=6,329395e2e59e30d3b1c02c9b.html,200,2026-09-24T18:38:06.668738+00:00,374087610c27c4314bdea7712e6b70f08b6c781409f29edf52813ac29d980461,text/html; charset=UTF-8
https://mpbd.cu.ac.bd/details.php?id=7,fc99991778c132f767b8bc6d.html,200,2026-09-24T18:38:08.080962+00:00,86a39d82d1efc56c422136f8982ca1da68d1d11b62aacd912fee99b69bfed856,text/html; charset=UTF-8
https://mpbd.cu.ac.bd/details.php?id=8,1ac3f0231c23ca8e1b3f0c2d.html,200,2026-09-24T18:38:09.128677+00:00,abb281e860a3d0ed147922eb20af91a36dfa9daa23a91c05fea92b466ffe83b0,text/html; charset=UTF-8
https://mpbd.cu.ac.bd/details.php?id=9,4e1f1667f6f92c37b369d56f.html,200,2026-09-24T18:38:10.319811+00:00,501d4371d3303e7b710dcfc43302ad6f85e211befb5efcb4937b66e1a8dbaea0,text/html; charset=UTF-8
https://mpbd.cu.ac.bd/details.php?id=10,bcf793d5fd2ebb57af6c2aa5.html,200,2026-09-24T18:38:11.797869+00:00,46443f246a7b5b2e7641d9c9e8f043491ad272e10f4babd5a9cc7f2f61304d39,text/html; charset=UTF-8
https://mpbd.cu.ac.bd/details.php?id=11,8ef3b8ba651281e5a87cd599.html,200,2026-09-24T18:38:13.049725+00:00,ecc72c56922d7560a94255cc92590b4b91ba2c3c482a9d1f3e237a6910b507ac,text/html; charset=UTF-8
https://mpbd.cu.ac.bd/details.php?id=12,e45e1932a833c0bc1add84ff.html,200,2026-09-24T18:38:14.509537+00:00,06597f850b564f56cf90705bbdb9c3326ec15a742a320f0d3a76d136ee952d4b,text/html; charset=UTF-8
https://mpbd.cu.ac.bd/details.php?id=13,c76a9eec352fd2d9b2fa4021.html,200,2026-09-24T18:38:15.642002+00:00,4c5dae14917e6d5479bb9f8b3a765f48a0bc60ad99b2c118328d34b3270a3c7e,text/html; charset=UTF-8
https://mpbd.cu.ac.bd/details.php?id=14,61da9bef4a49ab389e88353f.html,200,2026-09-24T18:38:16.800529+00:00,ccc73dd367e6171b93b74151f94cfb636694a496630acbaddc742cac08301410,text/html; charset=UTF-8
https://mpbd.cu.ac.bd/details.php?id=15,5dc34d09c0d5141956cec565.html,200,2026-09-24T18:38:17.948133+00:00,022e12f4921135eb5a05446301bc463e22be23ba5754db4c0226b70a0daadb1b,text/html; charset=UTF-8
https://mpbd.cu.ac.bd/details.php?id=16,e382971346e21cd225d013b7.html,200,2026-09-24T18:38:19.143643+00:00,39464d4a4b53e9b4ebe785ba4d139eb98e6b568d2e6b0166e29e73b3207615e3,text/html; charset=UTF-8
https://mpbd.cu.ac.bd/details.php?id=17,6ffe03661429c66d53264791.html,200,2026-09-24T18:38:20.504780+00:00,c750d20b96866ca1109dd694621b2b552c66fd688a93be8f080e72258c5091e5,text/html; charset=UTF-8
https://mpbd.cu.ac.bd/details.php?id=18,d2e1a7810d0252bb33aa0ce1.html,200,2026-09-24T18:38:21.565453+00:00,33f75434fba1dfb238bc78b7db68be81efd9e121b92fe1c8246dacc80d58f731,text/html; charset=UTF-8
https://mpbd.cu.ac.bd/details.php?id=19,9b983f1073946094a86d9b77.html,200,2026-09-24T18:38:22.951967+00:00,07df47aa450b09bf37d554732b7a68a15c6e8b98bc69e0367703d6aac15137cc,text/html; charset=UTF-8
https://mpbd.cu.ac.bd/details.php?id=20,0a5bb4fc3a44135d38b6bf16.html,200,2026-09-24T18:38:23.981031+00:00,fa136112693815dbfc3a2d11ab56910dce035658f5c7caeafed07f0f88e0d588,text/html; charset=UTF-8
https://mpbd.cu.ac.bd/details.php?id=21,85cc8bbbb548307329700fde.html,200,2026-09-24T18:38:25.370007+00:00,8a245e3c1300b180a652aabbcacd7c7b84557b7dadb3b56a66c56c0a44c3d28b,text/html; charset=UTF-8
https://mpbd.cu.ac.bd/details.php?id=22,2824c3afede336be64612154.html,200,2026-09-24T18:38:26.509496+00:00,8c85f65d99d506250f5986a85d83ad75c1f050eca1429ac6fcc0cbc4378b1edb,text/html; charset=UTF-8
https://mpbd.cu.ac.bd/details.php?id=23,06fdd0e8d3ba80016ff3cba2.html,200,2026-09-24T18:38:27.970975+00:00,859ee9d4bde139115e3fd5b65c3a64e343590b39f70a918c5a6645fe00b4d16e,text/html; charset=UTF-8
https://mpbd.cu.ac.bd/details.php?id=24,cdb953c562299964ce711418.html,200,2026-09-24T18:38:29.067331+00:00,893df8549649366f9cd0469987349d253d2ab5b79295d33ff71c92ed55e1b5af,text/html; charset=UTF-8
https://mpbd.cu.ac.bd/details.php?id=25,f3b1e4c45eacee2de97315c7.html,200,2026-09-24T18:38:30.569613+00:00,eff5db6a599ecdb8171f77437ea957615f368b53f69eccaccdf9841c6bcc50a3,text/html; charset=UTF-8
https://mpbd.cu.ac.bd/details.php?id=26,66e2bd36c1db5a35c8242377.html,200,2026-09-24T18:38:31.899046+00:00,bfd7c670adc19f25c7dfd4d5ea9d6aea5276955cc7f26656c729c1dcda13c6b5,text/html; charset=UTF-8
https://mpbd.cu.ac.bd/details.php?id=27,dbe275bdf9d0f752183324eb.html,200,2026-09-24T18:38:33.030648+00:00,00ddc03c099894658029d0d889cbce228a96887d7ccaa6419294e3d9779f4ba7,text/html; charset=UTF-8
https://mpbd.cu.ac.bd/details.php?id=29,0b5f6480abbe6fa2142e4560.html,200,2026-09-24T18:38:34.180055+00:00,70d2ea7096882454f42886ec367b6afbf4b917857a212f6ca523644c4221abea,text/html; charset=UTF-8
https://mpbd.cu.ac.bd/details.php?id=30,259f423d8166e898923878ec.html,200,2026-09-24T18:38:35.543944+00:00,98cabf90bd41fa3de288280b53326fec6c992cbfe2350ca9ccb6aeb8428e7570,text/html; charset=UTF-8
https://mpbd.cu.ac.bd/details.php?id=31,c3c19d11c2722af8d28e7a3a.html,200,2026-09-24T18:38:37.028327+00:00,253c1ab263e18f965cc854220a584703cafde48958d806920de9abd0a51d53d2,text/html; charset=UTF-8
https://mpbd.cu.ac.bd/details.php?id=32,1c46638174caaeccd000faa6.html,200,2026-09-24T18:38:38.296043+00:00,46f893ffee49a8833d81527963d1d143cf9e96ee93176d46a70390c5e81de0ba,text/html; charset=UTF-8
https://mpbd.cu.ac.bd/details.php?id=33,d49e94c38437808823db2337.html,200,2026-09-24T18:38:39.345590+00:00,e82e1f33085d79b28e949c22c82e369419a299e612c1d394f378ad39bd1f7b20,text/html; charset=UTF-8
https://mpbd.cu.ac.bd/details.php?id=34,f9f2bfe5d7624cf33003bad9.html,200,2026-09-24T18:38:40.499543+00:00,f3983d393c58cff845a7736a3ed11b52c9e8ab7ed7084b33e102f10388fe2532,text/html; charset=UTF-8
https://mpbd.cu.ac.bd/details.php?id=35,4cf4bc779c72654beef64596.html,200,2026-09-24T18:38:41.766965+00:00,3c87a7acde98868ace55ccc6ff215adcbdf8d9e9256e5408f45c5ba8d30347ec,text/html; charset=UTF-8
https://mpbd.cu.ac.bd/details.php?id=36,44fc45d0dd7fbadc36c8fb65.html,200,2026-09-24T18:38:43.102863+00:00,7a2d6f40996214a2031eae35243b2ef160730dc750fc23721a594f52a2dad7e9,text/html; charset=UTF-8
https://mpbd.cu.ac.bd/details.php?id=37,26511990c2251ffd3fa1e5fb.html,200,2026-09-24T18:38:44.632771+00:00,852a3cec97a78b8197ce99c06bd36c19ead941523240d26f85ade50007b753d4,text/html; charset=UTF-8
https://mpbd.cu.ac.bd/details.php?id=38,68efb29fc9eb2de02c04dd3e.html,200,2026-09-24T18:38:45.897279+00:00,0c6778b5f8db0e5df315650a0fb9590e1ff7f07669f5acd6f44672f8812877bb,text/html; charset=UTF-8
https://mpbd.cu.ac.bd/details.php?id=39,65e80653ec9e85ddbff3aec7.html,200,2026-09-24T18:38:47.097961+00:00,2531d86b5491272114ce172b993e49aa85fb9adab0a91cbb97c4848d584799f9,text/html; charset=UTF-8
https://mpbd.cu.ac.bd/details.php?id=40,11968609994a129f664927c8.html,200,2026-09-24T18:38:48.185702+00:00,4be9345e2efdf25737f9d2b7d6b245b93fae2ab5a341cad5f32365db475285a6,text/html; charset=UTF-8
https://mpbd.cu.ac.bd/details.php?id=41,57bb7f9eb89b3c201401bee0.html,200,2026-09-24T18:38:49.447095+00:00,38bfba45e3b5a05d495a74587bbb0c70194b512e7d59a9797023727de006e78a,text/html; charset=UTF-8
https://mpbd.cu.ac.bd/details.php?id=42,34b5356cf4b7584b9a515ce0.html,200,2026-09-24T18:38:50.541340+00:00,9303e795996c41d85d80bd13d3bbe8e5b17fa067f487b206699db53139910cd7,text/html; charset=UTF-8
https://mpbd.cu.ac.bd/details.php?id=43,24a1d49149d32ef05890a2dc.html,200,2026-09-24T18:38:52.045914+00:00,c1f8641322897ab03b33977a5a0102bcbf74670fe19a28f5aaef696ebebddec8,text/html; charset=UTF-8
https://mpbd.cu.ac.bd/details.php?id=44,2f53f8cf803692ba8161239e.html,200,2026-09-24T18:38:53.358645+00:00,1591eead9ef78e906f2a8197196e1826fa11c2d944badc1713b54330ecb909fa,text/html; charset=UTF-8
https://mpbd.cu.ac.bd/details.php?id=45,b0bc91db8805be1f2cf9bac1.html,200,2026-09-24T18:38:54.659232+00:00,c5984c6f2dd2bdac49dff3bca8265b14245f4baaccfa9f64b985c0f27aa2aa10,text/html; charset=UTF-8
https://mpbd.cu.ac.bd/details.php?id=46,6af222a3c9e092689c0b147a.html,200,2026-09-24T18:38:56.013060+00:00,1e23ecf9344846bf010c40d546ba64212d3511b15cc891743056274b3d896229,text/html; charset=UTF-8
https://mpbd.cu.ac.bd/details.php?id=47,adb24162967f4db257adfdff.html,200,2026-09-24T18:38:57.197533+00:00,08fefac40c06950af5276ee7add6b31fb698f0aa5b837667a122624090279fde,text/html; charset=UTF-8
https://mpbd.cu.ac.bd/details.php?id=48,8c9e74c2d99aa95c2970b694.html,200,2026-09-24T18:38:58.274337+00:00,d4f1dcf85b7adba2fa1836b48c940f99ffaeb731fa59968feb5149974485b3bf,text/html; charset=UTF-8
https://mpbd.cu.ac.bd/details.php?id=49,d3da4f0bf48655330a8bd6db.html,200,2026-09-24T18:38:59.502123+00:00,b0987ab1c543263cbb41fd7cf5d29de8b43fc4c49bd1ea8eda695f712522758c,text/html; charset=UTF-8
https://mpbd.cu.ac.bd/details.php?id=50,43c8a7877282ae1cf4cce193.html,200,2026-09-24T18:39:00.772179+00:00,b44c46758e492b8fdb439f6029dd1630df6b8449e0650cf40e79e92217c96c34,text/html; charset=UTF-8
https://mpbd.cu.ac.bd/details.php?id=51,47273d0cd2e945655822522d.html,200,2026-09-24T18:39:02.230814+00:00,de32b628f877b1ea63c36497bf437532702f8d72f853112beb069d7ca3d63939,text/html; charset=UTF-8
https://mpbd.cu.ac.bd/details.php?id=52,d54a9ad81372f9f54e8a288c.html,200,2026-09-24T18:39:03.589984+00:00,8b065186ceeb41c937053b388920c5994c403de93d8dde64e32a0953200d2157,text/html; charset=UTF-8
https://mpbd.cu.ac.bd/details.php?id=53,22abdddb1ac4235a0f85b5d3.html,200,2026-09-24T18:39:04.903937+00:00,480b1d40a533d3a61c9700af630c1264c6dc65c2c9b5dac411db102fc3eae5d3,text/html; charset=UTF-8
https://mpbd.cu.ac.bd/details.php?id=54,516e265d08ad19b79c252924.html,200,2026-09-24T18:39:06.282198+00:00,19345394190f477a3dd840ed014b2a6db58b20a0b48b1fb5c8ab24600e86c4fd,text/html; charset=UTF-8
https://mpbd.cu.ac.bd/details.php?id=55,558db9ee105b1b5125ccf86d.html,200,2026-09-24T18:39:07.502263+00:00,d7175e4517faa78c689e82c4d5ce0920dccdeede50906857c295f8a6975b8f42,text/html; charset=UTF-8
https://mpbd.cu.ac.bd/details.php?id=56,49a54c69d4a2feb63b35cbed.html,200,2026-09-24T18:39:09.007097+00:00,6dcc18a2eabae011be3cddfd567e859c6853f958e65b75ce0d05e8160de9191c,text/html; charset=UTF-8
https://mpbd.cu.ac.bd/details.php?id=57,37a1364d4bfe502ac35b7649.html,200,2026-09-24T18:39:10.448591+00:00,28f4128e4b357a6fe88baa3abd21fbdf2f1908458916c4593a4afdf92404b738,text/html; charset=UTF-8
https://mpbd.cu.ac.bd/details.php?id=58,4f28d9d7dd8383710d247d66.html,200,2026-09-24T18:39:11.712503+00:00,6970b729d468f693c67bf5607da69df3d86d6505c58fb604e0e1ebe49bed6fb3,text/html; charset=UTF-8
https://mpbd.cu.ac.bd/details.php?id=59,82dc6007605a7715b4d6f37f.html,200,2026-09-24T18:39:13.057798+00:00,dbd0e7ed994396f8691e137145950b44deb142cb49069d8693e216d88ef45e99,text/html; charset=UTF-8
https://mpbd.cu.ac.bd/details.php?id=60,bd7d06141f1c5bd4c15df67d.html,200,2026-09-24T18:39:14.124011+00:00,db6ca6e504f746b956211c618b16b52b63dd0fa07be2d013e5845f23a595ae32,text/html; charset=UTF-8
https://mpbd.cu.ac.bd/details.php?id=61,c400a76e45d443279873ce90.html,200,2026-09-24T18:39:15.642010+00:00,41f5e22a1651676aec870b0e8ed44acd87bf87651a441070e177849b7ea7fd79,text/html; charset=UTF-8
https://mpbd.cu.ac.bd/details.php?id=62,447761796dd04004dbd1550e.html,200,2026-09-24T18:39:16.858382+00:00,49e43bbc1aaf530a591d3a4ec8c4464d8f9a8136c55f2eb6789c28d1ab103400,text/html; charset=UTF-8
https://mpbd.cu.ac.bd/details.php?id=63,1ca634f0ecf8a0a154f14cc5.html,200,2026-09-24T18:39:18.136382+00:00,9e265517851ebc5b18ffd5f47ddf2aec892a598b6ada55203912b59ee8ce8d67,text/html; charset=UTF-8
https://mpbd.cu.ac.bd/details.php?id=64,829121fecd041a012fdc91cd.html,200,2026-09-24T18:39:19.192202+00:00,7b3ff0216a900181da3caeaa7c322ff42012d6297a0004c27795f43111166b5a,text/html; charset=UTF-8
https://mpbd.cu.ac.bd/details.php?id=65,8d69be1c4c57c9fe45f566cf.html,200,2026-09-24T18:39:20.697522+00:00,bd928aa3ed2528951010788d494c34fdae7b8e66aa492612021ab660b8e956dd,text/html; charset=UTF-8
https://mpbd.cu.ac.bd/details.php?id=66,fee15599d0beddf934f219be.html,200,2026-09-24T18:39:22.192039+00:00,1ec057bd190532a273e29362ebb12c9c18dc1ff20cd8ec40da6c68868774457a,text/html; charset=UTF-8
https://mpbd.cu.ac.bd/details.php?id=67,b9c9364490e22775b3080806.html,200,2026-09-24T18:39:23.351199+00:00,21baa39102381aeff53e32d65caefffe0d134f79a93eb145028dd0ca33075846,text/html; charset=UTF-8
https://mpbd.cu.ac.bd/details.php?id=68,07b79fa876f50500f113b8cd.html,200,2026-09-24T18:39:24.817123+00:00,adc42ee82818132dba64384b2d5ee8e0b19b1d6975f47ba0fb80d2ccc1aee431,text/html; charset=UTF-8
https://mpbd.cu.ac.bd/details.php?id=69,af582d6e939ebd71f601ad22.html,200,2026-09-24T18:39:26.085111+00:00,cb52ef3f97d1c8827dd1b96d82dc71fc26d73691011290d316212750f33beaab,text/html; charset=UTF-8
https://mpbd.cu.ac.bd/details.php?id=70,1c598101ee337e5f2a3d35d4.html,200,2026-09-24T18:39:27.612427+00:00,1b2464dad6e3a7af7782dc5a87d399192dbeb637364e838b27ee21b917ad72ee,text/html; charset=UTF-8
https://mpbd.cu.ac.bd/details.php?id=71,ec67711c29b2ca31e504eb02.html,200,2026-09-24T18:39:29.102085+00:00,1c5fd4c249829f3b641a27b937f5ae7f230fd0350af27cc0e0fd516d5016d99a,text/html; charset=UTF-8
https://mpbd.cu.ac.bd/details.php?id=72,10c7f27d9abf5f1535eb9cd9.html,200,2026-09-24T18:39:30.467508+00:00,a7c86e16dbff5679345ba97dbba0f886b5afb75ab531be591dc730065f0604ae,text/html; charset=UTF-8
https://mpbd.cu.ac.bd/details.php?id=74,3b8358cc9c897720a28d9707.html,200,2026-09-24T18:39:31.636606+00:00,6bf867c24ffdcdb5d80198e2b898a995b476012ebc586b3004ec1f926cc12624,text/html; charset=UTF-8
https://mpbd.cu.ac.bd/details.php?id=75,ef7d07c9ee84e9b6e8c81f56.html,200,2026-09-24T18:39:32.742871+00:00,5afb29baf7484fef9412867015537e2ff8814803030e4086d88391c2390265a8,text/html; charset=UTF-8
https://mpbd.cu.ac.bd/details.php?id=76,1f966eae1838f67a25202add.html,200,2026-09-24T18:39:34.029075+00:00,5d611ada36b18db9090dbdd94fbc0313a61d0ea110a6772f49d627a83eed6e3c,text/html; charset=UTF-8
https://mpbd.cu.ac.bd/details.php?id=77,798de387f3658b3a0a2c96ad.html,200,2026-09-24T18:39:35.151860+00:00,1303428fa0168a7dc08838968ad9ff728c5fc2887e1c2657d252302fd7f87180,text/html; charset=UTF-8
https://mpbd.cu.ac.bd/details.php?id=78,4268bf1481d252ddc91369f3.html,200,2026-09-24T18:39:36.474271+00:00,46d4d27f42a5894c7a2b3e3d4ad6bf63d5f95b3edf27d4db71e6975da1229cae,text/html; charset=UTF-8
https://mpbd.cu.ac.bd/details.php?id=79,aa31058e121d9b0d3aa482a0.html,200,2026-09-24T18:39:37.952944+00:00,e56a710578d2dd5ee1a36412f609fc071624ec4fce0481d5e41f70d9ea02306f,text/html; charset=UTF-8
https://mpbd.cu.ac.bd/details.php?id=80,cf73f314b5a11e52aedfef9d.html,200,2026-09-24T18:39:39.211843+00:00,796f547c800748c8d76fffd409381dae50337396e54c6e95c605daf358c2aaee,text/html; charset=UTF-8
https://mpbd.cu.ac.bd/details.php?id=81,581d9cc5161d14b4fc90bd23.html,200,2026-09-24T18:39:40.506813+00:00,414c5b5d087c2c922cb211f858a791b86fced84d9ca2442653612be87b42168e,text/html; charset=UTF-8
https://mpbd.cu.ac.bd/details.php?id=82,b6528f3ce95ff2be48607717.html,200,2026-09-24T18:39:41.802659+00:00,6e601c3ad00209f61f1699b3a19023922dd46393f7d54cb51d983ab0c9d2fe93,text/html; charset=UTF-8
https://mpbd.cu.ac.bd/details.php?id=83,d40f97f0b7a9b0d7d91c00c9.html,200,2026-09-24T18:39:42.825125+00:00,ff12e2bf6f4315e49fa07f550c53758d3a566a748cfbbc25e4753d5db442cde7,text/html; charset=UTF-8
https://mpbd.cu.ac.bd/details.php?id=84,f1bf94bd2e13dae3ef1f659a.html,200,2026-09-24T18:39:43.863590+00:00,c0e2d8117cf9046730e2d6f6e97cfa63beddb84fa8863f002b5541a35ec836a1,text/html; charset=UTF-8
https://mpbd.cu.ac.bd/details.php?id=85,0d4146565c4751a60d2c348b.html,200,2026-09-24T18:39:45.000481+00:00,a89ed80c75b0e8078db7642b7baa3181fe5d2ba9e289ae7ee84c1b593974ad60,text/html; charset=UTF-8
https://mpbd.cu.ac.bd/details.php?id=86,b14e8899fbb233435174a11e.html,200,2026-09-24T18:39:46.325255+00:00,3dbeb4e9a21daef2a8ed27e8c18b23f8325fd5f7dde8e4f9089dff4078cdadfd,text/html; charset=UTF-8
https://mpbd.cu.ac.bd/details.php?id=87,4bccdaa98e886589a1275625.html,200,2026-09-24T18:39:47.579180+00:00,bd6f3a74a15e5f6b76cd51f8442612dfc2617119c0158adfcb0daadb2c04a565,text/html; charset=UTF-8
https://mpbd.cu.ac.bd/details.php?id=88,7ff44c33c2e2daa34e1f919d.html,200,2026-09-24T18:39:49.032052+00:00,df7affa83d46efedac9ee4594387e10d627d5dada3d0e737d6ca68ebdc3676d5,text/html; charset=UTF-8
https://mpbd.cu.ac.bd/details.php?id=89,f14b6e53220800861549a670.html,200,2026-09-24T18:39:50.472662+00:00,f4a089b8fa5a109bf08b9498c7c44b3a2141a1d477efa25de07a6973bbdc3b41,text/html; charset=UTF-8
https://mpbd.cu.ac.bd/details.php?id=90,0881791586c5db7dd907ea45.html,200,2026-09-24T18:39:51.835942+00:00,a501a5c5f4b8a9ecf76dbe40e0932e274b19f7ac1f30f8dd0f4aabaa45b111f1,text/html; charset=UTF-8
https://mpbd.cu.ac.bd/details.php?id=91,32a106f4e3c1b9d38783f686.html,200,2026-09-24T18:39:53.051781+00:00,4924b124e677999848c1369fae5fbc8d9ba9198e852630c93edc535620145f45,text/html; charset=UTF-8
https://mpbd.cu.ac.bd/details.php?id=94,99d40ef5cfd2663c11c14413.html,200,2026-09-24T18:39:54.093496+00:00,e94c3d464e86170ec377f6b520b0d3ccbbca2892af7a2d6374373206cb109446,text/html; charset=UTF-8
https://mpbd.cu.ac.bd/details.php?id=95,5f50d0b9ffe7cdd728c9f1e7.html,200,2026-09-24T18:39:55.249772+00:00,e3eb2556ffd0cecab338e36a5b51962cddd390cc675dc621236d03979c35948d,text/html; charset=UTF-8
https://mpbd.cu.ac.bd/details.php?id=96,12faa13d8b5ccafa4594ab24.html,200,2026-09-24T18:39:56.394670+00:00,e875924a656658dc0c4d50cb3ae83853643968d72ee10bd87ff7aa4a8833bbbe,text/html; charset=UTF-8
https://mpbd.cu.ac.bd/details.php?id=97,936e28e9e61c468242feacf7.html,200,2026-09-24T18:39:57.805923+00:00,6060310514353ad0fcb0b5f73d214cca0918d0329560772250164ed94bc99654,text/html; charset=UTF-8
https://mpbd.cu.ac.bd/details.php?id=98,01c7a0fe086f0e1edfdcace3.html,200,2026-09-24T18:39:59.293028+00:00,05daa1aa7ba3e3fa0fe62b4cf1e1457c7484574cc76c52e52aa3f02ae22d6956,text/html; charset=UTF-8
https://mpbd.cu.ac.bd/details.php?id=99,427feed4829a86b0b425f6a6.html,200,2026-09-24T18:40:00.321725+00:00,5b3ca0e860099bdebc7ce3bfb826d69f9918d358ec1298c45806ac803f536c37,text/html; charset=UTF-8
https://mpbd.cu.ac.bd/details.php?id=100,6baeddefdc8eba99f9aeee49.html,200,2026-09-24T18:40:01.419565+00:00,d3333ad47b70bf793f645697764f2878e4abcace8cf79cde10114d6e92d4e187,text/html; charset=UTF-8
https://mpbd.cu.ac.bd/details.php?id=101,7ab9efa18a354373662be71c.html,200,2026-09-24T18:40:02.725217+00:00,37ce70c46afe8faa2e7bd9ab0c167567187e9ff97c834919bbf239448b721953,text/html; charset=UTF-8
https://mpbd.cu.ac.bd/details.php?id=102,b4a5146d8d9ae0be2df7ec05.html,200,2026-09-24T18:40:03.955738+00:00,0333ae1d2865834030687531d240133f8a5cd7b405d7c6fda375327ed9a46642,text/html; charset=UTF-8
https://mpbd.cu.ac.bd/details.php?id=103,331df1fbd24ed888ae0f5f2c.html,200,2026-09-24T18:40:05.411655+00:00,c78f9753e69e51d71f65805651317e8378afd1034ea8eac6e6c270f941086ee6,text/html; charset=UTF-8
https://mpbd.cu.ac.bd/details.php?id=104,08d5c12c6e2d1fa111319fbc.html,200,2026-09-24T18:40:06.919883+00:00,ce3f52eddbe8f1fe2b92f3de29b9803872265cdb0e60d0508ca3c46094c0c7d5,text/html; charset=UTF-8
https://mpbd.cu.ac.bd/details.php?id=105,44a50bddba905c7bd3f86c06.html,200,2026-09-24T18:40:08.095060+00:00,a71b6eb039d7da1e4e2ee78e19acc84020ce2f2418864778a62c9d149aeb660e,text/html; charset=UTF-8
https://mpbd.cu.ac.bd/details.php?id=106,09e3d13aff15ee93c707adf9.html,200,2026-09-24T18:40:09.222301+00:00,f71127373faa2303d6ec9d9620217e148cea45f766723fe95066d2434f6bd17c,text/html; charset=UTF-8
https://mpbd.cu.ac.bd/details.php?id=107,195b26b496538217cfc422bf.html,200,2026-09-24T18:40:10.410265+00:00,b75a5d7b4170287ac9af89f8f20a49bc24773b050183c1ff1809506ed749df03,text/html; charset=UTF-8
https://mpbd.cu.ac.bd/details.php?id=108,8a1a29867025455361cd69f3.html,200,2026-09-24T18:40:11.558394+00:00,3ff88dd2fde172b574ffd58e86523c9d25d6e3efbbd6690422649bd734899fc6,text/html; charset=UTF-8
https://mpbd.cu.ac.bd/details.php?id=109,5a846ec0177926058c378351.html,200,2026-09-24T18:40:13.053248+00:00,6c3999981d949f7515a4205d5e25737b482d1eeacb42e6d9d529d814ece13abb,text/html; charset=UTF-8
https://mpbd.cu.ac.bd/details.php?id=110,bf0f75651740c7ab795a062b.html,200,2026-09-24T18:40:14.245006+00:00,b5341d13692d39958f6540695abe07645109fd2b7a1a81feb251ebbbdc089fde,text/html; charset=UTF-8
https://mpbd.cu.ac.bd/details.php?id=111,e1a1c53445223b6b2222f2c7.html,200,2026-09-24T18:40:15.375356+00:00,2c94cccc5b114cad35046e4582a2ced231d58b7976303b5d2175723734f22449,text/html; charset=UTF-8
https://mpbd.cu.ac.bd/details.php?id=112,9623e48c9d942c145369c578.html,200,2026-09-24T18:40:16.839315+00:00,aff820f36f9b7f1787bc36bf922e4000a6a31f0f8e835d3753fb48a573a615c3,text/html; charset=UTF-8
https://mpbd.cu.ac.bd/details.php?id=113,8121ed1f0dfce3ee7c2aef57.html,200,2026-09-24T18:40:18.054078+00:00,98bd614d5b37cafc78b484406279d5c438ea98c802ddc3f450973a9f29e3d08a,text/html; charset=UTF-8
https://mpbd.cu.ac.bd/details.php?id=114,8d1f7be8db565d80c13eb23c.html,200,2026-09-24T18:40:19.269210+00:00,256252fa1ab3791f78c3de4377c0f76056c201615d24d823674ef6d25d6e7a56,text/html; charset=UTF-8
https://mpbd.cu.ac.bd/details.php?id=115,cd020ea147e6c7e33d942ba8.html,200,2026-09-24T18:40:20.429500+00:00,3a72da91038d83095c82b46026fd555767f24e2d694661bf38c6af21ab97098c,text/html; charset=UTF-8
https://mpbd.cu.ac.bd/details.php?id=116,45c7675f0078f3d258f86d19.html,200,2026-09-24T18:40:21.780220+00:00,955fa733fc54202ae9706022ff7fb3681c47403300a9ccd9425054c1d6ded596,text/html; charset=UTF-8
https://mpbd.cu.ac.bd/details.php?id=117,fedc5ffa99a21aea584573fa.html,200,2026-09-24T18:40:23.173168+00:00,aaa8518272580323b36413b160b400f20835d9b52f37fad212f91d188be824c0,text/html; charset=UTF-8
https://mpbd.cu.ac.bd/details.php?id=118,48c9e80c88497fbc5368f17e.html,200,2026-09-24T18:40:24.440353+00:00,700749d167f6398341195d5f417d4737b3be83c81c683601ce8e6bdf54e0569e,text/html; charset=UTF-8
https://mpbd.cu.ac.bd/details.php?id=119,b0b4100c0c509dd0bedbc8d1.html,200,2026-09-24T18:40:25.832577+00:00,8e01cd4936614a9536a1e085f5d2a823829ab201c678a01d0698cebf447597b3,text/html; charset=UTF-8
https://mpbd.cu.ac.bd/details.php?id=120,3222214ff118623f0dd51045.html,200,2026-09-24T18:40:27.195958+00:00,4cac94aa167c4536f377f1031df0d0c2a5a0306d9632b079d3d49f105e876389,text/html; charset=UTF-8
https://mpbd.cu.ac.bd/details.php?id=121,9e6b6fd862b01d4d26040c09.html,200,2026-09-24T18:40:28.491306+00:00,8751d8fff17a442fbe29d892ae915f9e5cb44ccf6219d389633711015f9b0938,text/html; charset=UTF-8
https://mpbd.cu.ac.bd/details.php?id=122,3599187928673c2f04f4ba1b.html,200,2026-09-24T18:40:29.826325+00:00,2f2052e7170d7a4f54994b472a00097b504be56ba8f81d7cb3cfbd7ede4204ba,text/html; charset=UTF-8
https://mpbd.cu.ac.bd/details.php?id=123,6064698d9afa9fbe26375c71.html,200,2026-09-24T18:40:31.076546+00:00,cf0bf448c86f5a4713ad042dbb5268fd3ae550ecd98d466f78284e69b612ebd9,text/html; charset=UTF-8
https://mpbd.cu.ac.bd/details.php?id=124,6bccf94559990b4e861e098d.html,200,2026-09-24T18:40:32.238299+00:00,3ff5eef7f88ef4a539c98bc99f1e8c6d8dc9a1ffbffb2ecb1e3ce80d0e5981ff,text/html; charset=UTF-8
https://mpbd.cu.ac.bd/details.php?id=125,b09cfad1716c26e25b692f28.html,200,2026-09-24T18:40:33.719125+00:00,24fddef54ca30701bbb8fd2494cd086bd203a5c1035863c1c98822e48a4d54c0,text/html; charset=UTF-8
https://mpbd.cu.ac.bd/details.php?id=126,6d96666b312168b1469a0a94.html,200,2026-09-24T18:40:35.036762+00:00,2cf3d27865564c6d968b03ef4e76eced1cd548b631e00952483f64265b932737,text/html; charset=UTF-8
https://mpbd.cu.ac.bd/details.php?id=127,75ac1772df717ee2ff415ac5.html,200,2026-09-24T18:40:36.165732+00:00,439fcb08d08fade723fc1b29fd1099d384f853204bdf173ad385e7a61cac9877,text/html; charset=UTF-8
https://mpbd.cu.ac.bd/details.php?id=128,6278e5765019934bc8c4cd21.html,200,2026-09-24T18:40:37.440018+00:00,e39e0442683f733bd79f08858bd60d1a4b60ae9352d878eef8db7c8e8d299dc9,text/html; charset=UTF-8
https://mpbd.cu.ac.bd/details.php?id=129,5167cd5ec5cc339118ec30b2.html,200,2026-09-24T18:40:38.931341+00:00,f44269140d4d88206ab3c7df2b0aec89adc9ae0095b226a99508e6f559786fb1,text/html; charset=UTF-8
https://mpbd.cu.ac.bd/details.php?id=130,d7cd0e2943f7c95f44779394.html,200,2026-09-24T18:40:40.338230+00:00,7c8bbd5451b95851901fe6ac6377f1373f344510eb87fc7953142053335fb3d3,text/html; charset=UTF-8
https://mpbd.cu.ac.bd/details.php?id=131,fb85fcb23cdb1602fbf7ed4b.html,200,2026-09-24T18:40:41.754776+00:00,5a268bec0562381b9a16cbe817f2d42a89ee4c26a616d4612696b6565803e170,text/html; charset=UTF-8
https://mpbd.cu.ac.bd/details.php?id=132,d17f2bdd8ea18c386f381a81.html,200,2026-09-24T18:40:42.995415+00:00,acbabfb0862acae8797b20e6dd449797c9d466cfaf946082c0b9d4ea96c21e12,text/html; charset=UTF-8
https://mpbd.cu.ac.bd/details.php?id=133,58ffdb3d85b950431c393225.html,200,2026-09-24T18:40:44.238476+00:00,b4f531c7e36956130e31929de390549c598a9dd6609a307e4adcb1cc303dd58e,text/html; charset=UTF-8
https://mpbd.cu.ac.bd/details.php?id=134,21ff22572b2696899b3f1c2a.html,200,2026-09-24T18:40:45.600064+00:00,5b29b0b781bacb519a791f673657d11eeabd89f8aac8d3e4f909f85719337ecf,text/html; charset=UTF-8
https://mpbd.cu.ac.bd/details.php?id=135,4dd1af219d2e58235eff15d1.html,200,2026-09-24T18:40:46.764676+00:00,3cbe637e8e04c3e5d7c237bdda3bccffcce620180a6e08a5caa224ee0dde6cc8,text/html; charset=UTF-8
https://mpbd.cu.ac.bd/details.php?id=136,7a60d7677549a088f56cca63.html,200,2026-09-24T18:40:48.063692+00:00,1647c916f5ff8aaedfea644814a148e558ed40424e6226f24414f840670578da,text/html; charset=UTF-8
https://mpbd.cu.ac.bd/details.php?id=137,2dfe6d2b2aed75d84a01e528.html,200,2026-09-24T18:40:49.228700+00:00,75df682c84e5fea2c59f226836e1a063e5cbd44f69cca14e3ef1f51f51b0a06a,text/html; charset=UTF-8
https://mpbd.cu.ac.bd/details.php?id=138,89cf9645add2bfeb716e7355.html,200,2026-09-24T18:40:50.608409+00:00,6eba1a2e1fdc705f35b35e631892b288a94ab9b44c8db212509e3dc19e50dc8d,text/html; charset=UTF-8
https://mpbd.cu.ac.bd/details.php?id=139,a1a87ab894f682bbd4058b72.html,200,2026-09-24T18:40:51.982452+00:00,2341b4cf7b3fad0024ea482da5514e7082dee4b37e2d999ac74e202238f94f98,text/html; charset=UTF-8
https://mpbd.cu.ac.bd/details.php?id=140,3d4a72fa766a5d63bcbd6258.html,200,2026-09-24T18:40:53.088816+00:00,404e95d9c38b58816d301e0f632af664931b47da9195040378c14eb23e2499f3,text/html; charset=UTF-8
https://mpbd.cu.ac.bd/details.php?id=141,2a654d6771c861d003777b57.html,200,2026-09-24T18:40:54.490634+00:00,59ede74665bc5e5765a40ad972e7670bb1d293435e2ed34635000cc9e5cdfc5e,text/html; charset=UTF-8
https://mpbd.cu.ac.bd/details.php?id=142,42834b285c9b8cbc1bdcfa2e.html,200,2026-09-24T18:40:55.958282+00:00,f5932ae3b1fb4a1dbaef4f1ac33ffc6db7eb5a10cbf59b3ea73efdad587083c8,text/html; charset=UTF-8
https://mpbd.cu.ac.bd/details.php?id=143,46b31383975952efb91da4cf.html,200,2026-09-24T18:40:57.092647+00:00,077b28367b798a7ac546e5fb9554a022d22403f00e7c00e60a8b5a1a10393b5f,text/html; charset=UTF-8
https://mpbd.cu.ac.bd/details.php?id=144,9f7773097f84aab3c3acbe5b.html,200,2026-09-24T18:40:58.608809+00:00,17948c2f85e698015e303adfee4331cbf4f2bc6b71e98e2d7dc3c4c310ca0549,text/html; charset=UTF-8
https://mpbd.cu.ac.bd/details.php?id=145,8d30a4613f4054bcd90f5ee8.html,200,2026-09-24T18:40:59.770461+00:00,d86bf7f949863d9ddbd2d0629b54850812d2693708b62e38b9becd83c9ab22db,text/html; charset=UTF-8
https://mpbd.cu.ac.bd/details.php?id=146,d052fb0737d76d378fbff517.html,200,2026-09-24T18:41:00.859372+00:00,71c89cf40af660b67bba81cc35bdd4346d54f160fdd06c31fafe69fa46b18fdf,text/html; charset=UTF-8
https://mpbd.cu.ac.bd/details.php?id=147,be0f1366539e36b03bdbffdd.html,200,2026-09-24T18:41:02.230952+00:00,7becc322f217f668059a22fd25d9b78093178d9585002f08fb319c1e3be22788,text/html; charset=UTF-8
https://mpbd.cu.ac.bd/details.php?id=148,25fc58f9627f778bdc3a06f3.html,200,2026-09-24T18:41:03.604514+00:00,6024ee7976953a83fdc862083b6fa788006456f4e6bb8830076341bbb88d25b6,text/html; charset=UTF-8
https://mpbd.cu.ac.bd/details.php?id=149,619848645fc86e4e6999e49e.html,200,2026-09-24T18:41:04.664985+00:00,0e14489c30a34b865c107f06bcc2889bff882d9074af34183ba118494eeae436,text/html; charset=UTF-8
https://mpbd.cu.ac.bd/details.php?id=150,25bf7068ea1f5fc666bc8425.html,200,2026-09-24T18:41:05.960081+00:00,fe00d9cf5d9d4682ab77c9154b6c64cf6dddad951d4a5968b9c3ca229513f8bd,text/html; charset=UTF-8
https://mpbd.cu.ac.bd/details.php?id=151,3de22618cf77072ed73e122c.html,200,2026-09-24T18:41:07.184985+00:00,1d09364bab92c332b39899ac4ae50ffe606ecb54bea6a87a8a69cac069984949,text/html; charset=UTF-8
https://mpbd.cu.ac.bd/details.php?id=152,6e3ec161ad223b8cb4eead5e.html,200,2026-09-24T18:41:08.555539+00:00,6d2ace77e6cac1b6ced4036825ae3df8e917ede9683f9765668dd9f1d3e30fa9,text/html; charset=UTF-8
https://mpbd.cu.ac.bd/details.php?id=153,3634cebcd7a116b6c89f7680.html,200,2026-09-24T18:41:10.026672+00:00,4804883d1ecbb6adb1d4ba9aed223082247926d26dfdeae80ce96274eaaeb5cb,text/html; charset=UTF-8
https://mpbd.cu.ac.bd/details.php?id=154,8bb5a5315e71eb757b405a5e.html,200,2026-09-24T18:41:11.428673+00:00,c0179bdedb31ed126f1b2929d15790d0526be2212c3641949fecdf2b66cc0cf4,text/html; charset=UTF-8
https://mpbd.cu.ac.bd/details.php?id=156,af060175ec20ccee50660880.html,200,2026-09-24T18:41:12.530470+00:00,1a50aec46234cf4faa4bbe04302a8a57802dcef6957eb9c655aa132ee77c8f24,text/html; charset=UTF-8
https://mpbd.cu.ac.bd/details.php?id=157,2039420e033dc50675020d6d.html,200,2026-09-24T18:41:13.807899+00:00,d18498da839f251a5e63966460d811c0f27f2428cf5bf6521ce4f6959e597153,text/html; charset=UTF-8
https://mpbd.cu.ac.bd/details.php?id=158,8a3c25039a1e6cd5043085b6.html,200,2026-09-24T18:41:15.328141+00:00,69401f4d40bb96fa58d02c22dda1a89166647cd1ab6e08019bdddae3b013389c,text/html; charset=UTF-8
https://mpbd.cu.ac.bd/details.php?id=159,36735b0b210af9e040580584.html,200,2026-09-24T18:41:16.415259+00:00,8c861eed114f977a95f486a6d06acad0a0d4fcf0e1af8d7709aa320e6b3096e3,text/html; charset=UTF-8
https://mpbd.cu.ac.bd/details.php?id=160,3cd2e1a32c04b86d91d7c657.html,200,2026-09-24T18:41:17.870388+00:00,d7c6a31b0575b7b8e1a0154f9c9235eba0a3b3763202f4b38ce19b44d5f0c3ce,text/html; charset=UTF-8
https://mpbd.cu.ac.bd/details.php?id=161,fece860a3d5972e0b5a3ea0b.html,200,2026-09-24T18:41:19.386346+00:00,c428e2af20ecafe7069548c7d833a473d457d59fcf73523e19c165822841b81c,text/html; charset=UTF-8
https://mpbd.cu.ac.bd/details.php?id=162,ea70157b6a24a0043da735bf.html,200,2026-09-24T18:41:20.494795+00:00,6bbd55be1fbd71dec66b245b8751b74246a10b64822e73a93f20af3d2e15f237,text/html; charset=UTF-8
https://mpbd.cu.ac.bd/details.php?id=163,f75bff8280ffb66d034bac5b.html,200,2026-09-24T18:41:21.772669+00:00,a1b9b00cf09c2fe602cc17481ecf0b3d05f3dcb10e873b452bb80a90a8d280ee,text/html; charset=UTF-8
https://mpbd.cu.ac.bd/details.php?id=164,03f113619d54e82b282ed76d.html,200,2026-09-24T18:41:23.132045+00:00,55ba6b29ef66c2e2ae0388fc7809a22a42b3531fdf3821eb8538262352bd900c,text/html; charset=UTF-8
https://mpbd.cu.ac.bd/details.php?id=165,8b800ceb8b9d7bf1e6a35627.html,200,2026-09-24T18:41:24.653419+00:00,42632f3dd2f5e599e4798b2e7aa859fdd28e8feb639c0393a7d8d47a1c194a9a,text/html; charset=UTF-8
https://mpbd.cu.ac.bd/details.php?id=166,0e309d8937593be48e33cc03.html,200,2026-09-24T18:41:25.932564+00:00,7e250a8230f0397f33adc4c2f4039cc77659c7f2791d92e842b8231b6d78c2b5,text/html; charset=UTF-8
https://mpbd.cu.ac.bd/details.php?id=167,80299b5e096b4029324adcff.html,200,2026-09-24T18:41:27.023042+00:00,c24f2c7673d3d737faf762fc4ec4c4cbe47d44a5194075dc3b25b35ca98e3898,text/html; charset=UTF-8
https://mpbd.cu.ac.bd/details.php?id=168,8fe6f7b717b9a4d66857ced5.html,200,2026-09-24T18:41:28.182766+00:00,fab131d6f59683ed77ab41e7095e28cf27f40f752c07f1e2a6c829965669ae6a,text/html; charset=UTF-8
https://mpbd.cu.ac.bd/details.php?id=169,135a4992c4e844b58ccb721b.html,200,2026-09-24T18:41:29.481554+00:00,02338ffaac60c9abdff6c7c5677333e2ca4593f376b4f4b6b8b07f3ca22b7d59,text/html; charset=UTF-8
https://mpbd.cu.ac.bd/details.php?id=170,b39a10f220c755bf85de6835.html,200,2026-09-24T18:41:30.999236+00:00,0e74784db9be292c3d344deb790f0b11f9ac4ca4e4be23efbe1e5bebefe5c7a7,text/html; charset=UTF-8
https://mpbd.cu.ac.bd/details.php?id=171,4e7e9f2b251ad4652cc80efd.html,200,2026-09-24T18:41:32.335540+00:00,dba14ba8447f24174ec103e749955dc1e8c085cab52889ae46f32c0c0b9aca7a,text/html; charset=UTF-8
https://mpbd.cu.ac.bd/details.php?id=172,84b13b861bb0a1b1aa8c408a.html,200,2026-09-24T18:41:33.489624+00:00,1662c77a695c7d693e27cc7fd3d248510421031fb166bea4d1aaa80e3a8326fd,text/html; charset=UTF-8
https://mpbd.cu.ac.bd/details.php?id=173,d3b58a5989599ba577601667.html,200,2026-09-24T18:41:34.581012+00:00,b9d20c79c10af4b28975a5d70c5e4d5ffe276e179ecceab5a41051efa644c60a,text/html; charset=UTF-8
https://mpbd.cu.ac.bd/details.php?id=174,ea426b0902e2e5840bf0f272.html,200,2026-09-24T18:41:35.822355+00:00,cd375cbadd7fd001ea66408363350a46b36442ee119cb47163f39445190a01ad,text/html; charset=UTF-8
https://mpbd.cu.ac.bd/details.php?id=175,b563b29ea797cd1443f1c428.html,200,2026-09-24T18:41:37.166452+00:00,284b24c1685f1336691a4497b38afff42b4b5ee155e2d80e5096e641a2b0e4af,text/html; charset=UTF-8
https://mpbd.cu.ac.bd/details.php?id=176,3e6c07488ec5f24bdfb381ce.html,200,2026-09-24T18:41:38.450965+00:00,ccfb9d48b2094ab28c06906cc63b459fb308ed8a4865817f0726b8f5f5e6227e,text/html; charset=UTF-8
https://mpbd.cu.ac.bd/details.php?id=177,5d4236b1cc0f78d24e9be63f.html,200,2026-09-24T18:41:39.656783+00:00,a87c9de2a8c8bb1f9b75349723680b485c425568b17f20ea26bccf8dc5b142e4,text/html; charset=UTF-8
https://mpbd.cu.ac.bd/details.php?id=178,3823323e5febbbb0214d0108.html,200,2026-09-24T18:41:40.984748+00:00,67d0527eb64dff00bba88b41f86b6ff7122267410bd2ed9fa6fef5168a58ebad,text/html; charset=UTF-8
https://mpbd.cu.ac.bd/details.php?id=179,0f10965e4b0ed764bd937d1d.html,200,2026-09-24T18:41:42.275934+00:00,70e2196e192c026264d03c39ad05444ebe9bf436fe353fc64848977b541645d1,text/html; charset=UTF-8
https://mpbd.cu.ac.bd/details.php?id=180,76c6cff9ed08ede9d8ac5f92.html,200,2026-09-24T18:41:43.764147+00:00,038b008f542f15dc63171303404e8b10d836f522b148218d503d21382d996299,text/html; charset=UTF-8
https://mpbd.cu.ac.bd/details.php?id=181,9e09ecac4552ee469cead633.html,200,2026-09-24T18:41:44.846033+00:00,6510264dada619ac16d34f110c04cfc404c4a570892a09064502c252e040e519,text/html; charset=UTF-8
https://mpbd.cu.ac.bd/details.php?id=182,b0bfbbd78ad94b31c572aba7.html,200,2026-09-24T18:41:46.073131+00:00,574bc7aee1fc079cb222de7e816346bc570707be397194dc9ccaebd13a8924e0,text/html; charset=UTF-8
https://mpbd.cu.ac.bd/details.php?id=183,610e9febcdce81e6360cccaa.html,200,2026-09-24T18:41:47.099869+00:00,5a07353b3b7c27ecd1f1f150f215dc0223577ce990a8d015706c37eed253b0c7,text/html; charset=UTF-8
https://mpbd.cu.ac.bd/details.php?id=184,3768226e0ba416441edba42e.html,200,2026-09-24T18:41:48.318735+00:00,b787440abaf264442a94c2078e5b6bf49ecbc22db7c75d0c2154d3c2d5e7bcf4,text/html; charset=UTF-8
https://mpbd.cu.ac.bd/details.php?id=185,15d0109f60c7556c28f4753b.html,200,2026-09-24T18:41:49.786490+00:00,bed56e9ae1de1db963f8682319f73f660ed8a330bd43e7d3ecc738b6bddfc0a0,text/html; charset=UTF-8
https://mpbd.cu.ac.bd/details.php?id=186,f370210c5e753a70215bb085.html,200,2026-09-24T18:41:50.868570+00:00,49002a8d15c443ff868067be6ec49cfc53d3e1b7d5649f08c1727eef2797d877,text/html; charset=UTF-8
https://mpbd.cu.ac.bd/details.php?id=187,a3eb62a14a7a2dfd4d544875.html,200,2026-09-24T18:41:52.283271+00:00,084a42cc2b6e170e7cb673e3fae350e9c3260659c394280a03597665ede5b063,text/html; charset=UTF-8
https://mpbd.cu.ac.bd/details.php?id=188,c22f36c46cae64d47bcf5748.html,200,2026-09-24T18:41:53.774569+00:00,25184979ad14a1cdf53883e1cbd18721168c4b08c8a6a01260d26eafcc00e0f4,text/html; charset=UTF-8
https://mpbd.cu.ac.bd/details.php?id=189,b96c2052b6f5ced3116b1195.html,200,2026-09-24T18:41:55.258743+00:00,9dc9aaf9b526d3cb2aaf07548bf1392e82d886bf7a5a899bde1966c43ad70829,text/html; charset=UTF-8
https://mpbd.cu.ac.bd/details.php?id=190,faa7718800eab588bf921fe0.html,200,2026-09-24T18:41:56.659344+00:00,fa4866d47e896be4fb0bd7e763da99b94a3e54501cd7933ffcbdc18720ddf9fd,text/html; charset=UTF-8
https://mpbd.cu.ac.bd/details.php?id=191,b527406110aab0b79ecf1d71.html,200,2026-09-24T18:41:58.046349+00:00,f7c407815a7a6157061d694d103538ae3e1769390f5f0972bc14affe0588bb36,text/html; charset=UTF-8
https://mpbd.cu.ac.bd/details.php?id=192,d80703fb003114fe016721a4.html,200,2026-09-24T18:41:59.262777+00:00,777b8858d9277abe41104d8f9549afba8847987fa43bfb4d703b344de1234bc1,text/html; charset=UTF-8
https://mpbd.cu.ac.bd/details.php?id=193,d34f48cc05d5a852eb96a820.html,200,2026-09-24T18:42:00.749963+00:00,e2e4615777751f8b3efedb46681639d375d056fcd73a2330fa8f82a1accf733d,text/html; charset=UTF-8
https://mpbd.cu.ac.bd/details.php?id=194,e9f3713262d0bc06cf4ff504.html,200,2026-09-24T18:42:02.235053+00:00,e82354282f0fbbd5d879b546a04d39642d49ac3a8d1bc2879b7e1728a8ecac2a,text/html; charset=UTF-8
https://mpbd.cu.ac.bd/details.php?id=195,a6be7dbad6db687457e61568.html,200,2026-09-24T18:42:03.345484+00:00,47fc646c489b21f50d7fbdcb16e17bf11741097c1a9b6a9e07d0de28ddf4fb85,text/html; charset=UTF-8
https://mpbd.cu.ac.bd/details.php?id=196,7fdd3cdfb08e7ecbd604eb6d.html,200,2026-09-24T18:42:04.401029+00:00,7fc90a6f117c9c610ce5de70de166da31e3a0e3f283459bbae14cca3faf89c10,text/html; charset=UTF-8
https://mpbd.cu.ac.bd/details.php?id=197,cbe735d35beaabbaa3865288.html,200,2026-09-24T18:42:05.894006+00:00,a494d967079d06d5f148698cc5bb38d83b4c89934e273e92479c666a8cfba8f1,text/html; charset=UTF-8
https://mpbd.cu.ac.bd/details.php?id=198,6fd4e3ce33edd577603f158d.html,200,2026-09-24T18:42:07.124390+00:00,2d8aa77ecbcabea9398fba2b73fcc44566dea3aa980960d4b79febae4c0b2afc,text/html; charset=UTF-8
https://mpbd.cu.ac.bd/details.php?id=200,bcc52f0319848f4683ba31cc.html,200,2026-09-24T18:42:08.644158+00:00,8508d9a470ec484fe96171c8e487bcb4a1cfa9d6261e049e9f71d53a3b2f521b,text/html; charset=UTF-8
https://mpbd.cu.ac.bd/details.php?id=201,459ea186020c0db18c80b3bc.html,200,2026-09-24T18:42:09.919967+00:00,2e8bc29d2abf1cbb6cb46be348e1e54b0c495fb9e9b7c7a789243e6a7c29ca5f,text/html; charset=UTF-8
https://mpbd.cu.ac.bd/details.php?id=202,98f32059dd56fa8d7937f1b6.html,200,2026-09-24T18:42:11.368390+00:00,789739b9e0c8918ad59763c737c5dadce6a3feb5376e04d0f13239cb3ccc0125,text/html; charset=UTF-8
https://mpbd.cu.ac.bd/details.php?id=203,2966b45a4924bacc060a7667.html,200,2026-09-24T18:42:12.503413+00:00,025614ceeae7fd4c47766a44263b3c34025ffc2bd2ef5cca55600ed8efbdb727,text/html; charset=UTF-8
https://mpbd.cu.ac.bd/details.php?id=204,533105412e32129d2efa704a.html,200,2026-09-24T18:42:13.560662+00:00,cce9569f65dcb322b77e4a6c35db6dd474f381637d5c0ccf7e1edd97838fe0f6,text/html; charset=UTF-8
https://mpbd.cu.ac.bd/details.php?id=205,723dbf94b8eb4bd34c00f327.html,200,2026-09-24T18:42:14.713221+00:00,c4b739388814227c9a1c8ba23d5bfc7fdf268daf363a7af1b05af1e9e6359883,text/html; charset=UTF-8
https://mpbd.cu.ac.bd/details.php?id=206,985259ba6f993f6a46ec236c.html,200,2026-09-24T18:42:15.768787+00:00,4e4224965460de9c2135aaae82c9812994873f057942e3b5fdadc959fcc35813,text/html; charset=UTF-8
https://mpbd.cu.ac.bd/details.php?id=207,29ecad3780a6bff7c48f5413.html,200,2026-09-24T18:42:17.103205+00:00,90d7d075689c1e6edb9d09dd03bb5fc2dfd78b459c73ab8dda170bc5e6bfcb60,text/html; charset=UTF-8
https://mpbd.cu.ac.bd/details.php?id=208,efd5e5c21ae055f930202260.html,200,2026-09-24T18:42:18.511871+00:00,92382901acffc91464e422a959678684bb892db63bca3be2bd54d940f507a8ca,text/html; charset=UTF-8
https://mpbd.cu.ac.bd/details.php?id=209,f43d1b97a5be0c3354f1ec9a.html,200,2026-09-24T18:42:19.651464+00:00,92e8319157635ce156b8ea1977b9a9012067c65cea467f5d58d9a96f8d21183f,text/html; charset=UTF-8
https://mpbd.cu.ac.bd/details.php?id=210,af0d1a29cb3d43196b2f42c9.html,200,2026-09-24T18:42:20.964910+00:00,cccbb2e1801dcbc30dca3ab0bec5bc74438f37ab6e76351ae69d442e402611d4,text/html; charset=UTF-8
https://mpbd.cu.ac.bd/details.php?id=211,62f17efa41dcf7542c54aa0e.html,200,2026-09-24T18:42:22.009170+00:00,aac21a55d1d399aa4c48af02ff3852086917e21d882d0c28aebcbe4fb7129c03,text/html; charset=UTF-8
https://mpbd.cu.ac.bd/details.php?id=212,704fe480a4b4901c79ac3def.html,200,2026-09-24T18:42:23.103038+00:00,f28750a097f679dd468db0c53268201e0c5f11d53b2c59fd6ed1230136cb0d66,text/html; charset=UTF-8
https://mpbd.cu.ac.bd/details.php?id=213,e34c83ec742b5bf0f9caaf33.html,200,2026-09-24T18:42:24.465670+00:00,50789bd4aa24e32a253053282771b850f445a3ac7afcf40713eb00efe7af4283,text/html; charset=UTF-8
https://mpbd.cu.ac.bd/details.php?id=214,539c4775cec207ccf4d7b5c5.html,200,2026-09-24T18:42:25.694293+00:00,b4a038fe1a77773f47e48645472f6549d198f3fa18c018ba72b3d2d4264465c9,text/html; charset=UTF-8
https://mpbd.cu.ac.bd/details.php?id=215,066e1e3191746e2cff1dc705.html,200,2026-09-24T18:42:27.097707+00:00,bfc32675ba4338ee3f2b97a71aaa99bd772f90bedc603fdd555d554dd76e53ae,text/html; charset=UTF-8
https://mpbd.cu.ac.bd/details.php?id=216,74fad2c000c11766f8d8a021.html,200,2026-09-24T18:42:28.351239+00:00,4d707f8dd662305b9a6d5cb166e1d7381017a23f8add08ca2e15499d391b28f7,text/html; charset=UTF-8
https://mpbd.cu.ac.bd/details.php?id=217,0b0587e4cc9a970b86cbb99c.html,200,2026-09-24T18:42:29.429043+00:00,4ccbf279e5467bf9faa3e1555e146988479936f02ebf67e870cc89dcff8ba60d,text/html; charset=UTF-8
https://mpbd.cu.ac.bd/details.php?id=218,cbddbc8a2208afec0ddd5241.html,200,2026-09-24T18:42:30.851632+00:00,46eb6689d29c606ffc035c83d46528c6912e9ef937b39d2a80379f2a9b9c2a7d,text/html; charset=UTF-8
https://mpbd.cu.ac.bd/details.php?id=219,742333cdab55e6e28216e922.html,200,2026-09-24T18:42:32.289361+00:00,cc5b9ec48eaa8002fa2b1724334d5c6f8aa9e34ed831c82e5c667a52b720b1b7,text/html; charset=UTF-8
https://mpbd.cu.ac.bd/details.php?id=220,2d39b13fba1b318688c78428.html,200,2026-09-24T18:42:33.753920+00:00,877ea1ed6f2685a18bfcec9c0d9b04b1929a14c2918e633599fad7aa8c240546,text/html; charset=UTF-8
https://mpbd.cu.ac.bd/details.php?id=221,55535bad56e03822aa9d5198.html,200,2026-09-24T18:42:35.129216+00:00,9d6a35d401a228ca0ccc43f0db3c0e55deeb5e325b17b6fecce872ea0d806cab,text/html; charset=UTF-8
https://mpbd.cu.ac.bd/details.php?id=222,e584e6bf80084d73ceec5b3a.html,200,2026-09-24T18:42:36.271561+00:00,118668ea99e2c642a451201687bfb38fcc2b7adc6e67913d91906b2e9cb70660,text/html; charset=UTF-8
https://mpbd.cu.ac.bd/details.php?id=223,2796f2ba9ed9cfb9408246ec.html,200,2026-09-24T18:42:37.717210+00:00,bc083ddcc97d3c90b17f2f62ed191c8fff63c40fa15567bbb41fe21ed86f5b61,text/html; charset=UTF-8
https://mpbd.cu.ac.bd/details.php?id=224,dea2cbd483c5d847ccfa4fd1.html,200,2026-09-24T18:42:39.307823+00:00,428c679ece2a732e3b654db18e38a6b4af56362e1757260fdb82cb5e0ef5b8aa,text/html; charset=UTF-8
https://mpbd.cu.ac.bd/details.php?id=225,dd8bb64600f47cb1f9970cea.html,200,2026-09-24T18:42:40.583716+00:00,bb5fae1320c3ec39c26d83e1abe935cb68de2b7cd58d906a0a587ff3e734490e,text/html; charset=UTF-8
https://mpbd.cu.ac.bd/details.php?id=226,c567b56f077db5cda4f4fc5f.html,200,2026-09-24T18:42:42.073717+00:00,31be2c6b9254b4c4c2331a20ef2c44791128745de09872ba2941b687ee05f7f0,text/html; charset=UTF-8
https://mpbd.cu.ac.bd/details.php?id=227,229c22459dbd0576601818ea.html,200,2026-09-24T18:42:43.373193+00:00,bf7dd7ef82ac6a3da2ea7a66a5de4730e0f0704afecabb80f860b74b68ef7771,text/html; charset=UTF-8
https://mpbd.cu.ac.bd/details.php?id=228,562b39c1659ce655419f2a43.html,200,2026-09-24T18:42:44.655086+00:00,fcd13c35c21867967d983526e577a473c4740ad47b9d462fe281521c8489fe9f,text/html; charset=UTF-8
https://mpbd.cu.ac.bd/details.php?id=229,f0a640b33204a76917c3d946.html,200,2026-09-24T18:42:45.882244+00:00,bd87e1784469667761b015ac35379069b38ff37003ec0b52496fe03f66624465,text/html; charset=UTF-8
https://mpbd.cu.ac.bd/details.php?id=230,cdf9ce246b71ef30e45e6c51.html,200,2026-09-24T18:42:47.006847+00:00,65fb44fc9686ecf1b46b0d0aa49599a220d8e2efaa7126ade8334c71d3f35db5,text/html; charset=UTF-8
https://mpbd.cu.ac.bd/details.php?id=231,28cfe1210a98bf5bfc5d704f.html,200,2026-09-24T18:42:48.378933+00:00,3331acc507cb8eefead4d5b25bd9e853c0d05dedc43790042107c68700d5f9bc,text/html; charset=UTF-8
https://mpbd.cu.ac.bd/details.php?id=232,f541d7f947211089785e15f2.html,200,2026-09-24T18:42:49.532567+00:00,26afeac7301f414b865b104d18801aab7cd974cbe615a5464cb2dd815ef72efd,text/html; charset=UTF-8
https://mpbd.cu.ac.bd/details.php?id=233,62ce0e1391c6f4f1315becd2.html,200,2026-09-24T18:42:50.875281+00:00,6ab3783b93b8eb81f0cfab5a37f86b6bc51547ae17de6a77b1f02347ac5a2e75,text/html; charset=UTF-8
https://mpbd.cu.ac.bd/details.php?id=234,a3c1257a14b1497c09472cfd.html,200,2026-09-24T18:42:52.275024+00:00,dbea46666311a88389d2805aea4f6c9f336f56368c22b4554a1dab5e3b3a2535,text/html; charset=UTF-8
https://mpbd.cu.ac.bd/details.php?id=235,99f5733dadb67810721e2854.html,200,2026-09-24T18:42:53.492343+00:00,c2a4e0d52a2b29218413027d67b829342716ca405e1e72242a0affffdf236f14,text/html; charset=UTF-8
https://mpbd.cu.ac.bd/details.php?id=236,a8a376e17f24e89baeaafd59.html,200,2026-09-24T18:42:54.643581+00:00,b3f70c5d8c7a74c7a0749088c8c93f2920a9717ef3dcb81c5ac1a42449169456,text/html; charset=UTF-8
https://mpbd.cu.ac.bd/details.php?id=237,882140cb5e6aa4c3ba227887.html,200,2026-09-24T18:42:55.712596+00:00,a9d5b22c9fdc575debc02a4fe0eac79da42a586ed62c3565bbbbd31803db3f1e,text/html; charset=UTF-8
https://mpbd.cu.ac.bd/details.php?id=238,22d2e7d4b214448ef67bcf12.html,200,2026-09-24T18:42:57.034302+00:00,d03066cb1faae199d8c6b34bbd4ae0eeeca1ea23c0932ac4d00ae95e7ec5b18d,text/html; charset=UTF-8
https://mpbd.cu.ac.bd/details.php?id=239,a7a141493655c282c3340364.html,200,2026-09-24T18:42:58.338627+00:00,2f071590c42ff23b7496b738c323d648427b087f28eb4c6056a55f7b4a263fb1,text/html; charset=UTF-8
https://mpbd.cu.ac.bd/details.php?id=240,dc696887b306e4c1ca741322.html,200,2026-09-24T18:42:59.807605+00:00,76fa5150ee16b2368413dd404900b28453f25955f27144c171108dd4ccefad54,text/html; charset=UTF-8
https://mpbd.cu.ac.bd/details.php?id=241,d316ef6a0401d2e514d77548.html,200,2026-09-24T18:43:01.237497+00:00,8fcafd6213d75c22b63c03cab9e47acd9748233617612aa69ab91c34a6a949e0,text/html; charset=UTF-8
https://mpbd.cu.ac.bd/details.php?id=242,91316cf85d008521c1bb2a5c.html,200,2026-09-24T18:43:02.325508+00:00,40634a557bd56c2c1ea3c389cb3c6ad0b7acf8d866d5b11fb57252202bf6bc7f,text/html; charset=UTF-8
https://mpbd.cu.ac.bd/details.php?id=243,0503825dfd7faea340b1a0f0.html,200,2026-09-24T18:43:03.799083+00:00,6c5aa58b8dc0c68b30b168728ec4f1d4df4eb7b4439922632f24b85dfd72a59a,text/html; charset=UTF-8
https://mpbd.cu.ac.bd/details.php?id=244,35bb4f3807b70de7aa41f272.html,200,2026-09-24T18:43:04.863045+00:00,94fd38bd8f17295463ae57605423b851aebc228ec0eb7382696e913acbfc1b91,text/html; charset=UTF-8
https://mpbd.cu.ac.bd/details.php?id=245,b2c45b06db79d58d99459926.html,200,2026-09-24T18:43:06.253463+00:00,792ef4dfaaea35e951b53f5da0e174d53f129711222cb4a19c47f47a421e037a,text/html; charset=UTF-8
https://mpbd.cu.ac.bd/details.php?id=246,e2f10cb6d5cb74e5e3709eaa.html,200,2026-09-24T18:43:07.431953+00:00,c048b395638a60d1694a452ecf6563bb5413d5d4659c756dbb14486557179f71,text/html; charset=UTF-8
https://mpbd.cu.ac.bd/details.php?id=247,31966ad3eac64bf6e36bc318.html,200,2026-09-24T18:43:08.570435+00:00,766c4b00f03a1ea944bff6a656e009c9afd113aa9328a2ec3036b29f9bd5d770,text/html; charset=UTF-8
https://mpbd.cu.ac.bd/details.php?id=248,88b0e42b84e33cf98e1de31d.html,200,2026-09-24T18:43:09.863653+00:00,d47489a0531564fe83413d35a2d3137edf8f648689d2d38a3c23347247a67847,text/html; charset=UTF-8
https://mpbd.cu.ac.bd/details.php?id=249,321f17406f92cd290798679b.html,200,2026-09-24T18:43:11.094456+00:00,244cf6f0fca3748a417cd83991a813055fdd3268bff9fc5c918ff2b2437f43ca,text/html; charset=UTF-8
https://mpbd.cu.ac.bd/details.php?id=250,31672a2d92b5f0756d7aef72.html,200,2026-09-24T18:43:12.444652+00:00,7aa209928fba805d55452e0cabff8a5e0b55f815d76bc7aaba83b8966609c114,text/html; charset=UTF-8
https://mpbd.cu.ac.bd/details.php?id=251,18df48ccf50c7f1dab63eeaa.html,200,2026-09-24T18:43:13.732149+00:00,aebeb46b86528a24e993427b30f9068c13b991b740c74e013ac888536bb3ac60,text/html; charset=UTF-8
https://mpbd.cu.ac.bd/details.php?id=252,4742d7540cdb7900aae14e11.html,200,2026-09-24T18:43:14.789395+00:00,ca21ff6b53aca87f527d114e609daeeaac5a239eecde735def58abe687e441f8,text/html; charset=UTF-8
https://mpbd.cu.ac.bd/details.php?id=253,6a1f2723ce6b1ac4da88e0a1.html,200,2026-09-24T18:43:16.184759+00:00,c66d7a5faeb56386ba8985e2d752938e9e3dc546e7a36a68364945e88886f651,text/html; charset=UTF-8
https://mpbd.cu.ac.bd/details.php?id=254,b8acd985c45f790ddbd22161.html,200,2026-09-24T18:43:17.664898+00:00,828f5667dbfad9d90018a86d92f5bdf8799608e61b517e7e228435c66304566b,text/html; charset=UTF-8
https://mpbd.cu.ac.bd/details.php?id=255,c41e31621751336808cb1c4d.html,200,2026-09-24T18:43:19.128129+00:00,d6a15ab48fe54d38bf05bf3a2996e4701ccf629cdc0fcf6139fbc5452869ceb0,text/html; charset=UTF-8
https://mpbd.cu.ac.bd/details.php?id=256,d7d2ddbc816ccb8805d8ae8c.html,200,2026-09-24T18:43:20.383876+00:00,fb87e6e86c4257f1303d821f46915281fcc2d5dc1bc919461ac0bba623293d56,text/html; charset=UTF-8
https://mpbd.cu.ac.bd/details.php?id=257,693d1fc4567f5db19ce3c256.html,200,2026-09-24T18:43:21.845602+00:00,0218fa5c2583a2d58b0a35616133ef891eb8c8ab5a6b0660c4626a1b824f8a58,text/html; charset=UTF-8
https://mpbd.cu.ac.bd/details.php?id=258,78e5fe6af8fbb476f45409c3.html,200,2026-09-24T18:43:23.096590+00:00,9766113a8d995543d994524e4f12c9a010b717ab51bdb74a2a168c2583e3d32b,text/html; charset=UTF-8
https://mpbd.cu.ac.bd/details.php?id=259,15aee92dd452128345e25d4a.html,200,2026-09-24T18:43:24.612982+00:00,968a84026c00153f2da8e81540ab31050ea638bf04f2dbe814e37f8ccdc77d31,text/html; charset=UTF-8
https://mpbd.cu.ac.bd/details.php?id=260,7223e88395d97890774efd81.html,200,2026-09-24T18:43:25.874175+00:00,4b01fb1caca9463efa94df2e9b7103c800611b5fcd1892e5848da9380d27e5f1,text/html; charset=UTF-8
https://mpbd.cu.ac.bd/details.php?id=261,d1203e15b7428e0f0fcc9a72.html,200,2026-09-24T18:43:26.996274+00:00,7a672a00a654f19e4d22cb632e4fa0a3b9eec72c46375ff0e7bfb4c5b44fe14a,text/html; charset=UTF-8
https://mpbd.cu.ac.bd/details.php?id=262,9d3cc922fcc15bdeb8f9ee27.html,200,2026-09-24T18:43:28.427117+00:00,aae9d1e4642a7f26b8d6ac6ea3b2e052e510ee0fd27e15c4bf3ee38358e3aa0b,text/html; charset=UTF-8
https://mpbd.cu.ac.bd/details.php?id=263,1a201473023c7676a8fae949.html,200,2026-09-24T18:43:29.485646+00:00,7739b37a16802bf78ccbcd23baa16fde8e77a8083de603277a8ad470bdf2d213,text/html; charset=UTF-8
https://mpbd.cu.ac.bd/details.php?id=264,2e1c425e0c59dfd45be747e7.html,200,2026-09-24T18:43:30.724478+00:00,5b47138c87db18ec3625a61bbdfe7e2cf88eb6bc2bae92f9ece82bcafbbdb09b,text/html; charset=UTF-8
https://mpbd.cu.ac.bd/details.php?id=265,cc2131102a3e9fc3247d959d.html,200,2026-09-24T18:43:31.903460+00:00,63376d21d89a2141a88baaad02af81ab93bb8a202d31478b146dfdd79459d76d,text/html; charset=UTF-8
https://mpbd.cu.ac.bd/details.php?id=266,3c40d5afe8c680d126b30a7a.html,200,2026-09-24T18:43:33.393815+00:00,eef866b3e87cd5b7c46eb0cd58bae4311f055e451b7c885947af181a394387b8,text/html; charset=UTF-8
https://mpbd.cu.ac.bd/details.php?id=267,4bd8df73fe28d1a9527182fb.html,200,2026-09-24T18:43:34.802920+00:00,5f71834a4eb7554e63d0c1af36a5423c91d13defe5f290a6f65f60a92badf273,text/html; charset=UTF-8
https://mpbd.cu.ac.bd/details.php?id=268,a5381380266f929e6e854635.html,200,2026-09-24T18:43:35.923909+00:00,ca21a8e0b0217722a336a16642e8257ce910143b37a71caf8c04eba129de8283,text/html; charset=UTF-8
https://mpbd.cu.ac.bd/details.php?id=269,169b7486a302b64ed7381257.html,200,2026-09-24T18:43:37.416328+00:00,51c064d6db362cc7f8eb8ee23f18c593d895e2c3bb9ae13a7fbe4710488b05e9,text/html; charset=UTF-8
https://mpbd.cu.ac.bd/details.php?id=270,2db9abe6c0d2e7c1c336081d.html,200,2026-09-24T18:43:38.912409+00:00,6736e56fcb8b297e39f738ff16ed5047b01af236b574dadc9c25fd01d0fefd89,text/html; charset=UTF-8
https://mpbd.cu.ac.bd/details.php?id=271,c39631ec8465565987f0d9b4.html,200,2026-09-24T18:43:40.195363+00:00,ddfaefaf390d4d29734dd8cf77d23bf25fdb0528dbe38f9ade4cc2cb657bc1ec,text/html; charset=UTF-8
https://mpbd.cu.ac.bd/details.php?id=272,64c1f9733b5df3474eb0f6b2.html,200,2026-09-24T18:43:41.236242+00:00,7e419d7100ae6a4e4b7377c126de61e913bf2d774a810b0ee3ab8dfec224d854,text/html; charset=UTF-8
https://mpbd.cu.ac.bd/details.php?id=273,3ca9d93d69e41a92203ad378.html,200,2026-09-24T18:43:42.421712+00:00,215f40a5b7188adb51c8e111d71eef2d9c000800d336b6f4e47587dd7a81de28,text/html; charset=UTF-8
https://mpbd.cu.ac.bd/details.php?id=274,d11dfb3fb6ed3e7e01c648d2.html,200,2026-09-24T18:43:43.872280+00:00,ffef90efdd3b182ff32f62695469ed7cd86552f3867d53e6821c96216ea17872,text/html; charset=UTF-8
https://mpbd.cu.ac.bd/details.php?id=275,69a03e994e80baa529e28ba0.html,200,2026-09-24T18:43:44.952296+00:00,94681a2f23f18e6e26902f0ab917a8be63852e36bb175c98177662d16d847809,text/html; charset=UTF-8
https://mpbd.cu.ac.bd/details.php?id=276,e02c6190938fbbe4b346248c.html,200,2026-09-24T18:43:46.023217+00:00,5fc7bda3a21433520f8622b80d36b28b50e0ffd6368e2cfcfffaee7ba8373d36,text/html; charset=UTF-8
https://mpbd.cu.ac.bd/details.php?id=277,44a8f346a1908d872a40c786.html,200,2026-09-24T18:43:47.501674+00:00,ae5e0ff358c6fe104a86539b18be5375d652a2f0e729f8c94775b900f9f21224,text/html; charset=UTF-8
https://mpbd.cu.ac.bd/details.php?id=278,eee89bb3827858b0e1fe5966.html,200,2026-09-24T18:43:48.740166+00:00,77441f8c061642fa0caa751388272ecb7f9bab17118b645ca7b31c517511baa1,text/html; charset=UTF-8
https://mpbd.cu.ac.bd/details.php?id=279,6dc94ac312a4d2a745669576.html,200,2026-09-24T18:43:49.985554+00:00,239e1ecd2bec007ccc0d777b074b6818126e956ed300f6d30ea052f70850a3cb,text/html; charset=UTF-8
https://mpbd.cu.ac.bd/details.php?id=280,d118edbdedfe6cfca0563ce6.html,200,2026-09-24T18:43:51.418155+00:00,ea402ffc1ea015b11e3c015b31022d06a48f3ba591faea42da8d81bc631389ca,text/html; charset=UTF-8
https://mpbd.cu.ac.bd/details.php?id=281,f8bb98db0b5bf4be16de0f95.html,200,2026-09-24T18:43:52.937784+00:00,7d8ff6e59ebc40425728eb91a7fb5f2ee72482c312b095fc7c6ce355c6aba9c1,text/html; charset=UTF-8
https://mpbd.cu.ac.bd/details.php?id=282,0dda65e82db6e5c68a13cb93.html,200,2026-09-24T18:43:54.365203+00:00,c7055e58e7d162e92c8afd14cfb7d6a2b93a63654b1a8fdebd2624084a66f6d2,text/html; charset=UTF-8
https://mpbd.cu.ac.bd/details.php?id=283,f3ad74af6483d1f2843fc7a7.html,200,2026-09-24T18:43:55.422778+00:00,bee7936bc8408cd66c5314ede35a6bba00bd53fe5bf21207d728b7e10c1259c7,text/html; charset=UTF-8
https://mpbd.cu.ac.bd/details.php?id=284,98c75e9f7bb29030d972ff7c.html,200,2026-09-24T18:43:56.826097+00:00,2af8e574ef04194cf810b4d1da4871b411c4504aa96439cf6451a477c07e6e8d,text/html; charset=UTF-8
https://mpbd.cu.ac.bd/details.php?id=285,f7603c43bedec168e7c373f7.html,200,2026-09-24T18:43:57.892182+00:00,d7ddf0d92def4f011f2d556a905e7a3ca9c83365183a2edd19ae8fd2f234e90d,text/html; charset=UTF-8
https://mpbd.cu.ac.bd/details.php?id=286,94cbcd856c890433dd079a64.html,200,2026-09-24T18:43:59.110335+00:00,d71b53dc6c4bb76f1b18505c53589d534d611acad6bd0d7d728b84c8f38d6f0f,text/html; charset=UTF-8
https://mpbd.cu.ac.bd/details.php?id=287,d792b8053f8c1e937a6a7364.html,200,2026-09-24T18:44:00.538973+00:00,4c22095da97327a979eb417fcbc3b666f13d1e08ce81b341af5e0c236a85b410,text/html; charset=UTF-8
https://mpbd.cu.ac.bd/details.php?id=288,ca19e08903db8115476cbe82.html,200,2026-09-24T18:44:01.727856+00:00,bb37074e663ded32553480b8c0c0d6d52aea917cdc934d8ee60f5bcec601a0e8,text/html; charset=UTF-8
https://mpbd.cu.ac.bd/details.php?id=289,941324482c90115b2bc50974.html,200,2026-09-24T18:44:03.015246+00:00,31bca8df12ab140b613fe7ab497014b37518478d403596139d68d667c85f839a,text/html; charset=UTF-8
https://mpbd.cu.ac.bd/details.php?id=290,949dd7bf2a2846d80ecb1396.html,200,2026-09-24T18:44:04.166866+00:00,73568a174511cc29d5fd0cdc296350fad5a00715d1c034311353d7d4d23a2e5e,text/html; charset=UTF-8
https://mpbd.cu.ac.bd/details.php?id=291,b1d9e0c8e2140595f85d1236.html,200,2026-09-24T18:44:05.392185+00:00,f323862372f97284cb1adf87a49ce2e753947f6e3d1fe2b969017893cb7fc00e,text/html; charset=UTF-8
https://mpbd.cu.ac.bd/details.php?id=292,f995ff42cc641cf813355b1c.html,200,2026-09-24T18:44:06.524054+00:00,7a6f1bc4d411530e1aa1c70cf0f5f03318492446b198eda23b0c6b8e4701be5f,text/html; charset=UTF-8
https://mpbd.cu.ac.bd/details.php?id=293,9d23a258c2434fe112a86cdb.html,200,2026-09-24T18:44:07.552067+00:00,ee71511193aaf09188086d80542fa48501d7d2bb01dc5d610dfcba1157dced98,text/html; charset=UTF-8
https://mpbd.cu.ac.bd/details.php?id=294,2767fbcf763ce5463f5a7ecc.html,200,2026-09-24T18:44:08.905702+00:00,4db2e4309162ae757b53923d1bd4cce525b6a5aef6ab552385e794795369f464,text/html; charset=UTF-8
https://mpbd.cu.ac.bd/details.php?id=295,16f0b9e36a0e526fb2c26d19.html,200,2026-09-24T18:44:10.166810+00:00,57c3c90fd00cfa12877656ff695e3101939158d3eacbfc880c60fe77d2f21973,text/html; charset=UTF-8
https://mpbd.cu.ac.bd/details.php?id=296,c6ffe9a8e1fa10c4799e97af.html,200,2026-09-24T18:44:11.481353+00:00,8d9cef7d6630639cd1986b392583f819c7b4758b95f44f3579e368455392b41c,text/html; charset=UTF-8
https://mpbd.cu.ac.bd/details.php?id=297,57345c261e2052f6488aad23.html,200,2026-09-24T18:44:12.817860+00:00,4c6c8a4dfb27270a5fd69ac52fc154c01587d4676abac331a4c39b3d0d209c75,text/html; charset=UTF-8
https://mpbd.cu.ac.bd/details.php?id=298,3066ad141f44ae78d25b020f.html,200,2026-09-24T18:44:14.157720+00:00,ce5b14d8a6b93d49e773b03425b93b7edeb297cc96db72c311f8eb0ceebc5789,text/html; charset=UTF-8
https://mpbd.cu.ac.bd/details.php?id=299,9b6856fc599edf9ad36aed2d.html,200,2026-09-24T18:44:15.501459+00:00,c70fa92a4fcf0825a41a7e5d497e67c9faebda0e47e2a0899cf14d80e7718835,text/html; charset=UTF-8
https://mpbd.cu.ac.bd/details.php?id=300,659f5b6177e1093bacc9878e.html,200,2026-09-24T18:44:16.686802+00:00,17510d9db287e827965a72186ced567a16ae05c08f54f8ae13a576ee32f4038c,text/html; charset=UTF-8
https://mpbd.cu.ac.bd/details.php?id=301,799f90c89ca29d240b4c042f.html,200,2026-09-24T18:44:18.018229+00:00,46d03c8a340638fac607e02f587aed7a95efa688f4be2e66f8a976c62a1514f9,text/html; charset=UTF-8
https://mpbd.cu.ac.bd/details.php?id=302,1836d4541e44bdc4048736d0.html,200,2026-09-24T18:44:19.525189+00:00,a9e6fcae9c53bb56b25db783844d876d40830e32089bf7fdde3a23d5b8363c70,text/html; charset=UTF-8
https://mpbd.cu.ac.bd/details.php?id=303,400faf501bd31b82f23b0f86.html,200,2026-09-24T18:44:20.735807+00:00,7eb57283f87277d937e4538cebc047c10282b28e9377f428ce35a4f1de99a7a7,text/html; charset=UTF-8
https://mpbd.cu.ac.bd/details.php?id=304,f424c5021fa633dc5d5383ec.html,200,2026-09-24T18:44:22.160403+00:00,725d3b1855cb6fdce9a0a856aa5df85e77bac2efc819bce62b185e308812ed6a,text/html; charset=UTF-8
https://mpbd.cu.ac.bd/details.php?id=305,b99fddc3113016a91dadd699.html,200,2026-09-24T18:44:23.645312+00:00,b6dde67b8da8ef1e39a405b0bc9e123b7cd82493ffe68ccbc96194b2f37efa8c,text/html; charset=UTF-8
https://mpbd.cu.ac.bd/details.php?id=307,26040081b1e4ee62ecef3932.html,200,2026-09-24T18:44:24.924636+00:00,3c366891a0623d844b324b51af5e268ee501d3f64c7e6062a157e87a394423e5,text/html; charset=UTF-8
https://mpbd.cu.ac.bd/details.php?id=308,2c34084d42735c879568f82c.html,200,2026-09-24T18:44:26.363615+00:00,697bbcee3faf1c4b77499ea1247ede2970383320d1d9a04d36dc4ece211b4681,text/html; charset=UTF-8
https://mpbd.cu.ac.bd/details.php?id=309,6093a1f1130baf913fc8a875.html,200,2026-09-24T18:44:27.638118+00:00,aad33538f104e1048cb0f5cdcdde256b5294e9010f3e28456d60c0ec3934cf0c,text/html; charset=UTF-8
https://mpbd.cu.ac.bd/details.php?id=310,b24e94467439d38e81a2d4ec.html,200,2026-09-24T18:44:28.958432+00:00,ec9b7cf18a802c33d57abfcd4d81781afff086f4c0077e6e4393a1167b2c3d05,text/html; charset=UTF-8
https://mpbd.cu.ac.bd/details.php?id=311,c3affb7afe8007ab10ae7a64.html,200,2026-09-24T18:44:30.432330+00:00,b74a6b3286dac85c09e38883e828b66b0594bb3f61384787dd957755e20ef879,text/html; charset=UTF-8
https://mpbd.cu.ac.bd/details.php?id=312,7ae204c08b32ebb515cdabb3.html,200,2026-09-24T18:44:31.791199+00:00,9ac7c4379662d7774fafc9ad1025233d0e06fa88a48eb0030449925a05623c7a,text/html; charset=UTF-8
https://mpbd.cu.ac.bd/details.php?id=313,42afbd97ace77c95cee9f51b.html,200,2026-09-24T18:44:32.974693+00:00,469616896061075a7aa05dc0aa2986c372a685ca81cd0a9f6ada37f3cecea5b6,text/html; charset=UTF-8
https://mpbd.cu.ac.bd/details.php?id=314,594144f6dc28df02d85fe377.html,200,2026-09-24T18:44:34.355873+00:00,fac44b0dcb8ba074d19e82d5d1d34d686d97e2a8c48b23b221b81999f0b45e87,text/html; charset=UTF-8
https://mpbd.cu.ac.bd/details.php?id=315,9d6a6a3155ef6f9fdf2a2333.html,200,2026-09-24T18:44:35.828366+00:00,ac1f60ace54529d9e50680d095d74c210c1c787f07baad9f1aa34f989a6815a8,text/html; charset=UTF-8
https://mpbd.cu.ac.bd/details.php?id=316,083a76b1dc0354e9fef53410.html,200,2026-09-24T18:44:37.143152+00:00,57245dd47fb7d23a9f6fbcd60528b1223ca2b2457de051cf9e22f66c36fed491,text/html; charset=UTF-8
https://mpbd.cu.ac.bd/details.php?id=317,fd4cf74606d97e39274eefef.html,200,2026-09-24T18:44:38.495446+00:00,7efc9069ed12a0ca7817d9655d02921b060f89e0b00603dd550cc36b86065705,text/html; charset=UTF-8
https://mpbd.cu.ac.bd/details.php?id=318,dc68e7e5a56827146f630c70.html,200,2026-09-24T18:44:39.823943+00:00,6232966ec6e9817157c9c918efa0ae7ef6a6a4c86e8fe96c1132f7a7885d5ab1,text/html; charset=UTF-8
https://mpbd.cu.ac.bd/details.php?id=319,5b684558bdadacb5349a12e4.html,200,2026-09-24T18:44:41.220552+00:00,090d82392de8e600e987267c7fd871c37dd95aa0636b248d1eb07153635c5935,text/html; charset=UTF-8
https://mpbd.cu.ac.bd/details.php?id=320,9b7482f34718af052d342565.html,200,2026-09-24T18:44:42.627690+00:00,535803a380285a97b5c1fec2dd9a7c27811b90b58692cb5af741a597640a807d,text/html; charset=UTF-8
https://mpbd.cu.ac.bd/details.php?id=321,e442f7834ee5e940f3ea897c.html,200,2026-09-24T18:44:44.074481+00:00,96b88f3c2e76dd360cdeb613b1092812e00923ca3f8ba4cd318a5ca4422c62b3,text/html; charset=UTF-8
https://mpbd.cu.ac.bd/details.php?id=322,db99740335e45b019f79eb09.html,200,2026-09-24T18:44:45.308733+00:00,7bac6f06934d2988cb1aeaf55bb627b426968cf5b07d7a3bc0eb72e88a9ed521,text/html; charset=UTF-8
https://mpbd.cu.ac.bd/details.php?id=323,1331048eadb57a26bcfbce67.html,200,2026-09-24T18:44:46.726774+00:00,1bf743c525b7925671d812d23d654024b48e8a4d22b9ec5ef34972a56c0bf450,text/html; charset=UTF-8
https://mpbd.cu.ac.bd/details.php?id=324,fc3341eae1f1f08e7a213165.html,200,2026-09-24T18:44:48.141746+00:00,c8539ad28fae577d1e75fb9ba9861c1786a1f996c8f2540ef31363a9c288f3d5,text/html; charset=UTF-8
https://mpbd.cu.ac.bd/details.php?id=325,fd06edf9c1c90fd33d28f9cc.html,200,2026-09-24T18:44:49.496346+00:00,7681da17c11b647302ffbacf699155d57323f5585fa0a8cb989e2bc8893ef190,text/html; charset=UTF-8
https://mpbd.cu.ac.bd/details.php?id=326,abbc7b7f99181024ad596491.html,200,2026-09-24T18:44:50.973021+00:00,03d72cf31928d74047b1ea46bde223841230793da071db65dfb2e6f562be709d,text/html; charset=UTF-8
https://mpbd.cu.ac.bd/details.php?id=327,06a49bef114129d9e1df2797.html,200,2026-09-24T18:44:52.018294+00:00,4f6ae877c96c9efcb62fc97e60f6bbc4a06a6f1f4026917b262eb367c8291a99,text/html; charset=UTF-8
https://mpbd.cu.ac.bd/details.php?id=328,a7addf235e2eb67f437d48f6.html,200,2026-09-24T18:44:53.360161+00:00,8c4929e6fcb2a80bc5b9aad9c565722d3e127ed28d7f412d4ab327336f1b25a5,text/html; charset=UTF-8
https://mpbd.cu.ac.bd/details.php?id=329,d1b640db9fbc8b965976feb7.html,200,2026-09-24T18:44:54.497989+00:00,bdfb16760a7bf109e2df93f65c157e81b2b1d59e64a1166b0a2c6bcc8b73aac5,text/html; charset=UTF-8
https://mpbd.cu.ac.bd/details.php?id=330,4177cd5aeed1f284d79b369a.html,200,2026-09-24T18:44:55.831647+00:00,cdf3bb5b6d86d7cf84c144dbb3e28822de7a8a3b4109aa462b6c6a8ad94b426d,text/html; charset=UTF-8
https://mpbd.cu.ac.bd/details.php?id=331,cc6efb7acde03043adf15e38.html,200,2026-09-24T18:44:56.866953+00:00,6b136a4e8afae7adb953933ebe111478bc944c2320d1e3a1c480c4eefc462ec9,text/html; charset=UTF-8
https://mpbd.cu.ac.bd/details.php?id=332,491baee6ecbace366fd69a21.html,200,2026-09-24T18:44:57.972783+00:00,a033d47030ceee4fd8d366c84697c2a5e06e671274ed60b30414bf2dbd4f8ff6,text/html; charset=UTF-8
https://mpbd.cu.ac.bd/details.php?id=333,eb44ce908805a86a72be5946.html,200,2026-09-24T18:44:59.498612+00:00,5e32f7fefaf36e05dcd82d77315e083f68b68f9fed84e01d5e4f74c2dd1dad9f,text/html; charset=UTF-8
https://mpbd.cu.ac.bd/details.php?id=334,df78332caf3272bcdcc4c94b.html,200,2026-09-24T18:45:00.707786+00:00,06b2eda123270a4b94cde743563d6879265513df03cc876fcfee7dd9462ebbd8,text/html; charset=UTF-8
https://mpbd.cu.ac.bd/details.php?id=335,4a64054aebbcc1c4055819a6.html,200,2026-09-24T18:45:02.046485+00:00,1e036d74bf0915563fef357f7ceb9e471631ee3d8c6c8b6207762fb3613c8fb5,text/html; charset=UTF-8
https://mpbd.cu.ac.bd/details.php?id=336,682e41439517835ce6260f16.html,200,2026-09-24T18:45:03.179702+00:00,fae7954c15e63265a2f94febcf95a00d11c9235539eab2ac6c9f5c3953363071,text/html; charset=UTF-8
https://mpbd.cu.ac.bd/details.php?id=337,367d913031de5a8063e62924.html,200,2026-09-24T18:45:04.274160+00:00,f06aa2d6a5a5cb11dc78d3204c49d6b47893644e0cc0ed5e8ab0af506bfc52c0,text/html; charset=UTF-8
https://mpbd.cu.ac.bd/details.php?id=338,89e9c1dd9875e2ca07a5a388.html,200,2026-09-24T18:45:05.698389+00:00,e7f31ddc1137e813ed495083cdefa73a8ac19f050421e06efbdfb844f5c37c2f,text/html; charset=UTF-8
https://mpbd.cu.ac.bd/details.php?id=339,e877d333f0b83700d94d33b3.html,200,2026-09-24T18:45:06.945353+00:00,cc83c280c22b7133b8425516f530c40ebb19986ae17f09a3dfd50d382fa899e6,text/html; charset=UTF-8
https://mpbd.cu.ac.bd/details.php?id=340,4fd6ffaa7ef2865e27ef6b1d.html,200,2026-09-24T18:45:08.328096+00:00,eae554ef12ea109521db377ae1db4fb330e04d517eb654d3034387461d4a1985,text/html; charset=UTF-8
https://mpbd.cu.ac.bd/details.php?id=341,cc5b42ad496ba39d0fd42c42.html,200,2026-09-24T18:45:09.542378+00:00,2f70702c6bb58dc3b8562f9546c3b8ea23d08de5a8ad6d8a7500e0578028282d,text/html; charset=UTF-8
https://mpbd.cu.ac.bd/details.php?id=342,8cd4989df8161473a5ed4052.html,200,2026-09-24T18:45:10.951740+00:00,0e608f08dc540ad8fd78ae5ebbd9cc1c55f62c4e32c8778a766dbf8ef4bec139,text/html; charset=UTF-8
https://mpbd.cu.ac.bd/details.php?id=343,3eddc6f67b14399b34930c64.html,200,2026-09-24T18:45:12.036629+00:00,e1a6ebd5f2d02ce8f144b71e50f15ec9439f7d3b12fd9bc0db70f9f61a6a1029,text/html; charset=UTF-8
https://mpbd.cu.ac.bd/details.php?id=344,c10d960626b6911c1fe2f5fc.html,200,2026-09-24T18:45:13.432595+00:00,d403d992fb72cd3ccf8335fb3311de72d67980eb472ec9ae4216e9d58aff1bb2,text/html; charset=UTF-8
https://mpbd.cu.ac.bd/details.php?id=345,992e49aeea9bde214b6b4591.html,200,2026-09-24T18:45:14.773211+00:00,87d3316e8f21f8fc58101c5fbb13d0f3c6a6cbc0754856eb0a2d977a377ae266,text/html; charset=UTF-8
https://mpbd.cu.ac.bd/details.php?id=346,2acf4446fef8c683d0a11b0b.html,200,2026-09-24T18:45:16.168101+00:00,efad15248b8a648fdd8f84eea70618103a86964f732f1f271111786e10a32f79,text/html; charset=UTF-8
https://mpbd.cu.ac.bd/details.php?id=347,93e1bb7be2d51b45bc72e3dd.html,200,2026-09-24T18:45:17.285659+00:00,41fe2066ec1374edf6b43a66956bd46638c3d453113846120915fd31ffd79f63,text/html; charset=UTF-8
https://mpbd.cu.ac.bd/details.php?id=348,8aa8e06fbd3b105ca9c039d6.html,200,2026-09-24T18:45:18.716302+00:00,373e9c9e498688648973a147710089c2c0dfb89db3e5a42272b2a853ef53a96b,text/html; charset=UTF-8
https://mpbd.cu.ac.bd/details.php?id=349,d54c62e078fa69de954a25a4.html,200,2026-09-24T18:45:19.814898+00:00,746e635db47857ade7bf79c39aba089c85e930f35e09c4d87f8a00d62f3d7214,text/html; charset=UTF-8
https://mpbd.cu.ac.bd/details.php?id=350,5f057ab22b52d3f1aac8fb7b.html,200,2026-09-24T18:45:21.086519+00:00,31cdfd6b01fb3caa0b5b9dbff34411bf33a1b6de978629f70568c8fef9e5dba5,text/html; charset=UTF-8
https://mpbd.cu.ac.bd/details.php?id=351,b622fb14b6d5868aa95dc2bc.html,200,2026-09-24T18:45:22.534735+00:00,5afb20a824cbb202f39c4aa2c0b4fcc729ddcd15f50c4c5bef20ec6b7e1082cb,text/html; charset=UTF-8
https://mpbd.cu.ac.bd/details.php?id=352,e6a057fb7a66775acc700108.html,200,2026-09-24T18:45:23.821749+00:00,0da06e0082d083a64953189ae785c2121aa50aa2d6c828a8576b951f6befe7de,text/html; charset=UTF-8
https://mpbd.cu.ac.bd/details.php?id=353,e6ed652941f8603991e59bbe.html,200,2026-09-24T18:45:24.879045+00:00,b36fa4cf3a65e045090a03a6263068c4b99b6fe7c0d4c8cbb739b022614efa4c,text/html; charset=UTF-8
https://mpbd.cu.ac.bd/details.php?id=354,af5ad7f900e5b675ae223e0b.html,200,2026-09-24T18:45:26.343258+00:00,9f94f4a1c76834196b889f6e69c280d252edfd5993a27bbf57c1c0f389faab79,text/html; charset=UTF-8
https://mpbd.cu.ac.bd/details.php?id=356,c22c86b1c98aab68642978a3.html,200,2026-09-24T18:45:27.707682+00:00,ea3d049b9bd61efa3832064e683bc51febd3f6137d2788c2bd3e0510cd79dad4,text/html; charset=UTF-8
https://mpbd.cu.ac.bd/details.php?id=357,508a2781f4a273c46c3583f6.html,200,2026-09-24T18:45:29.010899+00:00,8a336a8e4bdc773f6a110e05184586a7c8464d595becfcdbf5dcd0a61f6e096d,text/html; charset=UTF-8
https://mpbd.cu.ac.bd/details.php?id=358,d0fe7faaf16d3f7880048c29.html,200,2026-09-24T18:45:30.154961+00:00,c84acbebd6a26dd176d162ca51a7bc5b173eed2ab0dce0eb1b2a3d660fe46432,text/html; charset=UTF-8
https://mpbd.cu.ac.bd/details.php?id=359,9af27ab19bae6e0b510bc5dc.html,200,2026-09-24T18:45:31.211260+00:00,4cb795b9af8f018c8bd18299d75fe55de14a6e4c49a92607aeef23de33eaa40a,text/html; charset=UTF-8
https://mpbd.cu.ac.bd/details.php?id=360,eda66013bff7c38a3298b1a7.html,200,2026-09-24T18:45:32.278696+00:00,0ad070c199648eb7e934c82fa9cd24be81feb8f76ecdd44d867a1d28bd9739f8,text/html; charset=UTF-8
https://mpbd.cu.ac.bd/details.php?id=361,35093d1e0de46912c00f9eb0.html,200,2026-09-24T18:45:33.708067+00:00,24310e5831ebd4831545f0fff4e247f443e4eade8861dee66b96c854937d071d,text/html; charset=UTF-8
https://mpbd.cu.ac.bd/details.php?id=362,d4d10d2763321e7e39a42387.html,200,2026-09-24T18:45:35.089000+00:00,6ac1e64171f98139a590d9f2279a912d4fc6a4e5478a5a97f814133f4b843bed,text/html; charset=UTF-8
https://mpbd.cu.ac.bd/details.php?id=363,36e5b992340179708021447e.html,200,2026-09-24T18:45:36.334533+00:00,547abbeb8e99ccba63f39b49bbf3948ea94e4b2d3e30e10e52095c6e01c80420,text/html; charset=UTF-8
https://mpbd.cu.ac.bd/details.php?id=364,31cc083ed332491fb46a37eb.html,200,2026-09-24T18:45:37.677746+00:00,a02fa5a79f934cda6b681393b7ea04ff4dde379d9716395beaf8f4291e6d59ca,text/html; charset=UTF-8
https://mpbd.cu.ac.bd/details.php?id=365,66dcd1dafa4868311943c281.html,200,2026-09-24T18:45:38.794719+00:00,638f1915fab501f3cc339d90131739b6f4997b17b1047f6afe606034892c1df3,text/html; charset=UTF-8
https://mpbd.cu.ac.bd/details.php?id=366,d7b811042669e23364093e3d.html,200,2026-09-24T18:45:40.159079+00:00,500e00ddfeb447f4da0b9ab315bc39e70260397935096e208b86cd2c39663bc1,text/html; charset=UTF-8
https://mpbd.cu.ac.bd/details.php?id=367,f13b535328c16d1c0b3b127a.html,200,2026-09-24T18:45:41.304028+00:00,11f513d7b65fce340476a061337ccebf52f05816562a88c078ef9d4c79ac3531,text/html; charset=UTF-8
https://mpbd.cu.ac.bd/details.php?id=368,92a15476e8efca97b7cd18eb.html,200,2026-09-24T18:45:42.496304+00:00,8b54a18f35db2205d5b08820685753dcab255bb33ee9d49ec724672d9efc746a,text/html; charset=UTF-8
https://mpbd.cu.ac.bd/details.php?id=369,cf46dfa914b95f82b458d7f8.html,200,2026-09-24T18:45:43.737496+00:00,1d849e2c74aa01140cb83b4fb24179c4d21d01aceff41dc2519c9d09303ba940,text/html; charset=UTF-8
https://mpbd.cu.ac.bd/details.php?id=370,dc9b9323d83e3ec6596735f4.html,200,2026-09-24T18:45:44.796775+00:00,bec7e9c161cabb051d643f35402340140d9d598a6f5e71ca8e346b3e4d2508b5,text/html; charset=UTF-8
https://mpbd.cu.ac.bd/details.php?id=371,8fcc3d2eb912b5020306be45.html,200,2026-09-24T18:45:46.064069+00:00,1c9310ae04858052de5fc1361b7eb95d1b1598b33b26c036b68e07e852dafe9e,text/html; charset=UTF-8
https://mpbd.cu.ac.bd/details.php?id=372,5a3e4181b6cbf2223fbb58af.html,200,2026-09-24T18:45:47.545903+00:00,9a5fba38f92f3838646e23cbd60b228416c75fb16d477964f771206c757c4607,text/html; charset=UTF-8
https://mpbd.cu.ac.bd/details.php?id=373,31f24567be002a91f11030a3.html,200,2026-09-24T18:45:48.954404+00:00,253bd66aef04b096926aafafb1d8962309020560e4f83a4ff19b56bb8a87ec8e,text/html; charset=UTF-8
https://mpbd.cu.ac.bd/details.php?id=374,73178ba34a31476dbdf06d94.html,200,2026-09-24T18:45:50.308043+00:00,469f68fd67edb44740ce01024fecb61884f7f41cab5bdbd70b79ff83f566b25b,text/html; charset=UTF-8
https://mpbd.cu.ac.bd/details.php?id=375,a544b4d2aac2bc3ad374f48d.html,200,2026-09-24T18:45:51.355427+00:00,21579ad64332cb552d659c8e7d4d99f04850a0d84abbbab6ba1b0791c74d1abb,text/html; charset=UTF-8
https://mpbd.cu.ac.bd/details.php?id=376,2b834c0951b55f0a8b5f745e.html,200,2026-09-24T18:45:52.406930+00:00,343cd40052e01fd093f054cfc07e2d716bd88545fae259308745a761b6f7bd29,text/html; charset=UTF-8
https://mpbd.cu.ac.bd/details.php?id=377,c7acbbb0fbf66ed842300955.html,200,2026-09-24T18:45:53.918903+00:00,040b61ff5e84dc74ba49861a398c1b79c52c38c3ecbc7dda762b0be87ec84427,text/html; charset=UTF-8
https://mpbd.cu.ac.bd/details.php?id=378,a2c8f228c131682396765cf3.html,200,2026-09-24T18:45:55.182421+00:00,c0ebf7568b284cd5ef2e652e8a15fc9fec3cf685f40b2535b27a165cab34b592,text/html; charset=UTF-8
https://mpbd.cu.ac.bd/details.php?id=379,e296c96abc0541319ae0ae98.html,200,2026-09-24T18:45:56.305523+00:00,4d73fd444b8008f9a9b0959cdf0eba842231ad2dc79412e0a9ac4a0e5a72d554,text/html; charset=UTF-8
https://mpbd.cu.ac.bd/details.php?id=380,73fe8f91fbfc11cf4c485a2b.html,200,2026-09-24T18:45:57.680692+00:00,98b95cfd6080fa8c0260abf94af2f4aa5311c7ff0b7f8cd470f58db425b92189,text/html; charset=UTF-8
https://mpbd.cu.ac.bd/details.php?id=381,febf071a8a72333abea94fc7.html,200,2026-09-24T18:45:58.859762+00:00,cb397d337f68e33c8e8682b09fb9ed9260694036d9ee9f84f8ca89faedfefd50,text/html; charset=UTF-8
https://mpbd.cu.ac.bd/details.php?id=382,fdef3e5d7f29ce4eef2dee0c.html,200,2026-09-24T18:46:00.235218+00:00,57f9554c2daccc8a048a58a98f2af0739cda8d7e79806a45ea94e8ef8ae2a65f,text/html; charset=UTF-8
https://mpbd.cu.ac.bd/details.php?id=383,952d0e9a89d0c653d513fad4.html,200,2026-09-24T18:46:01.392943+00:00,94e43381ac3b54d2e6d9a875140ea6db94b655cfb5d89faa88f0bbfa11fbb13f,text/html; charset=UTF-8
https://mpbd.cu.ac.bd/details.php?id=384,1ef24c391cacee4201f81c5d.html,200,2026-09-24T18:46:02.915537+00:00,046d3660b9027dddd8d322ba7b8591c59455e27628f3b349db4b5fcf6db089fa,text/html; charset=UTF-8
https://mpbd.cu.ac.bd/details.php?id=385,c2895752a3d4404656d8a1d2.html,200,2026-09-24T18:46:04.290836+00:00,9936b14bfc14f5bfe3a0dbd84ee64c83769d54cd5bbc719e4135ca7afb5ec66f,text/html; charset=UTF-8
https://mpbd.cu.ac.bd/details.php?id=386,bde0ecd10dab6fd50c00567d.html,200,2026-09-24T18:46:05.438233+00:00,8a1d0bcfcb0ffe71146d8ba456178ac73f57e2a1c79e96a96786caae102bb3aa,text/html; charset=UTF-8
https://mpbd.cu.ac.bd/details.php?id=387,7f2d91df2d708e51c5e69607.html,200,2026-09-24T18:46:06.494694+00:00,bb4e19be859473b4eb999325c1b7b39d69e5b2c725a2ac06ac13197dbf157200,text/html; charset=UTF-8
https://mpbd.cu.ac.bd/details.php?id=388,04df981681d19dc031d743a8.html,200,2026-09-24T18:46:07.889594+00:00,4cdc99e57584eca0d8b5ccc6b73b8f26c6dbbe3f92253889cb60ba9cf8f77ec2,text/html; charset=UTF-8
https://mpbd.cu.ac.bd/details.php?id=389,0252a71316d4ac82d5fff5f9.html,200,2026-09-24T18:46:09.384046+00:00,65d2da7bcaa89768bd52ee8364382fab935aebd93d00c05ae270db0cc8aae124,text/html; charset=UTF-8
https://mpbd.cu.ac.bd/details.php?id=390,35059cf1c82b5b24a2011a9d.html,200,2026-09-24T18:46:10.490364+00:00,c9756fc458ff3fdbbb1567d3f5afc37ec651c3baf7a32964294830585169ff26,text/html; charset=UTF-8
https://mpbd.cu.ac.bd/details.php?id=391,c4f30a85d3730842e4cb34b6.html,200,2026-09-24T18:46:11.746035+00:00,2dbbee41b47d92e0986cd613b2fbc48c0aab009ac20c2c4dcd5579b222ea4df1,text/html; charset=UTF-8
https://mpbd.cu.ac.bd/details.php?id=392,2a1d9c9e54c531b405b85532.html,200,2026-09-24T18:46:12.940448+00:00,3afc14b4403e2dc425a456d6790ca950ca7cdea3de53c1317c9ad3de571ab091,text/html; charset=UTF-8
https://mpbd.cu.ac.bd/details.php?id=393,712c308e888c86582efb37f4.html,200,2026-09-24T18:46:14.187380+00:00,c50c760191a79c8258ae881e7c64dde4d9ea77588fd79b16badef9a46455da18,text/html; charset=UTF-8
https://mpbd.cu.ac.bd/details.php?id=394,91105add0535c7020a94f47a.html,200,2026-09-24T18:46:15.241034+00:00,a4787f6cc2519d658637a3173e57bd0cd29b7172d37bbdc10a8de577238b376a,text/html; charset=UTF-8
https://mpbd.cu.ac.bd/details.php?id=395,3a60f1293063c867306a0d48.html,200,2026-09-24T18:46:16.548010+00:00,e6d7b2f6744a44021c86cd52901b6250e81f02ec72f9bcfb279bda9061619a26,text/html; charset=UTF-8
https://mpbd.cu.ac.bd/details.php?id=396,ad1ee879564fa7f9d17c791b.html,200,2026-09-24T18:46:18.026110+00:00,e2880170cbe6c6694472027b8081f7e8745b06c683b428f325a0124343d8941b,text/html; charset=UTF-8
https://mpbd.cu.ac.bd/details.php?id=397,bbc440839706b6c608c73fe9.html,200,2026-09-24T18:46:19.329669+00:00,7903dfe3d33520223abb4fa88541c1ea6704708f0b401427232cf21acad4687a,text/html; charset=UTF-8
https://mpbd.cu.ac.bd/details.php?id=398,911875abadb48c60b4d46ad3.html,200,2026-09-24T18:46:20.566691+00:00,4d3e079ebc9f85af756408d1f68fa696232d342789ab7bf4528994c89883ed19,text/html; charset=UTF-8
https://mpbd.cu.ac.bd/details.php?id=399,52c785326d7fa5a8c8cee98d.html,200,2026-09-24T18:46:21.794633+00:00,148fc8184007d69b2906b34e4574a63cfe1784d7a08d9c47f548f0694940bdb0,text/html; charset=UTF-8
https://mpbd.cu.ac.bd/details.php?id=400,5be6117c452562faeee4c8b5.html,200,2026-09-24T18:46:22.954066+00:00,fe2dfd52e686bc382197070491c4c5bf5d62eb90cfd83004d3140fa71a62691b,text/html; charset=UTF-8
https://mpbd.cu.ac.bd/details.php?id=401,c91f8e8ce03c2d1790f62ba7.html,200,2026-09-24T18:46:24.041363+00:00,8826dc9aa5cd6f7cfd28e0225a218d237f779cc8863c1f5c026d937a43be492e,text/html; charset=UTF-8
https://mpbd.cu.ac.bd/details.php?id=402,ed5f67b0ea239054f7e69f30.html,200,2026-09-24T18:46:25.212149+00:00,c1de74bbabf4a97cee981ec3386e8fa868ebc28afab34012e5d92339c8902416,text/html; charset=UTF-8
https://mpbd.cu.ac.bd/details.php?id=403,4d4ab5a404528ad7e5774200.html,200,2026-09-24T18:46:26.590617+00:00,933731987be37e8a470c0a0839c311df9b1ecf4b3a1a898afe55dd39b9aa3a5b,text/html; charset=UTF-8
https://mpbd.cu.ac.bd/details.php?id=404,2eab2d12f7a5bc44ac8bf74a.html,200,2026-09-24T18:46:28.051007+00:00,c4ca3a8f27cac786552ce4e363434a3985dfc9d4aa4076eb2730533b1cdb9e92,text/html; charset=UTF-8
https://mpbd.cu.ac.bd/details.php?id=405,712fc61f6612a037b8c5cdda.html,200,2026-09-24T18:46:29.265346+00:00,7acdcc06d4915fb3548561cc05bee53a120da0c97e66ea015ba63f231db17d1d,text/html; charset=UTF-8
https://mpbd.cu.ac.bd/details.php?id=406,53e465add06071a96bbff4f1.html,200,2026-09-24T18:46:30.390915+00:00,b632fe74e5cd9aa70d525a9d46ea8a70fd5ddf42a1c64956b22ef4170e0ebe35,text/html; charset=UTF-8
https://mpbd.cu.ac.bd/details.php?id=407,8c2fb3a6a5b39f53c2e2374f.html,200,2026-09-24T18:46:31.823528+00:00,c136de025f88608ebec65ba98ed9803b8c6536f6085f466b1eeba332082eca0b,text/html; charset=UTF-8
https://mpbd.cu.ac.bd/details.php?id=408,a62f89c79b63b374a68e74c6.html,200,2026-09-24T18:46:33.219995+00:00,374c3733a5a416d57d6f67007db355d455e9b9c342ffd5473728cff7151e5490,text/html; charset=UTF-8
https://mpbd.cu.ac.bd/details.php?id=409,be96c0b22ad4a2def6a2a9f9.html,200,2026-09-24T18:46:34.716015+00:00,a4080250871a5549b9c3b40cbe6fb119d76e3e0632c48662c3db6e6caa2e9363,text/html; charset=UTF-8
https://mpbd.cu.ac.bd/details.php?id=410,d32b41b02f1d2485a0cb44fe.html,200,2026-09-24T18:46:35.780333+00:00,c5759cad2593dc03b9d109bf30659378a702be08692f74ba2bdad063dd290877,text/html; charset=UTF-8
https://mpbd.cu.ac.bd/details.php?id=411,997538062d4211858f1c80c4.html,200,2026-09-24T18:46:36.844393+00:00,07c594a8ac2fe5d6072ffd6bc866f18da0116f2556b240616a1ca44637a299b0,text/html; charset=UTF-8
https://mpbd.cu.ac.bd/details.php?id=412,4a413cb7eacdd3b7a234dd87.html,200,2026-09-24T18:46:38.148110+00:00,95305b68ddd2bf60c39a5abe1c04e9177532362c981d7e622344d49e23a71d3d,text/html; charset=UTF-8
https://mpbd.cu.ac.bd/details.php?id=413,17109fbfce428050734655ea.html,200,2026-09-24T18:46:39.244638+00:00,fedc0a419034afbdea76cb260aa0c3ce0fdd0d20e6395daf27122bbf153e3c76,text/html; charset=UTF-8
https://mpbd.cu.ac.bd/details.php?id=415,d7e1273a8d091b8f4e2703ad.html,200,2026-09-24T18:46:40.754720+00:00,f1ea218dcf13e34628f21132eebc5ed784ace1a7e3b7bde8357ef63a5c44691d,text/html; charset=UTF-8
https://mpbd.cu.ac.bd/details.php?id=416,761dc9cb4d4d7dd75aadbd5b.html,200,2026-09-24T18:46:42.099884+00:00,01e51e4870de2ceaed421389be9b799b51c52f52869fb1c5a858c9c073eda9a6,text/html; charset=UTF-8
https://mpbd.cu.ac.bd/details.php?id=417,33ecfe6f998e9d7057e0324e.html,200,2026-09-24T18:46:43.164461+00:00,d849cfa8d3f330cc2d83849ec4a1c986fc44f8b4e2b3bffb64b09036b9548dba,text/html; charset=UTF-8
https://mpbd.cu.ac.bd/details.php?id=418,782e945ff6fd4959e701fcce.html,200,2026-09-24T18:46:44.517350+00:00,e5f6f9db4aa4f152f2b0a93b2b73767319eca3fca144a227231273bf32676db9,text/html; charset=UTF-8
https://mpbd.cu.ac.bd/details.php?id=419,f901850d7f1a47b5f0815f41.html,200,2026-09-24T18:46:45.607024+00:00,98b82ebac8e222138346ecbd8c15b83be88cf15cb8ce875a5049f49af76f328b,text/html; charset=UTF-8
https://mpbd.cu.ac.bd/details.php?id=420,06550bbf558f8b4113fb8d67.html,200,2026-09-24T18:46:47.083235+00:00,136f3c7c1dd97fab59d9f68fefe7e4d29df44c13bb86a75a3179e4c53f6fd9ad,text/html; charset=UTF-8
https://mpbd.cu.ac.bd/details.php?id=421,467a1232dbf38b184952e1a7.html,200,2026-09-24T18:46:48.109783+00:00,4fd20136fe07b149cfd6b796f389c91350770811fc7d589f5e67ba0e694862f4,text/html; charset=UTF-8
https://mpbd.cu.ac.bd/details.php?id=422,b97809804e44708021e26f9c.html,200,2026-09-24T18:46:49.417543+00:00,6551c390a196e5cb8451c002f6cf07a3741b9b36e95300fdd88f27f521f57637,text/html; charset=UTF-8
https://mpbd.cu.ac.bd/details.php?id=423,742d0acb98c06c8c6ade5eb2.html,200,2026-09-24T18:46:50.729890+00:00,b2e2294821baf8f8c9e7ec20ac309206db18d219ba30ed809c38df5b3e271383,text/html; charset=UTF-8
https://mpbd.cu.ac.bd/details.php?id=424,7f539d772cc2a640ad6d30e1.html,200,2026-09-24T18:46:51.770034+00:00,45b9531cf94da902d2edbdf83b0971735511dc2c87cb04fb57119ba628a6b594,text/html; charset=UTF-8
https://mpbd.cu.ac.bd/details.php?id=425,c23183a5cd710ff96f5391d4.html,200,2026-09-24T18:46:52.867705+00:00,aefb5566511886d9b8159b30fe3c40dfda0bf15651afada679f25dfd429c4abc,text/html; charset=UTF-8
https://mpbd.cu.ac.bd/details.php?id=426,641ac69af386d494123860a1.html,200,2026-09-24T18:46:54.032592+00:00,c6d2864864f3e74393918937611431e608cbf1062819e5191bb9da1ea37bb2bd,text/html; charset=UTF-8
https://mpbd.cu.ac.bd/details.php?id=427,a7f18075baf7f9812fde75e3.html,200,2026-09-24T18:46:55.099862+00:00,0682a6568c24fd2d8dc6dd02da901794dcde799fd270f7333a0821439904c6fe,text/html; charset=UTF-8
https://mpbd.cu.ac.bd/details.php?id=428,b4c309496dca4d4570e31dbe.html,200,2026-09-24T18:46:56.527174+00:00,26ec5995003f13e16c3b55d0d4d451ae61a6288664085b8c51e2429bfd4124a8,text/html; charset=UTF-8
https://mpbd.cu.ac.bd/details.php?id=429,2d209dccf051ec09b6d9abf5.html,200,2026-09-24T18:46:57.586504+00:00,a94f56e296ac88ad8ab536918de395db337b20703b1df1467f02c127a44e723b,text/html; charset=UTF-8
https://mpbd.cu.ac.bd/details.php?id=430,dc852f0bd9a382e299ecef3b.html,200,2026-09-24T18:46:58.955765+00:00,eb358c8fe295f17a9c72d255f7624e62503a6bd26f7d2fc72feca7cb04ad007f,text/html; charset=UTF-8
https://mpbd.cu.ac.bd/details.php?id=431,35a66b24fa85947ef52cd107.html,200,2026-09-24T18:47:00.225680+00:00,f2ff571d0e9bc52aa4e639226056f4cb1d4becbd3f0fb2031299c1dc67134bd9,text/html; charset=UTF-8
https://mpbd.cu.ac.bd/details.php?id=432,78bbf6f4559b2ac5798ff7a3.html,200,2026-09-24T18:47:01.556472+00:00,ffce3466e1816f59aa3349a31ba845f35b3cbed52609d5fa9e5daac134b3954d,text/html; charset=UTF-8
https://mpbd.cu.ac.bd/details.php?id=433,12350d9ba97b0066b23ed049.html,200,2026-09-24T18:47:02.863595+00:00,ae38c5ad9f6801e0c273941941be602c903908562b6ff5823a8654d97eac2030,text/html; charset=UTF-8
https://mpbd.cu.ac.bd/details.php?id=434,46e9712bd4c1575e01dcfa68.html,200,2026-09-24T18:47:04.152431+00:00,6606b8cdd81acedc62ee3bd96484b2d659cfe1a603491939d4ce3499c894c7a8,text/html; charset=UTF-8
https://mpbd.cu.ac.bd/details.php?id=435,a4dae246ec060443496aa0f2.html,200,2026-09-24T18:47:05.378088+00:00,f849483251b59b4eeedeab37a4cad9fef240e7c67f560c51d4387f2e6e1449f0,text/html; charset=UTF-8
https://mpbd.cu.ac.bd/details.php?id=436,3fb913c3abc5a27bd382677a.html,200,2026-09-24T18:47:06.571837+00:00,8bb28b2968a0fdd39debefa637b221e3d906d26b1e1b0f7f515c8e3314c16943,text/html; charset=UTF-8
https://mpbd.cu.ac.bd/details.php?id=437,e44729bdea3e7b8a5fe675ee.html,200,2026-09-24T18:47:07.693335+00:00,9c8db97c0c33fc81ebc11694e69b6b4ebd9d2cabaa43e37ca30f453ffaa22c33,text/html; charset=UTF-8
https://mpbd.cu.ac.bd/details.php?id=438,e5a57258815f9706c6a96591.html,200,2026-09-24T18:47:09.063920+00:00,7b03d8d3a52001a6345f0e98624b70abc36de40ce0493fc0f28d6c290e4f0a17,text/html; charset=UTF-8
https://mpbd.cu.ac.bd/details.php?id=439,b2de38b7533fb2ae4d7a0d35.html,200,2026-09-24T18:47:10.301342+00:00,57f4570944a9a56b9fd97f896b46ca17c74a12d530813f600792bec6824b9a67,text/html; charset=UTF-8
https://mpbd.cu.ac.bd/details.php?id=440,5e5ae7a52e3fa19402139caa.html,200,2026-09-24T18:47:11.647417+00:00,c2eaad9734d8a82bf53e43210b13a4b54ff289ab3a474d80c895db95ac97afa0,text/html; charset=UTF-8
https://mpbd.cu.ac.bd/details.php?id=441,371c8f6d3fe75460ee34a4b0.html,200,2026-09-24T18:47:13.114952+00:00,3224dd781f3ba5d6269928394707b6ad79083db460a08bd58d12e41eca9d15dc,text/html; charset=UTF-8
https://mpbd.cu.ac.bd/details.php?id=442,36b6601319d9ebe6d4217634.html,200,2026-09-24T18:47:14.621851+00:00,3425db0f8ada846da507bafad9b693866dfd76f36b1fb37254df44a7535ea663,text/html; charset=UTF-8
https://mpbd.cu.ac.bd/details.php?id=443,a9218be1434b6c8baf826d22.html,200,2026-09-24T18:47:15.809607+00:00,aac546fb50c9efd49f3deeb623cae0ce0ea48e571cb21d6e3895dfefedc7d6ed,text/html; charset=UTF-8
https://mpbd.cu.ac.bd/details.php?id=444,e318f3e4c51056a2a102c897.html,200,2026-09-24T18:47:17.126832+00:00,e3b580aebe60943ceebde6133be8e1b1bb85a8e77e330fbf64c78e4936cb3406,text/html; charset=UTF-8
https://mpbd.cu.ac.bd/details.php?id=445,643f28fb63a2ddfeaa5875f8.html,200,2026-09-24T18:47:18.204399+00:00,381d150348c3fed88184b99031f0f3350bd8945c15f517f19e77f67781947727,text/html; charset=UTF-8
https://mpbd.cu.ac.bd/details.php?id=446,3402149c05fcf585f5959083.html,200,2026-09-24T18:47:19.397446+00:00,3d9240926ebe0caa66944ee6963893dc19b27386d7dd036675e0b818426198cb,text/html; charset=UTF-8
https://mpbd.cu.ac.bd/details.php?id=447,6e3f855da3f37cce9623bc5a.html,200,2026-09-24T18:47:20.525173+00:00,fe24cb715b72ad1f06bfb8d9649035ded6ab2af31ad92bae1b9814f767ddacb6,text/html; charset=UTF-8
https://mpbd.cu.ac.bd/details.php?id=448,9c894ef65548dca63aeaacdf.html,200,2026-09-24T18:47:21.786960+00:00,2a2fed9d6fab3ace3335a407b1cf0140af1534d5e4dbd91902ad172fc0051eea,text/html; charset=UTF-8
https://mpbd.cu.ac.bd/details.php?id=449,ea4f32197e154853c55ca785.html,200,2026-09-24T18:47:23.026356+00:00,bdf5e0a49d6e7615538c957a9a079f9c895191253b548a96e5b98fdbef576846,text/html; charset=UTF-8
https://mpbd.cu.ac.bd/details.php?id=450,182af36c23f3f291d8024796.html,200,2026-09-24T18:47:24.369948+00:00,dc221dba04006caf9b96b999f72ada64602a15a38b3758b458b79210b4979bb1,text/html; charset=UTF-8
https://mpbd.cu.ac.bd/details.php?id=451,9527b05bf95451e18476f294.html,200,2026-09-24T18:47:25.534625+00:00,889f286b44f9c1e4a64bca3f814ba79ecb10a6a271cd16398b93a78e4023efdf,text/html; charset=UTF-8
https://mpbd.cu.ac.bd/details.php?id=452,85fd421253504aa9338ba7fa.html,200,2026-09-24T18:47:26.985051+00:00,17cf83f2573e78aa63cf56c992f828a902c15ee21c478a5f25dae60c3fae07a2,text/html; charset=UTF-8
https://mpbd.cu.ac.bd/details.php?id=453,80efd535f675b02a68d7d7a8.html,200,2026-09-24T18:47:28.282871+00:00,98081f600d36497d928c870a6f77fe754e33dbdf3b963dcb0b03ec5701ad0e9e,text/html; charset=UTF-8
https://mpbd.cu.ac.bd/details.php?id=454,400307427e662292453bcdc5.html,200,2026-09-24T18:47:29.341977+00:00,bfc0c8f03f163d8fca71697052c7d1436caff8ba67ab3c3ffd450242bd01c958,text/html; charset=UTF-8
https://mpbd.cu.ac.bd/details.php?id=455,8532e21f7b644f0cf3d0b80e.html,200,2026-09-24T18:47:30.632253+00:00,6a3a1c809d98466bc2589c52a2154eda0f5e04c64367185b0f9001d682c6537a,text/html; charset=UTF-8
https://mpbd.cu.ac.bd/details.php?id=456,9d1881008fbe78b7bead5eaf.html,200,2026-09-24T18:47:31.876113+00:00,56b2c148a0c59b7dc60b6b294c9af58437c35bcebea08a56ec10d4af95a242f6,text/html; charset=UTF-8
https://mpbd.cu.ac.bd/details.php?id=457,cc8225686d0b2e18cefe5918.html,200,2026-09-24T18:47:32.937531+00:00,b515281079ab0a34a7c78ac00300ece91faa7577c0e26f2ed9505c19db801c5e,text/html; charset=UTF-8
https://mpbd.cu.ac.bd/details.php?id=458,22f2e8d4ae6e3e9f52395613.html,200,2026-09-24T18:47:34.431468+00:00,3703846866ebac6d86f2802c933f80933668d9893e6b8f0771e47bb0dd1ff0a3,text/html; charset=UTF-8
https://mpbd.cu.ac.bd/details.php?id=459,6df22f66089c2fd38442c63a.html,200,2026-09-24T18:47:35.496092+00:00,92543766de4bf743b9a08d6ca94855ed5630d04ba3b0a12139398efb4623e8e5,text/html; charset=UTF-8
https://mpbd.cu.ac.bd/details.php?id=460,89e10c8cdcd854fbd331e0cc.html,200,2026-09-24T18:47:36.741201+00:00,21c76408645b0ea3c26b1d1dfa1bad065b766af1da93f651439a8a5814b73c62,text/html; charset=UTF-8
https://mpbd.cu.ac.bd/details.php?id=461,3a74955cb3cc0b0ac537764a.html,200,2026-09-24T18:47:38.136550+00:00,24d22f145a1c2e0ff88512692f3ed45555b6588b069eaa7d59156a14d3d8fb0c,text/html; charset=UTF-8
https://mpbd.cu.ac.bd/details.php?id=462,8cab5075a951ba5c4890cfe9.html,200,2026-09-24T18:47:39.192575+00:00,b6c6719693a0f8358b29c02b1664fa21436a382d8ad19a10a33fa44a2e196d10,text/html; charset=UTF-8
https://mpbd.cu.ac.bd/details.php?id=463,64ccc5db1914bae6f0331c5c.html,200,2026-09-24T18:47:40.477094+00:00,44414f676df2e32ef85eb745663f6f98403276c1099341e64fde56445c55e12c,text/html; charset=UTF-8
https://mpbd.cu.ac.bd/details.php?id=464,ec767246669264e65d4cf18d.html,200,2026-09-24T18:47:41.784063+00:00,8a0c57e18e38556ea297f653b4992a5a98d4b8ef811dba412b21149079e753ce,text/html; charset=UTF-8
https://mpbd.cu.ac.bd/details.php?id=465,d9723f3e008b212bc6fbbdaa.html,200,2026-09-24T18:47:43.199894+00:00,11ab3acd2f9fa575b3c3c63d6f78008fc03379730fcb82dd83ffb65ef477c8bf,text/html; charset=UTF-8
https://mpbd.cu.ac.bd/details.php?id=466,baf5c92b177eb9bf2e7b549c.html,200,2026-09-24T18:47:44.434702+00:00,52f8a79d33d2d21276e67a52b59f6cd3d7e4b0922df2176ecc08082f5e4d3d30,text/html; charset=UTF-8
https://mpbd.cu.ac.bd/details.php?id=467,3585512a30937fe99bd7e9b7.html,200,2026-09-24T18:47:45.767261+00:00,0f984bfce0741b103affa62d57f541238e3adc5102459daf0f506d8ee512e174,text/html; charset=UTF-8
https://mpbd.cu.ac.bd/details.php?id=468,687b2823cefa2a04b3e1dd60.html,200,2026-09-24T18:47:46.840143+00:00,2c3dccc18946421d9c0fc09eebe7c68e6e4134dbe289af2404a7b69ae431e6a5,text/html; charset=UTF-8
https://mpbd.cu.ac.bd/details.php?id=469,ccbd1c136669c8bf9ab12502.html,200,2026-09-24T18:47:48.084681+00:00,7c1c34748ef207e4b941b2664a137340c818394efc91ad79df0b820c889ed380,text/html; charset=UTF-8
https://mpbd.cu.ac.bd/details.php?id=470,21d6676164c579bf3bdccba4.html,200,2026-09-24T18:47:49.439275+00:00,5e6f0e87d4f583b516897064584ecd00c5b7ea7ccc4097801c96f9f7c0aa2f83,text/html; charset=UTF-8
https://mpbd.cu.ac.bd/details.php?id=471,d9dc32d70144a3e9ec7cbfaa.html,200,2026-09-24T18:47:50.721232+00:00,e09afa807a10cdccf97d405ab53ee3d3ec7501114a4dc8c73a896d7b9b3deff6,text/html; charset=UTF-8
https://mpbd.cu.ac.bd/details.php?id=472,d1decd1b3bcde1a973238a39.html,200,2026-09-24T18:47:52.235073+00:00,65e6f8505d24671f72e5d674fd6f59f56c3028eb62078a0b318afdc8be7775ef,text/html; charset=UTF-8
https://mpbd.cu.ac.bd/details.php?id=473,5cddad3b2bdfb681a453b6d3.html,200,2026-09-24T18:47:53.703472+00:00,8094424c3b07fa46e245a8bde5fbee90f7243005cbcbb8cec8dbf0e00f535eb1,text/html; charset=UTF-8
https://mpbd.cu.ac.bd/details.php?id=474,7389410bd181e8f1b2561ec4.html,200,2026-09-24T18:47:54.926578+00:00,ba892c27e211c10a72f78b19423aabf6e2706ba3f9b4208ef6b505ca4a3c2b9d,text/html; charset=UTF-8
https://mpbd.cu.ac.bd/details.php?id=475,247e8136ecf4a4c84091b583.html,200,2026-09-24T18:47:56.147869+00:00,955ebb46203508accf4438cbc3cddf4a5c95e40e6271827539a603124606258d,text/html; charset=UTF-8
https://mpbd.cu.ac.bd/details.php?id=476,99252cf50d46dbae22eee0b5.html,200,2026-09-24T18:47:57.252554+00:00,a183c60af8de57c513071527aec63ed39692ce6671030550fe46faa5f8fd6b61,text/html; charset=UTF-8
https://mpbd.cu.ac.bd/details.php?id=477,6852f01b1237970f1caf487e.html,200,2026-09-24T18:47:58.560099+00:00,be9eddfa4a1e440be5f1cbadca6852b9ac7aa743965425228f2b0eceed91f48d,text/html; charset=UTF-8
https://mpbd.cu.ac.bd/details.php?id=478,8ddff4ecb731ec5a2acdc9b3.html,200,2026-09-24T18:47:59.759423+00:00,7fbf98855a5bf831b82882520b21620f8e5efb5be572dd83bde8f6669b0bc5d9,text/html; charset=UTF-8
https://mpbd.cu.ac.bd/details.php?id=479,b5e882f8dd53b7decd89b2d4.html,200,2026-09-24T18:48:01.111799+00:00,cdd1d69c627455448be7b35309798e0075337eb1dfdca6561752fc81423ec686,text/html; charset=UTF-8
https://mpbd.cu.ac.bd/details.php?id=480,0d22186e474a73073e106efa.html,200,2026-09-24T18:48:02.628893+00:00,d436fed12985d1413fc3db7a8541365fc4d815b1e204b3affa9aa2feb00d33f8,text/html; charset=UTF-8
https://mpbd.cu.ac.bd/details.php?id=481,c2c6c768185783a67ee7aabe.html,200,2026-09-24T18:48:04.148129+00:00,dd1ecc0623f9d4a599eb84d4642d2a79023b96c765f460d5986dd1432ed3b7ee,text/html; charset=UTF-8
https://mpbd.cu.ac.bd/details.php?id=482,c8170e76f7d893159f943771.html,200,2026-09-24T18:48:05.661156+00:00,0ec4b8f271ac291b853ce7ab3f72454aa6d27eaf57a7589828bac555fb4f8ca1,text/html; charset=UTF-8
https://mpbd.cu.ac.bd/details.php?id=483,037da21c848ef420f4974e25.html,200,2026-09-24T18:48:06.941467+00:00,810619735d3408aec43d380b15a87ba08bb213228a0452a33f86953e34598014,text/html; charset=UTF-8
https://mpbd.cu.ac.bd/details.php?id=484,2f46acc8538d7c8d676714af.html,200,2026-09-24T18:48:08.235126+00:00,61c7532e1c4fa2123bd1b8c3ffc66c0e8e031be5b54ecc5846b8b866bc281873,text/html; charset=UTF-8
https://mpbd.cu.ac.bd/details.php?id=485,c6c0b37b1d84737204b4d3d5.html,200,2026-09-24T18:48:09.582257+00:00,cee976f63ce1f6c76abeb401f9190dbe79367f71bb426ce16560f7df58d16bf8,text/html; charset=UTF-8
https://mpbd.cu.ac.bd/details.php?id=486,30f58b1b64d0955a0f6ba236.html,200,2026-09-24T18:48:10.643625+00:00,a4415a376b0f11504ea04502eb7f05664d8f04ba44a50f3e41637975496f17d2,text/html; charset=UTF-8
https://mpbd.cu.ac.bd/details.php?id=487,cba352945f5db159c1580e5c.html,200,2026-09-24T18:48:12.019643+00:00,b4c9286ab5b317dc6cc2c09808364c88d4030078ab43695b99280aeba50881bc,text/html; charset=UTF-8
https://mpbd.cu.ac.bd/details.php?id=488,a9b8f1c95168a1d5609fcb61.html,200,2026-09-24T18:48:13.520188+00:00,96d7bef2d4fc10564de41044d05e3fbb2453858424757a5481f0ee8681be9ea4,text/html; charset=UTF-8
https://mpbd.cu.ac.bd/details.php?id=489,f659e5f99cc113f480818591.html,200,2026-09-24T18:48:14.678116+00:00,ace626e2f804d1304514bb8b1f156b1f77e33736c8fcd62c509be5a08930031a,text/html; charset=UTF-8
https://mpbd.cu.ac.bd/details.php?id=490,e5489f71d0ae9ac3641ad8b8.html,200,2026-09-24T18:48:15.849299+00:00,de1b2fda75aa6a6e54afb52b2dd0eab51c2b1f6d657a6500f7bcff940012734c,text/html; charset=UTF-8
https://mpbd.cu.ac.bd/details.php?id=491,5a06e3dcd28aba2292193194.html,200,2026-09-24T18:48:17.053138+00:00,cd57e758aab333cc3d3897d8d472939241d907f2c830d84a3f54404412a69254,text/html; charset=UTF-8
https://mpbd.cu.ac.bd/details.php?id=492,b0710d63dc54b11faec1dd22.html,200,2026-09-24T18:48:18.451777+00:00,e3984862f169b48b2785d8c491de0809d93879274b15b7808a2a7b1ce0e6f390,text/html; charset=UTF-8
https://mpbd.cu.ac.bd/details.php?id=493,4a958ae8994c38259f0a7cc9.html,200,2026-09-24T18:48:19.501701+00:00,9f00e1c451054f1f081ff174b49b552d8a65d52d0981a94525ea265b7faa7790,text/html; charset=UTF-8
https://mpbd.cu.ac.bd/details.php?id=494,7b697986a1badd1f8014e6fb.html,200,2026-09-24T18:48:20.755527+00:00,2e931d46cd1f215402dee7ee0c263f5086c3da49bd41c94aa16651901b35141d,text/html; charset=UTF-8
https://mpbd.cu.ac.bd/details.php?id=495,5bcb1683c6b4e31d78c60d28.html,200,2026-09-24T18:48:22.044414+00:00,75d0b1438a34ac66e51712848b08893718180c5d115ada338c1f5735c12b9682,text/html; charset=UTF-8
https://mpbd.cu.ac.bd/details.php?id=496,857f097b223b7bae77b7f88f.html,200,2026-09-24T18:48:23.151982+00:00,cb4e57f37c98b13189023b7e700047b8f3e06870930d9dd0ff5a322f2b2952e0,text/html; charset=UTF-8
https://mpbd.cu.ac.bd/details.php?id=497,3ef1523273350f43dab5e6d8.html,200,2026-09-24T18:48:24.339706+00:00,f8c1997356ab827a7199138e239620656a105336c5f2c733a39cc72022766ee2,text/html; charset=UTF-8
https://mpbd.cu.ac.bd/details.php?id=498,7179c04e7f452a9fbcd3ab80.html,200,2026-09-24T18:48:25.808925+00:00,16f0907d7965eb1535ccf1f573c3e8b2a706d0bc3956e575a34815d6e25cef48,text/html; charset=UTF-8
https://mpbd.cu.ac.bd/details.php?id=499,5c827398b3aa7f9994cc6cad.html,200,2026-09-24T18:48:26.970748+00:00,3d08b376eb8185dcee30e659b0873fbb82a69c4906780c2eaeaeb806c2ea6973,text/html; charset=UTF-8
https://mpbd.cu.ac.bd/details.php?id=500,95131b0bc9c427447152cf3a.html,200,2026-09-24T18:48:28.285769+00:00,0283aeb8c8382aeeb42560450eaa0a78a0a396da1989061ea1c5891eb1d8b069,text/html; charset=UTF-8
https://mpbd.cu.ac.bd/details.php?id=501,6c4322c5b2901c81aed1cc10.html,200,2026-09-24T18:48:29.761681+00:00,07478181e6d8af182e63e3e086ea6992c5a696d75dfd95a7fabc9fc3235573f7,text/html; charset=UTF-8
https://mpbd.cu.ac.bd/details.php?id=502,7b8a92a266a62d27569a1a54.html,200,2026-09-24T18:48:31.163487+00:00,ab327c3f18c2a38493609171e545a4798d07070aaf3ff41e1244a36a9c0c55a3,text/html; charset=UTF-8
https://mpbd.cu.ac.bd/details.php?id=503,79e16f6d1fb08c0690075afc.html,200,2026-09-24T18:48:32.300182+00:00,d3c59274f0802aea44bc87045f045b94b44ef897eb923b94ab842f5f1368700f,text/html; charset=UTF-8
https://mpbd.cu.ac.bd/details.php?id=505,637b900e3a2329a2b9d4e8cb.html,200,2026-09-24T18:48:33.573660+00:00,e90d29a1c2dbda77ecd5cb7c1ab4495725ab0681482bf3cea809a9e61bb50f9a,text/html; charset=UTF-8
https://mpbd.cu.ac.bd/details.php?id=506,1f3990a7db2ad3ce32ebccd0.html,200,2026-09-24T18:48:35.058132+00:00,6167721ca6aa1b11c77a21306bd4febf8a93aa34b8a83e5f8919f9f3516c797e,text/html; charset=UTF-8
https://mpbd.cu.ac.bd/details.php?id=507,496e42afb1cefceaeb6a1e6d.html,200,2026-09-24T18:48:36.535538+00:00,0a6bf4affb34e4cdf1ac587db1367d16aa94b06a5560ed36d938bd4920dd4eb7,text/html; charset=UTF-8
https://mpbd.cu.ac.bd/details.php?id=508,6a790c76ce7d2a8e640373ca.html,200,2026-09-24T18:48:38.025560+00:00,b8b7af5e886ca3ba8712ce1fdb448e782b6fb4cda1117471ac10accc3a44dca0,text/html; charset=UTF-8
https://mpbd.cu.ac.bd/details.php?id=509,698fb7acc78cbeffbdcbfbcb.html,200,2026-09-24T18:48:39.240129+00:00,0e62f2c599edecf6a00aedba70a6132fbc8550c223469d02a2dbc03f5536541b,text/html; charset=UTF-8
https://mpbd.cu.ac.bd/details.php?id=510,ef587166531a67c22ee29bc7.html,200,2026-09-24T18:48:40.413101+00:00,7c3bad86669ce1a70a4bcf1949f68ba4bdf54885ca93c59f1016afc202342703,text/html; charset=UTF-8
https://mpbd.cu.ac.bd/details.php?id=511,9c6403c88de3832274a397f7.html,200,2026-09-24T18:48:41.584593+00:00,b04d7e01ee64f6550d9d158813dccbefea6b3f38fd59695a9e22905acff498fb,text/html; charset=UTF-8
https://mpbd.cu.ac.bd/details.php?id=512,e23fa1166cc9fa5bef6147ae.html,200,2026-09-24T18:48:43.009097+00:00,97b49c9f77144462347ea634dd467e721a3a4774280a94c4fde4f543a0fa03d1,text/html; charset=UTF-8
https://mpbd.cu.ac.bd/details.php?id=513,73ed1191ccab2726120ea1a6.html,200,2026-09-24T18:48:44.247649+00:00,9e24595ad649063e49cda3f9575b1eb967ee8a9c69209a111425f31c3eaf9ed0,text/html; charset=UTF-8
https://mpbd.cu.ac.bd/details.php?id=514,1557b64751e0d28f53c6d41d.html,200,2026-09-24T18:48:45.347845+00:00,4eeee65b538f6066649efb732a35b46accf11660496e265c196138a8b14dfc86,text/html; charset=UTF-8
https://mpbd.cu.ac.bd/details.php?id=515,8937392179abc541a7f156e0.html,200,2026-09-24T18:48:46.849095+00:00,8f93d49ba5b7cf9f3f629ad4fa91f69f48d791d989e9bff4b1d3b4127a378768,text/html; charset=UTF-8
https://mpbd.cu.ac.bd/details.php?id=516,bea1e7b31d8f9e132aa4c9a2.html,200,2026-09-24T18:48:48.313908+00:00,c8ed83435a9c608ed61610a51559e57ee5984475781ff2a97c820e6ecdcaca40,text/html; charset=UTF-8
https://mpbd.cu.ac.bd/details.php?id=517,b42a5fb05293845d0beb1023.html,200,2026-09-24T18:48:49.699115+00:00,68f32150ac3c235e0c705120d179f92bf291b4c91e9fbb1d12cb1f5a0c273b27,text/html; charset=UTF-8
https://mpbd.cu.ac.bd/details.php?id=518,5e25862fd211fe089a60e110.html,200,2026-09-24T18:48:51.218743+00:00,f52f95ccfab604f8232aca6ce5687065e574dd6b2c1787b5ec149af1911299a9,text/html; charset=UTF-8
https://mpbd.cu.ac.bd/details.php?id=519,849304c0b32a007d5f7beb45.html,200,2026-09-24T18:48:52.621025+00:00,94de2962c7a9a51111df7b9bcf7b0a9ef9cab890b78780552b6af5f797e77602,text/html; charset=UTF-8
https://mpbd.cu.ac.bd/details.php?id=520,25d07db63e6074dd6ca42d5d.html,200,2026-09-24T18:48:53.952828+00:00,7409081551a453f7572b64fdef49556aa78f1fd29336faf09e3ee9debb2b4318,text/html; charset=UTF-8
https://mpbd.cu.ac.bd/details.php?id=521,5ac23c99c74492dfcee40392.html,200,2026-09-24T18:48:55.209442+00:00,ca8dbd62aa184e4a9f9c3c8b4b4a8707af9ff7b6fa35b5a97773e09014129480,text/html; charset=UTF-8
https://mpbd.cu.ac.bd/details.php?id=522,4b0c0bfc88af38313ab61fc2.html,200,2026-09-24T18:48:56.457186+00:00,25979f7a06d0a4e86343873b916c20bc174ac9a5a26eec4894e23b3c24bc1e27,text/html; charset=UTF-8
https://mpbd.cu.ac.bd/details.php?id=523,8fe00278935fd1a2cdb0623a.html,200,2026-09-24T18:48:57.739418+00:00,93891cbefbc43ac3b5a75437b9fb8041d8f12dd3aff2511e5cb33df080b6330e,text/html; charset=UTF-8
https://mpbd.cu.ac.bd/details.php?id=524,311fa7ae98f3371b05458811.html,200,2026-09-24T18:48:59.244990+00:00,4378dcaaa5907e2d5b80c18f74e4269b9aff22e9af6f94b45b3eedd3a76c9be6,text/html; charset=UTF-8
https://mpbd.cu.ac.bd/details.php?id=525,fe7ef605790d4b50f29328ac.html,200,2026-09-24T18:49:00.730780+00:00,814a46708463f3f7d3e6568e542c38fd786ecb56548f7364ed12b671bd92071f,text/html; charset=UTF-8
https://mpbd.cu.ac.bd/details.php?id=526,1d3c3db119b85e5ba729f690.html,200,2026-09-24T18:49:02.120543+00:00,284a28853dbd2ca587d2ed2dc982f6c3edd42dc65f7db51ece88b1d1204e05a2,text/html; charset=UTF-8
https://mpbd.cu.ac.bd/details.php?id=527,5491553e53fc088811d2fec7.html,200,2026-09-24T18:49:03.363447+00:00,1d657a65a32fb9ce01e7f0a6e7a7cedf3512ebdc1449b70b0e0136902aadcade,text/html; charset=UTF-8
https://mpbd.cu.ac.bd/details.php?id=528,1f0dd1b89705c0f950b52cc6.html,200,2026-09-24T18:49:04.476583+00:00,5f6c7b32b95e35b480f63ba6b33fa6303c90e4c601a418f2f37247d682095598,text/html; charset=UTF-8
https://mpbd.cu.ac.bd/details.php?id=529,0ec95dbcf5e9aed71433f061.html,200,2026-09-24T18:49:05.685134+00:00,bf2d3cb8a9de75a19952089e630b973aadc1c3d597ad6e52dc0a31e2899b3e1f,text/html; charset=UTF-8
https://mpbd.cu.ac.bd/details.php?id=530,ee3996beed81f83cdd09f317.html,200,2026-09-24T18:49:07.006929+00:00,c3b13b7621064c443e828949ebc7a8e3f684fb94220911e02bc87c587d741ec6,text/html; charset=UTF-8
https://mpbd.cu.ac.bd/details.php?id=531,a0202238ae198db5a139357a.html,200,2026-09-24T18:49:08.499717+00:00,fdfc982c6768dadac93f588db856b06e017f1ca582d7ca5b76fe5e5f996efcea,text/html; charset=UTF-8
https://mpbd.cu.ac.bd/details.php?id=532,1a12f56f01dba4ca3a22dfdb.html,200,2026-09-24T18:49:09.933874+00:00,058e1d4f0c208afb2aa3df820b70d465e8de3052479b4d3a5c1c3c89466087d6,text/html; charset=UTF-8
https://mpbd.cu.ac.bd/details.php?id=533,5404ec28a5078a5076020a43.html,200,2026-09-24T18:49:10.999746+00:00,32df98c09e9eb96e48dae3198df5021e46f84c793f7f3713ecfcb4f2f2d50880,text/html; charset=UTF-8
https://mpbd.cu.ac.bd/details.php?id=534,36153cb375e46406d50e5715.html,200,2026-09-24T18:49:12.483135+00:00,9455a305d11cdcdc9fc8db912364ae4ce4754843565e91f88e87a27d2feff149,text/html; charset=UTF-8
https://mpbd.cu.ac.bd/details.php?id=535,4674ca206a86992a8f28945f.html,200,2026-09-24T18:49:14.009016+00:00,6d5bbecbce79987610bed4ac865580500d45d87df7c953104795be604ab0d314,text/html; charset=UTF-8
https://mpbd.cu.ac.bd/details.php?id=536,c56c5ce709e3033d4550cdfa.html,200,2026-09-24T18:49:15.431172+00:00,5ff938f021298bfdc3ecb91f3f78f0cb64521562bbaf9acdc3720e3118030831,text/html; charset=UTF-8
https://mpbd.cu.ac.bd/details.php?id=537,b1dcacb3c6d1bc06885c6817.html,200,2026-09-24T18:49:16.639279+00:00,725d307fa8b6f8118d7405db50af988c839be4d9c9d0e6e735d9f827f2165d74,text/html; charset=UTF-8
https://mpbd.cu.ac.bd/details.php?id=538,802b9e9b2b06189d00684ca1.html,200,2026-09-24T18:49:17.788783+00:00,f164361f1cfbe72bd3074027b9962c1922a74ef972751fe49159ffd43e805806,text/html; charset=UTF-8
https://mpbd.cu.ac.bd/details.php?id=539,c4a373368f0d0cd30fd2856a.html,200,2026-09-24T18:49:18.964366+00:00,f266eb465da693aa196a48a495e53c0cd41f073bd48441e2f76b0b5f81262caa,text/html; charset=UTF-8
https://mpbd.cu.ac.bd/details.php?id=540,cde423c9459639e1ab9a4ef6.html,200,2026-09-24T18:49:20.060471+00:00,e1041a2285fae7ef39e94044778acc25fedde74ceffbb46b850bcb7ceee258dd,text/html; charset=UTF-8
https://mpbd.cu.ac.bd/details.php?id=541,622fa5f90e772ebac0ad8152.html,200,2026-09-24T18:49:21.135971+00:00,35673ffc4d1db234bb89f90aaecce8f023845288bee445d9d8a3055e26e76477,text/html; charset=UTF-8
https://mpbd.cu.ac.bd/details.php?id=542,562ec6007de7a3035abed8f3.html,200,2026-09-24T18:49:22.661843+00:00,3113ef38469db8778a6ed59e0a49194a858a11903c2337c92932d03d92a3be1c,text/html; charset=UTF-8
https://mpbd.cu.ac.bd/details.php?id=543,98dd9a64f14f8487291fc70e.html,200,2026-09-24T18:49:24.121113+00:00,d6f9c650fb3a6d80ebb4285fbec3a44af6b3f0444d2aa6fbb44eaba5eac6547e,text/html; charset=UTF-8
https://mpbd.cu.ac.bd/details.php?id=544,57221bc913e37d92a01525e3.html,200,2026-09-24T18:49:25.509809+00:00,e93b69830dbb163cbf489b25a3cde3ed84e6b5846f8bc34693cc1be5c89ad370,text/html; charset=UTF-8
https://mpbd.cu.ac.bd/details.php?id=545,d9616f1c5c026ddcf9ac29ce.html,200,2026-09-24T18:49:26.868061+00:00,ba633aed10c0766770de4925e191d5b2c70b561101dce7df46a97c0d5c371097,text/html; charset=UTF-8
https://mpbd.cu.ac.bd/details.php?id=546,fdb7df6bc861ebc715dff558.html,200,2026-09-24T18:49:27.952855+00:00,301290ec09395cafd41388d003e6f8c383257f8dbe439f007eb02e2aa8b7304b,text/html; charset=UTF-8
https://mpbd.cu.ac.bd/details.php?id=547,6a06709534c4e7fd77a01c2b.html,200,2026-09-24T18:49:29.244557+00:00,4c4d9d63b967b676b09756e3283c8ae6ca923664fd2c9d081e41cd7408570f63,text/html; charset=UTF-8
https://mpbd.cu.ac.bd/details.php?id=548,d1f1b93907032d46d4c0956b.html,200,2026-09-24T18:49:30.775136+00:00,e9ee852dacf1b89ac1f23b1dba9a969c804930edaa7d2508b824f70b92a6f240,text/html; charset=UTF-8
https://mpbd.cu.ac.bd/details.php?id=549,273b38bf244323b3e6016d16.html,200,2026-09-24T18:49:31.952644+00:00,3dcfdc29d3a9660760a317ced1e990796695cb66907ac2afec4d4e3331dd97d2,text/html; charset=UTF-8
https://mpbd.cu.ac.bd/details.php?id=550,2ad6d0ac5c86a9638ecfaff4.html,200,2026-09-24T18:49:33.001330+00:00,fa34324d2c504c6b10610f6e25461b3288c28b01305e69653aa798d2e344dbf7,text/html; charset=UTF-8
https://mpbd.cu.ac.bd/details.php?id=551,cd9caa3e6413d3698d4e55b7.html,200,2026-09-24T18:49:34.184173+00:00,d892a80b99db1da880b2be427b3b5027a754b13ffeca83af0d70bd25650447da,text/html; charset=UTF-8
https://mpbd.cu.ac.bd/details.php?id=552,613c56a5656a9f3d5946839a.html,200,2026-09-24T18:49:35.311819+00:00,c69c98d9cea5d9e6da8f74460a27bbd22b223b872379797a3dc26f6f28c3921b,text/html; charset=UTF-8
https://mpbd.cu.ac.bd/details.php?id=553,45323e32644981980fce6ea2.html,200,2026-09-24T18:49:36.699673+00:00,d2e4561b12fe37e3714c43c51c8e6d075847721c318511b25da3f6d9d9891323,text/html; charset=UTF-8
https://mpbd.cu.ac.bd/details.php?id=554,c91822a29a0141d96198a36d.html,200,2026-09-24T18:49:37.762487+00:00,0d175c7cb54560303c9b4e86fd1914164f1d3c1caa32b58e792f94dcc7f55983,text/html; charset=UTF-8
https://mpbd.cu.ac.bd/details.php?id=555,2e1bf462a36e4c8ac5fcac03.html,200,2026-09-24T18:49:39.205650+00:00,c7073121041471e0bcfdac9effd28884534f5c480cceb1b2c4f1a1871df397cd,text/html; charset=UTF-8
https://mpbd.cu.ac.bd/details.php?id=556,07f367359ceb2467e9ebe330.html,200,2026-09-24T18:49:40.597517+00:00,7514bf026c7c8af3d0a207944812b939b7c8c725fb98a9a4ad358ac3d098e597,text/html; charset=UTF-8
https://mpbd.cu.ac.bd/details.php?id=557,75f6d4d71e2934407ffc572d.html,200,2026-09-24T18:49:41.906609+00:00,71bece2f3cd0a1ac2f473712bda4c1d9f32c2b749369f4fa209aa582ea28f80a,text/html; charset=UTF-8
https://mpbd.cu.ac.bd/details.php?id=558,8b0ee368b37f648ee38ab7e1.html,200,2026-09-24T18:49:43.318299+00:00,133e60eb4c6350ca6ed4dbe8af2a8910ab8a9d58af08c0e88ab4b51c79ca781d,text/html; charset=UTF-8
https://mpbd.cu.ac.bd/details.php?id=559,a102216676907f1127ba6edc.html,200,2026-09-24T18:49:44.392107+00:00,7739e21d35a8e8c00795d90161f1312cd0993b097a27782c6e0d394acc91e3c1,text/html; charset=UTF-8
https://mpbd.cu.ac.bd/details.php?id=560,3c815da7dc327c31f7c9c655.html,200,2026-09-24T18:49:45.555877+00:00,a3050f4bbe1eb15caebb24facac37fe2fddbe756f864ce386b6c2cb90f8f193e,text/html; charset=UTF-8
https://mpbd.cu.ac.bd/details.php?id=561,f244312dea4106a2e9d175c7.html,200,2026-09-24T18:49:46.653895+00:00,019f1e937583a2923b11ea7d889d1bf2c5711666562a417f69ba8ddebc4886cd,text/html; charset=UTF-8
https://mpbd.cu.ac.bd/details.php?id=562,c37f4a71270e70dc59911dd8.html,200,2026-09-24T18:49:48.075026+00:00,5dede079d4612c0823036917bf6303f10dd98974e5f6e63717b4eb26a039d442,text/html; charset=UTF-8
https://mpbd.cu.ac.bd/details.php?id=563,051a4c713f3f36b7708ff8bc.html,200,2026-09-24T18:49:49.248536+00:00,aff0983937bbc85965c7637e5cd8b3fcb8a3ca357973b3b49d078d18216fcb96,text/html; charset=UTF-8
https://mpbd.cu.ac.bd/details.php?id=564,67b80f064177ea0d429060dc.html,200,2026-09-24T18:49:50.519626+00:00,514d8d29004636f03689086206fc5118d764789eddfbd7dc6149dcf993a4c677,text/html; charset=UTF-8
https://mpbd.cu.ac.bd/details.php?id=565,406532dc49ff3f7ba0cb77eb.html,200,2026-09-24T18:49:51.722911+00:00,043e6adf103ba6f35069e518539e5432c9530e8c0e9c41f3d040419219bd7276,text/html; charset=UTF-8
https://mpbd.cu.ac.bd/details.php?id=566,8b9a216af732c6518cccf695.html,200,2026-09-24T18:49:52.761661+00:00,1e3fd82b1e07882ef2385d128ebd83e8b0c1ba12f6646b94ec9cea4748fa236c,text/html; charset=UTF-8
https://mpbd.cu.ac.bd/details.php?id=567,12aca10cb8793297ed694eb7.html,200,2026-09-24T18:49:53.977502+00:00,92e6f0738f5133c1af0337206720c50ca7903cc9ca6e655c6057a114d0c6f129,text/html; charset=UTF-8
https://mpbd.cu.ac.bd/details.php?id=568,55c5962ff5fc7a4f7e1afd04.html,200,2026-09-24T18:49:55.260228+00:00,ff34f11d60f07372abfd514daf2641f518b7dacfe36eac83c9908ca0f3923556,text/html; charset=UTF-8
https://mpbd.cu.ac.bd/details.php?id=569,f2059c2fad50077f7822328d.html,200,2026-09-24T18:49:56.423583+00:00,eccdc6369d67b117757b04184fbb3387fd0b526e680e7385e9d1cfd2f9394cda,text/html; charset=UTF-8
https://mpbd.cu.ac.bd/details.php?id=570,dfc9eb910b4d06b8701170fc.html,200,2026-09-24T18:49:57.578481+00:00,43b8b57fe9a23a61ff6757a78c39a541f74bf245253497578e47800cbb36c82a,text/html; charset=UTF-8
https://mpbd.cu.ac.bd/details.php?id=571,7976fde0a47f44f7627ba817.html,200,2026-09-24T18:49:58.941217+00:00,56aefd722e896e4215c60e67a95df6c41081bba67ae0a433749545e81b865333,text/html; charset=UTF-8
https://mpbd.cu.ac.bd/details.php?id=572,c17213f1081c2e762b12311e.html,200,2026-09-24T18:50:00.072790+00:00,97280b9cf4ee071c0c0201f9783b56a8b736d578739d445f48c15e7284cef711,text/html; charset=UTF-8
https://mpbd.cu.ac.bd/details.php?id=573,46e250d012202ffc08de5f67.html,200,2026-09-24T18:50:01.328025+00:00,252036fa907d248b9dc05513bfd0e73626bed05b98336e546b55ef9b3457157e,text/html; charset=UTF-8
https://mpbd.cu.ac.bd/details.php?id=574,397aac2caf0a1463da075518.html,200,2026-09-24T18:50:02.366066+00:00,c4353c5ba282c8fb102f4962607179d216780c98e6e987f48e2f17365bfcb9c8,text/html; charset=UTF-8
https://mpbd.cu.ac.bd/details.php?id=575,8488d1ecbb8a46f06180cd04.html,200,2026-09-24T18:50:03.495842+00:00,9e2566de9fb85490ccc80421546cc9c72e45f15b40f51bb539111b76e1fe8af5,text/html; charset=UTF-8
https://mpbd.cu.ac.bd/details.php?id=576,92c28a3f65bb2ad86d69d938.html,200,2026-09-24T18:50:04.848367+00:00,5115bad0c1dd1f9e38e9969aa6b4dda75fffb5c356dd2c3757d8ef41a5fd8884,text/html; charset=UTF-8
https://mpbd.cu.ac.bd/details.php?id=577,34d4dd165346c9ee51961d12.html,200,2026-09-24T18:50:06.353713+00:00,54f96a6094e87e1b4acb99256c91c938d22a01cb87008c343ad88743abfad014,text/html; charset=UTF-8
https://mpbd.cu.ac.bd/details.php?id=578,c533b914a194ce3d0ffad284.html,200,2026-09-24T18:50:07.812162+00:00,1c263d340331a97022d6aba4b9d194ca133623e7e42204bbb2d856843c8ef87f,text/html; charset=UTF-8
https://mpbd.cu.ac.bd/details.php?id=579,181dd1d39b2600d266c499ab.html,200,2026-09-24T18:50:09.197892+00:00,1a98afb976a78b0c1c408fc6017604654d3197c6845a2e31931ad325eaca0c4b,text/html; charset=UTF-8
https://mpbd.cu.ac.bd/details.php?id=580,613492f6cc94b1e46bd51551.html,200,2026-09-24T18:50:10.701516+00:00,817254e17d82a49a5a756479c432a81fa2f833b8d77bc6e81e37403dfd5e72b2,text/html; charset=UTF-8
https://mpbd.cu.ac.bd/details.php?id=581,e562ffc4faae12f79831e962.html,200,2026-09-24T18:50:11.778184+00:00,4082ca8c81f974f78a204cf069102d3ba2d6117adbfa7b34bbae5cc80f3ff9c6,text/html; charset=UTF-8
https://mpbd.cu.ac.bd/details.php?id=583,6f377ee794f82bcae4fda71f.html,200,2026-09-24T18:50:13.075193+00:00,cce19c06c029c37d085bfd2bddb5a3d9d17c71d46b343cbac3f46392e74a719b,text/html; charset=UTF-8
https://mpbd.cu.ac.bd/details.php?id=584,9c1dc41f7fb7b27ded6b9f9c.html,200,2026-09-24T18:50:14.466454+00:00,50d2c98269a0cf8f9f4565abeefc3d20a7434a3ff016af84c14813c122dacdfd,text/html; charset=UTF-8
https://mpbd.cu.ac.bd/details.php?id=585,30655c8510fd32e60d42c314.html,200,2026-09-24T18:50:15.524074+00:00,73608e948c115b0a995b542efc00982d601561bc2ddb56a4af496fd9af3c021a,text/html; charset=UTF-8
https://mpbd.cu.ac.bd/details.php?id=586,50685b796ceae80ad3629247.html,200,2026-09-24T18:50:16.640957+00:00,de033a04b1f622cc53ffc63df550413de718696ef172a10e1cee9fc38a1a26db,text/html; charset=UTF-8
https://mpbd.cu.ac.bd/details.php?id=587,a637873420f7120371008681.html,200,2026-09-24T18:50:17.858559+00:00,b0e866d450a0152c2aed4388601830f13d7893b4671be64982c0ea07dea6cfb8,text/html; charset=UTF-8
https://mpbd.cu.ac.bd/details.php?id=588,fb53545e328d917e304d1410.html,200,2026-09-24T18:50:19.141462+00:00,5182917adae39de53dc5bd1db120b3f14264d9edc1a7eb7fdd0733f5fea8c0c7,text/html; charset=UTF-8
https://mpbd.cu.ac.bd/details.php?id=589,2a1ec7cabe97497581cbcb39.html,200,2026-09-24T18:50:20.252775+00:00,bb0cea1b50dd78b88e55cbbfce7493eee4ca75f1a319dbcfde63df8bcf09edab,text/html; charset=UTF-8
https://mpbd.cu.ac.bd/details.php?id=590,27d77d4030e3c3c3b12a7683.html,200,2026-09-24T18:50:21.317702+00:00,c8647c8cc3f4461dfb4c8ef4d11830029fc99d3797c24986fa6606302a0d4c2f,text/html; charset=UTF-8
https://mpbd.cu.ac.bd/details.php?id=591,cf8de42a48512ca6fc52eba7.html,200,2026-09-24T18:50:22.703446+00:00,23009ccb95512b848ac3a656c7e683fb27d93d1bf8040c76ce19191c45515a2a,text/html; charset=UTF-8
https://mpbd.cu.ac.bd/details.php?id=592,ce2b6c576f32e0b5cf7d6af2.html,200,2026-09-24T18:50:23.905727+00:00,290eb68ab0a4480d020e821ae78638afb6e2f30e8b7cda142dcbc96c4064c544,text/html; charset=UTF-8
https://mpbd.cu.ac.bd/details.php?id=593,6c2684f0d5c5b52faede6528.html,200,2026-09-24T18:50:25.045740+00:00,c4dbd43b30132e422d76dc8cbaf5eefabbdfd476f3e781a8eaaa997076ea9810,text/html; charset=UTF-8
https://mpbd.cu.ac.bd/details.php?id=594,62cfc07bfe63aa113edc4116.html,200,2026-09-24T18:50:26.282372+00:00,c0dbed5e52d300ac20843fae2a01a923b03ed5c12ce446831c67ebb29a2dffed,text/html; charset=UTF-8
https://mpbd.cu.ac.bd/details.php?id=595,83ef1a18b552714a3fcd89a8.html,200,2026-09-24T18:50:27.457445+00:00,29a73c4487c32eba3fb038dc9fbf7f65b49d992bcddd62e47205398b7c326c3d,text/html; charset=UTF-8
https://mpbd.cu.ac.bd/details.php?id=596,d49592d350a2622c37615dde.html,200,2026-09-24T18:50:28.489356+00:00,a2a5c0a06122cffe17357568eab00dd683227c5d38ae728ba40316c48c36ac6f,text/html; charset=UTF-8
https://mpbd.cu.ac.bd/details.php?id=597,55b9e04cb5390ef4238f1da1.html,200,2026-09-24T18:50:29.769868+00:00,79c0bbceff8396926ade977258fa3d472640f26771b911b7decdce332d933ce5,text/html; charset=UTF-8
https://mpbd.cu.ac.bd/details.php?id=598,15528330878c6d00499cd945.html,200,2026-09-24T18:50:31.072159+00:00,833fc0f13da620f5c476e9ed8e6c172f379f4f5da9d8b7649c1200b05a8addc1,text/html; charset=UTF-8
https://mpbd.cu.ac.bd/details.php?id=599,089a488f7540d21f1eecd724.html,200,2026-09-24T18:50:32.215699+00:00,6ab19ae873f1f48a3130fd95047ca7dcbfac2bc93d03a14dcf9f8c27ebd77a48,text/html; charset=UTF-8
https://mpbd.cu.ac.bd/details.php?id=600,6d8857ce63d5d5553ce30389.html,200,2026-09-24T18:50:33.341454+00:00,a4b7004de332758ee387d5e551953b61ea8df22fe5bba584ca8ff9defbee5b0c,text/html; charset=UTF-8
https://mpbd.cu.ac.bd/details.php?id=601,f37a39e4ed11abc61bb6baf7.html,200,2026-09-24T18:50:34.815596+00:00,644d81037849ae0557ba2798cf64bd8767c95fa7ca410c593c6ae0ef85efb722,text/html; charset=UTF-8
https://mpbd.cu.ac.bd/details.php?id=602,f4bcae7b5b37e8257ef1048f.html,200,2026-09-24T18:50:36.140390+00:00,3432c36a809c7b7ffb6154430b394a312799e335abc0fb6c9be2b3c433c976e2,text/html; charset=UTF-8
https://mpbd.cu.ac.bd/details.php?id=603,059cd11e21ce349bdf809e21.html,200,2026-09-24T18:50:37.382061+00:00,f913d94ea1c6aff84d3c4c6d8867734c4ea7c66343e4c5c40c240415a4f46c69,text/html; charset=UTF-8
https://mpbd.cu.ac.bd/details.php?id=604,9ec85bb7ff5f853113ace1d5.html,200,2026-09-24T18:50:38.480760+00:00,6120124103d78e616bdc242f00bbc9b2cf28558d5fcf6f161e3da91b291c2b14,text/html; charset=UTF-8
https://mpbd.cu.ac.bd/details.php?id=605,f386348ef0238d3cfc93db34.html,200,2026-09-24T18:50:39.650509+00:00,e6858d48793470b43002c6bbfc75a86da97d2fc08a50ab920ceb67fa8dbea4ee,text/html; charset=UTF-8
https://mpbd.cu.ac.bd/details.php?id=606,43d39ba48e945c923a7ed661.html,200,2026-09-24T18:50:41.132643+00:00,8360d6853da73c798c0cd5143753345d0457b4ec1a266cc4debb0787265d0f7e,text/html; charset=UTF-8
https://mpbd.cu.ac.bd/details.php?id=607,5ad6824cd3309675aee04cae.html,200,2026-09-24T18:50:42.395011+00:00,4db0c542b5baadd817e52fcb8f9f83babdaef4a330cd9542a544133ab71c7fde,text/html; charset=UTF-8
https://mpbd.cu.ac.bd/details.php?id=608,5b3361dc8608b90e4ff8d237.html,200,2026-09-24T18:50:43.689088+00:00,5614e0896a5265283f83cb94c4c2674c6895e8bef8cbbefa4a3f25d1173bd003,text/html; charset=UTF-8
https://mpbd.cu.ac.bd/details.php?id=609,47a51b8abd91c68f7cb000ba.html,200,2026-09-24T18:50:44.995508+00:00,e1e04eb2df3ad6da8eb6984a867e0d78ec7c67927488ae47c14dfb9e48db31c0,text/html; charset=UTF-8
https://mpbd.cu.ac.bd/details.php?id=610,cb0da75105669cf379f8694e.html,200,2026-09-24T18:50:46.253445+00:00,0a34d7b9c557548a2d31817960fc0aa1ff7e0401c728e70b002e6644829c692d,text/html; charset=UTF-8
https://mpbd.cu.ac.bd/details.php?id=611,5c3777f1d8e675e2c290c5dc.html,200,2026-09-24T18:50:47.494087+00:00,e8743e0db374cc9705514a31e67e7830be793b71bb7d321e1cf18f2ba9d15c9c,text/html; charset=UTF-8
https://mpbd.cu.ac.bd/details.php?id=612,c052823fec2e6a2e82846a77.html,200,2026-09-24T18:50:48.601476+00:00,949eb7de5fa96649578d9f175752bbea2e60a9daa5e8c261efaec9e73b76b886,text/html; charset=UTF-8
https://mpbd.cu.ac.bd/details.php?id=613,78eda5e1f7143dd1b9392b8d.html,200,2026-09-24T18:50:50.056492+00:00,273b0ee148a5e3a79e6a1e14f4310a09ea3bcd59708b0e583922fe3ec1995a53,text/html; charset=UTF-8
https://mpbd.cu.ac.bd/details.php?id=614,0cfbca8d14c5ee5b38c9b0e0.html,200,2026-09-24T18:50:51.429624+00:00,5d124399b6e10c9040ac36ec5c6c60cf7acfa4515cedab56824895a47317b588,text/html; charset=UTF-8
https://mpbd.cu.ac.bd/details.php?id=615,75e0e144b1d6f163c1d2488f.html,200,2026-09-24T18:50:52.756559+00:00,cd87c910deeaaa5de1bcf1e27f19b96e476df3f0dca0c062008f0561fe9dc2d7,text/html; charset=UTF-8
https://mpbd.cu.ac.bd/details.php?id=616,4336d997963ea822e592966c.html,200,2026-09-24T18:50:54.126852+00:00,6ae6e993ec39c012d516413ff96bb1283a23378cb1ba343cb5f6d7ebb66273c1,text/html; charset=UTF-8
https://mpbd.cu.ac.bd/details.php?id=617,0614be15d0ca86c1afd07d18.html,200,2026-09-24T18:50:55.521743+00:00,69d4a1f1c7f78fe00bbab9c8f5853c5425e484f8a7893fc53b442d55b9ec3c3d,text/html; charset=UTF-8
https://mpbd.cu.ac.bd/details.php?id=618,57b76da5169283fbecb9a9b6.html,200,2026-09-24T18:50:56.734521+00:00,ee5c76374cce75150629c118596340b658308703989448bcfbe897901bdc4ee8,text/html; charset=UTF-8
https://mpbd.cu.ac.bd/details.php?id=619,1808994462b5665fd31665f9.html,200,2026-09-24T18:50:57.850721+00:00,3d5126e353fe74fe9b5a05fe9b145d1394c26a5f009fbc3d6d11f079bf0cd249,text/html; charset=UTF-8
https://mpbd.cu.ac.bd/details.php?id=620,930ef34e172888b8da76727b.html,200,2026-09-24T18:50:59.350930+00:00,1bd1f02196acf0b76ce90f8617bea40a0a68c68220dd5dd76dc463759b1bafc5,text/html; charset=UTF-8
https://mpbd.cu.ac.bd/details.php?id=621,a50a67edf4d3a3a1964f4fc9.html,200,2026-09-24T18:51:00.660041+00:00,116ca668a620a3ab64030215b27dced858b6cc109fdf6b977dfdfeb6841dcf5a,text/html; charset=UTF-8
https://mpbd.cu.ac.bd/details.php?id=622,59759f645baee8ccd4b95d0e.html,200,2026-09-24T18:51:01.753894+00:00,e1767292924f6d463a0e75f8f50b6ccdb66d7b09f614d45ab157b9dda03eb108,text/html; charset=UTF-8
https://mpbd.cu.ac.bd/details.php?id=623,f86e4ad2d11b7c5725eb4fba.html,200,2026-09-24T18:51:02.886729+00:00,a0dec2ec9fab2559d79bc2e63deda78e76d65bede5c5e9d721d1898e5dfdbde0,text/html; charset=UTF-8
https://mpbd.cu.ac.bd/details.php?id=624,52710f31ec9e0d69634be2b9.html,200,2026-09-24T18:51:04.288936+00:00,578c0804835183d54b0700224da3db0ec903a25f893d9bc1beb61cde28111d2d,text/html; charset=UTF-8
https://mpbd.cu.ac.bd/details.php?id=625,aae4fd7258603bb6d4940ad8.html,200,2026-09-24T18:51:05.364489+00:00,41f2f980dec476f43c64f9f329fa6af584af7261f14cac07b2905ebf826b983d,text/html; charset=UTF-8
https://mpbd.cu.ac.bd/details.php?id=626,bd488f5c6670a52e98fd2d51.html,200,2026-09-24T18:51:06.795590+00:00,79b07299b91dbf36792b79f8dda11822a7740f30fffed81c9a8c18acf5519689,text/html; charset=UTF-8
https://mpbd.cu.ac.bd/details.php?id=627,1c87630019d672f652cff27e.html,200,2026-09-24T18:51:08.202841+00:00,51f0561a28533d5baa40dbdb7eb94553b86d9b82e664895906820008942c8023,text/html; charset=UTF-8
https://mpbd.cu.ac.bd/details.php?id=628,9d4cdf59c7d4572823e130af.html,200,2026-09-24T18:51:09.535489+00:00,ab18b17503cff9399798b42db3a37ea4fd37df8825a0297e851bfec7523a8d4a,text/html; charset=UTF-8
https://mpbd.cu.ac.bd/details.php?id=629,54e4b657215dd84d0c704348.html,200,2026-09-24T18:51:10.909268+00:00,1f90d66f5e60ad59ff877acff62c12c721fa28bf6519963e97e1df4d9b1e602e,text/html; charset=UTF-8
https://mpbd.cu.ac.bd/details.php?id=630,4806271ce892920612b39b36.html,200,2026-09-24T18:51:12.086670+00:00,f44d834984f01d43f939d16cda39bc969ba38fa00b752729c11f9b4fa0b020ce,text/html; charset=UTF-8
https://mpbd.cu.ac.bd/details.php?id=631,bab6b0fa9d1af64bc411cf1d.html,200,2026-09-24T18:51:13.324966+00:00,8aedcf04bc1c7ff13b5aa85df9eb791037e583f89febe484dfa71b56c2d44781,text/html; charset=UTF-8
https://mpbd.cu.ac.bd/details.php?id=632,6af3e4081722eb4e774fa82a.html,200,2026-09-24T18:51:14.735805+00:00,1d54ce6bee767d4fc481f28f319bc4bbe1823a7d01bfb7ff3872b2721f13cb08,text/html; charset=UTF-8
https://mpbd.cu.ac.bd/details.php?id=633,264a97ce5f9dc5fa272a22a8.html,200,2026-09-24T18:51:16.091436+00:00,e7e24d48b286d051e92988ed418d659c024a16ca135adc5c7123fc61d10104a1,text/html; charset=UTF-8
https://mpbd.cu.ac.bd/details.php?id=634,b5186931068f88225cf1a3d5.html,200,2026-09-24T18:51:17.364564+00:00,3bc3104ab548e77bcc3ede4f4e7fac0ac06f629da4221f7331fd4531f67a8b6e,text/html; charset=UTF-8
https://mpbd.cu.ac.bd/details.php?id=635,3bef4890a4ad71fd5df3b837.html,200,2026-09-24T18:51:18.726159+00:00,9e44bc7f56d53edb9e617ac76844cdcdfff4ee2ff7e275daee063875a4d6f947,text/html; charset=UTF-8
https://mpbd.cu.ac.bd/details.php?id=636,39794273d0ba44e69e6b8ecb.html,200,2026-09-24T18:51:20.184484+00:00,ebf11e0345f5fe2de262cfc16ecfda5295218d306ec2b078d6a5dc598fef3d7a,text/html; charset=UTF-8
https://mpbd.cu.ac.bd/details.php?id=637,221f18920c18dd88195a3c72.html,200,2026-09-24T18:51:21.298263+00:00,191379afa652cca5cfcc79462f3e8327085058ea684f9aeef4b8e5c6a0834dac,text/html; charset=UTF-8
https://mpbd.cu.ac.bd/details.php?id=638,30036bd7bc85266206db3cc6.html,200,2026-09-24T18:51:22.424153+00:00,d35eb87696b3b89cb65e96316bf43df8f76448697418346f7d55a109ba42da46,text/html; charset=UTF-8
https://mpbd.cu.ac.bd/details.php?id=639,d33be980eea58c435ead76e3.html,200,2026-09-24T18:51:23.896028+00:00,52b55cd932c75c239f15f643428a3d7f9e25fbc9af564291d2bd04b9d2118c64,text/html; charset=UTF-8
https://mpbd.cu.ac.bd/details.php?id=640,cb9257b5e5b227a1d86c1984.html,200,2026-09-24T18:51:25.422746+00:00,608a9a6ed55a8400674fbfbd0ddbc0d6127080c0f3fc511f2fa02686017172da,text/html; charset=UTF-8
https://mpbd.cu.ac.bd/details.php?id=641,0097f3f3b3b2e1aa7855a093.html,200,2026-09-24T18:51:26.914751+00:00,73c562abaf7062a17af53d4f2baa5114ce540274a0ab62b601a9427eef8d7834,text/html; charset=UTF-8
https://mpbd.cu.ac.bd/details.php?id=642,4e86610ce294c166d1050484.html,200,2026-09-24T18:51:28.295780+00:00,a6adba4063bd0148fb6bdc79d66301683a9406246f06dd5a76064d4c3bf63b7e,text/html; charset=UTF-8
https://mpbd.cu.ac.bd/details.php?id=643,7580968003e09217dbdbda5e.html,200,2026-09-24T18:51:29.411767+00:00,7116119ebef76e6124df89f529320ffb96f9a0f2b8c9bc1755794dbdaac736a5,text/html; charset=UTF-8
https://mpbd.cu.ac.bd/details.php?id=644,410fcfd65ceb822662091827.html,200,2026-09-24T18:51:30.866738+00:00,f30a96d2369bdb3eb183357a540eff98304eb60a403de636ca3c3dee797ea4ea,text/html; charset=UTF-8
https://mpbd.cu.ac.bd/details.php?id=645,df69593e75ea151457d32b1c.html,200,2026-09-24T18:51:32.354914+00:00,bd73e67348fbf46ff5889f22f03f04d87ed9f68d0f3dced3fa39a93161e1f5d4,text/html; charset=UTF-8
https://mpbd.cu.ac.bd/details.php?id=647,76486190a27b0580c6929ebf.html,200,2026-09-24T18:51:33.813561+00:00,28a089f4e8f0a10d0633878426b13cdbe96ad60db9a12de00434586f6b11c18b,text/html; charset=UTF-8
https://mpbd.cu.ac.bd/details.php?id=648,cef604e8f13e5e0a45a4edf3.html,200,2026-09-24T18:51:34.888440+00:00,a60ffeb7ca93d6ed61aaa019472d2afcbcfb18add195bf958cfafd58e4cb81d5,text/html; charset=UTF-8
https://mpbd.cu.ac.bd/details.php?id=649,4a4a185685aed1c3c5c88df9.html,200,2026-09-24T18:51:36.023516+00:00,c814f20a2bf6ce3225e7a47d360aa5f802c09573d59baa12e86bfeebd88a7bc4,text/html; charset=UTF-8
https://mpbd.cu.ac.bd/details.php?id=650,8473782fb4ffebac687ef430.html,200,2026-09-24T18:51:37.485676+00:00,50654821ab9b0fcce02a520029db538123c2a52b79ba089ce91d2c03f7d346a0,text/html; charset=UTF-8
https://mpbd.cu.ac.bd/details.php?id=651,099a82013cf840dff925078e.html,200,2026-09-24T18:51:38.798781+00:00,906ded52bccbca1815a10b444a4fc2e01596703d3f3080781032affe43e0238c,text/html; charset=UTF-8
https://mpbd.cu.ac.bd/details.php?id=652,f269bab0d42ef60b36a22ae1.html,200,2026-09-24T18:51:40.003842+00:00,8790f5f28043f7305e0de9a3acbb2763f46b139cf390fca35208b2025d51cb1b,text/html; charset=UTF-8
https://mpbd.cu.ac.bd/details.php?id=653,9b8540b3be884cfbea236a7d.html,200,2026-09-24T18:51:41.262161+00:00,e3c03acd577352daea11fbf9f60e1b831607b1849c629addbeaa65da7b23ebd0,text/html; charset=UTF-8
https://mpbd.cu.ac.bd/details.php?id=654,414d0e585ee76667e4226ed0.html,200,2026-09-24T18:51:42.699944+00:00,db86c9185e302caa10df5f10590f44f37511d55a5782021905f93ea8839a0249,text/html; charset=UTF-8
https://mpbd.cu.ac.bd/details.php?id=655,6121c2e9e949527dbaf55bcb.html,200,2026-09-24T18:51:43.873100+00:00,fc6d56256755d8fe097244e25aad36feed2941f2060f862af1971e86943c2064,text/html; charset=UTF-8
https://mpbd.cu.ac.bd/details.php?id=656,de07031497197f068f30a6a0.html,200,2026-09-24T18:51:45.142875+00:00,0d7201092ee792879ea8ad990f6946a71ef0f6a593075e97f119421ca01b3187,text/html; charset=UTF-8
https://mpbd.cu.ac.bd/details.php?id=657,524f04cea3468baddf8ae122.html,200,2026-09-24T18:51:46.248079+00:00,bff3609472092d90ce3d457a6ce3f5367f20e1421866984961cf74462921d9a1,text/html; charset=UTF-8
https://mpbd.cu.ac.bd/details.php?id=658,9df515925663240bc2d0a1ba.html,200,2026-09-24T18:51:47.338712+00:00,9369c6046d1d82200780527031cbffc640fe0b97a77ece25492267f03904559e,text/html; charset=UTF-8
https://mpbd.cu.ac.bd/details.php?id=659,97202985135fbb500c5c7896.html,200,2026-09-24T18:51:48.617713+00:00,a4e37e058b1b1beab4219dbc96fe670ad016e7365d45b0d0f3bbaf66b7dc36aa,text/html; charset=UTF-8
https://mpbd.cu.ac.bd/details.php?id=660,a612e0d55d2235d5644ed1eb.html,200,2026-09-24T18:51:49.802743+00:00,295c47913db45d9e0d0bca6a2d1a65b4bf61296bd35565b472e21f50bae76c54,text/html; charset=UTF-8
https://mpbd.cu.ac.bd/details.php?id=661,a4cfeba0b21554c3e58fed0f.html,200,2026-09-24T18:51:51.132300+00:00,f5c60b6fecd28abbbab2a8f0f67a6e63af1b5fd21f6c4b3c7af6784080694da6,text/html; charset=UTF-8
https://mpbd.cu.ac.bd/details.php?id=662,e73b04b778be4403c479b26b.html,200,2026-09-24T18:51:52.174621+00:00,244db9291fd1a0a826f8096183d7e4f377a93dae1c629cb70c3a372b9df15872,text/html; charset=UTF-8
https://mpbd.cu.ac.bd/details.php?id=663,bf991172c9f4673d5c30a042.html,200,2026-09-24T18:51:53.695637+00:00,f4f01566b23dc7c66b9e39c4f87ffb8b44e1d05b426a4fd30146f1c5b4cfe20a,text/html; charset=UTF-8
https://mpbd.cu.ac.bd/details.php?id=664,fb5165f05510eb451145f6b8.html,200,2026-09-24T18:51:54.945476+00:00,573829c1a563a644446e36420445e1babc41d8e0851c9b7216157a7c000c6910,text/html; charset=UTF-8
https://mpbd.cu.ac.bd/details.php?id=665,89827f050cf35f7949dfc5ea.html,200,2026-09-24T18:51:56.266169+00:00,d78e1eb94bb747ca96a0bfad0349b7146a922b0f8c12805c98e54115100990bc,text/html; charset=UTF-8
https://mpbd.cu.ac.bd/details.php?id=666,2efb6eaeea0136e8f34c7ce6.html,200,2026-09-24T18:51:57.761431+00:00,10998f7c2e5c72c2564317d30e4f30e150aae14e019295d11826b593b6b18ed5,text/html; charset=UTF-8
https://mpbd.cu.ac.bd/details.php?id=667,24c2c4529729918b944093fa.html,200,2026-09-24T18:51:58.906169+00:00,68b84cc9a64f5741a4cb2f532daba134f39e7d476250d256fd2fd757e1ddc514,text/html; charset=UTF-8
https://mpbd.cu.ac.bd/details.php?id=668,3ecca8c13826ff52889dc44a.html,200,2026-09-24T18:52:00.398586+00:00,062c85fbbf1120ec7c52119233a63bf6486dc3c40af5900ae06ef67126db778d,text/html; charset=UTF-8
https://mpbd.cu.ac.bd/details.php?id=669,da2e25829903db8b25acb71d.html,200,2026-09-24T18:52:01.582443+00:00,fa7a3b453b4930cb1b108cad730af676e1a4ba456e0b2a6df93299e884c1858f,text/html; charset=UTF-8
https://mpbd.cu.ac.bd/details.php?id=670,0cc6d3c4599350e8134047c3.html,200,2026-09-24T18:52:02.700505+00:00,07e6f2143c1dd8bbbe34810f4d00ba8a795123b2f3314d00d93c65db64ea3af9,text/html; charset=UTF-8
https://mpbd.cu.ac.bd/details.php?id=671,5109d51616ceaf1750d73d38.html,200,2026-09-24T18:52:03.968094+00:00,bc48c77c7398ebdb77d1e01c148d4b8a24183aea3d62f84f8f4110968075d446,text/html; charset=UTF-8
https://mpbd.cu.ac.bd/details.php?id=672,6a805234d941a5604301f9dd.html,200,2026-09-24T18:52:05.148979+00:00,1c53c49be2e7e25092e664b004e3b2fd90461bb9922648b2ca1e88dc5875a1b7,text/html; charset=UTF-8
https://mpbd.cu.ac.bd/details.php?id=673,aac49881bebf4cc65c8a1f27.html,200,2026-09-24T18:52:06.195664+00:00,d543bf7b4a24ebd6c96b7f09e3057410374843f9cd85198cc75b92620d3d86d6,text/html; charset=UTF-8
https://mpbd.cu.ac.bd/details.php?id=674,930285887657fcce95d45c17.html,200,2026-09-24T18:52:07.661053+00:00,972d6249b084930cc9794259a309c6a3cb3ef26304e662357032e6114ba5e201,text/html; charset=UTF-8
https://mpbd.cu.ac.bd/details.php?id=675,2e3121ddf798b97d6a253c37.html,200,2026-09-24T18:52:08.824504+00:00,7e2317092e5ef901c26d3eb328dab0f0e074359e33cccc41433abcf0e1ef8a7d,text/html; charset=UTF-8
https://mpbd.cu.ac.bd/details.php?id=676,4769c6425c6faa364793cde2.html,200,2026-09-24T18:52:10.251730+00:00,e2a6319b37a989a7e301379961f440c56ebd587f25701d4b128e090bced48b07,text/html; charset=UTF-8
https://mpbd.cu.ac.bd/details.php?id=677,f294880709bc2a16b86c5d4d.html,200,2026-09-24T18:52:11.437346+00:00,f1b35bfdf9e7fd09dbd27f0281ea986d8c7f3737a34f6e1b6eb91bebe017c4b5,text/html; charset=UTF-8
https://mpbd.cu.ac.bd/details.php?id=678,aca4e0b980eadbf62b6e717d.html,200,2026-09-24T18:52:12.846908+00:00,139ca8f58ec7c39d8d6f551b48f1f0d5bbca9ebec9235b12b7d63171dcc66e38,text/html; charset=UTF-8
https://mpbd.cu.ac.bd/details.php?id=679,b1a4d0e5714cd58c070517f7.html,200,2026-09-24T18:52:13.894876+00:00,a0bfb964a6645ca26c192b44607e62761a3efa01a93f11ba9a4cc0b7dc3a2958,text/html; charset=UTF-8
https://mpbd.cu.ac.bd/details.php?id=680,651cd6f2b3b6f1305021aaac.html,200,2026-09-24T18:52:15.276074+00:00,37bfa6e7e0ba97204982706567a42790f9354de68ee8247326605b5ef67da977,text/html; charset=UTF-8
https://mpbd.cu.ac.bd/details.php?id=681,19eb17234ebc562b8785fb57.html,200,2026-09-24T18:52:16.405497+00:00,08f33648ef9970efff9df8a4a760e164fff1f75ba229308f003beff59ed6a4c9,text/html; charset=UTF-8
https://mpbd.cu.ac.bd/details.php?id=682,c7dc8d0b9fe3095e8f927ff1.html,200,2026-09-24T18:52:17.707249+00:00,376cbbf68b1180b131f3e7e144fc4f29a8029cd65ed1a614704b6b5c2f3ad057,text/html; charset=UTF-8
https://mpbd.cu.ac.bd/details.php?id=683,94a7103cc1a7475bee4a4c91.html,200,2026-09-24T18:52:18.939491+00:00,9f6475ba1cb2c6c8165c3a9e30d55165f813757ce825a4f2c04d94390bd038a3,text/html; charset=UTF-8
https://mpbd.cu.ac.bd/details.php?id=684,ae8195b7149e8d3da9977f68.html,200,2026-09-24T18:52:20.461794+00:00,4cddb70bf6e95dfe9674468334735b0ccdaf9b2ef302148a1245daf00296ad0f,text/html; charset=UTF-8
https://mpbd.cu.ac.bd/details.php?id=685,d36ec90495eeff2f26decea8.html,200,2026-09-24T18:52:21.803957+00:00,78d6beee4f7eabd9552c94860e146ebc3656f0669614e2e6f29db84a8f4d4859,text/html; charset=UTF-8
https://mpbd.cu.ac.bd/details.php?id=686,4a3fce9dd393428556f0b315.html,200,2026-09-24T18:52:22.885272+00:00,3446dfc60ffb042020b07e1200c73d787a2f46e6628efd79e661d357c420d991,text/html; charset=UTF-8
https://mpbd.cu.ac.bd/details.php?id=687,807d99e85570d6b16d39348a.html,200,2026-09-24T18:52:24.315177+00:00,9854b5f8f85a0171955f5e870ffc8cc7f85ed198d9c048cd071bdd70b256430c,text/html; charset=UTF-8
https://mpbd.cu.ac.bd/details.php?id=688,2cb5527b2bff55a543555cf6.html,200,2026-09-24T18:52:25.605947+00:00,f12a68a4ffaaf8da80df34d0e31da487709ca05f691d775b3809e8eba0567cdc,text/html; charset=UTF-8
https://mpbd.cu.ac.bd/details.php?id=689,adb881ef8da2eff880129c22.html,200,2026-09-24T18:52:26.973067+00:00,2bed6a6bcd32bd200e8a747a2cee9a067f97b16e4c262c9f09976e02f10af937,text/html; charset=UTF-8
https://mpbd.cu.ac.bd/details.php?id=690,a23cd9d0d401846ef0c4eef1.html,200,2026-09-24T18:52:28.204906+00:00,e1495ede81d6fe4cdd5f25a212a48ee81619cf7cec632240af2f1ce38a41c02a,text/html; charset=UTF-8
https://mpbd.cu.ac.bd/details.php?id=691,6fad0a65b5d042b792dd5574.html,200,2026-09-24T18:52:29.384188+00:00,0b083e4470711fe839e6321027a2542338fcfc75d88f8a2cc0887bdbf3a75217,text/html; charset=UTF-8
https://mpbd.cu.ac.bd/details.php?id=692,84ae783b4e2fe0e5b3f1235c.html,200,2026-09-24T18:52:30.411823+00:00,4cdcb088c015ca5086648a2df5cf56c9290c23edaa93590b6532cf967ca06a5e,text/html; charset=UTF-8
https://mpbd.cu.ac.bd/details.php?id=693,d10c94512653468b0c66b4d4.html,200,2026-09-24T18:52:31.921995+00:00,3e2f28d5a3534958bf7fd6a44d8dbdbabaeecf33952c862ea2b13facf3540265,text/html; charset=UTF-8
https://mpbd.cu.ac.bd/details.php?id=694,6c8b2c4b26b2d088748ad90b.html,200,2026-09-24T18:52:33.262006+00:00,3bf4f250cf3702a3085e78dfb289fe4504151a23419a1591e5e5b6f23de61797,text/html; charset=UTF-8
https://mpbd.cu.ac.bd/details.php?id=695,9fddb5cab76c5c6dbaab5cae.html,200,2026-09-24T18:52:34.494510+00:00,6a06cd23cec8a12c8a7d484d5244a8e4feec19004707f00d6030e4adabb84713,text/html; charset=UTF-8
https://mpbd.cu.ac.bd/details.php?id=696,c71b18735918c01f54c6697c.html,200,2026-09-24T18:52:35.829618+00:00,d23bef3d7e25c70318e97b9a2f7020ab8a6bb1eef7337eb20aad5e2ac9f8dc98,text/html; charset=UTF-8
https://mpbd.cu.ac.bd/details.php?id=697,3da0e376f6b241d62bd301ed.html,200,2026-09-24T18:52:37.196266+00:00,1654b655fc5d8b0c80c3b0edb25c09a1937ebbce551ef5128f5c3ff7b8646e63,text/html; charset=UTF-8
https://mpbd.cu.ac.bd/details.php?id=698,06c6a9051891529ef2b3d356.html,200,2026-09-24T18:52:38.613235+00:00,c02580d0f1bc9f169dfa5998ad142a9a8655a70af1b0732a906d7c13a869d9fc,text/html; charset=UTF-8
https://mpbd.cu.ac.bd/details.php?id=699,d5edb1092f8565e5f51d0cfc.html,200,2026-09-24T18:52:39.773087+00:00,0e8a0bb86df7ec66628c687c2c92d8e81ff1c819114c3129d1db62e9eb9542e5,text/html; charset=UTF-8
https://mpbd.cu.ac.bd/details.php?id=700,094b9d4f62050341c4a3c1cf.html,200,2026-09-24T18:52:41.059778+00:00,b0156c13aa264f9cc70c387d0c36c134c1d46df4b257bf514f8687a37f0c6ec8,text/html; charset=UTF-8
https://mpbd.cu.ac.bd/details.php?id=701,3f6b5f1f57a684e3cb917fe2.html,200,2026-09-24T18:52:42.221812+00:00,9af2f33586a7d5d0fc3676ed85024c392a7f136d19be3c0452d0f9a7b4143f64,text/html; charset=UTF-8
https://mpbd.cu.ac.bd/details.php?id=702,8564f25172604d1db9538956.html,200,2026-09-24T18:52:43.682258+00:00,c150bdce085ca4487a4d6e7910623da4eae6ccf0c74af16a152d8fec0cd44ab1,text/html; charset=UTF-8
https://mpbd.cu.ac.bd/details.php?id=703,8c31928dd6b16aae37ed7fe0.html,200,2026-09-24T18:52:45.047540+00:00,5b583c1ddb1990b3378199d5ae49d7ce5cfd29e0c53abadeaab2755694e0edbb,text/html; charset=UTF-8
https://mpbd.cu.ac.bd/details.php?id=704,ce084c07230a863c75ac972c.html,200,2026-09-24T18:52:46.569313+00:00,baaf04793163d95a03a535dcaed1f3e83c408260f0e7d468478e92cb29b2be77,text/html; charset=UTF-8
https://mpbd.cu.ac.bd/details.php?id=705,fb88eda47e3159f1ea4563f0.html,200,2026-09-24T18:52:47.734789+00:00,8c94ddee28d1f73f27284c7a242244c640f0475183325d1ea95bb45dd935698a,text/html; charset=UTF-8
https://mpbd.cu.ac.bd/details.php?id=706,e14dde8678a2881ebbef6f6f.html,200,2026-09-24T18:52:49.060808+00:00,e23abee00be63804bfdefeac85f84de2ed0310c094eea06be1ccf40cbec43c3e,text/html; charset=UTF-8
https://mpbd.cu.ac.bd/details.php?id=707,86b8fc42f1fdd28e351f08cc.html,200,2026-09-24T18:52:50.249549+00:00,0d962a93446563ec94f819762dddb0a5652c9a1a3b5b7a55b12db142a83acdf2,text/html; charset=UTF-8
https://mpbd.cu.ac.bd/details.php?id=708,03bb142a618f34e0f9065c8a.html,200,2026-09-24T18:52:51.762156+00:00,619b335ac958dd3c03ba5fb9fc58432fc9c391e1ae2f77251bf59125c8060adb,text/html; charset=UTF-8
https://mpbd.cu.ac.bd/details.php?id=709,d347f1dc325fc946bdc51b11.html,200,2026-09-24T18:52:53.077958+00:00,485673d84c5873f89e2135832e3ec0f9b9bd5ca186fe12913887ca7b540f9ad9,text/html; charset=UTF-8
https://mpbd.cu.ac.bd/details.php?id=710,344730a272f6c925aa403c30.html,200,2026-09-24T18:52:54.500833+00:00,227dcb8ddf2e6c265d3326cd3af450f94c92c296cbfc83dc55996264902cc252,text/html; charset=UTF-8
https://mpbd.cu.ac.bd/details.php?id=711,521b65105066c5a6863a76aa.html,200,2026-09-24T18:52:55.573875+00:00,3f191b28b0b0ac2d9d5731c05510265a6f96761aa4763d3b007513f3a0af9a3d,text/html; charset=UTF-8
https://mpbd.cu.ac.bd/details.php?id=712,8d16fa83797b3c583a53db4b.html,200,2026-09-24T18:52:57.096290+00:00,c8091a0dbebe2328321e9a8cf22a234b6aad04a981b3b974d7696739d6552ccf,text/html; charset=UTF-8
https://mpbd.cu.ac.bd/details.php?id=713,b4ba3c423b03dd20419f5aff.html,200,2026-09-24T18:52:58.596769+00:00,7eac0b397efb87cc062d4bafb6c98a0c90f0270a61bec96f3640d5e8600ad883,text/html; charset=UTF-8
https://mpbd.cu.ac.bd/details.php?id=714,58343386e03390e116f1757f.html,200,2026-09-24T18:53:00.038141+00:00,810b591de6e7949abe3849f726093594f61ff37aeb23bbb43b974dbc28ef7213,text/html; charset=UTF-8
https://mpbd.cu.ac.bd/details.php?id=715,4893f59b45ca7a3e3233d175.html,200,2026-09-24T18:53:01.378223+00:00,22b5c6d1274149848bf3335fe295dc86078639f6d9600adaf097d1ca8cd8d9c6,text/html; charset=UTF-8
https://mpbd.cu.ac.bd/details.php?id=716,d9efe0031ed27a8dde27d842.html,200,2026-09-24T18:53:02.535849+00:00,bf2621bfc68373bc4599591633eafa85626926ee2e68329f8904abcc984fe56f,text/html; charset=UTF-8
https://mpbd.cu.ac.bd/details.php?id=717,b30960914061b71bc7d4e46b.html,200,2026-09-24T18:53:03.597825+00:00,55e7be65862329f1f7d88e7a1fdd8b28e4a65b03790207e2c11e6bc1baa0d609,text/html; charset=UTF-8
https://mpbd.cu.ac.bd/details.php?id=718,34fde1d0f097bc44f8689a2f.html,200,2026-09-24T18:53:04.835520+00:00,8246ea33e98fc997e1cd7b5a53cb429344b0b88ddb5c7df0d4a0b2d2d73081fb,text/html; charset=UTF-8
https://mpbd.cu.ac.bd/details.php?id=719,d64adca4a5de1951c20dbdad.html,200,2026-09-24T18:53:06.085304+00:00,2839ca9744a6efd1100e355894f42ff7887622ad9b9fbf4d4d7111af33f5e2df,text/html; charset=UTF-8
https://mpbd.cu.ac.bd/details.php?id=720,8c8f11754c36dd95f1b92b5d.html,200,2026-09-24T18:53:07.406764+00:00,2f4864713c3655fca9a156524e205e73094cbc60572727564785fd84d6879f79,text/html; charset=UTF-8
https://mpbd.cu.ac.bd/details.php?id=721,23f92f24b85e8b1d4ad597f5.html,200,2026-09-24T18:53:08.689164+00:00,648e9fce964b4e432a5e61f227da45dcf2df42b2880cfffc7975e14a005a6191,text/html; charset=UTF-8
https://mpbd.cu.ac.bd/details.php?id=722,fe80c2d5d4ebd2043513f85f.html,200,2026-09-24T18:53:09.881005+00:00,eab1e5b042f03638fb04533daabb2282546933eeac8ddf6c3b3c178507deb827,text/html; charset=UTF-8
https://mpbd.cu.ac.bd/details.php?id=723,0ffa25a042dca53e55c25d26.html,200,2026-09-24T18:53:10.940700+00:00,b1a5136c3aba3f0af2a5acc75394c9195cd7788d376c0542e556e9cf37cc0449,text/html; charset=UTF-8
https://mpbd.cu.ac.bd/details.php?id=724,37ef1cc3a31131af67974698.html,200,2026-09-24T18:53:12.100225+00:00,07a462aa6aae0774c915b6ee0661d0a85fee5a36136c10e0c7f3a3e278d627ad,text/html; charset=UTF-8
https://mpbd.cu.ac.bd/details.php?id=725,fb1b476b5d28d4855a469a92.html,200,2026-09-24T18:53:13.429614+00:00,1f0ae2140aa7d733eda803644f513fb8ab63c0abefe5d4d50f7b3faea9786844,text/html; charset=UTF-8
https://mpbd.cu.ac.bd/details.php?id=726,70b631938164c59660c5834e.html,200,2026-09-24T18:53:14.796495+00:00,af5f0a2a7a05a6f7869705572237aa2186faeb877ebb46118b4c8aeda3f1bcb7,text/html; charset=UTF-8
https://mpbd.cu.ac.bd/details.php?id=727,09daf4c22c18fe4e0d183fd1.html,200,2026-09-24T18:53:15.919459+00:00,6997031e36c48b69d4236c40169ba3870c54d091e18603aa93d9ba4e00ac151f,text/html; charset=UTF-8
https://mpbd.cu.ac.bd/details.php?id=728,55cea629e934d4edd8bd9ea3.html,200,2026-09-24T18:53:17.408576+00:00,d11899da47f8032546bec6548001b3f596f9e4d4dd9d7cb12aae432bc082bfeb,text/html; charset=UTF-8
https://mpbd.cu.ac.bd/details.php?id=729,a7178c5dc59db9bbc788cf70.html,200,2026-09-24T18:53:18.903953+00:00,4854f8b9293287f4166cb802d9360289f13a4a8da79bdfb7ba79ffdfb7347eed,text/html; charset=UTF-8
https://mpbd.cu.ac.bd/details.php?id=730,6bcc3e0f1fb0eb58eaab555e.html,200,2026-09-24T18:53:20.370321+00:00,073928a869a0f13ea8a88b575dafd8a68e3bf49998c672b67bfe0d453c5812df,text/html; charset=UTF-8
https://mpbd.cu.ac.bd/details.php?id=731,0fffb904d32b81462e1a2ba6.html,200,2026-09-24T18:53:21.425818+00:00,175b042ceb572c6a8ace6b90de06142367171c4a6f3491bd3ac633132f1912e1,text/html; charset=UTF-8
https://mpbd.cu.ac.bd/details.php?id=732,c00e718a86d807911a9ba9d0.html,200,2026-09-24T18:53:22.689670+00:00,b3d23655a27f61c6911f0d9b8e6549792412e3cd7f9667526c380d4925339904,text/html; charset=UTF-8
https://mpbd.cu.ac.bd/details.php?id=733,7d481e5d631fa723c391ed75.html,200,2026-09-24T18:53:24.036123+00:00,2788f0843b292c6d249f205543d983c7dac8ab3036b61a1d4593d3b32dc33afb,text/html; charset=UTF-8
https://mpbd.cu.ac.bd/details.php?id=734,9f25a2c689a926e78bb4716e.html,200,2026-09-24T18:53:25.466450+00:00,b33fc287b62e9e598e5459bd1971b37e9be50f3f585e07e40bbc815e0f14917e,text/html; charset=UTF-8
https://mpbd.cu.ac.bd/details.php?id=735,8e4fa0477322800533c72cd6.html,200,2026-09-24T18:53:26.542260+00:00,e70c56db78810f62182d8b0b40636a94f6787c45e1268554c8bdf2f503fc0f5b,text/html; charset=UTF-8
https://mpbd.cu.ac.bd/details.php?id=736,6be6ec449b300181596ee10a.html,200,2026-09-24T18:53:27.877064+00:00,da858f023620392337b6241aacabcb8ac1dc5cfc62e17b6e84ef42f9ba2f071a,text/html; charset=UTF-8
https://mpbd.cu.ac.bd/details.php?id=737,1d8fb1d4c61186f000cc195e.html,200,2026-09-24T18:53:29.273513+00:00,bddbbf732f523c5f1efaef76b364263909e6289b0fd36aad03ad1a8046a6f6e2,text/html; charset=UTF-8
https://mpbd.cu.ac.bd/details.php?id=738,8fe7bc1ad3f29a45f7a5d026.html,200,2026-09-24T18:53:30.798052+00:00,a9ffc267ba590b5785176e70ceb9f3f251ab4895269c1e5b3ffca7c6cc088871,text/html; charset=UTF-8
https://mpbd.cu.ac.bd/details.php?id=739,08835f5e6a89f86336ebdc38.html,200,2026-09-24T18:53:31.906524+00:00,2775d7b397ce3c17486a721e54778e3bb375100c9805840f296ee33262f70fad,text/html; charset=UTF-8
https://mpbd.cu.ac.bd/details.php?id=740,56d2153ce8bbf8b4797cf3e5.html,200,2026-09-24T18:53:32.947737+00:00,85010a9da5191d837090e39371a9249e5dd9dd4334152e1d87976e95f76a01c4,text/html; charset=UTF-8
https://mpbd.cu.ac.bd/details.php?id=741,23a5fa72c618021842c93a9b.html,200,2026-09-24T18:53:34.312926+00:00,188f1eba9f90ef53901ba0dd5f9dfe462da7ebe4070cd95f6cd9f09939d1a4b7,text/html; charset=UTF-8
https://mpbd.cu.ac.bd/details.php?id=742,0bd6e8eb4c2ad0ce5fda6d77.html,200,2026-09-24T18:53:35.512609+00:00,5f07fb13f495a13b042e406c00c397241018c19eb0b9a6e1356c308153d86f1a,text/html; charset=UTF-8
https://mpbd.cu.ac.bd/details.php?id=743,d91e6e8a8d619965cae38bcc.html,200,2026-09-24T18:53:36.742688+00:00,4f5d4554604621bc5c81cfc3d9cb1d5616ae54f0fb3d3aa2399bfe00b64c2202,text/html; charset=UTF-8
https://mpbd.cu.ac.bd/details.php?id=745,34f0c695b5da7c1c0ae7213a.html,200,2026-09-24T18:53:38.017851+00:00,76f0e2999e09af9dbaa8b4307b7f2887cf394d76f2b7fa5172b67c50ed66848a,text/html; charset=UTF-8
https://mpbd.cu.ac.bd/details.php?id=746,da0abb01788100944a457026.html,200,2026-09-24T18:53:39.111579+00:00,069d8b131f5484e0adb1318e93b4b659cf29f3d817aee46b4f25a56d0f146d99,text/html; charset=UTF-8
https://mpbd.cu.ac.bd/details.php?id=747,1e7f7c904dbd36f6d50b51be.html,200,2026-09-24T18:53:40.337743+00:00,63d60ddb6987e5a06111f7752781842618a3c3608d0733cba4dfdf04e8284875,text/html; charset=UTF-8
https://mpbd.cu.ac.bd/details.php?id=748,91337d18aa42778075f61936.html,200,2026-09-24T18:53:41.396854+00:00,e16ae07a6cada9f3c6a09db94aca416f6114eb03a7a30c6f2110163b5f78cdff,text/html; charset=UTF-8
https://mpbd.cu.ac.bd/details.php?id=749,946a8fff3f05360a7562bbcc.html,200,2026-09-24T18:53:42.458239+00:00,3e7a2ff2789c2b075eb15877f890abe37b5d977b5fd7476c24fdec96ed902fd6,text/html; charset=UTF-8
https://mpbd.cu.ac.bd/details.php?id=750,598a1bdec3e83d67935c824e.html,200,2026-09-24T18:53:43.595939+00:00,15407c6f46259a8da7146656aea2d66ed4a3708a567346b219d285bae97f8c0d,text/html; charset=UTF-8
https://mpbd.cu.ac.bd/details.php?id=751,c38840776e78636b7d957829.html,200,2026-09-24T18:53:44.886020+00:00,592462d8054c3e80ac0520c67a160056ec3b4bec90fdf559cc11f32498980843,text/html; charset=UTF-8
https://mpbd.cu.ac.bd/details.php?id=752,a9d0492f6b781bc614a38f57.html,200,2026-09-24T18:53:46.125176+00:00,1889d463072bf4ff0a948378b405f1bd2c309c84f478d21feeb1d585478398c9,text/html; charset=UTF-8
https://mpbd.cu.ac.bd/details.php?id=753,7998aee5f24cdaebe62ad284.html,200,2026-09-24T18:53:47.343059+00:00,6bbe4a9f153dcb1ce96292f264255b07a2bcc3f2f9cd20b29d43cf061deeba27,text/html; charset=UTF-8
https://mpbd.cu.ac.bd/details.php?id=754,741275a0e507075baf799eff.html,200,2026-09-24T18:53:48.746461+00:00,25c0035f76362db3a771de199affb7fdde0846f638785d7ffb5246c9adffa839,text/html; charset=UTF-8
https://mpbd.cu.ac.bd/details.php?id=755,5daef7ecce1be71e71a3ae78.html,200,2026-09-24T18:53:49.903932+00:00,d48db3435749ace73f69e85b6c75878ad8ba05386afb54d66605fdae1ef901c8,text/html; charset=UTF-8
https://mpbd.cu.ac.bd/details.php?id=756,c626fa6ef5ca782c0f62320f.html,200,2026-09-24T18:53:51.325570+00:00,a2a1786b4836741ebfffefb99e21a04fdd076b3a897d7a9421e8f085818353b2,text/html; charset=UTF-8
https://mpbd.cu.ac.bd/details.php?id=757,150685e1ef0a693ba19062a6.html,200,2026-09-24T18:53:52.592261+00:00,1c9df389666519671475856240b60e69e47fbb268143b097de5b1b8ea6095e8c,text/html; charset=UTF-8
https://mpbd.cu.ac.bd/details.php?id=758,ede050404f8b004489980109.html,200,2026-09-24T18:53:54.088617+00:00,96658dd981012e1fc39529d7a30a952ecdb92acca797522b6e3ba53c20cb43b0,text/html; charset=UTF-8
https://mpbd.cu.ac.bd/details.php?id=759,30601c1920e06bc1b353fe6a.html,200,2026-09-24T18:53:55.239395+00:00,bd27f81d6c450ae57c6b5f060d9ed55689ab78e9e7c4d75504e90c5d39f8f811,text/html; charset=UTF-8
https://mpbd.cu.ac.bd/details.php?id=760,39857a152b31c51e04b2d06a.html,200,2026-09-24T18:53:56.522277+00:00,d411ce0524305caa78262013eca90c722990076b28a3b2e2d6c98fe07b33ea12,text/html; charset=UTF-8
https://mpbd.cu.ac.bd/details.php?id=761,ad98e9aaffb0958d6113fd20.html,200,2026-09-24T18:53:57.854062+00:00,625026acd447c298a84ad518147f8be2ff41e2c208786efc50cd65675d62d169,text/html; charset=UTF-8
https://mpbd.cu.ac.bd/details.php?id=762,eeec8d788ef35c706b5d6c6d.html,200,2026-09-24T18:53:59.264464+00:00,a75c07f90f930cda787770c31b3585bf1e4239ca74ca81680e8be1c224d9b776,text/html; charset=UTF-8
https://mpbd.cu.ac.bd/details.php?id=763,f4b5c490b12d87dae7149673.html,200,2026-09-24T18:54:00.788952+00:00,06ca5b11ec781ea5f5c8f613443475ecc4fe96e77af20a6446654a448b92e2bf,text/html; charset=UTF-8
https://mpbd.cu.ac.bd/details.php?id=764,4a4c5c73d7226548dc144202.html,200,2026-09-24T18:54:01.999653+00:00,832dfd5ab13e310ed71a4f0691bf96e336fe8d3486e37b1e56a4340397536a46,text/html; charset=UTF-8
https://mpbd.cu.ac.bd/details.php?id=765,f3f9ba55a33bb87b066e9868.html,200,2026-09-24T18:54:03.360034+00:00,e34e7aa0fddea935499c6e9b4484cde1d3e40dab01ec82158cb0cc26d25d8476,text/html; charset=UTF-8
https://mpbd.cu.ac.bd/details.php?id=766,35bf5ff7d2a0c4b8e0ca5115.html,200,2026-09-24T18:54:04.771092+00:00,0376eff925b1be6da20ab5d9f5707dd31917ff467eb4ee4084dbd088dc127fac,text/html; charset=UTF-8
https://mpbd.cu.ac.bd/details.php?id=767,b385f3b87258e509e577ab2b.html,200,2026-09-24T18:54:06.032283+00:00,ebf2b4251580118130cffef180776948515c1dbee0b6d0d472dd485cfdbdada9,text/html; charset=UTF-8
https://mpbd.cu.ac.bd/details.php?id=768,01273ba5a134e11585e9c6b9.html,200,2026-09-24T18:54:07.331855+00:00,e3694efad0f089421e28dfbfd0ca544b7d376b184181d598fa2b60c2e9d02699,text/html; charset=UTF-8
https://mpbd.cu.ac.bd/details.php?id=769,bd7bbd793ed80d548cf6cad7.html,200,2026-09-24T18:54:08.691830+00:00,06e58c7f5c5fb98c476f14b3ae736dc69ac68a6f66ebb78a4cf5bbddaf4aa52b,text/html; charset=UTF-8
https://mpbd.cu.ac.bd/details.php?id=770,8c90da060e5af079dc8a6d94.html,200,2026-09-24T18:54:10.043848+00:00,e161315456bd651b0aaa9b58c1e3f2c78f5af7d9b1bf5eb5d24c5602041a948d,text/html; charset=UTF-8
https://mpbd.cu.ac.bd/details.php?id=771,4bf4cd3fca266ac264a815a0.html,200,2026-09-24T18:54:11.391934+00:00,9f1479bab3cee69f664d76c200ad1ee9028303602e5161b8945459538852c9eb,text/html; charset=UTF-8
https://mpbd.cu.ac.bd/details.php?id=772,c86735fda1a2f6709f9ca1ef.html,200,2026-09-24T18:54:12.806814+00:00,3fb716b5be24c264944eb571fbda6a5a9e7e3f64bbef7c5359362c333a7350d1,text/html; charset=UTF-8
https://mpbd.cu.ac.bd/details.php?id=773,c3a4694b6794599806a86f9a.html,200,2026-09-24T18:54:14.074565+00:00,bf646293901d34b0617bc1515d02d70ca606a18c8cf69a2a2726a66b0371ed7d,text/html; charset=UTF-8
https://mpbd.cu.ac.bd/details.php?id=774,b61bd78ed5adfca3dc574197.html,200,2026-09-24T18:54:15.146415+00:00,8e136249a2bdcb06c718c00bd0f17c653fe2825e2faf0112448ba237fb562e6a,text/html; charset=UTF-8
https://mpbd.cu.ac.bd/details.php?id=775,fa58fa84dc0dffe7000f540c.html,200,2026-09-24T18:54:16.649788+00:00,94a16fe365e4f86bce05a3ca0edc4ba73e82cd200530a89b80d05e9e541e993f,text/html; charset=UTF-8
https://mpbd.cu.ac.bd/details.php?id=776,94e987e110613bb936995e1c.html,200,2026-09-24T18:54:17.846477+00:00,4b9c1a5912f60fd1938b8ecf61a649e168cc46f524c25927cd0ea1edae6afa52,text/html; charset=UTF-8
https://mpbd.cu.ac.bd/details.php?id=777,e3d4d3f3497c7bd921aafda1.html,200,2026-09-24T18:54:19.181747+00:00,7b6a0267583bbe275439d034e2a283dbc534f12464b1509e733566d5b91fa5f7,text/html; charset=UTF-8
https://mpbd.cu.ac.bd/details.php?id=778,165fa1f3704bdbe64cb75e64.html,200,2026-09-24T18:54:20.490442+00:00,40b49ed150437fea863ec6ab0098a05ad926a0c0baf7febafdd38ea038883195,text/html; charset=UTF-8
https://mpbd.cu.ac.bd/details.php?id=779,efe6507a4c04b4874d62a313.html,200,2026-09-24T18:54:21.758036+00:00,47f2660cc43508e959234581b25a7b5f510e7dd5fc8073074a588c4d6a43ab0e,text/html; charset=UTF-8
https://mpbd.cu.ac.bd/details.php?id=780,e19a159acdb6d74f3f859382.html,200,2026-09-24T18:54:23.025813+00:00,918003b4c142bbdfa8fe8bf0e3466069e223efd8adff014eff60116d14f42e0c,text/html; charset=UTF-8
https://mpbd.cu.ac.bd/details.php?id=781,f26af93049131ec9de3c386e.html,200,2026-09-24T18:54:24.389242+00:00,bdc90089d9d2c11a087d9ba67f9fe44a931b28b0898f32bd8abcc43b73c8eceb,text/html; charset=UTF-8
https://mpbd.cu.ac.bd/details.php?id=782,b6427792515a3b1c22133709.html,200,2026-09-24T18:54:25.726908+00:00,9511342d202608f08022d476ccbcbe509fcfda8c37ed6e1e317530df342eca6b,text/html; charset=UTF-8
https://mpbd.cu.ac.bd/details.php?id=783,201f7d3b30662300ca2bfd90.html,200,2026-09-24T18:54:26.785904+00:00,93d8bfdb356ecb2a42dca5c22e9b9aec049aac2426f46da01d4629a27137195f,text/html; charset=UTF-8
https://mpbd.cu.ac.bd/details.php?id=784,baba65d79757020a5b0b1aa3.html,200,2026-09-24T18:54:27.942036+00:00,a50eca1d2a2baf6715cf002e9b27280a18089950d8dfc91739296c6cee2fcab2,text/html; charset=UTF-8
https://mpbd.cu.ac.bd/details.php?id=785,8c2daec86d484b38ac0ff43a.html,200,2026-09-24T18:54:29.185793+00:00,6e1624ee2f55f3a2be2819d4a4a4744f2fe5abe4166788b71066640cf23d8a03,text/html; charset=UTF-8
https://mpbd.cu.ac.bd/details.php?id=786,b912e02750574cb9cffdb863.html,200,2026-09-24T18:54:30.698660+00:00,5917a3ee6502690a4d8aa014a000da80c543354dce9e54aa60edacbfab93cbfa,text/html; charset=UTF-8
https://mpbd.cu.ac.bd/details.php?id=787,a7b85fff576bd6380cb2b296.html,200,2026-09-24T18:54:32.030095+00:00,8f93fab84e22b5ce69794ae08e659286e83b4295094b4470de7987a48d1292f9,text/html; charset=UTF-8
https://mpbd.cu.ac.bd/details.php?id=788,256b8ded53489500406222c0.html,200,2026-09-24T18:54:33.181222+00:00,53f28eea2e6af1efe060f67e21fde438cf4d178ad09b0992260c43e9f467edc5,text/html; charset=UTF-8
https://mpbd.cu.ac.bd/details.php?id=789,a8d21986df06495d99503de4.html,200,2026-09-24T18:54:34.466837+00:00,83f4b0e82560a5c6dedac0c23b4c2bb081eeb6d27e2d7c6eaacbcce69d0426eb,text/html; charset=UTF-8
https://mpbd.cu.ac.bd/details.php?id=790,8437c0bccba0511a93a687a7.html,200,2026-09-24T18:54:35.817772+00:00,0d3986760bbd5a7975424ede6d82fee6111fc56fac0a80b5b7f333c78d20e2cf,text/html; charset=UTF-8
https://mpbd.cu.ac.bd/details.php?id=791,339d2dd7114d16ab58aff161.html,200,2026-09-24T18:54:36.875658+00:00,ab9f6463f544470567e5c9e565e4fbed039045b92a4d7b2900e413f6de827147,text/html; charset=UTF-8
https://mpbd.cu.ac.bd/details.php?id=792,a0f19cd5af83595725858fca.html,200,2026-09-24T18:54:38.029906+00:00,6b204d80eea3266a79fae428944e54645c8580f918c7d597ba95515c815861ea,text/html; charset=UTF-8
https://mpbd.cu.ac.bd/details.php?id=793,8879e07913eabdd3f630e681.html,200,2026-09-24T18:54:39.288062+00:00,98a93420f4404ec8d3abe2c331deb84cf88017ea40aab83620e16d99cef4c81a,text/html; charset=UTF-8
https://mpbd.cu.ac.bd/details.php?id=794,6b60c9368818288bad36ba06.html,200,2026-09-24T18:54:40.501255+00:00,d6ccc3233f86e194ec6e1c6ff8edade0d506b54260a44cf309505c57a214a091,text/html; charset=UTF-8
https://mpbd.cu.ac.bd/details.php?id=795,54716547155e51e5193b6998.html,200,2026-09-24T18:54:41.738578+00:00,d1aa12c9530f273a8165f71b14ad175c560315d9c798a8894b0d942bc462e145,text/html; charset=UTF-8
https://mpbd.cu.ac.bd/details.php?id=796,37cd339f98278b70d5015810.html,200,2026-09-24T18:54:43.167230+00:00,d47b570ce48421d7402edae47da0463dc194b29e843fdefc67125f7fc05b2f69,text/html; charset=UTF-8
https://mpbd.cu.ac.bd/details.php?id=797,624cab90e5929673527573e1.html,200,2026-09-24T18:54:44.285508+00:00,494af8387af22c4a88c781df7ef249710974882b9f3a9d0f1935cc1fd962394b,text/html; charset=UTF-8
https://mpbd.cu.ac.bd/details.php?id=798,b831900c4c1196d4c2c4223c.html,200,2026-09-24T18:54:45.532350+00:00,ffc5e0f3d2a20d914f2b4c14a89b405d82efac5f9ab6c5d48f64b61f3888d08f,text/html; charset=UTF-8
https://mpbd.cu.ac.bd/details.php?id=799,58e877e995f2af136dd058cf.html,200,2026-09-24T18:54:46.704476+00:00,141a01b73ecc21a603ddb3e80900fdfc1e470ab9611862f9ec7ef299239a7d84,text/html; charset=UTF-8
https://mpbd.cu.ac.bd/details.php?id=800,9842b6943c095677c2b7d485.html,200,2026-09-24T18:54:47.986567+00:00,697f8f884ff7c92460fcebc85b636bbe67a5eb7df491f8bbe8fdf9556177a134,text/html; charset=UTF-8
https://mpbd.cu.ac.bd/details.php?id=801,e313f0ecb223a27b2d77ba0d.html,200,2026-09-24T18:54:49.420611+00:00,c37f769cdd450a170459c7ead96a587e16380a56d9761ac14a51ffe9095484e9,text/html; charset=UTF-8
https://mpbd.cu.ac.bd/details.php?id=802,60afe4a6ede876e9bab922ff.html,200,2026-09-24T18:54:50.634457+00:00,2ce0c8b93eeeb0bdd793e576b014a73776ebdf41e9012abd157df0148fd31296,text/html; charset=UTF-8
https://mpbd.cu.ac.bd/details.php?id=803,556b2bf5a7470340e7b07026.html,200,2026-09-24T18:54:52.047922+00:00,b5b2e4b98c59f5ec81172aa752220cd1eb239406f0687967ccbaa9a31c3218cc,text/html; charset=UTF-8
https://mpbd.cu.ac.bd/details.php?id=804,6cf86a70c19fce866a332cb6.html,200,2026-09-24T18:54:53.491456+00:00,eec6059e8a24dc11fcbd9c3d303b98d1261015ffb8b044ecadd66e6df6262766,text/html; charset=UTF-8
https://mpbd.cu.ac.bd/details.php?id=805,9030486d6826434cbb67aa18.html,200,2026-09-24T18:54:54.577524+00:00,bb8f4e7a77abbb8dcf1f121f74914ed6a553abf35274e77b37be8131f1338132,text/html; charset=UTF-8
https://mpbd.cu.ac.bd/details.php?id=806,aca3f3418bcf2bb0c4c5447f.html,200,2026-09-24T18:54:55.890135+00:00,75a37fdbf5ba4b9a9b17f0bddf7a579c4722b0f83fb7ca4a22b9b5dffac32d0d,text/html; charset=UTF-8
https://mpbd.cu.ac.bd/details.php?id=807,7b07426be58be47de18ae8d1.html,200,2026-09-24T18:54:57.344775+00:00,bba6e4158283d0a90c74bab7a679c859ba791352f6f5df7f3f2947a3ea1e014a,text/html; charset=UTF-8
https://mpbd.cu.ac.bd/details.php?id=808,aedaa6b9b9a1b0ccbb4360f5.html,200,2026-09-24T18:54:58.795161+00:00,b424dd4773287c38610e6bc55a533fcb66ea81c141e7737117016b6919db1706,text/html; charset=UTF-8
https://mpbd.cu.ac.bd/details.php?id=809,090bae28076962e7f0cb0192.html,200,2026-09-24T18:55:00.256168+00:00,584b098fc2512dc76232f18bb844eabd2fe48134e6cbe3cc5342fb6f293a50bf,text/html; charset=UTF-8
https://mpbd.cu.ac.bd/details.php?id=810,c5d0ace6719a9b42890b51b1.html,200,2026-09-24T18:55:01.724284+00:00,5c95406833331a96edbf931e589b7d56b37b9124930c32c788c1e12e5a1f2c54,text/html; charset=UTF-8
https://mpbd.cu.ac.bd/details.php?id=811,99837f24ce4a168c3c77a90d.html,200,2026-09-24T18:55:03.085898+00:00,1e75e0cb6622e67129902c6fc5deb90ec5465f4ef944b26a59977d3ef781f826,text/html; charset=UTF-8
https://mpbd.cu.ac.bd/details.php?id=812,461b3fba55fb7e015e44fab6.html,200,2026-09-24T18:55:04.200361+00:00,a997c1c1bd6017aa797902e9207bb735525ae97f9c62a6e2ffa986ce6a55cd25,text/html; charset=UTF-8
https://mpbd.cu.ac.bd/details.php?id=813,68fbd42c38aece7b256de8c7.html,200,2026-09-24T18:55:05.649516+00:00,ccbe0b22e983bcd4e4e01d58b4bfa12dec30023dcfc939fa1e6b7563d1f36691,text/html; charset=UTF-8
https://mpbd.cu.ac.bd/details.php?id=814,e5402a740591fdbe6a35dd37.html,200,2026-09-24T18:55:06.717971+00:00,550e51ff4c35117c8f135646eb04f0b74c735d37abc05c3841f00dab3e4eb6cb,text/html; charset=UTF-8
https://mpbd.cu.ac.bd/details.php?id=815,af14997c57b25c7683763953.html,200,2026-09-24T18:55:08.114641+00:00,96d953a6449d6ae8980fe7eca66dc64035b24f6e2c6a99e711e873f888bab359,text/html; charset=UTF-8
https://mpbd.cu.ac.bd/details.php?id=816,9118dbb2cf1830b38e620fa6.html,200,2026-09-24T18:55:09.421526+00:00,4a86bc332b6dd85acd9774211c990f304396184831f5519034de6998003273a8,text/html; charset=UTF-8
https://mpbd.cu.ac.bd/details.php?id=817,a1530809259a1ae8c1b8068b.html,200,2026-09-24T18:55:10.460623+00:00,ece20c3df19647068257ed6a5bfac56707e3421dda1403bf0d9804d27719a5e3,text/html; charset=UTF-8
https://mpbd.cu.ac.bd/details.php?id=818,fa2b557dcbb0363141e662c7.html,200,2026-09-24T18:55:11.863646+00:00,d563121eba4345d498f1aa030485f2183ff2b8dbaaddb065c7ec059cd7aac3d2,text/html; charset=UTF-8
https://mpbd.cu.ac.bd/details.php?id=819,03c4d067809feb20261c949c.html,200,2026-09-24T18:55:13.252037+00:00,01ed1d32035f93bdb6813c8c07f1c3649ffc0a5af377c8163b1f0ceca7f4be38,text/html; charset=UTF-8
https://mpbd.cu.ac.bd/details.php?id=820,bf1b7327b00b8bde67710d7f.html,200,2026-09-24T18:55:14.639788+00:00,9b2a34d292345cdcc3f467b6f7d01ef088f1b2fd86d01ad8dc6ecbb497986933,text/html; charset=UTF-8
https://mpbd.cu.ac.bd/details.php?id=821,3a9abd76e39f1b291ed27141.html,200,2026-09-24T18:55:15.686176+00:00,bad9795ba0f8384caedaf2135f0c3b83b271db464b3f1638598bb97855662053,text/html; charset=UTF-8
https://mpbd.cu.ac.bd/details.php?id=822,93353912f9a9a80284bbbca0.html,200,2026-09-24T18:55:16.938484+00:00,c1810834ee350e09dc6c8d43ee447f266a2d5fc6f9a930eeea351aa2f015737e,text/html; charset=UTF-8
https://mpbd.cu.ac.bd/details.php?id=823,d9ffcbe287c5e90e210fac4d.html,200,2026-09-24T18:55:18.354358+00:00,5a868de21c91b6cb0c3939396b5b3fc4bd1e8c65fa3901e50d344024abd7f119,text/html; charset=UTF-8
https://mpbd.cu.ac.bd/details.php?id=824,338a681a4562040fa3b57f59.html,200,2026-09-24T18:55:19.642979+00:00,38c733adbfbc05d062f69617db42a2179942c6b8a6c43914e92b5701a39160ca,text/html; charset=UTF-8
https://mpbd.cu.ac.bd/details.php?id=825,6b17a6c725d9576120dcfa50.html,200,2026-09-24T18:55:21.108356+00:00,81c90f15fb67b6b8fbfebcaa8ae48f2fc322d12dd4ecb669def71dd874e84e1a,text/html; charset=UTF-8
https://mpbd.cu.ac.bd/details.php?id=826,152802c7fb5455bad2cca4bf.html,200,2026-09-24T18:55:22.155084+00:00,a1e2a876ec9af7548854813f54d5fab02f541fc5a7fddbc421edd90c7084aaa9,text/html; charset=UTF-8
https://mpbd.cu.ac.bd/details.php?id=827,c8f892def642923a1b3afc9c.html,200,2026-09-24T18:55:23.287910+00:00,30a215051b0b3487b0aa7c98b662403b16eecf5582a9bd1bd65c3fa77a901fd4,text/html; charset=UTF-8
https://mpbd.cu.ac.bd/details.php?id=829,d99026fea170ebc3a35673f8.html,200,2026-09-24T18:55:24.524455+00:00,eed51e056e385d353ba7a29fb41d6f69853bf07f0eda140c25962ad610a721b3,text/html; charset=UTF-8
https://mpbd.cu.ac.bd/details.php?id=830,f98ae69a2239cb0921956ffb.html,200,2026-09-24T18:55:26.044487+00:00,fc8a26b914a9cf24f7186f9fd0de64ff0ee006720eb4063f3eac837b9a65e04d,text/html; charset=UTF-8
https://mpbd.cu.ac.bd/details.php?id=831,abedeb7cbd49486a6a48ac6f.html,200,2026-09-24T18:55:27.453050+00:00,948b6280f56dbf860f48590909fa2631d3ea086e678cfd9d467a31931f1e97c4,text/html; charset=UTF-8
https://mpbd.cu.ac.bd/details.php?id=832,6b7dae1a90385321a3a9e667.html,200,2026-09-24T18:55:28.564004+00:00,15cbb16db8fdad4272e6516e4d608bc65e641a1c4c83dd5b5cd1e1b81b9f0aca,text/html; charset=UTF-8
https://mpbd.cu.ac.bd/details.php?id=833,b5e441cf497ffa40c916e7a7.html,200,2026-09-24T18:55:29.808087+00:00,8d16a2b4a1109f0500582844f72e06630249f3d672f394d0b4237d89142ea72f,text/html; charset=UTF-8
https://mpbd.cu.ac.bd/details.php?id=834,a99a484dd0341d4cafc54966.html,200,2026-09-24T18:55:31.080163+00:00,0c55a82327ad1754cd6e467903bb2520c91966b124d6c3b2c65b90316e3656f2,text/html; charset=UTF-8
https://mpbd.cu.ac.bd/details.php?id=835,3be22a0c20c289320d036eb9.html,200,2026-09-24T18:55:32.169017+00:00,7587c95e8edf8841b08a7e6b2b226b470dd53b827a17730b3991238a1e900b3f,text/html; charset=UTF-8
https://mpbd.cu.ac.bd/details.php?id=836,2c5d850114a98a43a7ca971e.html,200,2026-09-24T18:55:33.559730+00:00,aa347598b99270ec2465a1f7f93a336cbea2ea52c7fd377007d3ea7a1117454a,text/html; charset=UTF-8
https://mpbd.cu.ac.bd/details.php?id=837,278d98399f643bc8434b71d9.html,200,2026-09-24T18:55:34.725462+00:00,d6464d7672b9e1ef49d5bc552367449bbf05c15c46d6277852e3301bb6fbdade,text/html; charset=UTF-8
https://mpbd.cu.ac.bd/details.php?id=838,bf72be16fd100d7eec4cb727.html,200,2026-09-24T18:55:36.239713+00:00,60b9c954ed92f8a5c0f90fcb6fffbd111bf416afca7751d8d423990c43906a04,text/html; charset=UTF-8
https://mpbd.cu.ac.bd/details.php?id=839,ddf5733d7651867060052ddc.html,200,2026-09-24T18:55:37.312892+00:00,1404c4948f5fb98b188f4a5a3a58b534c64e36633f3c0f71671bf7ca72d52c40,text/html; charset=UTF-8
https://mpbd.cu.ac.bd/details.php?id=840,257261271f16ea8c2f245eb5.html,200,2026-09-24T18:55:38.568791+00:00,07763eb1bf1bbb641f63d90e861548fef0e389563b012a662d31e00378604f92,text/html; charset=UTF-8
https://mpbd.cu.ac.bd/details.php?id=841,498eb546730db1fd0fa2950e.html,200,2026-09-24T18:55:39.821954+00:00,e57773b181ffd8c48129d504583ee76c81e59ae0bd22fe3183cd975c7da3e591,text/html; charset=UTF-8
https://mpbd.cu.ac.bd/details.php?id=842,eca5fc74c7470e92cf990a51.html,200,2026-09-24T18:55:40.985424+00:00,ebb59aee5297b58c577b9dbcdb599c32a3bcd935db39a26b113f9e95cfdb34d3,text/html; charset=UTF-8
https://mpbd.cu.ac.bd/details.php?id=843,6fb490fb8fe4d4032a67c95e.html,200,2026-09-24T18:55:42.309326+00:00,923bb0e42cfb9cbeffe200c0bb8d1cdcceba98468ed634852be8e8cc99a731bc,text/html; charset=UTF-8
https://mpbd.cu.ac.bd/details.php?id=844,a75502f8e0814c46cf24a312.html,200,2026-09-24T18:55:43.497363+00:00,8bb0fa21a0c69e2332c1d46e8383228107f9820a9911b166c9ea04d792b3e2d3,text/html; charset=UTF-8
https://mpbd.cu.ac.bd/details.php?id=845,f9022041b1133bfe0633d819.html,200,2026-09-24T18:55:44.729875+00:00,98257f7769e8e201868aec848a6f27b6c9e3e2c86f62e98a7cddcfac9dd86426,text/html; charset=UTF-8
https://mpbd.cu.ac.bd/details.php?id=846,b5eb9a63317da0592f44bc70.html,200,2026-09-24T18:55:45.837433+00:00,d2cb1598d3b99cb96ffa3b37d52c82e1239a4e07140795294fad752989995429,text/html; charset=UTF-8
https://mpbd.cu.ac.bd/details.php?id=847,0eea73222ac9f8467df6760d.html,200,2026-09-24T18:55:46.865619+00:00,c5e00f61808aaf860aaf8819e1113c860b75d890845e9359edc561e38f004e14,text/html; charset=UTF-8
https://mpbd.cu.ac.bd/details.php?id=848,3a712424b865b45889d5f3c2.html,200,2026-09-24T18:55:48.192386+00:00,c1f3ab6c2091242da0fa0b1cf3d0ef3ce5ef118ce0763bd6e6853c709bbf2856,text/html; charset=UTF-8
https://mpbd.cu.ac.bd/details.php?id=849,013b543f4537b037b526ce6d.html,200,2026-09-24T18:55:49.713331+00:00,0a6f3246cc107ff6e0f37738e5cccfb59ac3f800e1adce6fce5f733a26cd2194,text/html; charset=UTF-8
https://mpbd.cu.ac.bd/details.php?id=850,6e02a012a701afe68a9a87c5.html,200,2026-09-24T18:55:50.836465+00:00,cf88553781a91c4343d7b2a8fe3aa154dba4075c0ce18afcb88cb05ee4f43d4d,text/html; charset=UTF-8
https://mpbd.cu.ac.bd/details.php?id=851,72e233346a3b3e90ec6643b0.html,200,2026-09-24T18:55:52.107484+00:00,a12507221a8316feadcff76be7cfdfecfd5ed5819d7e98dc9f9a2c079aafeafd,text/html; charset=UTF-8
https://mpbd.cu.ac.bd/details.php?id=852,74b1b0ee024c9d633877216c.html,200,2026-09-24T18:55:53.395738+00:00,03da0c26efb3ea9cfb6fa6b3636eb29dee977fbcadf7c8d3cde3fa8e6ba8efed,text/html; charset=UTF-8
https://mpbd.cu.ac.bd/details.php?id=853,5dd603eaa9a1c15c78ec8f94.html,200,2026-09-24T18:55:54.764180+00:00,99328d1a6624c3adf9f1a48e098f38c12532905844efa745a4f9300537d4b62f,text/html; charset=UTF-8
https://mpbd.cu.ac.bd/details.php?id=854,d806db55f8dea2dd570b509e.html,200,2026-09-24T18:55:55.913714+00:00,374bae9c04cf7e62336084de7da5ec014e3f2c998753789450217c7a6f057adf,text/html; charset=UTF-8
https://mpbd.cu.ac.bd/details.php?id=855,026584254242aa79629cd4ac.html,200,2026-09-24T18:55:57.226789+00:00,19fb73a2ff83e8a057dcfaf30898de17ef38afbf9a6f16e6c92b3985310ee43d,text/html; charset=UTF-8
https://mpbd.cu.ac.bd/details.php?id=856,51995d3d4c04e1b30b698983.html,200,2026-09-24T18:55:58.490090+00:00,5cc4eecf0b69cfb83719ad21d73ee768bc1e06021a33a4fbbd503bd07ef6251b,text/html; charset=UTF-8
https://mpbd.cu.ac.bd/details.php?id=857,b62fdd9664aeaee4d16e15fb.html,200,2026-09-24T18:55:59.768263+00:00,9bc7b2c00d6ce5c7d19343af5b9b8b10335a7060b0dcba029740aeb48f45bd23,text/html; charset=UTF-8
https://mpbd.cu.ac.bd/details.php?id=858,02c851fe037df2046e7b3ef3.html,200,2026-09-24T18:56:01.245887+00:00,a410923c64d85339893b8bdc49eab6a40c7988cd73467501064dfb8f6c3e73e4,text/html; charset=UTF-8
https://mpbd.cu.ac.bd/details.php?id=859,d8806e83bd686aa6530447a7.html,200,2026-09-24T18:56:02.658328+00:00,5fe14f63d90dca96fd6c788f0f3382d75d06169bfa657783960f6f63fd37b330,text/html; charset=UTF-8
https://mpbd.cu.ac.bd/details.php?id=860,510c7d69ed9f49bf9f59faa2.html,200,2026-09-24T18:56:03.870442+00:00,e4447a8ed7f2d5bd15513364f3420605a739d9a55cf4e969feaf52483567ebf6,text/html; charset=UTF-8
https://mpbd.cu.ac.bd/details.php?id=861,1de540004ae5c2e197434583.html,200,2026-09-24T18:56:05.166260+00:00,2f00f28f5936c6376d8f245021684190bc3ac703b94033d52b47c9902191cfee,text/html; charset=UTF-8
https://mpbd.cu.ac.bd/details.php?id=862,c1cf093ba01d22398e54ef5a.html,200,2026-09-24T18:56:06.292265+00:00,5a9513f5f4fb7853d312c2014e89afe387b7b2050960bbb7d24af3560c45cd44,text/html; charset=UTF-8
https://mpbd.cu.ac.bd/details.php?id=863,9fd7475f5dbb8b086f526a38.html,200,2026-09-24T18:56:07.746956+00:00,929189a11456af957399bc57ea092747b0bdbf622e454b1353d4456c72f2f4b0,text/html; charset=UTF-8
https://mpbd.cu.ac.bd/details.php?id=864,e84b8a3a185227bdbe6b9f8e.html,200,2026-09-24T18:56:08.845892+00:00,f4efce1c120760701d91ac31f861b4d2f02e9fe8a86c6b98e7f5981d8d56403f,text/html; charset=UTF-8
https://mpbd.cu.ac.bd/details.php?id=865,6bc84935bb7b0e1de893aca8.html,200,2026-09-24T18:56:09.869872+00:00,4cd77062a11e8ddbe0954dc042ae772b26e4fbc9a2e55f9ebff25feacbc90226,text/html; charset=UTF-8
https://mpbd.cu.ac.bd/details.php?id=866,0643ec7f8b425578543108af.html,200,2026-09-24T18:56:11.287159+00:00,1cc5ecca2b411742e39e4cf45978aff23ff7f6ddcb49020a0cf1cb8d5cbe3740,text/html; charset=UTF-8
https://mpbd.cu.ac.bd/details.php?id=867,b5a2e0a049d3bc6a428ca686.html,200,2026-09-24T18:56:12.655738+00:00,af2c6674cb85c113dd6c8877bcb7e7aef432468e456c9f39646be47d63a03c79,text/html; charset=UTF-8
https://mpbd.cu.ac.bd/details.php?id=868,38862d5fbd1a6c710f98bb62.html,200,2026-09-24T18:56:14.164327+00:00,8c38aef26ce791700dd919efeaebb37eb3c467593461165a45c61bd79decd921,text/html; charset=UTF-8
https://mpbd.cu.ac.bd/details.php?id=869,d2d12cc29c9cce55066135c9.html,200,2026-09-24T18:56:15.292750+00:00,3c64154c4398899c20e8bb17644995349108682bd42855fa00d4cfb0d8f7feb5,text/html; charset=UTF-8
https://mpbd.cu.ac.bd/details.php?id=870,f1cb383bcedba1636e0da0eb.html,200,2026-09-24T18:56:16.673004+00:00,06779d2732644e9287053988d724a4663511c8db30b5f3bc3c7d0ae8f4d39118,text/html; charset=UTF-8
https://mpbd.cu.ac.bd/details.php?id=871,10bb5334626db0a4e69faf04.html,200,2026-09-24T18:56:17.852111+00:00,4262316dda109dbb09e4af2a6250d4f88faaf75f0c68944487d83749ea041baf,text/html; charset=UTF-8
https://mpbd.cu.ac.bd/details.php?id=872,9d87792ee2a336b2c861559d.html,200,2026-09-24T18:56:19.300993+00:00,f679291bdc6b714501704ce928243a96e8663550dac54557aaa27a8f4cc80f86,text/html; charset=UTF-8
https://mpbd.cu.ac.bd/details.php?id=873,e8f4f12adf53335a05f148b1.html,200,2026-09-24T18:56:20.502130+00:00,960a041d4daaa75381e45167dbff5d15c100ab357cb17a6fb9b3367536ef4e8e,text/html; charset=UTF-8
https://mpbd.cu.ac.bd/details.php?id=874,cd53b0646324ae03844bd0c5.html,200,2026-09-24T18:56:21.747478+00:00,eedcc94badd064a4d3a3b5f47a80cc6bb39f235daa423f3c7d716276d0fe46b0,text/html; charset=UTF-8
https://mpbd.cu.ac.bd/details.php?id=875,dfc3e9c7e203537536c04360.html,200,2026-09-24T18:56:23.225931+00:00,371e97334831a9d499c47ba1d4e9f6da10665e918ddd783c23e4e1dae9ee3f06,text/html; charset=UTF-8
https://mpbd.cu.ac.bd/details.php?id=876,9d3b21364532ff2ef33f5b9d.html,200,2026-09-24T18:56:24.485361+00:00,15ad433a532723df814e55389ae1421a891abb4d650524503ac0187543ed28d5,text/html; charset=UTF-8
https://mpbd.cu.ac.bd/details.php?id=877,02542a8982875ea50aea3b6e.html,200,2026-09-24T18:56:25.574442+00:00,333241b465ed6f276645f805bd49b6c53dd4ad823dc96f634fa57cf83f06663a,text/html; charset=UTF-8
https://mpbd.cu.ac.bd/details.php?id=878,3b79a66bc41ff47487d20cac.html,200,2026-09-24T18:56:26.679296+00:00,72496c7ad472f865279b3406322dc6027a7f4cc4219ebed8e1038e852d464c1b,text/html; charset=UTF-8
https://mpbd.cu.ac.bd/details.php?id=879,25cf5b32a844a45b6ffa214b.html,200,2026-09-24T18:56:27.997882+00:00,89cf0d2c1a00de5f44eb5e1fcf6c604b2b0c60067440fccbdf6cf8d724e18f69,text/html; charset=UTF-8
https://mpbd.cu.ac.bd/details.php?id=880,1486d303e150a5f2cc6d1906.html,200,2026-09-24T18:56:29.210368+00:00,d5d19cfa1e7c3eaa1c76c04c0eef4788c61040b11ab7229d59ec62a9acec0ab5,text/html; charset=UTF-8
https://mpbd.cu.ac.bd/details.php?id=881,0b4ca6609276345922abe02f.html,200,2026-09-24T18:56:30.371165+00:00,55c2d3160358fc524bfcafb264bce194defaaf4f878921f7f28e400cd08ab798,text/html; charset=UTF-8
https://mpbd.cu.ac.bd/details.php?id=882,5c65da99cb9d5c859d264495.html,200,2026-09-24T18:56:31.766706+00:00,a692aebc324a4608fb293b391ce90ca9e55db545f7059dc0feb2e4d5366972a6,text/html; charset=UTF-8
https://mpbd.cu.ac.bd/details.php?id=883,8d53759c5e4b5ec1c906e759.html,200,2026-09-24T18:56:33.124285+00:00,535ea7c0293b8423704a90b19a6a93bbb03db932d7d1479b057994258a7737f1,text/html; charset=UTF-8
https://mpbd.cu.ac.bd/details.php?id=884,a5aca508a0635a1c8354fafe.html,200,2026-09-24T18:56:34.320032+00:00,66e97fef30ce12df04b0a3baa8430ae36db33e35b5b893b8f6040410ece1a8e3,text/html; charset=UTF-8
https://mpbd.cu.ac.bd/details.php?id=885,1312b8edf10ae1cd7c20aa61.html,200,2026-09-24T18:56:35.649476+00:00,ab4568d5bdd3df1bceac2215648130fd8244e2ef8d0e2c530ceb4cd32975e404,text/html; charset=UTF-8
https://mpbd.cu.ac.bd/details.php?id=886,e19e01fe9270184d4bef387d.html,200,2026-09-24T18:56:36.955684+00:00,ea241a4b1726710689cb9bf579cd07e1190b3cb72733e5a00748e1e8e39c2a85,text/html; charset=UTF-8
https://mpbd.cu.ac.bd/details.php?id=887,4d0a814dc0ab869b9f2de33d.html,200,2026-09-24T18:56:38.238791+00:00,aa80e51563dfbca1e090e5d0fd92338974eda8b61dae49d5205f77fa8e5664b5,text/html; charset=UTF-8
https://mpbd.cu.ac.bd/details.php?id=888,ea9f06b64a80b050be418b6f.html,200,2026-09-24T18:56:39.754862+00:00,7150e4d6d138ae593960471bd1447c2f63d9daaf4e6103fc7984585053596d69,text/html; charset=UTF-8
https://mpbd.cu.ac.bd/details.php?id=889,d2542c129ae55d2a56292014.html,200,2026-09-24T18:56:41.278140+00:00,5b605c84c1c4085bdad8214d696660068e6c0392e1630e3d9fe632f0afba16a5,text/html; charset=UTF-8
https://mpbd.cu.ac.bd/details.php?id=890,ff9f0283136a8d03adbe1700.html,200,2026-09-24T18:56:42.420137+00:00,dffb6bf6f6ff537a5c5cea3ce93ae095fbaa2fa148a99650be7e6094883e4a1d,text/html; charset=UTF-8
https://mpbd.cu.ac.bd/details.php?id=891,5572cc88874326033000ea2a.html,200,2026-09-24T18:56:43.577034+00:00,0f7f7906c69e4eeef2764919d4375f4136325823b3cd59fcfd7d739c5781056d,text/html; charset=UTF-8
https://mpbd.cu.ac.bd/details.php?id=892,cd35eff1b46979ddc2a1f8f5.html,200,2026-09-24T18:56:44.946419+00:00,02f5acb470e4c7478f8143ba24c04dfe75590393f155e2fae79c6d594c8f4b70,text/html; charset=UTF-8
https://mpbd.cu.ac.bd/details.php?id=893,a5fc5bebe8d1abdc176df569.html,200,2026-09-24T18:56:46.108164+00:00,1cd261da593fec20cc602b77fb9022167d81c4b323f614039dfb69c0454ac729,text/html; charset=UTF-8
https://mpbd.cu.ac.bd/details.php?id=894,da27818d79fd02a0795cb8aa.html,200,2026-09-24T18:56:47.573273+00:00,384f52de6abc355b5a7974c0dffc65f6a4652aff28015874f0cd0d8082080431,text/html; charset=UTF-8
https://mpbd.cu.ac.bd/details.php?id=895,1a95e4f4fc98fef2bfac7ce9.html,200,2026-09-24T18:56:48.847555+00:00,917df00eead124d7ad19204519be15b398448b325a78add470f8b47b8c4bded7,text/html; charset=UTF-8
https://mpbd.cu.ac.bd/details.php?id=896,fedacd767a41e1f59023eb52.html,200,2026-09-24T18:56:50.282793+00:00,3976bcf47efefa42224019cd3c6b02540374b2289bbbe23dd206e18f4947a0db,text/html; charset=UTF-8
https://mpbd.cu.ac.bd/details.php?id=897,0fc1d0391bd2251bb9d7b2dd.html,200,2026-09-24T18:56:51.640581+00:00,1e0d3e15c0967a8e989e85456b4e6226c62986bb2f37b2d593ced254eb568bc6,text/html; charset=UTF-8
https://mpbd.cu.ac.bd/details.php?id=898,37e213b93667d2a1474d50c6.html,200,2026-09-24T18:56:52.945625+00:00,47f2fb3138634017917c8ae887074aaec9a03a71e3c923480f6c1717e4dc6609,text/html; charset=UTF-8
https://mpbd.cu.ac.bd/details.php?id=899,f2dc8955adedf32f5852496d.html,200,2026-09-24T18:56:54.386603+00:00,f8f59ae3056997f5490ccb7671c11bfc1a6dc80844dbcd01463ce01ab809ef84,text/html; charset=UTF-8
https://mpbd.cu.ac.bd/details.php?id=900,872b6c99cb0f773a43ee41b8.html,200,2026-09-24T18:56:55.896782+00:00,72d00342dd6435d1fe18e1042c0caf81fcf6942b2220da5d6f325e252773b606,text/html; charset=UTF-8
https://mpbd.cu.ac.bd/details.php?id=901,a06687573e9a91861d48504c.html,200,2026-09-24T18:56:57.351605+00:00,1338f5d65bbe526d1652f609bd4a2ddd33b89b7b08ec2747ade2725d9c26043c,text/html; charset=UTF-8
https://mpbd.cu.ac.bd/details.php?id=902,67b887a514c624df305df61d.html,200,2026-09-24T18:56:58.450494+00:00,d485ae9b426bd1863507cec650bce2a51b313a49718fbf11ad0482144f98c94a,text/html; charset=UTF-8
https://mpbd.cu.ac.bd/details.php?id=903,13317109c4cfd5039acc8214.html,200,2026-09-24T18:56:59.623949+00:00,f1e72ce9c6a8bb05357d162f1e86aa8579366c58c62cf474c34be4ebc1f6ccfb,text/html; charset=UTF-8
https://mpbd.cu.ac.bd/details.php?id=904,c03f2daf6a9c3b2f36187129.html,200,2026-09-24T18:57:00.908921+00:00,9eea545e87f4661dbbe4f855cfb60c28ff58dfd18aba15f43220adeeb2c73ff5,text/html; charset=UTF-8
https://mpbd.cu.ac.bd/details.php?id=905,5384d966c58fce8e11fd4bb0.html,200,2026-09-24T18:57:01.981980+00:00,fd08ebfe63ac33d9134906bc98b53dfbe7f3b813cba14c668f26f6d4a46c616d,text/html; charset=UTF-8
https://mpbd.cu.ac.bd/details.php?id=906,53d25c1e7d799c5e2beca05a.html,200,2026-09-24T18:57:03.392603+00:00,97ee6c774b3b4f27d698c1d1fc668c6a64d59d985e17b3c3be15ef9d43d1c97e,text/html; charset=UTF-8
https://mpbd.cu.ac.bd/details.php?id=907,2b1e2929f32760144a8908a0.html,200,2026-09-24T18:57:04.484813+00:00,e386d6bc0f3f9bdeca3ae47d80cc68e7e5923361f06930630646021165abc3f4,text/html; charset=UTF-8
https://mpbd.cu.ac.bd/details.php?id=908,e3b63374221df0821b92736b.html,200,2026-09-24T18:57:05.991621+00:00,1f4ae1bba465246b4f90563107f6a27cce3eac9cf0829c1ed597aea67439fec7,text/html; charset=UTF-8
https://mpbd.cu.ac.bd/details.php?id=909,7e9e66f1034b1566a1ab91e9.html,200,2026-09-24T18:57:07.301483+00:00,855e71c844344f19705fc6f007bd477693303e0d78ab3709bbfeaee63e61c514,text/html; charset=UTF-8
https://mpbd.cu.ac.bd/details.php?id=910,9e1a90d24a9165b8e4810278.html,200,2026-09-24T18:57:08.337160+00:00,efaf505f564e0ec487fea9167d25af61a5ed593d767526e554a634f9e6d61832,text/html; charset=UTF-8
https://mpbd.cu.ac.bd/details.php?id=911,cc42c41fb990593e6aef04e0.html,200,2026-09-24T18:57:09.518559+00:00,c364ca334bbe1212507f92e143e9978726eaf6ec53d3e44a9e4dd46e2ced3197,text/html; charset=UTF-8
https://mpbd.cu.ac.bd/details.php?id=912,fce5e6920b128219901e6091.html,200,2026-09-24T18:57:10.743823+00:00,5907ca96b41559d19c9a2d9a1c607f23d71409d83a21b7e057f417e5e892935e,text/html; charset=UTF-8
https://mpbd.cu.ac.bd/details.php?id=913,c78ba2323a5761e8b254ff61.html,200,2026-09-24T18:57:12.155447+00:00,f541590389a4fbe4c8cc37255904b6cd8d6b023d93d4e34ddec06a7c6623f957,text/html; charset=UTF-8
https://mpbd.cu.ac.bd/details.php?id=914,a273a831a087bffdc2e26035.html,200,2026-09-24T18:57:13.628186+00:00,ff337b88386b489e4494a87d333b4350c4712f73992a1e122879729dedefdce8,text/html; charset=UTF-8
https://mpbd.cu.ac.bd/details.php?id=915,3163bc7c5e7d536fca955292.html,200,2026-09-24T18:57:15.136501+00:00,442e3d93b5a15d18bda7a871d9ad5c489b0d88c7d91d53a30a30835789049d15,text/html; charset=UTF-8
https://mpbd.cu.ac.bd/details.php?id=916,8a26f676d03d2a44a6a7a418.html,200,2026-09-24T18:57:16.546930+00:00,0e06f6793b4c1a9e12561d08b31483d7ff681c2541fe9b0f92cb14a9c4f419c2,text/html; charset=UTF-8
https://mpbd.cu.ac.bd/details.php?id=917,f17a1392429302e5e1966ddd.html,200,2026-09-24T18:57:17.841194+00:00,3786b997d39eac452af8d93ccbd3344a5a64b9445e5a23a3dc1e704f10b29792,text/html; charset=UTF-8
https://mpbd.cu.ac.bd/details.php?id=918,3ab2d5230574df1e04bcd310.html,200,2026-09-24T18:57:19.232365+00:00,da82e3a3d2a77d2ec5acd31367ebf1fc729cf90ddd1e8e096be46e4c19e562b7,text/html; charset=UTF-8
https://mpbd.cu.ac.bd/details.php?id=919,14bb4399deb7d0745198df23.html,200,2026-09-24T18:57:20.491420+00:00,573a69cf1cad80c2d650f1d9928df900acd701137d389472b913a1c122d0e005,text/html; charset=UTF-8
https://mpbd.cu.ac.bd/details.php?id=920,db31d539c1fd24ab1ecdbffe.html,200,2026-09-24T18:57:21.625445+00:00,0f56fee5c0675df56b8354e259360d129235de9a135422fbf211c790092728f5,text/html; charset=UTF-8
https://mpbd.cu.ac.bd/details.php?id=921,c052d7d1468bae9e29ec5774.html,200,2026-09-24T18:57:22.865941+00:00,715b4294a614bb8dc11c0dcd75404f81407aa80355afb309ab423b235ff1e2ee,text/html; charset=UTF-8
https://mpbd.cu.ac.bd/details.php?id=922,e7328616b3ce9e4425114839.html,200,2026-09-24T18:57:24.377380+00:00,125671822b5696e0fd876608e47086dafe8a5be857b6ad36c73e5037eed73e9b,text/html; charset=UTF-8
https://mpbd.cu.ac.bd/details.php?id=923,199c090e0bae27961312faff.html,200,2026-09-24T18:57:25.493613+00:00,ac5e2cae84ea6c943e22809c759df5feb8c175743c48d8cf677625e3840eb3eb,text/html; charset=UTF-8
https://mpbd.cu.ac.bd/details.php?id=924,347bd82358c1f326fba5c52e.html,200,2026-09-24T18:57:26.607866+00:00,416c097f53dba81fbd669916dcc9cc30c8610fa6ffc4975ddcb66b8a925932b6,text/html; charset=UTF-8
