inchikey_connectivity,n_chembl_molregno,chembl_ids,chembl_natural_product_flag,n_activity_all,n_activity_usable,n_activity_strict
KZJWDPNRJALLNS,5,CHEMBL1398443|CHEMBL1875388|CHEMBL221542|CHEMBL3348885|CHEMBL4278464,True,351,15,5
IPCSVZSSVZVIGE,1,CHEMBL82293,True,286,17,17
ZQPPMHVWECSIRJ,2,CHEMBL460657|CHEMBL8659,True,373,33,24
OYHQOLUKZRVURQ,3,CHEMBL267476|CHEMBL5095085|CHEMBL93204,True,240,35,28
QIQXTHQIDYTFRH,1,CHEMBL46403,True,137,10,10
HCXVJBMSMIARIN,6,CHEMBL1568947|CHEMBL186373|CHEMBL3348954|CHEMBL400247|CHEMBL4764038|CHEMBL66943,True,137,9,2
NPNUFJAVOOONJE,2,CHEMBL445740|CHEMBL448700,True,79,7,3
TUNFSRHWOTWDNC,1,CHEMBL111077,True,137,11,10
CDOSHBSSFJOMGT,3,CHEMBL235672|CHEMBL25306|CHEMBL4452537,True,158,2,0
REFJWTPEDVJJIY,1,CHEMBL50,True,2978,682,263
XMGQYMWWDOXHJM,3,CHEMBL15799|CHEMBL236688|CHEMBL449062,True,506,1,0
BOTWFXYSPFMFNR,2,CHEMBL1644111|CHEMBL390773,True,73,9,1
NVEQFIOZRFFVFW,5,CHEMBL1513806|CHEMBL1553274|CHEMBL399036|CHEMBL479134|CHEMBL508894,True,49,5,1
WQZGKKKJIJFFOK,16,CHEMBL103010|CHEMBL1222152|CHEMBL1222250|CHEMBL1453070|CHEMBL1519430|CHEMBL1614854|CHEMBL1873035|CHEMBL195923|CHEMBL2093058|CHEMBL2115552|CHEMBL300520|CHEMBL3186423|CHEMBL365590|CHEMBL423707|CHEMBL469448|CHEMBL98182,True,195,10,7
WRYLYDPHFGVWKC,2,CHEMBL2287509|CHEMBL507795,True,76,1,0
WUOACPNHFRMFPN,2,CHEMBL447597|CHEMBL449810,True,90,0,0
GRWFGVWFFZKLTI,3,CHEMBL1236329|CHEMBL3109297|CHEMBL442565,True,92,1,0
VLXDPFLIRFYIME,2,CHEMBL2269081|CHEMBL6142141,True,7,0,0
FQTLCLSUCSAZDY,6,CHEMBL1923157|CHEMBL25424|CHEMBL3182436|CHEMBL3185053|CHEMBL508801|CHEMBL561014,True,43,5,0
FAMPSKZZVDUYOS,1,CHEMBL251280,True,21,1,0
WEEGYLXZBRQIMU,3,CHEMBL1397305|CHEMBL485259|CHEMBL5492876,True,818,0,0
WTARULDDTDQWMU,3,CHEMBL2269085|CHEMBL3184774|CHEMBL501351,True,60,0,0
SGNBVLSWZMBQTH,3,CHEMBL1836653|CHEMBL485421|CHEMBL520535,True,21,0,0
UAHWPYUMFXYFJY,1,CHEMBL455491,True,70,0,0
LNTHITQWFMADLM,1,CHEMBL288114,True,632,74,24
MQYXUWHLBZFQQO,4,CHEMBL289191|CHEMBL3348959|CHEMBL459702|CHEMBL5197930,True,354,25,6
DTOSIQBPPRVQHS,3,CHEMBL3560296|CHEMBL5288293|CHEMBL8739,True,318,23,17
HFPZCAJZSCWRBC,1,CHEMBL442915,True,45,0,0
IHPKGUQCSIINRJ,2,CHEMBL2228374|CHEMBL3187449,True,6,0,0
YKFLAYDHMOASIY,1,CHEMBL449693,True,56,0,0
ITYNGVSTWVVPIC,4,CHEMBL2269083|CHEMBL2287508|CHEMBL3120657|CHEMBL509805,True,38,9,0
AYXPYQRXGNDJFU,5,CHEMBL2171207|CHEMBL2269082|CHEMBL3120647|CHEMBL3120648|CHEMBL4525000,True,51,0,0
GAIBLDCXCZKKJE,2,CHEMBL105432|CHEMBL1836650,True,11,2,0
IYRMWMYZSQPJKC,1,CHEMBL150,True,831,143,70
GLZPCOQZEFWAFX,2,CHEMBL25719|CHEMBL452683,True,820,4,2
POULHZVOKOAJMA,1,CHEMBL108766,True,124,12,12
RRAFCDWBNXTKKO,1,CHEMBL42710,True,588,12,5
IKGXIBQEEMLURG,7,CHEMBL1436093|CHEMBL1532989|CHEMBL226335|CHEMBL310754|CHEMBL32579|CHEMBL3735346|CHEMBL4762618,True,476,57,22
VKOBVWXKNCXXDE,1,CHEMBL1173381,True,11,5,5
WRHGORWNJGOVQY,0,,False,0,0,0
FRMCCTDTYSRUBE,2,CHEMBL1774433|CHEMBL518542,True,47,0,0
MOYAFQVGZZPNRA,1,CHEMBL454697,True,3,0,0
LPYXWGMUVRGUOY,0,,False,0,0,0
LHYHMMRYTDARSZ,5,CHEMBL2228955|CHEMBL2228956|CHEMBL3138630|CHEMBL486795|CHEMBL5398300,True,69,1,0
NDVASEGYNIMXJL,1,CHEMBL452687,True,13,0,0
FLIACVVOZYBSBS,1,CHEMBL335125,True,9,0,0
FUCYIEXQVQJBKY,1,CHEMBL445759,True,8,0,0
OPFTUNCRGUEPRZ,2,CHEMBL448502|CHEMBL479707,True,33,0,0
QAIPRVGONGVQAS,3,CHEMBL1320034|CHEMBL145|CHEMBL3181904,True,806,125,40
CRPUJAZIXJMDBK,3,CHEMBL2268550|CHEMBL506889|CHEMBL510535,True,62,0,0
QMAYBMKBYCGXDH,0,,False,0,0,0
OGLDWXZKYODSOB,2,CHEMBL3188459|CHEMBL455041,True,17,0,0
DSSYKIVIOFKYAU,3,CHEMBL1316134|CHEMBL15768|CHEMBL2252949,True,971,1,1
KQAZVFVOEIRWHN,0,,False,0,0,0
YHQGMYUVUMAZJR,1,CHEMBL2251642,True,9,0,0
DTGKSKDOIYIVQL,6,CHEMBL1097205|CHEMBL1968981|CHEMBL3186705|CHEMBL3560760|CHEMBL4294644|CHEMBL486208,True,107,0,0
CRDAMVZIKSXKFV,5,CHEMBL1232800|CHEMBL25308|CHEMBL4464165|CHEMBL488357|CHEMBL5185759,True,932,6,1
XZRVRYFILCSYSP,3,CHEMBL1077088|CHEMBL2001434|CHEMBL444389,True,53,0,0
HUMNYLRZRPPJDN,1,CHEMBL15972,True,68,4,1
KGEKLUUHTZCSIP,3,CHEMBL1439452|CHEMBL3183823|CHEMBL3186761,True,5,0,0
OZQAPQSEYFAMCY,0,,False,0,0,0
YOVSPTNQHMDJAG,1,CHEMBL2287242,True,2,0,0
IQPNAANSBPBGFQ,1,CHEMBL151,True,1175,266,129
PFTAWBLQPZVEMU,6,CHEMBL129482|CHEMBL200715|CHEMBL206452|CHEMBL311498|CHEMBL583912|CHEMBL80941,True,1208,100,59
WTTJVINHCBCLGX,1,CHEMBL3183866,True,0,0,0
BQOFWKZOCNGFEC,1,CHEMBL506854,True,37,0,0
WQEPLUUGTLDZJY,1,CHEMBL460025,True,3,0,0
CBFCDTFDPHXCNY,0,,False,0,0,0
JSNRRGGBADWTMC,0,,False,0,0,0
RECUKUPTGUEGMW,1,CHEMBL281202,True,243,6,5
DCAYPVUWAIABOU,1,CHEMBL134994,True,5,0,0
BRHDDEIRQPDPMG,2,CHEMBL2252947|CHEMBL2252948,True,13,0,0
WTEVQBCEXWBHNA,3,CHEMBL1080997|CHEMBL2297541|CHEMBL6120612,True,121,1,0
MIJYXULNPSFWEK,8,CHEMBL1413646|CHEMBL1436454|CHEMBL168|CHEMBL180553|CHEMBL365375|CHEMBL472645|CHEMBL486382|CHEMBL56615,True,1011,196,83
GYHFUZHODSMOHU,1,CHEMBL2228376,True,9,0,0
YMBFCQPIMVLNIU,0,,False,0,0,0
XIRNKXNNONJFQO,1,CHEMBL3561042,True,0,0,0
GHVNFZFCNZKVNT,1,CHEMBL107498,True,80,18,18
XUEHVOLRMXNRKQ,0,,False,0,0,0
HIGQPQRQIQDZMP,2,CHEMBL1369384|CHEMBL2268549,True,110,4,4
CWVRJTMFETXNAD,13,CHEMBL1332980|CHEMBL1394423|CHEMBL1419611|CHEMBL1473644|CHEMBL1552319|CHEMBL2261555|CHEMBL230481|CHEMBL249450|CHEMBL284616|CHEMBL3092677|CHEMBL3186431|CHEMBL366760|CHEMBL5286674,True,358,34,22
GVJHHUAWPYXKBD,4,CHEMBL442800|CHEMBL47|CHEMBL49563|CHEMBL6141838,True,653,52,2
GXEGJTGWYVZSNR,1,CHEMBL448125,True,1,0,0
MGSRCZKZVOBKFT,1,CHEMBL29411,True,364,8,6
YYGNTYWPHWGJRM,2,CHEMBL3561564|CHEMBL458402,True,30,0,0
KZNIFHPLKGYRTM,1,CHEMBL28,True,1242,206,99
VPDZRSSKICPUEY,1,CHEMBL509566,True,1,1,0
MBDOYVRWFFCFHM,1,CHEMBL2228570,True,88,0,0
LFJQCDVYDGGFCH,1,CHEMBL444254,True,4,0,0
FSRZGYRCMPZNJF,0,,False,0,0,0
ZYEMGPIYFIJGTP,1,CHEMBL108861,True,91,6,3
BOPIMTNSYWYZOC,3,CHEMBL4862836|CHEMBL5196206|CHEMBL88244,True,41,2,1
HYBBIBNJHNGZAN,1,CHEMBL189362,True,32,1,1
QGJZLNKBHJESQX,5,CHEMBL1318530|CHEMBL269277|CHEMBL4752267|CHEMBL519059|CHEMBL6021058,True,1376,418,25
QTGAEXCCAPTGLB,1,CHEMBL3120651,True,1,0,0
UFLHIIWVXFIJGU,2,CHEMBL2251452|CHEMBL3184538,True,36,0,0
OVSQVDMCBVZWGM,8,CHEMBL1098724|CHEMBL2337335|CHEMBL2337336|CHEMBL250450|CHEMBL251254|CHEMBL309323|CHEMBL33027|CHEMBL457304,True,626,80,37
JARKCYVAAOWBJS,1,CHEMBL280331,True,51,0,0
CXENHBSYCFFKJS,1,CHEMBL3182226,True,0,0,0
MUBZPKHOEPUJKR,1,CHEMBL146755,True,29,0,0
OENHQHLEOONYIE,4,CHEMBL1231255|CHEMBL1293|CHEMBL1966639|CHEMBL3774468,True,293,8,1
GFJIQNADMLPFOW,1,CHEMBL2287241,True,1,0,0
UKMSUNONTOPOIO,1,CHEMBL1173474,True,21,3,3
PVNIIMVLHYAWGP,1,CHEMBL573,True,2550,54,37
KSEBMYQBYZTDHS,2,CHEMBL3185646|CHEMBL32749,True,1154,54,19
UWKAYLJWKGQEPM,1,CHEMBL502773,True,53,0,0
COGPRPSWSKLKTF,2,CHEMBL3120655|CHEMBL4569883,True,11,0,0
QYDYPVFESGNLHU,1,CHEMBL465725,True,39,0,0
BQSLMQNYHVFRDT,0,,False,0,0,0
WHWDWIHXSPCOKZ,0,,False,0,0,0
KSMVZQYAVGTKIV,1,CHEMBL2228377,True,7,0,0
HPEUJPJOZXNMSJ,0,,False,0,0,0
YIRAHEODBQONHI,0,,False,0,0,0
JFSHUTJDVKUMTJ,4,CHEMBL1334750|CHEMBL455098|CHEMBL468040|CHEMBL4800421,True,59,7,0
WKOLLVMJNQIZCI,1,CHEMBL120568,True,147,8,0
YOMSJEATGXXYPX,1,CHEMBL1232595,True,6,1,1
XEKOWRVHYACXOJ,1,CHEMBL14152,True,41,0,0
CYFXRGFESOFDNS,0,,False,0,0,0
LRBQNJMCXXYXIU,3,CHEMBL1868852|CHEMBL3039201|CHEMBL506247,True,1883,43,26
KXSDPILWMGFJMM,1,CHEMBL5305985,True,1,0,0
QEBNYNLSCGVZOH,1,CHEMBL3186909,True,17,0,0
YAHNGTQFNICUIJ,0,,False,0,0,0
JPUKWEQWGBDDQB,5,CHEMBL1572115|CHEMBL2297279|CHEMBL233930|CHEMBL4099305|CHEMBL453290,True,200,28,11
BGHCVCJVXZWKCC,1,CHEMBL135488,True,3,0,0
NDJKXXJCMXVBJW,1,CHEMBL3185332,True,0,0,0
IUJAMGNYPWYUPM,1,CHEMBL257490,True,6,0,0
WVDDGKGOMKODPV,1,CHEMBL720,True,341,0,0
HOWGUJZVBDQJKV,0,,False,0,0,0
CZMRCDWAGMRECN,2,CHEMBL1976550|CHEMBL253582,True,171,0,0
MWOOGOJBHIARFG,1,CHEMBL13883,True,245,8,5
WMOPMQRJLLIEJV,1,CHEMBL477900,True,2,0,0
VMYXUZSZMNBRCN,2,CHEMBL4210821|CHEMBL469717,True,22,0,0
ODSSDTBFHAYYMD,2,CHEMBL1097034|CHEMBL453802,True,42,5,0
OSWPMRLSEDHDFF,1,CHEMBL108545,True,606,0,0
NPJICTMALKLTFW,3,CHEMBL197711|CHEMBL448133|CHEMBL506678,True,169,4,2
SESFRYSPDFLNCH,1,CHEMBL1239,True,139,2,2
DTUQWGWMVIHBKE,1,CHEMBL1233464,True,3,0,0
SECPZKHBENQXJG,2,CHEMBL3182018|CHEMBL453509,True,22,10,4
IKMDFBPHZNJCSN,1,CHEMBL164,True,874,186,103
LQERIDTXQFOHKA,0,,False,0,0,0
RXBQNMWIQKOSCS,1,CHEMBL443408,True,9,0,0
WRMNZCZEMHIOCP,1,CHEMBL448500,True,30,0,0
HNZUNIKWNYHEJJ,1,CHEMBL3184326,True,0,0,0
YKNWIILGEFFOPE,0,,False,0,0,0
NGSWKAQJJWESNS,2,CHEMBL2336752|CHEMBL66879,True,278,35,22
RZJRJXONCZWCBN,0,,False,0,0,0
UHEPJGULSIKKTP,1,CHEMBL46340,True,1,0,0
WWZKQHOCKIZLMA,1,CHEMBL324846,True,71,3,3
WPYMKLBDIGXBTP,1,CHEMBL541,True,813,16,14
BAVONGHXFVOKBV,3,CHEMBL1385229|CHEMBL1907992|CHEMBL1908058,True,9,0,0
IZXYHAXVIZHGJV,0,,False,0,0,0
PSQYTAPXSHCGMF,2,CHEMBL3184146|CHEMBL559945,True,54,2,0
IAIHUHQCLTYTSF,2,CHEMBL1907996|CHEMBL3188732,True,36,0,0
REZQBEBOWJAQKS,1,CHEMBL1079147,True,3,0,0
SPCXZDDGSGTVAW,0,,False,0,0,0
IGGUPRCHHJZPBS,1,CHEMBL428955,True,4,0,0
YCOZIPAWZNQLMR,1,CHEMBL1234557,True,2,0,0
BJQWYEJQWHSSCJ,0,,False,0,0,0
VSMOENVRRABVKN,2,CHEMBL1230177|CHEMBL3183573,True,38,0,0
FNAZRRHPUDJQCJ,0,,False,0,0,0
POOSGDOYLQNASK,1,CHEMBL4172502,True,1,0,0
FSLPMRQHCOLESF,2,CHEMBL455357|CHEMBL461182,True,60,6,2
DVWSXZIHSUZZKJ,1,CHEMBL1172198,True,56,0,0
KKOXKGNSUHTUBV,1,CHEMBL479020,True,2,0,0
QMVPMAAFGQKVCJ,3,CHEMBL1907993|CHEMBL1907995|CHEMBL395827,True,108,0,0
IGODOXYLBBXFDW,1,CHEMBL3183581,True,3,0,0
KBPLFHHGFOOTCA,1,CHEMBL26215,True,41,0,0
ZFMSMUAANRJZFM,1,CHEMBL470671,True,79,2,0
ADIDQIZBYUABQK,0,,False,0,0,0
XNGIFLGASWRNHJ,1,CHEMBL1045,True,34,2,0
HVYWMOMLDIMFJA,4,CHEMBL112570|CHEMBL1597825|CHEMBL1867358|CHEMBL3184306,True,144,6,6
FBUKVWPVBMHYJY,1,CHEMBL108436,True,20,2,2
KRKNYBCHXYNGOX,1,CHEMBL1261,True,650,2,2
OXGUCUVFOIWWQJ,6,CHEMBL1437696|CHEMBL2262641|CHEMBL250696|CHEMBL479232|CHEMBL5186791|CHEMBL82242,True,167,36,22
YCIMNLLNPGFGHC,1,CHEMBL280998,True,1021,32,18
PHWISBHSBNDZDX,1,CHEMBL469718,True,3,1,0
WBYWAXJHAXSJNI,1,CHEMBL27246,True,242,17,2
LCYXQUJDODZYIJ,1,CHEMBL3109299,True,1,0,0
WTWBUQJHJGUZCY,1,CHEMBL161577,True,26,1,1
CUUMXRBKJIDIAY,0,,False,0,0,0
JMSVCTWVEWCHDZ,1,CHEMBL1414,True,73,16,13
XLPDVYGDNRIQFV,1,CHEMBL3186822,True,0,0,0
IRAQOCYXUMOFCW,1,CHEMBL3185669,True,0,0,0
ZSIAUFGUXNUGDI,1,CHEMBL14085,True,65,0,0
RRBYUSWBLVXTQN,0,,False,0,0,0
FXHGMKSSBGDXIY,1,CHEMBL18104,True,13,0,0
FIGVVZUWCLSUEI,0,,False,0,0,0
AUNGANRZJHBGPY,2,CHEMBL1534|CHEMBL511565,True,228,10,5
MXDMETWAEGIFOE,0,,False,0,0,0
UFWIBTONFRDIAS,1,CHEMBL16293,True,117,3,0
CDAISMWEOUEBRE,6,CHEMBL1222251|CHEMBL1231671|CHEMBL1950780|CHEMBL278373|CHEMBL3976780|CHEMBL468154,True,161,3,1
FMMOOAYVCKXGMF,2,CHEMBL2106238|CHEMBL5095415,True,4,0,0
NOEGNKMFWQHSLB,1,CHEMBL185885,True,45,0,0
NUJGJRNETVAIRJ,1,CHEMBL18407,True,8,0,0
QZZGJDVWLFXDLK,1,CHEMBL1173620,True,3,0,0
DOIRQSBPFJWKBE,1,CHEMBL272485,True,22,0,0
FCSRUSQUAVXUKK,1,CHEMBL3120654,True,2,1,0
NOOLISFMXDJSKH,6,CHEMBL1907990|CHEMBL1907991|CHEMBL2106989|CHEMBL256087|CHEMBL41763|CHEMBL470670,True,282,25,24
TWVJWDMOZJXUID,2,CHEMBL226915|CHEMBL3187162,True,6,0,0
LKDRXBCSQODPBY,3,CHEMBL2325229|CHEMBL23954|CHEMBL3183898,True,10,0,0
FJKROLUGYXJWQN,1,CHEMBL441343,True,211,33,24
AAWZDTNXLSGCEK,2,CHEMBL444501|CHEMBL465398,True,35,0,0
YGSDEFSMJLZEOE,1,CHEMBL424,True,1108,19,16
RUVINXPYWBROJD,3,CHEMBL1468832|CHEMBL3185908|CHEMBL452630,True,98,0,0
FVWJYYTZTCVBKE,4,CHEMBL140040|CHEMBL1610940|CHEMBL2069124|CHEMBL23236,True,787,76,8
LEXWWQVRWFGKCF,0,,False,0,0,0
RGZSQWQPBWRIAQ,6,CHEMBL1096927|CHEMBL1171719|CHEMBL1561544|CHEMBL4545564|CHEMBL477832|CHEMBL519167,True,234,7,2
BXWNKGSJHAJOGX,1,CHEMBL706,True,65,0,0
WTVHAMTYZJGJLJ,1,CHEMBL4210521,True,12,0,0
FUZZWVXGSFPDMH,1,CHEMBL14184,True,93,7,5
WCGUUGGRBIKTOS,14,CHEMBL1316667|CHEMBL1555307|CHEMBL169|CHEMBL176234|CHEMBL1979720|CHEMBL2374095|CHEMBL297810|CHEMBL300594|CHEMBL3039159|CHEMBL4576233|CHEMBL4787489|CHEMBL491715|CHEMBL5269355|CHEMBL56048,True,1158,260,69
ZYGHJZDHTFUPRJ,1,CHEMBL6466,True,2334,21,20
YSTPAHQEHQSRJD,2,CHEMBL2229207|CHEMBL2252746,True,17,0,0
FTVWIRXFELQLPI,2,CHEMBL32571|CHEMBL9352,True,527,65,37
ISWSIDIOOBJBQZ,1,CHEMBL14060,True,565,20,14
LQZZUXJYWNFBMV,1,CHEMBL24722,True,13,0,0
CCEFMUBVSUDRLG,2,CHEMBL2268547|CHEMBL2288024,True,35,0,0
YHBUQBJHSRGZNF,0,,False,0,0,0
OFMXGFHWLZPCFL,3,CHEMBL1551590|CHEMBL4760954|CHEMBL485998,True,45,0,0
WWRCMNKATXZARA,0,,False,0,0,0
RHCTXHCNRLCYBN,1,CHEMBL463044,True,1,0,0
NEHNMFOYXAPHSD,3,CHEMBL1081721|CHEMBL2426622|CHEMBL447944,True,117,0,0
YQUVCSBJEUQKSH,1,CHEMBL37537,True,251,27,13
XGQJZNCFDLXSIJ,1,CHEMBL5410059,True,1,0,0
KMRMUZKLFIEVAO,1,CHEMBL3109300,True,1,0,0
VKCYHJWLYTUGCC,1,CHEMBL2228473,True,4,0,0
DIOQZVSQGTUSAI,1,CHEMBL134537,True,5,0,0
QTBSBXVTEAMEQO,2,CHEMBL4297336|CHEMBL539,True,129,4,4
NFLGAXVYCFJBMK,4,CHEMBL1719455|CHEMBL2268548|CHEMBL2272092|CHEMBL276311,True,79,0,0
ZCHHRLHTBGRGOT,1,CHEMBL2228463,True,15,0,0
MMFCJPPRCYDLLZ,1,CHEMBL507518,True,27,0,0
NWKFECICNXDNOQ,0,,False,0,0,0
XMOCLSLCDHWDHP,5,CHEMBL125743|CHEMBL130415|CHEMBL264167|CHEMBL404845|CHEMBL47386,True,360,30,15
RTATXGUCZHCSNG,7,CHEMBL1419228|CHEMBL1875691|CHEMBL255020|CHEMBL398138|CHEMBL431610|CHEMBL498879|CHEMBL79790,True,126,17,5
MWKFXSUHUHTGQN,1,CHEMBL25363,True,32,0,0
ICKWICRCANNIBI,1,CHEMBL29873,True,8,0,0
IJFPVINAQGWBRJ,1,CHEMBL3186540,True,0,0,0
CCRCUPLGCSFEDV,2,CHEMBL3560502|CHEMBL55060,True,13,0,0
ZNVPDAPIKJFTLK,0,,False,0,0,0
FBPFZTCFMRRESA,5,CHEMBL1682|CHEMBL1735282|CHEMBL1773904|CHEMBL3188639|CHEMBL689,True,780,0,0
IIYFAKIEWZDVMP,1,CHEMBL135694,True,2,0,0
LHGVFZTZFXWLCP,1,CHEMBL13766,True,87,2,2
UHUFTBALEZWWIH,1,CHEMBL2228569,True,1,0,0
RSJKGSCJYJTIGS,1,CHEMBL132474,True,4,0,0
ROWKJAVDOGWPAT,1,CHEMBL3561873,True,0,0,0
IRHTZOCLLONTOC,0,,False,0,0,0
OKKJLVBELUTLKV,1,CHEMBL14688,True,34,0,0
PGTJIOWQJWHTJJ,0,,False,0,0,0
DRNXTXNIVVMGME,0,,False,0,0,0
KJPRLNWUNMBNBZ,3,CHEMBL2289233|CHEMBL293492|CHEMBL3187944,True,451,17,13
NAAJVHHFAXWBOK,3,CHEMBL1668333|CHEMBL506948|CHEMBL6092010,True,29,11,1
DUYRYUZIBGFLDD,1,CHEMBL455046,True,4,0,0
UPVZPMJSRSWJHQ,0,,False,0,0,0
JUQGWBAOQUBVFP,0,,False,0,0,0
BJQHLKABXJIVAM,2,CHEMBL1242017|CHEMBL402794,True,760,1,1
ZWRUINPWMLAQRD,1,CHEMBL24563,True,13,0,0
KYWIYKKSMDLRDC,1,CHEMBL1236582,True,20,0,0
XMRKUJJDDKYUHV,0,,False,0,0,0
QUEDXNHFTDJVIY,3,CHEMBL2151591|CHEMBL420898|CHEMBL6167079,True,22,0,0
MVLVMROFTAUDAG,0,,False,0,0,0
KMXFZRSJMDYPPG,0,,False,0,0,0
PDSNLYSELAIEBU,1,CHEMBL519092,True,2,0,0
TZDMGBLPGZXHJI,0,,False,0,0,0
USDOQCCMRDNVAH,1,CHEMBL3120653,True,1,0,0
JZRWCGZRTZMZEH,1,CHEMBL1547,True,106,8,8
FEWJPZIEWOKRBE,4,CHEMBL1200861|CHEMBL1236315|CHEMBL225983|CHEMBL333714,True,43,0,0
CSCPPACGZOOCGX,1,CHEMBL14253,True,573,2,0
CNNRPFQICPFDPO,1,CHEMBL1951714,True,22,0,0
KEMQGTRYUADPNZ,1,CHEMBL1172910,True,2,1,1
IRCZVRWQUNZGSH,0,,False,0,0,0
VLKZOEOYAKHREP,1,CHEMBL15939,True,43,0,0
WONIGEXYPVIKFS,1,CHEMBL3109295,True,1,0,0
SRBFZHDQGSBBOR,10,CHEMBL1159661|CHEMBL1159662|CHEMBL1222248|CHEMBL1222249|CHEMBL1357418|CHEMBL1374069|CHEMBL14343|CHEMBL3182855|CHEMBL4781988|CHEMBL505348,True,47,2,0
LVGKNOAMLMIIKO,1,CHEMBL2106289,True,0,0,0
HPOHAUWWDDPHRS,0,,False,0,0,0
GQVMHMFBVWSSPF,1,CHEMBL2268552,True,32,0,0
MMSLOZQEMPDGPI,0,,False,0,0,0
YHAJBLWYOIUHHM,0,,False,0,0,0
NZGWDASTMWDZIW,3,CHEMBL1898498|CHEMBL2924219|CHEMBL366136,True,95,0,0
JOZKFWLRHCDGJA,1,CHEMBL1453648,True,17,1,1
LFQSCWFLJHTTHZ,1,CHEMBL545,True,2764,0,0
SGEWCQFRYRRZDC,3,CHEMBL1332209|CHEMBL1357921|CHEMBL487417,True,138,7,4
LRHPLDYGYMQRHN,1,CHEMBL14245,True,30,0,0
PHTQWCKDNZKARW,1,CHEMBL372396,True,4,0,0
YGHRJJRRZDOVPD,1,CHEMBL18360,True,1,0,0
HVQAJTFOCKOKIN,1,CHEMBL294009,True,193,27,15
RODXRVNMMDRFIK,1,CHEMBL71851,True,415,25,10
HFJRKMMYBMWEAD,1,CHEMBL2228373,True,7,0,0
ZGIGZINMAOQWLX,1,CHEMBL3184169,True,0,0,0
USMNOWBWPHYOEA,3,CHEMBL1444078|CHEMBL3277898|CHEMBL3277899,True,22,0,0
LHXDLQBQYFFVNW,4,CHEMBL2268554|CHEMBL2269327|CHEMBL2269328|CHEMBL2288243,True,57,0,0
DPQYOKVMVCQHMY,2,CHEMBL481844|CHEMBL505457,True,12,1,0
QPJVMBTYPHYUOC,1,CHEMBL16435,True,19,0,0
AEMOLEFTQBMNLQ,3,CHEMBL1159524|CHEMBL2068684|CHEMBL496672,True,35,4,0
LTUMRKDLVGQMJU,1,CHEMBL486207,True,1,0,0
WGTRJVCFDUCKCM,0,,False,0,0,0
KONGRWVLXLWGDV,0,,False,0,0,0
COLNVLDHVKWLRT,3,CHEMBL25080|CHEMBL301523|CHEMBL379630,True,518,11,9
FATBGEAMYMYZAF,2,CHEMBL15927|CHEMBL86554,True,92,7,6
NIDGCIPAMWNKOA,0,,False,0,0,0
RUJPNZNXGCHGID,1,CHEMBL3184678,True,0,0,0
OEYIOHPDSNJKLS,2,CHEMBL4297301|CHEMBL920,True,110,13,3
PEDCQBHIVMGVHV,1,CHEMBL692,True,56,0,0
JXTPJDDICSTXJX,1,CHEMBL1482375,True,2,0,0
SNRUBQQJIBEYMU,1,CHEMBL30959,True,5,0,0
POIARNZEYGURDG,1,CHEMBL3733030,True,7,0,0
WHUUTDBJXJRKMK,2,CHEMBL575060|CHEMBL76232,True,668,292,206
YXFVVABEGXRONW,1,CHEMBL9113,True,51,3,3
ANVAOWXLWRTKGA,0,,False,0,0,0
XNMPFDIYAMOYRM,0,,False,0,0,0
VEVZSMAEJFVWIL,1,CHEMBL404515,True,60,9,6
SVURIXNDRWRAFU,3,CHEMBL1592444|CHEMBL1974890|CHEMBL4303418,True,392,2,0
GIBQERSGRNPMEH,0,,False,0,0,0
BPLQKQKXWHCZSS,1,CHEMBL458690,True,27,0,0
XCYJPXQACVEIOS,0,,False,0,0,0
DKPFZGUDAPQIHT,1,CHEMBL284391,True,7,0,0
JKHRCGUTYDNCLE,1,CHEMBL276780,True,9,2,1
PLAPMLGJVGLZOV,3,CHEMBL1468796|CHEMBL520866|CHEMBL5624769,True,48,6,0
ZAZKJZBWRNNLDS,1,CHEMBL207549,True,5,0,0
IEMMBWWQXVXBEU,0,,False,0,0,0
GLKQAHXBJLGAFT,0,,False,0,0,0
SWXVUIWOUIDPGS,1,CHEMBL3182048,True,0,0,0
MGWAVDBGNNKXQV,1,CHEMBL1370662,True,24,0,0
HMSWAIKSFDFLKN,0,,False,0,0,0
XPFVYQJUAUNWIW,1,CHEMBL308187,True,13,0,0
SIKJAQJRHWYJAI,1,CHEMBL15844,True,96,14,10
BKATZVAUANSCKN,0,,False,0,0,0
BJEPYKJPYRNKOW,3,CHEMBL1234046|CHEMBL1455497|CHEMBL225986,True,39,1,0
HEDRZPFGACZZDS,1,CHEMBL44618,True,894,0,0
STRABSCAWZINIF,0,,False,0,0,0
IMKHDCBNRDRUEB,3,CHEMBL2271411|CHEMBL2271637|CHEMBL2271638,True,19,3,1
KBPHJBAIARWVSC,4,CHEMBL1559643|CHEMBL172477|CHEMBL173929|CHEMBL1979448,True,99,0,0
CCCMONHAUSKTEQ,1,CHEMBL3187417,True,0,0,0
MDFQXBNVOAKNAY,0,,False,0,0,0
GQEZCXVZFLOKMC,1,CHEMBL3182381,True,0,0,0
ZRSNZINYAWTAHE,1,CHEMBL161598,True,54,3,0
RNDFUOKDULDZPR,0,,False,0,0,0
OBNCKNCVKJNDBV,1,CHEMBL44800,True,1,0,0
SHZGCJCMOBCMKK,8,CHEMBL1230861|CHEMBL1232862|CHEMBL1338347|CHEMBL2093892|CHEMBL273741|CHEMBL4303317|CHEMBL5308434|CHEMBL609880,True,79,2,2
JYYFMIOPGOFNPK,2,CHEMBL1527567|CHEMBL2005772,True,108,0,0
XBGUIVFBMBVUEG,0,,False,0,0,0
FERIUCNNQQJTOY,1,CHEMBL14227,True,110,7,7
KWIUHFFTVRNATP,2,CHEMBL1182|CHEMBL95889,True,147,0,0
FPXSXMFOYWRHDX,0,,False,0,0,0
SUJUOAZFECLBOA,0,,False,0,0,0
CNVZJPUDSLNTQU,1,CHEMBL3139878,True,1,1,1
KMOUJOKENFFTPU,4,CHEMBL1591566|CHEMBL2165585|CHEMBL487017|CHEMBL487995,True,171,18,7
GWVDBZWVFGFBCN,0,,False,0,0,0
CATSNJVOTSVZJV,1,CHEMBL18893,True,2,0,0
ULCZGKYHRYJXAU,0,,False,0,0,0
NGIVKZGKEPRIGG,0,,False,0,0,0
NHLUYCJZUXOUBX,0,,False,0,0,0
YIWUKEYIRIRTPP,1,CHEMBL31637,True,8,0,0
PCMORTLOPMLEFB,1,CHEMBL109341,True,72,9,2
QIVBCDIJIAJPQS,3,CHEMBL292303|CHEMBL484901|CHEMBL54976,True,496,9,1
HBEDSQVIWPRPAY,1,CHEMBL370688,True,1,0,0
BBMCTIGTTCKYKF,1,CHEMBL273459,True,22,0,0
MOQGCGNUWBPGTQ,1,CHEMBL1952257,True,1,0,0
MKPMHJQMNACGDI,2,CHEMBL451087|CHEMBL504494,True,2,0,0
NPFVOOAXDOBMCE,1,CHEMBL2251454,True,28,0,0
RKQDKXOBRXTSFS,1,CHEMBL509909,True,6,0,0
LAFYUFZYMDYGLR,0,,False,0,0,0
DBCAVZSSFGIHQZ,2,CHEMBL1990874|CHEMBL519077,True,65,1,1
MXXWOMGUGJBKIW,3,CHEMBL1395862|CHEMBL3188765|CHEMBL43185,True,414,43,17
NDFKTBCGKNOHPJ,1,CHEMBL454759,True,27,0,0
ZCTQGTTXIYCGGC,1,CHEMBL460124,True,28,0,0
LIKYNOPXHGPMIH,1,CHEMBL470874,True,14,0,0
CSKINCSXMLCMAR,0,,False,0,0,0
XCDQFROEGGNAER,3,CHEMBL229563|CHEMBL2298068|CHEMBL464649,True,58,1,0
KWOLFJPFCHCOCG,1,CHEMBL274467,True,65,3,0
NNWHUJCUHAELCL,2,CHEMBL1164609|CHEMBL465829,True,7,0,0
QUKGYYKBILRGFE,1,CHEMBL1233714,True,191,0,0
OOCCDEMITAIZTP,3,CHEMBL118958|CHEMBL3183153|CHEMBL324794,True,37,0,0
FQMZVFJYMPNUCT,1,CHEMBL3182514,True,0,0,0
WLAMNBDJUVNPJU,3,CHEMBL1160012|CHEMBL1162482|CHEMBL1162483,True,16,5,4
WNRBYZQFEBIUGD,0,,False,0,0,0
UWHZIFQPPBDJPM,1,CHEMBL1236642,True,2,1,1
VZCYOOQTPOCHFL,2,CHEMBL503160|CHEMBL539648,True,237,8,3
QDUJKDRUFBJYSQ,0,,False,0,0,0
VHQQPFLOGSTQPC,0,,False,0,0,0
ZMQAAUBTXCXRIC,1,CHEMBL242273,True,598,6,1
XDTMQSROBMDMFD,1,CHEMBL15980,True,22,0,0
DYLPEFGBWGEFBB,0,,False,0,0,0
AMQJEAYHLZJPGS,1,CHEMBL14568,True,21,0,0
NUKZAGXMHTUAFE,0,,False,0,0,0
ODBRNZZJSYPIDI,2,CHEMBL1302308|CHEMBL239559,True,99,5,1
NLZUEZXRPGMBCV,1,CHEMBL146,True,465,75,2
OSELKOCHBMDKEJ,2,CHEMBL1836654|CHEMBL519971,True,7,0,0
TZBJGXHYKVUXJN,1,CHEMBL44,True,2064,256,140
VFPFQHQNJCMNBZ,1,CHEMBL453196,True,64,6,1
ZYURHZPYMFLWSH,0,,False,0,0,0
CHWNEIVBYREQRF,1,CHEMBL3186900,True,2,0,0
OILXMJHPFNGGTO,1,CHEMBL1836652,True,2,0,0
TUSDEZXZIZRFGC,2,CHEMBL1425538|CHEMBL449392,True,173,28,7
ACOBBFVLNKYODD,2,CHEMBL3184963|CHEMBL6146974,True,1,0,0
KMPQYAYAQWNLME,1,CHEMBL1236576,True,7,0,0
XCPQUQHBVVXMRQ,0,,False,0,0,0
WLNGPDPILFYWKF,0,,False,0,0,0
OIGWAXDAPKFNCQ,1,CHEMBL3183500,True,7,0,0
HJOVHMDZYOCNQW,1,CHEMBL1882894,True,1,0,0
NMRPBPVERJPACX,1,CHEMBL487998,True,7,0,0
XMLSXPIVAXONDL,1,CHEMBL2251602,True,3,0,0
NIOYUNMRJMEDGI,1,CHEMBL1235338,True,8,0,0
KDYFGRWQOYBRFD,1,CHEMBL576,True,109,14,9
ORHBXUUXSCNDEV,1,CHEMBL51628,True,426,27,10
DNVPQKQSNYMLRS,7,CHEMBL1232562|CHEMBL1512075|CHEMBL1741735|CHEMBL1965225|CHEMBL222608|CHEMBL3185842|CHEMBL4740595,True,183,10,1
HNDVDQJCIGZPNO,2,CHEMBL104875|CHEMBL17962,True,229,4,1
ROHFNLRQFUQHCH,4,CHEMBL1232258|CHEMBL291962|CHEMBL46575|CHEMBL5394043,True,183,2,1
URLKBWYHVLBVBO,1,CHEMBL31561,True,15,2,2
LPMXVESGRSUGHW,10,CHEMBL1493751|CHEMBL1512393|CHEMBL1524156|CHEMBL1591556|CHEMBL1617838|CHEMBL1720907|CHEMBL2069120|CHEMBL222863|CHEMBL3184081|CHEMBL4552650,True,1052,44,3
YNQLUTRBYVCPMQ,1,CHEMBL371561,True,15,2,2
AZOCECCLWFDTAP,1,CHEMBL2268553,True,32,0,0
NDTYTMIUWGWIMO,3,CHEMBL1593539|CHEMBL236687|CHEMBL444711,True,128,6,1
MLFHJEHSLIIPHL,1,CHEMBL42013,True,8,0,0
JELGPLUONQGOHF,0,,False,0,0,0
BDLLSHRIFPDGQB,0,,False,0,0,0
ZXEKIIBDNHEJCQ,1,CHEMBL269630,True,21,0,0
KYOFIJXMVNQYFC,1,CHEMBL221543,True,12,1,1
KUKRLSJNTMLPPK,0,,False,0,0,0
ZYTMANIQRDEHIO,5,CHEMBL237994|CHEMBL3120658|CHEMBL3120659|CHEMBL3560085|CHEMBL4454861,True,13,0,0
YLYBTZIQSIBWLI,1,CHEMBL2228456,True,6,0,0
SCCDQYPEOIRVGX,1,CHEMBL108299,True,30,2,1
KJIOQYGWTQBHNH,1,CHEMBL444525,True,17,0,0
YYZUSRORWSJGET,1,CHEMBL4633100,True,1,0,0
CTQNGGLPUBDAKN,1,CHEMBL45005,True,15,2,2
QIGBRXMKCJKVMJ,1,CHEMBL537,True,682,35,18
QNGQIURXCUHNAT,0,,False,0,0,0
FPIPGXGPPPQFEQ,5,CHEMBL1454290|CHEMBL1595345|CHEMBL4802238|CHEMBL5314606|CHEMBL986,True,1714,9,5
MDXYRLOGARYUFV,0,,False,0,0,0
SJWFXCIHNDVPSH,1,CHEMBL510068,True,2,0,0
PBWRFXQNNGSAQG,0,,False,0,0,0
XBDQKXXYIPTUBI,1,CHEMBL14021,True,81,2,2
BTFJIXJJCSYFAL,1,CHEMBL451717,True,4,0,0
UAUDZVJPLUQNMU,2,CHEMBL1232565|CHEMBL89778,True,3,2,2
FPDXMWHJGOCDQJ,0,,False,0,0,0
JXOHGGNKMLTUBP,2,CHEMBL290345|CHEMBL3348832,True,27,0,0
CUFNKYGDVFVPHO,1,CHEMBL3272628,True,3,0,0
RYYVLZVUVIJVGH,1,CHEMBL113,True,3030,84,67
YRHYCMZPEVDGFQ,1,CHEMBL2137647,True,2,0,0
YDLYQMBWCWFRAI,0,,False,0,0,0
DOUMFZQKYFQNTF,5,CHEMBL1315100|CHEMBL2111558|CHEMBL3098862|CHEMBL324842|CHEMBL66966,True,451,62,38
ZSBOMYJPSRFZAL,1,CHEMBL3187344,True,0,0,0
SGAWOGXMMPSZPB,1,CHEMBL3183495,True,6,0,0
XFRVVPUIAFSTFO,1,CHEMBL24832,True,11,0,0
OUYCCCASQSFEME,3,CHEMBL1076637|CHEMBL108615|CHEMBL925,True,292,2,1
CKLJMWTZIZZHCS,2,CHEMBL274323|CHEMBL29757,True,138,19,12
GSANOGQCVHBHIF,0,,False,0,0,0
XZYQCFABZDVOPN,0,,False,0,0,0
XPGWKKLDFXNBPJ,0,,False,0,0,0
XBWACJDEQIZTPR,0,,False,0,0,0
DPUOLQHDNGRHBS,1,CHEMBL1173380,True,81,3,3
NGDNVOAEIVQRFH,1,CHEMBL454517,True,5,0,0
PXRCIOIWVGAZEP,0,,False,0,0,0
REIUXOLGHVXAEO,1,CHEMBL26561,True,9,0,0
YSKVBPGQYRAUQO,1,CHEMBL238597,True,6,0,0
SZHOJFHSIKHZHA,1,CHEMBL107874,True,15,3,3
FLKPEMZONWLCSK,1,CHEMBL388558,True,36,0,0
IZQSVPBOUDKVDZ,1,CHEMBL379064,True,167,27,13
XFZJEEAOWLFHDH,11,CHEMBL1253314|CHEMBL1590914|CHEMBL38714|CHEMBL4441298|CHEMBL447373|CHEMBL4475857|CHEMBL4514734|CHEMBL4572932|CHEMBL501490|CHEMBL504937|CHEMBL81753,True,256,14,2
IRDFGGRWKUKANK,0,,False,0,0,0
RUMOYJJNUMEFDD,2,CHEMBL442913|CHEMBL469537,True,32,3,3
BSAIUMLZVGUGKX,1,CHEMBL450072,True,22,2,0
GGGUGZHBAOMSFJ,3,CHEMBL470462|CHEMBL511822|CHEMBL5792205,True,26,5,2
MDHYEMXUFSJLGV,1,CHEMBL3184025,True,0,0,0
RKWHWFONKJEUEF,3,CHEMBL1197952|CHEMBL257839|CHEMBL3139872,True,66,7,2
BJDRPQVYYLFRJI,0,,False,0,0,0
PDEQKAVEYSOLJX,2,CHEMBL512210|CHEMBL5435489,True,49,2,2
XHXUANMFYXWVNG,2,CHEMBL2236867|CHEMBL254585,True,10,0,0
PANBRUWVURLWGY,1,CHEMBL451328,True,18,0,0
DFMBJBXEHZSTJQ,0,,False,0,0,0
RKFAZBXYICVSKP,2,CHEMBL333306|CHEMBL477752,True,100,3,2
WJSDHUCWMSHDCR,1,CHEMBL3185011,True,0,0,0
QQRSPHJOOXUALR,1,CHEMBL1560118,True,23,0,0
BJIOGJUNALELMI,3,CHEMBL193598|CHEMBL2135887|CHEMBL445206,True,650,14,1
WGVKWNUPNGFDFJ,1,CHEMBL6147804,True,1,0,0
SLKPBCXNFNIJSV,0,,False,0,0,0
BYCHQEILESTMQU,0,,False,0,0,0
JGHZJRVDZXSNKQ,1,CHEMBL3183908,True,1,0,0
NNRLDGQZIVUQTE,0,,False,0,0,0
DTCCTIQRPGSLPT,1,CHEMBL256368,True,39,1,1
HZYHMHHBBBSGHB,1,CHEMBL4442941,True,1,0,0
SHZIWNPUGXLXDT,0,,False,0,0,0
HGBOYTHUEUWSSQ,1,CHEMBL18602,True,20,0,0
RWCCWEUUXYIKHB,1,CHEMBL90039,True,48,0,0
JZVFJDZBLUFKCA,2,CHEMBL4538181|CHEMBL487783,True,9,3,3
UQDUPQYQJKYHQI,1,CHEMBL1894365,True,21,0,0
HNVRRHSXBLFLIG,1,CHEMBL4245903,True,4,0,0
WQGWDDDVZFFDIG,1,CHEMBL307145,True,592,26,18
MTZQAGJQAFMTAQ,1,CHEMBL510714,True,9,0,0
SPURMHFLEKVAAS,0,,False,0,0,0
CYIFVRUOHKNECG,1,CHEMBL480097,True,8,0,0
FOHXFLPXBUAOJM,4,CHEMBL1221722|CHEMBL2282026|CHEMBL3298442|CHEMBL462244,True,38,7,1
FZZNNPQZDRVKLU,0,,False,0,0,0
ONQRKEUAIJMULO,5,CHEMBL119938|CHEMBL225815|CHEMBL226036|CHEMBL393145|CHEMBL486195,True,87,4,1
OVBPIULPVIDEAO,3,CHEMBL1622|CHEMBL277040|CHEMBL4472009,True,291,10,7
GWYFCOCPABKNJV,1,CHEMBL568737,False,6,2,2
KXKVLQRXCPHEJC,1,CHEMBL14079,True,11,0,0
DFPMSGMNTNDNHN,11,CHEMBL1742953|CHEMBL1970019|CHEMBL3039189|CHEMBL3183739|CHEMBL3398265|CHEMBL3398268|CHEMBL451512|CHEMBL451532|CHEMBL4522943|CHEMBL5561944|CHEMBL6192454,True,171,12,9
AZQWKYJCGOJGHM,1,CHEMBL8320,True,146,17,10
ZGJKNMPTVDDRRH,0,,False,0,0,0
ZJSIKVDEOWWVEH,1,CHEMBL3120652,True,1,0,0
MYXNWGACZJSMBT,2,CHEMBL1601394|CHEMBL465360,True,79,8,2
MQIUGAXCHLFZKX,1,CHEMBL1409747,True,18,0,0
HLZKNKRTKFSKGZ,1,CHEMBL24022,True,10,0,0
XUDJZDNUVZHSKZ,0,,False,0,0,0
OPJZLUXFQFQYAI,0,,False,0,0,0
PGECIBNDMVQPHQ,0,,False,0,0,0
CIISBNCSMVCNIP,0,,False,0,0,0
LCZUOKDVTBMCMX,1,CHEMBL94709,True,2,0,0
JXSVIVRDWWRQRT,9,CHEMBL1395292|CHEMBL1488520|CHEMBL1564373|CHEMBL1773214|CHEMBL278622|CHEMBL3348982|CHEMBL404313|CHEMBL4078969|CHEMBL4647779,True,170,42,3
LXNHXLLTXMVWPM,1,CHEMBL1364,True,117,0,0
WXYXERHRDKEISL,0,,False,0,0,0
MBNGWHIJMBWFHU,1,CHEMBL90568,True,182,28,7
RZVHIXYEVGDQDX,1,CHEMBL55659,True,70,3,1
VZWGRQBCURJOMT,1,CHEMBL2228460,True,1,0,0
ZDPHROOEEOARMN,1,CHEMBL108030,True,18,5,5
HFDVRLIODXPAHB,1,CHEMBL1892257,True,4,0,0
VEGYMPQCXPVQJY,0,,False,0,0,0
BKIMMITUMNQMOS,1,CHEMBL335900,True,10,0,0
FWWQKRXKHIRPJY,0,,False,0,0,0
BGEHHAVMRVXCGR,1,CHEMBL2228568,True,1,0,0
FKRCODPIKNYEAC,1,CHEMBL44115,True,2,0,0
ONIBWKKTOPOVIA,2,CHEMBL54922|CHEMBL80257,True,178,2,2
MTCFGRXMJLQNBG,3,CHEMBL11298|CHEMBL285123|CHEMBL4650463,True,163,25,9
KEVYVLWNCKMXJX,1,CHEMBL453797,True,19,0,0
BNWJOHGLIBDBOB,1,CHEMBL481044,True,47,1,0
BLCUZCCTSBVFSV,0,,False,0,0,0
IVSZLXZYQVIEFR,1,CHEMBL286727,True,11,2,2
FBSFWRHWHYMIOG,1,CHEMBL65675,True,157,12,2
WLJVXDMOQOGPHL,1,CHEMBL1044,True,100,1,1
ODKSFYDXXFIFQN,2,CHEMBL1485|CHEMBL212301,True,178,2,1
WXTMDXOMEHJXQO,1,CHEMBL1461,True,83,10,7
CJPNOLIZCWDHJK,1,CHEMBL3273567,True,6,0,0
VBICKXHEKHSIBG,1,CHEMBL255696,True,20,1,0
JUWUWIGZUVEFQB,1,CHEMBL3186375,True,0,0,0
BCOXBEHFBZOJJZ,1,CHEMBL3182851,True,0,0,0
RWNHLTKFBKYDOJ,5,CHEMBL1774425|CHEMBL1797308|CHEMBL3342058|CHEMBL464466|CHEMBL515747,True,93,10,4
XENHPQQLDPAYIJ,2,CHEMBL3139806|CHEMBL518846,True,35,2,0
SUSQOBVLVYHIEX,1,CHEMBL3560735,True,0,0,0
YLRXAIKMLINXQY,1,CHEMBL235428,True,64,0,0
OUDFNZMQXZILJD,1,CHEMBL2230304,True,1,0,0
LSHVYAFMTMFKBA,7,CHEMBL126142|CHEMBL129451|CHEMBL1514905|CHEMBL328085|CHEMBL36327|CHEMBL483083|CHEMBL78573,True,301,90,54
YVBAUDVGOFCUSG,1,CHEMBL3182720,True,0,0,0
XUPYJHCZDLZNFP,0,,False,0,0,0
HCRBXQFHJMCTLF,0,,False,0,0,0
JIGCTXHIECXYRJ,2,CHEMBL3356397|CHEMBL593049,True,9,1,1
KMZHZAAOEWVPSE,0,,False,0,0,0
WAKCWJNDXBPEBP,0,,False,0,0,0
XIUXKAZJZFLLDQ,1,CHEMBL1900809,True,5,0,0
FIAAVMJLAGNUKW,2,CHEMBL1442950|CHEMBL6142393,True,51,0,0
JXZQZARENYGJMK,0,,False,0,0,0
PGBNIHXXFQBCPU,0,,False,0,0,0
DYUSFBWNOCHOFP,0,,False,0,0,0
YWJXCIXBAKGUKZ,8,CHEMBL1485130|CHEMBL1512567|CHEMBL1616426|CHEMBL1619590|CHEMBL1907330|CHEMBL2374594|CHEMBL273019|CHEMBL5171628,True,245,10,2
GCRTVIUGJCJVDD,0,,False,0,0,0
IUMSDRXLFWAGNT,0,,False,0,0,0
MMKRHZKQPFCLLS,1,CHEMBL207555,True,4,0,0
MQPHVIPKLRXGDJ,0,,False,0,0,0
YTHRBOFHFYZBRJ,1,CHEMBL1351619,True,7,0,0
LVBXEMGDVWVTGY,1,CHEMBL448058,True,22,0,0
LRMRNURCSDFQJJ,0,,False,0,0,0
XOCANRBEOZQNAQ,0,,False,0,0,0
CETWDUZRCINIHU,1,CHEMBL449522,True,1,0,0
BBNYCLAREVXOSG,1,CHEMBL1317070,True,7,0,0
YEJRWHAVMIAJKC,1,CHEMBL95681,True,5,0,0
FUQAYSQLAOJBBC,2,CHEMBL1374805|CHEMBL3120650,True,16,0,0
GLDOVTGHNKAZLK,1,CHEMBL24640,True,22,0,0
VAMFXQBUQXONLZ,0,,False,0,0,0
WMBWREPUVVBILR,5,CHEMBL126079|CHEMBL264938|CHEMBL297453|CHEMBL311663|CHEMBL338988,True,1134,271,133
HAVYZKHVTLAPDZ,0,,False,0,0,0
RGIBXDHONMXTLI,1,CHEMBL108862,True,5,0,0
PEYUIKBAABKQKQ,8,CHEMBL1572261|CHEMBL1591714|CHEMBL1708854|CHEMBL1904496|CHEMBL1968861|CHEMBL252915|CHEMBL3814532|CHEMBL43469,True,315,8,2
LMCRYOCEDDKMQA,0,,False,0,0,0
RGHHSNMVTDWUBI,1,CHEMBL14193,True,123,9,4
NAJCQAAOHKVCES,2,CHEMBL226084|CHEMBL495598,True,13,1,0
JVTAAEKCZFNVCJ,3,CHEMBL1200559|CHEMBL330546|CHEMBL358850,True,328,2,0
GHOKWGTUZJEAQD,3,CHEMBL1594|CHEMBL1741144|CHEMBL2110806,True,32,0,0
TZMFJUDUGYTVRY,1,CHEMBL192809,True,11,0,0
BYGQBDHUGHBGMD,1,CHEMBL2270060,True,10,0,0
XNLICIUVMPYHGG,1,CHEMBL45345,True,2,0,0
CLUWOWRTHNNBBU,1,CHEMBL333298,True,5,0,0
IKHGUXGNUITLKF,1,CHEMBL170365,True,17,0,0
PPXUHEORWJQRHJ,1,CHEMBL3183097,True,0,0,0
AOGQPLXWSUTHQB,1,CHEMBL2228454,True,25,0,0
XINCECQTMHSORG,1,CHEMBL3189076,True,0,0,0
IMQLKJBTEOYOSI,2,CHEMBL1233511|CHEMBL2005481,True,77,2,2
JMFRWRFFLBVWSI,2,CHEMBL2088631|CHEMBL501870,True,85,11,0
RTBLDXVIGWSICW,0,,False,0,0,0
OWHRWZYNUQDQEF,0,,False,0,0,0
MCWVPSBQQXUCTB,0,,False,0,0,0
WWNNZCOKKKDOPX,2,CHEMBL1187085|CHEMBL350675,True,26,1,0
IIGLVVZHSDZGOL,0,,False,0,0,0
LGWNRNDWDZHUNP,0,,False,0,0,0
QGBRLVONZXHAKJ,0,,False,0,0,0
KNXMUFRWYNVISA,0,,False,0,0,0
PMOWTIHVNWZYFI,1,CHEMBL52564,True,63,8,5
IWDCLRJOBJJRNH,1,CHEMBL16645,True,59,2,2
WYJAKKNMIDWZKG,0,,False,0,0,0
RDFLLVCQYHQOBU,1,CHEMBL2425137,True,9,1,1
ILEDWLMCKZNDJK,1,CHEMBL244743,True,256,24,13
QHMGJGNTMQDRQA,0,,False,0,0,0
RNKMOGIPOMVCHO,3,CHEMBL389895|CHEMBL5193262|CHEMBL6175343,True,27,4,0
MDZKJHQSJHYOHJ,7,CHEMBL201515|CHEMBL383749|CHEMBL482673|CHEMBL5434422|CHEMBL577380|CHEMBL5788057|CHEMBL5960805,True,282,99,18
XEZVDURJDFGERA,1,CHEMBL1173462,True,1,0,0
IGJQUJNPMOYEJY,1,CHEMBL1414126,True,5,0,0
XMHIUKTWLZUKEX,1,CHEMBL464787,True,2,0,0
TYWMIZZBOVGFOV,0,,False,0,0,0
QOEHNLSDMADWEF,0,,False,0,0,0
AEMRFAOFKBGASW,1,CHEMBL252557,True,298,0,0
HXEACLLIILLPRG,3,CHEMBL1231898|CHEMBL308408|CHEMBL322883,True,15,0,0
JGUZGNYPMHHYRK,1,CHEMBL312163,True,182,12,8
LGJMUZUPVCAVPU,3,CHEMBL252364|CHEMBL305498|CHEMBL4743281,True,9,0,0
DOFJNFPSMUCECH,1,CHEMBL75978,True,88,8,1
SQIFACVGCPWBQZ,0,,False,0,0,0
NOPLRNXKHZRXHT,0,,False,0,0,0
JLIDVCMBCGBIEY,1,CHEMBL1506228,True,8,0,0
BFCBRSFYYLSTAA,0,,False,0,0,0
SCZVLDHREVKTSH,1,CHEMBL214321,True,182,16,3
DZNVIZQPWLDQHI,1,CHEMBL3184928,True,0,0,0
AUJXJFHANFIVKH,2,CHEMBL2287145|CHEMBL32969,True,59,2,1
SWYRVCGNMNAFEK,4,CHEMBL444196|CHEMBL465921|CHEMBL482383|CHEMBL520291,True,20,3,0
JVXZRQGOGOXCEC,1,CHEMBL55415,True,187,33,18
GCTNBVHDRFKLLK,0,,False,0,0,0
AYFVYJQAPQTCCC,7,CHEMBL1232386|CHEMBL1734340|CHEMBL291747|CHEMBL30037|CHEMBL319354|CHEMBL555743|CHEMBL59238,True,78,0,0
KZSNJWFQEVHDMF,3,CHEMBL11257|CHEMBL1232398|CHEMBL43068,True,73,1,1
AEVLWICMAHGAMS,0,,False,0,0,0
DANYIYRPLHHOCZ,1,CHEMBL243664,True,373,38,19
ZTMZUYHXZPUDRF,0,,False,0,0,0
APJYDQYYACXCRM,1,CHEMBL6640,True,128,29,18
ONVABDHFQKWOSV,1,CHEMBL454740,True,1,0,0
XLSMFKSTNGKWQX,0,,False,0,0,0
KDXKERNSBIXSRK,3,CHEMBL28328|CHEMBL319497|CHEMBL8085,True,58,8,2
FFEARJCKVFRZRR,6,CHEMBL1234268|CHEMBL1770614|CHEMBL2106977|CHEMBL274119|CHEMBL4228668|CHEMBL42336,True,138,1,1
XMUJIPOFTAHSOK,1,CHEMBL4633278,True,1,0,0
LGOFSGDSFQNIAT,0,,False,0,0,0
OAIJSZIZWZSQBC,2,CHEMBL1984187|CHEMBL501174,True,166,3,0
IZFGRAGOVZCUFB,0,,False,0,0,0
PPBRXRYQALVLMV,1,CHEMBL285235,True,20,0,0
VMOJIHDTVZTGDO,0,,False,0,0,0
PZZRDJXEMZMZFD,5,CHEMBL3349974|CHEMBL3349975|CHEMBL464507|CHEMBL488198|CHEMBL520637,True,24,3,1
ULBTUVJTXULMLP,0,,False,0,0,0
UDXDFWBZZQHDRO,1,CHEMBL471754,True,3,0,0
AUHZEENZYGFFBQ,1,CHEMBL1797281,True,1,0,0
LCTONWCANYUPML,1,CHEMBL1162144,True,40,1,1
NCYCYZXNIZJOKI,4,CHEMBL1255087|CHEMBL1579130|CHEMBL257381|CHEMBL81379,True,180,3,3
PVVODBCDJBGMJL,0,,False,0,0,0
BHHGXPLMPWCGHP,1,CHEMBL610,True,99,22,17
UMRPOGLIBDXFNK,2,CHEMBL1318082|CHEMBL489760,True,31,1,0
SSNZFFBDIMUILS,1,CHEMBL2228452,True,2,0,0
NOWZBRLFRHWZOY,0,,False,0,0,0
PNVTXOFNJFHXOK,2,CHEMBL453674|CHEMBL507840,True,2,0,0
HKZQJZIFODOLFR,1,CHEMBL54161,True,54,0,0
WYUFTYLVLQZQNH,2,CHEMBL2059297|CHEMBL4066285,True,2,0,0
YKYONYBAUNKHLG,1,CHEMBL44857,True,2,0,0
MAEBCGDGGATMSC,1,CHEMBL4748825,True,1,0,0
QNAYBMKLOCPYGJ,2,CHEMBL279597|CHEMBL66693,True,143,7,1
BTSIZIIPFNVMHF,1,CHEMBL2269088,True,6,0,0
IPNWLABTDCELLG,0,,False,0,0,0
MMDUKUSNQNWVET,2,CHEMBL1537012|CHEMBL5556768,True,14,3,2
UHDGCWIWMRVCDJ,11,CHEMBL1315342|CHEMBL163754|CHEMBL2028065|CHEMBL2092816|CHEMBL2093067|CHEMBL2448171|CHEMBL4237960|CHEMBL605037|CHEMBL78|CHEMBL803|CHEMBL95606,True,2754,728,7
HSEMFIZWXHQJAE,1,CHEMBL32605,True,10,1,0
DVBSKQAFCDJNSL,0,,False,0,0,0
KWFJIXPIFLVMPM,0,,False,0,0,0
ZCIAZFSKBUFPBI,0,,False,0,0,0
VAMXMNNIEUEQDV,1,CHEMBL1493986,True,23,1,1
UUIQMZJEGPQKFD,1,CHEMBL15859,True,1,0,0
WFMIUXMJJBBOGJ,1,CHEMBL3343661,True,5,0,0
GUBGYTABKSRVRQ,8,CHEMBL1159651|CHEMBL1231670|CHEMBL1254686|CHEMBL1614877|CHEMBL1903530|CHEMBL1908365|CHEMBL469865|CHEMBL470274,True,76,0,0
NVIPUOMWGQAOIT,1,CHEMBL3727440,True,1,0,0
CIIYOYPOMGIECX,1,CHEMBL5269886,True,4,0,0
UCQHFDKBUHCAFR,0,,False,0,0,0
HDJLSECJEQSPKW,0,,False,0,0,0
NPNNKDMSXVRADT,2,CHEMBL206555|CHEMBL451720,True,92,14,0
LGNSZMLHOYDATP,0,,False,0,0,0
BVOSSZSHBZQJOI,1,CHEMBL2270634,True,16,0,0
VRSGYUIZSVSWIY,0,,False,0,0,0
TUSIZTVSUSBSQI,1,CHEMBL1730107,True,1,0,0
DUNCVNHORHNONW,0,,False,0,0,0
KFZMGEQAYNKOFK,1,CHEMBL582,True,28,0,0
ZTQSAGDEMFDKMZ,1,CHEMBL1478334,True,19,0,0
UIDGLYUNOUKLBM,5,CHEMBL1711509|CHEMBL2165403|CHEMBL258394|CHEMBL4536358|CHEMBL84174,True,61,6,2
NQPDZGIKBAWPEJ,1,CHEMBL268736,True,13,0,0
YXOLAZRVSSWPPT,1,CHEMBL28626,True,355,73,49
XBZYWSMVVKYHQN,0,,False,0,0,0
VCMMXZQDRFWYSE,1,CHEMBL295316,True,534,112,14
OJISWRZIEWCUBN,1,CHEMBL478589,True,25,2,0
SOSLMHZOJATCCP,3,CHEMBL2296345|CHEMBL240528|CHEMBL515798,True,164,6,1
NOPFSRXAKWQILS,1,CHEMBL1200453,True,23,0,0
KVFIJIWMDBAGDP,1,CHEMBL97525,True,1,0,0
OIRDTQYFTABQOQ,13,CHEMBL1090|CHEMBL11909|CHEMBL1236872|CHEMBL1413677|CHEMBL144|CHEMBL145188|CHEMBL20247|CHEMBL2051971|CHEMBL3248866|CHEMBL446423|CHEMBL477|CHEMBL606298|CHEMBL91573,True,1421,126,46
GRBHNQFQFHLCHO,2,CHEMBL486393|CHEMBL575188,True,57,5,0
HFGSQOYIOKBQOW,4,CHEMBL237535|CHEMBL391533|CHEMBL391534|CHEMBL574993,True,217,26,14
HUNLTIZKNQDZEI,3,CHEMBL225634|CHEMBL225802|CHEMBL390109,True,21,3,0
CKDDRHZIAZRDBW,1,CHEMBL1172909,True,1,0,0
HMMVBUVVQLUGQA,0,,False,0,0,0
IBVJWOMJGCHRRW,1,CHEMBL2286984,True,2,0,0
PETRWTHZSKVLRE,1,CHEMBL3182715,True,0,0,0
GZSOSUNBTXMUFQ,4,CHEMBL1512770|CHEMBL1707291|CHEMBL231884|CHEMBL3039392,True,203,4,2
SNICXCGAKADSCV,3,CHEMBL3|CHEMBL440464|CHEMBL9732,True,1883,384,87
LQJBNNIYVWPHFW,0,,False,0,0,0
RGXWDWUGBIJHDO,1,CHEMBL3184829,True,1,0,0
ZJIQIJIQBTVTDY,0,,False,0,0,0
CRSBERNSMYQZNG,1,CHEMBL1872885,True,3,0,0
ZPVFWPFBNIEHGJ,1,CHEMBL18549,True,2,0,0
AIONOLUJZLIMTK,3,CHEMBL1589200|CHEMBL399121|CHEMBL88169,True,416,25,16
CAWHJQAVHZEVTJ,1,CHEMBL479791,True,6,0,0
DCXYFEDJOCDNAF,2,CHEMBL1232369|CHEMBL58832,True,57,1,1
DHMQDGOQFOQNFH,1,CHEMBL773,True,629,28,6
KRCZYMFUWVJCLI,0,,False,0,0,0
UDBAGFUFASPUFS,0,,False,0,0,0
WXQGPFZDVCRBME,0,,False,0,0,0
HPSSZFFAYWBIPY,0,,False,0,0,0
FIPPFBHCBUDBRR,0,,False,0,0,0
QHZLMUACJMDIAE,1,CHEMBL1078140,True,8,0,0
PJLHTVIBELQURV,0,,False,0,0,0
PEFNSGRTCBGNAN,6,CHEMBL1159535|CHEMBL1317166|CHEMBL233929|CHEMBL4459773|CHEMBL4581459|CHEMBL574683,True,251,25,8
UCPNHIPCCLLQGA,0,,False,0,0,0
OTMSDBZUPAUEDD,1,CHEMBL135626,True,10,0,0
SOGKSNZFDBFKCV,0,,False,0,0,0
BXGVVQADPFXGHD,1,CHEMBL2253133,True,3,0,0
ZQSIJRDFPHDXIC,1,CHEMBL8145,True,429,39,29
AGPKZVBTJJNPAG,6,CHEMBL1233584|CHEMBL1720399|CHEMBL1867019|CHEMBL1869615|CHEMBL4239366|CHEMBL56053,True,30,0,0
PKBVGJFKBPLWOD,0,,False,0,0,0
LMTKWIQCTSKTDN,0,,False,0,0,0
GWHJZXXIDMPWGX,1,CHEMBL1797280,True,1,0,0
QSJXEFYPDANLFS,1,CHEMBL365809,True,34,0,0
LABTWGUMFABVFG,1,CHEMBL4099976,True,1,0,0
QSQLTHHMFHEFIY,0,,False,0,0,0
RHLVCLIPMVJYKS,1,CHEMBL2269087,True,6,0,0
HBTHUBMUAHAWBC,1,CHEMBL1814555,True,2,1,0
DJYWGTBEZVORGE,0,,False,0,0,0
HGCIXCUEYOPUTN,1,CHEMBL16396,True,3,0,0
DMASLKHVQRHNES,0,,False,0,0,0
XXHDAWYDNSXJQM,0,,False,0,0,0
XULHFMYCBKQGEE,1,CHEMBL3560208,True,0,0,0
CAHGCLMLTWQZNJ,4,CHEMBL1397369|CHEMBL225111|CHEMBL465181|CHEMBL4758980,True,63,4,2
IQDXAJNQKSIPGB,0,,False,0,0,0
FNTJVYCFNVUBOL,0,,False,0,0,0
GHMLBKRAJCXXBS,1,CHEMBL24147,True,139,14,11
BYVWXQRJRYELNP,0,,False,0,0,0
ZCHOPXVYTWUHDS,0,,False,0,0,0
KBEBGUQPQBELIU,2,CHEMBL318196|CHEMBL3182745,True,32,4,0
SMQUZDBALVYZAC,1,CHEMBL108925,True,47,2,2
VQOXUMQBYILCKR,1,CHEMBL3186542,True,0,0,0
RHMXXJGYXNZAPX,1,CHEMBL289277,True,822,99,28
OJEFBZMKKJTKKK,0,,False,0,0,0
WTLLIAVPAMWKOT,0,,False,0,0,0
OJYKYCDSGQGTRJ,2,CHEMBL3586094|CHEMBL459110,True,46,1,1
JIJQKFPGBBEJNF,1,CHEMBL3798269,True,4,0,0
QFMNRAYIDITSCI,0,,False,0,0,0
QUCQEUCGKKTEBI,1,CHEMBL206106,True,46,8,6
YGCZTXZTJXYWCO,1,CHEMBL440161,True,16,0,0
CIPXOBMYVWRNLL,0,,False,0,0,0
GVOWHGSUZUUUDR,1,CHEMBL1409791,True,11,0,0
SAOKZLXYCUGLFA,1,CHEMBL1414950,True,17,0,0
VWWCDVHRHSFKKK,0,,False,0,0,0
QJYNZEYHSMRWBK,12,CHEMBL1224764|CHEMBL127911|CHEMBL1500249|CHEMBL206710|CHEMBL207014|CHEMBL207164|CHEMBL262173|CHEMBL3669202|CHEMBL377052|CHEMBL382408|CHEMBL383306|CHEMBL425946,True,367,54,37
YWJGYBXHXATAQY,0,,False,0,0,0
XKJMJYZFAWYREL,0,,False,0,0,0
ZPPQIOUITZSYAO,0,,False,0,0,0
WQLVFSAGQJTQCK,4,CHEMBL1551855|CHEMBL1553328|CHEMBL400807|CHEMBL412437,True,178,23,1
APAPGJJZPJQKJJ,0,,False,0,0,0
PQLMXFQTAMDXIZ,1,CHEMBL3187370,True,0,0,0
IZEUIYYDWBKERE,1,CHEMBL2237045,True,2,0,0
SBZWTSHAFILOTE,3,CHEMBL123809|CHEMBL124022|CHEMBL126393,True,4,0,0
MBRLOUHOWLUMFF,1,CHEMBL52229,True,154,19,5
MMXKVMNBHPAILY,1,CHEMBL3187842,True,1,0,0
HXTFHSYLYXVTHC,4,CHEMBL1441712|CHEMBL3185240|CHEMBL446246|CHEMBL507672,True,24,1,1
KCMPNSMMFORCER,0,,False,0,0,0
VFLDPWHFBUODDF,4,CHEMBL1318698|CHEMBL140|CHEMBL1916041|CHEMBL3187799,True,3673,877,188
QEVHRUUCFGRFIF,6,CHEMBL1315313|CHEMBL1396912|CHEMBL1433658|CHEMBL1452716|CHEMBL388848|CHEMBL772,True,1397,64,36
AEDDIBAIWPIIBD,3,CHEMBL1329826|CHEMBL464825|CHEMBL4856778,True,299,20,10
FBWMYSQUTZRHAT,0,,False,0,0,0
JVTZFYYHCGSXJV,1,CHEMBL275563,True,33,1,0
RDWUNORUTVEHJF,0,,False,0,0,0
CHFHDTRINHGRJJ,0,,False,0,0,0
ZDWSNKPLZUXBPE,1,CHEMBL321841,True,5,3,0
WNXJIVFYUVYPPR,1,CHEMBL3187281,True,1,0,0
KCFDNMFGSCHGFW,0,,False,0,0,0
FXLOVSHXALFLKQ,1,CHEMBL190927,True,5,3,0
ZHYZQXUYZJNEHD,2,CHEMBL170190|CHEMBL3182124,True,21,0,0
RXKJFZQQPQGTFL,1,CHEMBL1229937,True,65,0,0
OALYTRUKMRCXNH,1,CHEMBL191935,True,4,0,0
MFLJAIATZVGFPM,0,,False,0,0,0
ISFMXVMWEWLJGJ,3,CHEMBL2007486|CHEMBL2367910|CHEMBL2386509,True,64,3,0
RFFOTVCVTJUTAD,1,CHEMBL2288022,True,2,0,0
JRTBBCBDKSRRCY,1,CHEMBL3183324,True,0,0,0
MDDYCNAAAZKNAJ,0,,False,0,0,0
ZVRMGCSSSYZGSM,1,CHEMBL4285532,True,4,1,1
HZRFVTRTTXBHSE,0,,False,0,0,0
LCOSCMLXPAQCLQ,0,,False,0,0,0
JOCWPECWTZZSSX,0,,False,0,0,0
QPRQEDXDYOZYLA,1,CHEMBL451923,True,2,0,0
WTFXTQVDAKGDEY,1,CHEMBL1160745,True,6,0,0
JPIJQSOTBSSVTP,1,CHEMBL2152047,True,2,0,0
BDERNNFJNOPAEC,1,CHEMBL14687,True,33,0,0
QNLHEWJMIGRIHL,0,,False,0,0,0
VPGMLKKMTSJVRG,0,,False,0,0,0
MJWYDQFQTPDRBO,0,,False,0,0,0
IUOFQMYQDUARQU,0,,False,0,0,0
IQTMIKSIMGHIIR,0,,False,0,0,0
GKHCBYYBLTXYEV,2,CHEMBL1170453|CHEMBL2336738,True,26,4,1
MUENRDYXOADTOC,1,CHEMBL194749,True,52,3,2
KVIWYYOMPLJRMC,0,,False,0,0,0
YCAQPZXDWPHYBD,0,,False,0,0,0
KPGXRSRHYNQIFN,1,CHEMBL1686,True,114,8,7
FXCDESKKWMGGON,0,,False,0,0,0
DYRLWKBVSWPUST,0,,False,0,0,0
JIZCYLOUIAIZHQ,0,,False,0,0,0
ZUSMXUXZJCOSPV,0,,False,0,0,0
BNHKXOIJKIMOJH,0,,False,0,0,0
OKXAFOJPRGDZPB,0,,False,0,0,0
IMTCMWSWXFQQDL,0,,False,0,0,0
YMXLTDXXQGMDPS,0,,False,0,0,0
USMAGXMGZXKLHT,0,,False,0,0,0
LKKDASYGWYYFIK,2,CHEMBL1288770|CHEMBL465860,True,11,0,0
FAARLWTXUUQFSN,1,CHEMBL564351,True,3,0,0
CHBITXAMNKHJCR,2,CHEMBL488110|CHEMBL509562,True,24,10,10
ZLPSOQFIIQIIAX,0,,False,0,0,0
VHOCUJPBKOZGJD,0,,False,0,0,0
PBWOIPCULUXTNY,2,CHEMBL2298951|CHEMBL4752800,True,6,0,0
OXQOBQJCDNLAPO,1,CHEMBL96425,True,1,0,0
QJKAJTLWEOMUGZ,0,,False,0,0,0
YBJHBAHKTGYVGT,6,CHEMBL1315356|CHEMBL1434820|CHEMBL1527083|CHEMBL1612121|CHEMBL4782949|CHEMBL857,True,198,5,2
MUPFEKGTMRGPLJ,2,CHEMBL175500|CHEMBL603717,True,34,1,1
OULAJFUGPPVRBK,0,,False,0,0,0
FUGYGGDSWSUORM,1,CHEMBL349881,True,11,0,0
LOOYOTLEOHYYOV,0,,False,0,0,0
BGEBZHIAGXMEMV,1,CHEMBL24171,True,235,17,4
NUPSHWCALHZGOV,1,CHEMBL2228458,True,1,0,0
WAQIIHCCEMGYKP,1,CHEMBL3186660,True,0,0,0
FVWQAXRELOCFSV,0,,False,0,0,0
AFFLGGQVNFXPEV,1,CHEMBL3187990,True,0,0,0
VHVMXWZXFBOANQ,1,CHEMBL2269086,True,6,0,0
BTANRVKWQNVYAZ,1,CHEMBL45462,True,12,0,0
HKOLRKVMHVYNGG,0,,False,0,0,0
LXEVSYZNYDZSOB,1,CHEMBL226512,True,91,5,1
JBFHTYHTHYHCDJ,1,CHEMBL192458,True,1,0,0
BTCSSZJGUNDROE,1,CHEMBL96,True,456,199,101
RMZHSBMIZBMVMN,0,,False,0,0,0
ZWEHNKRNPOVVGH,1,CHEMBL15849,True,17,0,0
PTEYJUIKYIKULL,0,,False,0,0,0
NYHBQMYGNKIUIF,8,CHEMBL2021379|CHEMBL2093064|CHEMBL240933|CHEMBL278434|CHEMBL375655|CHEMBL4303152|CHEMBL5490294|CHEMBL607672,True,191,4,1
JRSMRFHLUZKHCR,0,,False,0,0,0
LSQXNMXDFRRDSJ,1,CHEMBL2424841,True,20,0,0
AYJXHIDNNLJQDT,0,,False,0,0,0
NLAWPKPYBMEWIR,1,CHEMBL451050,True,1,0,0
FQEXRDMYDXBXEO,0,,False,0,0,0
XJWZDXFFNOMMTD,0,,False,0,0,0
MGMBZNCFUFRSSP,0,,False,0,0,0
WQOXQRCZOLPYPM,1,CHEMBL1347061,True,5,0,0
NUQDPKOFUKFKFD,0,,False,0,0,0
PJVWKTKQMONHTI,3,CHEMBL1464|CHEMBL251073|CHEMBL251074,True,1489,18,3
LOUPRKONTZGTKE,16,CHEMBL1294|CHEMBL1358565|CHEMBL1364159|CHEMBL15088|CHEMBL1616938|CHEMBL170|CHEMBL1741006|CHEMBL1878119|CHEMBL2355467|CHEMBL387326|CHEMBL407725|CHEMBL460606|CHEMBL4751379|CHEMBL512340|CHEMBL576997|CHEMBL601807,True,3400,501,64
LUKBXSAWLPMMSZ,3,CHEMBL165|CHEMBL2019155|CHEMBL87333,True,3093,408,142
PQRKPYLNZGDCFH,1,CHEMBL3677268,True,1,1,1
SLTLKLCDQWGISZ,0,,False,0,0,0
AVCYGYFZVWNDGB,0,,False,0,0,0
QRJSGJWTKHSNMK,0,,False,0,0,0
IOUVKUPGCMBWBT,6,CHEMBL1320052|CHEMBL1524370|CHEMBL2096900|CHEMBL245067|CHEMBL4303464|CHEMBL45266,True,218,42,34
XWMMEBCFHUKHEX,1,CHEMBL497525,True,11,0,0
GDVRUDXLQBVIKP,1,CHEMBL480283,True,28,3,1
DNVZSDMHLPWULM,1,CHEMBL136765,True,1,1,1
DWANKGPRCZFGFO,0,,False,0,0,0
HSNQNPCNYIJJHT,0,,False,0,0,0
RBHIUNHSNSQJNG,1,CHEMBL1880461,True,60,0,0
QZIBYWPRLPFUFP,0,,False,0,0,0
ULTBCADWJVQRCF,0,,False,0,0,0
LKQMMFFQYMYQOJ,0,,False,0,0,0
ABTUXHHGWUMMDY,0,,False,0,0,0
HMMGMWAXVFQUOA,1,CHEMBL1869229,True,1,0,0
GGYKPYDKXLHNTI,0,,False,0,0,0
PLVPPLCLBIEYEA,1,CHEMBL445966,True,5,1,1
HRHOWZHRCRZVCU,1,CHEMBL2251453,True,8,0,0
HETWPUJFGKDFMN,0,,False,0,0,0
IVTQSEFLDHBCDZ,0,,False,0,0,0
UHOVQNZJYSORNB,1,CHEMBL277500,True,50,1,1
IAYPIBMASNFSPL,1,CHEMBL1743219,True,4,0,0
FONXOARHSFUBAN,0,,False,0,0,0
BEBPORIYFVRVCP,0,,False,0,0,0
RXORHYFDDNAOQS,0,,False,0,0,0
VPSXZUORXQYBAT,1,CHEMBL5000058,True,4,0,0
QFPVVMKZTVQDTL,0,,False,0,0,0
HHZIOLLKZWLCOX,0,,False,0,0,0
OFSVCCCZZQKHKQ,0,,False,0,0,0
TWWSXAKLFHYWQT,0,,False,0,0,0
JPFCOVZKLAXXOE,1,CHEMBL503797,True,14,0,0
ASUAYTHWZCLXAN,1,CHEMBL3184952,True,2,0,0
PHXATPHONSXBIL,1,CHEMBL195827,True,5,1,0
IOJUPLGTWVMSFF,1,CHEMBL510309,True,16,0,0
MYLXGCVCCZCOHU,0,,False,0,0,0
SDMLCXJKAYFHQM,0,,False,0,0,0
PUWNTRHCKNHSAT,0,,False,0,0,0
CRZQGDNQQAALAY,1,CHEMBL3189123,True,0,0,0
YFVGIJBUXMQFOF,5,CHEMBL1357379|CHEMBL3039085|CHEMBL447738|CHEMBL509502|CHEMBL601333,True,46,3,0
JUJWROOIHBZHMG,1,CHEMBL266158,True,204,1,1
JBOONPKUPONSIB,0,,False,0,0,0
JOOXCMJARBKPKM,1,CHEMBL1235931,True,3,2,0
BLJFSPZWKBTYHR,0,,False,0,0,0
BDJRBEYXGGNYIS,1,CHEMBL1238,True,151,0,0
VZPAURMDJZOGHU,2,CHEMBL4071910|CHEMBL473971,True,8,1,0
CQLRUIIRRZYHHS,2,CHEMBL234316|CHEMBL516621,True,25,9,4
OCWLYWIFNDCWRZ,1,CHEMBL2287316,True,4,0,0
QWRTXOOFEHOROQ,0,,False,0,0,0
KRCLQJBBBGFWTC,0,,False,0,0,0
PHIQHXFUZVPYII,5,CHEMBL1149|CHEMBL1229656|CHEMBL1620698|CHEMBL172513|CHEMBL503189,True,421,3,3
LBVRQJWOZIMWNY,0,,False,0,0,0
IGGWKHQYMAJOHK,2,CHEMBL432233|CHEMBL496057,True,10,0,0
KSKXSFZGARKWOW,0,,False,0,0,0
AMZWKSYAMHGGSR,0,,False,0,0,0
RTUMCNDCAVLXEP,0,,False,0,0,0
WIIMVXRNTVGXEQ,0,,False,0,0,0
KZMACGJDUUWFCH,1,CHEMBL255753,True,6,3,1
IJXHLVMUNBOGRR,1,CHEMBL1234788,True,1,0,0
XVFMGWDSJLBXDZ,1,CHEMBL1197905,True,4,2,1
AFOLOMGWVXKIQL,1,CHEMBL1275624,True,4,3,1
JKQXZKUSFCKOGQ,2,CHEMBL1357855|CHEMBL2359248,True,15,0,0
GZIFEOYASATJEH,3,CHEMBL1451395|CHEMBL1734310|CHEMBL6102782,True,20,0,0
AOHCBEAZXHZMOR,5,CHEMBL2235164|CHEMBL448328|CHEMBL5028176|CHEMBL5028245|CHEMBL503867,True,15,0,0
AXISYYRBXTVTFY,1,CHEMBL207602,True,15,0,0
JLIDBLDQVAYHNE,5,CHEMBL1318134|CHEMBL1741460|CHEMBL1965138|CHEMBL288040|CHEMBL379808,True,125,12,0
ZNJOCVLVYVOUGB,0,,False,0,0,0
KWGRBVOPPLSCSI,6,CHEMBL1590|CHEMBL1620154|CHEMBL2110905|CHEMBL211456|CHEMBL279157|CHEMBL357080,True,295,0,0
XOJVVFBFDXDTEG,0,,False,0,0,0
BLGXFZZNTVWLAY,16,CHEMBL10347|CHEMBL1327758|CHEMBL1472740|CHEMBL1473950|CHEMBL1475803|CHEMBL1514351|CHEMBL15245|CHEMBL1526082|CHEMBL1531132|CHEMBL1625779|CHEMBL2079555|CHEMBL3039187|CHEMBL3039389|CHEMBL31410|CHEMBL4296988|CHEMBL465600,True,1157,258,110
VBUYCZFBVCCYFD,0,,False,0,0,0
GRTOGORTSDXSFK,7,CHEMBL122404|CHEMBL123325|CHEMBL1604074|CHEMBL2079609|CHEMBL486933|CHEMBL4870119|CHEMBL498734,True,174,6,4
XKKCQTLDIPIRQD,3,CHEMBL2114051|CHEMBL23970|CHEMBL444314,False,76,7,1
SEKOYQMPSNVSSG,0,,False,0,0,0
VYWVUOKQLPBMAE,0,,False,0,0,0
MMQXBTULXAEKQE,3,CHEMBL4168974|CHEMBL507387|CHEMBL79244,True,10,3,1
OVMFOVNOXASTPA,1,CHEMBL2437365,True,1,0,0
RSDDHGSKLOSQFK,1,CHEMBL307341,True,137,17,3
WHOZNOZYMBRCBL,1,CHEMBL2228453,True,1,0,0
PREBVFJICNPEKM,1,CHEMBL105350,True,178,37,12
KQNPFQTWMSNSAP,1,CHEMBL108778,True,9,1,1
TVTCXPXLRKTHAU,1,CHEMBL3273575,True,6,0,0
VZCCETWTMQHEPK,2,CHEMBL4127920|CHEMBL464982,True,90,9,6
UIERETOOQGIECD,2,CHEMBL52416|CHEMBL55941,True,4,0,0
TWYYVOVDSNRIJM,0,,False,0,0,0
ABLPGPHZENVRRH,0,,False,0,0,0
GAODWSYPSJBKGB,0,,False,0,0,0
NTIZESTWPVYFNL,1,CHEMBL285323,True,6,0,0
YBHILYKTIRIUTE,1,CHEMBL295124,True,754,84,33
VAJVDSVGBWFCLW,1,CHEMBL1606391,True,4,0,0
MVULGCSHGFLUBH,0,,False,0,0,0
WRXVPTMENPZUIZ,4,CHEMBL1454324|CHEMBL2005346|CHEMBL362593|CHEMBL3747539,True,67,0,0
RIXNFYQZWDGQAE,3,CHEMBL1315416|CHEMBL4797846|CHEMBL486822,True,77,12,2
HBVOEGGRCJCMLG,1,CHEMBL443875,True,10,0,0
PMMYEEVYMWASQN,4,CHEMBL1213475|CHEMBL1229563|CHEMBL1233477|CHEMBL352418,True,182,3,3
OMOYQLRHKFGVGN,1,CHEMBL1718459,True,4,0,0
LKMNXYDUQXAUCZ,1,CHEMBL226507,True,70,12,4
ULSUXBXHSYSGDT,1,CHEMBL73930,True,176,13,6
PFSTYGCNVAVZBK,0,,False,0,0,0
GXANMBISFKBPEX,0,,False,0,0,0
CWRKZMLUDFBPAO,0,,False,0,0,0
XHCADAYNFIFUHF,8,CHEMBL1434042|CHEMBL1515174|CHEMBL1536019|CHEMBL1619714|CHEMBL1624854|CHEMBL359043|CHEMBL4303240|CHEMBL482581,True,118,1,0
MLRYPOCSLBIUHY,1,CHEMBL2228468,True,1,0,0
IRZQJXCCKXGQFV,0,,False,0,0,0
WVTKBKWTSCPRNU,6,CHEMBL176045|CHEMBL367260|CHEMBL445477|CHEMBL449690|CHEMBL504757|CHEMBL504958,True,592,47,3
CJDRUOGAGYHKKD,10,CHEMBL1434779|CHEMBL1452040|CHEMBL1460192|CHEMBL1515845|CHEMBL1525248|CHEMBL2105617|CHEMBL2356868|CHEMBL4780668|CHEMBL5314404|CHEMBL5495903,True,1879,5,3
WYTGDNHDOZPMIW,3,CHEMBL1187439|CHEMBL1994588|CHEMBL3559488,True,62,2,1
XMVBHZBLHNOQON,1,CHEMBL3183262,True,0,0,0
XAPCMTMQBXLDBB,1,CHEMBL3182794,True,0,0,0
KLIDCXVFHGNTTM,1,CHEMBL109652,True,29,0,0
YPWHZCPMOQGCDQ,2,CHEMBL1159471|CHEMBL469441,True,11,1,0
WCXZJNBNVYUXJV,0,,False,0,0,0
YDNJTOFCQOCRQJ,0,,False,0,0,0
QMPXNYCITMPSIE,0,,False,0,0,0
LXCFILQKKLGQFO,1,CHEMBL325372,True,766,7,6
KAESVJOAVNADME,1,CHEMBL16225,True,3,0,0
IQLMHLRIRXSXLQ,0,,False,0,0,0
OSORMYZMWHVFOZ,1,CHEMBL2252208,True,3,0,0
MDKCFLQDBWCQCV,1,CHEMBL55285,True,228,29,11
HEQIXMZUXYFWJS,0,,False,0,0,0
FKWGCEDRLNNZOZ,1,CHEMBL460033,True,75,5,5
AYQPVPFZWIQERS,1,CHEMBL2228465,True,4,0,0
KUPLEGDPSCCPJI,0,,False,0,0,0
WHXUZXDWQKUIJL,0,,False,0,0,0
LHJZSWVADJCBNI,0,,False,0,0,0
ZXNBBWHRUSXUFZ,0,,False,0,0,0
WVYWICLMDOOCFB,1,CHEMBL448896,True,1,0,0
KWFAQPWLROZBAY,0,,False,0,0,0
KFYISTOZYAKAPV,0,,False,0,0,0
PKBSGDQYUYBUDY,0,,False,0,0,0
ONBWJWYUHXVEJS,2,CHEMBL1227|CHEMBL2137066,True,16,2,0
BHLYRWXGMIUIHG,2,CHEMBL235212|CHEMBL401501,True,59,5,3
CAPCBAYULRXQAN,0,,False,0,0,0
IUNJCFABHJZSKB,1,CHEMBL243587,True,30,0,0
XHIUFYZDQBSEMF,1,CHEMBL3188103,True,0,0,0
AYWJSCLAAPJZEF,0,,False,0,0,0
BILPUZXRUDPOOF,0,,False,0,0,0
XCECESCTONFGLP,0,,False,0,0,0
PMRYVIKBURPHAH,1,CHEMBL1515,True,2292,6,4
OQAGVSWESNCJJT,0,,False,0,0,0
JIMGVOCOYZFDKB,0,,False,0,0,0
ACWQBUSCFPJUPN,1,CHEMBL53493,True,35,0,0
KRGDFVQWQJIMEK,1,CHEMBL72617,True,154,4,2
QBLQLKNOKUHRCH,2,CHEMBL458395|CHEMBL465194,True,16,8,6
MUMCCPUVOAUBAN,1,CHEMBL37736,True,219,20,4
ORNBQBCIOKFOEO,4,CHEMBL1435695|CHEMBL1455777|CHEMBL253363|CHEMBL383839,True,115,3,3
WDYDKISHUOKLST,0,,False,0,0,0
YUPNHTWYVBHLMG,4,CHEMBL1094242|CHEMBL2023569|CHEMBL5175192|CHEMBL6147500,True,7,0,0
YKPXIWHBRBFRQM,1,CHEMBL11475,True,82,10,3
SGNALGPYOOQHOT,0,,False,0,0,0
IJFXRHURBJZNAO,1,CHEMBL65369,True,39,8,6
BIQKRILZMDQPHI,0,,False,0,0,0
UIAMCVSNZQYIQS,0,,False,0,0,0
FELCJAPFJOPHSD,2,CHEMBL476675|CHEMBL512622,True,15,2,0
RZIGKFTVXWUUCX,1,CHEMBL235921,True,68,0,0
XPCTZQVDEJYUGT,1,CHEMBL31422,True,201,0,0
FWMPKHMKIJDEMJ,1,CHEMBL2059292,True,25,5,2
FFWOKTFYGVYKIR,1,CHEMBL42624,True,180,8,2
CUFLZUDASVUNOE,1,CHEMBL486027,True,53,10,8
IBGBGRVKPALMCQ,1,CHEMBL222021,True,95,13,1
GGNPJEDYBWMUJF,0,,False,0,0,0
DSZTYVZOIUIIGA,1,CHEMBL1606644,True,2,0,0
RPNUMPOLZDHAAY,1,CHEMBL303429,False,27,7,7
ZTMADXFOCUXMJE,1,CHEMBL2332773,True,11,0,0
MNSWPRRRHUHTHI,0,,False,0,0,0
FWIBCWKHNZBDLS,0,,False,0,0,0
YGCGPCUUTAKOEU,0,,False,0,0,0
CWMPPVPFLSZGCY,1,CHEMBL4277871,True,3,0,0
MXAXYEGDUFNYRX,0,,False,0,0,0
GTGDSXQRKKKXQC,0,,False,0,0,0
SWELIMKTDYHAOY,1,CHEMBL1255934,True,35,0,0
MCCQBYWXEBKFOS,0,,False,0,0,0
PFZHJLRINUFWNV,0,,False,0,0,0
ASJSAQIRZKANQN,0,,False,0,0,0
FWWOMPFHMRPXIH,0,,False,0,0,0
YBKSMWBLSBAFBQ,0,,False,0,0,0
FJKIXWOMBXYWOQ,1,CHEMBL116745,True,1,0,0
PMHBGORIEUVGTQ,0,,False,0,0,0
ZMXDDKWLCZADIW,1,CHEMBL268291,True,1595,0,0
RHDKKTYWDZUSCS,0,,False,0,0,0
MBGYSHXGENGTBP,0,,False,0,0,0
RACNRUFXUGWSBR,0,,False,0,0,0
QNXSRVCJDFTLOI,0,,False,0,0,0
PQCYCHFQWMNQRJ,0,,False,0,0,0
CBMDQVNFHVUOIB,1,CHEMBL2074896,False,2,1,0
QEALYLRSRQDCRA,1,CHEMBL88158,True,4,0,0
JYVXNLLUYHCIIH,2,CHEMBL1401520|CHEMBL4758470,True,11,0,0
WVVSZNPYNCNODU,3,CHEMBL119443|CHEMBL1555758|CHEMBL1617719,True,300,24,22
SLCKJKWFULXZBD,0,,False,0,0,0
XCTGXGVGJYACEI,0,,False,0,0,0
DXDRHHKMWQZJHT,3,CHEMBL129795|CHEMBL1395334|CHEMBL3183256,True,652,103,36
UDWUZPSSUIWBKB,1,CHEMBL492172,True,6,2,0
ZELMDXUEWHBWPN,0,,False,0,0,0
SJSOFNCYXJUNBT,1,CHEMBL377172,True,48,1,1
UTOPWMOLSKOLTQ,1,CHEMBL2261064,True,23,0,0
SYBYTAAJFKOIEJ,1,CHEMBL3183920,True,0,0,0
ALYNCZNDIQEVRV,1,CHEMBL542,True,187,3,3
YLQBMQCUIZJEEH,1,CHEMBL278980,True,552,0,0
FNMHEHXNBNCPCI,1,CHEMBL504873,True,63,9,5
AWOGQCSIVCQXBT,2,CHEMBL2442732|CHEMBL462822,True,2,1,0
HGXBRUKMWQGOIE,6,CHEMBL2252392|CHEMBL260183|CHEMBL267963|CHEMBL3234496|CHEMBL460862|CHEMBL487611,True,120,24,6
LUSZGTFNYDARNI,1,CHEMBL1517998,True,62,3,1
LRSASMSXMSNRBT,0,,False,0,0,0
RSWGJHLUYNHPMX,5,CHEMBL1336124|CHEMBL1357151|CHEMBL1514489|CHEMBL1552001|CHEMBL71893,True,178,7,0
QYSXJUFSXHHAJI,9,CHEMBL1042|CHEMBL1236645|CHEMBL1354424|CHEMBL1365250|CHEMBL1456744|CHEMBL1475972|CHEMBL1949934|CHEMBL1966661|CHEMBL432780,True,939,23,5
FDGQSTZJBFJUBT,1,CHEMBL1427,True,44,5,3
LCFUUGFUQQAYMY,0,,False,0,0,0
LRFVTYWOQMYALW,1,CHEMBL1424,True,37,2,2
DGZBGCMPRYFWFF,0,,False,0,0,0
SCWPFSIZUZUCCE,0,,False,0,0,0
AWJUIBRHMBBTKR,1,CHEMBL12315,True,23,0,0
OUXAABAEPHHZPC,0,,False,0,0,0
FWFSEYBSWVRWGL,1,CHEMBL1439332,True,22,3,0
ABRWCGWMRMPLID,0,,False,0,0,0
NXJCRELRQHZBQA,1,CHEMBL481049,True,36,0,0
OOKSPQLCQUBEKU,1,CHEMBL1957147,True,31,0,0
OLOOJGVNMBJLLR,1,CHEMBL453805,True,160,9,4
LSZONYLDFHGRDP,1,CHEMBL52267,True,1,0,0
MRIAQLRQZPPODS,1,CHEMBL76447,True,205,15,3
GJQIMXVRFNLMTB,1,CHEMBL2228457,True,1,0,0
QTAGQHZOLRFCBU,3,CHEMBL1510267|CHEMBL1609439|CHEMBL510120,True,41,2,0
CZCBTSFUTPZVKJ,0,,False,0,0,0
PJKDZBIZDKARAM,0,,False,0,0,0
CMKQOKAXUWQAHG,1,CHEMBL3188389,True,3,0,0
CZVXBFUKBZRMKR,0,,False,0,0,0
AWJFCAXSGQLCKK,0,,False,0,0,0
MVUBTHCFXXRGIJ,0,,False,0,0,0
YNPDFBFVMJNGKZ,1,CHEMBL4444601,True,2,0,0
NSMIMJYEKVSYMT,0,,False,0,0,0
OAYXUHPQHDHDDZ,1,CHEMBL1904721,True,1,0,0
QKTFNIWYLYTNIS,0,,False,0,0,0
GNKZMNRKLCTJAY,1,CHEMBL271871,True,6,0,0
GJYKUZUTZNTBEC,0,,False,0,0,0
FTSINDMZMFBWFS,0,,False,0,0,0
GAMYVSCDDLXAQW,1,CHEMBL486391,True,15,1,0
DDTBPAQBQHZRDW,1,CHEMBL3185808,True,0,0,0
PFRGXCVKLLPLIP,1,CHEMBL366603,True,112,6,1
DULCUDSUACXJJC,1,CHEMBL3183476,True,0,0,0
QUQPHWDTPGMPEX,9,CHEMBL1314714|CHEMBL1328143|CHEMBL1535112|CHEMBL1574000|CHEMBL2140112|CHEMBL265606|CHEMBL442594|CHEMBL4483798|CHEMBL449317,True,143,8,5
JZIARAQCPRDGAC,1,CHEMBL3185164,True,0,0,0
PBMHTGOFWRRJFS,0,,False,0,0,0
DLIKSSGEMUFQOK,1,CHEMBL469654,True,35,7,4
ARGKVCXINMKCAZ,5,CHEMBL1885559|CHEMBL4297019|CHEMBL4448708|CHEMBL506398|CHEMBL5266950,True,17,0,0
QBJWYMFTMJFGOL,0,,False,0,0,0
WTXBCFKGCNWPLS,0,,False,0,0,0
KLAQSPUVCDBEGF,0,,False,0,0,0
YRCWQPVGYLYSOX,2,CHEMBL33720|CHEMBL443893,True,82,3,3
ZJUDTXCEVUJEOX,0,,False,0,0,0
AHLPHDHHMVZTML,3,CHEMBL103686|CHEMBL2009502|CHEMBL446143,True,50,0,0
ZTYHGIAOVUPAAH,0,,False,0,0,0
GOQRXDTWKVYHJH,0,,False,0,0,0
YGMNGQDLUQECTO,0,,False,0,0,0
QRTVDKVXAFJVRU,0,,False,0,0,0
AIQLNKITFBJPFO,0,,False,0,0,0
RLSSMJSEOOYNOY,1,CHEMBL298312,True,38,3,2
YWHLKYXPLRWGSE,0,,False,0,0,0
VXTDUGOBAOLMED,4,CHEMBL3338256|CHEMBL477697|CHEMBL4864210|CHEMBL4875420,True,6,0,0
WUADCCWRTIWANL,1,CHEMBL131921,True,479,29,14
YAPQBXQYLJRXSA,1,CHEMBL1114,True,132,0,0
QCTMYNGDIBTNSK,2,CHEMBL1967295|CHEMBL438956,True,73,2,0
VOBBUADSYROGAT,0,,False,0,0,0
PUCQCSJZQDEHAI,0,,False,0,0,0
QGFSQVPRCWJZQK,1,CHEMBL3183198,True,0,0,0
ZLIOPNROBPMBFI,0,,False,0,0,0
KVWWIYGFBYDJQC,1,CHEMBL1530328,True,4,0,0
RUNWDIHBXBYUGE,0,,False,0,0,0
FNNJDMUEVPSMJN,0,,False,0,0,0
IEPGNWMPIFDNSD,0,,False,0,0,0
TYMQXPHAFNHDNL,0,,False,0,0,0
MKQWTWSXVILIKJ,1,CHEMBL363082,False,72,0,0
JEJLGIQLPYYGEE,3,CHEMBL2074859|CHEMBL86122|CHEMBL87852,True,3,0,0
XGFDHKJUZCCPKQ,0,,False,0,0,0
DCYOADKBABEMIQ,6,CHEMBL1599224|CHEMBL3109439|CHEMBL3759185|CHEMBL4303331|CHEMBL454576|CHEMBL522983,True,223,19,12
SQVRNKJHWKZAKO,9,CHEMBL109645|CHEMBL112030|CHEMBL1234621|CHEMBL152452|CHEMBL165084|CHEMBL307262|CHEMBL3138670|CHEMBL3187768|CHEMBL4280954,True,54,1,1
YIYQJOMDMPTKEL,0,,False,0,0,0
UVLKUUBSZXVVDZ,0,,False,0,0,0
KDQIFKKWPMBNOH,0,,False,0,0,0
DUOCBVNCDAEWTB,0,,False,0,0,0
AXNVHPCVMSNXNP,8,CHEMBL1159568|CHEMBL1875956|CHEMBL403501|CHEMBL405484|CHEMBL4303538|CHEMBL4788799|CHEMBL505939|CHEMBL507233,True,45,7,5
WAAGDSRYOTWUKB,0,,False,0,0,0
GOQYKNQRPGWPLP,1,CHEMBL278989,True,3,0,0
DZIILFGADWDKMF,1,CHEMBL182310,True,19,0,0
OXZSUQJHKQOGOK,1,CHEMBL5592566,True,1,0,0
OXHNLMTVIGZXSG,1,CHEMBL1234459,True,0,0,0
AKTLQTMAOYZJGI,0,,False,0,0,0
SQNZJJAZBFDUTD,1,CHEMBL1797134,True,1,0,0
YVLHTQPPMZOCOW,1,CHEMBL464709,True,13,0,0
JLQNHALFVCURHW,1,CHEMBL1235452,True,20,2,2
PPDWQLSRZNCMRA,0,,False,0,0,0
YQPPJEIGDVXTHE,0,,False,0,0,0
VGEREEWJJVICBM,1,CHEMBL45068,True,299,24,14
TUBKRNYLIIIOAU,0,,False,0,0,0
YLOBZQJVNNUEPZ,0,,False,0,0,0
XNGKCOFXDHYSGR,0,,False,0,0,0
QQWUXXGYAQMTAT,0,,False,0,0,0
YRRAGUMVDQQZIY,1,CHEMBL253570,True,65,17,10
RTWBFGUVCAVDFO,0,,False,0,0,0
WECGLUPZRHILCT,5,CHEMBL188186|CHEMBL188361|CHEMBL2075040|CHEMBL255662|CHEMBL458250,True,8,2,0
YBYIRNPNPLQARY,1,CHEMBL192812,True,5,0,0
YTEZFSISGHYOLJ,0,,False,0,0,0
WTJKUFMLQFLJOT,1,CHEMBL2398215,True,1,0,0
IGOWHGRNPLFNDJ,1,CHEMBL1894305,True,3,0,0
SWGKAHCIOQPKFW,2,CHEMBL499757|CHEMBL558557,True,39,5,1
RSZZMVPSHLKFQY,0,,False,0,0,0
ZFXYFBGIUFBOJW,1,CHEMBL190,True,6,2,1
VPUAYOJTHRDUTK,0,,False,0,0,0
VUQPJRPDRDVQMN,1,CHEMBL3187568,True,0,0,0
CIGFWENQAXVDOM,0,,False,0,0,0
ZZEQNXPBKOFTBG,0,,False,0,0,0
ZPVOLGVTNLDBFI,0,,False,0,0,0
WZGQIDWFBFDMLE,0,,False,0,0,0
QKPITXQYXIOHTB,0,,False,0,0,0
MLKZKPUBHSWMNA,0,,False,0,0,0
IANQTJSKSUMEQM,1,CHEMBL363614,True,26,0,0
ATEVSBMADMDGKS,0,,False,0,0,0
FNUQJWPIADDMRS,0,,False,0,0,0
VHBFFQKBGNRLFZ,1,CHEMBL275638,True,336,46,28
MPDGHEJMBKOTSU,10,CHEMBL1483862|CHEMBL1601198|CHEMBL1863561|CHEMBL208873|CHEMBL230006|CHEMBL378653|CHEMBL393824|CHEMBL454067|CHEMBL5282608|CHEMBL590534,True,616,122,34
PWATWSYOIIXYMA,0,,False,0,0,0
KLSLBUSXWBJMEC,1,CHEMBL35297,True,16,0,0
JUVIOZPCNVVQFO,6,CHEMBL1518927|CHEMBL267461|CHEMBL389124|CHEMBL4108520|CHEMBL418710|CHEMBL429023,True,2127,55,8
PYNOHHMFQYUSDD,0,,False,0,0,0
HLPIHRDZBHXTFJ,1,CHEMBL2269084,True,6,0,0
VJYWBLDDQZIGJI,0,,False,0,0,0
FCWYQRVIQDNGBI,1,CHEMBL3188615,True,0,0,0
YRXUQYBLFBZHNE,0,,False,0,0,0
SHOJXDKTYKFBRD,1,CHEMBL3185916,True,1,0,0
HPXRVTGHNJAIIH,1,CHEMBL32010,True,9,0,0
BFAGLVWBOUDHBS,0,,False,0,0,0
LYRFLYHAGKPMFH,1,CHEMBL88311,True,4,0,0
WFNDDSQUKATKNX,1,CHEMBL3187974,True,11,0,0
KIYUVQCUDDMZRE,0,,False,0,0,0
BNXIGQHDTCPKMN,0,,False,0,0,0
YONHOSLUBQJXPR,1,CHEMBL484228,True,4,0,0
QYPPJABKJHAVHS,1,CHEMBL58343,True,84,7,6
SEOVTRFCIGRIMH,1,CHEMBL82411,True,61,1,0
LEHOTFFKMJEONL,2,CHEMBL1951298|CHEMBL792,True,74,5,1
ISYWECDDZWTKFF,1,CHEMBL1169674,True,1,0,0
FYIJLTSMNXUNLT,1,CHEMBL504212,True,6,1,1
MBIPADCEHSKJDQ,0,,False,0,0,0
KJCVRFUGPWSIIH,1,CHEMBL122617,True,72,4,1
JYVLIDXNZAXMDK,1,CHEMBL45065,True,4,0,0
AQIXEPGDORPWBJ,1,CHEMBL47100,True,4,0,0
MNWFXJYAOYHMED,1,CHEMBL320358,True,18,4,4
WCEIQUQVIOGRBF,0,,False,0,0,0
PRNJXUQTUSFYLV,0,,False,0,0,0
VYOZKWKETGHHDW,1,CHEMBL461063,True,1,0,0
SRHDLIDOZXPROB,0,,False,0,0,0
ZQGDEJAPCUGBRH,0,,False,0,0,0
HRQKOYFGHJYEFS,0,,False,0,0,0
HMKKIXGYKWDQSV,3,CHEMBL1611291|CHEMBL1989481|CHEMBL3183519,True,57,0,0
VONGZNXBKCOUHB,1,CHEMBL3183179,True,0,0,0
GLYJVQDYLFAUFC,0,,False,0,0,0
FPRYGNYXOFHMLF,0,,False,0,0,0
FPMPOFBEYSSYDQ,1,CHEMBL404184,True,48,6,2
SATCULPHIDQDRE,1,CHEMBL271663,True,47,0,0
FPLNRAYTBIFSFW,0,,False,0,0,0
ABDKAPXRBAPSQN,1,CHEMBL1668603,True,26,8,8
IEDKVDCIEARIIU,0,,False,0,0,0
XEVQXKKKAVVSMW,4,CHEMBL227113|CHEMBL2392402|CHEMBL4216165|CHEMBL446471,True,59,1,0
BBFYUPYFXSSMNV,2,CHEMBL248726|CHEMBL5194607,True,11,0,0
QNVRIHYSUZMSGM,1,CHEMBL45425,True,3,0,0
GOENJWUGVSLZDQ,0,,False,0,0,0
CQUAYTJDLQBXCQ,1,CHEMBL3183415,True,0,0,0
MTBNHGFRLZSOTC,0,,False,0,0,0
ZIIAJIWLQUVGHB,1,CHEMBL348436,True,166,7,6
ZDXPYRJPNDTMRX,2,CHEMBL1232207|CHEMBL930,True,86,2,2
GPQLHGCIAUEJQK,1,CHEMBL78010,True,176,22,6
XUJNEKJLAYXESH,3,CHEMBL171281|CHEMBL54943|CHEMBL863,True,165,5,2
JMLYDLZRFNYHHO,0,,False,0,0,0
NKMPAKAWSKYIQV,0,,False,0,0,0
IVHQIMJNEKWLSS,0,,False,0,0,0
IKIIZLYTISPENI,3,CHEMBL1447301|CHEMBL485818|CHEMBL513948,True,357,36,17
HKEAFJYKMMKDOR,3,CHEMBL1319403|CHEMBL1334785|CHEMBL486386,True,70,2,2
DUBCCGAQYVUYEU,2,CHEMBL1506682|CHEMBL520546,True,53,7,4
JKKGTSUICJWEKB,0,,False,0,0,0
CVZOZPYAZUVIDT,0,,False,0,0,0
KLTVSWGXIAYTHO,1,CHEMBL3186486,True,0,0,0
KWVISVAMQJWJSZ,8,CHEMBL1485302|CHEMBL1741560|CHEMBL1964743|CHEMBL2374073|CHEMBL372484|CHEMBL4550602|CHEMBL514596|CHEMBL518252,True,164,4,3
OQICPBQOOGGDLS,0,,False,0,0,0
IFYYFLINQYPWGJ,1,CHEMBL365740,True,1,0,0
ICWHTQRTTHCUHW,1,CHEMBL505813,True,8,0,0
OGCGGWYLHSJRFY,1,CHEMBL3184714,True,0,0,0
USIUVYZYUHIAEV,1,CHEMBL38934,True,18,0,0
LYRIITRHDCNUHV,0,,False,0,0,0
XVSZRAWFCDHCBP,1,CHEMBL4647691,True,1,0,0
JNDDPBOKWCBQSM,0,,False,0,0,0
ZRINCZUYERVHLK,0,,False,0,0,0
GFFGJBXGBJISGV,1,CHEMBL226345,True,238,9,3
ODHCTXKNWHHXJC,2,CHEMBL1235172|CHEMBL397976,True,43,0,0
NJWGQARXZDRHCD,1,CHEMBL21745,True,22,1,1
ATHGHQPFGPMSJY,1,CHEMBL19612,True,203,22,15
DRLFMBDRBRZALE,1,CHEMBL45,True,1774,154,90
OPLQDSJPOHPOSZ,0,,False,0,0,0
KOWMJRJXZMEZLD,4,CHEMBL361362|CHEMBL402653|CHEMBL4088700|CHEMBL4469429,True,118,16,4
RHDHXBLZBVAPTL,0,,False,0,0,0
BDAGIHXWWSANSR,1,CHEMBL116736,True,7,0,0
HOVAGTYPODGVJG,11,CHEMBL131853|CHEMBL132186|CHEMBL195368|CHEMBL320214|CHEMBL3590182|CHEMBL3680808|CHEMBL4117365|CHEMBL442951|CHEMBL4536792|CHEMBL467773|CHEMBL502337,True,198,15,11
DLFVBJFMPXGRIB,1,CHEMBL16081,True,714,0,0
ROOBHHSRWJOKSH,0,,False,0,0,0
UWEJZLPARNBCBM,0,,False,0,0,0
YMWUJEATGCHHMB,1,CHEMBL45967,True,13,0,0
MQWIFDHBNGIVPO,0,,False,0,0,0
OLKBYNHEDMHHQA,0,,False,0,0,0
JDSHMPZPIAZGSV,1,CHEMBL1231106,True,1,0,0
MLUCVPSAIODCQM,2,CHEMBL1086445|CHEMBL3561468,True,6,1,1
OCBGWPJNUZMLCA,1,CHEMBL510091,True,9,0,0
USNPULRDBDVJAO,1,CHEMBL505251,True,50,0,0
HTDJPCNNEPUOOQ,1,CHEMBL3182063,True,0,0,0
HUEBIMLTDXKIPR,0,,False,0,0,0
XNCNNDVCAUWAIT,0,,False,0,0,0
DZAUWHJDUNRCTF,1,CHEMBL136927,True,103,4,1
RMAHPRNLQIRHIJ,0,,False,0,0,0
SERHXTVXHNVDKA,2,CHEMBL4066633|CHEMBL4587869,True,2,0,0
ABVCUBUIXWJYSE,1,CHEMBL3139772,True,0,0,0
XFDQJKDGGOEYPI,1,CHEMBL1277324,True,4,2,1
NBIIXXVUZAFLBC,1,CHEMBL1187,True,30,0,0
YVLPJIGOMTXXLP,1,CHEMBL1988265,True,60,0,0
PBGYWCDUYHJYFV,0,,False,0,0,0
ADOBXTDBFNCOBN,0,,False,0,0,0
YFHFHLSMISYUAQ,0,,False,0,0,0
BYWLLSQTJBXAPV,1,CHEMBL491366,True,12,1,1
PJQLSMYMOKWUJG,1,CHEMBL452767,True,22,3,0
YHMJZIJXVNRXIN,0,,False,0,0,0
LQGUBLBATBMXHT,1,CHEMBL41092,True,199,8,3
NNJPGOLRFBJNIW,1,CHEMBL312862,True,95,12,1
ISXOGOLHEGHGQF,0,,False,0,0,0
VCSJECZJBQVELG,0,,False,0,0,0
ONLMUMPTRGEPCH,0,,False,0,0,0
UNXHWFMMPAWVPI,2,CHEMBL349605|CHEMBL402812,True,35,0,0
ZENZJGDPWWLORF,2,CHEMBL190707|CHEMBL486980,True,3,2,2
RZRNAYUHWVFMIP,1,CHEMBL428593,True,3,1,1
IECBDTGWSQNQID,0,,False,0,0,0
HICAMHOOTMOHPA,0,,False,0,0,0
QJVXKWHHAMZTBY,2,CHEMBL250872|CHEMBL4435896,True,57,5,1
FWXKCXJPHSAYMK,0,,False,0,0,0
HVLGGQYBXOJMLO,0,,False,0,0,0
TZVDWGXUGGUMCE,0,,False,0,0,0
KXOOHHMDCDXCBV,0,,False,0,0,0
HKNNSWCACQFVIK,0,,False,0,0,0
BITHHVVYSMSWAG,1,CHEMBL4640620,True,1,1,1
SDIVYZXRQHWCKF,3,CHEMBL1864065|CHEMBL3120244|CHEMBL4218004,True,43,7,2
KURWKDDWCJELSV,2,CHEMBL119096|CHEMBL456244,True,102,24,1
IGCRLEDEQRIISS,0,,False,0,0,0
UFWDRRVOOAWQCM,0,,False,0,0,0
SFVVQRJOGUKCEG,3,CHEMBL445876|CHEMBL450265|CHEMBL471483,True,70,2,0
QOPYYRPCXHTOQZ,1,CHEMBL2228372,True,10,0,0
RYEFFICCPKWYML,4,CHEMBL1881068|CHEMBL2373280|CHEMBL4303285|CHEMBL478523,True,42,0,0
HJJPJSXJAXAIPN,1,CHEMBL7303,True,248,78,46
FQGBGNHGEUOZIW,2,CHEMBL467194|CHEMBL5597622,True,7,2,0
YWUVFGZTDLJVCR,1,CHEMBL1915458,True,61,1,1
PDAPABBBKRHCMD,0,,False,0,0,0
BDCFWIDZNLCTMF,1,CHEMBL3185495,True,4,0,0
IOBHVJHSBREPFR,0,,False,0,0,0
QQVFHQRLBXCRMC,0,,False,0,0,0
SXJVFYZNUGGHRG,1,CHEMBL455367,True,12,8,0
FXCIQPDJVYFUQG,0,,False,0,0,0
FOEWNRTZASNZJY,0,,False,0,0,0
BYEVBITUADOIGY,1,CHEMBL3187336,True,1,0,0
FUDUFCLRGSEHAJ,0,,False,0,0,0
SLSIBLKBHNKZTB,1,CHEMBL21396,True,137,6,0
IFIQVSCCFRXSJV,3,CHEMBL1078651|CHEMBL1078652|CHEMBL499598,True,9,0,0
BCTBAGTXFYWYMW,0,,False,0,0,0
NRBFEAZFHRHFFQ,0,,False,0,0,0
KTLUHRSHFRODPS,2,CHEMBL2414345|CHEMBL39504,True,16,3,1
DPEZTQNZBJBTSI,0,,False,0,0,0
DNJFTXKSFAMXQF,1,CHEMBL432561,True,2,0,0
VWDLOXMZIGUBKM,1,CHEMBL447335,True,10,2,2
LIIFBMGUDSHTOU,1,CHEMBL461060,True,18,5,3
JGINTSAQGRHGMG,0,,False,0,0,0
WXUOSNJWDJOHGW,1,CHEMBL4176013,True,16,0,0
TWCNAXRPQBLSNO,0,,False,0,0,0
UYCWETIUOAGWIL,1,CHEMBL451707,True,3,3,0
CKVNYTRYOFXVGM,0,,False,0,0,0
NAYBZOUJGHGOLI,0,,False,0,0,0
DFEKLJOGUPRZDV,0,,False,0,0,0
VXIXUWQIVKSKSA,1,CHEMBL301141,True,166,8,3
UBDIXSAEHLOROW,0,,False,0,0,0
VHBFBNCERXCECQ,0,,False,0,0,0
XXROGKLTLUQVRX,1,CHEMBL234926,True,2891,0,0
BEKZXQKGTDVSKX,0,,False,0,0,0
RATQVALKDAUZBW,3,CHEMBL1159463|CHEMBL449947|CHEMBL5277868,True,39,13,8
CJHYKSSBQRABTM,1,CHEMBL3907306,True,4,0,0
PKXRNOWQMDUXFI,0,,False,0,0,0
LDUCAYFXHYLHLP,0,,False,0,0,0
GMBQZIIUCVWOCD,7,CHEMBL1171146|CHEMBL1475613|CHEMBL3808706|CHEMBL43871|CHEMBL4465923|CHEMBL4762342|CHEMBL4794429,True,55,8,0
KZPHKFAQEJZHNO,0,,False,0,0,0
SBSXXCCMIWEPEE,0,,False,0,0,0
PWVUXRBUUYZMKM,0,,False,0,0,0
JDFWAYHAYKODRR,0,,False,0,0,0
UUGLJVMIFJNVFH,1,CHEMBL2260717,True,1,0,0
FTIUMRBREVALKG,0,,False,0,0,0
WFHKESPONQXPGD,0,,False,0,0,0
LQEIDFGJVUFQAZ,0,,False,0,0,0
VSFHYKIILWBKOH,0,,False,0,0,0
YYWZKGZIIKPPJZ,0,,False,0,0,0
IPBFYZQJXZJBFQ,1,CHEMBL3559967,True,0,0,0
OMSUIQOIVADKIM,0,,False,0,0,0
VHOMAPWVLKRQAZ,1,CHEMBL3185609,True,0,0,0
MCVVUJPXSBQTRZ,1,CHEMBL3273387,True,12,0,0
MTYDACZSYUGMLT,0,,False,0,0,0
SKBIQKQBLQHOSU,1,CHEMBL2228467,True,4,0,0
BMRSEYFENKXDIS,1,CHEMBL284243,True,3,0,0
FHQCFGPKNSSISL,0,,False,0,0,0
PXUQTDZNOHRWLI,1,CHEMBL403236,True,34,1,0
CGBYBGVMDAPUIH,0,,False,0,0,0
ASCBRLGHWVZBMG,0,,False,0,0,0
KRSPMDOGSDBDBB,0,,False,0,0,0
BVTAIXWVSMPSFL,0,,False,0,0,0
HJTVQHVGMGKONQ,2,CHEMBL105360|CHEMBL4522952,True,24,10,6
LGSKOQUJWNADCQ,0,,False,0,0,0
KTRRXJQAOOYSDA,1,CHEMBL443146,True,10,6,1
AJSPSRWWZBBIOR,1,CHEMBL141690,True,20,1,0
DGMKFQYCZXERLX,2,CHEMBL1414001|CHEMBL316561,True,672,1,1
DYPLDWLIOGXSSE,1,CHEMBL268808,True,10,2,1
KWKVAGQCDSHWFK,1,CHEMBL250421,True,8,0,0
QFJIQUOMKJNYLI,0,,False,0,0,0
AXHHVVBUOKYKJO,1,CHEMBL108937,True,2,1,0
BYLJEQIUXOYKOB,0,,False,0,0,0
PZKFYTOLVRCMOA,0,,False,0,0,0
NFAVNWJJYQAGNB,1,CHEMBL3182849,True,0,0,0
PDDMWQFBZZFOQR,0,,False,0,0,0
DIYWRNLYKJKHAM,4,CHEMBL182001|CHEMBL3752996|CHEMBL399831|CHEMBL4849773,True,30,10,1
YDPXEIXLONTGCJ,0,,False,0,0,0
FIAKMTRUEKZMNO,0,,False,0,0,0
NQRYJNQNLNOLGT,1,CHEMBL15487,True,19,2,0
PXIMKGPYTINFRY,0,,False,0,0,0
KNWVMRVOBAFFMH,3,CHEMBL1235966|CHEMBL1395394|CHEMBL191133,True,103,23,5
CPGCVOVWHCWVTP,0,,False,0,0,0
IXHACUTUTOCSJE,1,CHEMBL376381,True,7,1,0
LINHZVMHXABQLB,2,CHEMBL4083068|CHEMBL462880,True,39,3,0
XQYZDYMELSJDRZ,2,CHEMBL19224|CHEMBL5278358,True,2300,65,29
FQXXSQDCDRQNQE,4,CHEMBL1318110|CHEMBL403893|CHEMBL5570755|CHEMBL5665378,True,14,4,4
JKPISQIIWUONPB,3,CHEMBL2334890|CHEMBL487387|CHEMBL595489,True,86,32,30
JPTLXYYSWLLUOV,0,,False,0,0,0
ZWFHAOFPXOMOQV,0,,False,0,0,0
RRZWKUGIZRDCPB,0,,False,0,0,0
NFGIENSPALNOON,1,CHEMBL1969780,True,60,0,0
IHEARZCPQSZIPL,0,,False,0,0,0
SYIAVNZMBYAGGJ,0,,False,0,0,0
IIFCLXHRIYTHPV,1,CHEMBL486026,True,16,9,8
DQBQWWSFRPLIAX,0,,False,0,0,0
AUNQXXJGFDKEMS,0,,False,0,0,0
NATOOCTZNLKFIB,1,CHEMBL3350873,False,54,0,0
BNDCTQVWCQSGSJ,0,,False,0,0,0
AXLKYJXAYKGUBW,0,,False,0,0,0
JOONGVOZZFDPKD,0,,False,0,0,0
KRZBCHWVBQOTNZ,6,CHEMBL2261558|CHEMBL249447|CHEMBL4289566|CHEMBL441250|CHEMBL4466054|CHEMBL4579886,True,139,21,13
JSASXSHMJYRPCM,0,,False,0,0,0
BCNUXXXHEIUHJB,0,,False,0,0,0
UGKYJAWJZICPEX,0,,False,0,0,0
LKHNXBFRIJOJJG,0,,False,0,0,0
OUGMRQJTULXVDC,1,CHEMBL5427879,False,2,0,0
MICNQLKUSOVNNG,1,CHEMBL1256485,False,18,0,0
OIPILFWXSMYKGL,1,CHEMBL667,True,447,122,75
WUGMRIBZSVSJNP,1,CHEMBL91792,True,8,2,2
CQOVPNPJLQNMDC,2,CHEMBL18545|CHEMBL242948,True,201,3,2
VQVDMHKSWDUCTO,0,,False,0,0,0
XXBSUZSONOQQGK,0,,False,0,0,0
XAUDJQYHKZQPEU,4,CHEMBL117470|CHEMBL1201129|CHEMBL2001850|CHEMBL5495386,True,248,11,1
VGONTNSXDCQUGY,3,CHEMBL1229971|CHEMBL1735783|CHEMBL275716,True,10,0,0
SHUSJJZZTZAKPD,1,CHEMBL464644,True,12,0,0
MQFAJBBHEYTHKF,0,,False,0,0,0
SSQPWTVBQMWLSZ,1,CHEMBL2095209,True,70,0,0
IWJBVMJWSPZNJH,0,,False,0,0,0
IEMIRSXOYFWPFD,1,CHEMBL3403684,True,4,1,0
YCXWJNAAXGVFED,0,,False,0,0,0
OVUOUFPIPZJGME,2,CHEMBL1922171|CHEMBL3827861,True,8,4,0
GZVRDNACRGJZNW,0,,False,0,0,0
AKDNVAKNWZMAKY,0,,False,0,0,0
GJRQTCIYDGXPES,1,CHEMBL46999,True,1,0,0
KEBDNKNVCHQIJU,0,,False,0,0,0
WVIGZMYXVSPZIR,0,,False,0,0,0
MLLAPOCBLWUFAP,1,CHEMBL2260711,True,1,0,0
VFTGLSWXJMRZNB,0,,False,0,0,0
BDHFFHBFJUZSBF,0,,False,0,0,0
NBKYPRRBTKRGLE,0,,False,0,0,0
BYWJNFQCWYEWHX,1,CHEMBL1078143,True,4,0,0
JNURPEZKOSMRMZ,0,,False,0,0,0
ZUSGUMUEURTZOS,0,,False,0,0,0
JOUIQRNQJGXQDC,0,,False,0,0,0
TXIKDCCKEBXQGU,0,,False,0,0,0
JKRZOJADNVOXPM,1,CHEMBL3185643,True,0,0,0
KNWCDYSKJSREAQ,0,,False,0,0,0
PGMYKACGEOXYJE,1,CHEMBL47769,True,1,0,0
LSJMDWFAADPNAX,0,,False,0,0,0
MCSINKKTEDDPNK,1,CHEMBL3185284,True,0,0,0
COTJHRWDWDQJRQ,0,,False,0,0,0
LKAJKIOFIWVMDJ,4,CHEMBL2079587|CHEMBL3348849|CHEMBL4760351|CHEMBL63973,True,721,11,11
LPQZKKCYTLCDGQ,3,CHEMBL3392481|CHEMBL404|CHEMBL4116233,True,926,123,59
NEZDQSKPNPRYAW,1,CHEMBL6338,False,59,15,15
BDIAUFOIMFAIPU,1,CHEMBL402061,True,8,7,0
MDLUYFYDCNUJHX,0,,False,0,0,0
KEIIIPKLVSSAEI,1,CHEMBL2164988,True,4,1,0
VPKBRABQIHPIEA,0,,False,0,0,0
STGFGEJCRVJFFB,1,CHEMBL2164979,True,2,1,0
VOCATNAJXJSCLN,1,CHEMBL460552,True,7,1,0
AXHZIEAQVMBUKO,0,,False,0,0,0
MUUDYSFWQUSAOO,1,CHEMBL485777,True,70,4,1
WOXYXFWUFXHROX,0,,False,0,0,0
LXEJWVDCRDILQQ,1,CHEMBL221908,True,6,3,1
OZHIKCIPCFAOPM,2,CHEMBL2164984|CHEMBL2164987,True,6,4,2
BEALEKDGCXYWLB,0,,False,0,0,0
LHPRYOJTASOZGJ,1,CHEMBL512578,True,91,7,5
QURFFFCYNQXLCU,0,,False,0,0,0
ZSYPIPFQOQGYHH,1,CHEMBL463145,True,27,12,10
VMKPDXOZTSISIW,1,CHEMBL3229642,False,3,0,0
ZZIALNLLNHEQPJ,1,CHEMBL30707,True,170,16,11
FWNZEKQVBDXWKA,0,,False,0,0,0
FFDULTAFAQRACT,4,CHEMBL2442731|CHEMBL3908027|CHEMBL445823|CHEMBL505393,True,58,1,0
UCMIRNVEIXFBKS,1,CHEMBL297569,True,39,7,6
SBVRPBAVNZNLKX,1,CHEMBL5205934,True,2,0,0
XFDNFSFFQFVZGJ,0,,False,0,0,0
QLPYUGJILSEKQD,0,,False,0,0,0
RPCJTZNNAZELOQ,0,,False,0,0,0
NJPSQBXYMKTWBI,0,,False,0,0,0
AJSCLJOGICXEJM,0,,False,0,0,0
SVCXYYKEVJJKMX,0,,False,0,0,0
CQWYAXCOVZKLHY,0,,False,0,0,0
IYKVLICPFCEZOF,1,CHEMBL3187603,False,0,0,0
JPMUGBUFRGFFCT,1,CHEMBL5408251,True,5,0,0
FRASJONUBLZVQX,1,CHEMBL55934,True,134,27,16
RUFPHBVGCFYCNW,1,CHEMBL57394,True,43,1,1
RFOBAKWGJRIIMU,0,,False,0,0,0
KKVZAVRSVHUSPL,1,CHEMBL83159,True,18,1,0
LGIKFBYSSJHCQR,0,,False,0,0,0
WGXGAUQEMYSVJM,1,CHEMBL1952291,True,2,0,0
QRMZSPFSDQBLIX,1,CHEMBL1562,True,66,1,0
FPTOZTNWJXTXES,0,,False,0,0,0
BHVJSLPLFOAMEV,2,CHEMBL2374731|CHEMBL482596,True,116,1,0
JXYLQEMXCAAMOL,0,,False,0,0,0
ISRSZKBAZAXNDY,0,,False,0,0,0
SDVXSCSNVVZWDD,1,CHEMBL175209,True,4,0,0
HTTJABKRGRZYRN,0,,False,0,0,0
XQMKOBSKWGMZQO,0,,False,0,0,0
MDIBXLWYZGZAKL,0,,False,0,0,0
YAKJLGHDDRZRSJ,0,,False,0,0,0
JQCXWCOOWVGKMT,1,CHEMBL2140472,True,1,0,0
OJCHCFRXISZPDM,0,,False,0,0,0
KEQUNHIAUQQPAC,0,,False,0,0,0
LWLOKSXSAUHTJO,0,,False,0,0,0
ZJCCRDAZUWHFQH,1,CHEMBL3185136,True,0,0,0
RYYWWFXWFMYKJM,1,CHEMBL1689287,True,6,0,0
ZAGUSKAXELYWCE,0,,False,0,0,0
CNHDIAIOKMXOLK,1,CHEMBL450917,True,19,4,0
PWSKHLMYTZNYKO,1,CHEMBL28242,False,9,1,1
IWBOPFCKHIJFMS,1,CHEMBL3186348,False,0,0,0
BMVXCPBXGZKUPN,1,CHEMBL1320720,True,4,0,0
IUDGNRWYNOEIKF,0,,False,0,0,0
ZATQPXMWZUQMDP,0,,False,0,0,0
QPAXLFLXGNXWKR,0,,False,0,0,0
HOLDJZBOPVYISO,0,,False,0,0,0
UXOOFPWRVRBLIY,0,,False,0,0,0
AKYAUBWOTZJUBI,0,,False,0,0,0
NGZZLIAPDNPURO,0,,False,0,0,0
OCNGNEIDNFJFKV,0,,False,0,0,0
FCXPVFLEDIQLLO,0,,False,0,0,0
PPDFQRAASCRJAH,0,,False,0,0,0
CUZLJOLBIRPEFB,0,,False,0,0,0
OTBHHUPVCYLGQO,1,CHEMBL28743,False,36,7,1
SSYDTHANSGMJTP,1,CHEMBL350524,True,10,0,0
QAMHNBFRAXJYEI,0,,False,0,0,0
BIWOSRSKDCZIFM,1,CHEMBL22463,False,6,0,0
JRUGFHHEKLYFPC,0,,False,0,0,0
VAOGBZQGOFYUSV,0,,False,0,0,0
BLPPMRPCYSNRGW,0,,False,0,0,0
LFZIDDCQUQUHSM,0,,False,0,0,0
FCBBRODPXVPZAH,0,,False,0,0,0
ZAQZICGOYPRHCK,0,,False,0,0,0
FVGLKDNCBWAFST,1,CHEMBL4205858,False,1,0,0
BBJUQSUKHMQMSH,0,,False,0,0,0
UWBHMRBRLOJJAA,0,,False,0,0,0
CMSJVJMAKIPPIX,0,,False,0,0,0
AYKYOOPFBCOXSL,0,,False,0,0,0
XPYKOJLMORBJQP,0,,False,0,0,0
IXEBJCKOMVGYKP,1,CHEMBL4649702,False,2,0,0
XFTRTWQBIOMVPK,0,,False,0,0,0
AQTSKIOUXRDZMS,0,,False,0,0,0
CFJYNSNXFXLKNS,0,,False,0,0,0
AMMHVZAJNHFTCZ,0,,False,0,0,0
NEHPIUGJDUWSRR,0,,False,0,0,0
JBDGXWZXMAXBLS,0,,False,0,0,0
ZTLKOYAJKRWSKL,0,,False,0,0,0
WBNQDOYYEUMPFS,1,CHEMBL164290,True,2085,0,0
PAAZPARNPHGIKF,1,CHEMBL452370,True,8,0,0
BKURQRFQHBUAHF,0,,False,0,0,0
DNDNWOWHUWNBCK,1,CHEMBL3140225,True,0,0,0
BJZTVKVVAXBPRT,0,,False,0,0,0
FXHOOIRPVKKKFG,1,CHEMBL11873,True,6,0,0
ZYRLCOGVOHEKBK,0,,False,0,0,0
WYICQDPLCKBBCM,0,,False,0,0,0
WCDSHELZWCOTMI,1,CHEMBL2105188,False,2,0,0
APOJFXVGPPNEEB,0,,False,0,0,0
MQGTZMCASHTGBJ,0,,False,0,0,0
QPCDCPDFJACHGM,1,CHEMBL780,True,266,6,0
AHXXIALEMINDAW,1,CHEMBL3929528,True,2,1,0
QVXMBAFMKZTZTD,0,,False,0,0,0
AHCSHBOAPHEPDO,0,,False,0,0,0
OBCUTHMOOONNBS,0,,False,0,0,0
YEMNTFVVXRRILD,0,,False,0,0,0
QLNJFJADRCOGBJ,1,CHEMBL1235716,True,2,0,0
MBHINSULENHCMF,0,,False,0,0,0
SIYAMXBNJITGLS,0,,False,0,0,0
AKXFYSSXNQQBNT,0,,False,0,0,0
YNNTYKYGOBKPFT,0,,False,0,0,0
BJIUDNXPLSJWKE,0,,False,0,0,0
FZAPQDQLDZNXGM,0,,False,0,0,0
MJSGKSOAYQWXBA,0,,False,0,0,0
IGRLIBJHDBWKNA,0,,False,0,0,0
SXZYCXMUPBBULW,4,CHEMBL1328484|CHEMBL466882|CHEMBL509311|CHEMBL610071,True,19,4,1
NBUWNZPAMFDSKZ,0,,False,0,0,0
UFWHTSBKDGUFOX,1,CHEMBL5430013,True,3,1,0
QCLBGWSAIHOGCA,1,CHEMBL2204384,True,1,0,0
AWUHBUKNSPYYTJ,0,,False,0,0,0
XFADQGUJWIMYJI,0,,False,0,0,0
FSVMLWOLZHGCQX,0,,False,0,0,0
MDAXKAUIABOHTD,1,CHEMBL125150,True,12,1,1
PSZDOEIIIJFCFE,3,CHEMBL298604|CHEMBL400074|CHEMBL60687,True,76,8,3
FURUXTVZLHCCNA,2,CHEMBL252642|CHEMBL271939,True,219,21,9
SJJCQDRGABAVBB,1,CHEMBL229299,True,13,1,1
PXJJKVNIMAZHCB,0,,False,0,0,0
NZCULBURCGAPSF,3,CHEMBL493907|CHEMBL522373|CHEMBL523622,True,14,5,3
BYIMYSSYXBYIBJ,0,,False,0,0,0
AEUDOPZBDNUKIV,0,,False,0,0,0
CKJZKFPVVUQBMB,1,CHEMBL450486,True,6,0,0
GQVCGTRDXSDAHC,1,CHEMBL1801890,True,2,0,0
YIKKMWSQVKJCOP,3,CHEMBL1278177|CHEMBL1476262|CHEMBL4762736,True,43,12,2
WQRBJFZKPWPIJD,0,,False,0,0,0
BPAOAXAAABIQKR,1,CHEMBL5079864,True,1,0,0
YOQAQNKGFOLRGT,2,CHEMBL153969|CHEMBL1762007,True,28,4,0
FFLGORGANMRISQ,0,,False,0,0,0
RZIWMSJDPYUACC,0,,False,0,0,0
RJBGVAIXGHZIDY,0,,False,0,0,0
YEJCGTMYOCNYLT,0,,False,0,0,0
SOHDSQABHDUSEP,0,,False,0,0,0
WAVOLMBVDCRBGR,0,,False,0,0,0
LMZFZIZLHLTPPP,0,,False,0,0,0
FBSKJMQYURKNSU,5,CHEMBL1364101|CHEMBL3359821|CHEMBL444478|CHEMBL4794733|CHEMBL5630946,True,232,39,11
DBZAKQWXICEWNW,1,CHEMBL3188662,True,9,0,0
IDVRYIVYDAOHSS,1,CHEMBL393549,True,5,0,0
DORPKYRPJIIARM,1,CHEMBL1779146,True,1,0,0
WLDSVYQTJXGHOT,1,CHEMBL1272196,True,4,2,0
NIBVDXPSJBYJFT,0,,False,0,0,0
KYQCOXFCLRTKLS,1,CHEMBL15797,True,4,0,0
KQRXQIPRDKVZPW,0,,False,0,0,0
HVDZWQPYIXKSCL,1,CHEMBL2059647,True,3,0,0
ZZMNWJVJUKMZJY,1,CHEMBL2059646,True,9,0,0
OJVGWDJIYBTWDS,0,,False,0,0,0
LAOVEVDFIVNYLQ,0,,False,0,0,0
HJBWJAPEBGSQPR,1,CHEMBL320295,True,79,1,0
JGXFMIJHKASCIZ,0,,False,0,0,0
JCIFZANQIXZLGH,0,,False,0,0,0
KIGVXRGRNLQNNI,1,CHEMBL487810,True,6,2,2
HNEGQIOMVPPMNR,0,,False,0,0,0
XBGYTZHKGMCEGE,0,,False,0,0,0
SFCOOUKNSXBTFD,0,,False,0,0,0
DLVLXOYLQKCAME,1,CHEMBL4160301,True,1,0,0
ABRULANJVVJLFI,2,CHEMBL174243|CHEMBL486415,True,74,0,0
YQABHAHJGSNVQR,1,CHEMBL182265,True,59,0,0
CFWKEIXHBVWGIW,0,,False,0,0,0
QTUUQMSYZBNFDW,0,,False,0,0,0
BTBFUBUCCJKJOZ,1,CHEMBL3187231,True,0,0,0
UNRFDARCMOHDBJ,0,,False,0,0,0
XJPBRODHZKDRCB,0,,False,0,0,0
XCTSDLUOCRRDLZ,0,,False,0,0,0
BBAMLNIPVMLTSQ,0,,False,0,0,0
DQOVXHMHLOWECL,0,,False,0,0,0
YKWVCZPTAAKDIY,0,,False,0,0,0
VCOCESNMLNDPLX,1,CHEMBL3185140,False,0,0,0
WDJHALXBUFZDSR,1,CHEMBL1230762,True,7,0,0
PJANXHGTPQOBST,2,CHEMBL113028|CHEMBL393702,True,28,0,0
RBNWAMSGVWEHFP,3,CHEMBL1414114|CHEMBL1513871|CHEMBL1651998,True,71,0,0
XNYZHCFCZNMTFY,1,CHEMBL35241,True,169,68,7
IHYJTAOFMMMOPX,1,CHEMBL173343,True,1,0,0
DEZFNHCVIZBHBI,2,CHEMBL1330502|CHEMBL34241,True,467,27,13
DQFBYFPFKXHELB,2,CHEMBL4777263|CHEMBL7976,True,508,76,17
LBJCUHLNHSKZBW,1,CHEMBL510130,True,75,1,1
FZWLAAWBMGSTSO,1,CHEMBL15605,True,9,1,0
HLOUDBQOEJSUPI,0,,False,0,0,0
OJLMARCQPSGYNE,0,,False,0,0,0
LIIALPBMIOVAHH,1,CHEMBL49732,True,89,14,12
KGGUASRIGLRPAX,1,CHEMBL433093,True,5,0,0
MGYMHQJELJYRQS,2,CHEMBL2286985|CHEMBL467614,True,24,0,0
DBMJZOMNXBSRED,2,CHEMBL1078442|CHEMBL1571785,True,153,13,4
BEWYHVAWEKZDPP,0,,False,0,0,0
HQKQRXZEXPXXIG,2,CHEMBL1520314|CHEMBL2333940,True,4,0,0
KJDXYWIMMJVFLH,0,,False,0,0,0
YBKJFYRRNMFOPP,0,,False,0,0,0
ZCZSIDMEHXZRLG,1,CHEMBL2228455,True,2,0,0
IGWDEVSBEKYORK,1,CHEMBL448060,True,53,10,4
DFMAXQKDIGCMTL,1,CHEMBL140796,True,128,9,4
PEWFWDOPJISUOK,2,CHEMBL1438253|CHEMBL454060,True,41,0,0
AJSJXSBFZDIRIS,0,,False,0,0,0
MYCFGFMJUUNKBN,0,,False,0,0,0
VZJHQHUOVIDRCF,1,CHEMBL388140,True,5,1,1
VMUNAKQXJLHODT,1,CHEMBL1995395,True,56,0,0
DNZRKQBGTHPGSL,0,,False,0,0,0
SUBUEDOPXXGMKP,0,,False,0,0,0
UPQOJPOSKCDZFM,0,,False,0,0,0
SFCYLKIUQMBSEF,0,,False,0,0,0
QEWSAPKRFOFQIU,1,CHEMBL226508,True,46,8,3
STNJBCKSHOAVAJ,1,CHEMBL4063095,True,1,0,0
RJBMCDMYQFLWQQ,0,,False,0,0,0
QQZOPKMRPOGIEB,1,CHEMBL195861,True,1,0,0
YGZVAQICDGBHMD,0,,False,0,0,0
SEPQTYODOKLVSB,1,CHEMBL453815,True,25,0,0
FDPIMTJIUBPUKL,1,CHEMBL45315,True,6,0,0
URSUMOWUGDXZHU,1,CHEMBL75349,True,113,2,0
ZXJJBDHPUHUUHD,1,CHEMBL1087720,True,56,1,1
SAMBWAJRKKEEOR,1,CHEMBL476121,True,19,8,4
DYDFNKUHYXHWFM,1,CHEMBL370963,True,16,2,1
CLXVBVLQKLQNRQ,1,CHEMBL327340,True,15,3,0
HIUKQMVQSJHRNC,0,,False,0,0,0
PWVVSODTBMUEAL,0,,False,0,0,0
MCJGNVYPOGVAJF,1,CHEMBL310555,True,1053,46,12
AFBPFSWMIHJQDM,1,CHEMBL170781,True,9,0,0
WBSWYVBUGLBCOV,0,,False,0,0,0
POPNTVRHTZDEBW,1,CHEMBL3185956,True,0,0,0
SFLMUHDGSQZDOW,1,CHEMBL459056,True,6,1,1
LMGZGXSXHCMSAA,0,,False,0,0,0
UCIYGNATMHQYCT,0,,False,0,0,0
GUOSBMCHCJXBMH,0,,False,0,0,0
SFGYZTPBAOYZTF,0,,False,0,0,0
SBHXYTNGIZCORC,3,CHEMBL1975989|CHEMBL307893|CHEMBL8996,True,355,37,17
WDAXFOBOLVPGLV,1,CHEMBL295870,True,1,0,0
XHEFDIBZLJXQHF,1,CHEMBL31574,True,536,67,29
SHPPXMGVUDNKLV,1,CHEMBL452979,True,4,2,1
FDHNLHLOJLLXDH,1,CHEMBL5435071,True,40,0,0
FTODBIPDTXRIGS,2,CHEMBL398282|CHEMBL490170,True,65,6,1
QURCVMIEKCOAJU,1,CHEMBL233295,True,32,2,0
KBDSLGBFQAGHBE,6,CHEMBL1523286|CHEMBL1886762|CHEMBL1897224|CHEMBL2004366|CHEMBL3183848|CHEMBL517449,True,141,8,1
NEFQWEGQYZRALY,0,,False,0,0,0
YQHMWTPYORBCMF,1,CHEMBL338066,True,40,5,2
VCCNKWWXYVWTLT,0,,False,0,0,0
ITVGXXMINPYUHD,3,CHEMBL1159645|CHEMBL1536000|CHEMBL174778,True,25,0,0
RMCRQBAILCLJGU,0,,False,0,0,0
KPDOJFFZKAUIOE,2,CHEMBL4740267|CHEMBL500167,True,16,2,0
MAYJEFRPIKEYBL,1,CHEMBL404140,True,14,5,0
PWLNAUNEAKQYLH,1,CHEMBL4634201,True,1,0,0
RPMNUQRUHXIGHK,4,CHEMBL1888642|CHEMBL3184770|CHEMBL395990|CHEMBL4791137,True,72,4,1
XJHDMGJURBVLLE,7,CHEMBL1357930|CHEMBL1570028|CHEMBL1600999|CHEMBL1717567|CHEMBL226231|CHEMBL259254|CHEMBL4228721,True,111,0,0
CMUNUTVVOOHQPW,3,CHEMBL1456892|CHEMBL1986864|CHEMBL3559614,True,136,0,0
WYURNTSHIVDZCO,1,CHEMBL276521,True,7,0,0
VWUGAIMYTMQVFJ,0,,False,0,0,0
GIJHDGJRTUSBJR,1,CHEMBL242711,True,36,3,0
OMQADRGFMLGFJF,1,CHEMBL2165586,True,17,1,1
NJLNIOKPXKKALD,0,,False,0,0,0
RQGIFUXHHWOXNT,0,,False,0,0,0
YIWKBKBHKZAWQV,0,,False,0,0,0
BOJKULTULYSRAS,10,CHEMBL1317036|CHEMBL1317931|CHEMBL1599649|CHEMBL186141|CHEMBL191892|CHEMBL1951638|CHEMBL3348980|CHEMBL364257|CHEMBL466345|CHEMBL479285,True,745,89,5
YJOGCMRDEUBRJD,0,,False,0,0,0
GPSFYJDZKSRMKZ,0,,False,0,0,0
WILLVGWOOMVDNT,0,,False,0,0,0
ZEEUIOBUKGZKPS,0,,False,0,0,0
HYNGAVZPWWXQIU,0,,False,0,0,0
OZNHATCGPKOFBH,0,,False,0,0,0
MNNFKQAYXGEKFA,0,,False,0,0,0
VNTMXJLNIJFLIF,1,CHEMBL1221790,True,2,0,0
BAHMQESJBKGPTE,1,CHEMBL449951,True,1,1,0
MRIXVKKOHPQOFK,1,CHEMBL507095,True,21,0,0
AIFRHYZBTHREPW,1,CHEMBL275224,True,126,23,12
RYMNVEAAYOFGCI,1,CHEMBL194463,True,6,0,0
AMBQHHVBBHTQBF,4,CHEMBL1081584|CHEMBL1081586|CHEMBL1589904|CHEMBL2135791,True,57,4,2
FXNFHKRTJBSTCS,1,CHEMBL8260,True,756,135,62
YKPUWZUDDOIDPM,3,CHEMBL294199|CHEMBL313971|CHEMBL3187928,True,971,59,40
CMKFQVZJOWHHDV,6,CHEMBL1187281|CHEMBL1418171|CHEMBL1988908|CHEMBL2163793|CHEMBL4170050|CHEMBL4785787,True,95,8,7
QWCNQXNAFCBLLV,5,CHEMBL1094112|CHEMBL425677|CHEMBL464796|CHEMBL6120352|CHEMBL69018,True,82,16,7
QXNWVJOHUAQHLM,1,CHEMBL197308,True,142,21,1
RERZNCLIYCABFS,1,CHEMBL340807,True,219,20,10
GOMNOOKGLZYEJT,1,CHEMBL366460,True,15,0,0
LZEPVVDVBJUKSG,1,CHEMBL1928604,True,5,0,0
KRNURAJANZKGQN,0,,False,0,0,0
CHPPVUVCPHVDAQ,0,,False,0,0,0
MXTLAHSTUOXGQF,1,CHEMBL251055,True,43,8,4
VJCACQIAMIDZAG,0,,False,0,0,0
KRQDMAXNTWLTDZ,2,CHEMBL1977776|CHEMBL446743,True,58,0,0
ZGVSETXHNHBTRK,4,CHEMBL1212997|CHEMBL1392894|CHEMBL1975187|CHEMBL2357167,True,104,4,0
CCPPLLJZDQAOHD,2,CHEMBL2447889|CHEMBL281291,True,2,0,0
ZAJNGDIORYACQU,1,CHEMBL47127,True,16,0,0
ZJYAVUPWMNHHEU,0,,False,0,0,0
DNIAPMSPPWPWGF,1,CHEMBL286398,True,718,0,0
HOHBDLSNJIZNTQ,0,,False,0,0,0
RIERBYNHXFKVQP,0,,False,0,0,0
UQLOJDJIDRLJJE,0,,False,0,0,0
MTIJDFJGPCJFKE,0,,False,0,0,0
XVOLIFYNNVCOPB,0,,False,0,0,0
OJSGBVYEXVVNLN,0,,False,0,0,0
ALSTYHKOOCGGFT,1,CHEMBL2105350,True,3,2,0
RNHWYOLIEJIAMV,1,CHEMBL3184755,True,0,0,0
MURWRBWZIMXKGC,0,,False,0,0,0
NWNDCIXVALUZHH,0,,False,0,0,0
RBKMRGOHCLRTLZ,0,,False,0,0,0
KRIMXCDMVRMCTC,0,,False,0,0,0
HYYFMTHLPBTTPM,0,,False,0,0,0
JCKCKIGYQKMCHR,0,,False,0,0,0
ISGNBHKSNFKMFU,0,,False,0,0,0
QQNROWCMALTXCD,0,,False,0,0,0
DASOUCLGLBPXLC,1,CHEMBL4648290,True,2,0,0
YJHVMPKSUPGGPZ,1,CHEMBL442854,True,2,0,0
IGUHGJGBPJUSFP,0,,False,0,0,0
PXOYOCNNSUAQNS,4,CHEMBL136356|CHEMBL1592975|CHEMBL4749357|CHEMBL8831,True,191,6,2
WPGQYOCOEWUCGS,0,,False,0,0,0
COVFEVWNJUOYRL,1,CHEMBL366356,True,27,10,9
MQYYTNPXQXSQGM,1,CHEMBL4533557,True,1,0,0
GVUMSYCSEREXHD,1,CHEMBL464963,True,63,0,0
UQZIYBXSHAGNOE,1,CHEMBL1625803,True,0,0,0
FLUADVWHMHPUCG,0,,False,0,0,0
OUGNWRCWQLUXHX,2,CHEMBL3120498|CHEMBL5187969,True,3,0,0
XQXPVVBIMDBYFF,1,CHEMBL1772,True,35,7,7
JTSPVWIYQLSMER,0,,False,0,0,0
UVIVWIFUPKGWGF,1,CHEMBL4071043,True,12,4,0
OMBXNSHDJUALCV,0,,False,0,0,0
GHASVSINZRGABV,1,CHEMBL185,False,6993,2464,7
FOBXOZMHEKILEY,0,,False,0,0,0
PXMJCECEFTYEKE,0,,False,0,0,0
QYYKWTUUCOTGNS,1,CHEMBL1078441,True,14,0,0
IUSBVFZKQJGVEP,1,CHEMBL1609480,True,24,0,0
BHQCQFFYRZLCQQ,5,CHEMBL1254416|CHEMBL1398129|CHEMBL160798|CHEMBL1622107|CHEMBL205596,True,856,12,9
YOQFOABVDRBYCG,0,,False,0,0,0
QGZKDVFQNNGYKY,2,CHEMBL1160819|CHEMBL1201189,True,17,0,0
KFBCTNNQFGONHB,1,CHEMBL252925,True,36,1,0
YYPNJNDODFVZLE,1,CHEMBL115725,True,5,0,0
AWNPSYCZIWLZRX,0,,False,0,0,0
AQBXRWJMJJJCLI,0,,False,0,0,0
CLFYLNSQRWCJAY,0,,False,0,0,0
UAELIRBOLQZEAT,1,CHEMBL310982,True,66,0,0
WZUODJNEIXSNEU,1,CHEMBL350966,True,29,3,3
XMSXQFUHVRWGNA,1,CHEMBL1885178,True,1,0,0
BMCICASJEGCJIS,0,,False,0,0,0
ARIRLMOIPLAKEK,0,,False,0,0,0
HOBAELRKJCKHQD,1,CHEMBL465183,True,14,6,4
CPTJXGLQLVPIGP,1,CHEMBL451866,True,30,1,0
KNKRKFALVUDBJE,2,CHEMBL373466|CHEMBL44641,True,5,0,0
VYBREYKSZAROCT,0,,False,0,0,0
LMWNQPUYOLOJQP,0,,False,0,0,0
HKQYGTCOTHHOMP,1,CHEMBL242341,True,362,31,14
KXQNNBUXFKDSAX,0,,False,0,0,0
LASHFHLFDRTERB,0,,False,0,0,0
HIGGFWFRAWSMBR,0,,False,0,0,0
QENGPZGAWFQWCZ,0,,False,0,0,0
SBTJQRLWWVYRND,0,,False,0,0,0
OHRPDNHRQKOLGN,0,,False,0,0,0
ZOJBYZNEUISWFT,1,CHEMBL233248,True,185,25,22
ULIKDJVNUXNQHS,1,CHEMBL3222024,True,3,0,0
AYMYWHCQALZEGT,1,CHEMBL128000,True,211,32,19
JYMHODZXTIGVPA,0,,False,0,0,0
CDNNKGWZSNSADW,0,,False,0,0,0
LEVWYRKDKASIDU,2,CHEMBL366563|CHEMBL590540,True,52,0,0
UBAXRAHSPKWNCX,1,CHEMBL123040,True,46,3,2
RWSXRVCMGQZWBV,3,CHEMBL100476|CHEMBL1514919|CHEMBL1543,True,169,3,1
UXZNAWMXEJTQCC,0,,False,0,0,0
HKJBUPVMFYBSHI,0,,False,0,0,0
VWXMLZQUDPCJPL,0,,False,0,0,0
FLESKWMKPOBWDE,0,,False,0,0,0
DBRXOUCRJQVYJQ,5,CHEMBL2143369|CHEMBL2373614|CHEMBL3234482|CHEMBL517080|CHEMBL578716,True,499,79,2
ZHCPVYWHSOILQL,0,,False,0,0,0
XUINKEIPBTYUJP,0,,False,0,0,0
ACUZDYFTRHEKOS,1,CHEMBL46477,True,2,0,0
YZWOKWMEQQCMRN,0,,False,0,0,0
HRYLQFBHBWLLLL,5,CHEMBL190377|CHEMBL3193163|CHEMBL4435198|CHEMBL5283090|CHEMBL86416,True,113,23,6
BTXSROVNGICYFE,1,CHEMBL451860,True,86,2,1
KUQGJFOIULVBKJ,0,,False,0,0,0
OILAIQUEIWYQPH,1,CHEMBL189727,False,5,0,0
OVCHQRXVZXVQNQ,0,,False,0,0,0
DQBHJILNHNRDTM,0,,False,0,0,0
AYKYXWQEBUNJCN,1,CHEMBL398893,True,4,0,0
AZVSIHIBYRHSLB,1,CHEMBL2228160,True,4,1,1
OZWRGFMVGUCVJF,0,,False,0,0,0
MCFZBCCYOPSZLG,1,CHEMBL224231,True,2,1,0
XSVBIOHFPGTLKZ,0,,False,0,0,0
QJJDJWUCRAPCOL,0,,False,0,0,0
CUOZRGBQTOSWAY,1,CHEMBL3987111,True,8,0,0
CMZFNIMQBCBHEX,3,CHEMBL446040|CHEMBL4541313|CHEMBL5289130,True,13,1,1
BSCCSDNZEIHXOK,1,CHEMBL173183,False,58,0,0
COZMWVAACFYLBI,1,CHEMBL4129076,True,2,0,0
OLWPUTPKEBKCOC,0,,False,0,0,0
LLENXGNWVNSBQG,1,CHEMBL447974,True,22,7,2
VXZBFBRLRNDJCS,0,,False,0,0,0
FRTKXRNTVMCAKI,0,,False,0,0,0
HITOXZPZGPXYHY,1,CHEMBL4126941,True,4,4,2
SKNLUADAGHCXKF,1,CHEMBL1984101,True,58,0,0
ZJVUMAFASBFUBG,1,CHEMBL506814,True,31,2,2
IQHIEHIKNWLKFB,2,CHEMBL416615|CHEMBL502440,True,57,2,2
HGJXAVROWQLCTP,2,CHEMBL1970427|CHEMBL525240,True,104,8,3
YGVHOSGNOYKRIH,3,CHEMBL1159459|CHEMBL1391063|CHEMBL501154,True,74,4,3
RLLPVAHGXHCWKJ,6,CHEMBL1525|CHEMBL1899489|CHEMBL589355|CHEMBL589356|CHEMBL600685|CHEMBL601463,True,195,0,0
UPJFTVFLSIQQAV,2,CHEMBL2165230|CHEMBL2252754,True,7,0,0
ZYXFMIIERMWLTR,0,,False,0,0,0
SWRFKGRMQVLMKA,2,CHEMBL305099|CHEMBL446979,True,19,2,1
WWUVJRULCWHUSA,0,,False,0,0,0
JPFTUUXPCFNLIX,0,,False,0,0,0
GEAGRKQCZVLNAU,2,CHEMBL458193|CHEMBL478921,True,17,1,1
OBETXYAYXDNJHR,3,CHEMBL1162485|CHEMBL1162486|CHEMBL1162487,True,20,11,9
GBGPVUAOTCNZPT,0,,False,0,0,0
LEEDMQGKBNGPDN,0,,False,0,0,0
VDAVEASVPZDNQB,0,,False,0,0,0
QQWXDSCYXKZATG,0,,False,0,0,0
BROCWTPIHSSSRF,0,,False,0,0,0
SKIHGKNFJKJXPX,1,CHEMBL3593942,True,9,1,1
SQKZZFHVQCSUHZ,0,,False,0,0,0
FCKJYANJHNLEEP,3,CHEMBL1590076|CHEMBL1892806|CHEMBL47183,True,16,0,0
JPDORDSJPIKURD,5,CHEMBL3290511|CHEMBL3896728|CHEMBL4162085|CHEMBL4172763|CHEMBL4174249,True,13,3,0
XSJKUWVPNAAKPD,0,,False,0,0,0
QUUDZINXVRFXLB,0,,False,0,0,0
WTBZNVRBNJWSPF,2,CHEMBL452093|CHEMBL4740337,True,2,0,0
BGTOWKSIORTVQH,1,CHEMBL18620,True,9,2,2
HCPORNAVHSWTOJ,0,,False,0,0,0
USBJDBWAPKNPCK,0,,False,0,0,0
UDESWCQJPWPMKY,0,,False,0,0,0
JKYGPAJMFOJYKA,1,CHEMBL321432,True,3,3,3
BUYNWUMUDHPPDS,1,CHEMBL3185758,True,0,0,0
ZEACOKJOQLAYTD,2,CHEMBL460265|CHEMBL5403463,True,3,1,1
BWGNRRGTNFKGQK,0,,False,0,0,0
KGRVJHAUYBGFFP,1,CHEMBL460648,True,26,2,1
OVZDPVSNAWTXPC,0,,False,0,0,0
RHGHBLSDPQFOTE,0,,False,0,0,0
DWWPSRGTSZHWME,1,CHEMBL235649,True,15,0,0
JFVKWCYZKMUTLH,1,CHEMBL240545,True,80,15,0
ORDAZKGHSNRHTD,2,CHEMBL1592086|CHEMBL393417,True,165,16,1
HUKSJTUUSUGIDC,3,CHEMBL239047|CHEMBL334918|CHEMBL445279,True,105,10,3
AQBZCCQCDWNNJQ,1,CHEMBL241806,True,117,16,0
CFFZDZCDUFSOFZ,1,CHEMBL1284,True,100,8,3
RWPICVVBGZBXNA,1,CHEMBL1871770,True,2,0,0
MIKKTERVKUURCM,0,,False,0,0,0
VIHAEDVKXSOUAT,1,CHEMBL166223,True,13,2,2
VQKFNUFAXTZWDK,1,CHEMBL1445555,True,3,0,0
SCBBSJMAPKXHAH,0,,False,0,0,0
UAGJVSRUFNSIHR,0,,False,0,0,0
TWPSDSBUCWTKIS,0,,False,0,0,0
DWJZKGYQNOQQEZ,0,,False,0,0,0
AJGYLNFUYLRZFR,0,,False,0,0,0
HGVVOUNEGQIPMS,1,CHEMBL4160835,True,1,0,0
ZSKGQVFRTSEPJT,1,CHEMBL2229658,True,8,1,1
RWRDLPDLKQPQOW,1,CHEMBL22830,True,15,1,0
XCLIHDJZGPCUBT,0,,False,0,0,0
DUPDJVDPPBFBPL,0,,False,0,0,0
ANOXEUSGZWSCQL,3,CHEMBL1711244|CHEMBL1983719|CHEMBL443389,True,83,4,0
PWNNNPNYRQKGND,0,,False,0,0,0
SXNBVULTHKFMNO,0,,False,0,0,0
XKGDWZQXVZSXAO,1,CHEMBL3183150,True,0,0,0
DFPAKSUCGFBDDF,1,CHEMBL1140,True,921,34,30
WBHHMMIMDMUBKC,3,CHEMBL1235634|CHEMBL1877670|CHEMBL3186422,True,10,2,2
OLBNOBQOQZRLMP,1,CHEMBL448515,True,124,5,2
BJRNKVDFDLYUGJ,6,CHEMBL1357990|CHEMBL226495|CHEMBL232202|CHEMBL4109994|CHEMBL4632767|CHEMBL79041,True,250,10,5
JNNGEAWILNVFFD,4,CHEMBL1079678|CHEMBL1081585|CHEMBL1356464|CHEMBL1452775,True,27,0,0
WKSNGSPNQSMRBC,0,,False,0,0,0
VOXZDWNPVJITMN,8,CHEMBL135|CHEMBL1395196|CHEMBL1555366|CHEMBL286452|CHEMBL3526277|CHEMBL412|CHEMBL5876154|CHEMBL6386,True,3600,271,207
PCWGTDULNUVNBN,1,CHEMBL2260955,True,1,0,0
DVBQHEGQMJLCBQ,0,,False,0,0,0
FBUBVLUPUDBFME,1,CHEMBL450288,True,28,1,0
ZAASYBLGJDURHX,0,,False,0,0,0
BATOPAZDIZEVQF,1,CHEMBL1576086,True,72,0,0
VCLWSWMAOCDYJR,0,,False,0,0,0
QCDWFXQBSFUVSP,1,CHEMBL1229846,True,24,0,0
MJYUBUQHKCAJQR,0,,False,0,0,0
OHEFFKYYKJVVOX,0,,False,0,0,0
DHKHKXVYLBGOIT,1,CHEMBL1338583,True,3,0,0
ORILYTVJVMAKLC,1,CHEMBL1230831,True,4,0,0
NCDCLPBOMHPFCV,1,CHEMBL3187323,True,0,0,0
NBZANZVJRKXVBH,0,,False,0,0,0
RGACQXBDYBCJCY,1,CHEMBL3187552,True,0,0,0
BIWLELKAFXRPDE,0,,False,0,0,0
XDSYKASBVOZOAG,2,CHEMBL4295035|CHEMBL4863718,True,4,1,1
UEOKCUGZTJHPBW,1,CHEMBL519742,True,11,0,0
BAVPUWMUHDMCAA,0,,False,0,0,0
NQBWNECTZUOWID,2,CHEMBL1095954|CHEMBL3186867,True,5,0,0
WBJINCZRORDGAQ,1,CHEMBL44215,True,6,0,0
FRISMOQHTLZZRP,0,,False,0,0,0
MJQVZIANGRDJBT,3,CHEMBL2252207|CHEMBL3184894|CHEMBL493921,True,25,2,2
NGFFRJBGMSPDMS,0,,False,0,0,0
HJFZAYHYIWGLNL,0,,False,0,0,0
MRWLZECVHMHMGI,0,,False,0,0,0
MKUWVMRNQOOSAT,0,,False,0,0,0
KAYVDASZRFLFRZ,2,CHEMBL483708|CHEMBL525259,True,29,2,0
WFKAJVHLWXSISD,1,CHEMBL352219,True,67,0,0
RPOYGOULCHMVBB,1,CHEMBL257943,True,41,3,1
PKLGRWSJBLGIBF,1,CHEMBL450332,True,52,1,0
GQIJYUMTOUBHSH,1,CHEMBL1087296,True,13,2,2
KPQMCAKZRXOZLB,4,CHEMBL3315224|CHEMBL3792568|CHEMBL4562613|CHEMBL463088,True,46,7,1
VVCHIOKYQRUBED,0,,False,0,0,0
OVKDFILSBMEKLT,0,,False,0,0,0
NTPLXRHDUXRPNE,1,CHEMBL401912,True,28,11,0
ARULVMGJDAAVBD,0,,False,0,0,0
VABYUUZNAVQNPG,2,CHEMBL1456697|CHEMBL465843,True,456,160,4
URFYPQQKBYOWIX,0,,False,0,0,0
VLNRAGRUEHHINT,1,CHEMBL227442,True,1,1,0
OCPAULKJMZLXQF,0,,False,0,0,0
WAPNOHKVXSQRPX,3,CHEMBL151062|CHEMBL348446|CHEMBL508917,True,25,0,0
NTOPKICPEQUPPH,1,CHEMBL96852,True,1,0,0
ZOASGOXWEHUTKZ,0,,False,0,0,0
GJYMQFMQRRNLCY,0,,False,0,0,0
NSFWLHKFTGZFBP,0,,False,0,0,0
IMNFDUFMRHMDMM,1,CHEMBL134658,True,9,0,0
JXIDLTMFZFVXNT,0,,False,0,0,0
KSJHEGGDTGLBND,0,,False,0,0,0
ALTSDDHTSDGUCM,0,,False,0,0,0
LMWNGLDCJDIIBR,0,,False,0,0,0
PANKHBYNKQNAHN,2,CHEMBL1993367|CHEMBL464792,True,66,3,1
VWRCAQBZONAKSC,0,,False,0,0,0
HGTCGIXAQAYYBS,0,,False,0,0,0
VJVMMXUPZGOBSN,0,,False,0,0,0
RTIXKCRFFJGDFG,1,CHEMBL117,True,711,136,56
YSPASYBIZCABDF,0,,False,0,0,0
VCCRNZQBSJXYJD,1,CHEMBL309490,True,336,50,28
KKFZXXATNGJPJS,0,,False,0,0,0
YSOYXLPARMWZFY,0,,False,0,0,0
ATUOYWHBWRKTHZ,1,CHEMBL135416,True,5,0,0
UVKRXNQETSWQQS,0,,False,0,0,0
GVVFZRMBPSZJPL,0,,False,0,0,0
GRFNBEZIAWKNCO,1,CHEMBL237847,True,13,2,0
BVJSUAQZOZWCKN,1,CHEMBL202132,True,32,1,0
YZXBAPSDXZZRGB,3,CHEMBL15594|CHEMBL267484|CHEMBL7594,True,174,31,14
CVULDJMCSSACEO,5,CHEMBL1957889|CHEMBL1957890|CHEMBL1957891|CHEMBL1979730|CHEMBL496238,True,59,2,1
DOWAMUFNFMVVFD,0,,False,0,0,0
KIULDMFHZZHYKZ,0,,False,0,0,0
SFVWPXMPRCIVOK,1,CHEMBL1872732,True,1,0,0
ATEFPOUAMCWAQS,1,CHEMBL244948,True,193,21,4
SHDKPHGPBNHILS,0,,False,0,0,0
CLWAXFZCVYJLLM,1,CHEMBL3184566,False,0,0,0
KIDQUNOGEXTBNB,0,,False,0,0,0
IMPKVMRTXBRHRB,8,CHEMBL1950778|CHEMBL3349943|CHEMBL3351099|CHEMBL34244|CHEMBL37104|CHEMBL3947505|CHEMBL3979156|CHEMBL467977,True,16,0,0
JMFWYRWPJVEZPV,2,CHEMBL1600723|CHEMBL2165404,True,5,0,0
CLFDIFDNDWRHJF,0,,False,0,0,0
HKONUBJUASBFSN,0,,False,0,0,0
LOUIMJFJROISMD,0,,False,0,0,0
YPSAOPXJHSESSR,2,CHEMBL2003454|CHEMBL4070917,True,66,2,2
JZOCDHMHLGUPFI,1,CHEMBL3185940,True,0,0,0
YYJWBYNQJLBIGS,2,CHEMBL298987|CHEMBL55121,True,3,0,0
OTKJDMGTUTTYMP,3,CHEMBL1442934|CHEMBL1487948|CHEMBL448741,True,172,20,6
JZQNTAVPVKXDHG,0,,False,0,0,0
UELRAKDBDJRXST,0,,False,0,0,0
MEEONOMPSMYAQO,0,,False,0,0,0
MGYPWVCKENORQX,1,CHEMBL1697786,True,18,0,0
QZJDYFVPLXBWTK,0,,False,0,0,0
NZSLQDJARYZBJR,1,CHEMBL550031,True,6,0,0
KHVMAMXQPVHXTJ,1,CHEMBL1822703,True,1,0,0
GXJXATAYZOLJHQ,0,,False,0,0,0
JRVFYHGCYUUHNE,0,,False,0,0,0
JFXBEKISTKFVAB,2,CHEMBL1259|CHEMBL1710989,True,14,2,0
YBCPYHQFUMNOJG,1,CHEMBL2106915,False,65,0,0
PEFASEPMJYRQBW,1,CHEMBL3143891,True,3,0,0
ITMCEJHCFYSIIV,1,CHEMBL1236265,False,0,0,0
YUSWMAULDXZHPY,1,CHEMBL63354,True,217,57,30
GWCSSLSMGCFIFR,3,CHEMBL1956166|CHEMBL253335|CHEMBL468666,True,39,10,0
OCNYGKNIVPVPPX,1,CHEMBL17001,True,76,30,4
AMIMRNSIRUDHCM,1,CHEMBL1404017,True,18,0,0
KCDXJAYRVLXPFO,1,CHEMBL225303,True,43,1,0
GHBSPIPJMLAMEP,1,CHEMBL3182189,True,0,0,0
VLUMOWNVWOXZAU,2,CHEMBL1594090|CHEMBL3184118,True,10,0,0
GDOPTJXRTPNYNR,1,CHEMBL30940,True,5,0,0
TWXUTZNBHUWMKJ,1,CHEMBL3184129,True,0,0,0
SIBCECUUMHIAAM,0,,False,0,0,0
XSIFPSYPOVKYCO,1,CHEMBL1868953,True,3,0,0
ACFCPKXNISJZKZ,0,,False,0,0,0
ZFDIRQKJPRINOQ,1,CHEMBL3273403,True,4,0,0
VTSFIPHRNAESED,0,,False,0,0,0
TVQGDYNRXLTQAP,1,CHEMBL3184220,True,0,0,0
YIKYNHJUKRTCJL,1,CHEMBL121557,True,15,0,0
GYCKQBWUSACYIF,1,CHEMBL2251610,True,13,0,0
OJIBJRXMHVZPLV,0,,False,0,0,0
XDEGQMQKHFPBEW,0,,False,0,0,0
XUGNVMKQXJXZCD,1,CHEMBL139055,True,17,0,0
DDMCDMDOHABRHD,0,,False,0,0,0
LDLDJEAVRNAEBW,0,,False,0,0,0
OIUBYZLTFSLSBY,1,CHEMBL402947,True,38,3,2
OTXNTMVVOOBZCV,2,CHEMBL120697|CHEMBL121200,True,135,9,0
GLDQAMYCGOIJDV,1,CHEMBL1432,True,38,2,0
QAOWNCQODCNURD,1,CHEMBL572964,True,52,1,0
UCFQYMKLDPWFHZ,1,CHEMBL3184967,True,0,0,0
VEXZGXHMUGYJMC,1,CHEMBL1231821,True,61,2,1
HAVWRBANWNTOJX,1,CHEMBL54909,True,104,10,8
OHOBPOYHROOXEI,2,CHEMBL442988|CHEMBL507493,True,21,1,0
VYJUHRAQPIBWNV,2,CHEMBL1588263|CHEMBL518088,True,79,3,1
YTPVQABXWSESFQ,0,,False,0,0,0
XVFFSHOUXDIMLE,0,,False,0,0,0
ILEDHMVFQOCEJU,1,CHEMBL1526987,True,5,0,0
PBOSTUDLECTMNL,0,,False,0,0,0
GMFXFQNMVCGMRB,0,,False,0,0,0
BNJOQKFENDDGSC,0,,False,0,0,0
FLDNEOWDJOPXSX,0,,False,0,0,0
VDNXOMXXJXUGHQ,0,,False,0,0,0
SYHDSBBKRLVLFF,1,CHEMBL187709,True,76,16,3
MKYUCBXUUSZMQB,1,CHEMBL469620,True,10,0,0
WLGDDELKYAWBBL,0,,False,0,0,0
JJRYPZMXNLLZFH,1,CHEMBL461278,True,21,1,0
RNVUDWOQYYWXBJ,2,CHEMBL477730|CHEMBL518420,True,3,0,0
YUULFXAQUWEYNP,3,CHEMBL1394337|CHEMBL2448140|CHEMBL349197,True,31,1,1
JLFHSPGTENNODT,1,CHEMBL159692,True,2,0,0
MHXCIKYXNYCMHY,8,CHEMBL2251231|CHEMBL2252861|CHEMBL2252862|CHEMBL2252863|CHEMBL2252864|CHEMBL2252865|CHEMBL487997|CHEMBL518421,True,87,6,0
LWEHRPZXRYZMDC,0,,False,0,0,0
RXGUTQNKCXHALN,2,CHEMBL2392475|CHEMBL64286,True,119,11,0
SBLZVJIHPWRSQQ,3,CHEMBL253590|CHEMBL261907|CHEMBL3098865,True,96,9,0
PGVOXXHNGYYHHB,0,,False,0,0,0
QYGTVPFTIUUDSL,0,,False,0,0,0
GUUHFMWKWLOQMM,2,CHEMBL1449245|CHEMBL3183766,True,110,0,0
QUZRLHPXXNPHDI,0,,False,0,0,0
UNJNVKPKKZTPPR,1,CHEMBL2228470,True,1,0,0
WLXJHVQYKOJBBN,3,CHEMBL4097977|CHEMBL4464103|CHEMBL5291254,True,4,1,0
DMHADBQKVWXPPM,1,CHEMBL571450,True,2,0,0
WHIJSULEEDNKPD,1,CHEMBL3185660,True,0,0,0
OWFXIOWLTKNBAP,1,CHEMBL1535371,True,4,0,0
GEWDNTWNSAZUDX,5,CHEMBL184827|CHEMBL2139332|CHEMBL2272534|CHEMBL3349006|CHEMBL461150,True,55,0,0
YDQSIJGWNRTVJC,0,,False,0,0,0
GUUDUUDWUWUTPD,0,,False,0,0,0
WVBWGEUOGUDKGD,0,,False,0,0,0
RQYNNIWGGJJGDH,2,CHEMBL1591425|CHEMBL3039412,True,6,0,0
NQFUSWIGRKFAHK,1,CHEMBL274511,True,2,0,0
WGRUHPKMWSWYFL,0,,False,0,0,0
XEAIHUDTEINXFG,0,,False,0,0,0
MBNMGGKBGCIEGF,0,,False,0,0,0
DJDSLBVSSOQSLW,1,CHEMBL1867438,True,24,0,0
JTHNLKXLWOXOQK,1,CHEMBL4092222,True,2,1,0
GNDZIPKHRPMHPA,0,,False,0,0,0
TYEPJNKESLRTEJ,0,,False,0,0,0
KISVAASFGZJBCY,1,CHEMBL1591973,True,13,0,0
BZUNJUAMQZRJIP,0,,False,0,0,0
FUZABTYGEVJEPT,0,,False,0,0,0
PZAPVPGZDHJUTO,0,,False,0,0,0
WFBRXMMODZGJPF,0,,False,0,0,0
BHRZNVHARXXAHW,1,CHEMBL3186956,True,0,0,0
OMKNAWLMVVVCLD,0,,False,0,0,0
FNEJQOIAGPBETK,0,,False,0,0,0
LFPHMXIOQBBTSS,1,CHEMBL455504,True,2,0,0
XLEUIYGDSWMLCR,0,,False,0,0,0
ZKMZBAABQFUXFE,1,CHEMBL1197890,True,1,0,0
RIGYMJVFEJNCKD,1,CHEMBL225700,True,30,2,0
PCSMJKASWLYICJ,0,,False,0,0,0
GYFFKZTYYAFCTR,2,CHEMBL3092676|CHEMBL4203706,True,21,2,2
GGBJHURWWWLEQH,1,CHEMBL192820,True,1,1,0
ZIXLDMFVRPABBX,0,,False,0,0,0
DKMROQRQHGEIOW,1,CHEMBL369243,True,2,0,0
LEUHYTKFUDEERH,1,CHEMBL482232,True,5,0,0
PIICEJLVQHRZGT,1,CHEMBL816,True,32,0,0
NLDDIKRKFXEWBK,2,CHEMBL1950582|CHEMBL402978,True,124,21,5
RBNPOMFGQQGHHO,1,CHEMBL4556656,True,2,1,1
NEHDRDVHPTWWFG,0,,False,0,0,0
ZPFXBGIJKDANBP,0,,False,0,0,0
FYQLKIUMCHVQQI,0,,False,0,0,0
JYXSWDCPHRTYGU,2,CHEMBL1929192|CHEMBL1929193,True,13,0,0
IFTRFNLCKUZSNG,0,,False,0,0,0
ZIYVHBGGAOATLY,1,CHEMBL1232416,True,14,0,0
LMVSBYPDMNAXPF,0,,False,0,0,0
BNSCASRSSGJHQH,2,CHEMBL1797051|CHEMBL591113,True,26,3,0
VSJGJMKGNMDJCI,1,CHEMBL456137,True,10,3,1
SGMJBNSHAZVGMC,1,CHEMBL113716,True,5,0,0
CMPNIWQMRYYTMK,0,,False,0,0,0
XTXRWKRVRITETP,1,CHEMBL1470323,True,4,0,0
HVGRZDASOHMCSK,1,CHEMBL4240217,True,3,0,0
FKUQOQPBCHJHAP,0,,False,0,0,0
FWXWZVBDHSMBHR,0,,False,0,0,0
RGTIBVZDHOMOKC,1,CHEMBL482804,True,36,3,1
BLUAFEHZUWYNDE,12,CHEMBL1358398|CHEMBL1401626|CHEMBL1523872|CHEMBL1594115|CHEMBL2111908|CHEMBL2133885|CHEMBL269671|CHEMBL316678|CHEMBL345083|CHEMBL349902|CHEMBL77|CHEMBL9903,True,4134,655,8
ZZWPMFROUHHAKY,1,CHEMBL1784263,True,32,0,0
ASHGTJPOSUFTGB,1,CHEMBL57891,True,15,0,0
SWAJPHCXKPCPQZ,2,CHEMBL402744|CHEMBL97542,True,43,6,3
KIDHWZJUCRJVML,1,CHEMBL46257,True,102,2,0
QOYPSYSMHXCWMR,0,,False,0,0,0
KCXVZYZYPLLWCC,1,CHEMBL858,True,286,21,9
NIBUJHLMVJZODW,0,,False,0,0,0
YUECNVSODFDKOQ,1,CHEMBL3561573,True,0,0,0
JFCQEDHGNNZCLN,1,CHEMBL1162495,True,16,3,3
PFNFFQXMRSDOHW,1,CHEMBL23194,True,281,36,14
YAPXSYXFLHDPCK,1,CHEMBL4551020,True,6,1,0
XBNHWTBTLQIXHU,0,,False,0,0,0
AZSKHRTUXHLAHS,0,,False,0,0,0
UGJAEDFOKNAMQD,3,CHEMBL368712|CHEMBL464795|CHEMBL71260,True,78,4,1
UHNXUSWGOJMEFO,1,CHEMBL459822,True,16,0,0
WEPBGSIAWZTEJR,1,CHEMBL163316,True,229,32,4
NICZNXKVFBZQPQ,0,,False,0,0,0
DROMNWUQASBTFM,1,CHEMBL3186308,True,0,0,0
YHYBNVZCQIDLSQ,0,,False,0,0,0
PKLGTKSKHJFCIX,0,,False,0,0,0
QQRKGLQLQDQGQI,0,,False,0,0,0
DPZNOMCNRMUKPS,1,CHEMBL2252486,True,13,0,0
ZROGCCBNZBKLEL,7,CHEMBL1159406|CHEMBL1159407|CHEMBL1314522|CHEMBL3939799|CHEMBL486017|CHEMBL5179604|CHEMBL5556750,True,32,0,0
DTSSSGMZZNOCNU,0,,False,0,0,0
YFCGDEUVHLPRCZ,0,,False,0,0,0
MYKPFQFCUJYEOQ,0,,False,0,0,0
HBILMYFNYGGWLO,0,,False,0,0,0
WARCRYXKINZHGQ,1,CHEMBL125369,True,4,0,0
CINVEFJGNNNBJX,0,,False,0,0,0
CJHBVBNPNXOWBA,2,CHEMBL1774412|CHEMBL3823041,True,32,0,0
OLQJQHSAWMFDJE,1,CHEMBL1895497,False,2,0,0
PSESUFHNSONVFL,0,,False,0,0,0
AKCKWBLFZNXDLY,0,,False,0,0,0
UXDDRFCJKNROTO,0,,False,0,0,0
FJZCFGKQFDPNHS,0,,False,0,0,0
OHQGIWOBGITZPC,0,,False,0,0,0
MASZVQKLIMRPFY,0,,False,0,0,0
NIKHGUQULKYIGE,5,CHEMBL1076299|CHEMBL1968150|CHEMBL480983|CHEMBL489140|CHEMBL523791,True,248,18,4
HBOQXIRUPVQLKX,1,CHEMBL3343985,True,1,1,1
HRGUSFBJBOKSML,1,CHEMBL454320,True,42,7,3
BDHQMRXFDYJGII,2,CHEMBL121329|CHEMBL376350,True,12,1,0
HHXYJYBYNZMZKX,1,CHEMBL455613,True,2,0,0
MMNYKQIDRZNIKT,2,CHEMBL1978954|CHEMBL481434,True,69,2,0
HNBDRPTVWVGKBR,0,,False,0,0,0
OGJKMZVUJJYWKO,2,CHEMBL1975436|CHEMBL463957,True,60,0,0
YVVYKVTYSAQXSB,0,,False,0,0,0
JMMFJOSHQBBMTP,0,,False,0,0,0
YSOIFBQBQKWBAM,0,,False,0,0,0
IUNYGQONJQTULL,0,,False,0,0,0
RWTNPBWLLIMQHL,3,CHEMBL68381|CHEMBL73285|CHEMBL914,True,745,8,8
OTAFHZMPRISVEM,1,CHEMBL13311,True,24,7,5
SJWWTRQNNRNTPU,1,CHEMBL1575074,True,38,3,3
CTAPFRYPJLPFDF,1,CHEMBL13257,False,3,1,1
DKHHQUXEXCKMMT,0,,False,0,0,0
BVAPLXADYUAHTI,0,,False,0,0,0
ASOUKQDZWGOCBR,2,CHEMBL495066|CHEMBL517189,True,57,3,1
GSSOWCUOWLMMRJ,1,CHEMBL6665,True,32,4,4
JAAYVMHPQAMBJS,1,CHEMBL318151,True,1,0,0
QKGJTGWGJZVMFE,0,,False,0,0,0
ZIHBFCOMWAZDMQ,0,,False,0,0,0
LSBDFXRDZJMBSC,1,CHEMBL347645,True,22,1,0
QOXPZVASXWSKKU,1,CHEMBL463973,True,18,2,0
QIPICQCNJGOBHW,0,,False,0,0,0
DWUYGFWOANEJRE,1,CHEMBL4065660,True,2,1,0
BMGSSZITOGSORO,0,,False,0,0,0
JUCOQIYAKWHGSZ,0,,False,0,0,0
DOOTYTYQINUNNV,1,CHEMBL464988,True,2,0,0
PUGBZUWUTZUUCP,1,CHEMBL3105557,True,2,0,0
QIAFMBKCNZACKA,2,CHEMBL3251044|CHEMBL461,True,48,7,7
HJIXDFZKWWWXSC,0,,False,0,0,0
CGZBLYYTRIVVTD,0,,False,0,0,0
QEFRNWWLZKMPFJ,1,CHEMBL445753,True,2,0,0
OYIFNHCXNCRBQI,3,CHEMBL1169505|CHEMBL433238|CHEMBL88804,True,50,5,3
GGJRAQULURVTAJ,2,CHEMBL2075041|CHEMBL255922,True,63,0,0
KPMKEVXVVHNIEY,1,CHEMBL361682,True,5,0,0
HNZKNOLXYOCLIC,0,,False,0,0,0
MOJZMWJRUKIQGL,3,CHEMBL290632|CHEMBL4476324|CHEMBL4557956,True,58,7,2
CKUQXDUZAWSPOV,0,,False,0,0,0
HDVXJTYHXDVWQO,0,,False,0,0,0
KUFXJZXMWHNCEH,2,CHEMBL1939885|CHEMBL2268864,True,24,0,0
ZCJQJJWNFDNQGZ,0,,False,0,0,0
XZFDKWMYCUEKSS,1,CHEMBL3782017,True,5,0,0
YPZQHCLBLRWNMJ,0,,False,0,0,0
UBCKYWKJKPMKAA,0,,False,0,0,0
ARVSCQUZFFSNKF,0,,False,0,0,0
GJYJYFHBOBUTBY,0,,False,0,0,0
YJRWQNIRFXVBRB,4,CHEMBL1185978|CHEMBL503522|CHEMBL507220|CHEMBL509855,True,75,8,1
ZONYXWQDUYMKFB,2,CHEMBL274318|CHEMBL4781878,True,147,18,8
QPUYECUOLPXSFR,1,CHEMBL383808,True,12,2,0
WDRGNJZPWVRVSN,0,,False,0,0,0
XVOHELPNOXGRBQ,1,CHEMBL509404,True,1,0,0
YHAROSAFXOQKCZ,0,,False,0,0,0
MUYJSOCNDLUHPJ,1,CHEMBL1254325,True,2,0,0
TZCSIFOYBLPUIF,3,CHEMBL112830|CHEMBL4161505|CHEMBL491531,True,77,3,2
DAUDFKSHOYLOOB,0,,False,0,0,0
TXIKNNOOLCGADE,6,CHEMBL2332427|CHEMBL2332428|CHEMBL2332880|CHEMBL2386504|CHEMBL2386513|CHEMBL430709,True,32,6,2
YQRPMHOVGJPHAM,0,,False,0,0,0
WMLCQKGEQPLDKK,0,,False,0,0,0
IYABWNGZIDDRAK,1,CHEMBL116960,False,1,0,0
FINHMKGKINIASC,1,CHEMBL303697,True,146,18,0
YHRUHBBTQZKMEX,1,CHEMBL3120646,True,1,0,0
NXXYKOUNUYWIHA,1,CHEMBL30106,True,18,2,0
AALLCALQGXXWNA,2,CHEMBL1417543|CHEMBL4218745,True,8,0,0
LDWAIHWGMRVEFR,1,CHEMBL3109296,True,1,0,0
JFRWATCOFCPIBM,0,,False,0,0,0
RAHRTJHAYXOITA,0,,False,0,0,0
UZFHAWHYOKNKPK,0,,False,0,0,0
NGHOLYJTSCBCGC,2,CHEMBL2361576|CHEMBL361197,True,19,2,2
NDNUANOUGZGEPO,2,CHEMBL21867|CHEMBL2287063,True,20,3,1
GIZCSQLWVMDAOE,0,,False,0,0,0
RHZNXHJLYYEIDG,0,,False,0,0,0
OMDQUFIYNPYJFM,0,,False,0,0,0
KVNYFPKFSJIPBJ,1,CHEMBL3186870,True,0,0,0
WXBXVVIUZANZAU,2,CHEMBL2229622|CHEMBL6167219,True,6,0,0
IGVGCQGTEINVOH,0,,False,0,0,0
NPAWGLOPXKCTCV,0,,False,0,0,0
VJJZJBUCDWKPLC,1,CHEMBL165064,True,86,11,3
GZXPCBAETDEQAX,1,CHEMBL465491,True,1,0,0
WJGWSAFQLZSBBV,0,,False,0,0,0
NHYSRKKHKHCRGR,0,,False,0,0,0
DMBHHRLKUKUOEG,1,CHEMBL38688,True,74,0,0
TWLLPUMZVVGILS,1,CHEMBL1332922,True,22,0,0
OBKKEZLIABHSGY,2,CHEMBL3609603|CHEMBL5272780,True,4,1,1
KVQOADNSNSUAJT,0,,False,0,0,0
GGHMUJBZYLPWFD,1,CHEMBL4588682,True,10,0,0
AEJKOZRRMKOBQS,0,,False,0,0,0
HZHJGFRDKJPQPV,0,,False,0,0,0
ZTLIRKGRXLVPOF,0,,False,0,0,0
CNOPDZWOYFOHGN,0,,False,0,0,0
DCFAEXKJEMZTKR,0,,False,0,0,0
ZRVCKPDUOGAPSZ,0,,False,0,0,0
IMXDCJPVYKXJPD,0,,False,0,0,0
HHXMOTDTSDYYEI,0,,False,0,0,0
MSXVEPNJUHWQHW,1,CHEMBL44658,True,11,0,0
ZBLGFUHEYYJSSE,0,,False,0,0,0
TUTWLYPCGCUWQI,0,,False,0,0,0
BYYSDIVQNQXVHL,0,,False,0,0,0
YJXDGWUNRYLINJ,5,CHEMBL1335340|CHEMBL2004035|CHEMBL465226|CHEMBL520076|CHEMBL5308400,True,298,15,1
NFVSFLUJRHRSJG,0,,False,0,0,0
QZGNEODXJZDIBK,0,,False,0,0,0
YVDXIVLWTCSVDW,0,,False,0,0,0
USFSDFMFEDELDX,0,,False,0,0,0
HEBKCHPVOIAQTA,5,CHEMBL1369426|CHEMBL1865120|CHEMBL3137744|CHEMBL3186162|CHEMBL96783,True,53,0,0
URXZXNYJPAJJOQ,0,,False,0,0,0
JBYXPOFIGCOSSB,2,CHEMBL4303722|CHEMBL4529739,True,7,0,0
JGMYDQCXGIMHLL,0,,False,0,0,0
DJAYTQZJAJXFDU,0,,False,0,0,0
MMKQEVQTCAAXTI,0,,False,0,0,0
JJRUZTXRDDMYGM,0,,False,0,0,0
IJCWCJRLHJAVFD,1,CHEMBL465960,True,1,0,0
OCWUCHKZAHTZAB,0,,False,0,0,0
OPRWEYHEIDHWGM,0,,False,0,0,0
IUDWIAICWHVSQF,0,,False,0,0,0
HULMNSIAKWANQO,6,CHEMBL1169675|CHEMBL1169848|CHEMBL1360620|CHEMBL2419850|CHEMBL249260|CHEMBL399336,True,163,6,0
LFPVZIIPFONRSW,1,CHEMBL254343,True,2,0,0
UASZOTVHPVEMQR,0,,False,0,0,0
QWCKQJZIFLGMSD,3,CHEMBL1230782|CHEMBL55242|CHEMBL553426,True,7,0,0
XIMXJQOPHNZJDD,0,,False,0,0,0
HDTRYLNUVZCQOY,2,CHEMBL1236395|CHEMBL5178742,True,50,1,1
MAIIZFGSYSUIIV,0,,False,0,0,0
JOBAYBRAHVTSSW,0,,False,0,0,0
XUGISPSHIFXEHZ,4,CHEMBL1591934|CHEMBL3138728|CHEMBL4746582|CHEMBL68226,True,8,0,0
UDPIGEIYWVCFED,0,,False,0,0,0
HLKXYZVTANABHZ,2,CHEMBL1161506|CHEMBL1742172,True,63,0,0
CUVLOCDGQCUQSI,0,,False,0,0,0
SECXISVLQFMRJM,1,CHEMBL12543,True,22,2,2
GWHCXVQVJPWHRF,1,CHEMBL1173379,True,1,0,0
CXMXRPHRNRROMY,1,CHEMBL1232164,True,84,0,0
WXUAQHNMJWJLTG,0,,False,0,0,0
TYFQFVWCELRYAO,1,CHEMBL1162491,True,6,2,2
ISAKRJDGNUQOIC,1,CHEMBL566,True,102,3,1
HPNSFSBZBAHARI,1,CHEMBL866,True,1228,153,22
UFCLZKMFXSILNL,10,CHEMBL149674|CHEMBL177126|CHEMBL2374589|CHEMBL249448|CHEMBL3325469|CHEMBL358821|CHEMBL4244597|CHEMBL4532635|CHEMBL453276|CHEMBL453537,True,199,32,24
AFDXODALSZRGIH,1,CHEMBL95770,True,52,4,0
YDQWDHRMZQUTBA,1,CHEMBL40275,True,198,20,7
MMANMJCGIGNJGH,3,CHEMBL460120|CHEMBL4641541|CHEMBL487613,True,4,0,0
FCDLCPWAQCPTKC,1,CHEMBL418068,True,337,46,18
UJBBVYYPLDKALG,0,,False,0,0,0
RLHIRZFWJBOHHD,0,,False,0,0,0
NVVDQMVGALBDGE,3,CHEMBL1740280|CHEMBL3325770|CHEMBL364613,True,64,14,8
VXRAIAAMNNTQES,0,,False,0,0,0
NKTORRNHKYVXSU,1,CHEMBL521377,True,1,0,0
XUSTZFGBQSSEAX,0,,False,0,0,0
LPZCCMIISIBREI,2,CHEMBL1394708|CHEMBL3184315,True,5,0,0
XFYYJHYSDXQMAE,0,,False,0,0,0
IYGOTFHCAGRISA,0,,False,0,0,0
XGVJWXAYKUHDOO,6,CHEMBL1592744|CHEMBL1593638|CHEMBL224745|CHEMBL400092|CHEMBL577635|CHEMBL583716,True,374,65,1
FCWYNTDTQPCVPG,5,CHEMBL1078138|CHEMBL1326960|CHEMBL1507262|CHEMBL178485|CHEMBL2375010,True,97,3,2
SLJWCCMDGTZEGQ,0,,False,0,0,0
DFQOXFIPAAMFAU,2,CHEMBL253553|CHEMBL479291,True,83,9,3
YGPRSGKVLATIHT,4,CHEMBL1551610|CHEMBL1995397|CHEMBL401114|CHEMBL516991,True,242,41,1
RDROOFQFFWIIDK,1,CHEMBL423237,True,1,0,0
JOCIRBSYAYKMEF,0,,False,0,0,0
PIMZUZSSNYHVCU,6,CHEMBL1314871|CHEMBL1447383|CHEMBL2135566|CHEMBL2373285|CHEMBL47244|CHEMBL5484347,True,334,14,1
UDEWPOVQBGFNGE,1,CHEMBL1355077,True,11,0,0
QTDZOWFRBNTPQR,1,CHEMBL76768,True,60,28,23
FTNJWQUOZFUQQJ,5,CHEMBL2288846|CHEMBL2373668|CHEMBL3823496|CHEMBL506084|CHEMBL509309,True,407,4,2
ATSKDYKYMQVTGH,0,,False,0,0,0
WHWHCFYJQUUYCS,0,,False,0,0,0
FGYKUFVNYVMTAM,2,CHEMBL345478|CHEMBL6120671,True,5,1,0
CVWWNYPTZYQCSE,1,CHEMBL1078509,True,3,0,0
FWYSBEAFFPBAQU,3,CHEMBL1464240|CHEMBL4128429|CHEMBL442813,True,39,1,1
SCWGDYORLGVQND,0,,False,0,0,0
TYROIZSRPIPTQK,1,CHEMBL580364,False,9,0,0
SDXKZPQOVUDXIY,1,CHEMBL426871,True,11,3,0
VYQXIUVIYICVCM,1,CHEMBL450788,True,93,11,0
LPDBXIILKCOZBR,0,,False,0,0,0
NVOXRHIABFKYOT,0,,False,0,0,0
MLTULPRRIKTZBN,0,,False,0,0,0
KLJFYXOVGVXZKT,0,,False,0,0,0
UBTAPPWQYRWQOH,0,,False,0,0,0
KPUDOJPVQQJLGI,0,,False,0,0,0
DMFHLLHXYQJPJS,1,CHEMBL468804,True,10,1,0
SEEZIOZEUUMJME,1,CHEMBL463843,True,72,9,5
NIGRJVWIKNICMW,0,,False,0,0,0
GDFVLFBHNREYBP,0,,False,0,0,0
AWCUZBLYCWUTRL,3,CHEMBL4469789|CHEMBL4476171|CHEMBL5268213,True,12,0,0
MPYHGNAJOKCMAQ,2,CHEMBL1425007|CHEMBL251625,True,19,1,0
KGPAYJZAMGEDIQ,3,CHEMBL1407|CHEMBL1613|CHEMBL519894,True,58,3,0
AKNNEGZIBPJZJG,5,CHEMBL1570261|CHEMBL1618357|CHEMBL1623561|CHEMBL364713|CHEMBL402487,True,1017,44,4
NCWLTPKGFNPAMP,1,CHEMBL222274,True,5,2,2
JUHFTROMPGJNSA,0,,False,0,0,0
BJLPWUCPFAJINB,0,,False,0,0,0
SOVNCTNQAWWYAQ,1,CHEMBL1412710,True,35,4,3
SUVIGLJNEAMWEG,1,CHEMBL1236818,True,2,0,0
XFYYZBJXMSDKCV,1,CHEMBL225704,True,13,5,0
DDGJUTBQQURRGE,1,CHEMBL556454,True,2,0,0
OQCBJFYTNWYVQJ,1,CHEMBL1077966,True,6,0,0
RBSQCQCFXKACSX,0,,False,0,0,0
ALVPFGSHPUPROW,0,,False,0,0,0
SOTUFGKJQVSOCT,2,CHEMBL1078839|CHEMBL178219,True,9,1,1
IOVUOUZQSDBAQN,0,,False,0,0,0
QTWKINKGAHTPFJ,1,CHEMBL3189103,True,0,0,0
STBYJWOIDOZITH,0,,False,0,0,0
IANTXARIIJNAIU,1,CHEMBL1079137,True,2,0,0
MCTDXPDDZLFJHR,2,CHEMBL1078139|CHEMBL1651079,True,17,3,0
WNANPKYNOALKIV,2,CHEMBL177857|CHEMBL2374815,True,57,0,0
WLYRUZQGIVCRDD,1,CHEMBL1362201,True,28,0,0
XXKXCRGLMFAXTK,3,CHEMBL1082630|CHEMBL1083019|CHEMBL272886,True,14,0,0
OCHZHKVSLMBEJP,2,CHEMBL177697|CHEMBL270486,True,11,1,1
XYUJBOZUFFMPGO,1,CHEMBL1077965,True,6,0,0
COYAPIDJCSAGJF,0,,False,0,0,0
MKIFOPBVDBXRTO,0,,False,0,0,0
XJMPAUZQVRGFRE,4,CHEMBL1079679|CHEMBL1482711|CHEMBL2133850|CHEMBL485798,True,33,1,1
MOILFCKRQFQVFS,2,CHEMBL4303395|CHEMBL4303429,True,16,0,0
YDRJRZATXHNIOV,0,,False,0,0,0
WTYGAUXICFETTC,1,CHEMBL268164,True,15,0,0
XSLLXOBLMRISRI,0,,False,0,0,0
NTIIOWKIWLOHAR,1,CHEMBL36580,False,2,0,0
RRUFTPKJXNXMAE,0,,False,0,0,0
ZAJTXVHECZCXLH,1,CHEMBL4878290,True,1,0,0
DKEXFJVMVGETOO,2,CHEMBL53813|CHEMBL56119,True,24,2,2
AAPBYIVJOWCMGH,0,,False,0,0,0
MUZIZEZCKKMZRT,0,,False,0,0,0
XUHLIQGRKRUKPH,2,CHEMBL2048655|CHEMBL464166,True,8,2,0
KBXOGESWPIVMNJ,0,,False,0,0,0
IXELFRRANAOWSF,2,CHEMBL122289|CHEMBL122890,True,106,8,3
SUZLPERYXSOGNY,0,,False,0,0,0
BGLUXFNVVSVEET,1,CHEMBL47969,True,1,0,0
AADVZSXPNRLYLV,6,CHEMBL1338039|CHEMBL1405795|CHEMBL148824|CHEMBL3349577|CHEMBL382310|CHEMBL465592,True,25,3,2
FGWJRZQNNZVCHR,1,CHEMBL1622689,True,0,0,0
VFXXNAVZODKBIW,2,CHEMBL463014|CHEMBL517300,True,90,4,0
OJISWUQNQQWEND,1,CHEMBL517133,True,1,0,0
PVLTXPSAODCUJM,0,,False,0,0,0
SVYKBKUULVTNPZ,0,,False,0,0,0
ITYGLICZKGWOPA,0,,False,0,0,0
NARIBLVZTLPQJB,0,,False,0,0,0
NDKYEUQMPZIGFN,0,,False,0,0,0
BTMVHUNTONAYDX,1,CHEMBL3561586,True,0,0,0
FTBUKOLPOATXGV,0,,False,0,0,0
DPBVJRXPSXTHOL,1,CHEMBL207607,False,3,0,0
NGXNAIZTJAUMGV,0,,False,0,0,0
XEYIWOWYMLEPSD,0,,False,0,0,0
AQVXTKFYDNDQTE,0,,False,0,0,0
MTOMOICLIZNIAM,0,,False,0,0,0
CXISHLWVCSLKOJ,0,,False,0,0,0
HZQODNRPUJAVLV,1,CHEMBL4217186,True,3,0,0
ZMJBYMUCKBYSCP,2,CHEMBL118715|CHEMBL2007728,True,27,4,4
SXYMMDGPXYVCER,0,,False,0,0,0
PJJDXGUZICJPQG,0,,False,0,0,0
KXEISHUBUXWXGY,0,,False,0,0,0
UPYLKTQCLCBJQP,1,CHEMBL464325,True,4,0,0
HJSJELVDQOXCHO,0,,False,0,0,0
VUMAFSXBFDKENO,0,,False,0,0,0
QSTHEUSPIBEICI,1,CHEMBL2289736,True,15,0,0
UODZHRGDSPLRMD,1,CHEMBL36119,True,16,4,0
QHOZSLCIKHUPSU,3,CHEMBL1999554|CHEMBL2138247|CHEMBL498236,True,74,0,0
AABILZKQMVKFHP,0,,False,0,0,0
LOFDEIYZIAVXHE,0,,False,0,0,0
NBQPHANHNTWDML,0,,False,0,0,0
SHTBSFAQXXAZMU,0,,False,0,0,0
QVYFJAXRWMQCHB,0,,False,0,0,0
OWWLUIWOFHMHOQ,2,CHEMBL1201206|CHEMBL4740124,True,3,0,0
WIQOUTANBFOBPB,4,CHEMBL1990401|CHEMBL400927|CHEMBL4085823|CHEMBL4793677,True,190,4,0
HSKWDASEQYSGDS,0,,False,0,0,0
GFERNZCCTZEIET,2,CHEMBL3039287|CHEMBL7940,True,17,0,0
XYZHAMCXFBMVLL,0,,False,0,0,0
WDFLKCAWQQMJCA,0,,False,0,0,0
UITDBHSAZAFMFR,0,,False,0,0,0
LKKGCXYYEAXNEB,0,,False,0,0,0
MRNPHCMRIQYRFU,0,,False,0,0,0
KUJKCZZRNAACDH,1,CHEMBL508115,True,1,0,0
JGNVYAOXQBLSNQ,0,,False,0,0,0
ISIMGBQRFXXNON,1,CHEMBL128729,True,206,57,10
HUZJLWLCLJEXEL,2,CHEMBL116410|CHEMBL4643848,True,5,0,0
RCFGRZLLBGMERD,0,,False,0,0,0
PWMWNFMRSKOCEY,1,CHEMBL3188703,True,2,0,0
OTYVBQZXUNBRTK,0,,False,0,0,0
PTJFJXLGRSTECQ,1,CHEMBL1593789,True,1,0,0
BRSOYKIAEJTKCP,0,,False,0,0,0
PHKYYUQQYARDIU,1,CHEMBL1173768,True,1,0,0
JGUUOJGEJWRPMA,0,,False,0,0,0
RIFSGUJLMACJMI,0,,False,0,0,0
ZUXCVSSOFQSXFF,0,,False,0,0,0
ZQPCOAKGRYBBMR,0,,False,0,0,0
WKKJGHCXVKEJNU,6,CHEMBL1814427|CHEMBL461399|CHEMBL461400|CHEMBL487595|CHEMBL503863|CHEMBL526915,True,29,8,0
QXKHYNVANLEOEG,1,CHEMBL416,True,967,59,5
XBPCUCUWBYBCDP,1,CHEMBL1451838,True,16,0,0
ADFWQBGTDJIESE,1,CHEMBL33778,True,87,22,20
JOLVYUIAMRUBRK,1,CHEMBL470680,True,3,1,1
JJWIOXUMXIOXQN,0,,False,0,0,0
XQINTCORIZHGFD,2,CHEMBL1186240|CHEMBL175775,True,1,0,0
QJZFVYJIGWEKIR,0,,False,0,0,0
OITVFMRNHJZOHF,0,,False,0,0,0
PPTMWEDTYQRQBC,0,,False,0,0,0
PPFHNIVPOLWPCF,0,,False,0,0,0
YQFZNYCPHIXROS,0,,False,0,0,0
ZBEJHGUYYNELJI,0,,False,0,0,0
GTYBQDCOPQDAPP,0,,False,0,0,0
OHBQPCCCRFSCAX,1,CHEMBL1668604,True,23,6,6
OJBPXSILEFOOQD,0,,False,0,0,0
KWAMDQVQFVBEAU,3,CHEMBL1215754|CHEMBL1774392|CHEMBL2374970,True,90,5,0
JZIQWNPPBKFOPT,2,CHEMBL1968854|CHEMBL426690,True,93,10,1
GDMYRVKWBYREMU,1,CHEMBL2386304,True,11,2,0
KXNFNEAZTWCHIL,0,,False,0,0,0
OWPWFVVPBYFKBG,2,CHEMBL495949|CHEMBL502127,True,186,26,1
AYDKOFQQBHRXEW,1,CHEMBL487606,True,8,0,0
LKZDFKLGDGSGEO,3,CHEMBL1375795|CHEMBL2032411|CHEMBL500233,True,35,2,0
RTEDIEITOBJPNI,3,CHEMBL161013|CHEMBL2414346|CHEMBL349509,True,8,0,0
VNLOLXSJMINBIS,1,CHEMBL2229454,True,2,0,0
WOVCTJQWXIZFAK,0,,False,0,0,0
YOVRGSHRZRJTLZ,2,CHEMBL1450481|CHEMBL3263381,True,7,0,0
LIUSWWYGMWHXRD,0,,False,0,0,0
QHMBSVQNZZTUGM,4,CHEMBL190461|CHEMBL236171|CHEMBL3810140|CHEMBL6039930,True,787,169,95
WVOLTBSCXRRQFR,1,CHEMBL498672,True,104,12,3
CZXWOKHVLNYAHI,1,CHEMBL4538462,True,16,1,1
JVOHLEIRDMVLHS,0,,False,0,0,0
KXKOBIRSQLNUPS,1,CHEMBL464869,True,2,0,0
YEGSYHNTNPSTNB,2,CHEMBL463644|CHEMBL517005,True,2,0,0
ZROLHBHDLIHEMS,1,CHEMBL2387541,True,72,38,31
KQBVSIZPUWODNU,0,,False,0,0,0
JBFOLLJCGUCDQP,2,CHEMBL1980748|CHEMBL254213,True,66,3,1
LADIAAQZFHPJSX,1,CHEMBL4519673,True,1,1,0
AMSCMASJCYVAIF,0,,False,0,0,0
HZYCAKGEXXKCDM,0,,False,0,0,0
JOSNYUDSMPILKL,0,,False,0,0,0
XCXKZBWAKKPFCJ,1,CHEMBL3273568,True,67,0,0
RRXOQHQFJOQLQR,1,CHEMBL121548,True,38,0,0
JCBPETKZIGVZRE,2,CHEMBL3184640|CHEMBL327032,False,1,1,0
NMXWTQFCMCVSFH,0,,False,0,0,0
JSLDLCGKZDUQSH,2,CHEMBL1165590|CHEMBL1330793,True,48,18,0
JRJGKUTZNBZHNK,0,,False,0,0,0
XUNMWLWTZWWEIE,1,CHEMBL460237,True,4,0,0
WLJVNTCWHIRURA,1,CHEMBL1235351,True,0,0,0
BTZVDPWKGXMQFW,0,,False,0,0,0
XLLIQLLCWZCATF,0,,False,0,0,0
RFCSGMIUBXUYSE,2,CHEMBL239350|CHEMBL519878,True,15,0,0
FFVRRQMGGGTQRH,9,CHEMBL1480853|CHEMBL1594801|CHEMBL1967575|CHEMBL2006905|CHEMBL3352873|CHEMBL3358048|CHEMBL4075029|CHEMBL5285280|CHEMBL564301,True,188,8,0
OYMQKBZMKFJPMH,2,CHEMBL463317|CHEMBL512646,True,17,2,2
MMMDVGMDEBDBOH,2,CHEMBL185527|CHEMBL488412,True,4,0,0
PZNPHSFXILSZTM,1,CHEMBL2047364,True,4,1,0
YEWUMIMAJWFDQG,0,,False,0,0,0
WXMARHKAXWRNDM,1,CHEMBL395414,True,18,4,1
XJLZCPIILZRCPS,2,CHEMBL1644796|CHEMBL518556,True,6,0,0
OLBAYJUQWFSQAY,0,,False,0,0,0
MDXYNRAMDATLBT,0,,False,0,0,0
UZGQDPUKGCHYDI,0,,False,0,0,0
TZLTUMDXQSXWJG,0,,False,0,0,0
FWKQNCXZGNBPFD,1,CHEMBL1408759,True,23,0,0
ZCLWBGXLYWCXHJ,1,CHEMBL519704,True,3,2,0
IIZCEIWXLSJQFP,1,CHEMBL2272667,True,2,0,0
PIYHDSUVUSVLGU,1,CHEMBL480296,True,2,1,0
FDHFWHRGVDRJIK,1,CHEMBL469916,True,4,2,0
QKIQAUSGMKJYFS,1,CHEMBL501119,True,2,1,0
BFDODNWEBMWJIS,0,,False,0,0,0
IJEQILWOWKTLML,0,,False,0,0,0
QFFURUDOUPSWTF,1,CHEMBL1990222,True,59,0,0
IAJBQAYHSQIQRE,1,CHEMBL1164301,True,61,0,0
UADJTDURPOSPRM,0,,False,0,0,0
PSBKJPTZCVYXSD,0,,False,0,0,0
SOCNBZCAGNYAED,2,CHEMBL476708|CHEMBL479701,True,5,2,0
ASAWUXMEXFAFMU,1,CHEMBL1976475,True,57,0,0
JKCVMTYNARDGET,3,CHEMBL1477391|CHEMBL1641904|CHEMBL486597,True,26,9,0
PPKABVGOUVBEEX,1,CHEMBL480295,True,2,2,0
WCERJEZPIONOJU,2,CHEMBL156339|CHEMBL345432,True,15,8,0
DDWGQGZPYDSYEL,3,CHEMBL180970|CHEMBL182073|CHEMBL242011,True,88,15,3
HHRGVAZECZEYPH,0,,False,0,0,0
PCFGXGDGOLIQTE,0,,False,0,0,0
GMLDZDDTZKXJLU,3,CHEMBL2021357|CHEMBL345590|CHEMBL471067,True,37,3,0
UAJHVFUBIKCODA,0,,False,0,0,0
YWPRRALOHVWEQD,0,,False,0,0,0
VCIZOTXPSIGTKG,0,,False,0,0,0
NOUDABILYBTVKT,0,,False,0,0,0
BWUQAWCUJMATJS,1,CHEMBL1164087,True,6,0,0
ICGJAAVPMLXDHF,1,CHEMBL224797,True,23,4,0
KDFKJOFJHSVROC,3,CHEMBL2334891|CHEMBL2334892|CHEMBL3780481,True,40,15,14
ZALYXKJOOUDZCC,0,,False,0,0,0
YXWQTVWJNHKSCC,1,CHEMBL160919,True,19,2,0
IZTUINVRJSCOIR,0,,False,0,0,0
ZDGQZOCAKDGPRA,0,,False,0,0,0
YLUOVOKBMSLYGX,0,,False,0,0,0
UFCVPEFVGGMGSE,0,,False,0,0,0
JWRBBXQUYVJOLN,0,,False,0,0,0
LLSADFZHWMEBHH,1,CHEMBL255882,True,3,0,0
GKDSKCYMUUXQLA,0,,False,0,0,0
SKBDLRWFSRLIPP,0,,False,0,0,0
INYZHMFILKJYAJ,0,,False,0,0,0
RUPUUZZJJXCDHS,1,CHEMBL4063429,True,1,0,0
ZKISAEBFBKQQID,0,,False,0,0,0
HYBRYAPKQCZIAE,1,CHEMBL520043,True,17,3,0
CJYNYVSDQZLRSG,0,,False,0,0,0
BZKUYNBAFQJRDM,2,CHEMBL24834|CHEMBL281357,True,17,6,5
XPDJLGHACUMTKU,1,CHEMBL6192891,False,4,0,0
VZTUIEROBZXUFA,3,CHEMBL275097|CHEMBL476501|CHEMBL490533,True,260,16,10
OKORHWXYDBSYNO,1,CHEMBL251624,True,5,0,0
OROGSEYTTFOCAN,6,CHEMBL1907378|CHEMBL2448883|CHEMBL4747028|CHEMBL485|CHEMBL5665410|CHEMBL612012,True,320,21,14
XYYVYLMBEZUESM,3,CHEMBL163490|CHEMBL257627|CHEMBL5570122,True,6,3,3
WHFUDAOCYRYAKQ,1,CHEMBL227965,True,9,2,0
SWBXJEKOHMOEFV,1,CHEMBL1980707,True,57,0,0
XPOJSWHIKCNLEQ,1,CHEMBL1339015,True,17,0,0
HCUKNXBLSIDEJS,0,,False,0,0,0
CIUHLXZTZWTVFL,1,CHEMBL465678,True,15,1,0
STJFYCWYHROASW,0,,False,0,0,0
WZRCQWQRFZITDX,3,CHEMBL19344|CHEMBL470491|CHEMBL501778,True,37,11,5
XXANNZJIZQTCBP,1,CHEMBL1606295,True,10,0,0
YYCRAERBSFHMPL,1,CHEMBL5583715,True,37,3,2
UFHGABBBZRPRJV,1,CHEMBL4785846,True,2,0,0
RQCOQZNIQLKGTN,1,CHEMBL5091026,True,6,3,3
ZEGRKMXCOCRTCS,1,CHEMBL109516,True,4,2,1
ORFFGRQMMWVHIB,1,CHEMBL1333869,True,11,0,0
BQJCRHHNABKAKU,6,CHEMBL1888905|CHEMBL2133708|CHEMBL2139208|CHEMBL409938|CHEMBL5665374|CHEMBL70,True,1742,308,238
AMAPEXTUMXQULJ,0,,False,0,0,0
DEMFUFJSZCRLRV,1,CHEMBL2289026,True,5,5,1
DPRSKEMBOBQDJV,0,,False,0,0,0
DEXMFYZAHXMZNM,1,CHEMBL486305,True,3,0,0
ZJEHXADDXGVOCX,0,,False,0,0,0
HXFMRYFLZVSZMP,0,,False,0,0,0
LMGZCSKYOKDBES,0,,False,0,0,0
NNDKZTBFZTWKLA,0,,False,0,0,0
CNXVDVMAYXLWPD,1,CHEMBL4751586,True,2,0,0
ZKLXUUYLEHCAMF,1,CHEMBL437602,True,3,2,2
GLKPKUBRBLNOSC,0,,False,0,0,0
MTJSWIPYMFUEPW,0,,False,0,0,0
QJTBIAMBPGGIGI,1,CHEMBL205040,True,28,7,6
GPTFURBXHJWNHR,1,CHEMBL453019,True,18,1,0
FOJYFDFNGPRXDR,0,,False,0,0,0
GVTRUVGBZQJVTF,2,CHEMBL402782|CHEMBL404097,True,21,4,2
INVGWHRKADIJHF,1,CHEMBL417799,True,406,47,10
UWEHVAXMSWXKRW,1,CHEMBL5200898,True,3,2,0
JQGBUIZIHWUPHT,0,,False,0,0,0
PMXUJDPQAVEYII,0,,False,0,0,0
CPYIEKQJQMBWIB,0,,False,0,0,0
NPUAGQSOGDMMPN,0,,False,0,0,0
NJMOXXXFTFWKLU,0,,False,0,0,0
WCZUJRMWTGFSNK,0,,False,0,0,0
GBZDALHFANHWOF,0,,False,0,0,0
ZYLPVUZBZNMVMR,0,,False,0,0,0
GCAIEHBYLQNGAF,1,CHEMBL1087008,True,8,0,0
QUZPNFFHZPRKJD,0,,False,0,0,0
PENVZDGQEYSJEF,0,,False,0,0,0
OSLLYIQENKMWKD,0,,False,0,0,0
KWMAWXWUGIEVDG,0,,False,0,0,0
MKLGKAZZVGHUDD,0,,False,0,0,0
PCGKIWPTIJPQHI,0,,False,0,0,0
RGOMDWSYUHJZOA,0,,False,0,0,0
MQAHKRVNVQQRHE,0,,False,0,0,0
JNELGWHKGNBSMD,1,CHEMBL186784,True,69,6,3
TXTGITRXQUOAJM,2,CHEMBL223681|CHEMBL4846061,True,8,1,1
IRFJPHPNKCAISA,1,CHEMBL496644,True,1,0,0
YVVDYYFGAWQOGB,1,CHEMBL376240,True,5,1,1
ZVSXALWTWGTZSP,2,CHEMBL426722|CHEMBL4871580,True,7,0,0
ZESAOJOQKPXOPG,1,CHEMBL498456,True,7,2,2
SRHRAINFNPVRDF,1,CHEMBL3287408,False,1,0,0
JJUNZBRHHGLJQW,1,CHEMBL361025,True,39,9,3
KDXFPEKLLFWHMN,1,CHEMBL389166,True,49,3,0
BVOVBAKSGLOABW,0,,False,0,0,0
WZKQNLDTOKZTTR,0,,False,0,0,0
CCWCTGKXUGACDY,0,,False,0,0,0
ULSDRNDLXFVDED,1,CHEMBL103955,True,17,8,0
KYNSBQPICQTCGU,0,,False,0,0,0
UMHSTRUKUXAWBA,0,,False,0,0,0
IRBHZQLYNSNFLQ,0,,False,0,0,0
BBFQZRXNYIEMAW,1,CHEMBL93353,True,122,0,0
JPHVROHPIMQMJI,0,,False,0,0,0
FAQZFJDTUMBJQS,0,,False,0,0,0
IMZMKUWMOSJXDT,1,CHEMBL428880,True,647,9,8
SOFMPBOQLPVEQZ,0,,False,0,0,0
GJPVEZJRYIBIOD,0,,False,0,0,0
ZXPWFWWSCFIFII,0,,False,0,0,0
VIEJMRGNZBJDOV,0,,False,0,0,0
SGJIYESRGDTFSD,0,,False,0,0,0
XEIOPEQGDSYOIH,0,,False,0,0,0
ZCVMWBYGMWKGHF,1,CHEMBL534,True,574,55,44
AOAFVSVYRSUDBN,0,,False,0,0,0
MVDGSHXQMOKTDJ,0,,False,0,0,0
CSQGINGXEBQJPA,0,,False,0,0,0
YBDIZQWDBBOOFB,1,CHEMBL303495,True,1,0,0
ODNZGWQSPYLHGS,0,,False,0,0,0
NPESYAPJIHBZLW,0,,False,0,0,0
HUKORALUZFKSIC,0,,False,0,0,0
WHMXLRRVANEOOG,0,,False,0,0,0
VELNJBNYLCFDCI,0,,False,0,0,0
SIVINWHAEBFOIY,0,,False,0,0,0
BXNSJSZTRNGMSP,0,,False,0,0,0
CJBDUOMQLFKVQC,0,,False,0,0,0
WLDGLUYONPYMAV,0,,False,0,0,0
VPGIGLKLCFOWDN,3,CHEMBL2007304|CHEMBL277682|CHEMBL396671,True,67,0,0
CMMUMPUVMQKMLU,0,,False,0,0,0
YLZYAUCOYZKLMA,3,CHEMBL1983713|CHEMBL21103|CHEMBL242128,True,67,2,0
VLEUZFDZJKSGMX,3,CHEMBL4303505|CHEMBL83527|CHEMBL87712,True,304,64,17
BRRYCACXNRWJMT,0,,False,0,0,0
WPNYFKJDYXQIGA,0,,False,0,0,0
SHEUEEZGXLCROM,0,,False,0,0,0
NZSCHTYUGUVLHG,1,CHEMBL1469634,True,4,0,0
ZHWZEHFYKZGQFR,0,,False,0,0,0
RAPKQMZFSCMPDF,0,,False,0,0,0
QFHNVRXMVIWOFO,0,,False,0,0,0
VJYFMQREUJXCQV,0,,False,0,0,0
AWXTUFPUJSQYGO,0,,False,0,0,0
FUCSWNUANQRDFQ,2,CHEMBL424159|CHEMBL446312,True,4,0,0
LZBXPXAOYQVZEC,0,,False,0,0,0
HVAVUZLEYSAYGE,0,,False,0,0,0
LDSSHHGVKDZTIX,0,,False,0,0,0
LSIXBBPOJBJQHN,0,,False,0,0,0
XVULBTBTFGYVRC,6,CHEMBL1369540|CHEMBL2431870|CHEMBL294740|CHEMBL354048|CHEMBL464176|CHEMBL4861009,True,128,6,0
ZWUWJJHLJNLVDD,0,,False,0,0,0
VENIIVIRETXKSV,1,CHEMBL1967321,True,55,0,0
BPKXTDIRERUUAY,1,CHEMBL459111,True,2,0,0
QHDPITNBVDSMQH,0,,False,0,0,0
YFOIGZMLDYUPOI,0,,False,0,0,0
GDUPVLWBFYDTHE,1,CHEMBL455859,True,2,0,0
PMCPDNGTLRPFQQ,0,,False,0,0,0
WYGLLWYGQRUNLF,0,,False,0,0,0
NCBOXCFFSWALMZ,1,CHEMBL1782875,True,17,0,0
TVRDYVMRUJAIJL,0,,False,0,0,0
ZMEIKTTXONUYNX,1,CHEMBL1997088,True,58,0,0
NRGDUDNBWFMMIW,0,,False,0,0,0
KFALHTDSQSJCFC,1,CHEMBL495641,True,7,5,0
PKHBEGZTQNOZLP,0,,False,0,0,0
ULDNZNZTSYZQKK,1,CHEMBL1223443,True,19,0,0
BDQNKCYCTYYMAA,1,CHEMBL2074791,False,7,0,0
GNIPXJDNOQXMGJ,0,,False,0,0,0
DMDPGPKXQDIQQG,0,,False,0,0,0
SMNDYUVBFMFKNZ,1,CHEMBL1232797,True,7,0,0
XOHIHZHSDMWWMS,0,,False,0,0,0
LJLKMTOXPHGJMQ,1,CHEMBL455087,False,1,0,0
VHWTVINEPPOCLA,0,,False,0,0,0
ZPBYVFQJHWLTFB,0,,False,0,0,0
KXYNLLGPBDUAHW,1,CHEMBL6152997,True,1,0,0
XVAIDCNLVLTVFM,1,CHEMBL3183230,True,1,0,0
XEVCTBKORYCFCZ,1,CHEMBL369768,True,14,1,1
CGVSVWWXNAFRRH,0,,False,0,0,0
RDADUROBQIJEIM,1,CHEMBL1970893,False,60,0,0
SFXXRVSPZSOREJ,1,CHEMBL406419,False,7,0,0
IOIKXLOQSXQCSI,0,,False,0,0,0
JMMMWKAJHBCSAV,0,,False,0,0,0
MPDDBIZPSZZTPG,0,,False,0,0,0
DZBUGLKDJFMEHC,1,CHEMBL39677,True,53,3,1
HAUGRYOERYOXHX,1,CHEMBL68500,True,1931,5,5
QRUDEWIWKLJBPS,1,CHEMBL84963,False,25,0,0
ZIMMLBWISNFYGV,1,CHEMBL392956,True,10,6,0
CPEVXYSYBVNBGN,0,,False,0,0,0
VVPRQWTYSNDTEA,1,CHEMBL1233250,False,6,0,0
PTLYOYNZZDSYSJ,1,CHEMBL560422,True,10,2,0
HJXJVORILFDIOT,0,,False,0,0,0
MMXZSJMASHPLLR,1,CHEMBL1235421,True,8,6,4
ZUEGEPDZNAILQJ,1,CHEMBL455767,True,1,0,0
YVUJATOOBNWJDN,1,CHEMBL4474465,True,3,0,0
KWVQNVMZUOEYMN,0,,False,0,0,0
KFLQGJQSLUYUBF,2,CHEMBL1253999|CHEMBL453568,True,72,0,0
UZUCFTVAWGRMTQ,0,,False,0,0,0
DWPLEOPKBWNPQV,1,CHEMBL5280089,False,3,0,0
DQGZGGZXMOFHLB,0,,False,0,0,0
KXDDDNKGVUBFQS,1,CHEMBL5279704,True,6,4,0
YGFGZTXGYTUXBA,1,CHEMBL3184983,True,0,0,0
XONDRGRALZTVKD,0,,False,0,0,0
KQZAHMIZMBERJX,0,,False,0,0,0
HSJZJYCOXHKDBJ,1,CHEMBL513279,True,1,0,0
OQHQALGVQDTJDN,1,CHEMBL1934195,True,4,2,2
NIZFPIBTGJOVRT,0,,False,0,0,0
PKRPFNXROFUNDE,1,CHEMBL508648,True,17,2,2
ORBITTMJKIGFNH,1,CHEMBL1934196,True,1,0,0
SGAYOTORECIFCJ,0,,False,0,0,0
HJMDOAWWVCOEDW,1,CHEMBL1710181,True,13,0,0
JMFFUDMJDZXYCT,0,,False,0,0,0
SCBBUPSCKNUDCO,0,,False,0,0,0
ZFLPOPCZMXGUOJ,1,CHEMBL3185204,True,0,0,0
XYNXVLJULQJJED,0,,False,0,0,0
BMLZFLQMBMYVHG,1,CHEMBL452751,True,59,7,4
YTZKOQUCBOVLHL,1,CHEMBL1797277,True,2,0,0
QYCGBAJADAGLLK,0,,False,0,0,0
WPMKLOWQWIDOJN,0,,False,0,0,0
LGVJRKCQQHOWAU,0,,False,0,0,0
HZWSAUOBLMSNPL,0,,False,0,0,0
JABYJIQOLGWMQW,0,,False,0,0,0
GHBKCPRDHLITSE,0,,False,0,0,0
VPEGROOEBNSCCL,0,,False,0,0,0
RKSXBPZEKYUCII,0,,False,0,0,0
HJCIVWWOKIXNOJ,0,,False,0,0,0
HCWUCGFGFTYIIJ,0,,False,0,0,0
MXYKXSMSECVABY,0,,False,0,0,0
PSZBPDGPFVFTSW,0,,False,0,0,0
AVJYNJQKPDKJBG,0,,False,0,0,0
RYHBNJHYFVUHQT,1,CHEMBL453716,True,3,0,0
DHLQCLRZNQGXIE,0,,False,0,0,0
SSNXCWDNBOVHEB,0,,False,0,0,0
MDILNYKBPZYLLP,0,,False,0,0,0
XCRISFHOPWXTMT,1,CHEMBL77865,True,50,0,0
MZPDTOMKQCMETI,0,,False,0,0,0
JQJGNXSIVDDAEF,0,,False,0,0,0
JDVPHCLYMGBZLE,1,CHEMBL422237,True,103,3,0
DUTKEQCBGLKZRI,1,CHEMBL77553,True,2,0,0
SDDQNZKSVASSFO,0,,False,0,0,0
MSJCWIFRXCLULX,0,,False,0,0,0
GGOZBGQCWVKOSB,0,,False,0,0,0
YKNMBTZOEVIJCM,0,,False,0,0,0
PFNHSEQQEPMLNI,1,CHEMBL1569610,True,5,0,0
ZASFWGOMAIPHLN,0,,False,0,0,0
ZXTLGJAARBNQGK,0,,False,0,0,0
HXUXMDQJDDDOIJ,0,,False,0,0,0
KJRCEJOSASVSRA,1,CHEMBL1897156,True,3,0,0
CVUAHQAQHICPSF,0,,False,0,0,0
VIKQYIINCNAGJW,0,,False,0,0,0
GIKVSFNAEBQLGB,1,CHEMBL2074901,True,3,2,1
CHXSDKWBSFDZEU,1,CHEMBL225698,True,69,1,0
BLFLHTDGUMLULY,0,,False,0,0,0
DHNXISVLIUCUHP,0,,False,0,0,0
SSXJHQZOHUYEGD,1,CHEMBL77993,True,101,11,3
XBZIUXVIWRAJKB,0,,False,0,0,0
SJNALLRHIVGIBI,0,,False,0,0,0
DCFDVJPDXYGCOK,1,CHEMBL3188123,True,0,0,0
SEZSXMSQCRWUAS,0,,False,0,0,0
UPVGDGITFOERJA,0,,False,0,0,0
SYGUVOLSUJYPPS,1,CHEMBL476120,True,5,1,1
FTFPXINQVCVDEY,0,,False,0,0,0
IECRXMSGDFIOEY,1,CHEMBL479077,True,5,3,1
GANPPQWRXGYBCV,0,,False,0,0,0
YSLBFFIVJGJBSA,0,,False,0,0,0
KKJQZEWNZXRJFG,0,,False,0,0,0
QVGFPTYGKPLXPK,2,CHEMBL1442638|CHEMBL2059296,True,34,0,0
RBHVONZOSZWABM,0,,False,0,0,0
HCAGTMLWEWVIJA,1,CHEMBL59220,True,12,0,0
LYLDPYNWDVVPIQ,1,CHEMBL124885,True,13,3,0
KEBPSQKPIAKRAT,0,,False,0,0,0
KDAYBJYBUBBFCG,0,,False,0,0,0
XRHHDQSPFPQKMS,1,CHEMBL479233,True,4,1,1
PVRYOKQFLBSILA,0,,False,0,0,0
UBZBPKARIHPOEC,1,CHEMBL74272,True,64,4,2
HHGPYJLEJGNWJA,1,CHEMBL77966,True,152,19,6
NPMMYTVKEWLZKD,1,CHEMBL479326,True,5,0,0
AJMNTEFGXPRZHG,0,,False,0,0,0
UFULDTPDHIRNGS,0,,False,0,0,0
DFMQEEUDLFLPFL,0,,False,0,0,0
LIHVLVGTXLTMAQ,0,,False,0,0,0
XGOWVPRWNRKCSL,0,,False,0,0,0
QKNDCRMJDZLFEG,1,CHEMBL16782,True,24,3,2
IDWULKZGRNHZNR,1,CHEMBL3189093,True,0,0,0
MUZGQHWTRUVFLG,0,,False,0,0,0
MWVKBWOAAKHSGS,0,,False,0,0,0
VQUFSEQEIRRWLD,0,,False,0,0,0
JGQFVRIQXUFPAH,1,CHEMBL3182701,True,0,0,0
NJZUUYADLXBQPA,0,,False,0,0,0
WLAYVQKPZABXSY,0,,False,0,0,0
JHELBXAAAYUKCT,0,,False,0,0,0
UPWUDJZKOSQIRQ,0,,False,0,0,0
UATVIVWPWXCCFM,0,,False,0,0,0
AZZCHVHSWUYCQA,0,,False,0,0,0
ULJXKUJMXIVDOY,0,,False,0,0,0
AXXQQGBQPBSIBA,0,,False,0,0,0
LTRBUBSPQISFFL,0,,False,0,0,0
VADSVXSGIFBZLI,1,CHEMBL463487,True,9,1,0
LZVXYGLCVNPQDY,0,,False,0,0,0
JXSBDUVWEXYABO,0,,False,0,0,0
TUWQBPAEPPGNFV,0,,False,0,0,0
IKDAAKTZPNAEIT,0,,False,0,0,0
NZXWDTCLMXDSHY,0,,False,0,0,0
OLZFGHOLNXRJEC,0,,False,0,0,0
VYPSYNLAJGMNEJ,0,,False,0,0,0
LWYKRZJSOCUPJG,0,,False,0,0,0
WJTCGQSWYFHTAC,1,CHEMBL452651,False,4,0,0
SRONXYPFSAKOGH,0,,False,0,0,0
OZOFRBKHLATMMU,0,,False,0,0,0
GEFQDWALEWZTAR,0,,False,0,0,0
ADVFPEKLSDNTRV,0,,False,0,0,0
WKUHPOMCLBLCOV,2,CHEMBL2059080|CHEMBL488001,True,19,1,1
SNSAFZXASVXYNM,0,,False,0,0,0
UPFVGSHGRMQLTG,0,,False,0,0,0
BIUSXTISNNLMOR,0,,False,0,0,0
MRYCLZJCWIDCIH,0,,False,0,0,0
ATJVZXXHKSYELS,1,CHEMBL286796,True,62,12,1
FOISHGXCIBGQJU,0,,False,0,0,0
AVBRYQRTMPHARE,0,,False,0,0,0
DRQALSJOSDMKCR,0,,False,0,0,0
PPZQNMKLQDFNHE,0,,False,0,0,0
ZQVILTAOARXDIT,0,,False,0,0,0
QSLBWGKNSBMTJL,1,CHEMBL463462,True,4,0,0
ADSYMQORONDIDD,1,CHEMBL4460302,True,1,1,1
JMGZKUMTFGHNRS,0,,False,0,0,0
GNNAZOFNKOMONV,0,,False,0,0,0
LYEFRAMOOLOUKA,0,,False,0,0,0
WRZOUWHPDDOJNR,1,CHEMBL486825,True,1,0,0
HEKGWBIGPAUHQK,0,,False,0,0,0
QHLKSZBFIJJREC,1,CHEMBL442566,True,16,2,0
FKIYLTVJPDLUDL,1,CHEMBL454778,True,10,0,0
HMUJXQRRKBLVOO,2,CHEMBL470266|CHEMBL485252,True,48,3,1
GLAAQZFBFGEBPS,1,CHEMBL487601,True,19,7,2
VUEGXHXUMOZKKN,0,,False,0,0,0
XWALNWXLMVGSFR,2,CHEMBL1418176|CHEMBL4753245,True,54,0,0
GUMSHIGGVOJLBP,1,CHEMBL3184988,True,0,0,0
YMNFLKTYCUPAKF,0,,False,0,0,0
UPHVLMVJLBLXON,0,,False,0,0,0
RXYUGYYRVYJRAU,0,,False,0,0,0
GTXWEBMMAVTOOJ,0,,False,0,0,0
QMIBIXKZPBEGTE,0,,False,0,0,0
QUHIXSUMNSRNNP,0,,False,0,0,0
YRPQTVNCCVPGFA,1,CHEMBL86496,True,1,0,0
POLXRFRYTQZPCR,0,,False,0,0,0
WEJVHFVGNQBRGH,1,CHEMBL4287899,True,1,0,0
DUGOZIWVEXMGBE,5,CHEMBL1178933|CHEMBL1907454|CHEMBL290634|CHEMBL796|CHEMBL827,True,284,26,19
IAFONZHDZMCORS,0,,False,0,0,0
HEPHYCJJLAUKSB,0,,False,0,0,0
YXHFXGHAELQJGK,0,,False,0,0,0
RIDRQWKYWXHAOD,1,CHEMBL4069449,True,12,2,0
JYTLIKVWYWOQTK,0,,False,0,0,0
LRIUTQPZISVIHK,0,,False,0,0,0
DZVXRFMREAADPP,3,CHEMBL3277900|CHEMBL3277901|CHEMBL3277902,True,3,0,0
VVXGFIWLFZMBCJ,1,CHEMBL3810179,True,6,5,1
RVUPULHIJGOIJB,0,,False,0,0,0
MGYTWJLNNBMMOZ,0,,False,0,0,0
RUMHNRJFLJGRNU,0,,False,0,0,0
CWZGKTMWPFTJCS,0,,False,0,0,0
QXYAJPQXTGQWRU,0,,False,0,0,0
AVHNDAZRNRAYTP,0,,False,0,0,0
PBNXUEQZNAEDOI,0,,False,0,0,0
IXXIEBPQRNRTQY,0,,False,0,0,0
DGPHAUBUAGDZCS,0,,False,0,0,0
VHVOLFRBFDOUSH,2,CHEMBL3184536|CHEMBL487603,True,39,0,0
UIMAEYMKYMNCGW,0,,False,0,0,0
OGMSGZZPTQNTIK,0,,False,0,0,0
IJALWSVNUBBQRA,0,,False,0,0,0
JQNFKXWEJORMGJ,1,CHEMBL5199098,True,2,1,1
HIOMEXREAUSUBP,0,,False,0,0,0
ZYDXKAHTGWQVMS,0,,False,0,0,0
OJBWHTRRQQNRBF,0,,False,0,0,0
GFDFIMKBMBRKCK,1,CHEMBL1704224,True,18,0,0
JGKMDLIITSKWAD,0,,False,0,0,0
FOTVZLOJAIEAOY,0,,False,0,0,0
SXOZDDAFVJANJP,0,,False,0,0,0
QBCRVYRADYXNOW,0,,False,0,0,0
MRLXFQWCSNFUCF,0,,False,0,0,0
QAKDINZUNLASCF,0,,False,0,0,0
RQJHRMSZZCHSHY,0,,False,0,0,0
OGKCJWOOFUPRSV,0,,False,0,0,0
AXDUSIRSMKTCSD,0,,False,0,0,0
MAVVDCDMBKFUES,0,,False,0,0,0
HGJOFJDIHKHKAU,0,,False,0,0,0
IJRCRFQMYAJPPO,0,,False,0,0,0
JNQZEVXCRPIXDB,0,,False,0,0,0
QEYJAENSRLNDFW,0,,False,0,0,0
UERQNAZBAUOZKO,0,,False,0,0,0
VITWKRWSBFUVDT,0,,False,0,0,0
YIXRPTDEXMQJOQ,1,CHEMBL2030133,True,5,0,0
WMXCDAVJEZZYLT,1,CHEMBL3182458,False,0,0,0
BDJJRCFSZXNBSM,0,,False,0,0,0
ZHSGKMPXEWBKBM,0,,False,0,0,0
MSWJSDLNPCSSNW,1,CHEMBL597919,True,29,0,0
KYEKMLQQOXNBSD,2,CHEMBL4854885|CHEMBL500894,True,34,16,1
RTONMYLSQISFQA,0,,False,0,0,0
QJJDNZGPQDGNDX,1,CHEMBL3188345,True,0,0,0
NFXNEAJDYTXPLG,1,CHEMBL463529,True,1,1,0
FDKWXRYTMNZMOF,0,,False,0,0,0
DPUIHKUQXKLJMN,0,,False,0,0,0
CKPWNMFJQJVNER,0,,False,0,0,0
BKCNDTDWDGQHSD,1,CHEMBL121077,False,2,0,0
IWJREBWESWBLJL,0,,False,0,0,0
AHZBXSSTBLMSKB,1,CHEMBL4634809,False,5,0,0
HUDBDWIQSIGUDI,1,CHEMBL232508,True,12,0,0
STNWZOBISHHDCD,0,,False,0,0,0
KHAGBBCUTFISAU,0,,False,0,0,0
IHIHSGANYYVZAE,0,,False,0,0,0
MGYFDYDNOJDWGH,0,,False,0,0,0
BWFNZIXETJNOGM,0,,False,0,0,0
IQVBYJOWGYNMIL,0,,False,0,0,0
XLTBPTGNNLIKRW,0,,False,0,0,0
LWKZASDDSMSRFV,1,CHEMBL1078629,True,8,0,0
XRHGYUZYPHTUJZ,1,CHEMBL618,True,37,1,0
SJTUFGGNSOBUCB,0,,False,0,0,0
AXGGCYIGMFOQQW,0,,False,0,0,0
FKTIVUFKTFDYDD,1,CHEMBL1077964,True,6,0,0
KHTNPVYWCGRQEA,0,,False,0,0,0
AIILTVHCLAEMDA,0,,False,0,0,0
BHRGGWSNTHQGED,1,CHEMBL2270648,True,10,0,0
DMYGEKAQMJACKL,0,,False,0,0,0
BCVHNJRRKGCIDI,0,,False,0,0,0
CWUAKNMXNCKRQK,0,,False,0,0,0
RCEFXZXHYFOPIE,3,CHEMBL454572|CHEMBL4856018|CHEMBL498115,True,18,10,10
FACXQEOSOVJIPD,0,,False,0,0,0
XISKMNBBUQQBBE,1,CHEMBL403151,True,18,0,0
RRKTZKIUPZVBMF,5,CHEMBL1333042|CHEMBL1573549|CHEMBL2361237|CHEMBL2448877|CHEMBL501756,True,80,3,2
MJGLQDXKEOEIFB,1,CHEMBL4749645,True,2,0,0
LUZUHPHTXSGDDD,1,CHEMBL327394,True,1,0,0
AVWSKQPXKPSIFK,0,,False,0,0,0
POLBLONFVZXVPI,1,CHEMBL2164627,True,5,0,0
BYHWAEAVIGYEBJ,2,CHEMBL1271835|CHEMBL5171542,True,7,2,0
WPRCHZNIQPXBQO,2,CHEMBL459625|CHEMBL486025,True,21,8,0
QMGVPVSNSZLJIA,6,CHEMBL1436908|CHEMBL1609139|CHEMBL227934|CHEMBL2448922|CHEMBL3039352|CHEMBL33495,True,393,25,14
HICMXDKNSCMBDU,0,,False,0,0,0
HSHNITRMYYLLCV,1,CHEMBL12208,True,346,16,7
ZACSSZNPODCJNA,1,CHEMBL592981,True,19,3,0
AVFNYXHRDYAHNF,1,CHEMBL1078436,True,17,6,0
FDSDTBUPSURDBL,1,CHEMBL1329004,True,6,0,0
QRYRORQUOLYVBU,4,CHEMBL1397655|CHEMBL2374044|CHEMBL484853|CHEMBL5407683,True,190,27,7
XUSYGBPHQBWGAD,3,CHEMBL1514916|CHEMBL218693|CHEMBL519970,True,123,12,6
GPLGAQQQNWMVMM,3,CHEMBL1319348|CHEMBL1591357|CHEMBL191703,True,1989,19,15
ILRYLPWNYFXEMH,1,CHEMBL209241,True,3,0,0
XXFACTAYGKKOQB,0,,False,0,0,0
WRFTYMHHWSAKSK,1,CHEMBL242550,True,39,21,0
DGMPVYSXXIOGJY,1,CHEMBL24510,True,152,3,3
JNLNPCNGMHKCKO,1,CHEMBL35349,True,7,0,0
MXYATHGRPJZBNA,2,CHEMBL2420225|CHEMBL512164,True,46,3,3
JOTBJXJGDRSICD,3,CHEMBL1197031|CHEMBL2021564|CHEMBL540975,True,94,0,0
MTYMFIWYWSHNSU,1,CHEMBL596244,True,43,3,0
DEMKZLAVQYISIA,1,CHEMBL511995,True,43,5,4
GNRIZKKCNOBBMO,1,CHEMBL323197,True,469,49,22
SZUJJDLBXJCDNT,1,CHEMBL1485886,False,5,0,0
UMIJNJJRYSRDPG,2,CHEMBL2023358|CHEMBL3357486,True,47,5,1
IOYHCQBYQJQBSK,1,CHEMBL241609,True,17,3,0
KHZSFBNUQVEEQR,1,CHEMBL1998369,True,66,1,0
SEBFKMXJBCUCAI,6,CHEMBL1551617|CHEMBL245121|CHEMBL431701|CHEMBL592675|CHEMBL6191881|CHEMBL9509,True,681,85,13
KXGVEGMKQFWNSR,9,CHEMBL2078862|CHEMBL2092842|CHEMBL2356050|CHEMBL3391714|CHEMBL348338|CHEMBL406393|CHEMBL410872|CHEMBL412516|CHEMBL4761846,True,293,17,9
ZRVDANDJSTYELM,3,CHEMBL1474684|CHEMBL1999971|CHEMBL487602,True,172,8,3
XUARCIYIVXVTAE,2,CHEMBL399873|CHEMBL58872,True,75,12,3
UBORTCNDUKBEOP,2,CHEMBL1880013|CHEMBL402439,True,9,0,0
XDUAWRGACWSYDV,0,,False,0,0,0
HAMNKKUPIHEESI,1,CHEMBL225304,True,249,66,14
LPFQFJKAHSGCFJ,0,,False,0,0,0
OQQPVKBRTSQMEC,1,CHEMBL1224742,True,5,0,0
YJIBLZYQKYKXFP,2,CHEMBL1719883|CHEMBL472650,True,81,0,0
CYHOTEDWAOHQLA,2,CHEMBL552007|CHEMBL558710,True,21,3,2
ZQIULKXWJGSFAC,0,,False,0,0,0
OTQXVFUSICVTHA,0,,False,0,0,0
BWYUMYLJWMAUHZ,0,,False,0,0,0
KDPQTPZDVJHMET,3,CHEMBL1627997|CHEMBL364826|CHEMBL5485679,True,4,0,0
HURNRRVYMOWJIY,0,,False,0,0,0
HRLFUIXSXUASEX,3,CHEMBL1412125|CHEMBL454592|CHEMBL510536,True,18,3,2
IRRHFODGOMSPEE,2,CHEMBL1973173|CHEMBL520192,True,54,0,0
VNONINPVFQTJOC,5,CHEMBL2036081|CHEMBL2036082|CHEMBL3348948|CHEMBL4303704|CHEMBL507001,True,237,51,0
LVTJOONKWUXEFR,4,CHEMBL1163175|CHEMBL1981285|CHEMBL1995734|CHEMBL4782480,True,127,4,0
JVKYZPBMZPJNAJ,3,CHEMBL1534747|CHEMBL1980466|CHEMBL363703,True,64,2,2
WLNFGKOLWOXXAF,0,,False,0,0,0
XFACLYNWBJYMCK,0,,False,0,0,0
IAKSWXAQVICMSZ,0,,False,0,0,0
USYAGNRXEGBFEX,0,,False,0,0,0
MAAMIILYYYQTQW,0,,False,0,0,0
FWGYRFWKBWPRJD,0,,False,0,0,0
IAGBQBDKOCVGCC,0,,False,0,0,0
RYAXHZWMBKQVPF,0,,False,0,0,0
CFWRDBDJAOHXSH,0,,False,0,0,0
OOOOFOPLSIWRAR,0,,False,0,0,0
NEYFHTHRJVQMPA,0,,False,0,0,0
ZWMQVDONBUJJLL,0,,False,0,0,0
RSDDTPVXLMVLQE,0,,False,0,0,0
GOKKOFHHJFGZHW,1,CHEMBL3186132,True,0,0,0
VGIRHYHLQKDEPP,0,,False,0,0,0
RJTJMEBWCASFKZ,0,,False,0,0,0
UECPLNNAVLEZGO,0,,False,0,0,0
HVGNSPLLPQWYGC,1,CHEMBL550937,True,69,25,10
WKFVGAYXXLSWRG,1,CHEMBL2007444,False,55,0,0
WMPDMQCCFFSRIM,0,,False,0,0,0
COEMCKKNQLRLNH,0,,False,0,0,0
NISBQKZXGCOUOU,1,CHEMBL503532,True,3,0,0
LIOOOHDVCJZSIK,0,,False,0,0,0
DTSDBGVDESRKKD,1,CHEMBL1213267,False,1,1,0
ZENJJKDYBBKFAI,0,,False,0,0,0
HTAJGGVKBBSFJG,0,,False,0,0,0
XTXRYZLZPWMJBM,0,,False,0,0,0
FUDDLSHBRSNCBV,0,,False,0,0,0
RXDFVNWKKAAOSK,0,,False,0,0,0
HAFVOINCFBIHOU,0,,False,0,0,0
WSARSRSCPCZLEH,0,,False,0,0,0
HVBCGALXCDNBPH,1,CHEMBL1508330,False,19,2,0
LHBLJDHSSGIEFY,1,CHEMBL1619757,False,0,0,0
OBYSASJZICHTJD,0,,False,0,0,0
MUEIBZIYMWAANR,0,,False,0,0,0
BAYUSCHCCGXLAY,1,CHEMBL5270199,True,2,0,0
PFDUUKDQEHURQC,1,CHEMBL1314652,True,9,0,0
RPKLZQLYODPWTM,4,CHEMBL1376745|CHEMBL1649742|CHEMBL3342073|CHEMBL429432,True,25,7,4
SRDMWNSAYUVWEY,0,,False,0,0,0
KUIVBKLNBPVAJK,0,,False,0,0,0
MECGTBYRHVMKNU,0,,False,0,0,0
QHOMPCGOCNNMFK,0,,False,0,0,0
HLWWZTHFGHFZMB,0,,False,0,0,0
MJTPMXWJHPOWGH,1,CHEMBL3182892,True,0,0,0
CZCIKBSVHDNIDH,2,CHEMBL2360657|CHEMBL552941,True,12,0,0
QHYCRZRGMHHJHD,0,,False,0,0,0
ZTHBDTFPZQZYPQ,0,,False,0,0,0
HHQJBWYXBWOFJY,3,CHEMBL468457|CHEMBL484424|CHEMBL484855,True,28,0,0
IPIKCTWGPWLVBN,0,,False,0,0,0
CJHYXUPCGHKJOO,1,CHEMBL471718,True,3,0,0
RZVSMVLFEPDAOP,0,,False,0,0,0
ICZUVYVOFBMBPM,0,,False,0,0,0
MGPBMQMFPKAALA,0,,False,0,0,0
FOUJWBXBKVVHCJ,0,,False,0,0,0
HBEWKQFSPOXTPI,0,,False,0,0,0
JOGSEXPLVUGVOJ,0,,False,0,0,0
GSAAJQNJNPBBSX,1,CHEMBL1904946,True,1,0,0
CUGOOMPOAPXGEE,0,,False,0,0,0
NSZDIELRLJXNCU,0,,False,0,0,0
PPQZFLDZTSSJBT,0,,False,0,0,0
YAOSHAWMYFELSJ,0,,False,0,0,0
NHEBEMJQYBPWNA,0,,False,0,0,0
JVBYMEHKMMCQBG,0,,False,0,0,0
KIDWQBQBVJXTPW,0,,False,0,0,0
DWZYELZGJMFEMJ,0,,False,0,0,0
DOYXDCAHTUMXDF,0,,False,0,0,0
AHASBSBKTYISEV,0,,False,0,0,0
JTBGJQZJEYVBJZ,7,CHEMBL2261316|CHEMBL2261551|CHEMBL458310|CHEMBL482586|CHEMBL482783|CHEMBL513961|CHEMBL520845,True,48,4,4
YGHAIPJLMYTNAI,0,,False,0,0,0
LIWMQSWFLXEGMA,1,CHEMBL301674,True,5,0,0
MYTMJEOPCWWJTO,0,,False,0,0,0
ZYNDJIBBPLNPOW,0,,False,0,0,0
KLLNFFKNGWISHH,0,,False,0,0,0
CHSGGAJXIJVXGW,0,,False,0,0,0
NKGKIFOCXVXIJW,0,,False,0,0,0
WQXVVZSHNNEYJB,0,,False,0,0,0
FJCQUJKUMKZEMH,0,,False,0,0,0
ZIOOKYHAOBSYOH,0,,False,0,0,0
YRSIFCHKXFKNME,0,,False,0,0,0
GGYOTCZVVQRMSK,0,,False,0,0,0
SFUCGABQOMYVJW,3,CHEMBL108014|CHEMBL1086681|CHEMBL1778763,True,20,1,0
POVUXBMNAVCSAW,0,,False,0,0,0
VZOZQVDEQVGXKC,0,,False,0,0,0
WCNKDAQXZUTLNI,0,,False,0,0,0
LTGXPINWZFIICV,0,,False,0,0,0
XMJYSMLLWRQQAE,0,,False,0,0,0
CGUXJLVEFQACKH,0,,False,0,0,0
SVGGKWILBMPIJV,0,,False,0,0,0
PUAQLLVFLMYYJJ,3,CHEMBL1124|CHEMBL2104047|CHEMBL3301840,True,18,3,0
WSVAMWHCPDAWFM,0,,False,0,0,0
CZZYITDELCSZES,1,CHEMBL1796022,False,2,1,1
JVJVENQWWSMNNJ,0,,False,0,0,0
JVDQSLGGEZTKFI,0,,False,0,0,0
QIONXNDQGIJPJY,0,,False,0,0,0
MWCNHMCWNUTFFY,0,,False,0,0,0
ACGDKVXYNVEAGU,1,CHEMBL765,True,601,0,0
DABQEGBONFPKKP,0,,False,0,0,0
NALRCAPFICWVAQ,0,,False,0,0,0
ATDWJOOPFDQZNK,1,CHEMBL152117,True,20,1,1
KMMMHHCNFVYPIJ,0,,False,0,0,0
HWJHZLJIIWOTGZ,0,,False,0,0,0
LRJHOBBNMAGOIG,0,,False,0,0,0
UXXMYQVAUQQYNE,0,,False,0,0,0
QWZBEFCPZJWDKC,0,,False,0,0,0
IISBACLAFKSPIT,2,CHEMBL418971|CHEMBL4790947,True,2223,31,29
DTAPQAJKAFRNJB,1,CHEMBL1076537,False,4,0,0
HNYCERSRPLOVHC,0,,False,0,0,0
LKVQWLUFJXBHKH,0,,False,0,0,0
MTYBJKMGPVGKGM,0,,False,0,0,0
MZLKGKRQKLIVBS,0,,False,0,0,0
VUZMWXPSHBFURN,0,,False,0,0,0
IASDKZHJAXIYKC,0,,False,0,0,0
JRMKRTNHXOMLAA,0,,False,0,0,0
OHCRVIYCXACEBO,0,,False,0,0,0
REARGUUVUPUXPW,0,,False,0,0,0
WTUHOIGITYWFSU,0,,False,0,0,0
AESHPAQQBZWZMS,0,,False,0,0,0
CVUANYCQTOGILD,6,CHEMBL137803|CHEMBL1410671|CHEMBL1451900|CHEMBL2000732|CHEMBL4217129|CHEMBL4570047,True,240,15,4
SRSXLGNVWSONIS,1,CHEMBL1422641,False,5,0,0
WMIPXFSQLLVMKU,1,CHEMBL1975448,True,54,0,0
VSRVRBXGIRFARR,1,CHEMBL1651520,True,2,0,0
QYNRIDLOTGRNML,0,,False,0,0,0
JVLGDDNDVOSMSI,0,,False,0,0,0
CFKXWTNHIJAFNL,1,CHEMBL2386937,True,8,0,0
AMHZZVCMERHTFM,0,,False,0,0,0
KYVBNYUBXIEUFW,0,,False,0,0,0
ASOKPJOREAFHNY,1,CHEMBL1389920,True,7,0,0
MJIVRKPEXXHNJT,1,CHEMBL316034,False,153,75,61
FCPHVJQWZFNNKD,0,,False,0,0,0
KKIGUVBJOHCXSP,1,CHEMBL4521724,False,5,0,0
ZGXJTSGNIOSYLO,4,CHEMBL18851|CHEMBL3350389|CHEMBL3350765|CHEMBL601,True,267,4,1
CJIJXIFQYOPWTF,1,CHEMBL243263,True,50,13,6
MGZOXZPZHVOXQB,1,CHEMBL487711,True,38,2,2
QACRJXSXSVUOFZ,0,,False,0,0,0
HKIKAXXIWJHWLY,2,CHEMBL1343351|CHEMBL5172191,True,11,1,1
YDDGKXBLOXEEMN,4,CHEMBL282731|CHEMBL29660|CHEMBL397730|CHEMBL63592,True,164,48,24
YSOBQIMODQOGKQ,1,CHEMBL3937733,True,1,0,0
JGFZNNIVVJXRND,0,,False,0,0,0
ZJDOESGVOWAULF,2,CHEMBL3348995|CHEMBL460031,True,56,1,1
UDTUCCXZNVRBEJ,1,CHEMBL4451084,True,8,2,1
KKSDGJDHHZEWEP,1,CHEMBL98521,True,37,1,0
HPWWQPXTUDMRBI,0,,False,0,0,0
ZVXWFPTVHBWJOU,1,CHEMBL459415,True,2,0,0
VPAOSFFTKWUGAD,1,CHEMBL526377,True,11,0,0
DXYUAIFZCFRPTH,1,CHEMBL513024,True,19,1,1
DAUAQNGYDSHRET,1,CHEMBL118903,True,68,9,9
HFGFPUPROHHWFT,1,CHEMBL2132649,False,2,0,0
IJKVSODAGYUPNR,0,,False,0,0,0
BGXFQDFSVDZUIW,2,CHEMBL4129793|CHEMBL481657,True,15,3,2
IBMAYSYTZAVZPY,0,,False,0,0,0
YJKHOUIVWKQRSL,1,CHEMBL1549987,True,5,0,0
WICCRSLJPMTZJK,0,,False,0,0,0
ZXABMDQSAABDMG,0,,False,0,0,0
MHPSRBCSYUVTLI,0,,False,0,0,0
YLHGGYGTNOJPMU,0,,False,0,0,0
HYBLHNGOEIJQDA,0,,False,0,0,0
IVLCENBZDYVJPA,0,,False,0,0,0
LVRFTAZAXQPQHI,1,CHEMBL3247392,True,1,0,0
BRRGTLLRWUMHPU,0,,False,0,0,0
WFRBDWRZVBPBDO,1,CHEMBL450417,True,1,0,0
WJQOZHYUIDYNHM,1,CHEMBL108851,True,19,1,0
JLSZBVZNFYZXGA,0,,False,0,0,0
OCKCCFAPMYQFLZ,0,,False,0,0,0
PTFIPECGHSYQNR,1,CHEMBL34689,True,20,2,2
ITQLVLWNPZVVMT,0,,False,0,0,0
WAEOXIOXMKNFLQ,0,,False,0,0,0
XEIYDTUADLFFTM,0,,False,0,0,0
IHMQOBPGHZFGLC,1,CHEMBL611356,True,1,0,0
YMAQXOPPAMCPRY,0,,False,0,0,0
SNIFAVVHRQZYGO,0,,False,0,0,0
ANYFZDNBRIMCPS,0,,False,0,0,0
DZGHBGLILAEHOR,0,,False,0,0,0
RJHXEPLSJAVTFW,0,,False,0,0,0
JZPUSPPFVAJNGY,0,,False,0,0,0
ANJAOCICJSRZSR,0,,False,0,0,0
MDJJOJZGNNCGHU,0,,False,0,0,0
BBEIOODQYCQKAB,1,CHEMBL1914885,False,2,2,1
QRFDENJATPJOKG,3,CHEMBL1909875|CHEMBL490882|CHEMBL5402588,True,72,4,0
RPCNLCCJBWCUHQ,0,,False,0,0,0
QSSXJPIWXQTSIX,1,CHEMBL1339978,True,2,0,0
LQNUZADURLCDLV,1,CHEMBL15750,True,438,0,0
GMRQFYUYWCNGIN,14,CHEMBL159112|CHEMBL1790206|CHEMBL297508|CHEMBL305605|CHEMBL3348945|CHEMBL3351073|CHEMBL36592|CHEMBL4068172|CHEMBL4099875|CHEMBL421245|CHEMBL442191|CHEMBL5280769|CHEMBL578780|CHEMBL846,True,1323,133,69
FFSXTYIBUNXZMF,0,,False,0,0,0
NFVQIKZNWVPHPO,0,,False,0,0,0
MUCTUDCCUKHAPU,0,,False,0,0,0
AKJHMTWEGVYYSE,4,CHEMBL1232712|CHEMBL1398518|CHEMBL58106|CHEMBL7301,True,565,57,12
FUXBKWOAAPDDGE,0,,False,0,0,0
PBBGSZCBWVPOOL,3,CHEMBL1795406|CHEMBL6615|CHEMBL9225,True,178,3,0
UXZIDIYMFIBDKT,0,,False,0,0,0
RAOWOXJDGFFKKD,1,CHEMBL1497400,True,7,0,0
CKZQZHKPLHXPCT,0,,False,0,0,0
ZCCUUQDIBDJBTK,1,CHEMBL164660,True,95,13,4
VWRLEYGMSWVWBQ,0,,False,0,0,0
LHPVEDYVSCTZAY,0,,False,0,0,0
FUYIIAJEXUJNFA,0,,False,0,0,0
MRBKEAMVRSLQPH,1,CHEMBL192451,True,1,1,0
ZYVSOIYQKUDENJ,3,CHEMBL2303619|CHEMBL409466|CHEMBL4527424,True,93,11,0
LXCYSACZTOKNNS,0,,False,0,0,0
VHHHONWQHHHLTI,1,CHEMBL160929,True,277,0,0
XQULQGQTCWDDGX,0,,False,0,0,0
LXUTYOVUICAOGH,0,,False,0,0,0
WFJQGQNVERCLOQ,0,,False,0,0,0
PMJHHCWVYXUKFD,0,,False,0,0,0
XRVCFZPJAHWYTB,0,,False,0,0,0
HEKIGGFOVMNILV,0,,False,0,0,0
IWIDILFDSIIOSB,0,,False,0,0,0
FVXDNACXXMHWSB,0,,False,0,0,0
RSPZSDWVQWRAEF,0,,False,0,0,0
SPWJYVWGTHWHOX,0,,False,0,0,0
UMZKXSVTCVSMGD,0,,False,0,0,0
PRDUMDXCZMTBIV,0,,False,0,0,0
TUWARWGEOHQXCO,1,CHEMBL1417263,True,11,0,0
HXEKEMXHIRHCED,0,,False,0,0,0
MITIYLBEZOKYLX,0,,False,0,0,0
PJEOOBRBALZZSL,0,,False,0,0,0
LNCOYAGAIDDTKZ,0,,False,0,0,0
CGWYUYIPFMWCKE,0,,False,0,0,0
APICSZROLYCQOB,0,,False,0,0,0
XVUPLGQCVPXQRM,0,,False,0,0,0
OSWDNIFICGLKEE,1,CHEMBL305069,False,11,0,0
BZKFMUIJRXWWQK,1,CHEMBL52190,True,23,3,0
HGRCCVXNFMETEC,0,,False,0,0,0
RBGLEUBCAJNCTR,0,,False,0,0,0
VMUXSMXIQBNMGZ,1,CHEMBL89306,True,68,0,0
XICLZVQOVIQOBV,1,CHEMBL1994521,True,58,0,0
XJPZRYVYHCCNBD,0,,False,0,0,0
YOXGDVVRKJDLCI,0,,False,0,0,0
QAMJLJHOJKMLEU,0,,False,0,0,0
WGJPGMJLARWHRK,1,CHEMBL225642,False,2,0,0
STJIISDMSMJQQK,1,CHEMBL440914,True,3,0,0
OPZULQHRFNTFFZ,0,,False,0,0,0
SLQBCWSRVWZOFU,0,,False,0,0,0
JMESIDOADDYLBB,1,CHEMBL1375842,False,7,0,0
YONIOJQXOFZEDM,0,,False,0,0,0
LSQJQNQEWMPLAG,0,,False,0,0,0
BWEGRKPOJXNZSK,1,CHEMBL1877646,False,3,0,0
PANSNGZQOBWBMJ,0,,False,0,0,0
ZWAJLVLEBYIOTI,1,CHEMBL1361659,False,4,0,0
UVXPSADHTPFBBB,0,,False,0,0,0
UTPZTNSPDTWUBY,0,,False,0,0,0
IQLKFKMUIAAVNB,0,,False,0,0,0
NQHVGEQCFZFRTI,0,,False,0,0,0
FVEINXLJOJPHLH,0,,False,0,0,0
YQNTWNOXMQOVET,0,,False,0,0,0
SQRJDNBTPJGQFK,0,,False,0,0,0
WOMHOBHWESQOKV,0,,False,0,0,0
ICLDCDANPSUIFZ,0,,False,0,0,0
MUDRFXBMCDULFP,0,,False,0,0,0
BWWSIEMFINALMD,0,,False,0,0,0
CRBWFYUUQIATHW,0,,False,0,0,0
OEXALAMXNMPTIE,0,,False,0,0,0
IAHFWCOBPZCAEA,1,CHEMBL1562258,True,5,0,0
XEAPYYUMYBEJQV,0,,False,0,0,0
VEDQBZWFMDUFHU,0,,False,0,0,0
XUSXTHMTOSFZII,1,CHEMBL18585,False,1,0,0
VEALHWXMCIRWGC,0,,False,0,0,0
YVHAIVPPUIZFBA,0,,False,0,0,0
AZGBUFPIKVKSCD,0,,False,0,0,0
KUQPQYWNBDCSDN,0,,False,0,0,0
FUDNBFMOXDUIIE,2,CHEMBL2268551|CHEMBL3183521,True,32,0,0
WXVLCNREBFDEKS,1,CHEMBL451983,True,19,0,0
YVOFPTMROPMBQF,0,,False,0,0,0
YPFLOZZPZVKXBX,0,,False,0,0,0
CLUPGZSGAYZSJD,0,,False,0,0,0
NVRVNSHHLPQGCU,0,,False,0,0,0
VBFPOKFDDDQSGP,0,,False,0,0,0
MLCMZHMBYZSXCC,0,,False,0,0,0
OAADXJFIBNEPLY,0,,False,0,0,0
CFPIZMWTMRWZRO,0,,False,0,0,0
KQQWWXIMBLYXKO,0,,False,0,0,0
LRCXRAABFLIVAI,2,CHEMBL1160710|CHEMBL358040,False,13,0,0
MVZZUMCHPFHUOS,0,,False,0,0,0
ZZZRZBIPCKQDQR,1,CHEMBL3120656,True,1,0,0
PTIDGSWTMLSGAH,1,CHEMBL448964,True,43,1,0
CXHUKRKXPXTKLK,0,,False,0,0,0
BVXPOAYLAHDJDI,0,,False,0,0,0
LRBNYMQUUAIWST,0,,False,0,0,0
MEEXAGCANINTIG,0,,False,0,0,0
QWKBBKCFVDLGOM,0,,False,0,0,0
ZMQPULSGBXIVGC,1,CHEMBL4847960,True,1,0,0
LKUJKDQDJLCGCT,1,CHEMBL483213,True,1,0,0
MDLIBZVLOURDCL,0,,False,0,0,0
AQWPITGEZPPXTJ,0,,False,0,0,0
ODMIEGVTNZNSLD,2,CHEMBL1098413|CHEMBL238823,True,22,4,3
WGLLPAPKWFDHHV,1,CHEMBL187785,True,10,4,0
MGMNPSAERQZUIM,0,,False,0,0,0
SSAXPGYDNCGRHY,1,CHEMBL3142730,False,20,0,0
RMLYXMMBIZLGAQ,0,,False,0,0,0
ODTGLDLGRKWIAI,0,,False,0,0,0
JILNKNABRWICHH,0,,False,0,0,0
ABXMBMQLMGNKES,0,,False,0,0,0
OPRAONAUWNNOOV,0,,False,0,0,0
PIZARWYEACWLJN,0,,False,0,0,0
PCGDBWLKAYKBTN,0,,False,0,0,0
IGXLUUGBGJGNDG,0,,False,0,0,0
WQADWIOXOXRPLN,0,,False,0,0,0
VKZBKCJAWXBYBF,0,,False,0,0,0
NIXVNZNYHSLXMV,0,,False,0,0,0
LOZWAPSEEHRYPG,1,CHEMBL3183037,True,0,0,0
WDGGKRGJJOBJCZ,0,,False,0,0,0
GHCFSQGBRCMQNQ,0,,False,0,0,0
AJPADPZSRRUGHI,2,CHEMBL1161704|CHEMBL1232414,True,2,0,0
PUZPWTIAQVGQNY,0,,False,0,0,0
MNATWANKXQBXHW,0,,False,0,0,0
DZXBZPMJYIXTTI,0,,False,0,0,0
IPUAJEKTYUPFEU,0,,False,0,0,0
GXWFZUXIOYANKF,0,,False,0,0,0
UVRVNMDNGVIBGM,0,,False,0,0,0
IWHKMCQFAMHMSX,0,,False,0,0,0
RFXBCGVZEJEYGG,0,,False,0,0,0
WTJKGGKOPKCXLL,1,CHEMBL285376,True,4,0,0
LPDGUCIMNBNWEJ,0,,False,0,0,0
XDRGCZAFSAFSLR,0,,False,0,0,0
CPULIKNSOUFMPL,0,,False,0,0,0
HEONUJXIZOQNOR,0,,False,0,0,0
HEQOJEGTZCTHCF,1,CHEMBL128079,True,6,0,0
DTMWSKSAMRZGQH,0,,False,0,0,0
RCQKLWAPRHHRNN,0,,False,0,0,0
KUQQYMIMELKQHJ,0,,False,0,0,0
SNOBYLKVQZUQSL,0,,False,0,0,0
CNUDBTRUORMMPA,1,CHEMBL328441,True,13,0,0
SIZZLUKBSIWVMD,0,,False,0,0,0
VNWDIRWAEAIXKU,0,,False,0,0,0
XUKBDTUPIIADOP,0,,False,0,0,0
BCWSVRKZMCXABS,0,,False,0,0,0
RGRUUTLDBCWYBL,0,,False,0,0,0
JBWUENDATZQNBX,0,,False,0,0,0
UQXHSMWBRGWFBK,0,,False,0,0,0
WKJYTIFWOMZIGZ,0,,False,0,0,0
BEQKKSZSPWBAQF,0,,False,0,0,0
QUBJDMPBDURTJT,0,,False,0,0,0
XIGHAQIRKIFLFB,0,,False,0,0,0
NLHCAGKOLUBCBZ,0,,False,0,0,0
XGAVJWARXUCCJQ,0,,False,0,0,0
HIAJCGFYHIANNA,1,CHEMBL169264,True,6,2,2
CIFRDUBVGCEDOT,0,,False,0,0,0
XSSDYIMYZONMBL,0,,False,0,0,0
MBYUXUPOTRBMDQ,0,,False,0,0,0
RDUJRVXKAIVTDH,2,CHEMBL2008747|CHEMBL3306200,True,0,0,0
YIHDDWFPRQQFCP,0,,False,0,0,0
IVFDVOATXVTNHJ,0,,False,0,0,0
RSWIYWDWUHQXIZ,0,,False,0,0,0
COCNDHOPIHDTHK,1,CHEMBL85433,True,10,0,0
MUHSSCIXCFPQHS,0,,False,0,0,0
PUNOCEUUYUXUGR,1,CHEMBL1795549,True,2,0,0
RVULYTKQCSDUEK,0,,False,0,0,0
DFWFIQKMSFGDCQ,1,CHEMBL3184909,True,0,0,0
DRXCJDFWEJKJFR,0,,False,0,0,0
LUYISICIYVKBTA,1,CHEMBL1412508,True,7,0,0
GUERJZANQPLUCC,0,,False,0,0,0
VYFSOVMGRZVLMP,0,,False,0,0,0
JDLKFOPOAOFWQN,1,CHEMBL359965,True,82,21,8
NVLPQIPTCCLBEU,0,,False,0,0,0
BHIKXWJMZCALEK,0,,False,0,0,0
JGMPRNFEEAJLAJ,1,CHEMBL6134351,True,1,0,0
FCSSPCOFDUKHPV,1,CHEMBL3187351,True,0,0,0
JMLIYQJQKZYHDQ,0,,False,0,0,0
IXJMGVJLUBBAQW,0,,False,0,0,0
OKGXJRGLYVRVNE,0,,False,0,0,0
FYGHSUNMUKGBRK,1,CHEMBL1797279,True,1,0,0
HILAULICMJUOLK,0,,False,0,0,0
YXTHBZLABLYGEE,0,,False,0,0,0
QUBBAXISAHIDNM,0,,False,0,0,0
ZLCSFXXPPANWQY,1,CHEMBL31274,True,2,0,0
SVIHJJUMPAUQNO,0,,False,0,0,0
QUEBYVKXYIKVSO,0,,False,0,0,0
BEZDDPMMPIDMGJ,1,CHEMBL5316190,False,1,0,0
APVNJYLNHAHELF,0,,False,0,0,0
CKHSUZOTJQWRKZ,0,,False,0,0,0
SZZALKHHJLTNEF,0,,False,0,0,0
SGYMGUGIGTWWLU,0,,False,0,0,0
CXWASNUDKUTFPQ,1,CHEMBL4434689,True,1,0,0
JSJROSGORQZUFJ,0,,False,0,0,0
KJNJTCUBWIYXDS,0,,False,0,0,0
QXJJAJKLJQGYSE,0,,False,0,0,0
WBNNEYYTBIRMIS,0,,False,0,0,0
ROQLTZUOXIQBDO,1,CHEMBL1173160,True,1,0,0
DPBBHCPPIMPENT,0,,False,0,0,0
FBBOXFRALFYLMY,0,,False,0,0,0
PAJPWUMXBYXFCZ,1,CHEMBL265325,True,37,3,0
VCYDUTCMKSROID,0,,False,0,0,0
LQSMAOQNHULBNK,0,,False,0,0,0
AZGNIKZHFDJEPU,3,CHEMBL1481043|CHEMBL3138699|CHEMBL504580,True,13,0,0
FHSDVOJKLYJNCQ,0,,False,0,0,0
UBJVUCKUDDKUJF,1,CHEMBL170458,True,37,1,1
TWYULKMKVIUSSQ,0,,False,0,0,0
NPNIZCVKXVRCHF,0,,False,0,0,0
YSQZSPCQDXHJDJ,0,,False,0,0,0
DMBUODUULYCPAK,1,CHEMBL2104418,True,0,0,0
VMPHSYLJUKZBJJ,0,,False,0,0,0
HPPSTURWGYFXQN,1,CHEMBL256497,True,9,1,0
SURZCVYFPAXNGN,1,CHEMBL1232511,True,56,0,0
POPFMWWJOGLOIF,3,CHEMBL1201012|CHEMBL1355879|CHEMBL3039457,False,357,5,4
RITKHVBHSGLULN,1,CHEMBL460831,True,13,0,0
DGEMPTLPTFNEHJ,0,,False,0,0,0
LBMZLLXZMSMJPJ,0,,False,0,0,0
CMKWUYXJKXGQMH,0,,False,0,0,0
HDZGCSFEDULWCS,1,CHEMBL160520,False,5,2,2
YSMODUONRAFBET,3,CHEMBL145167|CHEMBL457104|CHEMBL511012,True,13,1,1
HPOMATRGLHSHPK,0,,False,0,0,0
PQNFLJBBNBOBRQ,1,CHEMBL370687,True,5,0,0
MBBOMCVGYCRMEA,1,CHEMBL226545,True,33,6,0
OKYHUOHBRKWCQJ,1,CHEMBL464373,True,4,0,0
NSDDRJXKROCWRZ,1,CHEMBL3593941,True,8,1,1
WAAGBMYUYFBZIW,0,,False,0,0,0
ZBJCYZPANVLBRK,0,,False,0,0,0
QFHCMHAAXLGLGM,0,,False,0,0,0
NWADXBLMWHFGGU,1,CHEMBL420797,True,2,0,0
XBSQTYHEGZTYJE,2,CHEMBL258818|CHEMBL3699145,True,18,4,4
PZRFVAHZNWPPAC,0,,False,0,0,0
BBNHCUBQEQJHIG,0,,False,0,0,0
GOMVPVRDBLLHQC,0,,False,0,0,0
UEQANLFPOFICBH,1,CHEMBL399906,True,27,6,0
ZZLHPCSGGOGHFW,1,CHEMBL464167,True,4,0,0
WPRUFZZPIFLBDG,0,,False,0,0,0
OTKFCIVOVKCFHR,0,,False,0,0,0
JVAMVFJAZPOUHO,0,,False,0,0,0
XBLFUMKMXKPZCT,0,,False,0,0,0
ICELALIDSHZFMY,0,,False,0,0,0
XNZOTQPMYMCTBZ,0,,False,0,0,0
MYIOBINSHMEDEY,1,CHEMBL1988732,True,60,0,0
PUCHCUYBORIUSM,0,,False,0,0,0
ZOYASYRPGHCQHW,0,,False,0,0,0
IDIDJDIHTAOVLG,1,CHEMBL394875,True,9,0,0
JOECSEWRYOVAHM,0,,False,0,0,0
VLCDUOXHFNUCKK,1,CHEMBL3189044,False,3,0,0
BYQQTWROSPBRIU,0,,False,0,0,0
FZERHIULMFGESH,1,CHEMBL269644,True,61,1,1
RWQBIYBSFGBPOT,0,,False,0,0,0
FUTHBNRZCFKVQZ,0,,False,0,0,0
CVEIKEYTQKDDQK,1,CHEMBL452443,False,1,0,0
ZZEDZGTVMVSANT,0,,False,0,0,0
VSIKJPJINIDELZ,0,,False,0,0,0
VKJLHZZPVLQJKG,2,CHEMBL1902552|CHEMBL2361872,True,5,0,0
KRUPTJSJHZTJNA,0,,False,0,0,0
YPZRWBKMTBYPTK,3,CHEMBL1372|CHEMBL4303334|CHEMBL5417842,True,302,0,0
SKWDCOTXHWCSGS,0,,False,0,0,0
BFCZPWYLRHFBNO,0,,False,0,0,0
IZJDOKYDEWTZSO,1,CHEMBL151649,True,256,30,4
CFHLWYSOOMXQBY,0,,False,0,0,0
JSHHRSSTTZOZTF,0,,False,0,0,0
CGZITCMVSSNQPE,0,,False,0,0,0
RXGUIWHIADMCFC,1,CHEMBL3188433,True,0,0,0
JZKMSAGUCSIIAH,0,,False,0,0,0
BAZSXBOAXJLRNH,0,,False,0,0,0
FTYMTYHJBHKLPD,0,,False,0,0,0
HGCYYFWMWRCDLT,0,,False,0,0,0
FKSYNVLOSJKCKH,0,,False,0,0,0
ZFAHNWWNDFHPOH,2,CHEMBL1592541|CHEMBL2048654,True,5,0,0
WIZBTKYLPUKXNY,0,,False,0,0,0
VJOGZGLNDROOFS,0,,False,0,0,0
RJFAYQIBOAGBLC,3,CHEMBL113178|CHEMBL1201054|CHEMBL1474517,True,62,4,0
WBJCGTCMGYUEFL,0,,False,0,0,0
BHTRKEVKTKCXOH,4,CHEMBL185878|CHEMBL272427|CHEMBL3138425|CHEMBL4747140,True,128,17,14
AAQDYYFAFXGBFZ,1,CHEMBL2287522,True,2,0,0
RMKCQUWJDRTEHE,1,CHEMBL1947232,True,8,0,0
KGEWXJDJTHWPDM,0,,False,0,0,0
IKFLLHVVKJTHAH,1,CHEMBL185505,False,5,0,0
NKIOTTYRINVYJZ,0,,False,0,0,0
WUMVYUPLZXUOAQ,0,,False,0,0,0
TXGGBGUKHROKOR,0,,False,0,0,0
GFPYBDNBWPSMNR,0,,False,0,0,0
MUFSTXJBHAEIBT,0,,False,0,0,0
YEDWUBMTHRJVBV,0,,False,0,0,0
XHHOHZPNYFQJKL,0,,False,0,0,0
IGPRYTURJRKOCT,0,,False,0,0,0
NMGJCQNNUTYSJJ,0,,False,0,0,0
MBZBBVTYLUNZPJ,1,CHEMBL3039141,True,2,0,0
PLGPSDNOLCVGSS,1,CHEMBL4534655,False,6,0,0
DJZHNAGRSWMVPA,0,,False,0,0,0
JEHIYVOUBGMLLX,0,,False,0,0,0
GQHPGIGVRCOUNW,0,,False,0,0,0
ASOIXDIITRKTOX,1,CHEMBL1829395,True,5,1,0
XYOUNZFSPVHRGL,0,,False,0,0,0
HQCGSJRACGWHOF,0,,False,0,0,0
DWTTWVSWABJHAY,0,,False,0,0,0
QFIWEFYCQONBBG,0,,False,0,0,0
UJOKKSIUYZSZPY,0,,False,0,0,0
GJBXIPOYHVMPQJ,1,CHEMBL448715,True,6,0,0
MATDEYLPEMWHEN,0,,False,0,0,0
SMZQZJGUMZFBTR,0,,False,0,0,0
HTJMXYRLEDBSLT,0,,False,0,0,0
LPYUENQFPVNPHY,1,CHEMBL1518159,True,43,0,0
CEHPRGMPLPBMLL,0,,False,0,0,0
AZHMYAOAMGOQQJ,0,,False,0,0,0
UVTNNPDFCBBJFC,0,,False,0,0,0
UKQJDWBNQNAJHB,0,,False,0,0,0
ULAGGPJVDRGWTI,0,,False,0,0,0
ZSWFCLXCOIISFI,1,CHEMBL3188826,True,0,0,0
YJPJOELHSKMFPG,0,,False,0,0,0
DCTMXCOHGKSXIZ,1,CHEMBL455637,True,2,0,0
DPHRUBLOILXMLF,0,,False,0,0,0
RSVXEWNNIYHBNE,0,,False,0,0,0
FKJHJSJBXISMIR,0,,False,0,0,0
NWEHWMKEOJZJGD,0,,False,0,0,0
BSZHDLCLIZIYRO,0,,False,0,0,0
KHTPWQRQGLXXTE,0,,False,0,0,0
SHDPRTQPPWIEJG,0,,False,0,0,0
KFDKNTQGTAEZGC,0,,False,0,0,0
MRZGGLIGGZHSBZ,0,,False,0,0,0
SJDSOBWGZRPKSB,0,,False,0,0,0
YUPOCHDBBHTUBJ,0,,False,0,0,0
GXIANPKKUSLVEE,0,,False,0,0,0
DWXQDZLJXMUGJN,0,,False,0,0,0
ADDQXUZECUAIGS,0,,False,0,0,0
MOLKLIYWXFEEJM,1,CHEMBL505614,False,2,0,0
DUXQJVAWRJYWOK,0,,False,0,0,0
XYHKNCXZYYTLRG,0,,False,0,0,0
VTQMJCSAHXYXPJ,0,,False,0,0,0
HGXVMCTWXVDSJU,0,,False,0,0,0
QXKXYXNEOUCMIY,0,,False,0,0,0
QGUFSWLCKPYWSZ,0,,False,0,0,0
DMDYVZNCLYDHDP,0,,False,0,0,0
ZSJCVZNRVUZSFU,0,,False,0,0,0
NITFNAYSGQWPSY,0,,False,0,0,0
BGMLUCPALPKNOV,0,,False,0,0,0
FNTAZXXMBNVKBY,0,,False,0,0,0
YFQOVSGFCVQZSW,0,,False,0,0,0
WFPLBHWRTMAFDE,0,,False,0,0,0
TWUFFCGNKVCYCF,0,,False,0,0,0
UIAFKZKHHVMJGS,1,CHEMBL328910,True,74,10,6
KRLIZBLAVMPMSE,0,,False,0,0,0
LVPMQCOINYWQHX,0,,False,0,0,0
YLDBRBBKWVYCCQ,0,,False,0,0,0
GAWTWQHLCRLUSW,0,,False,0,0,0
PWUMICWXPPYRCN,0,,False,0,0,0
JBNSPFAQBCYGRI,0,,False,0,0,0
UTCNFNFJDKDEIR,0,,False,0,0,0
JBSLOWBPDRZSMB,2,CHEMBL1466826|CHEMBL3247950,True,47,2,0
XNMQEEKYCVKGBD,1,CHEMBL119108,True,1,0,0
GGRHRUNKRMMATI,0,,False,0,0,0
WGAVDEVFJDQIMZ,0,,False,0,0,0
BTRNIAUTIJBXFZ,0,,False,0,0,0
KEFKTZLIAJYSDB,0,,False,0,0,0
FPFNOZQDAQHPOZ,0,,False,0,0,0
RNUYQXXGCJJIPA,0,,False,0,0,0
BVYUAISSKQVRJV,0,,False,0,0,0
QNMCWJOEQBZQHB,0,,False,0,0,0
MIDXCONKKJTLDX,1,CHEMBL3183686,True,0,0,0
IPBJFXHDCTZHTJ,0,,False,0,0,0
NVFTYSPOXDAKMQ,0,,False,0,0,0
ALVGHPMGQNBJRC,0,,False,0,0,0
JIQXKYSNGXUDJU,0,,False,0,0,0
VDHYNGYRJBUGFC,0,,False,0,0,0
GYOXQZZYNAPKIQ,0,,False,0,0,0
FOUCKPOQIHJBLQ,0,,False,0,0,0
ZOVITZYQFFMXJG,0,,False,0,0,0
VGYKFEDOWJOOCJ,1,CHEMBL1807495,True,3,2,0
LORDFXWUHHSAQU,1,CHEMBL190044,True,105,0,0
KWGWLNMCSACDHC,0,,False,0,0,0
WYKCHVNAGGCVFX,0,,False,0,0,0
KWXUWNXTRUZHNQ,0,,False,0,0,0
IDMQBLFACWMOGD,0,,False,0,0,0
VHGYYIXSLHYRBH,0,,False,0,0,0
LGYVYDLYKHFUPM,1,CHEMBL3252139,False,1,0,0
GRGVQLWQXHFRHO,0,,False,0,0,0
ARNIBHATWCFIIK,0,,False,0,0,0
YYGSADLKVCTXSP,0,,False,0,0,0
ZKMLYQNSZMQPHN,0,,False,0,0,0
AYYDIRTZCUFMDY,0,,False,0,0,0
QWMZUTWZFWGXCE,0,,False,0,0,0
ULMMKNHAYBDFPN,0,,False,0,0,0
UTINOFCCXUSLQP,0,,False,0,0,0
YCRIXHKHAODKFH,0,,False,0,0,0
OOARNVHTYGBULA,0,,False,0,0,0
HKODIGSRFALUTA,2,CHEMBL362153|CHEMBL488203,True,31,0,0
PBIPRSPYQWVFOF,0,,False,0,0,0
VOLZBKQSLGCZGC,1,CHEMBL470981,True,24,8,1
MTEMDMUNZYLWSQ,0,,False,0,0,0
ZRFRAWVAPUGQQF,0,,False,0,0,0
LOTLCPBGRTUUFL,1,CHEMBL292016,False,3,2,1
PQYGSSYFJIJDFK,0,,False,0,0,0
CTIDMPCTUFVTFC,0,,False,0,0,0
UAVUKNIZQRWINK,0,,False,0,0,0
RFENQGQGMLPVJM,0,,False,0,0,0
RRBZDBHWSABCEC,0,,False,0,0,0
PVGXZQUPSBDLMU,0,,False,0,0,0
RZLAHZWXEAROQW,0,,False,0,0,0
UTCJVDFLMODHQX,0,,False,0,0,0
HZHBCFVDQUBMPO,0,,False,0,0,0
FPYOWXFLVWSKPS,0,,False,0,0,0
NJMYQRVWBCSLEU,1,CHEMBL1256637,True,5,0,0
IWBARWJSEWMOJH,0,,False,0,0,0
SCWKRWCUMCMVPW,1,CHEMBL2046815,False,8,0,0
HRSIPKSSEVRSPG,3,CHEMBL1186208|CHEMBL1192717|CHEMBL5272718,True,3,1,0
HPQIRFXIDGVWBA,0,,False,0,0,0
DZVIFFMYEULLBY,1,CHEMBL391767,True,3,0,0
USDJJNZZCBONHN,0,,False,0,0,0
UCLFRCBBISWAPJ,0,,False,0,0,0
JNXNRLOWPYSNAY,0,,False,0,0,0
UWXTYOJKSPHFNG,0,,False,0,0,0
MIMLVMHHSQXPAY,0,,False,0,0,0
OOXWYYGXTJLWHA,0,,False,0,0,0
NPTDXPDGUHAFKC,0,,False,0,0,0
UEVXKGPJXXDGCX,0,,False,0,0,0
LYGRISUQIZNHGM,1,CHEMBL522251,True,21,3,1
GRRSDGHTSMJICM,0,,False,0,0,0
JIHAOVFELMZZQA,0,,False,0,0,0
HDYLMIWYXVQKDS,0,,False,0,0,0
JELHWUPDJFSSDO,0,,False,0,0,0
IAHUKWSQLBRAIN,0,,False,0,0,0
ANOXFMUKNSMTSM,1,CHEMBL4521787,False,1,0,0
IAWCIZWLKMTPLL,0,,False,0,0,0
JCGHAEBIBSEQAD,2,CHEMBL450745|CHEMBL510512,True,29,11,9
JATASMBSXKNAQR,0,,False,0,0,0
XZBIXDPGRMLSTC,0,,False,0,0,0
CNXRKLXHOVXWPA,0,,False,0,0,0
YQYPBVVXPDWKMV,0,,False,0,0,0
RSTXBAPMMFLNBL,0,,False,0,0,0
ZJJXGWJIGJFDTL,1,CHEMBL1073,True,1118,4,0
YBZSGIWIPOUSHY,1,CHEMBL4297586,False,0,0,0
FEPAFOYQTIEEIS,2,CHEMBL465414|CHEMBL491592,True,44,5,0
YPJUNDFVDDCYIH,1,CHEMBL367680,False,1,0,0
MSTLSCNJAHAQNU,0,,False,0,0,0
BIWUZTZFFUMZIG,0,,False,0,0,0
PAKFICMSOWIPAA,0,,False,0,0,0
PQLXHQMOHUQAKB,2,CHEMBL125|CHEMBL513021,True,1777,555,2
WUGKTJAKSVEAFG,0,,False,0,0,0
ZLTPDFXIESTBQG,1,CHEMBL2171712,False,1,0,0
LDCXVBUZHUHPAJ,0,,False,0,0,0
PGJJHRBVVWPZRM,0,,False,0,0,0
VOJNYENZTLYXOJ,0,,False,0,0,0
BDWJRABOFNWETH,0,,False,0,0,0
MSOALRYEOUDOTB,0,,False,0,0,0
RDHOOOLYXCLSDL,0,,False,0,0,0
KKDZPMDDYIYZJK,0,,False,0,0,0
TWIIRMSFZNYMQE,1,CHEMBL114792,True,22,0,0
VJPZTTLCVFONEM,1,CHEMBL1873285,False,6,0,0
KMEUSKGEUADGET,1,CHEMBL326931,False,12,0,0
VOMGOCKDGZMAJY,0,,False,0,0,0
CNGASCWNLMKPPZ,0,,False,0,0,0
QQZWEECEMNQSTG,1,CHEMBL1551365,True,6,0,0
YWJGNYMMXDJUCM,0,,False,0,0,0
GILZFLFJYUGJLX,0,,False,0,0,0
UXFNPDNBDMXQNY,0,,False,0,0,0
MZXNBLODHMOBEC,0,,False,0,0,0
YMXAGOUPXPGFLB,0,,False,0,0,0
ZZRQJJJPUWSDBN,0,,False,0,0,0
HDEZJHSZOHUVHB,0,,False,0,0,0
WONLVFYKXMHSIQ,0,,False,0,0,0
YIDVLWDHYNWHMH,0,,False,0,0,0
QEQFOCQMHWEPKJ,0,,False,0,0,0
ZAXDQMARDKFTCL,0,,False,0,0,0
FAPIFZJXPJMDIK,0,,False,0,0,0
KKACJTWOOFIGAD,0,,False,0,0,0
VQPFPCLBOGBYSZ,0,,False,0,0,0
NMYFCINXTYVZIN,1,CHEMBL285589,False,3,2,1
CNXJJXFHGOKQSS,0,,False,0,0,0
LHNXGCVOSABRQP,0,,False,0,0,0
FSKYZRCACCHDGR,0,,False,0,0,0
CNYVJTJLUKKCGM,0,,False,0,0,0
INGSNVSERUZOAK,0,,False,0,0,0
JODNYDRGCYHKRC,0,,False,0,0,0
STECJAGHUSJQJN,11,CHEMBL1187846|CHEMBL13030|CHEMBL1324521|CHEMBL1418417|CHEMBL1531863|CHEMBL1620047|CHEMBL1906925|CHEMBL3039190|CHEMBL3084722|CHEMBL516223|CHEMBL569713,True,348,35,29
CJXYVJHFYSFWFK,0,,False,0,0,0
ZBMZVLHSJCTVON,3,CHEMBL252310|CHEMBL252312|CHEMBL471,True,1371,10,7
MDKGKXOCJGEUJW,3,CHEMBL253765|CHEMBL253766|CHEMBL956,True,183,4,2
YKDNTEQLKGYZHT,2,CHEMBL450376|CHEMBL4569642,True,13,2,0
AFXDQNBFNKSGNN,0,,False,0,0,0
CCOUVFHNEXWUAW,0,,False,0,0,0
DGGUHEYSIUTPKS,0,,False,0,0,0
QBFFFTFVCVUCDO,0,,False,0,0,0
XAGKEUMREIMUDZ,0,,False,0,0,0
JSLLOANBUQPUSB,0,,False,0,0,0
KRGJABLVIDOYEE,1,CHEMBL500511,True,1,0,0
WURBVZBTWMNKQT,3,CHEMBL2139460|CHEMBL2144962|CHEMBL520897,True,151,8,2
WJBCEVFPSUTMSD,0,,False,0,0,0
GLEVLJDDWXEYCO,3,CHEMBL1319514|CHEMBL153|CHEMBL577033,True,951,196,3
ZQZJKHIIQFPZCS,0,,False,0,0,0
XAZYJGRIISZODM,0,,False,0,0,0
XDBKLFODBADBED,0,,False,0,0,0
UQEAIHBTYFGYIE,1,CHEMBL3184090,True,0,0,0
VJCNEDVMYQCMBK,1,CHEMBL227355,True,1,0,0
SWKIMTSJFCDAEL,0,,False,0,0,0
KVMYKLHJBYIOKD,0,,False,0,0,0
FOINLJRVEBYARJ,3,CHEMBL1173444|CHEMBL454062|CHEMBL5555730,True,17,3,2
WTQGCUIIGTXDIX,0,,False,0,0,0
HVCSXHFGNRDDQR,0,,False,0,0,0
IACJMSLMMMSESC,0,,False,0,0,0
QPFMBZIOSGYJDE,1,CHEMBL47258,True,8,0,0
PANVCEBTPSTUEL,0,,False,0,0,0
FFPSHBBQUBAKPP,0,,False,0,0,0
OQPNDCHKFIHPBY,0,,False,0,0,0
PQBOTZNYFQWRHU,1,CHEMBL3181977,False,0,0,0
JZODKRWQWUWGCD,1,CHEMBL480626,True,46,7,3
ICBJCVRQDSQPGI,0,,False,0,0,0
CXQGBMJSAAFWDF,0,,False,0,0,0
MRQIXHXHHPWVIL,1,CHEMBL1397023,False,119,0,0
MWVFCEVNXHTDNF,1,CHEMBL3187497,True,0,0,0
KKQKZMHXOXZMTK,0,,False,0,0,0
QDWOWLUANUBTGE,0,,False,0,0,0
ZNCOUMAUNDVFCZ,0,,False,0,0,0
LWHDEDPRANCGFI,0,,False,0,0,0
YHGNXEIQSHICNK,0,,False,0,0,0
ZQJMHGBPBQWGTC,0,,False,0,0,0
ZSBWUNDRDHVNJL,1,CHEMBL4097891,True,1,0,0
GHWXKPRRVHJBAE,0,,False,0,0,0
MFGWMAAZYZSWMY,1,CHEMBL150445,True,3,0,0
DSTJGYCTYZXZNH,1,CHEMBL2380793,True,3,1,1
KVQJVAOMYWTLEO,0,,False,0,0,0
LTHQZRHTXDZWGX,0,,False,0,0,0
JGHSBPIZNUXPLA,0,,False,0,0,0
JXTYHIJFKDXKHG,0,,False,0,0,0
APDZRJZYGWLSEF,0,,False,0,0,0
MNWRNDUNEWYXNI,0,,False,0,0,0
XIXSHMBIZFSAOF,0,,False,0,0,0
MODCFEJKGWZWCR,0,,False,0,0,0
UTKDCNDVTOWUHW,0,,False,0,0,0
JBNUARFQOCGDRK,0,,False,0,0,0
OREPYGSHKSWUCK,0,,False,0,0,0
MAUCRURSQMOFGV,0,,False,0,0,0
HCNISNCKPIVZDX,0,,False,0,0,0
GLLSQPBDLZULLK,0,,False,0,0,0
NEQMZJDCKGAJQW,0,,False,0,0,0
KMEKMXBMYZGGDT,0,,False,0,0,0
YAEYGVVYDUGVQH,0,,False,0,0,0
KJGPBYUQZLUKLL,1,CHEMBL464404,True,50,2,2
QWEPZKQWNVXKDO,0,,False,0,0,0
ARQZXHSZLQPAON,0,,False,0,0,0
OXEIAZBURAREAS,0,,False,0,0,0
XJMYUPJDAFKICJ,1,CHEMBL515705,True,11,0,0
FEBLWGGRRRMRIK,0,,False,0,0,0
ZCMZJXOFFVFREZ,0,,False,0,0,0
LIPMQXINDUTQPU,0,,False,0,0,0
VVWRIMSHBALFKN,1,CHEMBL1079259,True,2,0,0
JOLBWDQIEJSDDC,0,,False,0,0,0
UBHIYVHURJXNOQ,0,,False,0,0,0
KOHIWFMCWIWUFB,0,,False,0,0,0
RIEABXYBQSLTFR,1,CHEMBL1987276,True,52,0,0
NIDRYBLTWYFCFV,9,CHEMBL263086|CHEMBL267447|CHEMBL268207|CHEMBL269063|CHEMBL282382|CHEMBL4297011|CHEMBL518356|CHEMBL7121|CHEMBL7187,True,268,92,23
SWIWTAJTJOYCTB,1,CHEMBL3800431,True,15,0,0
ACZWIDANLCXHBM,1,CHEMBL434492,True,5,3,3
UDYKDZHZAKSYCO,5,CHEMBL288273|CHEMBL288949|CHEMBL451228|CHEMBL504485|CHEMBL607711,True,85,7,1
WLCHQSHZHFLMJH,2,CHEMBL1644817|CHEMBL491069,True,40,7,0
IAUDUEQNUVKNBT,1,CHEMBL3393847,True,8,1,0
PXIKRTCSSLJURC,1,CHEMBL3186884,True,15,1,0
UGGUCACMQFGWAH,0,,False,0,0,0
SPAFMWIHXVIIPF,0,,False,0,0,0
VNQNSLXVQALONT,0,,False,0,0,0
IJPHOLADYXPUAZ,0,,False,0,0,0
PXGPZRZJDURYRY,0,,False,0,0,0
DWTGGLMCGFIELV,0,,False,0,0,0
IPKKHRVROFYTEK,1,CHEMBL1503330,True,11,0,0
UILPJVPSNHJFIK,1,CHEMBL1079227,True,45,0,0
BRVXVMOWTHQKHC,1,CHEMBL499921,True,11,3,0
CKOYRRWBOKMNRG,1,CHEMBL1522321,True,3,0,0
RERVSJVGWKIGTJ,2,CHEMBL1922174|CHEMBL2203603,True,13,6,2
ZCOLJUOHXJRHDI,2,CHEMBL1364260|CHEMBL486625,True,141,0,0
ZPWFUIUNWDIYCJ,0,,False,0,0,0
JAGZVXZVPUWAKA,0,,False,0,0,0
VNBZCSKDIGCTNO,0,,False,0,0,0
BTXWOKJOAGWCSN,2,CHEMBL487412|CHEMBL6165823,True,41,4,1
DHZWALZKPWZSMA,0,,False,0,0,0
JETFAOWLNCGULZ,0,,False,0,0,0
KJPUWZVESPGSAG,0,,False,0,0,0
BDKBBWGLLDEQEV,0,,False,0,0,0
NVKLTRSBZLYZHK,1,CHEMBL4638477,True,1,0,0
WGECXQBGLLYSFP,0,,False,0,0,0
RPUJFMUHJUTCPN,0,,False,0,0,0
OQURWGJAWSLGQG,1,CHEMBL441027,False,6,0,0
CVGVUZQHVVQSRO,0,,False,0,0,0
XRJOSQBVAFAQLD,0,,False,0,0,0
BWPIARFWQZKAIA,1,CHEMBL668,True,186,16,15
FFVZHMNAMBAVDS,0,,False,0,0,0
BYBPEZLZCGOWIS,0,,False,0,0,0
PKESXWKAOMUZDM,2,CHEMBL480674|CHEMBL482250,True,2,0,0
XJPXMHCKQMRCLS,0,,False,0,0,0
CIBAPVLFORANSS,1,CHEMBL1770684,True,4,0,0
SLCBVFPDMGNJOZ,0,,False,0,0,0
XBOZAHFSVMUUOZ,0,,False,0,0,0
YWXUVZHHIMGRSU,0,,False,0,0,0
ZZVJFOILOLRPMZ,0,,False,0,0,0
RJINLRBSXMOGAQ,3,CHEMBL1076707|CHEMBL4469305|CHEMBL500292,True,22,4,3
OOLUVSIJOMLOCB,1,CHEMBL3278516,True,1,0,0
UIDVFSCIFIMDHO,0,,False,0,0,0
DTNMLCLEKOLKGE,0,,False,0,0,0
JWVXKUPKXPUEFC,0,,False,0,0,0
OVWYEQOVUDKZNU,1,CHEMBL4475423,True,1,0,0
BICKLHZENLKHGI,1,CHEMBL457943,True,6,2,0
QBEVDWJGVNNOGT,0,,False,0,0,0
BIKNREOOENVYGF,1,CHEMBL2408954,True,3,1,0
GJRSGESHUAFWMY,1,CHEMBL3401061,True,2,0,0
RVQNURJXQZPKEH,0,,False,0,0,0
XTLSKKJNOIMMBK,1,CHEMBL4285296,True,17,5,2
NQNOTBRHBRJKKH,1,CHEMBL224157,True,32,8,3
SKQPIWMUDPBWMV,0,,False,0,0,0
XWTCRKNSJARUIU,0,,False,0,0,0
ZIZYKBRERUNPAU,0,,False,0,0,0
OVAZJVLXWGEKHQ,0,,False,0,0,0
LKPQNZRGGNOPPU,1,CHEMBL208484,True,47,4,2
GWHQUBFEZSVTKH,1,CHEMBL2286769,True,20,0,0
HIMSTRVEHVBQCS,1,CHEMBL1966368,True,54,0,0
AZSIHEYWWIVBPP,0,,False,0,0,0
CHERCCPWQNZOOH,0,,False,0,0,0
JAZVSCKRKREELH,0,,False,0,0,0
NEHCUOFNXQUQDO,0,,False,0,0,0
XBKLVCYSINXGAW,0,,False,0,0,0
HAIRUBAWLBUWML,3,CHEMBL1320141|CHEMBL1898417|CHEMBL407578,True,29,0,0
GSLOHPSPTJDYHS,0,,False,0,0,0
ZRCUMOBNOPSLKM,1,CHEMBL2105413,False,2,0,0
GMVHFTVCPPCMGW,0,,False,0,0,0
HVTQZHAAIRBKHO,1,CHEMBL1099266,True,15,0,0
JCJPVNDLAAXNEX,0,,False,0,0,0
STFNGWNFASVBRR,0,,False,0,0,0
NNRGXPSSXAAPIW,0,,False,0,0,0
NYAXETYROCUVOQ,0,,False,0,0,0
BOHKBUQLBWTJBM,0,,False,0,0,0
RDTIFYBSPQERAS,0,,False,0,0,0
AKAQZCPDRXZZJS,0,,False,0,0,0
JXZJRYDTSDCGLO,0,,False,0,0,0
UJFCSWMLTAAESH,0,,False,0,0,0
RNIDWJDZNNVFDY,0,,False,0,0,0
CZFCMVVMOZCJEE,0,,False,0,0,0
FCSBKDJGLIURSH,0,,False,0,0,0
BNMMMLDHZYERBL,0,,False,0,0,0
QMRFXMKGUXRTAK,0,,False,0,0,0
IUHNMXNPPUIQHZ,0,,False,0,0,0
BXXSGWWNGQIJGI,0,,False,0,0,0
WAQDJMLHOZJJPM,0,,False,0,0,0
ZYHFSUXBIVWHCX,0,,False,0,0,0
TWMAUAVEENQTOH,0,,False,0,0,0
TZGIHUVVJVQDHY,0,,False,0,0,0
IXLOVRRUGOPNHY,0,,False,0,0,0
MFGALGYVFGDXIX,1,CHEMBL2270559,True,1,0,0
GMJBWCVTVFLURZ,0,,False,0,0,0
CLXWZFLIMLBJIS,0,,False,0,0,0
OQYOLDLENQHHFM,0,,False,0,0,0
YKWDWSGYZBURDA,0,,False,0,0,0
SIGZQOSGZJNAKB,0,,False,0,0,0
JJIHLJJYMXLCOY,0,,False,0,0,0
GBBKJNDQLLKTCX,0,,False,0,0,0
NQBXSWAWVZHKBZ,1,CHEMBL2141776,True,1,0,0
FMLSQAUAAGVTJO,0,,False,0,0,0
IQGZCSXWIRBTRW,0,,False,0,0,0
RNKXUVJWMOMTHV,0,,False,0,0,0
HHILOQLQBYEUTP,0,,False,0,0,0
TUAMRELNJMMDMT,1,CHEMBL191740,True,3,0,0
SDXAWLJRERMRKF,1,CHEMBL1828957,False,3,0,0
BNYIQEFWGSXIKQ,0,,False,0,0,0
WPZIFMBJWQZDIY,0,,False,0,0,0
AHHGVKNOSDJAQN,0,,False,0,0,0
ZVXQJTFLBBRAPN,0,,False,0,0,0
LFWLUDLUCDRDAF,0,,False,0,0,0
YTWWAIRQSVTBQA,0,,False,0,0,0
NQYLXGZWPZIHHW,0,,False,0,0,0
GPAPPPVRLPGFEQ,1,CHEMBL1334784,False,46,0,0
JIUWTCXNUNHEGP,0,,False,0,0,0
KDWSWRXUIMELKF,0,,False,0,0,0
YSEKNCXYRGKTBJ,0,,False,0,0,0
OEIWPNWSDYFMIL,0,,False,0,0,0
LIWAQLJGPBVORC,1,CHEMBL1232589,True,1,0,0
HCGFUIQPSOCUHI,1,CHEMBL3187409,True,0,0,0
VJOPNKODAZUCRH,0,,False,0,0,0
XIROXSOOOAZHLL,1,CHEMBL242540,True,5,1,1
BGBUNTANUVVMIQ,0,,False,0,0,0
KUBCEEMXQZUPDQ,1,CHEMBL505789,True,22,0,0
HPIGCVXMBGOWTF,0,,False,0,0,0
LBKFGYZQBSGRHY,1,CHEMBL88700,True,16,1,0
CWRILEGKIAOYKP,0,,False,0,0,0
AASSBBIUTIYGDU,0,,False,0,0,0
SQBBBZZOPNKZOQ,0,,False,0,0,0
FFDQGRWCKILEIP,0,,False,0,0,0
XTVISTYJWBIABF,0,,False,0,0,0
HEWZVZIVELJPQZ,1,CHEMBL3184215,False,0,0,0
GNUGVECARVKIPH,0,,False,0,0,0
ODLMAHJVESYWTB,1,CHEMBL286062,True,7,1,1
MYFZXSOYJVWTBL,0,,False,0,0,0
RFTMILUWMDIPHH,0,,False,0,0,0
UQMZQVKOCCCWIL,0,,False,0,0,0
IMNIMPAHZVJRPE,1,CHEMBL3183414,True,0,0,0
CTIKAHQFRQTTAY,0,,False,0,0,0
CLMTYVFXJOTEDJ,0,,False,0,0,0
ZSQBOIUCEISYSW,1,CHEMBL1253712,True,1,0,0
KMKSVAGOBVUFRO,0,,False,0,0,0
NEOZOXKVMDBOSG,0,,False,0,0,0
HBDHXDBPCVDGQN,0,,False,0,0,0
ZLACZJGCNXVIAX,0,,False,0,0,0
YXEGRGRGBCJQIV,0,,False,0,0,0
KTRLYLXLXTXHPM,1,CHEMBL2000216,True,59,0,0
XLWYWPDYNLZUJS,1,CHEMBL1098359,True,3,1,1
LKLWVKCEYSPQHL,1,CHEMBL2008127,True,0,0,0
UTTZNWQGZHNUIG,0,,False,0,0,0
ZKHQJCUUEXSGCM,1,CHEMBL2063775,True,4,0,0
IIQSJHUEZBTSAT,3,CHEMBL500614|CHEMBL504256|CHEMBL509803,True,182,16,0
DXUSNRCTWFHYFS,1,CHEMBL1724728,True,5,0,0
VCOZOQJXGDDART,0,,False,0,0,0
FKHCVUFZOFEROS,2,CHEMBL1967074|CHEMBL502779,True,60,0,0
VGXWMITWMBIILG,1,CHEMBL1187163,True,0,0,0
RENGMXWYDJJRAP,0,,False,0,0,0
WOJRBUGBSKAUMI,0,,False,0,0,0
AFTBFIOTWHPFTG,0,,False,0,0,0
CRHLDFQHFBGPOT,0,,False,0,0,0
UEAPAHNNFSZHMW,1,CHEMBL601020,True,6,4,3
WOGSBUNWOTVHQN,0,,False,0,0,0
MHGHFPQRNCAGQZ,0,,False,0,0,0
CNRQIGWFHQJJRO,0,,False,0,0,0
ZJMVJDFTNPZVMB,0,,False,0,0,0
PETSAYFQSGAEQY,1,CHEMBL1329957,True,35,0,0
WSWCOQWTEOXDQX,2,CHEMBL250212|CHEMBL4303486,True,41,1,0
ZEMPKEQAKRGZGQ,0,,False,0,0,0
VACHUYIREGFMSP,1,CHEMBL4747409,True,3,0,0
MHASSCPGKAMILD,0,,False,0,0,0
DRMGJVPVCAJMDJ,0,,False,0,0,0
SRISWFJLVRCABV,0,,False,0,0,0
MMVZFQGCDSDHSV,1,CHEMBL517798,True,3,0,0
HIOAYNMZFIHQNS,0,,False,0,0,0
ARVGMISWLZPBCH,0,,False,0,0,0
JLUFXYAXVHAFTF,0,,False,0,0,0
DTDADHMBRZKXSC,1,CHEMBL525626,True,4,1,0
CVBMAZKKCSYWQR,2,CHEMBL1200515|CHEMBL4761800,True,95,0,0
PQHNJDATPYXLIX,0,,False,0,0,0
LPAGFVYQRIESJQ,1,CHEMBL388803,True,4,0,0
LVZCTOQMFLAKLI,0,,False,0,0,0
XIMPCXFLDSKALH,0,,False,0,0,0
HJYHBSXUKUQLLJ,0,,False,0,0,0
UGMYHMZSPHJQHL,0,,False,0,0,0
PYYLUPQQQNZLDO,1,CHEMBL4296864,True,7,0,0
SZLZWPPUNLXJEA,4,CHEMBL1612623|CHEMBL1668|CHEMBL3182071|CHEMBL4748467,True,118,0,0
VRKGMHQUKPFVFT,0,,False,0,0,0
VLQAFTDOIRUYSZ,1,CHEMBL302501,True,34,10,0
VTVQHYQGTTVKDE,1,CHEMBL498733,True,1,0,0
CSKKDSFETGLMSB,2,CHEMBL1235867|CHEMBL2374579,True,46,0,0
MQLSOVRLZHTATK,1,CHEMBL4862269,True,1,0,0
QWAUBSSAJRGKPX,1,CHEMBL4636504,True,2,1,0
MBXJCHZRHROMQA,1,CHEMBL486212,True,4,0,0
XBAMJZTXGWPTRM,3,CHEMBL402211|CHEMBL5219820|CHEMBL5279022,True,8,3,0
BSMWQZICWPFTBG,0,,False,0,0,0
NTVLUSJWJRSPSM,2,CHEMBL449796|CHEMBL454571,True,12,5,1
WYJAPUKIYAZSEM,4,CHEMBL1318553|CHEMBL1553441|CHEMBL1733074|CHEMBL1892145,True,156,4,0
LBRPLJCNRZUXLS,3,CHEMBL4438424|CHEMBL4447303|CHEMBL480522,True,15,1,0
BERYBAUEDCRDKM,0,,False,0,0,0
RBALEJFQJCAPLN,0,,False,0,0,0
OWBTYPJTUOEWEK,1,CHEMBL2312529,True,3,0,0
WLPYSOCRPHTIDZ,0,,False,0,0,0
SOEACRLLVZHBKW,0,,False,0,0,0
RHWSKVCZXBAWLZ,2,CHEMBL1329064|CHEMBL2219893,True,10,0,0
JIYPUEZSSJAXBO,0,,False,0,0,0
HTZWHTQVHWHSHN,0,,False,0,0,0
JFJWMFPFMLRLMI,2,CHEMBL3236512|CHEMBL5278759,True,11,4,1
DNXHEGUUPJUMQT,3,CHEMBL1405|CHEMBL278233|CHEMBL756,True,646,53,47
TYHJMEIBGDDCPA,0,,False,0,0,0
JEIZLWNUBXHADF,1,CHEMBL2448876,True,1,0,0
DPBVYZVSXAZMAY,1,CHEMBL507308,True,16,4,0
CUXYLFPMQMFGPL,1,CHEMBL5205249,True,4,3,0
GFKFBLJVPWRDEL,0,,False,0,0,0
KCQFLGUEZXYOER,2,CHEMBL2311100|CHEMBL450816,True,13,2,0
ZQMDJECDLYTUCE,0,,False,0,0,0
ZQLAQUUTBNRDBN,0,,False,0,0,0
WNHOMUCDFNTSEV,0,,False,0,0,0
UIOXNNAWANDJCZ,0,,False,0,0,0
FYHNWJNOEQBNGO,0,,False,0,0,0
CXWXQJXEFPUFDZ,1,CHEMBL1575635,True,3,0,0
OVTOUIPTRRPHCA,0,,False,0,0,0
YVCUGZBVCHODNB,1,CHEMBL2229602,True,18,0,0
MGNZXYYWBUKAII,0,,False,0,0,0
RYOGZVTWMZNTGL,0,,False,0,0,0
UXIDQHJXTXQPNK,0,,False,0,0,0
ZITVKGIRQCDOSX,0,,False,0,0,0
IIYGOARYARWJBO,0,,False,0,0,0
JOELYYRJYYLNRR,1,CHEMBL3544545,True,0,0,0
AUKVIBNBLXQNIZ,0,,False,0,0,0
AQFCDVGUEQOTAC,0,,False,0,0,0
UTBVIMLZIRIFFR,1,CHEMBL1303065,True,12,0,0
POAOYUHQDCAZBD,1,CHEMBL284588,True,10,0,0
ZGAISLUCRDPXPK,0,,False,0,0,0
JCCCMAAJYSNBPR,0,,False,0,0,0
BDFAOUQQXJIZDG,0,,False,0,0,0
LVVHLEIGMGTYJL,0,,False,0,0,0
JWUJQDFVADABEY,1,CHEMBL1580503,True,3,0,0
XQQBUAPQHNYYRS,0,,False,0,0,0
KLAGYIBJNXLDTL,1,CHEMBL487203,True,21,0,0
VEIYJWQZNGASMA,1,CHEMBL3188995,True,0,0,0
TYZFMFVWHZKYSE,0,,False,0,0,0
JUCARGIKESIVLB,0,,False,0,0,0
NXTOCVYXABBSGX,0,,False,0,0,0
LAIUFBWHERIJIH,0,,False,0,0,0
FGLNIYXXYPEICN,0,,False,0,0,0
PLNRDADPGQMIIQ,0,,False,0,0,0
MUXWALMJUFGNDY,0,,False,0,0,0
CAYSHAOATVWHSR,0,,False,0,0,0
GOUILHYTHSOMQJ,0,,False,0,0,0
JYPYONFSJRKPQY,0,,False,0,0,0
RWNJOXUVHRXHSD,0,,False,0,0,0
UGZAJZLUKVKCBM,0,,False,0,0,0
WQIRCLDVWQIBLO,2,CHEMBL4280185|CHEMBL465590,True,8,0,0
LUOZEWPJSYBORW,0,,False,0,0,0
GIZDDYRFNKGZNW,0,,False,0,0,0
RPMUOZWNCOBJHH,0,,False,0,0,0
BDCDNTVZSILEOY,2,CHEMBL1590676|CHEMBL471282,True,36,5,3
DTHZPEJKTHPMPF,0,,False,0,0,0
DMEGYFMYUHOHGS,1,CHEMBL453194,True,2,0,0
SITNPFCTAOJHRR,0,,False,0,0,0
KTGXDHVCKICOMQ,0,,False,0,0,0
SUNVJLYYDZCIIK,1,CHEMBL160233,False,1,1,0
IXORZMNAPKEEDV,5,CHEMBL1232952|CHEMBL1476967|CHEMBL1487394|CHEMBL513241|CHEMBL566653,True,112,2,2
JLJLRLWOEMWYQK,0,,False,0,0,0
RSQSQJNRHICNNH,0,,False,0,0,0
ZOWHLBOPCIHIHW,0,,False,0,0,0
XNBWKKYPKJHUKD,0,,False,0,0,0
SEEGHKWOBVVBTQ,0,,False,0,0,0
HHTRBFQBAMTIOP,0,,False,0,0,0
QJOSZTCZZUNIRY,0,,False,0,0,0
MJTXEUZBYBMCSL,0,,False,0,0,0
DOMGXWDOTMOBEH,0,,False,0,0,0
RPZNIDVYYGUDPA,0,,False,0,0,0
UGOVFNFMFIIFLE,0,,False,0,0,0
MFTSECOLKFLUSD,1,CHEMBL5179584,True,4,0,0
HLHIVJRLODSUCI,1,CHEMBL3120645,True,1,0,0
MBPYHNAWMKVREM,0,,False,0,0,0
BWAXOYJGXIEEOE,0,,False,0,0,0
FEVUQLLYZLSRLB,3,CHEMBL443637|CHEMBL507062|CHEMBL5401878,True,3,0,0
FLZGFQFYDGHWLR,0,,False,0,0,0
PQQIABJSQBQEFM,1,CHEMBL5283040,True,4,2,0
WXTWDABXJFQNRI,1,CHEMBL1574904,True,12,0,0
IYMHVUYNBVWXKH,4,CHEMBL292719|CHEMBL4176840|CHEMBL506204|CHEMBL5565553,True,50,10,7
YKTBUKYIRVZHPF,0,,False,0,0,0
UWJIFXVGXDANMN,0,,False,0,0,0
JNCAJTFOOLCUIN,0,,False,0,0,0
VSPCKOOTYYLLDQ,0,,False,0,0,0
XUZYVFYOPRXTRB,0,,False,0,0,0
DFBIFSIVSFAGEV,0,,False,0,0,0
IOUUIFSIQMVYKP,1,CHEMBL2228462,True,1,0,0
IYNRVIKPUTZSOR,0,,False,0,0,0
KKYRQKLPCNUOOY,0,,False,0,0,0
GOSWTRUMMSCNCW,0,,False,0,0,0
XDVDHFJMCJWDPI,0,,False,0,0,0
HXSUWRNHJVTUAL,0,,False,0,0,0
DKGAVHZHDRPRBM,1,CHEMBL16502,True,15,0,0
WEZDOYDDKIHCLM,0,,False,0,0,0
JTOGFHAZQVDOAO,0,,False,0,0,0
XFIOZCMKPNZOII,0,,False,0,0,0
GGLAWDIODKKBQZ,1,CHEMBL464702,True,8,0,0
RMMPZDDLWLALLJ,1,CHEMBL465063,True,11,0,0
QERSHYZMPGXOIY,0,,False,0,0,0
XUHLCFAFTMPEKX,1,CHEMBL2236871,True,6,0,0
NRPFNQUDKRYCNX,1,CHEMBL1760597,True,6,1,0
XRFWKHVQMACVTA,0,,False,0,0,0
RANVDUNFZBMTBK,0,,False,0,0,0
WIBFFTLQMKKBLZ,1,CHEMBL3183174,True,0,0,0
DFVXNZOMAOGTBL,0,,False,0,0,0
MMIYZAMZODWWEB,0,,False,0,0,0
RFUJEBHESHKXKW,1,CHEMBL445545,True,9,0,0
OGJYXQFXLSCKTP,0,,False,0,0,0
TZXWLJYLYILFGM,0,,False,0,0,0
ADNADZOSMJDVIS,0,,False,0,0,0
IRWLDXUJBJPFNV,0,,False,0,0,0
QKNZNUNCDJZTCH,0,,False,0,0,0
DDMQLUJPAGWJOB,0,,False,0,0,0
PCXFODQCJDGIDX,0,,False,0,0,0
WPYIYVXSMXASQL,0,,False,0,0,0
IBKHAIJVZGYPDV,0,,False,0,0,0
AOPMSFXOYJXDNJ,1,CHEMBL464470,True,11,0,0
AFYIWKNGSIYXCQ,0,,False,0,0,0
SFEUTIOWNUGQMZ,1,CHEMBL1796000,True,4,0,0
PUTCXBJUWNRWJH,0,,False,0,0,0
UUNZIGRBVXAOSR,1,CHEMBL4468212,True,2,1,0
LHPOSZYLQOYNDN,1,CHEMBL5558737,True,2,2,0
CRNGFKXWIYTEPH,1,CHEMBL509319,True,11,0,0
QXQGOKLIHLYAGX,0,,False,0,0,0
OLNJUISKUQQNIM,1,CHEMBL147741,True,61,6,3
MKZIRHIVARSBHI,0,,False,0,0,0
QASPETTXGLRYFK,0,,False,0,0,0
ZJFZKWFGTZZRRT,0,,False,0,0,0
DLKOUKNODPCIHZ,2,CHEMBL324315|CHEMBL5200220,True,15,3,0
MIWPBXQTBYPJEF,1,CHEMBL1086887,True,18,0,0
DUCHBDMNWUYHGL,0,,False,0,0,0
GWCMUONZBWHLRN,0,,False,0,0,0
KDISMIMTGUMORD,1,CHEMBL12196,True,5,0,0
WNZWJOJIVXVSGO,0,,False,0,0,0
IAEGWXHKWJGQAZ,1,CHEMBL320146,True,1,0,0
OISVCGZHLKNMSJ,1,CHEMBL22976,True,5,0,0
ADSOSINJPNKUJK,0,,False,0,0,0
JZBCTZLGKSYRSF,1,CHEMBL328856,True,1,0,0
LNIMMWYNSBZESE,1,CHEMBL3187840,True,0,0,0
OXCKCFJIKRGXMM,1,CHEMBL94558,True,1,0,0
RAFHQTNQEZECFL,1,CHEMBL4522941,True,6,0,0
NRGGMCIBEHEAIL,1,CHEMBL279305,True,6,1,0
DYCPESWJKDONHC,0,,False,0,0,0
PFYPDUUXDADWKC,0,,False,0,0,0
LFTULPAVNUDILJ,0,,False,0,0,0
QFQYZMGOKIROEC,1,CHEMBL1173153,True,28,1,0
WHMWOHBXYIZFPF,1,CHEMBL95123,True,1,0,0
NTSLROIKFLNUIJ,1,CHEMBL227181,True,6,0,0
MVECHHOAGKYODO,0,,False,0,0,0
QDAARMDLSCDBFU,1,CHEMBL4061010,True,8,0,0
PUYWOMGLUNDEFM,0,,False,0,0,0
IUGIGWWOEYFTDM,1,CHEMBL4541178,True,1,0,0
OGHBUHJLMHQMHS,1,CHEMBL3186926,True,0,0,0
SLLMHZXMVHNZOR,1,CHEMBL5427022,True,9,0,0
DEOQAXQDXRMPMZ,0,,False,0,0,0
FEWLNYSYJNLUOO,1,CHEMBL1232817,True,1,0,0
PHKYZFGDNGACRM,0,,False,0,0,0
FAXXHNWVMKTOFF,1,CHEMBL256214,True,29,2,0
BPSWISYORIWKCT,1,CHEMBL255152,True,42,1,0
PAXQNYHJDFKFEU,1,CHEMBL271630,True,31,0,0
NCSVIEQJHMEYFR,0,,False,0,0,0
ZEKAIRFOYPDZNC,1,CHEMBL390368,True,17,0,0
YHQIYHDLBZXUON,1,CHEMBL226772,True,10,2,0
JGDZUWXHWYXMSD,0,,False,0,0,0
MXOKGWUJNGEKBH,1,CHEMBL479127,True,5,1,1
VZSXTYKGYWISGQ,1,CHEMBL520400,True,13,0,0
AFKGBLKLNRDQFN,1,CHEMBL396085,True,6,0,0
KLXHCGFNNUQTEY,1,CHEMBL1991500,True,55,0,0
BAGGDUOPTSQTHD,1,CHEMBL227414,True,7,3,0
WHAAPCGHVWVUEX,3,CHEMBL249652|CHEMBL253973|CHEMBL254178,True,51,1,1
KBGNBPGXVKPRQI,1,CHEMBL387864,True,21,2,0
BADLEYLQAILHPV,1,CHEMBL255762,True,26,1,0
VBIRCRCPHNUJAS,6,CHEMBL1688935|CHEMBL1688938|CHEMBL2011539|CHEMBL2011540|CHEMBL2136585|CHEMBL5436765,True,38,8,5
APZYKUZPJCQGPP,1,CHEMBL332479,True,17,5,2
POKGESLRCWHPFR,1,CHEMBL469838,True,17,0,0
VWYANPOOORUCFJ,0,,False,0,0,0
RAFHNDRXYHOLSH,3,CHEMBL1602917|CHEMBL4238555|CHEMBL509624,True,27,8,3
GOBKOABJVRFZJB,0,,False,0,0,0
DSLZVSRJTYRBFB,3,CHEMBL1232958|CHEMBL1616278|CHEMBL1794737,True,15,0,0
KZEYIYXACMUTRM,0,,False,0,0,0
STHRNDDZYFUIDO,1,CHEMBL487413,True,3,2,0
QCDYQQDYXPDABM,1,CHEMBL473159,True,36,3,1
CTFXYMMZXWWOFY,2,CHEMBL398499|CHEMBL4535411,True,8,1,0
LLGZUVBAGHLBQC,0,,False,0,0,0
UHDJFCOJSFPKML,0,,False,0,0,0
UZKQTCBAMSWPJD,1,CHEMBL525239,True,25,2,2
TWBYWOBDOCUKOW,1,CHEMBL1203,True,8,1,1
LWRSYTXEQUUTKW,1,CHEMBL234216,True,24,0,0
OVOINWQJBHVFGP,2,CHEMBL500608|CHEMBL5286158,True,2,0,0
QUUCYKKMFLJLFS,1,CHEMBL3343789,True,2,0,0
PSFDQSOCUJVVGF,1,CHEMBL12014,True,284,29,4
KQFUXLQBMQGNRT,1,CHEMBL165180,True,21,1,1
MVQXXWLQNRLPCH,0,,False,0,0,0
UXFSPRAGHGMRSQ,1,CHEMBL97355,True,2,1,0
OILUAKBAMVLXGF,1,CHEMBL3182142,False,1,0,0
ZVUUAOZFEUKPLC,0,,False,0,0,0
HVXVNFNRJMVTAU,0,,False,0,0,0
ZEBIACKKLGVLFZ,0,,False,0,0,0
OIFBSDVPJOWBCH,1,CHEMBL1533495,True,1,0,0
IBFYXTRXDNAPMM,3,CHEMBL1417490|CHEMBL1718933|CHEMBL462894,True,72,1,0
GYIMIATUXYPEHO,0,,False,0,0,0
IUXMJLLWUTWQFX,1,CHEMBL4796378,False,4,0,0
OATSQCXMYKYFQO,0,,False,0,0,0
MFFMDFFZMYYVKS,2,CHEMBL1422|CHEMBL3185489,False,481,50,50
QOOXKCQTBVDROE,0,,False,0,0,0
FNJYRTCQWWUNRH,0,,False,0,0,0
XOGHDKRZGXPUEH,0,,False,0,0,0
IPPGPVPRYJHZPW,0,,False,0,0,0
FCRSULZJMFDBIK,0,,False,0,0,0
DOJDQRFOTHOBEK,0,,False,0,0,0
NAOMHUDQUVEWEF,0,,False,0,0,0
YPLVIGDBRXWBET,0,,False,0,0,0
YXTRCOAFNXQTKL,0,,False,0,0,0
ABKJVDAMVQXXSZ,1,CHEMBL4516461,False,6,0,0
RUJVVAGDAGVHLC,0,,False,0,0,0
ZKKJPZNYRLRZLQ,0,,False,0,0,0
LCEHKIHBHIJPCD,0,,False,0,0,0
JLPUXFOGCDVKGO,2,CHEMBL1590135|CHEMBL2374043,True,4,0,0
PPZSOILKWHVNNS,1,CHEMBL259121,False,2,0,0
CJRKEDMYNFITCQ,0,,False,0,0,0
YDXQPTHHAPCTPP,0,,False,0,0,0
GJFCONYVAUNLKB,0,,False,0,0,0
PZHNKNRPGLTZPO,1,CHEMBL487804,True,21,3,2
QSUQBXKPPUWLTH,0,,False,0,0,0
RQWWXOUTWRSURG,0,,False,0,0,0
WHIUDXGNUHDGLA,0,,False,0,0,0
ZZEQOHMDRQUMMH,1,CHEMBL77588,True,5,1,1
CYHBDKTZDLSRMY,1,CHEMBL3187477,True,0,0,0
PGTKHYGKDOAHEN,0,,False,0,0,0
KWCDIRFSULAMOC,0,,False,0,0,0
PUFOBDWCLXCAPH,0,,False,0,0,0
GJKBYUNILRRALK,0,,False,0,0,0
BJMPSYHNUKWPGQ,0,,False,0,0,0
XMPNPHOXVSBURG,0,,False,0,0,0
DXPPIEDUBFUSEZ,1,CHEMBL1877930,True,2,0,0
VKGMVPAEGSTCFA,0,,False,0,0,0
XCZPDOCRSYZOBI,1,CHEMBL3182352,True,0,0,0
ZNLSNAZJVYNXLN,0,,False,0,0,0
LZERJKGWTQYMBB,1,CHEMBL350958,True,40,2,2
GAHAVZIKRCECQH,0,,False,0,0,0
VKOSQMWSWLZQPA,1,CHEMBL487213,True,6,1,1
IMEYGBIXGJLUIS,1,CHEMBL72637,True,38,4,2
BKMAMSPTJHLOJB,0,,False,0,0,0
PHELOKYCCWVWFE,0,,False,0,0,0
NBXLPPVOZWYADY,0,,False,0,0,0
JPMYFOBNRRGFNO,1,CHEMBL210635,True,54,9,3
UTJJFHJHTZKQSW,0,,False,0,0,0
FAFMZORPAAGQFV,1,CHEMBL3187995,True,0,0,0
IODGQWWTJYDCLN,1,CHEMBL487196,True,1,0,0
UUQJTIHOVGMQIH,1,CHEMBL209257,True,21,2,0
URLZCHNOLZSCCA,2,CHEMBL15595|CHEMBL8234,True,1315,93,69
OFOBLEOULBTSOW,1,CHEMBL7942,True,44,9,9
KRFBMPVGAYGGJE,1,CHEMBL312073,True,9,4,1
DBDXTIAEVFSDNN,1,CHEMBL2148101,False,2,0,0
ASAOSMVQLGTAQO,0,,False,0,0,0
QCDYOIZVELGOLZ,1,CHEMBL376644,True,65,5,3
GXBNHFMSIXKWHZ,0,,False,0,0,0
LBWPYRZGHYVSEL,0,,False,0,0,0
ROEHFIIRMUXFRR,1,CHEMBL2205137,False,2,0,0
AISQJRLSHDWVGU,0,,False,0,0,0
KVQVGSDBGJXNGV,0,,False,0,0,0
AFTFRXZRXLDFGT,0,,False,0,0,0
QDEYKGKBMCIYCT,2,CHEMBL1980462|CHEMBL492202,True,62,0,0
CKHOFHNVFXPKRY,0,,False,0,0,0
NXQMCAOPTPLPRL,1,CHEMBL2130591,True,1,0,0
SRPLWSLPCHPUKL,0,,False,0,0,0
MBWGRAHRCWMYAX,1,CHEMBL464648,True,10,0,0
TVMWSRBQYJASNT,0,,False,0,0,0
AWDHIFBTFZYCRJ,0,,False,0,0,0
PAUMWSJQGRCQFY,0,,False,0,0,0
DTGGNTMERRTPLR,3,CHEMBL351811|CHEMBL449151|CHEMBL467307,False,7,2,0
BZJFTOLYBXIQHS,0,,False,0,0,0
NKWGYEOQWYLAKW,0,,False,0,0,0
NMZOXYQEZICZPH,0,,False,0,0,0
XJMAAOIVFHDJAK,0,,False,0,0,0
GBEJULSURQZDNX,0,,False,0,0,0
RGIIAYDCZSXHGL,0,,False,0,0,0
YFXWTVLDSKSYLW,1,CHEMBL4205174,True,2,0,0
WRIDQFICGBMAFQ,1,CHEMBL5272107,True,1,0,0
BTKHXNIRAYKGMN,1,CHEMBL147909,False,5,1,0
OFCNXPDARWKPPY,1,CHEMBL1467,True,2900,85,70
HSXINLFVGZNTPF,0,,False,0,0,0
NOWKCMXCCJGMRR,1,CHEMBL540990,True,2,0,0
AJUWUYJULVYGRA,0,,False,0,0,0
HKUMXVZOWDJVID,0,,False,0,0,0
PDJXBCGYXJQLPD,0,,False,0,0,0
URFCJEUYXNAHFI,3,CHEMBL399249|CHEMBL399910|CHEMBL70518,True,190,21,4
GNHMRTZZNHZDDM,1,CHEMBL1451739,False,7,0,0
VKYKSIONXSXAKP,1,CHEMBL1201270,True,74,0,0
MSTDXOZUKAQDRL,1,CHEMBL453987,True,7,3,0
UVGWPTZSLLIEOQ,0,,False,0,0,0
YKSWANWZIBMPIT,0,,False,0,0,0
YHXYRISRGHSPNV,0,,False,0,0,0
GSILMNFJLONLCJ,0,,False,0,0,0
FQGLWEGVMMDANK,0,,False,0,0,0
BWXDHBQGBNPJMN,1,CHEMBL5272569,True,2,0,0
VLHOVPZUSXEINR,0,,False,0,0,0
YPSWCORASQDCJM,2,CHEMBL1971508|CHEMBL524719,True,118,0,0
PBAZKMWQUBDDLZ,1,CHEMBL1098016,True,10,6,5
DKEANOQWICTXTP,2,CHEMBL1995524|CHEMBL3426680,True,61,1,0
MDKAWXCQYALXRL,0,,False,0,0,0
RTRKIUHFRAITEX,0,,False,0,0,0
UJOBWOGCFQCDNV,1,CHEMBL243580,True,51,3,1
URYYVOIYTNXXBN,1,CHEMBL30773,True,1,0,0
YZBKHDJPIAYXQH,1,CHEMBL2323762,True,14,1,0
WWXYBSVWYPHUPZ,2,CHEMBL498436|CHEMBL5176909,True,147,6,1
IUZVYLWUISSZCS,1,CHEMBL3893262,True,22,1,0
OSERHKINMDLESD,1,CHEMBL2323768,True,33,8,0
HTNVFUBCWIYPJN,2,CHEMBL2402943|CHEMBL495873,True,69,21,1
APZRRMFSHXMDTQ,0,,False,0,0,0
ZSNYQENLWQYSRK,1,CHEMBL285152,True,10,2,0
SGWZVZZVXOJRAQ,1,CHEMBL4205770,True,6,5,0
XOTJGHCMZOLIPX,0,,False,0,0,0
VDRWNKIQBYUKGD,0,,False,0,0,0
SHKGFTXUBGNKSG,1,CHEMBL505976,True,2,0,0
WGQMUABRZGUAOS,1,CHEMBL3415519,False,2,0,0
SWGMZUHZYZRQJR,0,,False,0,0,0
NDCSJPPJAVCLMI,0,,False,0,0,0
RGHMISIYKIHAJW,1,CHEMBL2074780,True,1,0,0
PGIQIBRWODQISW,0,,False,0,0,0
PSJBSUHYCGQTHZ,1,CHEMBL3187682,True,0,0,0
GZEWTNFOWIUNRR,0,,False,0,0,0
SLCFYYKEJSZUCI,0,,False,0,0,0
RNVGIKWJGFOBOF,0,,False,0,0,0
ZGPMRVKNTCKLBF,0,,False,0,0,0
OACXFSZVCDOBKF,0,,False,0,0,0
OVFDEGGJFJECAT,1,CHEMBL3207976,True,7,0,0
GHXZTYHSJHQHIJ,1,CHEMBL790,True,605,63,27
IFABLCIRROMTAN,0,,False,0,0,0
VSFAVIVLUCDIIB,0,,False,0,0,0
AWYFNIZYMPNGAI,1,CHEMBL1615644,False,0,0,0
XLXMYOUBZINZAX,0,,False,0,0,0
PWRBDKMPAZFCSV,0,,False,0,0,0
PXIFNQSQUKJWSP,0,,False,0,0,0
CBIDRCWHNCKSTO,1,CHEMBL343480,True,10,3,1
KNCYXPMJDCCGSJ,1,CHEMBL3763941,False,11,6,4
LACZJJJYINHZIR,0,,False,0,0,0
BMZOQYYROAVSAP,1,CHEMBL139056,True,24,2,1
BISZYPSIZGKOFA,2,CHEMBL1744031|CHEMBL2165569,True,4,1,0
CQUSHZSCDGSFBF,0,,False,0,0,0
XGEYXJDOVMEJNG,1,CHEMBL490510,True,12,0,0
WBLPIVIXQOFTPQ,1,CHEMBL2105297,False,0,0,0
ISHQPQZAQICIAZ,0,,False,0,0,0
MGQVHIJOSALRQZ,0,,False,0,0,0
XPSOFSIDLMRECY,1,CHEMBL2110705,False,2,0,0
KUAZQDVKQLNFPE,1,CHEMBL120563,True,396,26,22
XSTXAVWGXDQKEL,1,CHEMBL279816,True,197,0,0
DUYAOUUOWHAJIX,0,,False,0,0,0
ZNBIZPXNJOMSFQ,0,,False,0,0,0
LCZNLGJYHVTTAT,1,CHEMBL2004250,True,57,0,0
USYXGKNEFILPTL,0,,False,0,0,0
XNDJITTZAVYZHN,0,,False,0,0,0
VCNKUCWWHVTTBY,1,CHEMBL5802984,True,6,2,1
BMCOIOWWHJTOPU,0,,False,0,0,0
BGNXCDMCOKJUMV,1,CHEMBL242080,True,352,15,3
GZMAAYIALGURDQ,1,CHEMBL2131110,False,1,0,0
LYOJMOXGTZZPFW,1,CHEMBL285933,True,3,0,0
GWEFTCNMUHHQLP,0,,False,0,0,0
IAOZJIPTCAWIRG,3,CHEMBL171679|CHEMBL2110238|CHEMBL312245,True,60,0,0
AWAVRLOLQQEYTI,0,,False,0,0,0
QHGBINBBSWHCPZ,0,,False,0,0,0
TUCMDDWTBVMRTP,0,,False,0,0,0
JNJULLPRDPZIGK,1,CHEMBL10857,False,0,0,0
QMLGNDFKJAFKGZ,0,,False,0,0,0
QEPVXMYQVXGZQD,0,,False,0,0,0
KCOVYKLMLVCCRK,0,,False,0,0,0
DWHIUNMOTRUVPG,0,,False,0,0,0
TZIHFWKZFHZASV,1,CHEMBL295026,True,5,0,0
UJRIYYLGNDXVTA,0,,False,0,0,0
HCLJOFJIQIJXHS,1,CHEMBL1492729,True,151,0,0
ZYOSGENSARGRME,0,,False,0,0,0
OVURIZIJDDTXJS,2,CHEMBL461083|CHEMBL500790,True,11,0,0
MQZUSOMHYYKABS,0,,False,0,0,0
ARXKVVRQIIOZGF,1,CHEMBL1356759,True,3,0,0
ATLQGZVLWOURFU,0,,False,0,0,0
YIGCZRBQSHBYRL,0,,False,0,0,0
MPSRBJBPHXIOFN,0,,False,0,0,0
PSQSSLVXOIJSMX,0,,False,0,0,0
UOUIARGWRPHDBX,2,CHEMBL3137948|CHEMBL3638321,True,1,0,0
QJDHQEQDIWDMOT,0,,False,0,0,0
BIDIHFPLDRSAMB,0,,False,0,0,0
DOZRDZLFLOODMB,1,CHEMBL225623,True,8,0,0
JAUPRNSQRRCCRR,0,,False,0,0,0
XCHBYBKNFIOSBB,1,CHEMBL4593447,True,6,0,0
GTNCESCYZPMXCJ,0,,False,0,0,0
IJNGMRAUFODTLK,0,,False,0,0,0
OQFHJKZVOALSPV,1,CHEMBL89700,True,64,29,4
OZEQQZFAGTZYSQ,0,,False,0,0,0
ZJPDJIYPZYRXEC,0,,False,0,0,0
VVSWDMJYIDBTMV,1,CHEMBL1488601,True,4,0,0
IEAUFJOLHRNYMW,0,,False,0,0,0
MJJWBJFYYRAYKU,3,CHEMBL445265|CHEMBL454705|CHEMBL4648427,True,18,8,4
UIDUJXXQMGYOIN,1,CHEMBL3120649,True,1,0,0
DNKFADXVMUNRRM,1,CHEMBL5172372,True,1,1,0
NYWCITDWPAZNBU,0,,False,0,0,0
BNQDCRGUHNALGH,2,CHEMBL1096979|CHEMBL1486563,True,184,4,3
KJJXDQMORIATJF,0,,False,0,0,0
CHLICZRVGGXEOD,1,CHEMBL154155,True,3,2,2
NWIUTZDMDHAVTP,3,CHEMBL1201274|CHEMBL1369414|CHEMBL423,True,355,11,9
CMOZGCJOTGLPKO,1,CHEMBL468906,True,5,5,5
HUIYGGQINIVDNW,1,CHEMBL1558498,True,19,0,0
ZKLREJQHRKUJHD,0,,False,0,0,0
ZRWWEEVEIOGMMT,1,CHEMBL1258,False,7,0,0
JLQUFIHWVLZVTJ,1,CHEMBL2228572,False,73,0,0
LJGMGXXCKVFFIS,0,,False,0,0,0
ZIJKGAXBCRWEOL,1,CHEMBL2105790,True,13,0,0
AVJZNOIWPGXYKM,1,CHEMBL4212545,True,5,5,0
RUQATQQNXCPTLL,0,,False,0,0,0
SFTQDPVLDKOILY,1,CHEMBL2152467,True,4,0,0
AVAACINZEOAHHE,3,CHEMBL1276416|CHEMBL3856067|CHEMBL491571,True,2087,3,1
HMWSKUKBAWWOJL,0,,False,0,0,0
ZREKOPQLWZLLHM,0,,False,0,0,0
BFYIZQONLCFLEV,3,CHEMBL1200374|CHEMBL1512574|CHEMBL3348860,True,185,16,11
GPNSLSVRBMEOCK,0,,False,0,0,0
YMTINGFKWWXKFG,1,CHEMBL672,True,4678,64,44
WMWTYOKRWGGJOA,3,CHEMBL1473|CHEMBL1514257|CHEMBL3182902,False,1310,15,12
DTOUWTJYUCZJQD,1,CHEMBL504363,True,16,3,2
AVJMJMPVWWWELJ,0,,False,0,0,0
QCTAEQLVEFPZLF,0,,False,0,0,0
FVYXIJYOAGAUQK,1,CHEMBL16901,True,514,110,17
DMDGGSIALPNSEE,1,CHEMBL1763,False,148,0,0
VPEJMHYFGCNXLM,0,,False,0,0,0
ROPDWYIWHWKVLI,1,CHEMBL183320,True,13,4,0
KLDXJTOLSGUMSJ,3,CHEMBL1200660|CHEMBL1347757|CHEMBL345875,True,36,0,0
SBUJHOSQTJFQJX,6,CHEMBL1384|CHEMBL1486384|CHEMBL1487860|CHEMBL1623920|CHEMBL223520|CHEMBL266589,True,2465,34,4
LPXOPRGPLUWGKB,1,CHEMBL518105,True,2,0,0
SQECYPINZNWUTE,2,CHEMBL2409317|CHEMBL63254,True,2,1,0
KQXDGUVSAAQARU,1,CHEMBL149859,True,32,11,9
NFAWEPOBHKEHPO,1,CHEMBL445702,True,6,1,0
KISDGNGREAJPQR,4,CHEMBL472644|CHEMBL5172923|CHEMBL5288713|CHEMBL581451,True,20,6,2
VVOAZFWZEDHOOU,1,CHEMBL180920,True,309,46,10
BUGYDGFZZOZRHP,4,CHEMBL1329218|CHEMBL1741779|CHEMBL3302426|CHEMBL807,True,572,58,5
NXZZZYUALZNGOO,0,,False,0,0,0
CJCSPKMFHVPWAR,3,CHEMBL1452561|CHEMBL459|CHEMBL718,True,2639,4,4
UEQUQVLFIPOEMF,3,CHEMBL1329927|CHEMBL252719|CHEMBL6437,True,1259,155,112
MPHXYQVSOFGNEN,1,CHEMBL2271029,True,1,0,0
ZYEOLMDPAUHXEQ,0,,False,0,0,0
QSLYECSTHSYXDL,0,,False,0,0,0
KTEXNACQROZXEV,17,CHEMBL1356390|CHEMBL1527933|CHEMBL1601875|CHEMBL2142363|CHEMBL2357484|CHEMBL3186408|CHEMBL3322515|CHEMBL3322516|CHEMBL363656|CHEMBL388727|CHEMBL4060239|CHEMBL4298697|CHEMBL4580487|CHEMBL465158|CHEMBL477923|CHEMBL4781244|CHEMBL540445,True,1470,326,12
ZOZIRNMDEZKZHM,1,CHEMBL3183441,True,0,0,0
TZFQMSDUSOTCJC,0,,False,0,0,0
SYNOVMDJYWJCON,1,CHEMBL1907165,False,0,0,0
FTNAQWBISUHBPD,1,CHEMBL2335276,True,1,0,0
WOULTTPZJDSDEI,0,,False,0,0,0
RFDAIACWWDREDC,2,CHEMBL1474851|CHEMBL411070,True,81,2,2
HVFMPBVKLPHTAE,0,,False,0,0,0
JLJAVUZBHSLLJL,10,CHEMBL112481|CHEMBL291515|CHEMBL3104952|CHEMBL4102990|CHEMBL418309|CHEMBL469500|CHEMBL56800|CHEMBL56856|CHEMBL56917|CHEMBL57542,True,57,18,8
ZSRVBNXAPSQDFY,2,CHEMBL504718|CHEMBL5440499,True,13,0,0
OZXJUTMPBYVTKB,1,CHEMBL435827,True,2,1,0
KKQDNHZABGRCAS,0,,False,0,0,0
CDEBVTGYVFHDMA,1,CHEMBL3526962,True,24,0,0
DAUUEOZZFXEZSR,0,,False,0,0,0
WRVLEDLJKOSANT,1,CHEMBL12995,False,17,2,0
SUPMFZZCWCKIAQ,0,,False,0,0,0
QKJHNPXSYSFZMJ,0,,False,0,0,0
NHNIESSJWQBRJW,1,CHEMBL457949,True,17,2,0
DKZBBWMURDFHNE,2,CHEMBL1956165|CHEMBL242529,True,134,12,1
QLTCHMYAEJEXBT,2,CHEMBL1590222|CHEMBL3039425,True,3,0,0
DLRVVLDZNNYCBX,8,CHEMBL1159652|CHEMBL1254687|CHEMBL134478|CHEMBL1360334|CHEMBL3085401|CHEMBL3215399|CHEMBL4876675|CHEMBL66675,True,45,0,0
OPIJRMKRZTVOMM,1,CHEMBL2204409,False,1,0,0
MYOFXGTWVTUXOD,0,,False,0,0,0
BQJODPIMMWWMFC,1,CHEMBL1229908,True,38,1,0
DUAGQYUORDTXOR,1,CHEMBL508320,True,67,0,0
KGHSLXLLBHRMML,0,,False,0,0,0
KWMLJOLKUYYJFJ,3,CHEMBL4303148|CHEMBL4764311|CHEMBL5308419,True,10,0,0
LELOWRISYMNNSU,1,CHEMBL183419,True,41,8,5
WGCNASOHLSPBMP,1,CHEMBL3884509,True,1,0,0
HUOOMAOYXQFIDQ,1,CHEMBL1208903,True,79,6,2
WEWBWVMTOYUPHH,0,,False,0,0,0
NXEUEKXJAAVKCT,1,CHEMBL165231,False,1,0,0
HTNUCKDQVIZWMJ,1,CHEMBL3953079,True,2,0,0
FCQSIIVNJCMJLB,2,CHEMBL3926423|CHEMBL3962650,True,12,0,0
NIRMOOCHGJGPKG,0,,False,0,0,0
USKZHEQYENVSMH,0,,False,0,0,0
HGFAGNRYCRACAH,0,,False,0,0,0
IEPWIPZLLIOZLU,1,CHEMBL1897308,True,1,0,0
YWWVWXASSLXJHU,1,CHEMBL456732,True,5,1,0
CSNIZNHTOVFARY,0,,False,0,0,0
YRKCREAYFQTBPV,1,CHEMBL191625,True,15,0,0
DFXVSSDSXIHULO,0,,False,0,0,0
OJVAMHKKJGICOG,1,CHEMBL1564795,True,8,0,0
VHTFHZGAMYUZEP,1,CHEMBL3184950,True,0,0,0
IQUPABOKLQSFBK,1,CHEMBL14205,True,37,2,0
LYGMPIZYNJGJKP,0,,False,0,0,0
XSJVWZAETSBXKU,0,,False,0,0,0
KVMWYGAYARXPOL,1,CHEMBL3560718,True,0,0,0
CPLJMYOQYRCCBY,0,,False,0,0,0
MXLMTQWGSQIYOW,1,CHEMBL443470,True,2,0,0
HCFAJYNVAYBARA,0,,False,0,0,0
KBHWKXNXTURZCD,1,CHEMBL3185876,True,0,0,0
DOUAMAQITOOBGB,0,,False,0,0,0
WGPCZPLRVAWXPW,2,CHEMBL1269378|CHEMBL195215,True,51,1,0
MPYYVGIJHREDBO,0,,False,0,0,0
WCASXYBKJHWFMY,2,CHEMBL116709|CHEMBL118459,True,2,0,0
RWGFKTVRMDUZSP,1,CHEMBL1398949,True,6,0,0
ZZPSOALECBMAMW,0,,False,0,0,0
ICMAFTSLXCXHRK,1,CHEMBL47483,True,1,0,0
ILPBINAXDRFYPL,0,,False,0,0,0
RCSBILYQLVXLJG,1,CHEMBL2229585,True,21,0,0
ZCDYAMJXVAUTIM,0,,False,0,0,0
HVJKZICIMIWFCP,1,CHEMBL3184059,True,0,0,0
YZJCDVRXBOPXSQ,0,,False,0,0,0
GWCTUKHUBWMAMI,1,CHEMBL3273386,True,4,0,0
ZRNCNTSXSYXHOW,0,,False,0,0,0
NMJJFJNHVMGPGM,1,CHEMBL2270394,True,4,0,0
RPRPDTXKGSIXMD,0,,False,0,0,0
JSLCOZYBKYHZNL,0,,False,0,0,0
PSXNDMJWRZYVTM,0,,False,0,0,0
DHAZIUXMHRHVMP,1,CHEMBL206900,True,3,0,0
JHIVVAPYMSGYDF,1,CHEMBL18850,True,8,0,0
YYLLIJHXUHJATK,0,,False,0,0,0
HGOZECVJNYXKMC,0,,False,0,0,0
XYIBRDXRRQCHLP,1,CHEMBL169176,True,2,0,0
SUPCQIBBMFXVTL,1,CHEMBL3182984,True,0,0,0
OZZYKXXGCOLLLO,1,CHEMBL398921,True,6,0,0
OAPHLAAOJMTMLY,1,CHEMBL299599,True,1,0,0
QJYYMNOTJXIOBP,0,,False,0,0,0
IAFQYUQIAOWKSB,0,,False,0,0,0
SZFOMJOELAAHAF,0,,False,0,0,0
RJASFPFZACBKBE,0,,False,0,0,0
VVQNEPGJFQJSBK,1,CHEMBL49996,True,4,0,0
XPQPWPZFBULGKT,0,,False,0,0,0
BTFQKIATRPGRBS,1,CHEMBL1487138,True,12,0,0
OBPSVGGPPYBVQV,0,,False,0,0,0
CDJJKTLOZJAGIZ,1,CHEMBL501246,True,6,0,0
UYGGIIOLYXRSQY,0,,False,0,0,0
HUAZGNHGCJGYNP,0,,False,0,0,0
BTAXGNQLYFDKEF,0,,False,0,0,0
KCGGZBGJNHLAAM,0,,False,0,0,0
VCWMRQDBPZKXKG,0,,False,0,0,0
RGHNJXZEOKUKBD,2,CHEMBL3039603|CHEMBL464345,True,39,0,0
ZEJXENDZTYVXDP,1,CHEMBL2165568,True,2,0,0
JHEDYGILOIBOTL,0,,False,0,0,0
MLYMSIKVLAPCAK,0,,False,0,0,0
FFDGPVCHZBVARC,1,CHEMBL1232274,True,2,0,0
SNDPXSYFESPGGJ,2,CHEMBL1916081|CHEMBL55612,True,8,0,0
ZJUKTBDSGOFHSH,5,CHEMBL142828|CHEMBL418052|CHEMBL45041|CHEMBL5172325|CHEMBL597532,True,255,108,94
RKHQLCNACMCZQU,0,,False,0,0,0
ULGZDMOVFRHVEP,10,CHEMBL1315430|CHEMBL1317549|CHEMBL1328576|CHEMBL1528078|CHEMBL1671887|CHEMBL3392931|CHEMBL4062347|CHEMBL406286|CHEMBL406517|CHEMBL532,True,4669,61,18
WGAUMWNVHAMGJF,0,,False,0,0,0
DTJWTKVKHOJHJK,0,,False,0,0,0
UFWIBUBEFUNVNI,0,,False,0,0,0
XJNPNXSISMKQEX,1,CHEMBL42423,True,11,0,0
SNUYYOZIHXZPOM,1,CHEMBL2003252,True,60,0,0
LGEQQWMQCRIYKG,4,CHEMBL15848|CHEMBL3638052|CHEMBL375696|CHEMBL478670,True,236,64,51
VRUITRJTRVWMKN,0,,False,0,0,0
WSFSSNUMVMOOMR,1,CHEMBL1255,True,43,1,0
JXNRXNCCROJZFB,3,CHEMBL273521|CHEMBL3039462|CHEMBL99905,True,27,0,0
JYTUSYBCFIZPBE,2,CHEMBL1741423|CHEMBL3039602,True,22,0,0
YMDXZJFXQJVXBF,4,CHEMBL1555455|CHEMBL1616512|CHEMBL1757|CHEMBL218627,True,485,16,7
AERBNCYCJBRYDG,2,CHEMBL236036|CHEMBL466395,True,32,4,0
NGFMICBWJRZIBI,4,CHEMBL1595746|CHEMBL315895|CHEMBL334657|CHEMBL462997,True,102,0,0
BZLKOORCGCYQJZ,0,,False,0,0,0
PYPKJBUJNZMSTH,0,,False,0,0,0
OXTGLFRGBDFBHI,1,CHEMBL447005,True,1,0,0
QLOUGKRWTZAXFE,0,,False,0,0,0
XNLFHCPVTULKIV,1,CHEMBL375905,True,66,8,1
XBUXARJOYUQNTC,0,,False,0,0,0
IDGOUUWCFVZDEL,0,,False,0,0,0
IKPYGNYNWRCKKG,0,,False,0,0,0
ZIFQLQDJEONIQN,0,,False,0,0,0
OFUTUOXRVNXZST,0,,False,0,0,0
GFIMPQUXRWWOQN,0,,False,0,0,0
JRSOAPYTPOYVTE,1,CHEMBL352645,False,6,3,3
RYFFZJHGQCKWMV,2,CHEMBL1706207|CHEMBL4100296,True,33,5,3
YLFGEPBBGSTEMX,0,,False,0,0,0
HBYYJMBYOWLUGQ,0,,False,0,0,0
WOYWLLHHWAMFCB,1,CHEMBL1879713,True,2,0,0
VLWNQJCOTZJFAE,0,,False,0,0,0
RJRKSJOZHKLGBL,0,,False,0,0,0
FYVQCLGZFXHEGL,0,,False,0,0,0
WUQYQRGBUVKLJX,0,,False,0,0,0
HTLFNPZXCRJHSI,0,,False,0,0,0
WWIDOFKGVGTPPX,0,,False,0,0,0
BABVRDSPAFLGCN,0,,False,0,0,0
QGZOSDDYSABQFX,0,,False,0,0,0
CBWZQKMGWFWYMF,0,,False,0,0,0
VLXAAWWRNZZBLC,0,,False,0,0,0
ZPTBLXKRQACLCR,1,CHEMBL3237555,True,2,1,1
VNFDCRBHQWTOIT,0,,False,0,0,0
HBCNXZPHAHVHRK,0,,False,0,0,0
LNARMXLVVGHCRP,0,,False,0,0,0
XZQLSABETMKIGG,1,CHEMBL137586,True,31,5,3
WOGFTQKWQRUBTE,0,,False,0,0,0
FAFSAZIEJFMBBY,0,,False,0,0,0
CCMWYZQSEJEAEY,0,,False,0,0,0
CWRYPZZKDGJXCA,1,CHEMBL1797271,True,3,0,0
RDHQFKQIGNGIED,3,CHEMBL1358846|CHEMBL1625375|CHEMBL1697733,True,93,0,0
CMYCOPZFTSZSSE,0,,False,0,0,0
TWSRVQVEYJNFKQ,0,,False,0,0,0
MDOGDGROQQKRBK,0,,False,0,0,0
BTPCENBVHBOHRK,1,CHEMBL4103633,False,9,0,0
NWVNXDKZIQLBNM,1,CHEMBL1490469,False,10,0,0
VCECLBDDLTXHHP,0,,False,0,0,0
KORNTPPJEAJQIU,3,CHEMBL1201087|CHEMBL1898147|CHEMBL4593105,True,2127,8,6
PLEXAABBVJNISH,2,CHEMBL1356069|CHEMBL3039104,False,16,0,0
HLTPNRJKQZHZSL,0,,False,0,0,0
HVKCEFHNSNZIHO,0,,False,0,0,0
INUNXTSAACVKJS,3,CHEMBL2104862|CHEMBL2365707|CHEMBL431928,True,7,0,0
SEALOBQTUQIVGU,1,CHEMBL2365712,True,38,0,0
INDUNANCUDNZJY,2,CHEMBL2373679|CHEMBL3039212,True,7,0,0
MPOOSISOPZQAFT,0,,False,0,0,0
OZAJLXWKZVWFJS,0,,False,0,0,0
VIPXLQMQEIDXMH,1,CHEMBL3039023,True,2,0,0
MIOPJNTWMNEORI,1,CHEMBL5596548,True,2,0,0
ALOBUEHUHMBRLE,3,CHEMBL13332|CHEMBL276009|CHEMBL533,True,233,4,3
XAOGXQMKWQFZEM,0,,False,0,0,0
CFEOXVWJRPHLSF,0,,False,0,0,0
MFWAONAGQVIAJO,1,CHEMBL523257,True,3,0,0
QIFOGQJGAIFKAU,1,CHEMBL496237,True,1,0,0
IJHQXIGMGPMLPO,1,CHEMBL501265,True,3,0,0
JPLVFJHIDXDOIR,1,CHEMBL449551,True,3,0,0
DYQUUDTVSYFIFR,1,CHEMBL506224,True,3,0,0
YEESKJGWJFYOOK,2,CHEMBL1521056|CHEMBL288943,True,20,10,8
LMTCOHBUAXZDPT,1,CHEMBL504933,True,2,0,0
ADFOLUXMYYCTRR,4,CHEMBL1976696|CHEMBL375927|CHEMBL3810128|CHEMBL430464,True,221,30,8
PWKSKIMOESPYIA,3,CHEMBL145615|CHEMBL507900|CHEMBL600,True,546,5,0
FQUVPTVNRMUOPO,2,CHEMBL160854|CHEMBL1928588,True,4,0,0
MQTAVJHICJWXBR,1,CHEMBL176800,True,5,0,0
GMXMKSFJQLFOSO,6,CHEMBL1170325|CHEMBL2261563|CHEMBL228326|CHEMBL3601519|CHEMBL3609610|CHEMBL3609611,True,42,9,6
CBSLKUWWDZLDSO,0,,False,0,0,0
QZBUWPVZSXDWSB,6,CHEMBL1879458|CHEMBL1990465|CHEMBL453184|CHEMBL462452|CHEMBL499995|CHEMBL512845,True,98,0,0
YVRQRTVYFHIYAE,0,,False,0,0,0
HEOQEWRIMCDLFB,0,,False,0,0,0
INUKLMSJDZBXBV,0,,False,0,0,0
JLNJUKBAHGGNLB,0,,False,0,0,0
DSNBHJFQCNUKMA,2,CHEMBL157628|CHEMBL5283529,True,4,1,0
JTVPZMFULRWINT,1,CHEMBL84158,True,812,6,6
JLRGJRBPOGGCBT,1,CHEMBL782,True,1765,8,1
ZUJJNQJNBRWNQH,0,,False,0,0,0
RZGFUGXQKMEMOO,0,,False,0,0,0
DPURCQCAESWWEL,0,,False,0,0,0
DGUBZDXYXXUHTJ,1,CHEMBL133588,True,9,3,1
AONTYURQWYQJNQ,1,CHEMBL4209400,True,2,0,0
AVOLBYOSCILFLL,1,CHEMBL3188746,True,0,0,0
BGVXBZXEFXMRGJ,0,,False,0,0,0
AHOPFKRXJRLLGF,2,CHEMBL4282413|CHEMBL450520,True,2,0,0
KTTNFIOZYNBKEY,1,CHEMBL3236511,True,13,3,2
AFPLNGZPBSKHHQ,2,CHEMBL1567436|CHEMBL3186547,True,66,0,0
AGLXQYZVKCLGAC,0,,False,0,0,0
QNMANLUEFQNQCX,1,CHEMBL592620,True,8,0,0
RSZMBXPFRIQCNC,0,,False,0,0,0
JZKMBVWUJRPNND,0,,False,0,0,0
NYAPVWGUAUDHRY,1,CHEMBL2336751,True,14,1,1
FOGJPHRWJKZCAO,0,,False,0,0,0
JYGLAHSAISAEAL,1,CHEMBL1413199,False,96,17,0
QDAWXRKTSATEOP,1,CHEMBL3629240,True,9,0,0
LUZDYPLAQQGJEA,1,CHEMBL195857,True,6,3,0
BANXPJUEBPWEOT,0,,False,0,0,0
CNZJAOOYWYLTEC,1,CHEMBL4551631,False,14,8,2
JZAJARGAUOHFCU,1,CHEMBL1569462,False,11,0,0
ZGHORMOOTZTQFL,1,CHEMBL91153,True,42,4,1
PHVVIHXXDVAMST,0,,False,0,0,0
WPRAXAOJIODQJR,1,CHEMBL549898,True,2,0,0
JVFLSPNYBLXFGP,0,,False,0,0,0
WCKBQFLODIPXFJ,0,,False,0,0,0
MQGPSCMMNJKMHQ,1,CHEMBL276915,True,180,36,27
DOULCNARLLYYGX,0,,False,0,0,0
NLZCOTZRUWYPTP,2,CHEMBL487018|CHEMBL487994,True,26,6,0
GTNBYGORCDLAFG,0,,False,0,0,0
ZFPMFULXUJZHFG,1,CHEMBL3747599,True,2,0,0
NTDLXWMIWOECHG,2,CHEMBL1451695|CHEMBL1535342,True,14,0,0
ILOABSZOHZMWLD,0,,False,0,0,0
YHJBCRBYDBNEIK,0,,False,0,0,0
DJBMUKYGNBBQBO,2,CHEMBL5898074|CHEMBL5964911,False,48,6,4
CFWLJMABGDDYCA,0,,False,0,0,0
AWXQCKPVCRTEHJ,1,CHEMBL1209490,True,2,0,0
WYIIRKFHBPIFQZ,1,CHEMBL1209491,True,33,1,1
VRPRIAVYSREHAN,0,,False,0,0,0
BXNJHAXVSOCGBA,1,CHEMBL269538,True,857,245,101
ZNUAKACHFYTNFX,2,CHEMBL3109320|CHEMBL518390,True,19,0,0
ZMOIGGHUSNHCAB,1,CHEMBL1988478,True,82,4,0
UJPPXNXOEVDSRW,0,,False,0,0,0
CMLYGGFIXXLYQT,0,,False,0,0,0
HBLWMMBFOKSEKW,1,CHEMBL3542370,True,44,7,0
ZLGYDHODHCRHMW,1,CHEMBL2286764,False,1,0,0
BBTIMXAYZRWPNG,1,CHEMBL202496,True,6,4,4
CCXJATSVHGYCBE,0,,False,0,0,0
MFKUFDGNYITGPN,0,,False,0,0,0
DTWUHAOZSGPUHQ,1,CHEMBL1835438,True,1,1,0
SLLMHUNWRZOHCM,1,CHEMBL4534526,True,10,9,0
APFPLZLTXJYXMM,2,CHEMBL505882|CHEMBL508035,True,4,4,0
LDTDRTSKWGQBAA,0,,False,0,0,0
FBXWCEKQCVOOLT,0,,False,0,0,0
FRGDXZRZDAJTOU,0,,False,0,0,0
AOYBLZGEIIBUTE,0,,False,0,0,0
OFLPOBPCVHNRMF,0,,False,0,0,0
KDUIUFJBNGTBMD,0,,False,0,0,0
YHIDNDRTGFAMFL,0,,False,0,0,0
SGOSNUGFGGSMEG,0,,False,0,0,0
VCQUDPHXRPHTFN,0,,False,0,0,0
PRKNXESHCAQSLC,0,,False,0,0,0
NNTVKFAXDYRERB,0,,False,0,0,0
RGIPKJYIRPALFQ,0,,False,0,0,0
PCBPPTPURTWNQO,0,,False,0,0,0
FNGLZFYTQNKDJT,0,,False,0,0,0
GUOSQNAUYHMCRU,1,CHEMBL1903820,False,5,0,0
NPSHXIOPYGVQEX,0,,False,0,0,0
KEKMLOYOUUVRDN,0,,False,0,0,0
FGQLGYBGTRHODR,0,,False,0,0,0
NUZVLYNISQOZOW,1,CHEMBL1795411,True,1,0,0
MGHAPYBRWPXHSP,0,,False,0,0,0
ADOQBZAVKYCFOI,0,,False,0,0,0
HIVWOHDRGSOSEX,0,,False,0,0,0
AUABZJZJXPSZCN,0,,False,0,0,0
GHYLDEADJWAXGF,0,,False,0,0,0
QXIXLIQMMRFWPB,0,,False,0,0,0
SNQZRZXNRSXKLS,0,,False,0,0,0
LTEKQAPRXFBRNN,0,,False,0,0,0
FOCAIPNHDGQZST,0,,False,0,0,0
BVMMHBZCLRORPY,0,,False,0,0,0
OUZMGPMNDBQJGQ,1,CHEMBL290696,False,4,0,0
WXWCDTXEKCVRRO,1,CHEMBL398755,True,7,0,0
QSOLQDIOEJREPU,0,,False,0,0,0
JGOFSHMHNOXTRH,0,,False,0,0,0
QBDOCEIJXBWDMD,0,,False,0,0,0
RWWKEKDASZBAER,0,,False,0,0,0
KWTSXDURSIMDCE,3,CHEMBL19393|CHEMBL405|CHEMBL612,True,369,70,51
OFIDNKMQBYGNIW,0,,False,0,0,0
ONYOTXAYIZRIPJ,1,CHEMBL1453347,True,8,0,0
SJDDHMSVZMBJPH,0,,False,0,0,0
RKEKUXDRGCRXMQ,0,,False,0,0,0
OMIDXVJKZCPKEI,1,CHEMBL3188674,False,0,0,0
QKSQEJXIILKPDX,0,,False,0,0,0
DSQLTULVAKZANQ,0,,False,0,0,0
NMSXSGMHOUHHGP,0,,False,0,0,0
XGDPKUKRQHHZTH,1,CHEMBL1978880,True,65,7,6
JZFSMVXQUWRSIW,4,CHEMBL463266|CHEMBL482798|CHEMBL487933|CHEMBL490528,True,73,10,6
IOYCVWCXFAUFKU,0,,False,0,0,0
JFXDIXYFXDOZIT,0,,False,0,0,0
UOZODPSAJZTQNH,7,CHEMBL1322152|CHEMBL1395097|CHEMBL1533156|CHEMBL1623060|CHEMBL1624130|CHEMBL370143|CHEMBL4303788,True,397,51,0
NWZREWHFQNXLSL,1,CHEMBL1405557,False,11,0,0
PFURGBBHAOXLIO,0,,False,0,0,0
OIIYUNQWMQUMMS,0,,False,0,0,0
MKWGDAVEFBGVAK,0,,False,0,0,0
HQHCYKULIHKCEB,0,,False,0,0,0
IOSXFIBBIKELQR,0,,False,0,0,0
BBOWBNGUEWHNQZ,0,,False,0,0,0
BWLPFSJVSUPCNH,0,,False,0,0,0
UMEJBWOWZDRULR,0,,False,0,0,0
OXWGEHDANKVJJJ,0,,False,0,0,0
DYEQPYSFRWUNNV,0,,False,0,0,0
XHUBSJRBOQIZNI,1,CHEMBL3747068,True,31,0,0
ZONJATNKKGGVSU,0,,False,0,0,0
LMXFTMYMHGYJEI,1,CHEMBL3120644,True,1,0,0
QICIMADZMWGDTQ,0,,False,0,0,0
QOJGJKKHTRAFOK,0,,False,0,0,0
ROTONRWJLXYJBD,0,,False,0,0,0
MBZRJSQZCBXRGK,1,CHEMBL1887173,True,1,0,0
TUICHZLZOYQXJO,0,,False,0,0,0
FLUWAIIVLCVEKF,1,CHEMBL3561182,True,0,0,0
UMFTYCUYCNMERS,0,,False,0,0,0
YERYDNBIMMOFRC,0,,False,0,0,0
IRWNFSMZBFIURE,0,,False,0,0,0
WUVPHPUDYOVMOE,0,,False,0,0,0
MPJBVZKNLCGQHF,1,CHEMBL1442330,True,9,0,0
YDZCHDQXPLJVBG,0,,False,0,0,0
NVGWEOCSOMJZPE,0,,False,0,0,0
NBCMACYORPIYNY,0,,False,0,0,0
SDQFDHOLCGWZPU,1,CHEMBL1496715,True,12,0,0
BASIKHNNFOJBOF,0,,False,0,0,0
DTBNBXWJWCWCIK,1,CHEMBL1235228,True,9,2,2
DPCMFIRORYQTCL,0,,False,0,0,0
UYWQUFXKFGHYNT,0,,False,0,0,0
QRGSTISKDZCDHV,1,CHEMBL3186295,True,0,0,0
ZOCHHNOQQHDWHG,1,CHEMBL46678,True,2,0,0
ZLIGRGHTISHYNH,1,CHEMBL6102706,True,1,0,0
PJUSYCAFQVDQIH,0,,False,0,0,0
ZXSSUMLXDZDERL,0,,False,0,0,0
IGSYVKHPYSDDQD,1,CHEMBL2271636,True,4,0,0
PFHRFJSUAGQBFE,0,,False,0,0,0
VCNWWRNSDOVDQJ,0,,False,0,0,0
ZRMRCDPHXBFVBB,0,,False,0,0,0
QWQSMEDUZQDVLA,3,CHEMBL2002073|CHEMBL515516|CHEMBL5404310,True,90,4,0
KAXODKSCABORIG,0,,False,0,0,0
UAOKXEHOENRFMP,0,,False,0,0,0
JQUGYGVCECHKBA,0,,False,0,0,0
BHYILZSOXKSYCF,0,,False,0,0,0
SAVYPEZLECDCGS,0,,False,0,0,0
NPPZUHIGLUMVOX,0,,False,0,0,0
HEIKOEZNFLUAEJ,2,CHEMBL1224888|CHEMBL1939278,True,5,2,2
LHUHHURKGTUZHU,4,CHEMBL103046|CHEMBL4167783|CHEMBL479711|CHEMBL5270718,True,47,2,1
YQQUILZPDYJDQJ,5,CHEMBL1939276|CHEMBL1981938|CHEMBL384120|CHEMBL504634|CHEMBL510147,True,104,8,3
BXOURKNXQXLKRK,0,,False,0,0,0
BPBPYQWMFCTCNG,1,CHEMBL406050,True,58,11,6
VPQVBGZEPDUZFM,0,,False,0,0,0
JDSJDASOXWCHPN,1,CHEMBL284861,True,562,23,6
JQHTXZNYHSCIFE,1,CHEMBL4217710,True,3,0,0
HRYCRSVSFJLRBW,0,,False,0,0,0
LTVWWYLRQMIEHW,0,,False,0,0,0
FKMCEEHVCIIPLE,0,,False,0,0,0
PECCCWAOADXQBC,0,,False,0,0,0
DHUDRGOPTAAHRB,0,,False,0,0,0
YEBFCABPNPSILV,0,,False,0,0,0
FRBOFOXWQNXDHB,0,,False,0,0,0
SOZSXJHFVBBAOY,1,CHEMBL465432,True,3,1,0
UKWYLUIBBUASGL,0,,False,0,0,0
BSLAWKTUBVGEDH,0,,False,0,0,0
AOCCBINRVIKJHY,1,CHEMBL460499,False,693,21,13
GCIARVDJUYGSFQ,1,CHEMBL242106,False,70,10,1
AUZONCFQVSMFAP,1,CHEMBL964,True,2756,134,83
DYEFUKCXAQOFHX,1,CHEMBL51085,True,1012,183,82
NEZONWMXZKDMKF,3,CHEMBL28457|CHEMBL29285|CHEMBL9470,True,1267,890,34
PMJIHLSCWIDGMD,1,CHEMBL3545157,True,377,20,16
VIQKSDZKTARNNL,0,,False,0,0,0
VQUDROQOTVEBFZ,0,,False,0,0,0
OGKULJWTOZZDJN,0,,False,0,0,0
SWGZAKPJNWCPRY,0,,False,0,0,0
KXOKPDDXLJWZDR,0,,False,0,0,0
FDSNFOIVNIUNDP,0,,False,0,0,0
SLYADMRXVMOLJY,0,,False,0,0,0
MEEFWEAXJLBAKY,0,,False,0,0,0
FBQXFNAUEZWOIJ,0,,False,0,0,0
NWVVVBRKAWDGAB,1,CHEMBL544,True,118,0,0
IYAUESUIHMJWPO,0,,False,0,0,0
MELNJTLUIHVCHX,0,,False,0,0,0
AAMBACLLPDEOOG,0,,False,0,0,0
PAEODPXIMRWAHT,0,,False,0,0,0
KECDUJWBWIDGET,0,,False,0,0,0
QYEQHVNOKQUFFM,0,,False,0,0,0
IOLVAUYSSNEWQQ,0,,False,0,0,0
KFFPAFVZOFUQBW,0,,False,0,0,0
QGTSRBBNWUHCET,0,,False,0,0,0
TXFNJLOAXFOJGK,0,,False,0,0,0
UDZUURJEZGTJDP,0,,False,0,0,0
YRNXEZHGFXYCNB,0,,False,0,0,0
OJATZMBTUPIRBJ,0,,False,0,0,0
WYXVNCHVXOXVRH,0,,False,0,0,0
ROBVIMPUHSLWNV,3,CHEMBL1394757|CHEMBL2051951|CHEMBL488,True,1005,36,34
KEFJLCGVTHRGAH,1,CHEMBL455506,True,1,0,0
PQCDGQHNORPNBR,0,,False,0,0,0
OJYLAHXKWMRDGS,1,CHEMBL25894,True,49,0,0
IITQJMYAYSNIMI,1,CHEMBL3139347,True,0,0,0
FWXAUIPYMWHMSA,0,,False,0,0,0
RDYMFSUJUZBWLH,5,CHEMBL1890408|CHEMBL194399|CHEMBL2272379|CHEMBL3561972|CHEMBL414539,True,153,12,5
SFHDMWNIGFLBIG,0,,False,0,0,0
GAOZTHIDHYLHMS,9,CHEMBL1398668|CHEMBL1564732|CHEMBL1616455|CHEMBL256105|CHEMBL4473646|CHEMBL4788880|CHEMBL504249|CHEMBL531990|CHEMBL6142946,True,164,12,0
IMWMUIJDODQYOR,0,,False,0,0,0
KHCHUBDYIXGFBM,0,,False,0,0,0
DYAOGZLLMZQVHY,0,,False,0,0,0
GBDFQXODQSBGLU,0,,False,0,0,0
WNQFVERFIHFVJG,0,,False,0,0,0
TZQQHOKYVDPYGQ,0,,False,0,0,0
AFUVERHXBGWDBX,0,,False,0,0,0
OOKCZXGEYPSNIM,0,,False,0,0,0
DWFZBUWUXWZWKD,1,CHEMBL225963,False,2034,11,7
DTHIOPUFUOMHAY,0,,False,0,0,0
PWDOJWCZWKWKSE,2,CHEMBL390497|CHEMBL4445039,True,6,0,0
SFRUDMZKQYLSRE,0,,False,0,0,0
ZJDMTWUYUXJUEE,0,,False,0,0,0
ZVSOXQQHXUXRSE,0,,False,0,0,0
BNDRWEVUODOUDW,0,,False,0,0,0
ZGHFDIIVVIFNPS,0,,False,0,0,0
XAKBEOUVVTWXNF,0,,False,0,0,0
DIFWJJFSELKWGA,1,CHEMBL518475,True,10,1,0
KPVDUPJJVFCMPP,0,,False,0,0,0
LEXVMOJLXLEPJE,0,,False,0,0,0
HXDOZKJGKXYMEW,1,CHEMBL108475,True,31,0,0
ATAWCABZIRDUSP,0,,False,0,0,0
OQOPZEAKKYUGKK,0,,False,0,0,0
QWORXIWKIODBJN,0,,False,0,0,0
QMPHZIPNNJOWQI,0,,False,0,0,0
PWDAKBACEAGRSH,1,CHEMBL1277323,True,2,2,1
NBAVJXUTIGWFOQ,0,,False,0,0,0
MIOWCLFTUUSRGK,0,,False,0,0,0
YPYZNPYPMMYZSR,0,,False,0,0,0
VYQSNYSJFCGYHK,0,,False,0,0,0
OTROKOXHZSGHEN,0,,False,0,0,0
LQYIDOFTTFCXEO,0,,False,0,0,0
KDKRHPHEWUSWKM,0,,False,0,0,0
UPWGQKDVAURUGE,1,CHEMBL3182200,True,6,0,0
DCKVNWZUADLDEH,0,,False,0,0,0
XZRJEYQBLXDNNU,1,CHEMBL1643085,True,3,0,0
ZJAYYILGFJOGCD,0,,False,0,0,0
WKKBRRFSRMDTJB,4,CHEMBL327771|CHEMBL497243|CHEMBL518137|CHEMBL5413867,True,16,2,1
VVQRGNLNINKWNE,0,,False,0,0,0
SATHPVQTSSUFFW,0,,False,0,0,0
FHVFUSPXGKLDPN,0,,False,0,0,0
TYPSVDGIQAOBAD,1,CHEMBL486189,True,11,2,2
VGONRPRFJVEJKB,0,,False,0,0,0
YLUSVJDFTAATNS,0,,False,0,0,0
LYUPJHVGLFETDG,0,,False,0,0,0
NQSMEZJWJJVYOI,1,CHEMBL3629239,False,1,0,0
DUHPAWBYUJBSES,0,,False,0,0,0
ZRHVOKYSOWTPIG,0,,False,0,0,0
XMJMHNQSUSHPCD,0,,False,0,0,0
KWWOQRSLYPHAMK,0,,False,0,0,0
WUQJQATXUALTBZ,0,,False,0,0,0
GYLVPQXQQPMCKK,0,,False,0,0,0
JBKVHLHDHHXQEQ,1,CHEMBL276218,True,13,0,0
HKQZUYOVMYOFIT,8,CHEMBL1242438|CHEMBL1872961|CHEMBL2112847|CHEMBL2373643|CHEMBL2373649|CHEMBL2373652|CHEMBL2374077|CHEMBL4744664,True,42,2,1
SBVZTBIAKFTNIJ,0,,False,0,0,0
PYBFXJMIKJNNAJ,0,,False,0,0,0
JNSUZRHLHDQGPN,0,,False,0,0,0
INUWAALKYXUUGF,0,,False,0,0,0
QWESARHWOBOBSB,0,,False,0,0,0
SFZMBIUQXSUOOR,0,,False,0,0,0
CTGAANGBKOPLKU,0,,False,0,0,0
OZFFVVYPWRQGML,0,,False,0,0,0
SUPQDTPRPJKVSP,0,,False,0,0,0
NDHMBVUODHGBAF,0,,False,0,0,0
HAIWUXASLYEWLM,4,CHEMBL134846|CHEMBL2068676|CHEMBL2303667|CHEMBL2303800,True,8,0,0
CNPVJWYWYZMPDS,0,,False,0,0,0
ZGDHFHMCRRTRAW,0,,False,0,0,0
GRSPARSXNHKGDG,0,,False,0,0,0
NETOHYFTCONTDT,0,,False,0,0,0
WFTCKFPYAPNNAQ,0,,False,0,0,0
RYAHJFGVOCZDEI,1,CHEMBL4173720,True,6,0,0
VKNUORWMCINMRB,1,CHEMBL3305989,True,0,0,0
CJFLBOQMPJCWLR,1,CHEMBL3184158,False,0,0,0
KEKXEGYQJNXSCS,0,,False,0,0,0
XTWJWXHFBKKOAO,0,,False,0,0,0
JKGLILLLSMITKV,0,,False,0,0,0
UCTWMZQNUQWSLP,4,CHEMBL1740|CHEMBL227634|CHEMBL42280|CHEMBL679,True,3570,67,43
JMIAPORGEDIDLT,0,,False,0,0,0
HDURLXYBKGWETC,0,,False,0,0,0
GSFBRCUXDDCNKV,0,,False,0,0,0
XJXMPIWHBIOJSH,0,,False,0,0,0
KSXCVPLBQGWZKZ,0,,False,0,0,0
JRHJXXLCNATYLS,0,,False,0,0,0
FKLMNNOQJLBVNT,0,,False,0,0,0
GBKGJMYPQZODMI,2,CHEMBL105424|CHEMBL3185513,True,1,0,0
LMEHVEUFNRJAAV,1,CHEMBL2112172,True,2,0,0
CUFAXDWQDQQKFF,2,CHEMBL4078418|CHEMBL462721,True,89,22,13
BTOYCPDACQXQRS,2,CHEMBL1372335|CHEMBL3218373,True,7,0,0
JEHJDPDOXSTNSC,0,,False,0,0,0
CFWBDIIKUDFYDS,0,,False,0,0,0
TYEYAUURGXCDJR,0,,False,0,0,0
SJRXVLUZMMDCNG,2,CHEMBL1337379|CHEMBL402915,True,14,0,0
ATRBFJXIWFCIMW,0,,False,0,0,0
XUWSHXDEJOOIND,2,CHEMBL430183|CHEMBL464889,True,37,0,0
DAPZDAPTZFJZTO,0,,False,0,0,0
FDCJDKXCCYFOCV,0,,False,0,0,0
PFCHFHIRKBAQGU,1,CHEMBL3184187,True,0,0,0
SYHDLDVMXBLLET,0,,False,0,0,0
PFHZIWAVXDSFTB,1,CHEMBL2165253,True,2,1,1
JGPCLGHKWGCWNO,1,CHEMBL5204515,True,20,0,0
NFACJZMKEDPNKN,2,CHEMBL1592558|CHEMBL167150,True,115,0,0
CZYPGTRKJFYXLT,1,CHEMBL3326713,True,6,0,0
CRQUFLXTZHLVMX,0,,False,0,0,0
UIXJVDGAGQPTFR,1,CHEMBL1983444,True,34,0,0
VNHVNFCIDMAHID,1,CHEMBL448883,True,4,0,0
AKENCGNASJPQNR,0,,False,0,0,0
RROKRDUARFDCDH,1,CHEMBL453479,True,6,1,0
MQEPWBMWFIVRPS,7,CHEMBL2071309|CHEMBL4743175|CHEMBL4756483|CHEMBL4758503|CHEMBL4760085|CHEMBL4781365|CHEMBL4783621,True,29,10,2
RWCMVIFEYADGMO,0,,False,0,0,0
OZZQHCBFUVFZGT,0,,False,0,0,0
XNZIMRUZBOZIBC,2,CHEMBL295602|CHEMBL3736296,True,98,24,0
GDNIGMNXEKGFIP,1,CHEMBL1275834,True,6,2,1
YNNRPBRNWWIQPQ,0,,False,0,0,0
VYUNCIDAMBNEFU,0,,False,0,0,0
DBMXKPOCXQNWOQ,1,CHEMBL5282324,True,1,1,0
KMXSXYSNZMSDFK,1,CHEMBL2004275,True,55,0,0
PUTZZJOMRXPKCK,0,,False,0,0,0
VDFOBRVDTUCTEQ,0,,False,0,0,0
KOJYENXGDXRGDK,0,,False,0,0,0
MZNIJRAPCCELQX,6,CHEMBL1765881|CHEMBL1765882|CHEMBL2048503|CHEMBL2349427|CHEMBL416955|CHEMBL596924,True,47,7,3
ZXYSCJISDAKHPX,1,CHEMBL462240,True,10,0,0
ZKHQSQYLKSSYIP,0,,False,0,0,0
ITDYPNOEEHONAH,3,CHEMBL1651274|CHEMBL465620|CHEMBL485460,True,22,3,3
RGMZNZABJYWAEC,0,,False,0,0,0
ARCIBVHECBKSNA,0,,False,0,0,0
MMKMIFKDPPAMLJ,0,,False,0,0,0
WKBMWJOYQPFPPO,0,,False,0,0,0
ZVKXPPXCNUMUOR,0,,False,0,0,0
PGYAYSRVSAJXTE,0,,False,0,0,0
XYEOALKITRFCJJ,1,CHEMBL443652,False,10,1,1
RHJPBGWFGOAEID,1,CHEMBL1256416,True,18,8,8
SDNYRTVJOFMYIW,0,,False,0,0,0
YWBLIYFXWVRDAA,0,,False,0,0,0
LJFQTUKKYWDRAT,0,,False,0,0,0
YMZDIWAIBSREPU,0,,False,0,0,0
XRRYDWRJMQPPTF,0,,False,0,0,0
FGKJLKRYENPLQH,1,CHEMBL1230308,True,0,0,0
PYUGATAPBPHGFK,0,,False,0,0,0
LWBHKKLWSUFUNZ,1,CHEMBL2234487,True,8,0,0
IGVPBCZDHMIOJH,0,,False,0,0,0
AFAKVBWGAFOEQH,0,,False,0,0,0
SDIFXLXMBCOWOQ,0,,False,0,0,0
FQPAPVYQTHMASX,0,,False,0,0,0
YNIHBKSVEOAHJB,0,,False,0,0,0
AMRQXHFXNZFDCH,1,CHEMBL3185037,True,0,0,0
OJLOPKGSLYJEMD,4,CHEMBL3249739|CHEMBL3249741|CHEMBL4064157|CHEMBL606,True,198,2,0
HFFREILXLCWCQH,0,,False,0,0,0
SVUQABVHSHQZHD,0,,False,0,0,0
ZVOLCUVKHLEPEV,1,CHEMBL413552,True,40,13,10
NKFZLEYLWAFYEH,2,CHEMBL2152044|CHEMBL455758,True,16,0,0
GNONHFYAESLOCB,0,,False,0,0,0
XETHJOZXBVWLLM,4,CHEMBL204813|CHEMBL4643758|CHEMBL525084|CHEMBL5269476,True,65,17,9
WIOBOUWMWWLZKG,0,,False,0,0,0
IRZZAYRPVZPEKL,0,,False,0,0,0
MPUUQNGXJSEWTF,0,,False,0,0,0
YXAGJAFSQKHJEB,1,CHEMBL3315243,True,5,0,0
AHLDCEZSQNGEFT,0,,False,0,0,0
VQYBAEAOOJBSTR,1,CHEMBL3590537,True,7,0,0
ICFXJOAKQGDRCT,1,CHEMBL254780,True,21,1,0
YUGNYXKLALBWEW,0,,False,0,0,0
KSBXOLYWCDMCRR,0,,False,0,0,0
RXYJIBGYGXRRTJ,0,,False,0,0,0
BYYDEEAJCDGLER,1,CHEMBL2087913,True,7,1,0
IUVFLMAKSXSTQK,0,,False,0,0,0
DDUQRIJWGZUQMW,0,,False,0,0,0
RZRBXGPSHVAUQO,0,,False,0,0,0
QWHBSYPTDQUVDY,0,,False,0,0,0
QCIYAEYRVFUFAP,0,,False,0,0,0
MPSSVYBWYAOYHH,0,,False,0,0,0
OWHSTLLOZWTNTQ,1,CHEMBL1869371,False,1,0,0
FOFZXESJJBECJJ,0,,False,0,0,0
HRPVXLWXLXDGHG,1,CHEMBL348107,True,17,1,1
LJXQODMODGLCFV,0,,False,0,0,0
WYJRXGALGVIRCQ,0,,False,0,0,0
NOWQRWPUNHMSAF,0,,False,0,0,0
QIJSMAZWDBRXOQ,0,,False,0,0,0
MVCZYIINCNBXDB,0,,False,0,0,0
YZLMIVGAAHMMQN,0,,False,0,0,0
VGGSQFUCUMXWEO,1,CHEMBL117822,True,6,0,0
VOLGAXAGEUPBDM,0,,False,0,0,0
SOUKTGNMIRUIQN,0,,False,0,0,0
DUYAAUVXQSMXQP,0,,False,0,0,0
AWMXPBUJOVHPKE,0,,False,0,0,0
GCYUDDVCAGNKCZ,0,,False,0,0,0
NLEWYDKBCGSSNV,0,,False,0,0,0
OPCAYVVIAWSNMJ,0,,False,0,0,0
CMRNMZJAUFXOQF,0,,False,0,0,0
SRBATDDRZARFDZ,1,CHEMBL1221840,False,2,0,0
GDRONPBCNLMFBT,0,,False,0,0,0
GPNFTJMLPUJTAA,0,,False,0,0,0
ABMDIECEEGFXNC,0,,False,0,0,0
IQBMWEYFKNVACH,1,CHEMBL1413586,True,19,0,0
KQJVBEYMSUXDQG,0,,False,0,0,0
SLCZCEDSJXGESV,0,,False,0,0,0
OMVSWZDEEGIJJI,1,CHEMBL3183335,True,2,0,0
CKEXCBVNKRHAMX,2,CHEMBL2164944|CHEMBL462909,True,14,0,0
ITVMHPMCNRGCIY,0,,False,0,0,0
JRBNWBMJWSMIDB,0,,False,0,0,0
BWDBEAQIHAEVLV,0,,False,0,0,0
IWNCBADONFSAAW,1,CHEMBL4457094,True,1,1,0
NLYNIRQVMRLPIQ,12,CHEMBL146937|CHEMBL206947|CHEMBL301267|CHEMBL3037862|CHEMBL3349404|CHEMBL341453|CHEMBL345679|CHEMBL3560584|CHEMBL410096|CHEMBL469416|CHEMBL4760302|CHEMBL6635,True,470,21,0
BJDCWCLMFKKGEE,12,CHEMBL2103734|CHEMBL307261|CHEMBL3349398|CHEMBL4568390|CHEMBL470034|CHEMBL4740236|CHEMBL511326|CHEMBL5178921|CHEMBL5206150|CHEMBL5284664|CHEMBL600715|CHEMBL90591,True,1066,465,1
KFVUFODCZDRVSS,4,CHEMBL1590966|CHEMBL4069512|CHEMBL462653|CHEMBL4790768,True,108,8,5
KBMSVODXFLAQNJ,1,CHEMBL1079723,True,1,0,0
GTEXBOVBADJOQH,2,CHEMBL1883024|CHEMBL579224,True,53,0,0
ALHUZKCOMYUFRB,1,CHEMBL3731037,True,1,0,0
ANISOHQJBAQUQP,0,,False,0,0,0
OISFHODBOQNZAG,0,,False,0,0,0
IMKJGXCIJJXALX,3,CHEMBL1437047|CHEMBL304461|CHEMBL3348941,True,39,1,0
UTSVPXMQSFGQTM,2,CHEMBL1532401|CHEMBL524291,True,76,6,0
DVGGLGXQSFURLP,2,CHEMBL266564|CHEMBL499705,True,145,10,5
YGESMQWDYGHJFP,0,,False,0,0,0
FZKBNCDAGYDHTP,1,CHEMBL5279101,True,1,1,1
DNDOZBDUEDTZGE,0,,False,0,0,0
QDRJCWZGTMRXCL,0,,False,0,0,0
ZICRWXFGZCVTBZ,1,CHEMBL502178,True,5,0,0
WXNNHDWPODMHIV,0,,False,0,0,0
NKZVXBLXJXFAAZ,0,,False,0,0,0
KITUBOBTRYFYBY,0,,False,0,0,0
BEKKBGJECYLADF,0,,False,0,0,0
DFUZNDJMFAJHKC,1,CHEMBL3247963,False,1,0,0
QJGHPSMBMKFFEE,0,,False,0,0,0
ZAWLLCGKYOTVIL,0,,False,0,0,0
BWQSLRZZOVFVHJ,0,,False,0,0,0
GVCKROLSPQFVTE,0,,False,0,0,0
IHRPKOQVBCPMQH,0,,False,0,0,0
XFNJVJPLKCPIBV,1,CHEMBL174324,True,17,0,0
VMWPBZLUNCMQTJ,0,,False,0,0,0
ZPHKHTAJPZOPHM,0,,False,0,0,0
ZPUCQOXKFCVYGL,0,,False,0,0,0
FPGPRAKRYDSZAW,1,CHEMBL1871247,True,5,0,0
INDVLXYUCBVVKW,1,CHEMBL477971,True,10,0,0
ZHQTTWZEASKUEZ,0,,False,0,0,0
XKJROQIFLGXWEY,0,,False,0,0,0
QRFQYTMJHJMQOP,0,,False,0,0,0
UHQZGHLWHFIZHF,0,,False,0,0,0
HHNWXQCVWVVVQZ,0,,False,0,0,0
XGLOPSNBSMBXSE,0,,False,0,0,0
PGMBNUMLNAJSJR,0,,False,0,0,0
NKRBWIXXEQOWRY,0,,False,0,0,0
YBQOTTAEVBHNEJ,0,,False,0,0,0
QJKMIJNRNRLQSS,1,CHEMBL141530,True,105,8,3
INCCMBMMWVKEGJ,0,,False,0,0,0
ZNEMYFCJOCCUJN,2,CHEMBL1964449|CHEMBL526357,True,57,0,0
RFHVSCGCTYDDEL,0,,False,0,0,0
AORFDVNAPHMKAU,0,,False,0,0,0
JOPJYQKWCBEYGN,0,,False,0,0,0
HRSGCYGUWHGOPY,1,CHEMBL2269162,True,8,0,0
LMFKRLGHEKVMNT,3,CHEMBL1474445|CHEMBL1978598|CHEMBL2165593,True,86,0,0
XVPBINOPNYFXID,3,CHEMBL2373552|CHEMBL4303373|CHEMBL458337,True,80,0,0
VHUJBYYFFWDLNM,0,,False,0,0,0
DNAWGBOKUFFVMB,3,CHEMBL352202|CHEMBL512655|CHEMBL516869,True,191,0,0
XHALVRQBZGZHFE,2,CHEMBL1765650|CHEMBL241405,True,45,11,6
CWZLMWSCLBFCBY,2,CHEMBL255035|CHEMBL501251,True,33,0,0
BDXAHSJUDUZLDU,0,,False,0,0,0
ZKHOYAKAFALNQD,0,,False,0,0,0
LKOVPWSSZFDYPG,1,CHEMBL4292703,True,5,3,3
WOPKHAQDUMDJIY,0,,False,0,0,0
NQWNEWFDQVQZAT,0,,False,0,0,0
XMJAZPFSQQKHEG,0,,False,0,0,0
DRVWTOSBCBKXOR,0,,False,0,0,0
BZYGCNOHXFJSTG,0,,False,0,0,0
KUYONALXCVNWJX,0,,False,0,0,0
VORKGRIRMPBCCZ,0,,False,0,0,0
YFQPDKABPCMKCA,0,,False,0,0,0
UDSQVSBJCXBSHG,0,,False,0,0,0
UDWDAZNTHNTGPK,0,,False,0,0,0
UINYQQRHRKSVIK,0,,False,0,0,0
QMGOXEWNQKNUQO,0,,False,0,0,0
VWLLPPSBBHDXHK,0,,False,0,0,0
HIYIOWIWNUWNKQ,0,,False,0,0,0
PYCHXHVFOZBVEY,0,,False,0,0,0
OQMDTUOCAXZDFT,0,,False,0,0,0
KZJLVDJODJVDLQ,0,,False,0,0,0
YSKPQHIZCUHKCJ,0,,False,0,0,0
ZNWRUFKGBSZSDC,0,,False,0,0,0
JZTLFYKYBAAFSQ,0,,False,0,0,0
SKIDNYUZJPMKFC,0,,False,0,0,0
GIVUYWNAZSOMJO,0,,False,0,0,0
JKIJEFPNVSHHEI,0,,False,0,0,0
KDBZVULQVCUNNA,1,CHEMBL1795399,True,2,0,0
TUPZGFXSKNLCOF,0,,False,0,0,0
DIBOSYWBDWWWDM,0,,False,0,0,0
XWCKCHRCDXCUHK,0,,False,0,0,0
VLJLXEKIAALSJE,0,,False,0,0,0
WQULVXNWEYLDJY,0,,False,0,0,0
SYRSHYBWNZNHHW,0,,False,0,0,0
USQGZNXXBDCNQF,0,,False,0,0,0
QMMUPEDRUCMYIY,0,,False,0,0,0
MPUAHKMJGSMMIL,1,CHEMBL4846249,True,2,0,0
VYAKIUWQLHRZGK,1,CHEMBL464107,True,8,2,1
FHHSEFRSDKWJKJ,1,CHEMBL172350,True,172,14,7
RTHZSGZAVUIROF,0,,False,0,0,0
KFUMHIDDQQILEL,0,,False,0,0,0
TUIJPUWSXVFWSH,0,,False,0,0,0
ZZAJQOPSWWVMBI,1,CHEMBL241608,True,65,9,1
RLENKWQMUNAYFI,0,,False,0,0,0
KUCVMQMKRICXJC,0,,False,0,0,0
XZUBZVMZVWFBNE,0,,False,0,0,0
SMUUTIXQVTUCJD,0,,False,0,0,0
PJAUEKWZQWLQSU,0,,False,0,0,0
JZHGXZBWVCUGTF,0,,False,0,0,0
XZTRGHMNLXAJPZ,0,,False,0,0,0
LPOQROCPKZWCGK,0,,False,0,0,0
KRTDLKMYYZULBZ,0,,False,0,0,0
OXJKSVCEIOYZQL,1,CHEMBL497046,True,4,1,0
KPKDFSLIRPVPJF,0,,False,0,0,0
MBSKDCPWFSMEFD,0,,False,0,0,0
ZLQYEKDHCDLAGO,0,,False,0,0,0
OTUCXMIQUNROBJ,2,CHEMBL1774171|CHEMBL592361,True,14,1,0
ZFGBNYDDAJMWAZ,0,,False,0,0,0
RSSYYEQEOXSTLN,0,,False,0,0,0
DHFITKQFTDCZNM,0,,False,0,0,0
NUVZHUHADLUEJS,0,,False,0,0,0
LSKONYYRONEBKA,1,CHEMBL2228472,True,5,0,0
FMEHGPQTMOPUGM,1,CHEMBL511363,True,5,1,0
GVLMRDDSMVCWKB,1,CHEMBL18351,True,155,25,0
QCOSAYZZNVASNN,1,CHEMBL504325,True,52,1,1
ADNCDMHZHONBRR,1,CHEMBL521934,True,73,2,1
PERWTZDXPBWCHU,0,,False,0,0,0
XVPZRKIQCKKYNE,1,CHEMBL448122,True,8,0,0
ATBZZQPALSPNMF,1,CHEMBL349609,True,28,14,3
AVHGSHJBWASVAK,0,,False,0,0,0
ZTVWLBMIFFSWBQ,0,,False,0,0,0
QZQGLRFURVFIFL,1,CHEMBL226175,True,11,0,0
WIONIXOBNMDJFJ,1,CHEMBL22533,True,149,1,0
ABLZJMDXNZTQKT,0,,False,0,0,0
SIUSRUNIJUFYPR,1,CHEMBL1088189,True,10,1,0
WCKFRKXQABCDRE,1,CHEMBL2036045,True,7,1,0
VSFAXCAPDWNRJI,0,,False,0,0,0
GQGQTPKMCGBOKG,1,CHEMBL2260669,True,1,0,0
SDPOFOYJCOPMMV,1,CHEMBL491782,True,3,0,0
NITWSHWHQAQBAW,1,CHEMBL146816,True,68,8,7
QCPVEYRGEWSJPF,0,,False,0,0,0
GLVVKKSPKXTQRB,0,,False,0,0,0
MRHRLPQBVGIOOL,0,,False,0,0,0
OIVTVPOJCWXSIC,0,,False,0,0,0
UOYDHCVOIGSHCY,0,,False,0,0,0
AGIQIOSHSMJYJP,1,CHEMBL1668605,True,11,6,6
LLIFEWZQIYEVKX,0,,False,0,0,0
IGLDJTYPTSDFND,1,CHEMBL89092,False,6,1,0
IYDNQWWOZQLMRH,0,,False,0,0,0
VUGRNZHKYVHZSN,1,CHEMBL3182633,False,0,0,0
PRPINYUDVPFIRX,1,CHEMBL428495,True,21,1,1
LQGJLZVVRFSUBM,0,,False,0,0,0
ICJVQAHPHKYCNU,0,,False,0,0,0
ALOKATFWZISWCK,0,,False,0,0,0
MWSVYTXIAIUBMP,0,,False,0,0,0
XUWHAWMETYGRKB,1,CHEMBL12193,True,74,2,2
HREHOXSRYOZKNT,0,,False,0,0,0
MGFDPQVHUPBIHI,0,,False,0,0,0
FRQQKWGDKVGLFI,0,,False,0,0,0
DUZKSGROYAVIQK,0,,False,0,0,0
DPOVAJCRYIUTBD,2,CHEMBL1080|CHEMBL325328,True,40,4,1
JRRUSQGIRBEMRN,2,CHEMBL1081|CHEMBL1707904,True,99,4,1
PKYOHQGXPPVIGD,2,CHEMBL277998|CHEMBL320802,True,113,4,2
MFUWCHVZZMRQBB,0,,False,0,0,0
PXMUSCHKJYFZFD,0,,False,0,0,0
TUUBOHWZSQXCSW,1,CHEMBL2146904,True,2,0,0
LFFNFISDKKTXTI,0,,False,0,0,0
XCBOVFFZLIBFBZ,0,,False,0,0,0
OKVJCVWFVRATSG,1,CHEMBL3337531,True,2,1,0
MGCGJBXTNWUHQE,1,CHEMBL1887130,True,6,0,0
JKAJWKJEMDNKAH,0,,False,0,0,0
LIIUNCOQNQQGFQ,0,,False,0,0,0
UPRFVWKDYGUSGA,0,,False,0,0,0
NWBJYWHLCVSVIJ,1,CHEMBL228862,True,61,3,2
CFTOTSJVQRFXOF,1,CHEMBL269236,True,58,12,7
CGFITOCWTCRCSL,0,,False,0,0,0
HWWKORYFZUHZKW,0,,False,0,0,0
AAUQLHHARJUJEH,1,CHEMBL3093473,True,2,0,0
YRJIMTHQIPOSJR,1,CHEMBL2252248,True,1,0,0
PAPSQZAQCBGYCJ,0,,False,0,0,0
PBAYDYUZOSNJGU,0,,False,0,0,0
QZKOOEFIMWKZPK,1,CHEMBL99951,True,40,18,10
PRGILOMAMBLWNG,2,CHEMBL142588|CHEMBL323668,True,138,4,1
IAKHMKGGTNLKSZ,3,CHEMBL107|CHEMBL330320|CHEMBL87,True,5616,1270,15
DCYAJVOKJAFSES,1,CHEMBL282984,True,28,5,1
DIZYHORWVKHYCQ,1,CHEMBL403237,True,2,1,0
MOHSIYYBSXQRJW,0,,False,0,0,0
LWKWNIYBQLKBMQ,1,CHEMBL4159021,True,3,0,0
ZKGRELFDBYFQAZ,0,,False,0,0,0
HWRWHJDHEFFWFB,0,,False,0,0,0
XVHMNLIDWWNNHG,0,,False,0,0,0
RFHAOTPXVQNOHP,2,CHEMBL106|CHEMBL1163001,False,10100,92,21
SXHVHWXETMBKPP,1,CHEMBL295191,True,4,0,0
HCBOYQSYWSEVID,0,,False,0,0,0
HDSXDWASQCHADG,1,CHEMBL85710,True,17,0,0
IQWYYPSAYLKEME,0,,False,0,0,0
JTEDVYBZBROSJT,1,CHEMBL582878,True,36,7,6
XUJLWPFSUCHPQL,0,,False,0,0,0
HNAPWDKFUSLFFE,0,,False,0,0,0
ANYYRKZSAPSRCB,0,,False,0,0,0
LCMOHFZGRVNOPO,0,,False,0,0,0
QANMHLXAZMSUEX,1,CHEMBL228792,True,101,2,1
GNQAUWHQMMKDFX,0,,False,0,0,0
WOJBAMBWWYIQHQ,0,,False,0,0,0
IRVWPZRYDQROLU,3,CHEMBL1412112|CHEMBL3729937|CHEMBL517186,True,40,2,0
HFPMXDMZJUJZBX,2,CHEMBL1063|CHEMBL1178292,True,20,9,1
NDKXARFZWSQXGE,1,CHEMBL88003,True,8,0,0
WVDFZHJTHUAKMH,0,,False,0,0,0
NSEWTSAADLNHNH,3,CHEMBL286933|CHEMBL450916|CHEMBL81646,True,102,12,3
GMISZFQPFDAPGI,3,CHEMBL451115|CHEMBL502984|CHEMBL506487,True,70,7,0
LGICWIVABSMSDK,0,,False,0,0,0
YNCMLFHHXWETLD,1,CHEMBL2289232,True,45,0,0
SZJNCZMRZAUNQT,4,CHEMBL460331|CHEMBL460767|CHEMBL463718|CHEMBL508326,True,52,1,0
CQRYARSYNCAZFO,1,CHEMBL280802,True,36,0,0
YEXBCAFMSRLMNO,0,,False,0,0,0
PBEDWPIWZYHNPL,0,,False,0,0,0
DZLNHFMRPBPULJ,2,CHEMBL1235440|CHEMBL358722,True,27,0,0
LSQZJLSUYDQPKJ,3,CHEMBL1082|CHEMBL1367635|CHEMBL1433952,True,4159,3,0
UXAFRQPVHYZDED,4,CHEMBL1159477|CHEMBL1994730|CHEMBL5565245|CHEMBL89122,True,123,0,0
AVSXSVCZWQODGV,1,CHEMBL455876,True,27,2,2
CEAZRRDELHUEMR,4,CHEMBL195892|CHEMBL329592|CHEMBL463809|CHEMBL488079,True,93,0,0
LCPYQJIKPJDLLB,5,CHEMBL1221715|CHEMBL1222324|CHEMBL292134|CHEMBL293480|CHEMBL54933,True,18,1,1
LNMQRPPRQDGUDR,1,CHEMBL3561313,False,0,0,0
LFGWNTJEIDEJGJ,0,,False,0,0,0
CMEGANPVAXDBPL,3,CHEMBL18981|CHEMBL262394|CHEMBL273938,True,217,63,4
BMJHAAZDURGGSC,2,CHEMBL551313|CHEMBL559294,True,65,7,7
ZLHNYIHIHQEHJQ,1,CHEMBL3091852,True,3,0,0
JSZOAYXJRCEYSX,1,CHEMBL1449933,False,2,0,0
BQMJRGMPYWXDPC,0,,False,0,0,0
LWJBQKKNODYJEI,0,,False,0,0,0
KMAKOBLIOCQGJP,1,CHEMBL387527,True,20,0,0
RAGZUCNPTLULOL,1,CHEMBL3526659,True,9,0,0
DXWGBJJLEDQBKS,0,,False,0,0,0
DRAPQDCEBKBPQE,2,CHEMBL3358861|CHEMBL517863,True,5,1,0
HSUDZAXSWFTVAR,0,,False,0,0,0
OFLXLNCGODUUOT,1,CHEMBL3091859,True,6,0,0
RFFYIBOJHUSIGD,0,,False,0,0,0
UZYZCCWBBBCDAD,0,,False,0,0,0
UXSACQOOWZMGSE,1,CHEMBL2332354,True,10,1,1
PHHROXLDZHUIGO,1,CHEMBL550227,True,5,3,0
RMRJXGBAOAMLHD,5,CHEMBL1907075|CHEMBL3580442|CHEMBL452845|CHEMBL4758814|CHEMBL511142,True,340,68,58
YRXIDKUVBPMNRA,1,CHEMBL2375641,True,6,4,0
AMOGMTLMADGEOQ,8,CHEMBL1299408|CHEMBL1596335|CHEMBL1868593|CHEMBL2112173|CHEMBL3349895|CHEMBL375821|CHEMBL4762299|CHEMBL4765159,True,21,4,2
KVRQGMOSZKPBNS,3,CHEMBL1525311|CHEMBL464888|CHEMBL516702,True,125,1,0
CPIVYSAVIPTCCX,0,,False,0,0,0
FGLBSLMDCBOPQK,1,CHEMBL261886,True,5,0,0
GMQXOLRKJQWPNB,1,CHEMBL1086877,True,8,0,0
SMEROWZSTRWXGI,13,CHEMBL1315173|CHEMBL1449436|CHEMBL1478|CHEMBL1513128|CHEMBL1741749|CHEMBL270067|CHEMBL3137668|CHEMBL3138225|CHEMBL3138353|CHEMBL3348901|CHEMBL349105|CHEMBL4303600|CHEMBL4794162,True,588,52,37
ZJTJUVIJVLLGSP,1,CHEMBL1234101,True,13,2,0
YTZSBJLNMIQROD,3,CHEMBL1209803|CHEMBL2136065|CHEMBL2152455,True,14,2,2
MGJLSBDCWOSMHL,1,CHEMBL465980,True,75,3,1
CUSXWWXXAPEFHY,0,,False,0,0,0
GHCZYXUOYFOXIP,1,CHEMBL393136,True,249,3,0
CMJGAYUQSLJSCR,2,CHEMBL395263|CHEMBL459851,True,38,3,2
XVCVDNKCUNGTRP,0,,False,0,0,0
JXRNMQDTJAQLAQ,0,,False,0,0,0
LEQCJROTXBYLEU,0,,False,0,0,0
NDQXKKFRNOPRDW,0,,False,0,0,0
AZUXKVXMJOIAOF,1,CHEMBL3182176,False,0,0,0
JNEDIXTZHKYKQT,0,,False,0,0,0
IFVMAGPISVKRAR,0,,False,0,0,0
GFAZHVHNLUBROE,0,,False,0,0,0
KRIOVPPHQSLHCZ,1,CHEMBL193446,True,3,0,0
AMTITFMUKRZZEE,1,CHEMBL3185124,True,0,0,0
KNHJIEOCVVIBIV,0,,False,0,0,0
GPTIBPWMOQAWOT,0,,False,0,0,0
STWQWFMLBVYZTH,0,,False,0,0,0
JLGLQAWTXXGVEM,1,CHEMBL1794613,True,4,0,0
MWOMNLDJNQWJMK,1,CHEMBL4207816,True,5,0,0
CTQDDUUWPXZOAF,0,,False,0,0,0
MZCUMMBTDLDIGZ,0,,False,0,0,0
AJRICDSAJQHDSD,0,,False,0,0,0
VMCIKMLQXFLKAX,0,,False,0,0,0
OARSBVJBXGMAEH,0,,False,0,0,0
LOXBLOUMQIQCNL,0,,False,0,0,0
GDCPUOYOLUEQOX,0,,False,0,0,0
JZAFZYMRELRTKL,5,CHEMBL224444|CHEMBL224977|CHEMBL225381|CHEMBL225382|CHEMBL225383,True,5,0,0
VVEBTVMJPTZDHO,0,,False,0,0,0
JTMWOTXEVWLTTO,0,,False,0,0,0
TUTWQVWAOIMZDH,0,,False,0,0,0
BVKZGUZCCUSVTD,1,CHEMBL1161632,True,91,2,2
DRAWQKGUORNASA,1,CHEMBL4126969,True,5,0,0
YKOPWPOFWMYZJZ,5,CHEMBL1395408|CHEMBL1559201|CHEMBL230128|CHEMBL4076297|CHEMBL464557,True,78,12,5
BUOLSBLQAQNNJC,1,CHEMBL2235397,True,27,0,0
QJRFOUJEGHRZIU,0,,False,0,0,0
IGMNYECMUMZDDF,0,,False,0,0,0
NBRCIHAGNJRRRI,1,CHEMBL2235398,True,9,0,0
HDXIQHTUNGFJIC,6,CHEMBL1994781|CHEMBL2036075|CHEMBL2036080|CHEMBL259202|CHEMBL395415|CHEMBL554848,True,148,13,0
LLEVMYXEJUDBTA,0,,False,0,0,0
PHYFQTYBJUILEZ,1,CHEMBL4297656,True,0,0,0
YNVJOQCPHWKWSO,2,CHEMBL4212131|CHEMBL480462,True,21,3,2
CCQPAEQGAVNNIA,1,CHEMBL1162546,False,8,0,0
PWXFMJFBWHESOZ,0,,False,0,0,0
HGUVPEBGCAVWID,1,CHEMBL4640510,True,1,0,0
MVOUGOXRXQDXDC,0,,False,0,0,0
XNFZJASXPNFCQW,1,CHEMBL3622761,True,4,0,0
JMUOPRSXUVOHFE,2,CHEMBL1987187|CHEMBL5272075,True,59,2,1
NPUYGQDEYLIOMG,0,,False,0,0,0
HSTUUCOYVIWGLJ,2,CHEMBL1973224|CHEMBL399907,True,61,0,0
OIOLZODVFMMERF,1,CHEMBL490212,True,1,0,0
QKWYAXPXOSXSLZ,0,,False,0,0,0
KSZPOXRGNREKQK,0,,False,0,0,0
XFHAKDIYTJGGSQ,0,,False,0,0,0
GOFXWTVKPWJNGD,3,CHEMBL3410449|CHEMBL3410450|CHEMBL4748591,True,59,9,2
FFGCRXVYUSRRQO,0,,False,0,0,0
ZOIJRPSLRHKPEH,0,,False,0,0,0
LYXYBSYXGARUEA,0,,False,0,0,0
BAMUYGBGEFSQLV,0,,False,0,0,0
MIXDKMVCTSNZFY,0,,False,0,0,0
QZJOQYUFDYRGIA,0,,False,0,0,0
QGBWWLVFYIIBJI,0,,False,0,0,0
ACTOXUHEUCPTEW,4,CHEMBL1255799|CHEMBL1483648|CHEMBL1741654|CHEMBL5491607,True,22,0,0
RGUXLGYXMLKTAQ,0,,False,0,0,0
XRAMJHXWXCMGJM,1,CHEMBL445197,True,8,0,0
AVQFHKYAVVQYQO,1,CHEMBL4289589,False,4,4,4
KBIISECRRPIFNU,0,,False,0,0,0
CEAZZAUOPQJDKW,0,,False,0,0,0
WRILCDHGYNWDFY,0,,False,0,0,0
FIQMHBFVRAXMOP,1,CHEMBL482091,True,2,0,0
CGSLYBDCEGBZCG,1,CHEMBL2105213,True,0,0,0
YAFOVCNAQTZDQB,0,,False,0,0,0
PXHSJMJQTOFLAS,0,,False,0,0,0
JEWCZPTVOYXPGG,0,,False,0,0,0
NZDCHCBNZKDKJD,0,,False,0,0,0
IGCLXUHNXACQQD,0,,False,0,0,0
YAGYBNOEVSEGSL,0,,False,0,0,0
BXXUKPMPFLZXRW,0,,False,0,0,0
XELZGAJCZANUQH,0,,False,0,0,0
BZXSGMYHHGCPEN,0,,False,0,0,0
CZDYPVPMEAXLPK,1,CHEMBL68073,False,2,2,2
ZITBJWXLODLDRH,3,CHEMBL1483370|CHEMBL3098864|CHEMBL453799,True,32,1,0
DIVCBWJKVSFZKJ,1,CHEMBL1789159,True,0,0,0
ZERSFCCIRKUIFX,0,,False,0,0,0
ROGKOUKGHMDPLN,0,,False,0,0,0
JIVZKJJQOZQXQB,1,CHEMBL770,True,124,7,1
FTPXXARYDFWPGE,0,,False,0,0,0
JFBUBHRVMZNJIN,0,,False,0,0,0
VHGGRTWHRJRQKU,1,CHEMBL3352944,False,2,0,0
ZGVGSONYUNQYKI,0,,False,0,0,0
AMCPULFLJZMXJI,0,,False,0,0,0
BPMFPOGUJAAYHL,1,CHEMBL259556,True,3,2,0
XMIIGOLPHOKFCH,1,CHEMBL851,True,38,1,1
UVHXZFGCCJLFMX,0,,False,0,0,0
PTOJXIKSKSASRB,1,CHEMBL1186075,True,0,0,0
WYQNVMYEKVWTBJ,0,,False,0,0,0
NQAVPKIJZCHUNS,0,,False,0,0,0
WNHXBLZBOWXNQO,0,,False,0,0,0
WEVPCLOHVKGGEZ,0,,False,0,0,0
CEAWIMABVSITMV,0,,False,0,0,0
RNPXCFINMKSQPQ,0,,False,0,0,0
FTKMUXYZAQIXAO,0,,False,0,0,0
FUNJPZFUOULIEZ,2,CHEMBL4296986|CHEMBL530555,True,14,1,1
GYTBWEWXRFODTH,0,,False,0,0,0
MERHMOCEIBOOMA,0,,False,0,0,0
GGSURCIXQQGITI,0,,False,0,0,0
QSGONIQEKLJPGV,0,,False,0,0,0
ZSTKHSQDNIGFLM,1,CHEMBL7257,True,124,61,48
DMULVCHRPCFFGV,1,CHEMBL12420,True,64,15,12
AXVZFRBSCNEKPQ,1,CHEMBL5169925,True,4,2,2
CBXPGLGVGDAYMC,0,,False,0,0,0
XQBJYAGJXKHDCL,0,,False,0,0,0
SMSAOBIPMBKJOU,0,,False,0,0,0
DSCFFEYYQKSRSV,5,CHEMBL171890|CHEMBL4303180|CHEMBL460057|CHEMBL493737|CHEMBL501109,True,29,1,0
RWQNBRDOKXIBIV,1,CHEMBL993,True,14,1,1
AUFUWRKPQLGTGF,2,CHEMBL2107381|CHEMBL304540,True,52,0,0
DNXKABMLNDEGAE,0,,False,0,0,0
VCCAAURNBULZRR,0,,False,0,0,0
OJOSVTQXBSSCMQ,1,CHEMBL402970,True,7,1,1
WHTVZRBIWZFKQO,4,CHEMBL2052012|CHEMBL250447|CHEMBL252715|CHEMBL76,True,5937,2270,35
NGQVFILFHVPLFE,1,CHEMBL465673,True,23,6,0
YHZDBBUEVZEOIY,1,CHEMBL4061325,True,14,0,0
XEEQGYMUWCZPDN,5,CHEMBL172|CHEMBL411329|CHEMBL411685|CHEMBL411686|CHEMBL416956,False,1471,364,18
BDQAVVLZKLFTIK,0,,False,0,0,0
OBIUGMGQVQMVSK,1,CHEMBL3311038,True,19,7,1
WEHZDNHJZBEGME,1,CHEMBL1779145,True,4,0,0
XTODSGVDHGMKSN,1,CHEMBL1814429,True,8,0,0
SMBCGBWABYMHIN,0,,False,0,0,0
LZDOHAQXBZGKIA,0,,False,0,0,0
KPSZGBRARBOMHQ,1,CHEMBL451210,True,7,0,0
PDTJZCUQXSFLDW,1,CHEMBL559980,True,16,4,4
KQMVAGISDHMXJJ,1,CHEMBL491174,True,45,3,2
KWVHACHAQJFTLZ,1,CHEMBL1077078,True,14,0,0
UXAJJVDCDOFKCY,1,CHEMBL458847,True,3,0,0
XRVFNNUXNVWYTI,2,CHEMBL252913|CHEMBL479145,True,57,4,0
KORNSMZEUZIMKC,0,,False,0,0,0
KIQQFVJHWNCGAU,1,CHEMBL156000,True,9,1,0
WACBUPFEGWUGPB,1,CHEMBL3289608,True,8,3,2
XCDMHEXDCIXKLK,0,,False,0,0,0
QVVPJFBYFYYVDM,2,CHEMBL1476155|CHEMBL3039294,True,6,0,0
NUNFZNIXYWTZMW,3,CHEMBL1087024|CHEMBL253474|CHEMBL478971,True,47,6,0
GQGAUUMVOCWEFW,1,CHEMBL250269,True,4,1,0
HFYAEUXHCMTPOL,0,,False,0,0,0
UDYGWSPUYSRWRN,0,,False,0,0,0
LGRISOGTKBAJPA,0,,False,0,0,0
WKEOZXMSVNVPCM,0,,False,0,0,0
PVXCNEZDIJHZQB,0,,False,0,0,0
DPHLFUXQEZYZAP,0,,False,0,0,0
KLDSZMWMGCWFKH,0,,False,0,0,0
XQYALQVLCNHCFT,0,,False,0,0,0
OKZYCXHTTZZYSK,0,,False,0,0,0
ZUPHXNBLQCSEIA,4,CHEMBL1811964|CHEMBL4212580|CHEMBL491388|CHEMBL4935886,True,33,2,0
LYCAIKOWRPUZTN,1,CHEMBL457299,True,680,0,0
IOVNHINTOHPELQ,0,,False,0,0,0
FOLMLIUUSUSQLL,0,,False,0,0,0
AHAREKHAZNPPMI,0,,False,0,0,0
NPUMIGJATCZZBZ,0,,False,0,0,0
ZJPQCBPMMANSBE,0,,False,0,0,0
BVTCHBNCNJEJTD,0,,False,0,0,0
YWYDBVPLQGXATE,0,,False,0,0,0
SBWUACYNOBUPAH,1,CHEMBL1223444,False,3,0,0
MFZHIRGDMBVSTF,0,,False,0,0,0
NNZMLOHQRXHPOZ,0,,False,0,0,0
LDHMAVIPBRSVRG,1,CHEMBL71733,True,4,2,1
ASWBNKHCZGQVJV,1,CHEMBL3093100,True,17,0,0
QYVDOJKGROAEHP,1,CHEMBL1801769,True,1,0,0
ZHBHZDMTVVJASV,0,,False,0,0,0
FAAVFOISLYIBNM,0,,False,0,0,0
GTBXZWADMKOZQJ,0,,False,0,0,0
CWJKFTYJCIEEDB,0,,False,0,0,0
UPGLJTCDRBIZKP,0,,False,0,0,0
DKLRQEIICLZTQW,0,,False,0,0,0
FMEGCBUAXROEDC,0,,False,0,0,0
CXCTWMIRDNNBLI,0,,False,0,0,0
VLXGEXCMFWNLTJ,0,,False,0,0,0
DQWOZMUBHQPFFF,1,CHEMBL282734,False,14,4,3
XQDLQQYTXOVDQQ,0,,False,0,0,0
MIRROKWMSAODOR,0,,False,0,0,0
BYFPJRGDCJUKTC,0,,False,0,0,0
JCCIFDCPHCKATH,0,,False,0,0,0
GFLHGTKUCYPXHB,0,,False,0,0,0
RQRKKUGWIWEHKW,0,,False,0,0,0
YNCYLQBRJQJTLH,0,,False,0,0,0
UGZKYQOKFFIKII,0,,False,0,0,0
WQRBKVJYXWPIHN,0,,False,0,0,0
HGEMCUOAMCILCP,0,,False,0,0,0
HFXQFRLBXVLQIX,0,,False,0,0,0
FURHXLBXCVQCNL,1,CHEMBL6190415,False,1,1,0
PAFLSMZLRSPALU,2,CHEMBL3392011|CHEMBL4218391,True,26,4,2
UEGKGPFVYRPVCC,0,,False,0,0,0
PWAPUSDWDZRECY,0,,False,0,0,0
YOIKPWLIIDGZLM,0,,False,0,0,0
HJXMNVQARNZTEE,3,CHEMBL248594|CHEMBL249818|CHEMBL250205,True,176,4,1
KBUNOSOGGAARKZ,0,,False,0,0,0
QLHYVFSGYNVMPW,0,,False,0,0,0
IWIANZLCJVYEFX,1,CHEMBL52922,True,6,0,0
QIZDLUWRENVVJW,0,,False,0,0,0
BTTSZRJAGSFTPE,0,,False,0,0,0
SXJZELHFSGPXDB,0,,False,0,0,0
BTJIUGUIPKRLHP,1,CHEMBL14130,True,103,3,1
QPULDJYQYDGZEI,0,,False,0,0,0
UJZLNVCZGZKIHR,0,,False,0,0,0
GNOQEXWKRHKDKA,0,,False,0,0,0
VTUFOIHYMMMNOM,0,,False,0,0,0
PPCHPNONKYLBQT,0,,False,0,0,0
APQPPUISLRYCEH,0,,False,0,0,0
QIWWLKDHHMGRQL,1,CHEMBL2296791,True,1,1,0
OOYQTFOLNRFZPD,0,,False,0,0,0
RRKJSAASNMDKLI,0,,False,0,0,0
OJPLCPBWIQWABI,0,,False,0,0,0
LVIDDMJSLAVTSZ,0,,False,0,0,0
VGLABFRUPBCSOM,0,,False,0,0,0
HCPGCIQBMZVBHG,0,,False,0,0,0
IWYBVQLPTCMVFO,0,,False,0,0,0
PVSNVQBILAAHGF,0,,False,0,0,0
BUPJOLXWQXEJSQ,1,CHEMBL104917,True,6,1,0
XSKZZVYURGCOGM,0,,False,0,0,0
SPKGPDRGORWGNP,0,,False,0,0,0
RAJWOBJTTGJROA,5,CHEMBL1230438|CHEMBL1230988|CHEMBL2359403|CHEMBL3137947|CHEMBL74599,True,23,6,6
CKLZFCHLJIRWGU,0,,False,0,0,0
KHMYONNPZWOTKW,0,,False,0,0,0
FDBVFKPSUNQAHK,0,,False,0,0,0
AAPYGFMEZRXPJI,0,,False,0,0,0
UWMPHMYUITTYTD,0,,False,0,0,0
DZAGQELYBSGGJQ,0,,False,0,0,0
ROVXCLHKSQINCN,0,,False,0,0,0
NMNXPYBXLIGRGP,0,,False,0,0,0
FDUMKOUWARULGH,1,CHEMBL2296521,True,1,0,0
CWFOCCVIPCEQCK,1,CHEMBL1869551,False,86,0,0
YHHSONZFOIEMCP,2,CHEMBL1235161|CHEMBL3350840,True,17,0,0
HPZWSJQQCJZBBG,0,,False,0,0,0
OVLRTDUBDSGRDR,0,,False,0,0,0
DBWCFPDYKLURNM,0,,False,0,0,0
YYCPSEFQLGXPCO,0,,False,0,0,0
LUNMJRJMSXZSLC,0,,False,0,0,0
KZABVHBACHSSNR,0,,False,0,0,0
ZIEAVLBEUVSHIU,0,,False,0,0,0
APWLDLGOYJHNIK,3,CHEMBL2268859|CHEMBL2268861|CHEMBL2268862,True,39,0,0
GIGKXOAUYMWORB,1,CHEMBL3358077,True,4,0,0
QPSIPXFEOVTZFP,1,CHEMBL504340,True,4,0,0
YTYICJAIECLVEQ,2,CHEMBL464939|CHEMBL465341,True,8,0,0
GNWVLQOQVKOWGK,1,CHEMBL445487,True,4,0,0
FMOZOFOCONBPNY,0,,False,0,0,0
OPTASPLRGRRNAP,1,CHEMBL15913,True,8,0,0
UAOMVDZJSHZZME,1,CHEMBL1450356,True,7,0,0
MUCMKTPAZLSKTL,2,CHEMBL1233457|CHEMBL4288936,True,17,5,5
QSVJYFLQYMVBDR,0,,False,0,0,0
OZOGHPJPLIDDPR,0,,False,0,0,0
IDJOCJAIQSKSOP,1,CHEMBL113957,True,1,0,0
FQPROQVKYHVVFF,0,,False,0,0,0
YDNHOBQOKNCLCT,0,,False,0,0,0
VWWQXMAJTJZDQX,2,CHEMBL1232653|CHEMBL3580425,True,16,0,0
AVMSWPWPYJVYKY,0,,False,0,0,0
NJXZFRUNHWKHEC,0,,False,0,0,0
OINNEUNVOZHBOX,3,CHEMBL1160059|CHEMBL1160061|CHEMBL1229266,True,7,2,0
SOYLPZSOEXZMLE,0,,False,0,0,0
IIOLAWJMOGLOIB,0,,False,0,0,0
PCUSXIRIPAHAHT,0,,False,0,0,0
UGQMRVRMYYASKQ,6,CHEMBL1213651|CHEMBL1556|CHEMBL2092757|CHEMBL462399|CHEMBL801|CHEMBL9850,True,77,1,0
RWMXKBUPLSNIJL,0,,False,0,0,0
PAEYNMRPKFXABW,1,CHEMBL2296522,False,1,0,0
CZFHAODYOVXPIQ,1,CHEMBL489542,True,8,1,0
KFASJCNWEHENKY,0,,False,0,0,0
NPHFULIVCUBDDN,0,,False,0,0,0
AXCCTUATUTWPBD,0,,False,0,0,0
FNLMCLYZRZJKQZ,1,CHEMBL1760139,True,2,1,0
HSMPDPBYAYSOBC,1,CHEMBL44746,True,140,5,2
SJRACCTZSAUMGO,1,CHEMBL3989710,True,0,0,0
CCLQKVKJOGVQLU,1,CHEMBL243618,True,15,0,0
HOBBEYSRFFJETF,1,CHEMBL1990994,True,60,0,0
JDMXMMBASFOTIF,1,CHEMBL4213477,True,1,0,0
ROCUOVBWAWAQFD,1,CHEMBL508292,True,15,0,0
VSUOKLTVXQRUSG,1,CHEMBL464224,True,6,0,0
TURBTOJBTBVETG,0,,False,0,0,0
IBEKLXNZXQHTGY,0,,False,0,0,0
SKAWDTAMLOJQNK,3,CHEMBL1354672|CHEMBL3278820|CHEMBL57662,True,14,0,0
VMOJEEZNLOLYBG,0,,False,0,0,0
KDRUIMNNZBMLJR,0,,False,0,0,0
DLZMKPZOEYKXHQ,0,,False,0,0,0
VXFIOUXPMCWIOL,0,,False,0,0,0
MNMJPUHGVUDRCV,0,,False,0,0,0
CFEBVBFXLFAFIO,0,,False,0,0,0
QWYFHHGCZUCMBN,1,CHEMBL2074693,True,3,0,0
DBLXXVQTWJFJFI,0,,False,0,0,0
MUVGGJXAKSYVGI,0,,False,0,0,0
KPPWZEMUMPFHEX,0,,False,0,0,0
YXIOECOAAMLHPG,0,,False,0,0,0
PROIGOAKZLZHQV,0,,False,0,0,0
JAWSHISYWRRQQQ,0,,False,0,0,0
LCHYEKKJCUJAKN,1,CHEMBL225569,True,3,0,0
GLABDCRHTSAQGE,0,,False,0,0,0
MDIUMSLCYIJBQC,2,CHEMBL4436085|CHEMBL469617,True,12,0,0
KVDPEXDTSKPFSC,0,,False,0,0,0
MFDFERRIHVXMIY,1,CHEMBL569,True,841,1,0
HSFHCHXOARWRSD,0,,False,0,0,0
CJTZXIJETZZARD,1,CHEMBL1993907,False,54,0,0
IBFSBJXZXIXAEQ,0,,False,0,0,0
GQTSAGKZHIWKMR,0,,False,0,0,0
KDIAMAVWIJYWHN,0,,False,0,0,0
AOXMCWFZPZRDPE,1,CHEMBL1092512,True,2,0,0
KUWSQDFSFCOXTF,0,,False,0,0,0
FVTCRASFADXXNN,3,CHEMBL1201794|CHEMBL283501|CHEMBL365423,True,96,4,0
XAAMMPKFMNZIIC,0,,False,0,0,0
RNURUJBYBMGADV,0,,False,0,0,0
IMDXDPUTIISQIM,0,,False,0,0,0
NUWMTBMCSQWPDG,0,,False,0,0,0
VXHUULJXCJIBPW,1,CHEMBL2296793,True,1,0,0
KIKUOEUPVCWMSA,1,CHEMBL2296792,True,1,1,0
ZUNBITIXDCPNSD,1,CHEMBL1189156,True,0,0,0
ILRCGYURZSFMEG,3,CHEMBL1899113|CHEMBL3348876|CHEMBL465208,True,224,8,3
ORZBZGYCCWKLOF,0,,False,0,0,0
ZPIKVDODKLJKIN,1,CHEMBL2288883,True,2,0,0
TUXHHVJPGQUPCF,1,CHEMBL2007424,True,63,0,0
JAUOXJQLPADTPK,0,,False,0,0,0
WSYNAKWAAXYNMW,0,,False,0,0,0
AFSIMBWBBOJPJG,0,,False,0,0,0
WAIQWYALYSCYLA,0,,False,0,0,0
KEYMZFQMQQSOKV,0,,False,0,0,0
VKGZCEJTCKHMRL,0,,False,0,0,0
VNJPNCNTXDKLLQ,0,,False,0,0,0
JADYBWICRJWGBW,0,,False,0,0,0
LXUIUVLDNRQBQJ,0,,False,0,0,0
HIRCZOSUMSSTDU,0,,False,0,0,0
LSQXLOPDSPVJSZ,0,,False,0,0,0
IBTWNERNFJSWHN,0,,False,0,0,0
SOMJQWRITYTQJL,0,,False,0,0,0
DKWJQENYIDPCEX,0,,False,0,0,0
ZQKNBDOVPOZPLY,0,,False,0,0,0
LFTYTUAZOPRMMI,2,CHEMBL1162072|CHEMBL388154,True,20,4,2
KGVPRVBZKYLXFP,0,,False,0,0,0
RJZWGDPBGWGJNU,0,,False,0,0,0
NFRCFLJZVHOKRH,0,,False,0,0,0
MEGHWIAOTJPCHQ,0,,False,0,0,0
NZVQLVGOZRELTG,1,CHEMBL45176,True,26,3,2
XQPMEWZJPNAPBK,0,,False,0,0,0
WMBOCUXXNSOQHM,2,CHEMBL1765390|CHEMBL249592,True,92,7,5
IBJFKTZZJDKMKC,0,,False,0,0,0
WNLDVGWQXMRYIC,0,,False,0,0,0
HICYDYJTCDBHMZ,0,,False,0,0,0
RFSUNEUAIZKAJO,2,CHEMBL4748482|CHEMBL604608,True,3,1,0
ZBYVTTSIVDYQSO,3,CHEMBL216856|CHEMBL413963|CHEMBL63902,True,43,0,0
IKGLDGLQHQRTSN,0,,False,0,0,0
BUDWHMNUSAOQBI,0,,False,0,0,0
RYHLQSVMWLBCJO,0,,False,0,0,0
HNTISMRTGMVWGH,0,,False,0,0,0
ZNAKKZNXJRNCAC,0,,False,0,0,0
VLJSLTNSFSOYQR,1,CHEMBL449684,True,17,0,0
XXTQHVKTTBLFRI,0,,False,0,0,0
NAJPAGUETSZHOG,0,,False,0,0,0
OFBQJSOFQDEBGM,1,CHEMBL16102,True,22,0,0
HHFBKIZDFWDJGH,0,,False,0,0,0
CDRPUGZCRXZLFL,3,CHEMBL1603409|CHEMBL1972346|CHEMBL69863,True,595,116,74
XHLHPRDBBAGVEG,1,CHEMBL193373,True,10,4,2
CDRKALGDLCSMSG,0,,False,0,0,0
HAMUKWWZXAKCAU,0,,False,0,0,0
LNSXFLRBHMVWBW,0,,False,0,0,0
UEHVFWBKXUSZEQ,0,,False,0,0,0
MMURVNDSFNJHAM,2,CHEMBL1332735|CHEMBL142304,True,100,9,7
HVAUUPRFYPCOCA,3,CHEMBL1235246|CHEMBL17935|CHEMBL488563,True,213,13,8
LABCALMTQNDOAI,0,,False,0,0,0
DHHWDJUUTBWANN,0,,False,0,0,0
CSMMFGCGBLZIJE,0,,False,0,0,0
ABQDERDYIVHNHA,0,,False,0,0,0
XOAUNGGNONXOND,0,,False,0,0,0
XKWSWANXMRXDES,1,CHEMBL4642968,True,1,0,0
TYBCSQFBSWACAA,0,,False,0,0,0
ODULZPPCXSTHDT,0,,False,0,0,0
ZLFFEHIHCGIVET,0,,False,0,0,0
GXGJIOMUZAGVEH,1,CHEMBL495665,True,1,1,0
OFUGTKAUAMKFPM,0,,False,0,0,0
XQPZQXTWYZAXAK,1,CHEMBL3185221,True,0,0,0
FKUIYDFLMWSYME,0,,False,0,0,0
RCRVMCSPZAMFKV,0,,False,0,0,0
ZVGWOCIJIRIBKL,0,,False,0,0,0
CFYMYCCYMJIYAB,1,CHEMBL2260151,True,1,0,0
HDBLGMREZKSBMK,0,,False,0,0,0
UNMZOEWRNJQSET,1,CHEMBL2009248,False,0,0,0
SEBIKDIMAPSUBY,1,CHEMBL446785,True,21,0,0
HUGUGFBIYQBLCS,1,CHEMBL2397755,True,2,1,0
ZFKKRRMUPBBYRS,1,CHEMBL485250,True,9,0,0
JQIOGFDAUPKVOL,0,,False,0,0,0
MECHNRXZTMCUDQ,8,CHEMBL1356115|CHEMBL1365846|CHEMBL1375178|CHEMBL1436587|CHEMBL1512227|CHEMBL1536|CHEMBL3039445|CHEMBL50241,True,582,7,1
GUAFOGOEJLSQBT,1,CHEMBL325864,True,50,9,3
BLOXMGXSDAAJGX,0,,False,0,0,0
IOMHXTWPVSHDHW,0,,False,0,0,0
ICGWWCLWBPLPDF,0,,False,0,0,0
XWYXLYCDZKRCAD,1,CHEMBL2387063,True,13,4,3
BHLYQNMLGRQFKV,0,,False,0,0,0
IFJYSOWCCJPUJS,0,,False,0,0,0
FEIZMBLMTCAJSQ,0,,False,0,0,0
VBSHAXJPLHCYTH,0,,False,0,0,0
JBDSSBMEKXHSJF,1,CHEMBL1902018,True,6,1,0
DHNGCHLFKUPGPX,1,CHEMBL95956,True,16,5,0
ZHHZHHSFKCANOC,1,CHEMBL1697703,True,3,0,0
VMDXHYHOJPKFEK,1,CHEMBL324514,True,21,0,0
IXQJBPRUTQTCMW,2,CHEMBL2332431|CHEMBL326486,True,8,2,2
ZLQADKTVJQXDIG,0,,False,0,0,0
AFRLMSOCDMQZOR,0,,False,0,0,0
VVGOCOMZRGWHPI,0,,False,0,0,0
DBHDYDPCJZZWOW,0,,False,0,0,0
KHOTZHZBHNDKOB,2,CHEMBL2332433|CHEMBL2332434,True,2,0,0
JARATYWUMQSVOZ,1,CHEMBL4173014,True,3,0,0
ISQVBYGGNVVVHB,0,,False,0,0,0
AJQAFIOCJBKYSI,0,,False,0,0,0
VUQAYUMLTPYYDZ,0,,False,0,0,0
UBFHIROTRYQGBX,0,,False,0,0,0
PJAAESPGJOSQGZ,2,CHEMBL1995288|CHEMBL518292,True,135,18,10
ZWFIFCRKFITASO,2,CHEMBL1224785|CHEMBL5394087,True,23,0,0
MOTCYZHGMCNNRH,0,,False,0,0,0
NKGSEACIYQINQJ,0,,False,0,0,0
HJFYFYWETUVIHT,1,CHEMBL1087639,True,7,4,1
CVIVANCKIBYAOP,1,CHEMBL331362,True,4,0,0
UXYYOHOTPOQJPD,3,CHEMBL1240930|CHEMBL4641983|CHEMBL512339,True,31,3,0
ZAWWSYIDZKWRAI,3,CHEMBL2332435|CHEMBL4172103|CHEMBL459193,True,10,4,4
ZUVAGNOBOHVXJJ,0,,False,0,0,0
UUEIVUJSJLKAAM,0,,False,0,0,0
LQBORWCRYHAYHJ,0,,False,0,0,0
PALMCMYYFAHUGA,1,CHEMBL469419,True,12,2,0
GZVIQGVWSNEONZ,3,CHEMBL1824579|CHEMBL474475|CHEMBL477703,True,31,0,0
FPSDOHYYKFXKFR,0,,False,0,0,0
ODYUKYFFMKUDAX,0,,False,0,0,0
LFYXNXGVLGKVCJ,1,CHEMBL5591577,True,1,0,0
FCJMCOVEXBZEMH,0,,False,0,0,0
AFWKBSMFXWNGRE,1,CHEMBL106509,True,147,16,2
RESIPHIPOBYJRP,0,,False,0,0,0
HNNOWLIDJUXQBP,0,,False,0,0,0
ZFUJCNJIGDBFEP,1,CHEMBL3950154,True,1,0,0
IWEUJYZCURHZFV,0,,False,0,0,0
XXZAOMJCZBZKPV,0,,False,0,0,0
IZLBLUIBVMGMIY,1,CHEMBL4098368,True,14,4,0
KEVVHIVJVQLNTR,0,,False,0,0,0
HGTUJZTUQFXBIH,0,,False,0,0,0
GVCHCLNHTASCCP,0,,False,0,0,0
CVTMENNEXOZZEZ,0,,False,0,0,0
UGHVXXDQKXLCID,0,,False,0,0,0
XWFINABYEHNSEP,0,,False,0,0,0
KOALQGAPEWNVJF,0,,False,0,0,0
LVHLZMUFIYAEQB,1,CHEMBL469753,True,64,3,3
CWKLZLBVOJRSOM,1,CHEMBL3185405,True,0,0,0
KKFWQXJBWDWATB,0,,False,0,0,0
ZMIQNSSHYBJKIL,1,CHEMBL3798422,True,4,0,0
AEQCSQRYHBNSGA,0,,False,0,0,0
QJOWFYQIUZMPRY,0,,False,0,0,0
UYEWRTKHKAVRDI,1,CHEMBL86075,True,4,0,0
FZXLDENMTYEVAD,0,,False,0,0,0
LSMSSYSRCUNIFX,0,,False,0,0,0
ZVJICTFBNCHGME,0,,False,0,0,0
OSIFVLKZUWRNBN,0,,False,0,0,0
WYIJOOQDLOBLCP,0,,False,0,0,0
PXVBIBFQMMCICH,0,,False,0,0,0
RQWDWCITECNVBB,0,,False,0,0,0
MFWNKCLOYSRHCJ,3,CHEMBL1290003|CHEMBL289469|CHEMBL399538,True,1071,66,31
SFVUIUUSVAMYPP,0,,False,0,0,0
GZPBVLUEICLBOA,0,,False,0,0,0
WSGCRAOTEDLMFQ,0,,False,0,0,0
NIYGNRXIRWYLOP,0,,False,0,0,0
CFPRLPOHLDRYIP,0,,False,0,0,0
SEPSYIXFWLWAQJ,0,,False,0,0,0
SWZNEKIDLOGZBL,0,,False,0,0,0
KYOABDCVSFORIY,0,,False,0,0,0
IEJIGPNLZYLLBP,1,CHEMBL3185216,False,0,0,0
SPWIGPQVICYSOT,0,,False,0,0,0
KCNRMTIWYUWXNH,0,,False,0,0,0
FFFIRKXTFQCCKJ,1,CHEMBL3185447,True,0,0,0
ZZMVLMVFYMGSMY,1,CHEMBL1558796,False,73,0,0
RRROREHZDRAVJK,0,,False,0,0,0
SHLRAXTXBZMDPP,0,,False,0,0,0
IZFSDKNXOMAAQL,0,,False,0,0,0
IXRPKRWXUJOOBZ,0,,False,0,0,0
MGCGLWILILAXQZ,0,,False,0,0,0
HUXNLKAQKLGSAF,0,,False,0,0,0
FUZZFPVZJGQAKD,0,,False,0,0,0
KGWPFPWQIUAJPK,0,,False,0,0,0
GTHJHHZMCSHKDZ,0,,False,0,0,0
SFVIZKWTUKBDIY,0,,False,0,0,0
WXOVAVXCJROWQY,0,,False,0,0,0
QICSIODSGSXXLT,0,,False,0,0,0
WKJFMQDNIWTSBT,0,,False,0,0,0
JIHZHLCOASGNCG,0,,False,0,0,0
UCJLLWUIZXMERG,0,,False,0,0,0
DFQICHCWIIJABH,1,CHEMBL205165,False,11,1,0
HXCGUCZXPFBNRD,2,CHEMBL459825|CHEMBL5542361,True,16,1,1
RLMQWGSUQMGDGC,0,,False,0,0,0
IENXNRSNFXHIOR,0,,False,0,0,0
ZWVHTXAYIKBMEE,0,,False,0,0,0
DFYYBHIUTDAALI,0,,False,0,0,0
KSBVDFFNJADPJJ,1,CHEMBL1866579,False,5,0,0
VPYJNCGUESNPMV,1,CHEMBL3188834,False,0,0,0
NWKXNIPBVLQYAB,1,CHEMBL171329,True,2,0,0
SJPUMNBZMYJESR,0,,False,0,0,0
RIZBLVRXRWHLFA,0,,False,0,0,0
HPMGFDVTYHWBAG,0,,False,0,0,0
GGVONAGVMCUJTB,0,,False,0,0,0
JGIJYQIFJVTMPV,0,,False,0,0,0
DWBHHDLJKDLPRL,0,,False,0,0,0
RUUMHHSGEYHQRB,0,,False,0,0,0
RIWNMJBJRPCUBX,1,CHEMBL451475,True,19,3,0
YXEZYSUNRPJMIU,0,,False,0,0,0
LUTRLLNMYHKHEW,0,,False,0,0,0
ITRHZWKEZJYJQO,0,,False,0,0,0
UYBFSLXEYFGANT,0,,False,0,0,0
UIMWPYYYFGCEJP,0,,False,0,0,0
WJUQDFFDADGYQZ,0,,False,0,0,0
IWKXKWUCSZHJEK,0,,False,0,0,0
IVCVRGUQIZEIMF,0,,False,0,0,0
NUNDTNRGQXWRPH,0,,False,0,0,0
RVZFRFPJFJRTJV,0,,False,0,0,0
LUUZOLPRBAVIIZ,0,,False,0,0,0
YCWFSAIGFBNDPM,0,,False,0,0,0
BAZVBVCLLGYUFS,0,,False,0,0,0
HIPIENNKVJCMAP,1,CHEMBL1318346,True,6,0,0
WXCZVHNGLFWEJZ,0,,False,0,0,0
QIGLLCHDIZAZFE,0,,False,0,0,0
VEVZCONIUDBCDC,1,CHEMBL3184763,False,0,0,0
YDVXYTIIPGKIJP,0,,False,0,0,0
MYMGHSODBQFSOR,0,,False,0,0,0
DRFSOBZVMGLICQ,0,,False,0,0,0
GRDDITZXHDRNNP,0,,False,0,0,0
LSTDYDRCKUBPDI,1,CHEMBL137354,True,5,0,0
IHQUEBHATOOKPN,0,,False,0,0,0
UXUPPWPIGVTVQI,1,CHEMBL4647902,True,1,0,0
IBRKLUSXDYATLG,3,CHEMBL1193327|CHEMBL1195032|CHEMBL416732,True,39,6,5
PHOYCTTUSJWMJF,0,,False,0,0,0
OOYRHNIVDZZGQV,1,CHEMBL511334,True,5,2,2
CXANYYGAUWHHNM,0,,False,0,0,0
ANJQEDFWRSLVBR,0,,False,0,0,0
WRQNANDWMGAFTP,1,CHEMBL3186053,True,1,1,0
GQPLMRYTRLFLPF,1,CHEMBL1234579,True,22,0,0
LVECZGHBXXYWBO,0,,False,0,0,0
ZGKPBXWQOYDEMA,0,,False,0,0,0
AKASWINDKIEEBO,0,,False,0,0,0
VHAKHIFIJYZLKW,0,,False,0,0,0
XHEGXVAWDSUIIG,0,,False,0,0,0
BRGJFCICCOEPPB,0,,False,0,0,0
STNYGMDZVYBFLR,0,,False,0,0,0
XOTMHDVYZZBKEJ,0,,False,0,0,0
FMHHVULEAZTJMA,1,CHEMBL1475,True,447,7,5
IAXCQXJSJZSKES,0,,False,0,0,0
XVWGGKCJOXAGDW,0,,False,0,0,0
MUROKQYXIPVTGD,0,,False,0,0,0
SONNWYBIRXJNDC,2,CHEMBL1215|CHEMBL31457,True,861,33,19
RKBAYVATPNYHLW,0,,False,0,0,0
CRBJBYGJVIBWIY,1,CHEMBL30018,True,48,3,0
QBKKSIMANOEXOI,0,,False,0,0,0
FNZTVUHCYCHOFH,0,,False,0,0,0
HPPUQZZCHCEJEW,0,,False,0,0,0
DIMNLUIMZVXIKS,0,,False,0,0,0
BCWATDFZPIEIIL,0,,False,0,0,0
VQCUOFPGCSOOFN,0,,False,0,0,0
HQRWWHIETAKIMO,1,CHEMBL423961,False,3,0,0
UXLFQDAATOVVOK,0,,False,0,0,0
LCSNKHFQEKIGGQ,0,,False,0,0,0
VARQGBHBYZTYLJ,0,,False,0,0,0
LDZAQVDQJOQNJB,0,,False,0,0,0
NDKOKWXOWTVYJR,0,,False,0,0,0
SXPWYSNMKUDXOU,0,,False,0,0,0
AWONIZVBKXHWJP,0,,False,0,0,0
HULPONUAINYLQQ,0,,False,0,0,0
CTUHQRWBXMBEPD,0,,False,0,0,0
CQTRUFMMCCOKTA,0,,False,0,0,0
VOOVDZMAQQVAEW,0,,False,0,0,0
GNLLTRIMWRZWBF,0,,False,0,0,0
YEXOWHQZWLCHHD,1,CHEMBL119696,True,7,0,0
JXVNWAUWOPLPEA,0,,False,0,0,0
AXFIWMQXUWEQNR,0,,False,0,0,0
JQTJGWFLEGISPH,0,,False,0,0,0
NISXIUTZLBSNCF,0,,False,0,0,0
BHGNYQMQMOKBDW,0,,False,0,0,0
FMARRBDLJSOXHA,0,,False,0,0,0
XVQUOJBERHHONY,3,CHEMBL1476245|CHEMBL1697841|CHEMBL2219766,True,48,0,0
GYDWWIHJZSCRGV,1,CHEMBL489859,False,2,0,0
ZYDUOFAYEXDGIS,0,,False,0,0,0
PJDMXZRKXHMLSZ,0,,False,0,0,0
VDWWSWVFXKVAHE,0,,False,0,0,0
MSHFRERJPWKJFX,1,CHEMBL294431,True,6,0,0
JCRIVQIOJSSCQD,2,CHEMBL2105014|CHEMBL2105275,True,8,0,0
GQGTXJRZSBTHOB,0,,False,0,0,0
AAHFXSQSYCYSPU,0,,False,0,0,0
OXFGTKPPFSCSMA,2,CHEMBL1160695|CHEMBL30400,True,7,0,0
LFMBHXDRHWERDI,0,,False,0,0,0
CKMXAIVXVKGGFM,1,CHEMBL116158,True,5,0,0
IJBFSOLHRKELLR,1,CHEMBL1169837,True,1,0,0
QHEUOYOHVATZEB,0,,False,0,0,0
ALMLVUGGLRJZPE,0,,False,0,0,0
YCIXWYOBMVNGTB,1,CHEMBL3728427,True,1,0,0
KFWKGYLRGRMIES,0,,False,0,0,0
ZOQCEVXVQCPESC,1,CHEMBL2074640,True,20,6,6
KBPNNHFVJQEULH,0,,False,0,0,0
IPOMLSMRFPLARI,0,,False,0,0,0
YMIHAYABXZORPU,1,CHEMBL1814554,True,2,0,0
CYTQLGHFERDHGV,0,,False,0,0,0
RQCLRCULEFIVSO,0,,False,0,0,0
LLYUQTVONAGBRD,0,,False,0,0,0
CUPOUBRMIZFFHN,0,,False,0,0,0
SQVJGCCKIYALHN,0,,False,0,0,0
OCNZHGHKKQOQCZ,0,,False,0,0,0
ZQAAPECGIMFVID,0,,False,0,0,0
XAYALFWPTZBILU,0,,False,0,0,0
BWFKXSZBRCDUEL,0,,False,0,0,0
RRHCDWLSHIIIIT,2,CHEMBL1321343|CHEMBL457257,True,51,1,0
PDSVZUAJOIQXRK,1,CHEMBL1179998,False,0,0,0
KWTWDQCKEHXFFR,2,CHEMBL1201776|CHEMBL3990457,True,28,3,3
GMYHXOPIKMGWOM,0,,False,0,0,0
HPPLZROUJULWGU,0,,False,0,0,0
YDKYUMMCINALES,0,,False,0,0,0
GKDWDNZOCKBXMO,0,,False,0,0,0
CQRYMYGKLOLNOV,0,,False,0,0,0
HBKLKBUNCSHWKO,0,,False,0,0,0
PKEROHUSQKVCKS,0,,False,0,0,0
MXTJBGDTUXXLAG,0,,False,0,0,0
WMAPWGDDBFGMJM,0,,False,0,0,0
SDJHPPZKZZWAKF,0,,False,0,0,0
GHGKPLPBPGYSOO,1,CHEMBL252365,True,9,0,0
FKENQMMABCRJMK,2,CHEMBL3392042|CHEMBL403,True,792,60,30
CNZPSABYEGFSCC,0,,False,0,0,0
LMIFPRVTIOZTJN,0,,False,0,0,0
LJQBMYDFWFGESC,3,CHEMBL2355728|CHEMBL4743151|CHEMBL4781888,True,12,0,0
AGOJRWYSOBLXNH,0,,False,0,0,0
HTJXMOGUGMSZOG,1,CHEMBL274239,False,56,0,0
PYELIMVFIITPER,0,,False,0,0,0
AGBQKNBQESQNJD,3,CHEMBL1234071|CHEMBL134342|CHEMBL33864,True,706,16,3
YPZRHBJKEMOYQH,0,,False,0,0,0
AQGOGICAGOUIGS,0,,False,0,0,0
UMMYRKDZQINBHZ,0,,False,0,0,0
FPLMIPQZHHQWHN,1,CHEMBL226034,True,194,27,3
IRNYFKBSAARAHR,1,CHEMBL308497,False,4,2,2
YISIGATXJQLDCC,0,,False,0,0,0
XSXIVVZCUAHUJO,1,CHEMBL464983,True,6,1,0
MKMCJLMBVKHUMS,1,CHEMBL454809,True,25,3,0
ZTMDEZWUGKKJQN,0,,False,0,0,0
QVDPWQVOSKJUES,0,,False,0,0,0
XJRMFKRYVTYFPN,2,CHEMBL4635501|CHEMBL521585,True,6,0,0
FVWCQCCVDNGNPX,0,,False,0,0,0
POAACKCBTJLFMK,0,,False,0,0,0
QVCMHGGNRFRMAD,7,CHEMBL1364165|CHEMBL1997093|CHEMBL2134902|CHEMBL2357897|CHEMBL2360560|CHEMBL37252|CHEMBL521035,True,1864,0,0
FPRDBFWVOJWDMI,0,,False,0,0,0
SMIANZMWOZURTO,0,,False,0,0,0
CRDPLWCMWMJVFE,0,,False,0,0,0
BCJMNZRQJAVDLD,4,CHEMBL1321908|CHEMBL1599718|CHEMBL496894|CHEMBL520570,True,53,0,0
QOHHHKYTTMTIHI,0,,False,0,0,0
QAHZAHIPKNLGAS,5,CHEMBL1173110|CHEMBL1600436|CHEMBL1980252|CHEMBL4214323|CHEMBL4649430,True,77,2,0
KWAOMPWGIIXDPH,7,CHEMBL1993537|CHEMBL2087241|CHEMBL250055|CHEMBL3916492|CHEMBL4206653|CHEMBL511614|CHEMBL6196056,True,89,2,0
VYIRVAXUEZSDNC,2,CHEMBL1480032|CHEMBL1519371,True,5,0,0
FMWJEBGSMAOQNN,0,,False,0,0,0
CVBUKMMMRLOKQR,1,CHEMBL3186793,True,0,0,0
QSNSHXCNOZBDFE,0,,False,0,0,0
NGGMYCMLYOUNGM,5,CHEMBL1396346|CHEMBL1522710|CHEMBL1992691|CHEMBL32838|CHEMBL4077166,True,176,16,5
PTXVDUBOLUBNDS,0,,False,0,0,0
CHGHRZZPHNOWQV,0,,False,0,0,0
IAPHXJRHXBQDQJ,1,CHEMBL1969622,True,57,0,0
MNRHZPCIEGLWGK,2,CHEMBL1743202|CHEMBL347515,True,2,0,0
HQDLZISNHUMXEA,0,,False,0,0,0
OISOBEQZHNBNKC,0,,False,0,0,0
HKYVQQZFCXDTEH,0,,False,0,0,0
DQELOVNSWGCVQZ,0,,False,0,0,0
ZDIKCHIJIMUZHO,0,,False,0,0,0
HCAJEUSONLESMK,1,CHEMBL1206440,True,32,0,0
YUORBURTMIUPMW,1,CHEMBL2107702,False,0,0,0
GUOIVKTUWBUTNG,0,,False,0,0,0
GBXZVJQQDAJGSO,0,,False,0,0,0
ILOBCCAMDOHZGW,0,,False,0,0,0
KEYGSTQSRNPHHU,0,,False,0,0,0
CBULCJKHVYVFRM,0,,False,0,0,0
PROQIBHESKWZBX,1,CHEMBL1968503,False,56,0,0
LBMNYUVGHGDNMF,0,,False,0,0,0
PPJWCUOWPVSSSW,0,,False,0,0,0
CEZGFQCGXLQKCP,1,CHEMBL1979463,False,49,0,0
WRCBAWDQQSQNRE,0,,False,0,0,0
RAFZYSUICBQABU,1,CHEMBL593774,True,1,0,0
LIMXJCIGROLRED,0,,False,0,0,0
WJYMPXJVHNDZHD,0,,False,0,0,0
DSNHSQKRULAAEI,1,CHEMBL3187283,True,0,0,0
VYRWCSXMABWFDW,0,,False,0,0,0
DWUPJMHAPOQKGJ,0,,False,0,0,0
NNIGUEYKNYGPNH,0,,False,0,0,0
JGBAASVQPMTVHO,0,,False,0,0,0
YCCILVSKPBXVIP,1,CHEMBL53566,True,75,7,6
ORTVZLZNOYNASJ,1,CHEMBL3188586,True,0,0,0
PAWGRNGPMLVJQH,2,CHEMBL4281333|CHEMBL4293570,True,23,0,0
IXQGCWUGDFDQMF,1,CHEMBL321029,True,9,0,0
XBLCAKKYMZVLPU,0,,False,0,0,0
KKKHJDOOIQCWIL,0,,False,0,0,0
RADIRWIUSSENFC,0,,False,0,0,0
DPVYDTACPLLHCF,0,,False,0,0,0
RHPBLLCTOLJFPH,0,,False,0,0,0
IGBBVTAVILYDIO,2,CHEMBL2288885|CHEMBL3307202,True,8,0,0
UNRBEYYLYRXYCG,1,CHEMBL3183533,False,4,0,0
WTPYRCJDOZVZON,1,CHEMBL3185108,True,0,0,0
YWTIDNZYLFTNQQ,0,,False,0,0,0
GXKOFANEAPTOJI,0,,False,0,0,0
DLHQZZUEERVIGQ,1,CHEMBL3183871,True,0,0,0
XJLDYKIEURAVBW,1,CHEMBL4642900,True,1,0,0
PERIHWAPLOBAJM,0,,False,0,0,0
WDWAUVJQFVTKEW,0,,False,0,0,0
STZUZYMKSMSTOU,0,,False,0,0,0
SZMNDOUFZGODBR,0,,False,0,0,0
FJVGFBFLXXDIAP,0,,False,0,0,0
CULUYAUTCSKQNM,0,,False,0,0,0
OEBZHWNGPLIIOC,0,,False,0,0,0
ZMEDUVOXYVEJHF,0,,False,0,0,0
FITHEODIIYWPLM,0,,False,0,0,0
FHADSMKORVFYOS,1,CHEMBL457729,False,1,0,0
WOUVLFFZQCUYOL,0,,False,0,0,0
CETBSQOFQKLHHZ,0,,False,0,0,0
MHALJYZRPGYQSI,1,CHEMBL2043330,True,12,2,0
MMCDSVCBSAMNPL,0,,False,0,0,0
HYNMWRBTSUNCDB,0,,False,0,0,0
ORMHZBNNECIKOH,1,CHEMBL3182066,False,5,0,0
YGWKXXYGDYYFJU,2,CHEMBL1522900|CHEMBL3526658,True,25,6,0
UULYVBBLIYLRCU,0,,False,0,0,0
QZXSMBBFBXPQHI,1,CHEMBL246914,True,6,0,0
IIGMITQLXAGZTL,0,,False,0,0,0
RDIMTXDFGHNINN,0,,False,0,0,0
QKPSYARWSBJEDY,0,,False,0,0,0
LFQREKVEOMIWQF,1,CHEMBL498040,True,6,0,0
IYXGSMUGOJNHAZ,1,CHEMBL177114,True,3,1,0
ZVJRAGVPKPPDKE,0,,False,0,0,0
GXBLITCOLKGJDG,0,,False,0,0,0
UZWOWEPOVKVMEL,0,,False,0,0,0
MCVUKOYZUCWLQQ,0,,False,0,0,0
VUNFOJWKJSYIDH,0,,False,0,0,0
ALMWXJNJADEHOT,0,,False,0,0,0
NJQJFSCXCWQSCU,0,,False,0,0,0
ZVJHJDDKYZXRJI,0,,False,0,0,0
MOMFXATYAINJML,1,CHEMBL1589555,True,5,0,0
BOYBJOZTRHQFNM,0,,False,0,0,0
VGHBEMPMIVEGJP,0,,False,0,0,0
WTAYWTBOEQYGOG,0,,False,0,0,0
HPLHHICRCJYRHY,0,,False,0,0,0
FAUOSXUSCVJWAY,1,CHEMBL1741005,False,0,0,0
VNWKTOKETHGBQD,1,CHEMBL17564,True,8,0,0
XYJWEQWNNKNSFU,1,CHEMBL432268,True,1,1,1
ZDPIZLCVJAAHHR,1,CHEMBL446918,False,46,5,0
WHGGMUIZWMQOGD,0,,False,0,0,0
YZXKGCIDSYWQIV,0,,False,0,0,0
PHOQVHQSTUBQQK,1,CHEMBL1200829,True,14,1,1
OIMACDRJUANHTJ,1,CHEMBL437508,True,24,8,4
IGXJACLQOMMYRA,0,,False,0,0,0
DQKMNCLZNGAXNX,0,,False,0,0,0
VOUGEZYPVGAPBB,0,,False,0,0,0
HYVABZIGRDEKCD,1,CHEMBL476189,True,72,1,1
WWSYXEZEXMQWHT,0,,False,0,0,0
PRHHYVQTPBEDFE,0,,False,0,0,0
PHNMOKYFOUVECQ,0,,False,0,0,0
YEUSSARNQQYBKH,1,CHEMBL1978711,True,54,0,0
DUWPGRAKHMEPCM,1,CHEMBL253467,True,190,19,2
GVEZRDBRYNJUDQ,0,,False,0,0,0
BMGOFEXYTOOWHE,0,,False,0,0,0
DUXQKCCELUKXOE,2,CHEMBL1515284|CHEMBL445978,True,24,14,1
DJSISFGPUUYILV,2,CHEMBL487805|CHEMBL5597057,True,136,18,5
IQGPVLVWUUPQMQ,2,CHEMBL4159483|CHEMBL494641,True,19,3,0
XGADTAYOFHOFIW,0,,False,0,0,0
UBTOEGCOMHAXGV,0,,False,0,0,0
IXSZNNRKGDOXQI,1,CHEMBL256915,True,3,1,0
SHAHCGJNHYXFLV,0,,False,0,0,0
FGOHVEYPHSAVIG,0,,False,0,0,0
CKIJIGYDFNXSET,1,CHEMBL3140279,True,0,0,0
QYEWAEAWMXRMHB,4,CHEMBL1981789|CHEMBL2336396|CHEMBL4059769|CHEMBL505398,True,79,1,0
QQGLQYQXUKHWPX,1,CHEMBL3140313,True,0,0,0
ABUJYLRTXBVIRH,0,,False,0,0,0
BKWMHKJLXIRTAI,0,,False,0,0,0
QBFYQVZGIDUNIY,1,CHEMBL552132,True,10,2,0
XFSINVCSJTYZGH,0,,False,0,0,0
GAEQWKVGMHUUKO,1,CHEMBL1477760,True,58,12,2
FWNZQNAJETXQPP,1,CHEMBL1689802,True,8,4,0
GHKOFFNLGXMVNJ,0,,False,0,0,0
DAAXQXLWOSUXJM,0,,False,0,0,0
LUKZREJJLWEWQM,0,,False,0,0,0
AJMZUFBKADIAKC,1,CHEMBL1734767,True,2,0,0
IXZUPBUEKFXTSD,2,CHEMBL1079119|CHEMBL513494,True,32,6,1
RXYYKIMRVXDSFR,0,,False,0,0,0
HSOMNBKXPGCNBH,0,,False,0,0,0
IDHMAJKSCCNULC,0,,False,0,0,0
SUWJESCICIOQHO,0,,False,0,0,0
JZQDCDLYNFZBIG,1,CHEMBL447169,True,18,7,1
ZNMRQYJUVCXNGK,1,CHEMBL479894,True,10,2,1
VCYVDHAWDPDCKW,0,,False,0,0,0
FZEYVTFCMJSGMP,1,CHEMBL436589,True,62,5,0
SMZNQRJKSRSJJH,0,,False,0,0,0
XUUGIWDILRFFER,0,,False,0,0,0
GQYZDAIERJIQDI,0,,False,0,0,0
FTTSBKFANOKIKQ,0,,False,0,0,0
VNOSLNLEVFTHKG,0,,False,0,0,0
BDURUBOYNAVRCF,0,,False,0,0,0
OQMSMWRXIZYYNR,1,CHEMBL455602,True,4,0,0
CHCYJKZBXNSGCG,0,,False,0,0,0
OBCBNXMEAJGWOD,1,CHEMBL452225,True,4,0,0
UDXRGCUMWVCFQZ,0,,False,0,0,0
GHVNFLHFOPJJNP,0,,False,0,0,0
UTEAJHNFBCLZHN,1,CHEMBL451705,True,11,4,2
ZEGGZNOPAPRAIG,1,CHEMBL1395434,True,7,0,0
IIEWJVIFRVWJOD,1,CHEMBL1882821,True,1,0,0
BSKOLJVTLRLTHE,0,,False,0,0,0
HWAJASVMTDEFJN,1,CHEMBL4750577,True,2,2,0
QUTATOGBENCRSS,2,CHEMBL4747839|CHEMBL484647,True,12,2,0
OSQYHHXEZIXDDO,0,,False,0,0,0
JGDHOHFQJJATNG,0,,False,0,0,0
OPPJKACRWCPJGU,1,CHEMBL1668598,True,2,2,2
VPMIRWSZFAXDKP,1,CHEMBL510049,True,4,3,0
DRARSUWLNZTZMD,0,,False,0,0,0
KMWHQYDMBYABKL,1,CHEMBL1233571,True,0,0,0
KUMXLFIBWFCMOJ,0,,False,0,0,0
DOFKPAVSYGZVQD,0,,False,0,0,0
QMEMHCMQAQFMEL,0,,False,0,0,0
DCEKPLXGLUMXMB,0,,False,0,0,0
HRNPZFOYXWWMFL,0,,False,0,0,0
FHXACOPOJBXRQQ,0,,False,0,0,0
SYWIUZCNOUKNSM,0,,False,0,0,0
GIVMXHQLQAIYEX,1,CHEMBL1399441,True,2,0,0
ZIKZPLSIAVHITA,1,CHEMBL2269933,True,2,0,0
FFVPRSKCTDQLBP,0,,False,0,0,0
MXZVBPOYCKIXHN,1,CHEMBL4788625,True,3,3,0
QUNWUDVFRNGTCO,1,CHEMBL1158,True,46,2,1
RTWHYIZIQSNTMZ,0,,False,0,0,0
YQQOGXLLGWWKQH,0,,False,0,0,0
GSVYFPMXLIFUDJ,0,,False,0,0,0
RSZDAYHEZSRVHS,1,CHEMBL1928409,True,74,2,0
HGINZVDZNQJVLQ,0,,False,0,0,0
BNLKKFPQJANWMM,0,,False,0,0,0
JSJIIHRNDMLJGK,1,CHEMBL501358,True,94,5,5
QOTBQNVNUBKJMS,1,CHEMBL303846,True,74,7,5
SQSRYWNOKPJENY,0,,False,0,0,0
KQUASHIVFXQCNK,0,,False,0,0,0
YQGNBRBNPIBBRC,0,,False,0,0,0
YRAQEMCYCSSHJG,2,CHEMBL155115|CHEMBL201152,True,19,0,0
VFKJAXDQCDDPCK,0,,False,0,0,0
GHXPTZOTUKKASE,0,,False,0,0,0
RAKJVIPCCGXHHS,1,CHEMBL350475,True,96,5,4
WXTPOHDTGNYFSB,0,,False,0,0,0
RUCHZOCSENTTRO,0,,False,0,0,0
VRCXJKSBSNVDFC,0,,False,0,0,0
ZEJUDJOXRYEYKX,0,,False,0,0,0
BIQMSWPBPAKGSE,1,CHEMBL2335820,True,7,0,0
MLLNAEIUHLSUPB,0,,False,0,0,0
RCKXFWRCJBTHNQ,0,,False,0,0,0
GWFGDXZQZYMSMJ,0,,False,0,0,0
IUBQSOTVBGNWDI,2,CHEMBL3542345|CHEMBL3792450,True,21,2,0
MQFBSPASOVBTBD,0,,False,0,0,0
CEBLAUSMJSQGHL,0,,False,0,0,0
FHDHACRWSOLHLB,0,,False,0,0,0
CFVIEZDNRMJRKD,0,,False,0,0,0
XOFVQYPWYJKESQ,0,,False,0,0,0
MUMBUPYNQXQLML,0,,False,0,0,0
ZTVZLYBCZNMWCF,1,CHEMBL212056,True,4,0,0
KJBREHYVQGFTTO,0,,False,0,0,0
VTRMVHBUTNPBTP,1,CHEMBL456933,True,6,0,0
ZYPYEBYNXWUCEA,0,,False,0,0,0
BHBPAHCSCDYJBF,0,,False,0,0,0
VLIUMVVQGMLOJG,0,,False,0,0,0
RYMWIDNPMDLHRP,0,,False,0,0,0
JBGDWLUXDXLDPL,0,,False,0,0,0
KFHRKQVLZRJWNB,0,,False,0,0,0
HTNGHDOJIWNQCM,0,,False,0,0,0
MUJZYQWSJHLFLC,0,,False,0,0,0
WUSQJQNHMVSMQB,0,,False,0,0,0
GFGMLAPKOCNOJK,0,,False,0,0,0
WHTDCOSHHMXZNE,0,,False,0,0,0
ABCSHEOQPSBKBY,0,,False,0,0,0
HQWBEAAZOBOEBO,0,,False,0,0,0
YNAIQYPDHJRCBH,1,CHEMBL4547716,False,1,0,0
JIAAUHUMDNJFJE,0,,False,0,0,0
LKGILSUJHTUPDP,0,,False,0,0,0
XPMNUVZBXVZTSW,0,,False,0,0,0
UPPNNWXQXLXRGQ,0,,False,0,0,0
QHPQWRBYOIRBIT,1,CHEMBL16217,False,41,2,1
ZZHHIRFCRIFTAN,0,,False,0,0,0
LJZWUDZXMJELFJ,0,,False,0,0,0
IOHJQSFEAYDZGF,1,CHEMBL1598368,False,3,0,0
HKMMHEQNCQNUNN,0,,False,0,0,0
GPKJTRJOBQGKQK,2,CHEMBL1442666|CHEMBL7568,True,741,130,43
DHHFDKNIEVKVKS,1,CHEMBL1172614,True,1,0,0
NBGGYTPMNVQWAE,0,,False,0,0,0
VRCVXRWYXYWACO,0,,False,0,0,0
RCMUGHFHXFHKNW,0,,False,0,0,0
JEJVUMPKJVMOEZ,0,,False,0,0,0
YPFDHNVEDLHUCE,1,CHEMBL379652,True,4,0,0
SKCKOFZKJLZSFA,0,,False,0,0,0
WRYRPAPYOPZECY,0,,False,0,0,0
CZGAOHSMVSIJJZ,0,,False,0,0,0
DBWWINQJTZYDFK,0,,False,0,0,0
AKEUNCKRJATALU,1,CHEMBL454808,True,30,7,6
MWXWHUXLVXOXBZ,0,,False,0,0,0
WEJSIMPWEOUMJB,0,,False,0,0,0
KVVSCMOUFCNCGX,1,CHEMBL98610,True,37,13,2
YLKVIMNNMLKUGJ,1,CHEMBL470263,True,10,2,2
JAFDMBBDFYFVAB,0,,False,0,0,0
KMAHIPNGGSOJSM,0,,False,0,0,0
GRJUENNHVNYCHD,0,,False,0,0,0
DJNJZIFFCJTUDS,0,,False,0,0,0
OTNCYIBPUVFLLZ,0,,False,0,0,0
OVUXTJZTLOSXQS,0,,False,0,0,0
JTCIUOKKVACNCK,0,,False,0,0,0
VHBZECSWMWWTMQ,0,,False,0,0,0
PNVRMDDGELICSY,0,,False,0,0,0
ABLZXFCXXLZCGV,1,CHEMBL1235291,True,0,0,0
JWGLVEFPXSKNBN,0,,False,0,0,0
NLHRRMKILFRDGV,0,,False,0,0,0
HMKBVDFFYNUAKM,0,,False,0,0,0
GTJOHISYCKPIMT,0,,False,0,0,0
ADVJSMBYHNLAGK,0,,False,0,0,0
BACLASYRJRZXMY,1,CHEMBL65320,True,15,10,2
UZJQQWFHPLYECS,0,,False,0,0,0
NADGBBLSBLDJEH,0,,False,0,0,0
LSQODMMMSXHVCN,0,,False,0,0,0
YOCDGWMCBBMMGJ,0,,False,0,0,0
IRKOFIFCPOQHKY,0,,False,0,0,0
BOJMMLBUFICTEZ,0,,False,0,0,0
MPPHOFXUPDWDTO,0,,False,0,0,0
QPHLFYOPLZARDQ,0,,False,0,0,0
KLAPGAOQRZTCBI,0,,False,0,0,0
SSJXIUAHEKJCMH,3,CHEMBL1356279|CHEMBL1476127|CHEMBL1711695,False,6,0,0
LIRQQKZNKBTPRG,0,,False,0,0,0
RVNPFAOWVMGBBF,0,,False,0,0,0
XZTGINNGSQCYPR,0,,False,0,0,0
VZTUKBKUWSHDFM,2,CHEMBL37533|CHEMBL401798,True,39,8,4
MBABCNBNDNGODA,20,CHEMBL13710|CHEMBL142918|CHEMBL1996175|CHEMBL2374151|CHEMBL2374160|CHEMBL281475|CHEMBL446085|CHEMBL451402|CHEMBL453496|CHEMBL453675|CHEMBL454744|CHEMBL499188|CHEMBL501110|CHEMBL503360|CHEMBL506914|CHEMBL508255|CHEMBL509939|CHEMBL61332|CHEMBL65635|CHEMBL68179,True,430,21,0
LFOCLBJZZZXGTG,0,,False,0,0,0
LVVKXRQZSRUVPY,3,CHEMBL256448|CHEMBL446211|CHEMBL453291,True,32,6,3
VYFYYTLLBUKUHU,2,CHEMBL3247442|CHEMBL59,True,1007,277,215
LNEJOJSSSAUPCI,0,,False,0,0,0
WMAHWHYQGFDCIQ,0,,False,0,0,0
URBTVTZTLQVLCO,0,,False,0,0,0
YNHXWZNOUUQLCY,0,,False,0,0,0
RZVAJINKPMORJF,1,CHEMBL112,False,3203,23,15
CKIYSMRPIBQTHQ,2,CHEMBL1618042|CHEMBL464657,True,5,0,0
TXXOWSICLRODES,0,,False,0,0,0
GMZVRMREEHBGGF,1,CHEMBL36715,True,929,0,0
BDGWQMLWIGDEKO,4,CHEMBL2269125|CHEMBL2269126|CHEMBL444743|CHEMBL504013,True,6,3,2
DTLJCLJJBLHMHZ,0,,False,0,0,0
LYJHVEDILOKZCG,1,CHEMBL4078776,True,3,0,0
MYMOFIZGZYHOMD,1,CHEMBL1234886,True,8,0,0
GIJXKZJWITVLHI,5,CHEMBL116590|CHEMBL1201203|CHEMBL1618180|CHEMBL438151|CHEMBL558805,True,495,79,56
IJCITOQWOMWZIG,0,,False,0,0,0
DRUIESSIVFYOMK,1,CHEMBL1330912,False,5,0,0
YAIAKRDGEGUWGD,0,,False,0,0,0
CTAPCZWGIAZCKE,0,,False,0,0,0
UWQYBLOHTQWSQD,1,CHEMBL518543,True,29,9,7
PDHAOJSHSJQANO,1,CHEMBL43065,True,117,23,21
QYHFIVBSNOWOCQ,1,CHEMBL2097002,True,10,0,0
NIONDZDPPYHYKY,2,CHEMBL2252747|CHEMBL2252748,True,6,0,0
OZQBPZSICOOLGU,0,,False,0,0,0
XFZBIINLEPBMDY,0,,False,0,0,0
JNRQSKFTIYCDIP,0,,False,0,0,0
LUHPQMTVPLRAQA,0,,False,0,0,0
NYOBACFTYJEMSA,0,,False,0,0,0
HLEXJAVJCZLRTH,0,,False,0,0,0
RUADGOLRFXTMCY,0,,False,0,0,0
VYTREIXGHYAEES,0,,False,0,0,0
GRKPITUYBIOOJQ,0,,False,0,0,0
LUBVCBITQHEVCJ,0,,False,0,0,0
KCYOZNARADAZIZ,0,,False,0,0,0
LGTLDEUQCOJGFP,1,CHEMBL3188009,True,0,0,0
QMXCHEVUAIPIRM,0,,False,0,0,0
IWTBVKIGCDZRPL,0,,False,0,0,0
BYFKKNYEIXWOQO,0,,False,0,0,0
PXRBWNLUQYZAAX,0,,False,0,0,0
XEWVATFZTBNDCF,0,,False,0,0,0
DVGSOFSBBKDKRU,0,,False,0,0,0
FRWXSKQFKDEAOY,0,,False,0,0,0
ZEYHEAKUIGZSGI,1,CHEMBL21932,True,69,4,2
CTMXPIJTHHSEEF,0,,False,0,0,0
UGESQDAUQLNVHU,0,,False,0,0,0
BNAGIDDOEKUJRZ,0,,False,0,0,0
VWYCDHUXOZENHE,0,,False,0,0,0
QKMSLFRFGOTVEJ,0,,False,0,0,0
GVPLJBRRCBBZQZ,0,,False,0,0,0
VFGAVMGYDWDESE,0,,False,0,0,0
XCIXKGXIYUWCLL,1,CHEMBL288998,True,9,0,0
MYYYJBBOQSVLDG,0,,False,0,0,0
VZCNNAQIFXLAEZ,0,,False,0,0,0
MUXOBHXGJLMRAB,1,CHEMBL556489,True,15,0,0
JGWFUSVYECJQDT,0,,False,0,0,0
YCLDNNFGQOEZPF,0,,False,0,0,0
HZBOSAPUGYAKKA,0,,False,0,0,0
XJNQEZOXXPPAOQ,0,,False,0,0,0
IVIMVRAMMWQMHJ,0,,False,0,0,0
UWZGPXOJVOOLSG,0,,False,0,0,0
VTLZEKUPFUIGJQ,0,,False,0,0,0
MAEQOWMWOCEXKP,0,,False,0,0,0
HXRGKEOWDNVHPA,0,,False,0,0,0
OEPKLYQQZLBNKR,0,,False,0,0,0
MXGBYOVWUYSJSN,0,,False,0,0,0
QCOBWZRPFJZHGU,0,,False,0,0,0
ATCKJLDGNXGLAO,0,,False,0,0,0
SSPBQLGVUAXSMH,0,,False,0,0,0
DDIZAANNODHTRB,1,CHEMBL1762668,True,8,4,2
IUBSYMUCCVWXPE,3,CHEMBL13|CHEMBL148306|CHEMBL1741004,True,1582,31,27
LJDAAXOEMCESSS,0,,False,0,0,0
PCEGVTNTURVUCU,0,,False,0,0,0
ISTGUORKGWWKMI,0,,False,0,0,0
JDLXTZDOBFZWQS,0,,False,0,0,0
DDCDOSJHFOGNRO,0,,False,0,0,0
WTLUAUFKSDHGHB,0,,False,0,0,0
BDWBGSCECOPTTH,0,,False,0,0,0
FKHYFWRXDXRBHI,0,,False,0,0,0
DKGIXVJPGFXLRM,0,,False,0,0,0
QQOFWFOBJUGLLJ,0,,False,0,0,0
YPWQROLNAURUHV,0,,False,0,0,0
MWERNBWITQOYEZ,0,,False,0,0,0
MBEDINMZZORSJN,0,,False,0,0,0
DDLPZVTUKLKVQB,0,,False,0,0,0
JDAONBLATRVCRV,0,,False,0,0,0
ZBFVOPVQUXWTHM,0,,False,0,0,0
ALJSKKFUUDIVIZ,0,,False,0,0,0
BPHJCXVZYVVFBT,0,,False,0,0,0
MASDFXZJIDNRTR,0,,False,0,0,0
UJMRIWMQZDBOTB,0,,False,0,0,0
ISXANBIHUVHPID,0,,False,0,0,0
RZPOXAOUEYNXNO,1,CHEMBL2392399,True,2,0,0
PIVPPCDKFVJHEG,0,,False,0,0,0
RPKHYZNMEMGGBG,0,,False,0,0,0
VHCQYGMNMOULRZ,0,,False,0,0,0
WWRGKAMABZHMCN,0,,False,0,0,0
WYJKGKPQXWDIQP,0,,False,0,0,0
ULXCREANZGPRHV,0,,False,0,0,0
PMBZCSBOBLHPSR,0,,False,0,0,0
BWKMGYQJPOAASG,3,CHEMBL11912|CHEMBL2305085|CHEMBL447576,True,38,16,0
SLGAYYOOVPWBEU,0,,False,0,0,0
WQXXXHMEBYGSBG,0,,False,0,0,0
WUEOXMDKPBMCJB,0,,False,0,0,0
HNSWCSHVNGCNCX,0,,False,0,0,0
ZJLMKPKYJBQJNH,0,,False,0,0,0
NVRBTKMAZQNKPX,0,,False,0,0,0
GZGPRZYZKBQPBQ,1,CHEMBL5266598,False,1,0,0
WOXWUZCRWJWTRT,1,CHEMBL559934,True,13,0,0
GDUBTTXVKWIAKV,0,,False,0,0,0
AVRIJUMTHPONKV,0,,False,0,0,0
ZWLZMAUZWHRCIA,0,,False,0,0,0
SATCOUWSAZBIJO,0,,False,0,0,0
UERQMZVFUXRQOD,0,,False,0,0,0
RJDJXOBGMMKPMH,0,,False,0,0,0
GWJCFAOQCNNFAM,0,,False,0,0,0
OSLQNTYXPTUFGD,0,,False,0,0,0
LSJIRKMDLVEJMX,0,,False,0,0,0
FPUGCISOLXNPPC,1,CHEMBL73237,True,10,2,2
HLFDEAPOXFIBPC,0,,False,0,0,0
IVORRUXZODBSHC,1,CHEMBL1991257,True,52,0,0
QHQDWCHELGHSTO,0,,False,0,0,0
JFGVTUJBHHZRAB,1,CHEMBL375695,True,13,0,0
HDHQZCHIXUUSMK,1,CHEMBL223449,True,8,0,0
KUFFULVDNCHOFZ,1,CHEMBL29878,True,33,0,0
LBYUEEZEGPPBEC,0,,False,0,0,0
PFDFJMIGPOJBQV,0,,False,0,0,0
GIUUCQVKMWBSRT,0,,False,0,0,0
VSGJHHIAMHUZKF,1,CHEMBL191688,False,7,0,0
HDIDUVBFYOAUHI,0,,False,0,0,0
CMBSSVKZOPZBKW,1,CHEMBL61990,True,5,2,2
SWBIKWIZPASJAY,0,,False,0,0,0
ZHJAFQSRABZHOA,0,,False,0,0,0
TVHTUPVHFMTSQT,0,,False,0,0,0
QWVGKYWNOKOFNN,1,CHEMBL46931,True,32,0,0
YNQOGIZOCQEUJR,0,,False,0,0,0
MVUWMWWYYQYMEQ,0,,False,0,0,0
CWGBIWRWBCYASK,1,CHEMBL485455,True,28,6,0
OENPXYRYNLKCJY,0,,False,0,0,0
NVAVSBGZWXIRRK,0,,False,0,0,0
RIXFLDVDAFUCJD,0,,False,0,0,0
MJNRBOGIPLCVIM,2,CHEMBL1774413|CHEMBL2270444,True,16,1,1
JXXGHELAQLZIID,0,,False,0,0,0
ISTJMQSHILQAEC,0,,False,0,0,0
NUHKASXLPYOGHW,1,CHEMBL4535294,False,6,0,0
UWWZVHGCFXMFEW,0,,False,0,0,0
JEXVQSWXXUJEMA,0,,False,0,0,0
YPZBIQKYSOYOGV,0,,False,0,0,0
UETCWEUMZPDOSH,0,,False,0,0,0
JJKQDZKSTXTCRP,0,,False,0,0,0
CIZIOEKXALVGDF,0,,False,0,0,0
QJLADZFQJGPLJJ,0,,False,0,0,0
MCHLWROOUBPFHP,0,,False,0,0,0
LJQNVNNQRWKTJP,0,,False,0,0,0
LRSRTWLEJBIAIT,0,,False,0,0,0
KGGMWVBGURKNQZ,0,,False,0,0,0
OYRRZWATULMEPF,1,CHEMBL302453,False,10,1,1
YKFAFWKDOSYQIP,0,,False,0,0,0
AANIECMHWBXFCP,0,,False,0,0,0
INOVZESTRNGOLS,0,,False,0,0,0
VGIGCWNCMHCEMC,0,,False,0,0,0
CGBMBHPZZAATSX,0,,False,0,0,0
UVCKRQWAYCEHQQ,1,CHEMBL1951656,False,1,0,0
PWFKLZWNGVGKBA,0,,False,0,0,0
CTBHKOAPXBDFPX,1,CHEMBL1774398,True,20,1,0
KUCNSNKUGFEHJF,0,,False,0,0,0
UTQNZQXREZQZIG,1,CHEMBL1405722,False,30,0,0
SUMGIJGZVZCPSL,0,,False,0,0,0
YZUFVEBRGXHFJJ,1,CHEMBL1588517,True,6,0,0
JLVBSBMJQUMAMW,0,,False,0,0,0
OASZMKFGOOQRNQ,1,CHEMBL1975331,False,49,0,0
YCJCLDOHESCJRP,0,,False,0,0,0
DUWQEMMRMJGHSA,0,,False,0,0,0
XXEZIFFYVUWPSP,0,,False,0,0,0
BBPXZLJCPUPNGH,0,,False,0,0,0
LKUHCKYZGMFUBZ,0,,False,0,0,0
WGEPHUMFOWXVRZ,0,,False,0,0,0
MEJKLMDIDWGEPF,0,,False,0,0,0
QQGXTQQJKOBQFA,0,,False,0,0,0
DFYRUELUNQRZTB,1,CHEMBL346919,True,40,1,0
CWZNQWMMDOIFQC,0,,False,0,0,0
USRBWQQLHKQWAV,1,CHEMBL451665,True,20,0,0
KPVJTWLSYIGGCU,1,CHEMBL504505,True,7,0,0
XXIKKMLIDXLAIK,2,CHEMBL1215753|CHEMBL338847,True,31,2,0
CVLROTPFWLTRGB,0,,False,0,0,0
GIBHBSRKHBYUKU,0,,False,0,0,0
VIPLXOQHKFBWES,0,,False,0,0,0
ZRDUSMYWDRPZRM,1,CHEMBL3182974,False,0,0,0
KGGVGTQEGGOZRN,2,CHEMBL1729186|CHEMBL1869638,True,5,0,0
KYYRTDXOHQYZPO,1,CHEMBL1873009,False,3,0,0
ZERVJPYNQLONEK,1,CHEMBL156897,True,122,10,0
ZHNUHDYFZUAESO,1,CHEMBL266160,True,9,0,0
RCAWOWBPYYYZPZ,0,,False,0,0,0
JJTQQGNEXQKQRF,0,,False,0,0,0
DTSSCQVCVYZGSI,0,,False,0,0,0
NYPUDXUXLBGPAZ,0,,False,0,0,0
CAKWRXVKWGUISE,0,,False,0,0,0
XIVQUUGRQDHITC,0,,False,0,0,0
UUFAJPMQSFXDFR,3,CHEMBL1276|CHEMBL145089|CHEMBL1513078,True,20,1,1
CUIWZLHUNCCYBL,0,,False,0,0,0
PUFGCEQWYLJYNJ,0,,False,0,0,0
ZKFLCRLFEUPHKP,0,,False,0,0,0
DGTVXEHQMSJRPE,0,,False,0,0,0
NTBHQNDXAJXRPU,0,,False,0,0,0
ZMXUNXRABSSJDU,0,,False,0,0,0
RXURYUQIMBWPRO,0,,False,0,0,0
NEYCGDYQBQONFC,3,CHEMBL1214684|CHEMBL2373862|CHEMBL2374702,True,134,9,3
GKASDNZWUGIAMG,1,CHEMBL1476236,False,3,0,0
GSNUFIFRDBKVIE,1,CHEMBL1416448,True,3,0,0
MSWZFWKMSRAUBD,5,CHEMBL234432|CHEMBL3304228|CHEMBL4551840|CHEMBL493287|CHEMBL5195673,True,878,1,0
UYTPUPDQBNUYGX,1,CHEMBL219568,True,49,16,9
OSJUENOXPFOHLF,0,,False,0,0,0
DYWSVUBJGFTOQC,0,,False,0,0,0
JJIDUNHDYJESJA,0,,False,0,0,0
UKDKWYQGLUUPBF,0,,False,0,0,0
WUKBFHJDIJGYHT,0,,False,0,0,0
ADANNTOYRVPQLJ,0,,False,0,0,0
JYKNMRPMJXDBJS,0,,False,0,0,0
SSBZLMMXFQMHDP,2,CHEMBL3922508|CHEMBL497044,True,11,5,5
DCLHWYSXBSMRRM,0,,False,0,0,0
FVKRIDSRWFEQME,0,,False,0,0,0
XYYAFLHHHZVPRN,2,CHEMBL1595442|CHEMBL257170,True,177,1,0
WRYXIZJRAKUGEP,0,,False,0,0,0
STLBTFMCSOXEAQ,0,,False,0,0,0
HGUQPCAWIZIAKO,1,CHEMBL488927,True,9,0,0
NWRPENOOCXAGDV,0,,False,0,0,0
HKYGSMOFSFOEIP,0,,False,0,0,0
OGGUSDOXMVVCIX,0,,False,0,0,0
MAZMHPQDNYKCOI,1,CHEMBL336638,False,3,3,3
ULCAARWSYAQPHN,0,,False,0,0,0
HVPFXCBJHIIJGS,0,,False,0,0,0
WDFBTQUPHDHIQD,0,,False,0,0,0
OAUCHXPHYIWYEW,0,,False,0,0,0
KTZMJZLZKQMODA,0,,False,0,0,0
PFQPGZDVNHHXLR,0,,False,0,0,0
JMBKXUYCBVKSSY,2,CHEMBL202413|CHEMBL381700,True,16,8,0
NHOIBRJOQAYBJT,1,CHEMBL1774397,True,10,1,0
TXDYFFZJOSDMMR,0,,False,0,0,0
XVAVQANUJQBBFF,1,CHEMBL3261317,True,10,6,0
BIFJPJMBQFQZFK,0,,False,0,0,0
RHSBIGNQEIPSCT,1,CHEMBL1871991,True,1,0,0
OIZXRZCQJDXPFO,0,,False,0,0,0
WPFVBOQKRVRMJB,1,CHEMBL3186027,True,16,0,0
QXHIBROWKKWYFM,0,,False,0,0,0
FQCPXIJRWHRHIP,1,CHEMBL1708543,True,4,0,0
NXCIJRYHLFBLML,0,,False,0,0,0
ITDOFWOJEDZPCF,4,CHEMBL1732407|CHEMBL2442730|CHEMBL259731|CHEMBL463526,True,81,10,4
YONXPYGTYHMKDH,1,CHEMBL67238,True,2,1,1
MXQKCBNRVWMZGA,0,,False,0,0,0
KNNLBNGFDFACBL,0,,False,0,0,0
WXRHSENXOVKNBY,0,,False,0,0,0
FGDFTBGSYDLKIZ,0,,False,0,0,0
DORDKDUSCNWFPJ,0,,False,0,0,0
YCYXUKRYYSXSLJ,0,,False,0,0,0
RKTNZIQSYZDTJV,0,,False,0,0,0
FLTWOOAJLVECQQ,1,CHEMBL2288874,True,1,0,0
MGNBYZGLBGZLSJ,0,,False,0,0,0
UTGMDFONUNJYQP,0,,False,0,0,0
VMZOBROUFBEGAR,0,,False,0,0,0
FOEYMRPOKBCNCR,0,,False,0,0,0
WXFVNBKWGUKJJX,0,,False,0,0,0
LAQCZBYXNRANFU,0,,False,0,0,0
LFWQUGCYGMCTQW,0,,False,0,0,0
LUUDAJQADHSYHX,0,,False,0,0,0
GETQZCLCWQTVFV,1,CHEMBL439723,True,11,1,1
XZZNDPSIHUTMOC,1,CHEMBL454511,True,18,0,0
WOGVWUCXENBLIV,0,,False,0,0,0
UIYCHXAGWOYNNA,0,,False,0,0,0
LYLCSFCDRCQMOA,0,,False,0,0,0
FMIPNAUMSPFTHK,1,CHEMBL5269599,True,2,0,0
MBUDKOJZMLXUOB,0,,False,0,0,0
ATVMIDWJKUQRGK,0,,False,0,0,0
VTSVOXWTSJUBFY,0,,False,0,0,0
OGDNDISFPNBJNB,0,,False,0,0,0
OOBAKFDIGIHHOM,0,,False,0,0,0
KZWVKLCHNQACOR,0,,False,0,0,0
KCIKCCHXZMLVDE,0,,False,0,0,0
BHJOIVXJMQHKIY,0,,False,0,0,0
QWUWMCYKGHVNAV,1,CHEMBL440895,True,6,0,0
RVSGRNKUJJUAPV,0,,False,0,0,0
ZMXFZZOCUKHAFO,0,,False,0,0,0
UMHQHFHQQZZQGN,0,,False,0,0,0
DUEPRVBVGDRKAG,1,CHEMBL416081,True,63,0,0
ZCHJDPZFFPJKEN,0,,False,0,0,0
UNIJYMVRSKZTJI,1,CHEMBL1221847,True,2,0,0
PACBGANPVNHGNP,1,CHEMBL253777,True,51,29,5
UGQUOHHDWLIZQM,0,,False,0,0,0
FOLWIXVADBBXRG,0,,False,0,0,0
IXPSEGJOLGZCSS,1,CHEMBL4866432,True,1,1,0
OGQSUSFDBWGFFJ,1,CHEMBL462898,True,1,0,0
MJCAZJRHCYZNAX,0,,False,0,0,0
WOXQROZUZURVHX,1,CHEMBL2408720,True,3,0,0
QZOBONFUOPKXNI,1,CHEMBL4740930,True,1,0,0
DLQSYZMPSWHYMW,2,CHEMBL1253830|CHEMBL450675,True,21,3,1
WIKUZWCBCFNRHH,1,CHEMBL3092653,True,5,3,0
WCBCDLSKTYUDDL,0,,False,0,0,0
WKIHBIBUCQPPBY,2,CHEMBL4218102|CHEMBL4471702,True,10,1,1
TZFMMLLCZBTTIT,0,,False,0,0,0
FDCFULFSCKUVRP,0,,False,0,0,0
UWHAVVVOLNKMIC,0,,False,0,0,0
YFHGNGNLIWGTTR,0,,False,0,0,0
XXQUTHYOIGFGPG,1,CHEMBL514745,True,1,1,1
IOMYTSYGOQQBAH,0,,False,0,0,0
QAXISZJBSORHRN,0,,False,0,0,0
OOIGDPTZPWRGHN,0,,False,0,0,0
ODPLFJYILBATKC,0,,False,0,0,0
PCYBUYVULWMAJX,0,,False,0,0,0
SXOZSDJHGMAEGZ,3,CHEMBL240954|CHEMBL3187298|CHEMBL3356434,True,680,147,6
HBNFLLJEFIGGHR,0,,False,0,0,0
GFYBKTBIGUBCIT,0,,False,0,0,0
KZBAXKKOXPLOBX,1,CHEMBL3527009,True,1,0,0
YTYFGDJADQYGLC,1,CHEMBL1689269,True,6,3,1
QCIILLDRJZPUDI,1,CHEMBL3918733,True,5,1,0
DDVGNSDGGWHPQZ,1,CHEMBL4470965,True,11,0,0
PLZDDPSCZHRBOY,0,,False,0,0,0
DBULLUBYDONGLT,0,,False,0,0,0
ZWBURTPIYLFHIK,0,,False,0,0,0
AXCXJIKUZOEPMX,0,,False,0,0,0
VZEXGWGJXZJLPY,0,,False,0,0,0
QZXHFNCQMMUANB,1,CHEMBL2206210,True,2,1,0
AMTJHZIQBTUFSJ,0,,False,0,0,0
NMWHNQAIHFWROQ,1,CHEMBL3797863,True,15,0,0
HTZWVZNRDDOFEI,0,,False,0,0,0
MESLDFVKOWKXTR,1,CHEMBL252323,True,6,0,0
DJANTOIZZWTJKS,0,,False,0,0,0
ZYLJCUKCYXHXHV,1,CHEMBL252118,True,9,1,0
WIHSWORKGXEYFX,0,,False,0,0,0
DVILVCNQCLDLLF,2,CHEMBL253531|CHEMBL402585,True,2,2,0
UEXXTJMWLNVGOF,0,,False,0,0,0
JMOFRLILFOJJEZ,0,,False,0,0,0
YWQJKAJFLCNHPB,1,CHEMBL468658,True,5,4,0
DAHSVKLBJOEDAN,0,,False,0,0,0
FOAJNGPUZICBJQ,0,,False,0,0,0
SHBCCFGHZDXOET,1,CHEMBL1979575,True,58,0,0
FWCPQBUXTSVEIC,0,,False,0,0,0
ADZMLQKJPQFTIS,0,,False,0,0,0
RQMZGGUOZFASJD,0,,False,0,0,0
VCKSNYNNVSOWEE,0,,False,0,0,0
UCIDYSLOTJMRAM,0,,False,0,0,0
CRKGQMSUXYSVOM,0,,False,0,0,0
FJGNTEKSQVNVTJ,0,,False,0,0,0
GZEDKDBFUBPZNG,0,,False,0,0,0
XSWSEQPWKOWORN,1,CHEMBL446067,True,1,0,0
FYHRJWMENCALJY,4,CHEMBL162044|CHEMBL3217768|CHEMBL353882|CHEMBL5396576,True,35,4,4
RDFMDVXONNIGBC,1,CHEMBL73530,True,1,0,0
ONANHJGDQJCYMD,0,,False,0,0,0
RXIMBIRJURQOKO,0,,False,0,0,0
CBVJJGRSRFXUPK,0,,False,0,0,0
HKLQRDNIDPUNEC,0,,False,0,0,0
KSFDHSSNYJNHAN,0,,False,0,0,0
BTJASUXQNVKCMG,0,,False,0,0,0
QEBAXZCXAFWBDK,1,CHEMBL388766,True,7,1,0
YPDLLJYJSWXQMO,0,,False,0,0,0
WKCGHSAPDCPZBQ,0,,False,0,0,0
DCTOHCCUXLBQMS,0,,False,0,0,0
VHGCDTVCOLNTBX,3,CHEMBL1442868|CHEMBL299052|CHEMBL641,True,287,34,21
DFEHQWFIOMAGBM,1,CHEMBL480091,True,12,0,0
CJPQIRJHIZUAQP,1,CHEMBL2286691,True,19,0,0
ZUOUZKKEUPVFJK,1,CHEMBL14092,True,29,0,0
ILYCWAKSDCYMBB,1,CHEMBL2356023,True,84,0,0
LKSDMWQHUIMVKX,0,,False,0,0,0
RIZMRRKBZQXFOY,1,CHEMBL1713417,True,16,0,0
UFULAYFCSOUIOV,1,CHEMBL602,True,108,3,0
NZWOPGCLSHLLPA,2,CHEMBL1318739|CHEMBL978,True,79,11,11
HAMGRBXTJNITHG,1,CHEMBL1608558,True,5,0,0
QKKFTUDASIMWMP,0,,False,0,0,0
WEKMLKHOURBVLB,0,,False,0,0,0
MZZHYTYNGJPMNW,0,,False,0,0,0
CHNUNORXWHYHNE,1,CHEMBL1080648,False,59,6,3
QSLJIVKCVHQPLV,2,CHEMBL1200436|CHEMBL3348926,True,57,2,2
QYMMJNLHFKGANY,1,CHEMBL2138242,False,28,0,0
CSFLHJXSUNGHGR,0,,False,0,0,0
DYTVUYVLJDSMFA,1,CHEMBL500389,True,4,0,0
SZLWSWKRZSAHBC,0,,False,0,0,0
ZTXJEKUSJCAIBH,0,,False,0,0,0
BOTDANWDWHJENH,1,CHEMBL3187981,False,0,0,0
YODZTKMDCQEPHD,1,CHEMBL444480,True,11,0,0
LLMDVCLUSLJYNI,0,,False,0,0,0
CCFJXGUHYQBXDT,0,,False,0,0,0
YJVXDRHQRLHFGY,0,,False,0,0,0
DGXIUFDVYPIXCI,0,,False,0,0,0
DONIPVCAKBPJLH,1,CHEMBL500585,True,35,7,1
HUPRDMYBAAXVEC,0,,False,0,0,0
TZJRPRMTYSBPHU,0,,False,0,0,0
ZYEOKRRTVSAHPL,0,,False,0,0,0
LVWSZGCVEZRFBT,0,,False,0,0,0
AINIZSBLAFHZCP,0,,False,0,0,0
KLHRTBILXJZHSA,1,CHEMBL4164399,True,2,1,1
YKKOCJJTUUOJTC,0,,False,0,0,0
GZLPXPJVSGKJNX,0,,False,0,0,0
HNOFNBVWCFKUEQ,0,,False,0,0,0
OXKMZIABKYHLAR,1,CHEMBL445086,True,9,3,1
CMXKUJNZWYTFJN,1,CHEMBL307500,True,2,0,0
UYPPHUAQDGUVKN,0,,False,0,0,0
LYSHVSOMKBORDM,1,CHEMBL4743046,True,5,4,0
VRDLGTLMAZPOMK,1,CHEMBL495033,True,3,3,0
PPTXKCYXNDLKTQ,0,,False,0,0,0
CDMVQQAHEQVSMF,2,CHEMBL3122165|CHEMBL495179,True,22,11,0
OAVZVNDSDPGHBL,0,,False,0,0,0
CMHWMOGWFZWDMR,7,CHEMBL1159613|CHEMBL2114217|CHEMBL2115218|CHEMBL3265172|CHEMBL3349024|CHEMBL3350144|CHEMBL449767,True,36,32,0
WPVGSIBYLZQSIK,2,CHEMBL400877|CHEMBL4781168,True,9,6,0
HDPUXESLSOZSIB,0,,False,0,0,0
CYALIXCZDDIKKE,0,,False,0,0,0
QWIZNVHXZXRPDR,1,CHEMBL386007,True,14,0,0
YOCULAYFPPWLRI,1,CHEMBL449207,True,8,3,1
XZTUSOXSLKTKJQ,6,CHEMBL109863|CHEMBL1453|CHEMBL1591205|CHEMBL3250509|CHEMBL4754932|CHEMBL73961,True,347,57,2
RIPMDUQTRRLJTE,1,CHEMBL503155,True,1,1,0
YLDBWOUPHZGCJG,1,CHEMBL360322,True,9,6,1
YGEZNPAUPPSUAS,0,,False,0,0,0
ZVZRJSHOOULAGB,0,,False,0,0,0
NSSHGPBKKVJJMM,0,,False,0,0,0
DNXCFGPMWMQYEM,0,,False,0,0,0
YJMNEZANCYQLJR,0,,False,0,0,0
ZYDDITZPGFXQSD,0,,False,0,0,0
ZYJFJURMFHCWOB,0,,False,0,0,0
YJFOZRTWRVNHOG,0,,False,0,0,0
TUJOKWPTOVJHLY,0,,False,0,0,0
IBKQQKPQRYUGBJ,1,CHEMBL228050,True,2,2,0
KYCWEGRYYVNZLT,0,,False,0,0,0
ZVDBUOGYYYNMQI,0,,False,0,0,0
DVLGEHCERRWDIX,0,,False,0,0,0
RQTWDINIJYBFNS,0,,False,0,0,0
FAIAJSOSTNJZCI,0,,False,0,0,0
FJJUXGUOHOVYPK,0,,False,0,0,0
SPDFSSLYVRCMDZ,0,,False,0,0,0
ZZBRROWCLNPLDK,1,CHEMBL1312273,False,3,0,0
IRKYBYIUHWZQGP,0,,False,0,0,0
CEHXHNJPVYNHPU,0,,False,0,0,0
OGNFXCGDHLOCRX,0,,False,0,0,0
WRBHKVWLEIYLDZ,0,,False,0,0,0
IHEORNQYISDNQZ,0,,False,0,0,0
NOQKKFBBAODEHN,0,,False,0,0,0
XERALSLWOPMNRJ,0,,False,0,0,0
KZUOLSGYSYIQHE,0,,False,0,0,0
LDPLFHGGZNSKDS,1,CHEMBL3233512,True,4,0,0
VNYRYHUSEXFRBX,0,,False,0,0,0
LDVNKZYMYPZDAI,0,,False,0,0,0
LCZMVUQKRUXUPG,0,,False,0,0,0
FHSVMYDBGPVTTJ,0,,False,0,0,0
MBKUYULYIBPFSF,1,CHEMBL518227,True,7,1,1
ICEDBMJSTNTMIT,0,,False,0,0,0
WGQKYBSKWIADBV,1,CHEMBL522,True,88,4,2
IXVMHGVQKLDRKH,3,CHEMBL1801925|CHEMBL1967970|CHEMBL563853,True,65,0,0
BDOSMKKIYDKNTQ,0,,False,0,0,0
RHJULGLSOARXMO,0,,False,0,0,0
LRFDUPNLCDXZOE,0,,False,0,0,0
LLPRITPJQPQXIR,2,CHEMBL501769|CHEMBL81853,True,9,0,0
VYZAMTAEIAYCRO,0,,False,0,0,0
XLFLNLAIJULEFF,0,,False,0,0,0
RYGMFSIKBFXOCR,0,,False,0,0,0
UPHVHMSLLBDZEV,0,,False,0,0,0
JPZVRVBLRLTZHX,0,,False,0,0,0
FALRQTIXQCGLJF,0,,False,0,0,0
VSYLEWGIVLSDIY,0,,False,0,0,0
QGGZBXOADPVUPN,1,CHEMBL490512,True,17,0,0
AQZGPSLYZOOYQP,0,,False,0,0,0
QMMFVYPAHWMCMS,1,CHEMBL15580,True,3,0,0
NBMAHNZMRSQCPG,0,,False,0,0,0
RSYUFYQTACJFML,3,CHEMBL1326092|CHEMBL159303|CHEMBL3437595,True,69,4,4
SDZPYNMXGUHFMZ,1,CHEMBL159706,True,6,2,0
GQGIIUWXMCBYIJ,0,,False,0,0,0
LQQNPVZIFKLQPE,0,,False,0,0,0
MFLLSCKTQGKMDL,0,,False,0,0,0
BFPYWIDHMRZLRN,7,CHEMBL1367486|CHEMBL1519332|CHEMBL1627464|CHEMBL1628202|CHEMBL3348877|CHEMBL334967|CHEMBL691,True,2877,70,43
KRHYYFGTRYWZRS,4,CHEMBL1232767|CHEMBL1248|CHEMBL1362|CHEMBL1909275,False,41,1,1
ZMGJNJFHZNMVCW,0,,False,0,0,0
BFYPQDKZLOZOLQ,0,,False,0,0,0
DYOGMCCRMUFRSF,0,,False,0,0,0
LQQFFJFGLSKYIR,0,,False,0,0,0
GRSZFWQUAKGDAV,2,CHEMBL1207374|CHEMBL277150,True,21,3,1
XEEYBQQBJWHFJM,0,,False,0,0,0
XPPALVZZCMPTIV,0,,False,0,0,0
DATAGRPVKZEWHA,3,CHEMBL3039113|CHEMBL4303298|CHEMBL5308424,True,9,0,0
WABPQHHGFIMREM,0,,False,0,0,0
FYGDTMLNYKFZSV,4,CHEMBL1234363|CHEMBL1870582|CHEMBL4303712|CHEMBL4637211,True,8,0,0
RQTTXGQDIROLTQ,1,CHEMBL4742872,True,1,0,0
FYGLBBKMAXYZSY,0,,False,0,0,0
PXHVJJICTQNCMI,0,,False,0,0,0
AAMHBRRZYSORSH,1,CHEMBL1422466,False,1,0,0
RODSAXQRFYLQBA,0,,False,0,0,0
TTZMHKKXJPKNOY,0,,False,0,0,0
VRODWQGSCHPDJK,0,,False,0,0,0
BEPYKTSNKZMROV,0,,False,0,0,0
WXQMTHFXSUBUEQ,1,CHEMBL350227,True,2,0,0
WXFRFCWHHBELIH,0,,False,0,0,0
RBQOQRRFDPXAGN,1,CHEMBL1079905,True,96,7,1
FYBMGZSDYDNBFX,1,CHEMBL499824,True,12,1,1
MPUCOEGUJZQKTC,2,CHEMBL3609100|CHEMBL4204191,True,19,3,0
KMJPKUVSXFVQGZ,2,CHEMBL253536|CHEMBL3039319,True,8,2,1
ZEASWHWETFMWCV,3,CHEMBL1451483|CHEMBL402609|CHEMBL434864,True,65,5,1
CTVAVEOYQKVFFY,2,CHEMBL1325390|CHEMBL159548,True,29,4,0
AXQMCYYCOKLZPP,0,,False,0,0,0
ARSRJFRKVXALTF,1,CHEMBL247484,True,68,6,3
ILGIXPTYODRSEG,0,,False,0,0,0
HCHKCACWOHOZIP,1,CHEMBL1201279,True,1,1,1
YYUUNHNAFZSUQJ,0,,False,0,0,0
CMDFBPKMTHORSL,0,,False,0,0,0
VYUIKSFYFRVQLF,0,,False,0,0,0
KTHXBEHDVMTNOH,1,CHEMBL449234,True,1,0,0
AATSUYYYTHJRJO,0,,False,0,0,0
WWVKOCDDDWJQLC,1,CHEMBL451530,True,1,0,0
RPFAABJEBARVGF,1,CHEMBL505878,True,1,0,0
CYQFCXCEBYINGO,3,CHEMBL465|CHEMBL4845760|CHEMBL4862731,True,476,92,67
RFAYJRLIEJZHOI,0,,False,0,0,0
SBPMGFIOIRMBJJ,0,,False,0,0,0
YCBKSSAWEUDACY,2,CHEMBL3229459|CHEMBL421988,True,18,2,0
XBSNBTUVWUHYPH,0,,False,0,0,0
AHCVNGFLPZSKFK,0,,False,0,0,0
FBTSZZALORIKJQ,0,,False,0,0,0
DZLSXQDQGMAPKJ,1,CHEMBL560417,True,11,4,0
WINFXCCVLVWQDW,0,,False,0,0,0
CTWVUTHJMAYHKZ,1,CHEMBL465713,True,4,0,0
GPDTXUUTEQEBIO,1,CHEMBL465711,True,1,0,0
SEVUTCIRXJTCGN,0,,False,0,0,0
BNQMVNIBBISQQQ,0,,False,0,0,0
VJDRSTHNWHVTNQ,1,CHEMBL4643387,True,30,3,0
HZIUOYKEIQRKPA,0,,False,0,0,0
YNEDRCVBAZBNDR,0,,False,0,0,0
LTMKWDWWHXRNMO,0,,False,0,0,0
AKFOHAJXLDHIEH,0,,False,0,0,0
AAXZFUQLLRMVOG,0,,False,0,0,0
RLWRMIWDIOHGBH,0,,False,0,0,0
GKVOVXWEBSQJPA,1,CHEMBL5566564,True,3,1,1
WBRXESQKGXYDOL,1,CHEMBL5190596,False,9,4,2
IPGGELGANIXRSX,1,CHEMBL501210,True,9,2,0
VAFRUJRAAHLCFZ,0,,False,0,0,0
KASVLYINZPAMNS,1,CHEMBL500398,True,6,0,0
YJYIDZLGVYOPGU,2,CHEMBL4856713|CHEMBL5592617,True,15,0,0
FAVCTJGKHFHFHJ,1,CHEMBL4573671,True,15,0,0
QUYCDNSZSMEFBQ,0,,False,0,0,0
GGVVJZIANMUEJO,0,,False,0,0,0
YDQGBHYBGYGBPF,0,,False,0,0,0
UEFGHYCIOXYTOG,0,,False,0,0,0
CEBQMQLIBDRBKA,0,,False,0,0,0
JRLGPAXAGHMNOL,0,,False,0,0,0
DCTYOPYRKNJGKS,0,,False,0,0,0
GTZCVFVGUGFEME,2,CHEMBL153658|CHEMBL347285,True,91,1,0
RKGZIQAVALNWSZ,1,CHEMBL506891,True,1,0,0
RIKKBBVWCNNHHE,1,CHEMBL451480,True,1,0,0
MQJYRDGWGIZCIV,2,CHEMBL458389|CHEMBL458779,True,2,0,0
QFWADGLXGUFMMG,1,CHEMBL515373,True,1,0,0
YDGMGEXADBMOMJ,1,CHEMBL457530,True,44,1,1
WHBMMWSBFZVSSR,3,CHEMBL1162484|CHEMBL1162496|CHEMBL1162497,True,43,0,0
UVOLYTDXHDXWJU,3,CHEMBL422704|CHEMBL5409297|CHEMBL5427635,True,143,28,15
IGHTZQUIFGUJTG,1,CHEMBL154127,True,19,1,1
REOZWEGFPHTFEI,3,CHEMBL2387742|CHEMBL6012633|CHEMBL6153186,True,104,49,26
QXACEHWTBCFNSA,1,CHEMBL497318,True,102,42,31
YNKVBFQBHSCXGQ,0,,False,0,0,0
VBGLYOIFKLUMQG,1,CHEMBL74415,True,138,55,34
YEDIZIGYIMTZKP,0,,False,0,0,0
XWIWWMIPMYDFOV,0,,False,0,0,0
JNWBWFSVYIENLJ,0,,False,0,0,0
TZGCTXUTNDNTTE,1,CHEMBL3586111,True,7,2,2
PDADLCKRVIFEGH,0,,False,0,0,0
OWSPBIWYEIHDKZ,1,CHEMBL450083,False,6,0,0
RHGKLRLOHDJJDR,1,CHEMBL444814,True,134,1,0
CVSVTCORWBXHQV,1,CHEMBL283800,True,56,1,1
HCAWPGARWVBULJ,4,CHEMBL267227|CHEMBL275933|CHEMBL464679|CHEMBL46518,True,118,19,16
OGXXAQFMAFTSRU,1,CHEMBL345410,False,5,0,0
WIDIPARNVYRVNW,2,CHEMBL5434627|CHEMBL5439549,False,26,0,0
UCONUSSAWGCZMV,1,CHEMBL465718,True,46,7,6
VITZNDKHSIWPSR,1,CHEMBL1086558,True,1,1,1
IQSYWEWTWDEVNO,1,CHEMBL4564251,True,11,0,0
BWFHYGJGKLAXKO,0,,False,0,0,0
TZFPIQSSTVIJTQ,0,,False,0,0,0
MGFYIUFZLHCRTH,1,CHEMBL1234848,True,20,3,1
NTYJJOPFIAHURM,1,CHEMBL90,True,608,136,124
ZNJFBWYDHIGLCU,2,CHEMBL445499|CHEMBL449572,True,14,5,5
YGPSJZOEDVAXAB,3,CHEMBL1233899|CHEMBL1377927|CHEMBL498416,True,48,2,2
OIRFZVJHADZVMD,0,,False,0,0,0
CYZKJBZEIFWZSR,1,CHEMBL1229144,True,0,0,0
TXFPEBPIARQUIG,1,CHEMBL201083,True,55,13,0
UCQUAMAQHHEXGD,1,CHEMBL243161,True,3,0,0
WYEFRBILENQYOH,1,CHEMBL1823117,True,14,11,11
XOAAWQZATWQOTB,1,CHEMBL239243,True,111,1,1
PMVUDIZEEHQUIV,0,,False,0,0,0
UYPYRKYUKCHHIB,0,,False,0,0,0
DZGWFCGJZKJUFP,1,CHEMBL11608,True,143,15,14
XXPBOEBNDHAAQH,0,,False,0,0,0
LOGSONSNCYTHPS,1,CHEMBL224233,True,2,0,0
HUCLCMAVGXHPPK,0,,False,0,0,0
BWRHOYDPVJPXMF,0,,False,0,0,0
AJKIRUJIDFJUKJ,1,CHEMBL2105420,True,92,0,0
PLZVEHJLHYMBBY,1,CHEMBL110011,True,78,1,1
JWVCLYRUEFBMGU,1,CHEMBL301359,True,8,3,1
GJWSUKYXUMVMGX,1,CHEMBL2288023,True,2,0,0
AVEYFOMPMVDZJY,0,,False,0,0,0
OUWOVSUGDPWIBY,0,,False,0,0,0
OEEUHNAUMMATJT,1,CHEMBL1689343,True,6,1,0
VTURJKQJEXSKNY,0,,False,0,0,0
PVVORTURQPBPEQ,1,CHEMBL13097,True,32,0,0
USWXMMRFOWNEOR,0,,False,0,0,0
MIYGQTFETYBMKF,0,,False,0,0,0
FYXWDSGGZAMYFZ,1,CHEMBL1185568,False,40,0,0
SITNBMVOMZOXOP,0,,False,0,0,0
PUPKKEQDLNREIM,1,CHEMBL251766,True,38,2,0
ZTRJYQPANUYJHW,0,,False,0,0,0
UPIRHFZFPVEDCF,0,,False,0,0,0
RSRDWHPVTMQUGZ,0,,False,0,0,0
SHGAZHPCJJPHSC,8,CHEMBL1235644|CHEMBL1333056|CHEMBL2051965|CHEMBL38|CHEMBL44478|CHEMBL4582509|CHEMBL547|CHEMBL705,True,3796,563,293
ZFULIMDGARVKBJ,0,,False,0,0,0
QBILRDAMJUPXCX,1,CHEMBL1551151,True,16,0,0
WWABOEGJVNVCGA,0,,False,0,0,0
RWFBQHICRCUQJJ,1,CHEMBL3544718,True,3,0,0
SQXLGHNKHZNVRT,0,,False,0,0,0
OFHHDSQXFXLTKC,1,CHEMBL3185269,True,0,0,0
BUMHFBGBXFTGJZ,0,,False,0,0,0
KGVWWFCEYXERAE,1,CHEMBL135503,False,1,0,0
HJQWLHMLMCDAEL,0,,False,0,0,0
TWXWPPKDQOWNSX,0,,False,0,0,0
BWLUMTFWVZZZND,1,CHEMBL3182419,True,0,0,0
BJINVQNEBGOMCR,0,,False,0,0,0
KJHKTHWMRKYKJE,1,CHEMBL729,True,1018,284,30
PWAOOJDMFUQOKB,1,CHEMBL510095,True,27,0,0
GEYOCULIXLDCMW,1,CHEMBL70582,True,116,0,0
NMCFFEJWADWZTI,1,CHEMBL240375,True,17,0,0
FYRCJESZNSAWKP,0,,False,0,0,0
MEJKNMVFSMYBHE,0,,False,0,0,0
KKEYFWRCBNTPAC,1,CHEMBL1374420,True,14,1,0
APQSQLNWAIULLK,1,CHEMBL362076,True,2,1,0
RLCKHJSFHOZMDR,2,CHEMBL1215869|CHEMBL4853893,True,3,1,0
QXJSBBXBKPUZAA,1,CHEMBL1371781,True,42,0,0
PHKOOHPBTBNZMG,0,,False,0,0,0
IAHAMDDIZJPOGW,0,,False,0,0,0
UDBQSIHTDSUWIR,0,,False,0,0,0
TXXHDPDFNKHHGW,1,CHEMBL1922185,True,1,1,0
QEOHJVNDENHRCH,1,CHEMBL4859666,True,16,0,0
FMRHJJZUHUTGKE,1,CHEMBL1329203,True,9,0,0
QIMMUPPBPVKWKM,1,CHEMBL195895,True,8,2,0
WBBPRCNXBQTYLF,1,CHEMBL277871,True,5,1,0
UOBYKYZJUGYBDK,1,CHEMBL114648,True,15,1,0
OBDUMNZXAIUUTH,0,,False,0,0,0
AABOXTXKWTZARW,0,,False,0,0,0
VKQKGJHUFQGOIX,0,,False,0,0,0
NWPNXBQSRGKSJB,1,CHEMBL1361840,True,9,0,0
GAWAYYRQGQZKCR,1,CHEMBL1743205,False,2,0,0
MALQIUVXJFJRRI,0,,False,0,0,0
NVHBFHMWJJMQTG,0,,False,0,0,0
QESPSAHXYXIGBG,0,,False,0,0,0
FFWSICBKRCICMR,1,CHEMBL45354,True,1,0,0
PZGMUSDNQDCNAG,1,CHEMBL2229586,True,20,0,0
ILNDSSCEZZFNGE,0,,False,0,0,0
JFDZBHWFFUWGJE,1,CHEMBL15819,True,26,0,0
NCPTYZLUYHXITE,0,,False,0,0,0
YDNLNVZZTACNJX,0,,False,0,0,0
ZCFRYTWBXNQVOW,0,,False,0,0,0
VMIYHDSEFNYJSL,1,CHEMBL277062,True,123,0,0
XXAXVMUWHZHZMJ,1,CHEMBL1205542,True,0,0,0
GDTXICBNEOEPAZ,0,,False,0,0,0
QIRGIHPYVVKWTO,1,CHEMBL5432779,True,2,0,0
BXJHOKLLMOYSRQ,0,,False,0,0,0
MELPJGOMEMRMPL,0,,False,0,0,0
AAFJXZWCNVJTMK,2,CHEMBL1987719|CHEMBL3137322,True,77,0,0
JJQZDUKDJDQPMQ,1,CHEMBL3181963,False,0,0,0
QUSNBJAOOMFDIB,1,CHEMBL14449,True,13,0,0
AISZSTYLOVXFII,0,,False,0,0,0
MRYSSTRVUMCKKB,0,,False,0,0,0
YUQVKXFPYUHIIF,0,,False,0,0,0
AXPZDYVDTMMLNB,0,,False,0,0,0
LZCLXQDLBQLTDK,2,CHEMBL3186323|CHEMBL3560966,True,0,0,0
XJDQUPFWVIUWNZ,0,,False,0,0,0
LLVFXXKDPAPSCJ,0,,False,0,0,0
DUXYWXYOBMKGIN,0,,False,0,0,0
DCXXMTOCNZCJGO,0,,False,0,0,0
WKNSDDMJXANVMK,0,,False,0,0,0
FPTJELQXIUUCEY,0,,False,0,0,0
IWYDHOAUDWTVEP,4,CHEMBL1609|CHEMBL292411|CHEMBL3248126|CHEMBL58910,True,60,1,0
GFUGBRNILVVWIE,0,,False,0,0,0
CJBQSBZJDJHMLF,1,CHEMBL4076957,True,2,0,0
FMXYCZVOMYLMKM,0,,False,0,0,0
YSGBMDFJWFIEDF,0,,False,0,0,0
OQXGUAUSWWFHOM,0,,False,0,0,0
NGEWQZIDQIYUNV,3,CHEMBL1162479|CHEMBL1162480|CHEMBL1162481,True,14,0,0
GYLXZHKHPYLEIF,0,,False,0,0,0
ACCRBMDJCPPJDX,0,,False,0,0,0
XHFXKKFVUDJSPJ,0,,False,0,0,0
FZIBCCGGICGWBP,1,CHEMBL299017,True,1,0,0
PONRPCIHEGPNCW,0,,False,0,0,0
RJUFJBKOKNCXHH,1,CHEMBL3183973,True,0,0,0
VYHVQEYOFIYNJP,0,,False,0,0,0
RDOIIXVUYWYICH,0,,False,0,0,0
DRUKNYVQGHETPO,1,CHEMBL3188858,True,0,0,0
CXQXSVUQTKDNFP,1,CHEMBL2142985,False,1,0,0
FKUPPRZPSYCDRS,1,CHEMBL3560504,True,7,0,0
MWMPEAHGUXCSMY,1,CHEMBL4303190,True,6,0,0
NWCHELUCVWSRRS,0,,False,0,0,0
UIJGNTRUPZPVNG,1,CHEMBL1955873,False,25,24,24
SOQMAMPOBCTHAD,0,,False,0,0,0
BBSABGISYQGCJF,0,,False,0,0,0
RZTOWFMDBDPERY,0,,False,0,0,0
FYTRVXSHONWYNE,1,CHEMBL3182050,True,0,0,0
BVWMJLIIGRDFEI,0,,False,0,0,0
RVBFJJRQNLWPJO,0,,False,0,0,0
VKQFHYQWAVXHKH,0,,False,0,0,0
XUAGSNVOHYWHNB,0,,False,0,0,0
SPEUIVXLLWOEMJ,1,CHEMBL3183607,True,0,0,0
OYGKIQPTFDLMEU,0,,False,0,0,0
IGRZECZSICIWJA,0,,False,0,0,0
IJTNSXPMYKJZPR,1,CHEMBL3785424,True,2,0,0
XBWOPGDJMAJJDG,2,CHEMBL19290|CHEMBL19424,False,2,1,1
SRKOIXFFEHFSPT,0,,False,0,0,0
UCBGMNBFRYFMGD,0,,False,0,0,0
ZWLPKVFUKKKNGN,0,,False,0,0,0
DGZZHABEBFUFSC,1,CHEMBL459700,True,10,0,0
XJSQEWBQHRJJSD,0,,False,0,0,0
PDBRDELUHYYCJM,0,,False,0,0,0
RYQFWBSHDMXCOY,0,,False,0,0,0
JUEHHXVLFOIJJJ,0,,False,0,0,0
OBXQRJAQMQQZMY,0,,False,0,0,0
MSLCOWHBLCTBOW,0,,False,0,0,0
PXPMKWLZBSCHGL,0,,False,0,0,0
AIULWNKTYPZYAN,2,CHEMBL3883497|CHEMBL549472,True,51,18,3
LYRUHTQXEPJJBJ,0,,False,0,0,0
JDOJVMJYUULLEN,0,,False,0,0,0
BNRNAKTVFSZAFA,0,,False,0,0,0
HVVZVBWIBBTXAJ,0,,False,0,0,0
BAPQKKJFHFYDMJ,0,,False,0,0,0
RDQSIADLBQFVMY,1,CHEMBL3185121,True,6,5,0
YQLRKXVEALTVCZ,0,,False,0,0,0
YQCZLISEEYFBDQ,0,,False,0,0,0
GGPOJFILAXITNG,0,,False,0,0,0
VKHKSOMMWYPNGI,0,,False,0,0,0
GBHCABUWWQUMAJ,1,CHEMBL3183346,False,0,0,0
KZZWQCKYLNIOBT,0,,False,0,0,0
DMJPUEGJXWMHCG,0,,False,0,0,0
CVKMFSAVYPAZTQ,1,CHEMBL1789229,True,0,0,0
YGTSVJQQDISEHZ,0,,False,0,0,0
TVBJKPLTBPGHDJ,0,,False,0,0,0
WRJWKHJGSNPGND,0,,False,0,0,0
AJAKLDUGVSKVDG,1,CHEMBL4206760,True,5,1,0
GHQCIALFYKYZGS,1,CHEMBL1622337,False,0,0,0
NOJXPGXFDASWEI,0,,False,0,0,0
RGCZULIFYUPTAR,0,,False,0,0,0
WYSSJDOPILWQDC,1,CHEMBL3183034,True,0,0,0
VIPYBBOFDVZRGB,0,,False,0,0,0
VRJHQPZVIGNGMX,0,,False,0,0,0
IWOAFYTUJOSHFE,0,,False,0,0,0
UAZQJKMLLVYNAB,0,,False,0,0,0
XFXWEAWJVWCOBF,0,,False,0,0,0
KDYAAMOAZYBGJX,0,,False,0,0,0
FRTKIPFUELVLHQ,0,,False,0,0,0
LIFAQMGORKPVDH,1,CHEMBL191528,True,126,12,11
WBJNXHBNDYASJD,0,,False,0,0,0
ARFRZOLTIRQFCI,2,CHEMBL463377|CHEMBL463751,True,12,0,0
WTWWTKPAEZQYPW,0,,False,0,0,0
CNQPKAWJKUVJLR,0,,False,0,0,0
UXOLPNSSAQIRAG,0,,False,0,0,0
PRLOXHKVPIRLDE,0,,False,0,0,0
MIAGHUUTGZIIJW,0,,False,0,0,0
VPJHYSGCDYPNSB,0,,False,0,0,0
WNLRTRBMVRJNCN,1,CHEMBL1157,True,19,3,2
CITPXCNSMZMNIW,3,CHEMBL1173074|CHEMBL1317059|CHEMBL1338579,True,7,1,0
SBUYFICWQNHBCM,0,,False,0,0,0
AGNFWIZBEATIAK,1,CHEMBL79512,True,13,2,2
DQKOLPCSICJNQJ,0,,False,0,0,0
WOGBNISMMIOPAZ,2,CHEMBL1371061|CHEMBL4878752,True,7,0,0
HSJKGGMUJITCBW,0,,False,0,0,0
NCAQEOULCQQMGY,0,,False,0,0,0
WOUXRHNTGOLKPF,0,,False,0,0,0
INNYVOGDZSDNIP,0,,False,0,0,0
CTMHWPIWNRWQEG,0,,False,0,0,0
VXDCCDLGCOFZBL,0,,False,0,0,0
VRVUVKAAXLKOOI,0,,False,0,0,0
FNEZBBILNYNQGC,1,CHEMBL6188909,False,1,0,0
MFBVDRDCUYGRCJ,0,,False,0,0,0
HCDJVEYJSSTYSW,0,,False,0,0,0
CECHHHFZXNTPMP,0,,False,0,0,0
KKCDUTBXHFFNMW,0,,False,0,0,0
MMFWVBGUZRYZJB,0,,False,0,0,0
CDOYOXVOYRQINU,0,,False,0,0,0
WDZPYIWWSYMCGM,0,,False,0,0,0
DKEZDPGUJMMUCC,0,,False,0,0,0
JMMWKPVZQRWMSS,1,CHEMBL1608674,True,4,0,0
UXXAEVMOIUAYQT,1,CHEMBL485261,True,1,1,1
LSFCBUIGYCTVGI,0,,False,0,0,0
ZZVUYOQVPMBRHE,0,,False,0,0,0
IDGQXGPQOGUGIX,1,CHEMBL3039403,True,2,0,0
ONLWBSUVTLKLAP,0,,False,0,0,0
MGYBYJXAXUBTQF,1,CHEMBL1714943,True,12,0,0
BHGCRZWUKWPRDM,0,,False,0,0,0
UTHVFIKQCUKKQW,1,CHEMBL5630970,True,1,0,0
RXFCIXRFAJRBSG,1,CHEMBL259148,True,9,1,1
WNYIBZHOMJZDKN,0,,False,0,0,0
ZFONAKQWJPPFEF,0,,False,0,0,0
NCKLMYIJGWLHIF,0,,False,0,0,0
YZVKTRPQHJKFOD,0,,False,0,0,0
YYELLDKEOUKVIQ,1,CHEMBL501722,True,3,2,0
AHLBNYSZXLDEJQ,13,CHEMBL1434441|CHEMBL175247|CHEMBL2305145|CHEMBL2354678|CHEMBL365190|CHEMBL4282318|CHEMBL4282614|CHEMBL4282840|CHEMBL4290524|CHEMBL4291122|CHEMBL4476210|CHEMBL458622|CHEMBL472695,True,453,76,61
MVOSYKNQRRHGKX,0,,False,0,0,0
NDUAXKHGCJIYEQ,0,,False,0,0,0
JMIFIYIEXODVTO,1,CHEMBL465155,True,41,0,0
YPWFISCTZQNZAU,0,,False,0,0,0
MUJVDWHBAVZXAR,0,,False,0,0,0
ULSIYEODSMZIPX,3,CHEMBL19216|CHEMBL19363|CHEMBL19853,True,39,0,0
LCLCVVVHIPPHCG,0,,False,0,0,0
JIEJJGMNDWIGBJ,0,,False,0,0,0
HVIBGCANOBQDPU,0,,False,0,0,0
SEEGVLYKLLCFTK,1,CHEMBL551120,True,7,1,0
HBYNUHOQZHNKSP,0,,False,0,0,0
XINNQYBYFFJBAM,0,,False,0,0,0
BORWSEZUWHQTOK,1,CHEMBL63677,True,80,18,7
QXDDDCNYAAJLBT,0,,False,0,0,0
RHEGYQBXXRFEHU,0,,False,0,0,0
OOONNLUBRNIRBT,0,,False,0,0,0
WVMSIBFANXCZKT,0,,False,0,0,0
WAGHSYZLKZJUQC,0,,False,0,0,0
YCBSMEKEDOHEQI,2,CHEMBL260673|CHEMBL54358,True,39,13,0
FKNXHPFWVGMRFH,0,,False,0,0,0
MMVMCKQTVARYMK,0,,False,0,0,0
OSEPPHZTQZKYGB,0,,False,0,0,0
MQMCFNZDFIXNIT,0,,False,0,0,0
XWCQCIXHSIXOAW,0,,False,0,0,0
IZVFFXVYBHFIHY,2,CHEMBL1515367|CHEMBL3138639,True,14,0,0
LEIXEEFBKOMCEQ,0,,False,0,0,0
ROAHWVMKIWCCHH,0,,False,0,0,0
ZEOSVASXEQYUGA,0,,False,0,0,0
FMNORJDMOXUEDR,0,,False,0,0,0
OGURMTXRUQGVMS,1,CHEMBL40849,True,2,2,2
BTLXPCBPYBNQNR,1,CHEMBL501834,True,10,0,0
NQMUGNMMFTYOHK,0,,False,0,0,0
UKBUAVLRSUYDBZ,0,,False,0,0,0
QBPFLULOKWLNNW,1,CHEMBL53418,True,246,4,2
XOXYHGOIRWABTC,1,CHEMBL3093478,True,6,3,1
ZKSOBTVCCGPIAJ,0,,False,0,0,0
PIYDVAYKYBWPPY,0,,False,0,0,0
JVFKEAXMXKZYRX,0,,False,0,0,0
YZUPYJKFJGOCCI,0,,False,0,0,0
YNAVUWVOSKDBBP,1,CHEMBL276518,True,16,0,0
IHEJEKZAKSNRLY,0,,False,0,0,0
TWQNCGDOHUNFFU,1,CHEMBL4064859,True,3,1,0
UUNPIWCQMVNINR,1,CHEMBL453315,True,36,0,0
NDOBLXUMYKEAGT,0,,False,0,0,0
ZYBCUEHWXIHKHJ,0,,False,0,0,0
FUOYNUQYIXMTMU,0,,False,0,0,0
MZWGOWHEHPSPES,0,,False,0,0,0
SNGBOMOBDFAYFR,0,,False,0,0,0
PZJWZGWBDMSONK,0,,False,0,0,0
BWQZXQFRJAQCEM,0,,False,0,0,0
RZMOICJDRADLCT,0,,False,0,0,0
OLCIPZHLPOAOIH,0,,False,0,0,0
LZTHLBQVLFQNKK,0,,False,0,0,0
NVCKBQXBWJYISN,0,,False,0,0,0
WZJOJDGIZRREKX,0,,False,0,0,0
MVMDDTZDLWMWNW,0,,False,0,0,0
JOAAIYRFWUHKSF,0,,False,0,0,0
YEDUAINPPJYDJZ,1,CHEMBL276936,True,16,0,0
ZNRVRWHPZZOTIE,0,,False,0,0,0
ONYJRUXYOCZIAW,0,,False,0,0,0
KJXHLCAJUKTCTA,0,,False,0,0,0
GLKXYCGSGUUJPS,0,,False,0,0,0
IMAKHNTVDGLIRY,1,CHEMBL4086262,True,6,2,0
BNXZHVUCNYMNOS,0,,False,0,0,0
AKRJXOYALOGLHQ,0,,False,0,0,0
WHRCGABMRKHLFL,0,,False,0,0,0
XIMADJWJJOMVID,0,,False,0,0,0
HDKJVKALAPECQT,0,,False,0,0,0
RKAPPORMAIKMKL,0,,False,0,0,0
UWMTZXSCMQAECK,0,,False,0,0,0
VLHIDEWBPIFGKH,0,,False,0,0,0
AKXIIOLURNATOC,1,CHEMBL225219,False,4,0,0
VZRAYMNDMPDPBO,0,,False,0,0,0
PLZGVLQJBMRSCP,0,,False,0,0,0
KFIRODWJCYBBHY,0,,False,0,0,0
XUTYWCRUUYMVEF,0,,False,0,0,0
OJOBTAOGJIWAGB,1,CHEMBL224146,True,18,0,0
GIXXQTYGFOHYPT,1,CHEMBL452151,False,1,1,0
COIPQIFWUIDWLU,0,,False,0,0,0
VFQXVTODMYMSMJ,1,CHEMBL271717,True,1,0,0
BJJDXAFKCKSLTE,0,,False,0,0,0
CVQUWLDCFXOXEN,0,,False,0,0,0
SGXRPNUPTXIGIO,0,,False,0,0,0
QYHXJSWADYUYGX,0,,False,0,0,0
MDYOLVRUBBJPFM,1,CHEMBL121188,True,159,8,6
GNEUVQRNOYJQLS,0,,False,0,0,0
IKYKEVDKGZYRMQ,0,,False,0,0,0
RRIPWSLJXZPRIU,0,,False,0,0,0
VEVKLOLYYQLRRV,0,,False,0,0,0
OBKUFMIGIUQZRU,1,CHEMBL5280026,True,7,5,0
ZYHJQFMTTFCBKH,0,,False,0,0,0
LEPFYNPJKPSWHQ,0,,False,0,0,0
PISKGSCJHAKXNT,0,,False,0,0,0
VMAPBHJWNDGHJS,0,,False,0,0,0
KLFYPJRLOIHTCM,1,CHEMBL5420771,True,2,2,0
HVBGZKVTJLINJW,0,,False,0,0,0
PESKGJQREUXSRR,4,CHEMBL1526246|CHEMBL4783044|CHEMBL69851|CHEMBL69941,True,24,0,0
PFOJEJPZUVQHEH,0,,False,0,0,0
ZBICFWPIJJTIEN,0,,False,0,0,0
HYPABJGVBDSCIT,0,,False,0,0,0
MQYKQUAHAYNYJH,0,,False,0,0,0
XVXPXUMUGATHPD,1,CHEMBL5206648,True,5,1,0
ZDKMPOJNYNVYLA,1,CHEMBL4081511,True,1,0,0
XKMMRMJBZDCIHI,0,,False,0,0,0
NHLUVTZJQOJKCC,1,CHEMBL1877748,False,1,0,0
DETCOCJXXLLCCF,0,,False,0,0,0
BDOJETRYMYMVBI,0,,False,0,0,0
QOTWPVNGSQSOPI,0,,False,0,0,0
ICVYQLQYVCXJNE,0,,False,0,0,0
BPOHJJWGUCBNFI,0,,False,0,0,0
AZGIFKCGYRMPKP,0,,False,0,0,0
FEXCMMPRRBSCRG,0,,False,0,0,0
XFHLIKVWUURUNF,0,,False,0,0,0
RGXKJLTVROJBKZ,2,CHEMBL3940308|CHEMBL453018,True,10,0,0
KTHDTJVBEPMMGL,2,CHEMBL1231115|CHEMBL143309,True,7,0,0
OMKJDABLEGUPIE,2,CHEMBL2048336|CHEMBL337133,True,6,1,0
RMVPLVQQJCINBE,0,,False,0,0,0
LRGHKKFXSQEYHY,0,,False,0,0,0
JXTGICXCHWMCPM,1,CHEMBL326279,True,11,0,0
UXHDPKGPDXVGAN,0,,False,0,0,0
VWGVVWKWTUQAIE,0,,False,0,0,0
VUMQHLSPUAFKKK,1,CHEMBL4466163,False,2,1,1
HTETYMBEAKZXSG,0,,False,0,0,0
MWQWCHLIPMDVLS,0,,False,0,0,0
OXVQIJQRCUDDOA,0,,False,0,0,0
SHDTWSQDHLKGEO,0,,False,0,0,0
IOLQWLOHKZENDW,3,CHEMBL1178595|CHEMBL1191789|CHEMBL21360,True,1,0,0
KRCBEAOTRITDDF,0,,False,0,0,0
UBKBKYQIPBPYHZ,0,,False,0,0,0
COMSPPGIKGWQMS,0,,False,0,0,0
PFHGNIMWELIXGP,0,,False,0,0,0
NZYBILDYPCVNMU,1,CHEMBL1196278,True,1,0,0
NTMOAQDHNZYZMZ,2,CHEMBL3338254|CHEMBL4104135,True,6,1,0
APGDTXUMTIZLCJ,3,CHEMBL1550740|CHEMBL4754513|CHEMBL485659,True,26,0,0
BNZYRKVSCLSXSJ,2,CHEMBL2004810|CHEMBL453867,True,55,1,1
ZNRLMGFXSPUZNR,1,CHEMBL294154,True,23,0,0
CWCGYMBWIIARIH,0,,False,0,0,0
KVOOIWOVRWCHTQ,0,,False,0,0,0
JGKCGXVOATXMRM,2,CHEMBL4438036|CHEMBL4452084,True,2,2,2
VBEQZFNVRMPLSM,0,,False,0,0,0
MXTPRJXPLFGHEE,0,,False,0,0,0
VIFLAZMQBBPJDQ,0,,False,0,0,0
UTGOOQZGXAWMMG,0,,False,0,0,0
URTIXQAZBNOKIR,0,,False,0,0,0
XSQUKJJJFZCRTK,3,CHEMBL2096635|CHEMBL2096648|CHEMBL985,True,68,1,1
VLFUANNVMXKBPF,2,CHEMBL465571|CHEMBL4876462,True,15,3,1
JXLYSJRDGCGARV,9,CHEMBL1315323|CHEMBL1437021|CHEMBL150387|CHEMBL1518759|CHEMBL159|CHEMBL1625660|CHEMBL22969|CHEMBL2311781|CHEMBL4788494,True,2910,1087,28
YOQNZWXFGROKGY,0,,False,0,0,0
OGWKCGZFUXNPDA,6,CHEMBL1363013|CHEMBL1396825|CHEMBL1740907|CHEMBL2134016|CHEMBL499458|CHEMBL90555,True,1810,363,2
GTYHMLPTHUKXMG,0,,False,0,0,0
CXBGOBGJHGGWIE,4,CHEMBL1317962|CHEMBL2001832|CHEMBL4746385|CHEMBL526546,True,73,1,0
SASWULSUPROHRT,0,,False,0,0,0
LPGWZGMPDKDHEP,2,CHEMBL1187572|CHEMBL508191,True,6,2,0
DDNCQMVWWZOMLN,5,CHEMBL1360725|CHEMBL1441090|CHEMBL254015|CHEMBL254436|CHEMBL71752,True,456,20,3
ZAKOWWREFLAJOT,3,CHEMBL1047|CHEMBL247481|CHEMBL3989859,True,154,0,0
YRLFKJGWNBEAJL,0,,False,0,0,0
RDDWCQFLBRGIKJ,0,,False,0,0,0
LBHQTVBKPMHICN,1,CHEMBL316405,True,1,0,0
ZGPPERKMXSGYRK,0,,False,0,0,0
NUYDBDGECBIUPJ,2,CHEMBL1253213|CHEMBL1453641,True,71,0,0
GHUHROYSNXYBRE,0,,False,0,0,0
MPMOZJNSLITZSA,0,,False,0,0,0
RMLPZKRPSQVRAB,0,,False,0,0,0
FPIOBTBNRZPWJW,1,CHEMBL252904,True,32,1,0
VZFRNCSOCOPNDB,6,CHEMBL1232313|CHEMBL1377519|CHEMBL482097|CHEMBL5589717|CHEMBL5590005|CHEMBL5594753,True,52,23,16
XTEQSOAKCFOJOI,0,,False,0,0,0
WXSKVKPSMAHCSG,0,,False,0,0,0
GVVXPMORGFYVOO,2,CHEMBL4090368|CHEMBL464098,True,19,1,0
ZFLRVRLYWHNAEC,2,CHEMBL4060658|CHEMBL464099,True,62,9,8
RZFPYTZZSXAWPH,0,,False,0,0,0
INZGRPLRNMWDQV,0,,False,0,0,0
DAAVAQORZATFQC,2,CHEMBL301943|CHEMBL3134113,True,7,2,1
RDOXTESZEPMUJZ,1,CHEMBL278024,True,46,1,1
BZUHSQFJABFAHL,1,CHEMBL498647,True,11,0,0
HAIHGFWQOPJMPV,1,CHEMBL53439,True,39,5,1
PQZXFPBMXPGZMO,1,CHEMBL51162,True,54,0,0
BGDQCKOAZKTOFV,0,,False,0,0,0
TXZFBUWNWNHMCS,1,CHEMBL299227,True,1,0,0
ONESXBRHUWVWFD,1,CHEMBL53664,True,2,0,0
LCGLNKUTAGEVQW,1,CHEMBL119178,True,1,0,0
SIVAITYPYQQYAP,1,CHEMBL52676,True,20,4,0
ZTHLHHDJRXJGRX,1,CHEMBL296800,True,24,6,0
IGNBNJUVMNCTNB,1,CHEMBL300489,True,1,0,0
LQHGGFQNRNEFIG,1,CHEMBL523296,True,85,8,0
HNNQYJPDMHXZMQ,0,,False,0,0,0
FVEMXQCEJGGXJB,3,CHEMBL155707|CHEMBL160579|CHEMBL349584,True,9,9,0
RXFZCBZCGBDPDT,0,,False,0,0,0
UUIORUQWCRSGJS,0,,False,0,0,0
AKEYUWUEAXIBTF,0,,False,0,0,0
WOJLIQAMSIVQQZ,0,,False,0,0,0
SXDGNLAJFYRAOG,1,CHEMBL469861,True,1,0,0
NKRBAUXTIWONOV,1,CHEMBL111484,True,38,5,0
GKYVDAMMLMMJGZ,1,CHEMBL322787,True,16,1,0
FHUFRZCNYKLOQQ,0,,False,0,0,0
CRFUBNRBRCLIIV,0,,False,0,0,0
FOBAEHIPCFVYAR,0,,False,0,0,0
DDDLGRSAXDMACD,0,,False,0,0,0
BBGNINPPDHJETF,1,CHEMBL497530,True,6,0,0
HNJTVIULRWWZKQ,0,,False,0,0,0
UQCQCKYXOVENII,0,,False,0,0,0
GVQOVMKBYJKZSY,1,CHEMBL488606,True,17,4,4
IBIDFEWDKNJSRD,1,CHEMBL144346,False,3,1,1
WDIRTEJWYGLLSB,0,,False,0,0,0
WYQVAPGDARQUBT,2,CHEMBL1684590|CHEMBL1789965,True,13,2,0
NNWMHSNRRWMMBI,0,,False,0,0,0
WUEBMGULUIGVLC,0,,False,0,0,0
OBSPVONVWCVMCK,0,,False,0,0,0
ZYPUEOGJHLWGGM,0,,False,0,0,0
UKZNRIQOGQPWHP,0,,False,0,0,0
JSQCMNXZFPMWES,0,,False,0,0,0
SOOVZDUBVGGAAJ,0,,False,0,0,0
POOVYWIYTSHEES,0,,False,0,0,0
CGHSLDCVYVQRJG,0,,False,0,0,0
ZQSUAGVTKAZDJV,1,CHEMBL222805,True,3,0,0
IZEKFCXSFNUWAM,1,CHEMBL932,True,1242,67,27
VVZWHOMBDMMRSC,1,CHEMBL5222397,True,0,0,0
YJGVMLPVUAXIQN,11,CHEMBL1330659|CHEMBL21260|CHEMBL24706|CHEMBL273648|CHEMBL282256|CHEMBL283120|CHEMBL310129|CHEMBL3244929|CHEMBL3245431|CHEMBL5724708|CHEMBL61,True,2591,552,13
BWIBVXYIDIZYFJ,0,,False,0,0,0
BVWDUTYWOIINQI,0,,False,0,0,0
XLZUBCUKXQFBKB,0,,False,0,0,0
LGOPJRNHNGETGG,0,,False,0,0,0
VUKYFJWPBAAZAU,0,,False,0,0,0
KCODNVFFXXYJPA,1,CHEMBL3588939,True,17,4,0
SPFBVQWRJFUDBB,0,,False,0,0,0
GQGMJHMGQNIKKD,0,,False,0,0,0
PRAUVHZJPXOEIF,6,CHEMBL1316225|CHEMBL1377192|CHEMBL1741643|CHEMBL19097|CHEMBL1993179|CHEMBL481854,True,237,2,2
BNMGUJRJUUDLHW,2,CHEMBL447019|CHEMBL4787233,True,2,0,0
ZZTYPLSBNNGEIS,3,CHEMBL4090998|CHEMBL464567|CHEMBL486986,True,101,13,2
IIOLXIVFODJEDX,0,,False,0,0,0
BDRRAMWDUCXAKG,0,,False,0,0,0
HOPFDHGWBPPFHV,0,,False,0,0,0
XBMYITJFLVDXEE,0,,False,0,0,0
BITYXLXUCSKTJS,0,,False,0,0,0
IMDKUSBWMYZSBV,0,,False,0,0,0
SCJNCDSAIRBRIA,1,CHEMBL151167,False,35,11,10
PDTCYIZPTRRYOT,1,CHEMBL226919,True,4,0,0
NKCVHIPHZCIEFC,0,,False,0,0,0
ACSWAJLDOHJFNA,0,,False,0,0,0
CFBPOLLJQOANPF,0,,False,0,0,0
MFTHIYPESIICAN,0,,False,0,0,0
SMSHIXOEBWOYJS,0,,False,0,0,0
OWOQYTURIBDOED,0,,False,0,0,0
IECSWTFJOUGQFO,0,,False,0,0,0
NADCVNHITZNGJU,1,CHEMBL192159,True,3,0,0
IUYCKYXEGRHRME,0,,False,0,0,0
HNICUWMFWZBIFP,2,CHEMBL2069934|CHEMBL451721,True,8,2,2
AOMSZPHVLAYYRN,0,,False,0,0,0
XMJTYEFKPRULHO,0,,False,0,0,0
FEGVSPGUHMGGBO,1,CHEMBL95203,True,5,1,0
VTCDZPUMZAZMSB,1,CHEMBL1319047,True,22,0,0
POQJHLBMLVTHAU,1,CHEMBL3187739,False,0,0,0
JVGVDSSUAVXRDY,2,CHEMBL1162489|CHEMBL1162490,True,10,0,0
OQYZCCKCJQWHIE,0,,False,0,0,0
CJXMVKYNVIGQBS,2,CHEMBL1956164|CHEMBL431836,True,30,3,0
JHGVFGJXFVIYSM,0,,False,0,0,0
NTVFQBIHLSPEGQ,0,,False,0,0,0
NPDSHTNEKLQQIJ,4,CHEMBL1077284|CHEMBL1230670|CHEMBL457771|CHEMBL5505785,True,43,5,2
QDWMZGNQFSIPKO,1,CHEMBL1288558,True,4,2,2
OOCSVLHOTKHEFZ,1,CHEMBL4250207,False,2,0,0
OTKQNSSMCDLVQV,1,CHEMBL3186269,True,0,0,0
OUWRASYSJBAWAF,0,,False,0,0,0
WIFHAKQJYHVTQK,0,,False,0,0,0
LIGPZBKBGCJTGC,0,,False,0,0,0
IDQUPXZJURZAGF,2,CHEMBL2002847|CHEMBL489524,True,67,2,0
FKWGZOFNSIESOX,0,,False,0,0,0
RBCYRZPENADQGZ,0,,False,0,0,0
NMHMNPHRMNGLLB,1,CHEMBL1172560,True,14,3,1
HAFGDDFWCDLGEW,0,,False,0,0,0
ALLXCKCJCMUAEH,0,,False,0,0,0
DIRSQLKNZQKDBK,0,,False,0,0,0
DGXRZJSPDXZJFG,0,,False,0,0,0
TVIDDXQYHWJXFK,1,CHEMBL3182356,True,0,0,0
JJOJFIHJIRWASH,0,,False,0,0,0
REJINNCRBQIDGI,0,,False,0,0,0
XEJYCWVISZMIDA,0,,False,0,0,0
PWLXTFFHCFWCGG,0,,False,0,0,0
YVGIZDMMJNFWGS,0,,False,0,0,0
AUEJCEAEQCBPFZ,0,,False,0,0,0
QCNWZROVPSVEJA,0,,False,0,0,0
RSMKZDLGPGBIOF,0,,False,0,0,0
QQHJDPROMQRDLA,1,CHEMBL4519590,True,12,0,0
PPYYVFBDKRFTDQ,0,,False,0,0,0
UYQGVDXDXBAABN,0,,False,0,0,0
SEUIXDUVXOAFSY,0,,False,0,0,0
ZJFLUASXSUPWNJ,0,,False,0,0,0
AFDSETGKYZMEEA,1,CHEMBL6068016,True,0,0,0
HOBCFUWDNJPFHB,1,CHEMBL3622747,True,2,2,2
HFEZVKMFKXUREP,2,CHEMBL450686|CHEMBL483845,True,13,0,0
ILRSCQWREDREME,0,,False,0,0,0
NHUOWASJBBPFMB,2,CHEMBL423865|CHEMBL510144,False,3,0,0
AXCXHFKZHDEKTP,1,CHEMBL452173,True,21,0,0
XNCRUNXWPDJHGV,1,CHEMBL3928021,True,1,1,1
IFAWYXIHOVRGHQ,0,,False,0,0,0
GHLZUHZBBNDWHW,1,CHEMBL353209,True,1,0,0
YIXPUAYMZURQJH,0,,False,0,0,0
KYVJVURXKAZJRK,1,CHEMBL487388,True,19,3,3
OHDQLTAYHMLRBA,1,CHEMBL465212,True,2,0,0
SBLKVIQSIHEQOF,0,,False,0,0,0
AJLNCCBKZPMARL,3,CHEMBL2106731|CHEMBL2106815|CHEMBL2110944,False,0,0,0
HSJLNCQSUQWOTO,0,,False,0,0,0
NFSNEZHZCSDVLA,0,,False,0,0,0
RQGCQWARLQDMCZ,0,,False,0,0,0
HOGWBMWOBRRKCD,0,,False,0,0,0
QXGVRGZJILVMDF,0,,False,0,0,0
QJXPRGZXRIIGOP,0,,False,0,0,0
RSSGSPAYFRXVKG,0,,False,0,0,0
DXNCZXXFRKPEPY,1,CHEMBL3187746,True,0,0,0
LWBHHRRTOZQPDM,1,CHEMBL3183300,True,0,0,0
ORAACLXPCXANOZ,0,,False,0,0,0
CXFWEZQTIXOIEV,0,,False,0,0,0
CPJKKWDCUOOTEW,2,CHEMBL2260010|CHEMBL457587,True,16,0,0
DFOCUWZXJBAUSQ,3,CHEMBL1198334|CHEMBL504323|CHEMBL507540,True,113,11,3
LHIFPLJVJKKRTD,1,CHEMBL5201119,True,1,0,0
LTPVSOCPYWDIFU,1,CHEMBL101036,True,9,2,1
VZWWTHTUQTYAGH,1,CHEMBL3634677,False,1,0,0
RPIYNUXBYSWXNA,0,,False,0,0,0
WOASFRNVXWEAHY,0,,False,0,0,0
CAWFCZIEFIQKRV,2,CHEMBL310102|CHEMBL79136,True,27,2,2
PSQNZFFDWLQECV,1,CHEMBL513290,True,2,0,0
MMTSVOIHKKKIHX,0,,False,0,0,0
QNVNLUSHGRBCLO,0,,False,0,0,0
IUXOFSAPFXGQID,0,,False,0,0,0
JPEZHEPTQWCTNM,0,,False,0,0,0
BTMNGQCCCWTUQH,1,CHEMBL3314497,True,2,1,1
RJWJHRPNHPHBRN,3,CHEMBL1873725|CHEMBL1874462|CHEMBL514882,True,28,0,0
SYLIRTRYLBYOBO,0,,False,0,0,0
FLCVGMVLNHYJAW,1,CHEMBL511257,True,4,0,0
KLAOKWJLUQKWIF,1,CHEMBL487402,True,56,9,4
LCYZOSVRKHROOX,0,,False,0,0,0
MQBFFYQCZCKSBX,1,CHEMBL77705,True,82,0,0
QVAJYPUWQBUWLN,1,CHEMBL487008,True,5,1,0
KYSBNHJYXKDPHV,0,,False,0,0,0
HBMMUGYRQKNIBQ,1,CHEMBL505801,True,4,0,0
FBWWXAGANVJTLU,1,CHEMBL517619,True,8,1,0
GLACGTLACKLUJX,2,CHEMBL391454|CHEMBL483223,True,30,0,0
RHTZDFORBKRGQU,1,CHEMBL3824026,True,11,6,0
LEJPLPFWLUXHCB,0,,False,0,0,0
PZYMRTAVKVZYMI,0,,False,0,0,0
JZKSIYFJGCTTET,3,CHEMBL5177009|CHEMBL5191307|CHEMBL5283198,True,11,2,0
QXJMCSBBTMVSJS,0,,False,0,0,0
RTPBIPZKKTUCRR,0,,False,0,0,0
DBGBUYFOJXOYNY,3,CHEMBL4595942|CHEMBL4597497|CHEMBL4597610,True,3,0,0
LCVACABZTLIWCE,1,CHEMBL285671,True,6,2,1
XUDAGNVXWJRKJD,0,,False,0,0,0
LRLCVRYKAFDXKU,2,CHEMBL467828|CHEMBL5184088,True,3,2,2
XGWIRMWTCWJZPG,2,CHEMBL184378|CHEMBL360973,True,5,0,0
WBGUTGOSUBJTJZ,0,,False,0,0,0
LZFOPEXOUVTGJS,1,CHEMBL1800816,True,8,1,0
VCMIRXRRQJNZJT,1,CHEMBL5428757,True,5,5,0
MMAYTCMMKJYIAM,2,CHEMBL182120|CHEMBL4575134,True,80,12,10
OGDFTQDRHAGLTB,1,CHEMBL496674,True,1,0,0
ZTCJOOIYHFZAQO,0,,False,0,0,0
AAOFJKLTRKOQTQ,1,CHEMBL1484869,True,2,0,0
MGIQTXDHQJGPEZ,0,,False,0,0,0
BNIJVJLOOJVDGU,0,,False,0,0,0
GKSGTWUNURZTKD,1,CHEMBL490514,True,59,0,0
SUBZWRYOAOVYOC,0,,False,0,0,0
GKFGIOHHEZGRBP,0,,False,0,0,0
AWMNMVKFFWMAAM,0,,False,0,0,0
SUTUBQHKZRNZRA,1,CHEMBL446974,True,11,2,2
SVTBMSDMJJWYQN,1,CHEMBL2104293,True,2,0,0
CILLXFBAACIQNS,1,CHEMBL2009656,True,0,0,0
JEUXKMNBLUZESY,0,,False,0,0,0
DBJVUXSMCARDEQ,0,,False,0,0,0
QLJNETOQFQXTLI,3,CHEMBL1083218|CHEMBL1302893|CHEMBL573336,True,34,3,0
GIHNOWFSKYCHNL,0,,False,0,0,0
FAKRSMQSSFJEIM,7,CHEMBL1560|CHEMBL161170|CHEMBL162360|CHEMBL269634|CHEMBL27686|CHEMBL434965|CHEMBL76577,True,2966,158,84
FLASNYPZGWUPSU,0,,False,0,0,0
TUZYXOIXSAXUGO,3,CHEMBL1144|CHEMBL1617336|CHEMBL3544781,True,1532,23,8
FEAJKDLCGUYWFP,0,,False,0,0,0
WDPSZJMRQVJIBN,0,,False,0,0,0
HFNIATQIKQCDMZ,0,,False,0,0,0
FLNGHKQBVLFAGJ,0,,False,0,0,0
SOVOCMGDFRGRKF,1,CHEMBL404387,True,79,9,0
ZDFUASMRJUVZJP,0,,False,0,0,0
YHKROSUJLZTZDS,2,CHEMBL1164915|CHEMBL2071190,True,7,1,0
BGGIZHKHJBQRTI,2,CHEMBL444453|CHEMBL449686,True,65,26,0
BQBSHJUQVIWEFM,3,CHEMBL43527|CHEMBL493044|CHEMBL523167,False,45,4,1
KYTDBKDWDOVRLJ,0,,False,0,0,0
GSPIMPLJQOCBFY,1,CHEMBL478775,True,4,0,0
RARWEROUOQPTCJ,0,,False,0,0,0
YYFOFDHQVIODOQ,1,CHEMBL400345,True,8,2,1
DIHXHTWYVOYYDC,3,CHEMBL1209608|CHEMBL2334894|CHEMBL448891,True,60,15,12
QYEMUDHNCZHUKC,1,CHEMBL1417461,True,46,0,0
VQSYXVWEZATIHL,1,CHEMBL1618061,True,0,0,0
QBUIDYLGKMWNEA,1,CHEMBL3139798,True,0,0,0
WUYQEGNOQLRQAQ,1,CHEMBL237766,True,67,2,0
JCTYWRARKVGOBK,3,CHEMBL2365576|CHEMBL36654|CHEMBL483825,True,141,22,15
BENXORZPKXUGMY,1,CHEMBL251229,True,1,0,0
AEQDJSLRWYMAQI,3,CHEMBL187892|CHEMBL2334889|CHEMBL487182,True,58,13,12
KUECBJOPWMRHEX,2,CHEMBL1625175|CHEMBL5409644,True,6,2,1
AEAWOMODYBIREN,1,CHEMBL376835,True,7,1,0
UIFMMGCTTVOBLD,0,,False,0,0,0
ACHLEYSDMHROKR,0,,False,0,0,0
QYVJNQWOLBGEOX,0,,False,0,0,0
CGXQJOWMWZPOPV,0,,False,0,0,0
UTGPYHWDXYRYGT,0,,False,0,0,0
DRHJMJVSLJEJHE,0,,False,0,0,0
NYBCPVODSGRKRC,0,,False,0,0,0
IYIFZADLIMVECH,0,,False,0,0,0
RSMKYRDCCSNYFM,0,,False,0,0,0
AOQRDALGACAKHI,0,,False,0,0,0
KAQDYZSKYROZFD,0,,False,0,0,0
OQKCUVXEGARQNX,0,,False,0,0,0
XZEUYTKSAYNYPK,1,CHEMBL441883,True,7,1,0
VATYWCRQDJIRAI,1,CHEMBL1885510,True,2,0,0
HFLGBNBLMBSXEM,1,CHEMBL1276241,True,4,3,1
UJPWEHSKEFQHKM,0,,False,0,0,0
MSSWKGZMPUXALD,0,,False,0,0,0
YABASAWVVRQMEU,2,CHEMBL225763|CHEMBL434745,True,17,2,0
JYNBNJRQZZSLPN,2,CHEMBL205518|CHEMBL3633243,True,6,0,0
YCTXVPCDHZMBHX,2,CHEMBL2005473|CHEMBL5276148,True,63,0,0
YLRJRFOZRJMCAN,0,,False,0,0,0
PLKUTZNSKRWCCA,0,,False,0,0,0
WDKYDMULARNCIS,1,CHEMBL17347,True,83,32,4
JUIQDBJRSFBVFU,0,,False,0,0,0
SYTYLPHCLSSCOJ,1,CHEMBL390320,True,36,10,9
LMYZQUNLYGJIHI,0,,False,0,0,0
CEVNHRPKRNTGKO,2,CHEMBL2270656|CHEMBL2270658,True,4,0,0
SOSXYUIKBSZONB,3,CHEMBL408061|CHEMBL408794|CHEMBL428816,True,29,5,0
GVSGITAPQDRRJB,0,,False,0,0,0
DAIAMOGGSOXZSO,0,,False,0,0,0
AENUWGNJANYUDQ,0,,False,0,0,0
QUIDADXDQQWNCN,0,,False,0,0,0
FFTWIVOEQHKWJW,0,,False,0,0,0
BEYZWBAAOITTJU,0,,False,0,0,0
CEWQEUNTBORADC,0,,False,0,0,0
SCEZIHJVTBQOLS,1,CHEMBL489539,True,24,0,0
VJSCHQMOTSXAKB,4,CHEMBL1802149|CHEMBL2337114|CHEMBL3793646|CHEMBL465182,True,70,4,0
VATOSFCFMOPAHX,0,,False,0,0,0
SORUXVRKWOHYEO,3,CHEMBL1958309|CHEMBL2296498|CHEMBL454275,True,11,0,0
QZAYGJVTTNCVMB,1,CHEMBL39,True,1024,425,379
MBWUSSKCCUMJHO,2,CHEMBL2005327|CHEMBL443114,True,93,12,0
