reconciliation_id,raw_scientific_name,normalized_scientific_name,raw_family,normalized_family,canonical_scientific_name,canonical_family,reconciliation_status,reconciliation_reason,confidence,evidence_source,evidence_reference,review_required,source_page_url
3f71a37a44c63002,Piper betle L.,piper betle l.,Piperaceae,piperaceae,,,NORMALIZED_ONLY,Scientific name change: CASE_ONLY. Family change: CASE_ONLY.,HIGH,NONE,,FALSE,https://mpbd.cu.ac.bd/plants.php
383cd345f339d4f3,Piper cubeba Vahl,piper cubeba vahl,Piperaceae,piperaceae,,,NORMALIZED_ONLY,Scientific name change: CASE_ONLY. Family change: CASE_ONLY.,HIGH,NONE,,FALSE,https://mpbd.cu.ac.bd/plants.php
f136a70295e5b4f6,Berberis aristata DC.,berberis aristata dc.,Berberidaceae,berberidaceae,,,NORMALIZED_ONLY,Scientific name change: CASE_ONLY. Family change: CASE_ONLY.,HIGH,NONE,,FALSE,https://mpbd.cu.ac.bd/plants.php
e51ec61eeb2f765d,Papaver somniferum L.,papaver somniferum l.,Papaveraceae,papaveraceae,,,NORMALIZED_ONLY,Scientific name change: CASE_ONLY. Family change: CASE_ONLY.,HIGH,NONE,,FALSE,https://mpbd.cu.ac.bd/plants.php
ab4bb325f02eb73f,Artocarpus heterophyllus Lam.,artocarpus heterophyllus lam.,Moraceae,moraceae,,,NORMALIZED_ONLY,Scientific name change: CASE_ONLY. Family change: CASE_ONLY.,HIGH,NONE,,FALSE,https://mpbd.cu.ac.bd/plants.php
20e198b52832bcae,Ficus racemosa L.,ficus racemosa l.,Moraceae,moraceae,,,POTENTIAL_DUPLICATE,Normalized scientific name appears 2 times. Original change type: CASE_ONLY.,MEDIUM,NONE,,TRUE,https://mpbd.cu.ac.bd/plants.php
2c5f3f4a19fc605f,Morus indica L.,morus indica l.,Moraceae,moraceae,,,POTENTIAL_DUPLICATE,Normalized scientific name appears 2 times. Original change type: CASE_ONLY.,MEDIUM,NONE,,TRUE,https://mpbd.cu.ac.bd/plants.php
4a086ab3f86935ca,Juglans regia L.,juglans regia l.,Juglandaceae,juglandaceae,,,NORMALIZED_ONLY,Scientific name change: CASE_ONLY. Family change: CASE_ONLY.,HIGH,NONE,,FALSE,https://mpbd.cu.ac.bd/plants.php
c5951cfc7d448ea2,Boerhavia diffusa L.,boerhavia diffusa l.,Nyctaginaceae,nyctaginaceae,,,NORMALIZED_ONLY,Scientific name change: CASE_ONLY. Family change: CASE_ONLY.,HIGH,NONE,,FALSE,https://mpbd.cu.ac.bd/plants.php
f3bb6298a996c5a8,Boerhavia repens L.,boerhavia repens l.,Nyctaginaceae.,nyctaginaceae,,,NORMALIZED_ONLY,Scientific name change: CASE_ONLY. Family change: PUNCTUATION_ONLY.,HIGH,NONE,,FALSE,https://mpbd.cu.ac.bd/plants.php
d35a3e6ccb730695,Mirabilis jalapa L.,mirabilis jalapa l.,Nyctaginaceae,nyctaginaceae,,,POTENTIAL_DUPLICATE,Normalized scientific name appears 2 times. Original change type: CASE_ONLY.,MEDIUM,NONE,,TRUE,https://mpbd.cu.ac.bd/plants.php?pageno=2
7c6083219e95e391,Opuntia dellenii (Ker Gawl.) Haw.,opuntia dellenii (ker gawl.) haw.,Cactaceae.,cactaceae,,,NORMALIZED_ONLY,Scientific name change: CASE_ONLY. Family change: PUNCTUATION_ONLY.,HIGH,NONE,,FALSE,https://mpbd.cu.ac.bd/plants.php?pageno=2
9236980ba0453594,Achyranthes aspera L.,achyranthes aspera l.,Amaranthaceae,amaranthaceae,,,POTENTIAL_DUPLICATE,Normalized scientific name appears 2 times. Original change type: CASE_ONLY.,MEDIUM,NONE,,TRUE,https://mpbd.cu.ac.bd/plants.php?pageno=2
36d89c8771c7f50b,Plumbago indica L.,plumbago indica l.,Plumbaginaceae.,plumbaginaceae,,,POTENTIAL_DUPLICATE,Normalized scientific name appears 2 times. Original change type: CASE_ONLY.,MEDIUM,NONE,,TRUE,https://mpbd.cu.ac.bd/plants.php?pageno=2
f613df04485b0fe3,Vateria indica L.,vateria indica l.,Dipterocarpaceae,dipterocarpaceae,,,NORMALIZED_ONLY,Scientific name change: CASE_ONLY. Family change: CASE_ONLY.,HIGH,NONE,,FALSE,https://mpbd.cu.ac.bd/plants.php?pageno=2
acb5ac969e999d63,Mesua ferrea L.,mesua ferrea l.,Clusiaceae,clusiaceae,,,NORMALIZED_ONLY,Scientific name change: CASE_ONLY. Family change: CASE_ONLY.,HIGH,NONE,,FALSE,https://mpbd.cu.ac.bd/plants.php?pageno=2
f6932e48d0e7d4f8,Helicteres isora L.,helicteres isora l.,Sterculiaceae,sterculiaceae,,,POTENTIAL_DUPLICATE,Normalized scientific name appears 2 times. Original change type: CASE_ONLY.,MEDIUM,NONE,,TRUE,https://mpbd.cu.ac.bd/plants.php?pageno=2
8a9f2d1c37809be5,Abelmoschus esculentus (L.) Moench,abelmoschus esculentus (l.) moench,Malvaceae,malvaceae,,,POTENTIAL_DUPLICATE,Normalized scientific name appears 2 times. Original change type: CASE_ONLY.,MEDIUM,NONE,,TRUE,https://mpbd.cu.ac.bd/plants.php?pageno=2
d78c63bc2b6dac7b,Gossypium arboreum L.,gossypium arboreum l.,Malvaceae,malvaceae,,,NORMALIZED_ONLY,Scientific name change: CASE_ONLY. Family change: CASE_ONLY.,HIGH,NONE,,FALSE,https://mpbd.cu.ac.bd/plants.php?pageno=2
12cbc3e45de28bda,Viola odorata L.,viola odorata l.,Violaceae,violaceae,,,NORMALIZED_ONLY,Scientific name change: CASE_ONLY. Family change: CASE_ONLY.,HIGH,NONE,,FALSE,https://mpbd.cu.ac.bd/plants.php?pageno=2
eb78b55d85de3a45,Benincasa hispida (Thunb.) Cogn.,benincasa hispida (thunb.) cogn.,Cucurbitaceae,cucurbitaceae,,,POTENTIAL_DUPLICATE,Normalized scientific name appears 2 times. Original change type: CASE_ONLY.,MEDIUM,NONE,,TRUE,https://mpbd.cu.ac.bd/plants.php?pageno=3
06df777393e349c9,Citrullus colocynthis (L.) Schard.,citrullus colocynthis (l.) schard.,Cucurbitaceae.,cucurbitaceae,,,NORMALIZED_ONLY,Scientific name change: CASE_ONLY. Family change: PUNCTUATION_ONLY.,HIGH,NONE,,FALSE,https://mpbd.cu.ac.bd/plants.php?pageno=3
7626b7ff277174e3,Momordica dioica Roxb. ex Willd.,momordica dioica roxb. ex willd.,Cucurbitaceae,cucurbitaceae,,,NORMALIZED_ONLY,Scientific name change: CASE_ONLY. Family change: CASE_ONLY.,HIGH,NONE,,FALSE,https://mpbd.cu.ac.bd/plants.php?pageno=3
77f2db910fe1c8c7,Mukia maderaspatana (L.) M. Roem,mukia maderaspatana (l.) m. roem,Cucurbitaceae,cucurbitaceae,,,NORMALIZED_ONLY,Scientific name change: CASE_ONLY. Family change: CASE_ONLY.,HIGH,NONE,,FALSE,https://mpbd.cu.ac.bd/plants.php?pageno=3
0385d7692604bdc4,Brassica juncea (L.) Czern.,brassica juncea (l.) czern.,Brassicaceae,brassicaceae,,,NORMALIZED_ONLY,Scientific name change: CASE_ONLY. Family change: CASE_ONLY.,HIGH,NONE,,FALSE,https://mpbd.cu.ac.bd/plants.php?pageno=3
3cb40e622e70f16b,Raphanus raphanistrum subsp. SATIVUS(L.) Domin.,raphanus raphanistrum subsp. sativus(l.) domin.,Brassicaceae,brassicaceae,,,NORMALIZED_ONLY,Scientific name change: CASE_ONLY. Family change: CASE_ONLY.,HIGH,NONE,,FALSE,https://mpbd.cu.ac.bd/plants.php?pageno=3
128a48244bff0b42,Moringa oleifera Lam.,moringa oleifera lam.,Moringaceae,moringaceae,,,NORMALIZED_ONLY,Scientific name change: CASE_ONLY. Family change: CASE_ONLY.,HIGH,NONE,,FALSE,https://mpbd.cu.ac.bd/plants.php?pageno=3
78a98907902a17a0,Diospyros malabarica(desr.) Kostel.,diospyros malabarica(desr.) kostel.,Ebenaceaea,ebenaceaea,,,NORMALIZED_ONLY,Scientific name change: CASE_ONLY. Family change: CASE_ONLY.,HIGH,NONE,,FALSE,https://mpbd.cu.ac.bd/plants.php?pageno=3
a364f35d8943c7df,Cydonia oblonga Mill.,cydonia oblonga mill.,Rosaceae,rosaceae,,,NORMALIZED_ONLY,Scientific name change: CASE_ONLY. Family change: CASE_ONLY.,HIGH,NONE,,FALSE,https://mpbd.cu.ac.bd/plants.php?pageno=3
1cc88031ed0200af,Prunus amygdalus Stokes,prunus amygdalus stokes,Rosaceae,rosaceae,,,NORMALIZED_ONLY,Scientific name change: CASE_ONLY. Family change: CASE_ONLY.,HIGH,NONE,,FALSE,https://mpbd.cu.ac.bd/plants.php?pageno=3
60842e31df9ae041,Acacia nilotica (L.) Delile subsp. INDICA(Benth) Brenan,acacia nilotica (l.) delile subsp. indica(benth) brenan,Mimosaceae,mimosaceae,,,NORMALIZED_ONLY,Scientific name change: CASE_ONLY. Family change: CASE_ONLY.,HIGH,NONE,,FALSE,https://mpbd.cu.ac.bd/plants.php?pageno=4
d71ab5000f4acd71,Entada phaseoloides (L.) Merr.,entada phaseoloides (l.) merr.,Mimosaceae,mimosaceae,,,NORMALIZED_ONLY,Scientific name change: CASE_ONLY. Family change: CASE_ONLY.,HIGH,NONE,,FALSE,https://mpbd.cu.ac.bd/plants.php?pageno=4
3c12883e399aa752,Mimosa pudica L.,mimosa pudica l.,Mimosaceae,mimosaceae,,,POTENTIAL_DUPLICATE,Normalized scientific name appears 2 times. Original change type: CASE_ONLY.,MEDIUM,NONE,,TRUE,https://mpbd.cu.ac.bd/plants.php?pageno=4
0800dd319ae127f5,Saraca asoca (Roxb.) Wild.,saraca asoca (roxb.) wild.,Caesalpiniaceae,caesalpiniaceae,,,NORMALIZED_ONLY,Scientific name change: CASE_ONLY. Family change: CASE_ONLY.,HIGH,NONE,,FALSE,https://mpbd.cu.ac.bd/plants.php?pageno=4
219cb516b504297e,Clitoria ternatea L.,clitoria ternatea l.,Fabaceae,fabaceae,,,NORMALIZED_ONLY,Scientific name change: CASE_ONLY. Family change: CASE_ONLY.,HIGH,NONE,,FALSE,https://mpbd.cu.ac.bd/plants.php?pageno=4
9a7a0589bb283dca,Glycyrrhiza glabra L.,glycyrrhiza glabra l.,Fabaceae,fabaceae,,,NORMALIZED_ONLY,Scientific name change: CASE_ONLY. Family change: CASE_ONLY.,HIGH,NONE,,FALSE,https://mpbd.cu.ac.bd/plants.php?pageno=4
2a18d0d13f19f6b6,Mucuna pruriens (L.) DC.,mucuna pruriens (l.) dc.,Fabaceae,fabaceae,,,POTENTIAL_DUPLICATE,Normalized scientific name appears 2 times. Original change type: CASE_ONLY.,MEDIUM,NONE,,TRUE,https://mpbd.cu.ac.bd/plants.php?pageno=4
0515374bee611db4,Pterocarpus SANTALINUS L. f.,pterocarpus santalinus l. f.,Fabaceae,fabaceae,,,NORMALIZED_ONLY,Scientific name change: CASE_ONLY. Family change: CASE_ONLY.,HIGH,NONE,,FALSE,https://mpbd.cu.ac.bd/plants.php?pageno=4
588d2252255900a2,Sesbania bispinosa (Jacq.) W.Wight,sesbania bispinosa (jacq.) w.wight,Fabaceae,fabaceae,,,NORMALIZED_ONLY,Scientific name change: CASE_ONLY. Family change: CASE_ONLY.,HIGH,NONE,,FALSE,https://mpbd.cu.ac.bd/plants.php?pageno=4
e953fa03766c3ae1,Sesbania grandiflora (L.) Poir,sesbania grandiflora (l.) poir,Fabaceae,fabaceae,,,NORMALIZED_ONLY,Scientific name change: CASE_ONLY. Family change: CASE_ONLY.,HIGH,NONE,,FALSE,https://mpbd.cu.ac.bd/plants.php?pageno=4
a262ba4b5600a1c3,Sesbania sesban (L.) Merr.,sesbania sesban (l.) merr.,Fabaceae,fabaceae,,,POTENTIAL_DUPLICATE,Normalized scientific name appears 2 times. Original change type: CASE_ONLY.,MEDIUM,NONE,,TRUE,https://mpbd.cu.ac.bd/plants.php?pageno=5
ce62ab0f03e0a036,Trigonella foenum-graeceum L.,trigonella foenum-graeceum l.,Fabaceae,fabaceae,,,NORMALIZED_ONLY,Scientific name change: CASE_ONLY. Family change: CASE_ONLY.,HIGH,NONE,,FALSE,https://mpbd.cu.ac.bd/plants.php?pageno=5
cd85f4bf6ea4389c,Lagerstroemia speciosa(l.) Pers.,lagerstroemia speciosa(l.) pers.,Lythraceae,lythraceae,,,NORMALIZED_ONLY,Scientific name change: CASE_ONLY. Family change: CASE_ONLY.,HIGH,NONE,,FALSE,https://mpbd.cu.ac.bd/plants.php?pageno=5
d9d9afcb1b162b40,Eucalyptus globulus Labill,eucalyptus globulus labill,Myrtaceae,myrtaceae,,,NORMALIZED_ONLY,Scientific name change: CASE_ONLY. Family change: CASE_ONLY.,HIGH,NONE,,FALSE,https://mpbd.cu.ac.bd/plants.php?pageno=5
487f9aaff64b1bf4,Mentha arvensis L.,mentha arvensis l.,Lamiaceae,lamiaceae,,,POTENTIAL_DUPLICATE,Normalized scientific name appears 2 times. Original change type: CASE_ONLY.,MEDIUM,NONE,,TRUE,https://mpbd.cu.ac.bd/plants.php?pageno=5
77b484b50b3147aa,Mentha spicata L.,mentha spicata l.,Lamiaceae,lamiaceae,,,NORMALIZED_ONLY,Scientific name change: CASE_ONLY. Family change: CASE_ONLY.,HIGH,NONE,,FALSE,https://mpbd.cu.ac.bd/plants.php?pageno=5
2f52977f954f8b71,Pogostemon PUBESCENS Benth.,pogostemon pubescens benth.,Lamiaceae,lamiaceae,,,NORMALIZED_ONLY,Scientific name change: CASE_ONLY. Family change: CASE_ONLY.,HIGH,NONE,,FALSE,https://mpbd.cu.ac.bd/plants.php?pageno=5
c5c529dcc9d4a268,Rhinacanthus nasutus (L.) Kurz,rhinacanthus nasutus (l.) kurz,Acanthaceae,acanthaceae,,,NORMALIZED_ONLY,Scientific name change: CASE_ONLY. Family change: CASE_ONLY.,HIGH,NONE,,FALSE,https://mpbd.cu.ac.bd/plants.php?pageno=5
1affb9e4fc8a1b09,Sesamum indicum L.,sesamum indicum l.,Pedaliaceae,pedaliaceae,,,POTENTIAL_DUPLICATE,Normalized scientific name appears 2 times. Original change type: CASE_ONLY.,MEDIUM,NONE,,TRUE,https://mpbd.cu.ac.bd/plants.php?pageno=5
e17b0cba582b1897,Nelumbium speciosum Willd.,nelumbium speciosum willd.,Rubiaceae,rubiaceae,,,NORMALIZED_ONLY,Scientific name change: CASE_ONLY. Family change: CASE_ONLY.,HIGH,NONE,,FALSE,https://mpbd.cu.ac.bd/plants.php?pageno=5
104c3e517673d0fc,Rubia cordifolia L.,rubia cordifolia l.,Rubiaceae,rubiaceae,,,NORMALIZED_ONLY,Scientific name change: CASE_ONLY. Family change: CASE_ONLY.,HIGH,NONE,,FALSE,https://mpbd.cu.ac.bd/plants.php?pageno=6
754eb8bad2512cba,Artemisia absinthium L.,artemisia absinthium l.,Asteraceae,asteraceae,,,NORMALIZED_ONLY,Scientific name change: CASE_ONLY. Family change: CASE_ONLY.,HIGH,NONE,,FALSE,https://mpbd.cu.ac.bd/plants.php?pageno=6
6e7f5ee4c48b1046,Eclipta prostrata (L.) L.,eclipta prostrata (l.) l.,Asteraceae,asteraceae,,,NORMALIZED_ONLY,Scientific name change: CASE_ONLY. Family change: CASE_ONLY.,HIGH,NONE,,FALSE,https://mpbd.cu.ac.bd/plants.php?pageno=6
aa3d9ed21b1ec09f,Cyperus rotandus L.,cyperus rotandus l.,Cyperaceae,cyperaceae,,,NORMALIZED_ONLY,Scientific name change: CASE_ONLY. Family change: CASE_ONLY.,HIGH,NONE,,FALSE,https://mpbd.cu.ac.bd/plants.php?pageno=6
345ec383ef427b38,Saccharum officinarum L.,saccharum officinarum l.,Poaceae,poaceae,,,POTENTIAL_DUPLICATE,Normalized scientific name appears 2 times. Original change type: CASE_ONLY.,MEDIUM,NONE,,TRUE,https://mpbd.cu.ac.bd/plants.php?pageno=6
0ff3d26d93e00a51,Hordeum vulgare L.,hordeum vulgare l.,Poaceae,poaceae,,,NORMALIZED_ONLY,Scientific name change: CASE_ONLY. Family change: CASE_ONLY.,HIGH,NONE,,FALSE,https://mpbd.cu.ac.bd/plants.php?pageno=6
c9d51617286a1e47,Elettaria cardamomum (L.) Maton.,elettaria cardamomum (l.) maton.,Zingiberaceae,zingiberaceae,,,NORMALIZED_ONLY,Scientific name change: CASE_ONLY. Family change: CASE_ONLY.,HIGH,NONE,,FALSE,https://mpbd.cu.ac.bd/plants.php?pageno=6
fd68b3cea03a6c5a,Crocus sativus L.,crocus sativus l.,Iridaceae,iridaceae,,,NORMALIZED_ONLY,Scientific name change: CASE_ONLY. Family change: CASE_ONLY.,HIGH,NONE,,FALSE,https://mpbd.cu.ac.bd/plants.php?pageno=6
65a4424ba5c3ba6a,Santalum album L.,santalum album l.,Santalaceae,santalaceae,,,NORMALIZED_ONLY,Scientific name change: CASE_ONLY. Family change: CASE_ONLY.,HIGH,NONE,,FALSE,https://mpbd.cu.ac.bd/plants.php?pageno=6
cdf96485b7ea4be3,Macaranga peltata (Roxb.)Muell.-Arg.,macaranga peltata (roxb.)muell.-arg.,Euphorbiaceae,euphorbiaceae,,,NORMALIZED_ONLY,Scientific name change: CASE_ONLY. Family change: CASE_ONLY.,HIGH,NONE,,FALSE,https://mpbd.cu.ac.bd/plants.php?pageno=6
0a5aba6125233f77,Mallotus philippensis (Lam.) Muell.-Arg.,mallotus philippensis (lam.) muell.-arg.,Euphorbiaceae,euphorbiaceae,,,NORMALIZED_ONLY,Scientific name change: CASE_ONLY. Family change: CASE_ONLY.,HIGH,NONE,,FALSE,https://mpbd.cu.ac.bd/plants.php?pageno=7
59aef376e5ccec1c,Phyllanthus niruri L.,phyllanthus niruri l.,Euphorbiaceae,euphorbiaceae,,,NORMALIZED_ONLY,Scientific name change: CASE_ONLY. Family change: CASE_ONLY.,HIGH,NONE,,FALSE,https://mpbd.cu.ac.bd/plants.php?pageno=7
20b94a468a0bf244,Vitis vinifera L.,vitis vinifera l.,Vitaceae,vitaceae,,,NORMALIZED_ONLY,Scientific name change: CASE_ONLY. Family change: CASE_ONLY.,HIGH,NONE,,FALSE,https://mpbd.cu.ac.bd/plants.php?pageno=7
f49980c45af4517f,Sapindus saponaria L.,sapindus saponaria l.,Sapindaceae,sapindaceae,,,POTENTIAL_DUPLICATE,Normalized scientific name appears 2 times. Original change type: CASE_ONLY.,MEDIUM,NONE,,TRUE,https://mpbd.cu.ac.bd/plants.php?pageno=7
48805e3cdf9c30d2,Schleichera oleosa (Lour.)Merr.,schleichera oleosa (lour.)merr.,Sapindaceae,sapindaceae,,,NORMALIZED_ONLY,Scientific name change: CASE_ONLY. Family change: CASE_ONLY.,HIGH,NONE,,FALSE,https://mpbd.cu.ac.bd/plants.php?pageno=7
ff19907bf099efa0,Commiphora mukul (HOOK. EX STOCKS) ENGL.,commiphora mukul (hook. ex stocks) engl.,Burseraceae,burseraceae,,,NORMALIZED_ONLY,Scientific name change: CASE_ONLY. Family change: CASE_ONLY.,HIGH,NONE,,FALSE,https://mpbd.cu.ac.bd/plants.php?pageno=7
0a2e2643491a7379,Semecarpus anacardium L. F.,semecarpus anacardium l. f.,Anacardiaceae,anacardiaceae,,,NORMALIZED_ONLY,Scientific name change: CASE_ONLY. Family change: CASE_ONLY.,HIGH,NONE,,FALSE,https://mpbd.cu.ac.bd/plants.php?pageno=7
eb8832d6a9513723,Citrus limon (L.) Osbeck,citrus limon (l.) osbeck,Rutaceae,rutaceae,,,NORMALIZED_ONLY,Scientific name change: CASE_ONLY. Family change: CASE_ONLY.,HIGH,NONE,,FALSE,https://mpbd.cu.ac.bd/plants.php?pageno=7
447c4b34e0e7b846,Citrus medica L.,citrus medica l.,Rutaceae,rutaceae,,,NORMALIZED_ONLY,Scientific name change: CASE_ONLY. Family change: CASE_ONLY.,HIGH,NONE,,FALSE,https://mpbd.cu.ac.bd/plants.php?pageno=7
f5ba1c12d90cdc90,Citrus reticulata Blanco,citrus reticulata blanco,Rutaceae,rutaceae,,,NORMALIZED_ONLY,Scientific name change: CASE_ONLY. Family change: CASE_ONLY.,HIGH,NONE,,FALSE,https://mpbd.cu.ac.bd/plants.php?pageno=7
f020b43b17f1b1d6,Murraya koenigii (L.)Spreng.,murraya koenigii (l.)spreng.,Rutaceae,rutaceae,,,NORMALIZED_ONLY,Scientific name change: CASE_ONLY. Family change: CASE_ONLY.,HIGH,NONE,,FALSE,https://mpbd.cu.ac.bd/plants.php?pageno=8
16739aae3ef0684e,Peganum harmala L.,peganum harmala l.,Zygophyllaceae,zygophyllaceae,,,NORMALIZED_ONLY,Scientific name change: CASE_ONLY. Family change: CASE_ONLY.,HIGH,NONE,,FALSE,https://mpbd.cu.ac.bd/plants.php?pageno=8
963cadb27cdebd99,Anethum sowa Roxb.ex Fleming,anethum sowa roxb.ex fleming,Apiaceae,apiaceae,,,NORMALIZED_ONLY,Scientific name change: CASE_ONLY. Family change: CASE_ONLY.,HIGH,NONE,,FALSE,https://mpbd.cu.ac.bd/plants.php?pageno=8
79713d9f33861c4a,Carum carvi L.,carum carvi l.,Apiaceae,apiaceae,,,NORMALIZED_ONLY,Scientific name change: CASE_ONLY. Family change: CASE_ONLY.,HIGH,NONE,,FALSE,https://mpbd.cu.ac.bd/plants.php?pageno=8
21159428a52a18d0,Ferula foetida (Bunge) Regel,ferula foetida (bunge) regel,Apiaceae,apiaceae,,,NORMALIZED_ONLY,Scientific name change: CASE_ONLY. Family change: CASE_ONLY.,HIGH,NONE,,FALSE,https://mpbd.cu.ac.bd/plants.php?pageno=8
bb8bef09df11310e,Trachyspermum roxburghianum (DC.) H.Wolff,trachyspermum roxburghianum (dc.) h.wolff,Apiaceae,apiaceae,,,NORMALIZED_ONLY,Scientific name change: CASE_ONLY. Family change: CASE_ONLY.,HIGH,NONE,,FALSE,https://mpbd.cu.ac.bd/plants.php?pageno=8
11609584a30dead6,Strychnos potatorum L. f.,strychnos potatorum l. f.,Loganiaceae,loganiaceae,,,NORMALIZED_ONLY,Scientific name change: CASE_ONLY. Family change: CASE_ONLY.,HIGH,NONE,,FALSE,https://mpbd.cu.ac.bd/plants.php?pageno=8
1bd6ead94b9786b0,Holarrhena pubescens Wall.ex G.Don,holarrhena pubescens wall.ex g.don,Apocynaceae,apocynaceae,,,NORMALIZED_ONLY,Scientific name change: CASE_ONLY. Family change: CASE_ONLY.,HIGH,NONE,,FALSE,https://mpbd.cu.ac.bd/plants.php?pageno=8
155b907ecac6890d,Tabernamontana divaricata (L.)R.Br. ex Roem.& Schult.,tabernamontana divaricata (l.)r.br. ex roem.& schult.,Apocynaceae,apocynaceae,,,NORMALIZED_ONLY,Scientific name change: CASE_ONLY. Family change: CASE_ONLY.,HIGH,NONE,,FALSE,https://mpbd.cu.ac.bd/plants.php?pageno=8
bd1932c44d19c93b,Wrightia tinctoria R. Brown,wrightia tinctoria r. brown,Apocynacea,apocynacea,,,NORMALIZED_ONLY,Scientific name change: CASE_ONLY. Family change: CASE_ONLY.,HIGH,NONE,,FALSE,https://mpbd.cu.ac.bd/plants.php?pageno=8
9b14eadca8a90463,Gymnema sylvestre (Retz.)R.Br. ex Sm.,gymnema sylvestre (retz.)r.br. ex sm.,Asclepiadaceae,asclepiadaceae,,,NORMALIZED_ONLY,Scientific name change: CASE_ONLY. Family change: CASE_ONLY.,HIGH,NONE,,FALSE,https://mpbd.cu.ac.bd/plants.php?pageno=9
71762519af590818,Atropa belladonna L.,atropa belladonna l.,Solanaceae,solanaceae,,,NORMALIZED_ONLY,Scientific name change: CASE_ONLY. Family change: CASE_ONLY.,HIGH,NONE,,FALSE,https://mpbd.cu.ac.bd/plants.php?pageno=9
145b7867b6732fad,Datura stramonium L.,datura stramonium l.,Solanaceae,solanaceae,,,NORMALIZED_ONLY,Scientific name change: CASE_ONLY. Family change: CASE_ONLY.,HIGH,NONE,,FALSE,https://mpbd.cu.ac.bd/plants.php?pageno=9
0bfe0d10e9938900,Solanum lycopersicum L.,solanum lycopersicum l.,Solanaceae,solanaceae,,,NORMALIZED_ONLY,Scientific name change: CASE_ONLY. Family change: CASE_ONLY.,HIGH,NONE,,FALSE,https://mpbd.cu.ac.bd/plants.php?pageno=9
cdd4c425688a8623,Solanum indicum L.,solanum indicum l.,Solanaceae,solanaceae,,,NORMALIZED_ONLY,Scientific name change: CASE_ONLY. Family change: CASE_ONLY.,HIGH,NONE,,FALSE,https://mpbd.cu.ac.bd/plants.php?pageno=9
e455396d242b5c97,Ipomoea nil (L.) Roth,ipomoea nil (l.) roth,Convolvulaceae,convolvulaceae,,,NORMALIZED_ONLY,Scientific name change: CASE_ONLY. Family change: CASE_ONLY.,HIGH,NONE,,FALSE,https://mpbd.cu.ac.bd/plants.php?pageno=9
86bfd42cc4fac7be,Gmelina arborea Roxb.,gmelina arborea roxb.,Verbenaceae,verbenaceae,,,NORMALIZED_ONLY,Scientific name change: CASE_ONLY. Family change: CASE_ONLY.,HIGH,NONE,,FALSE,https://mpbd.cu.ac.bd/plants.php?pageno=9
52c549ae04da90ac,Premna serratifolia L..,premna serratifolia l..,Lamiaceae,lamiaceae,,,NORMALIZED_ONLY,Scientific name change: CASE_ONLY. Family change: CASE_ONLY.,HIGH,NONE,,FALSE,https://mpbd.cu.ac.bd/plants.php?pageno=9
04f6378ae9a834ae,Sapindus SAPONARIA L.,sapindus saponaria l.,Sapindaceae,sapindaceae,,,POTENTIAL_DUPLICATE,Normalized scientific name appears 2 times. Original change type: CASE_ONLY.,MEDIUM,NONE,,TRUE,https://mpbd.cu.ac.bd/plants.php?pageno=10
a1b74ec64cf68ecf,Schleichera oleosa (Lour.) Merr.,schleichera oleosa (lour.) merr.,Sapindaceae,sapindaceae,,,NORMALIZED_ONLY,Scientific name change: CASE_ONLY. Family change: CASE_ONLY.,HIGH,NONE,,FALSE,https://mpbd.cu.ac.bd/plants.php?pageno=10
4753e1aa48d54de4,Abelmoschus ESCULENTUS (L.) Moench,abelmoschus esculentus (l.) moench,Malvaceae,malvaceae,,,POTENTIAL_DUPLICATE,Normalized scientific name appears 2 times. Original change type: CASE_ONLY.,MEDIUM,NONE,,TRUE,https://mpbd.cu.ac.bd/plants.php?pageno=10
e3af52a1ddd0e62a,Abelmoschus MOSCHATUS Medik.,abelmoschus moschatus medik.,Malvaceae,malvaceae,,,NORMALIZED_ONLY,Scientific name change: CASE_ONLY. Family change: CASE_ONLY.,HIGH,NONE,,FALSE,https://mpbd.cu.ac.bd/plants.php?pageno=10
f37b1bcca42ec437,Abroma AUGUSTA (L.) L.f.,abroma augusta (l.) l.f.,Sterculiaceae,sterculiaceae,,,NORMALIZED_ONLY,Scientific name change: CASE_ONLY. Family change: CASE_ONLY.,HIGH,NONE,,FALSE,https://mpbd.cu.ac.bd/plants.php?pageno=10
2f121ca06d0bceb2,Abrus PRECATORIUS L.,abrus precatorius l.,Fabaceae,fabaceae,,,NORMALIZED_ONLY,Scientific name change: CASE_ONLY. Family change: CASE_ONLY.,HIGH,NONE,,FALSE,https://mpbd.cu.ac.bd/plants.php?pageno=10
f3e230d9abbffbee,Abutilon INDICUM (L.) Sweet,abutilon indicum (l.) sweet,Malvaceae,malvaceae,,,NORMALIZED_ONLY,Scientific name change: CASE_ONLY. Family change: CASE_ONLY.,HIGH,NONE,,FALSE,https://mpbd.cu.ac.bd/plants.php?pageno=10
69997237db4c3b35,Acacia CATECHU (L.f.) Willd.,acacia catechu (l.f.) willd.,Mimosaceae,mimosaceae,,,NORMALIZED_ONLY,Scientific name change: CASE_ONLY. Family change: CASE_ONLY.,HIGH,NONE,,FALSE,https://mpbd.cu.ac.bd/plants.php?pageno=10
c4181183360feb53,Acacia FARNESIANA (L.) Willd.,acacia farnesiana (l.) willd.,Mimosaceae,mimosaceae,,,NORMALIZED_ONLY,Scientific name change: CASE_ONLY. Family change: CASE_ONLY.,HIGH,NONE,,FALSE,https://mpbd.cu.ac.bd/plants.php?pageno=10
a0fd4a6c442e4954,Acacia NILOTICA (L.) Willd. ex Del. ssp. INDICA (Benth.) Brenan.,acacia nilotica (l.) willd. ex del. ssp. indica (benth.) brenan.,Mimosaceae,mimosaceae,,,NORMALIZED_ONLY,Scientific name change: CASE_ONLY. Family change: CASE_ONLY.,HIGH,NONE,,FALSE,https://mpbd.cu.ac.bd/plants.php?pageno=10
9398e0b0e4211d0f,Acacia PENNATA (L.) Willd.,acacia pennata (l.) willd.,Mimosaceae,mimosaceae,,,NORMALIZED_ONLY,Scientific name change: CASE_ONLY. Family change: CASE_ONLY.,HIGH,NONE,,FALSE,https://mpbd.cu.ac.bd/plants.php?pageno=11
1e5f020b7baddd87,Acacia concinna (WILLD.) DC.,acacia concinna (willd.) dc.,Mimosaceae,mimosaceae,,,NORMALIZED_ONLY,Scientific name change: CASE_ONLY. Family change: CASE_ONLY.,HIGH,NONE,,FALSE,https://mpbd.cu.ac.bd/plants.php?pageno=11
72f47ecabae010fb,Acalypha INDICA L.,acalypha indica l.,Euphorbiaceae,euphorbiaceae,,,NORMALIZED_ONLY,Scientific name change: CASE_ONLY. Family change: CASE_ONLY.,HIGH,NONE,,FALSE,https://mpbd.cu.ac.bd/plants.php?pageno=11
be6a7ffaa6522381,Acampe praemorsa (Roxb.) Blatt. & McCann,acampe praemorsa (roxb.) blatt. & mccann,Orchidaceae,orchidaceae,,,NORMALIZED_ONLY,Scientific name change: CASE_ONLY. Family change: CASE_ONLY.,HIGH,NONE,,FALSE,https://mpbd.cu.ac.bd/plants.php?pageno=11
65c9554534b27b2a,Acanthus ILICIFOLIUS L.,acanthus ilicifolius l.,Acanthaceae,acanthaceae,,,NORMALIZED_ONLY,Scientific name change: CASE_ONLY. Family change: CASE_ONLY.,HIGH,NONE,,FALSE,https://mpbd.cu.ac.bd/plants.php?pageno=11
8ee8f19105bc64c3,Achyranthes ASPERA L.,achyranthes aspera l.,Amaranthaceae,amaranthaceae,,,POTENTIAL_DUPLICATE,Normalized scientific name appears 2 times. Original change type: CASE_ONLY.,MEDIUM,NONE,,TRUE,https://mpbd.cu.ac.bd/plants.php?pageno=11
a4c113e4c0e028e7,Acorus CALAMUS L.,acorus calamus l.,Acoraceae,acoraceae,,,NORMALIZED_ONLY,Scientific name change: CASE_ONLY. Family change: CASE_ONLY.,HIGH,NONE,,FALSE,https://mpbd.cu.ac.bd/plants.php?pageno=11
e4554f46f2bea523,Acronychia PEDUNCULATA (L.) Miq.,acronychia pedunculata (l.) miq.,Rutaceae,rutaceae,,,NORMALIZED_ONLY,Scientific name change: CASE_ONLY. Family change: CASE_ONLY.,HIGH,NONE,,FALSE,https://mpbd.cu.ac.bd/plants.php?pageno=11
2cf721162d144226,Actinodaphne gullavara (Buch.-Ham. ex Nees) M.R.Almeida,actinodaphne gullavara (buch.-ham. ex nees) m.r.almeida,Lauraceae,lauraceae,,,NORMALIZED_ONLY,Scientific name change: CASE_ONLY. Family change: CASE_ONLY.,HIGH,NONE,,FALSE,https://mpbd.cu.ac.bd/plants.php?pageno=11
2e5974d7149f1be3,Adenanthera PAVONINA L.,adenanthera pavonina l.,Mimosaceae,mimosaceae,,,NORMALIZED_ONLY,Scientific name change: CASE_ONLY. Family change: CASE_ONLY.,HIGH,NONE,,FALSE,https://mpbd.cu.ac.bd/plants.php?pageno=11
5f9a468ea1ca7961,Justicia adhatoda L.,justicia adhatoda l.,Acanthaceae,acanthaceae,,,NORMALIZED_ONLY,Scientific name change: CASE_ONLY. Family change: CASE_ONLY.,HIGH,NONE,,FALSE,https://mpbd.cu.ac.bd/plants.php?pageno=12
000ec8ca402ab01e,Adiantum capillus-veneris L,adiantum capillus-veneris l,Adiantaceae,adiantaceae,,,NORMALIZED_ONLY,Scientific name change: CASE_ONLY. Family change: CASE_ONLY.,HIGH,NONE,,FALSE,https://mpbd.cu.ac.bd/plants.php?pageno=12
90b8ad3242548b26,Adiantum INCISUM Forssk.,adiantum incisum forssk.,Adiantaceae,adiantaceae,,,NORMALIZED_ONLY,Scientific name change: CASE_ONLY. Family change: CASE_ONLY.,HIGH,NONE,,FALSE,https://mpbd.cu.ac.bd/plants.php?pageno=12
7a71052b92def78c,Adiantum LUNULATUM Burm. F.,adiantum lunulatum burm. f.,Adiantaceae,adiantaceae,,,NORMALIZED_ONLY,Scientific name change: CASE_ONLY. Family change: CASE_ONLY.,HIGH,NONE,,FALSE,https://mpbd.cu.ac.bd/plants.php?pageno=12
e92af649fecde028,Haldina cordifolia (Roxb.) Ridsdale,haldina cordifolia (roxb.) ridsdale,Rubiaceae,rubiaceae,,,NORMALIZED_ONLY,Scientific name change: CASE_ONLY. Family change: CASE_ONLY.,HIGH,NONE,,FALSE,https://mpbd.cu.ac.bd/plants.php?pageno=12
11672cb1ab0ddd24,Aegle MARMELOS (L.) Corr.,aegle marmelos (l.) corr.,Rutaceae,rutaceae,,,NORMALIZED_ONLY,Scientific name change: CASE_ONLY. Family change: CASE_ONLY.,HIGH,NONE,,FALSE,https://mpbd.cu.ac.bd/plants.php?pageno=12
d0c116e30396117e,Aganosma DICHOTOMA (Roth) K. Schum.,aganosma dichotoma (roth) k. schum.,Apocynaceae,apocynaceae,,,NORMALIZED_ONLY,Scientific name change: CASE_ONLY. Family change: CASE_ONLY.,HIGH,NONE,,FALSE,https://mpbd.cu.ac.bd/plants.php?pageno=12
cc62463a33675bfb,Ageratum CONYZOIDES L.,ageratum conyzoides l.,Asteraceae,asteraceae,,,NORMALIZED_ONLY,Scientific name change: CASE_ONLY. Family change: CASE_ONLY.,HIGH,NONE,,FALSE,https://mpbd.cu.ac.bd/plants.php?pageno=12
e9f431c666116729,Alangium SALVIFOLIUM (L. f.) Wang.,alangium salvifolium (l. f.) wang.,Alangiaceae,alangiaceae,,,NORMALIZED_ONLY,Scientific name change: CASE_ONLY. Family change: CASE_ONLY.,HIGH,NONE,,FALSE,https://mpbd.cu.ac.bd/plants.php?pageno=12
b5c46ee659b8e51d,Albizia CHINENSIS (Osbeck) Merr.,albizia chinensis (osbeck) merr.,Mimosaceae,mimosaceae,,,NORMALIZED_ONLY,Scientific name change: CASE_ONLY. Family change: CASE_ONLY.,HIGH,NONE,,FALSE,https://mpbd.cu.ac.bd/plants.php?pageno=12
d7bd848cc6d50051,Albizzia LEBBECK (L.) Benth.,albizzia lebbeck (l.) benth.,Mimosaceae,mimosaceae,,,NORMALIZED_ONLY,Scientific name change: CASE_ONLY. Family change: CASE_ONLY.,HIGH,NONE,,FALSE,https://mpbd.cu.ac.bd/plants.php?pageno=13
630fe59afdc79d21,Albizia ODORATISSIMA (L. f.) Benth.,albizia odoratissima (l. f.) benth.,Mimosaceae,mimosaceae,,,NORMALIZED_ONLY,Scientific name change: CASE_ONLY. Family change: CASE_ONLY.,HIGH,NONE,,FALSE,https://mpbd.cu.ac.bd/plants.php?pageno=13
3cfcfc2065d3ee1a,Albizia PROCERA (Roxb.) Benth.,albizia procera (roxb.) benth.,Mimosaceae,mimosaceae,,,NORMALIZED_ONLY,Scientific name change: CASE_ONLY. Family change: CASE_ONLY.,HIGH,NONE,,FALSE,https://mpbd.cu.ac.bd/plants.php?pageno=13
b032d483379d9abe,Allamanda CATHARTICA L.,allamanda cathartica l.,Apocynaceae,apocynaceae,,,NORMALIZED_ONLY,Scientific name change: CASE_ONLY. Family change: CASE_ONLY.,HIGH,NONE,,FALSE,https://mpbd.cu.ac.bd/plants.php?pageno=13
8230ed08aa4f9011,Allium CEPA L.,allium cepa l.,Liliaceae,liliaceae,,,NORMALIZED_ONLY,Scientific name change: CASE_ONLY. Family change: CASE_ONLY.,HIGH,NONE,,FALSE,https://mpbd.cu.ac.bd/plants.php?pageno=13
f31042adc255deac,Allium SATIVUM L.,allium sativum l.,Liliaceae,liliaceae,,,NORMALIZED_ONLY,Scientific name change: CASE_ONLY. Family change: CASE_ONLY.,HIGH,NONE,,FALSE,https://mpbd.cu.ac.bd/plants.php?pageno=13
911cbb2135015601,Ziziphus RUGOSA Lam.,ziziphus rugosa lam.,Rhamnaceae,rhamnaceae,,,NORMALIZED_ONLY,Scientific name change: CASE_ONLY. Family change: CASE_ONLY.,HIGH,NONE,,FALSE,https://mpbd.cu.ac.bd/plants.php?pageno=13
4acf86929a4c2f34,Zizyphus oenoplia Mill.,zizyphus oenoplia mill.,Rhamnaceae,rhamnaceae,,,NORMALIZED_ONLY,Scientific name change: CASE_ONLY. Family change: CASE_ONLY.,HIGH,NONE,,FALSE,https://mpbd.cu.ac.bd/plants.php?pageno=13
d9c8a20fda21669b,Ziziphus jujuba Mill.,ziziphus jujuba mill.,Rhamnaceae,rhamnaceae,,,NORMALIZED_ONLY,Scientific name change: CASE_ONLY. Family change: CASE_ONLY.,HIGH,NONE,,FALSE,https://mpbd.cu.ac.bd/plants.php?pageno=13
aa6eb53242032b37,Zingiber ZERUMBET (L.) Roscoe ex Sm.,zingiber zerumbet (l.) roscoe ex sm.,Zingiberaceae,zingiberaceae,,,NORMALIZED_ONLY,Scientific name change: CASE_ONLY. Family change: CASE_ONLY.,HIGH,NONE,,FALSE,https://mpbd.cu.ac.bd/plants.php?pageno=13
1c0db8d19dab6b57,Zingiber OFFICINALE Rose.,zingiber officinale rose.,Zingiberaceae,zingiberaceae,,,NORMALIZED_ONLY,Scientific name change: CASE_ONLY. Family change: CASE_ONLY.,HIGH,NONE,,FALSE,https://mpbd.cu.ac.bd/plants.php?pageno=14
a9174e2392cd3d98,Zingiber MONTANUM (Koenig) Dietrich.,zingiber montanum (koenig) dietrich.,Zingiberaceae,zingiberaceae,,,NORMALIZED_ONLY,Scientific name change: CASE_ONLY. Family change: CASE_ONLY.,HIGH,NONE,,FALSE,https://mpbd.cu.ac.bd/plants.php?pageno=14
dddd59e8377c6b36,Zeuxine STRATEUMATICA Schlechter.,zeuxine strateumatica schlechter.,Orchidaceae,orchidaceae,,,NORMALIZED_ONLY,Scientific name change: CASE_ONLY. Family change: CASE_ONLY.,HIGH,NONE,,FALSE,https://mpbd.cu.ac.bd/plants.php?pageno=14
0a767cb9c663a488,Zea MAYS L.,zea mays l.,Poaceae,poaceae,,,NORMALIZED_ONLY,Scientific name change: CASE_ONLY. Family change: CASE_ONLY.,HIGH,NONE,,FALSE,https://mpbd.cu.ac.bd/plants.php?pageno=14
82cf705dbdeb9dfd,Zanthoxylum RHETSA (Roxb.) DC.,zanthoxylum rhetsa (roxb.) dc.,Rutaceae,rutaceae,,,NORMALIZED_ONLY,Scientific name change: CASE_ONLY. Family change: CASE_ONLY.,HIGH,NONE,,FALSE,https://mpbd.cu.ac.bd/plants.php?pageno=14
79719730f629a924,Zanthoxylum NITIDUM (Roxb.) DC.,zanthoxylum nitidum (roxb.) dc.,Rutaceae,rutaceae,,,NORMALIZED_ONLY,Scientific name change: CASE_ONLY. Family change: CASE_ONLY.,HIGH,NONE,,FALSE,https://mpbd.cu.ac.bd/plants.php?pageno=14
41cef0b4c39692fd,Zanonia INDICA L.,zanonia indica l.,Cucurbitaceae,cucurbitaceae,,,NORMALIZED_ONLY,Scientific name change: CASE_ONLY. Family change: CASE_ONLY.,HIGH,NONE,,FALSE,https://mpbd.cu.ac.bd/plants.php?pageno=14
a138929502fe210a,Xylyocarpus MOLUCCENSIS (Lam.) M.Roem.,xylyocarpus moluccensis (lam.) m.roem.,Meliaceae,meliaceae,,,NORMALIZED_ONLY,Scientific name change: CASE_ONLY. Family change: CASE_ONLY.,HIGH,NONE,,FALSE,https://mpbd.cu.ac.bd/plants.php?pageno=14
e6db3cf9cb8c7424,Xylocarpus GRANATUM Koen.,xylocarpus granatum koen.,Meliaceae,meliaceae,,,NORMALIZED_ONLY,Scientific name change: CASE_ONLY. Family change: CASE_ONLY.,HIGH,NONE,,FALSE,https://mpbd.cu.ac.bd/plants.php?pageno=14
304c83174d6e9dad,Tamilnadia uliginosa (Retz.) Tirveng. & Sastre,tamilnadia uliginosa (retz.) tirveng. & sastre,Rubiaceae,rubiaceae,,,NORMALIZED_ONLY,Scientific name change: CASE_ONLY. Family change: CASE_ONLY.,HIGH,NONE,,FALSE,https://mpbd.cu.ac.bd/plants.php?pageno=14
fa0234fcfb1ac80b,Catunaregam spinosa (Thunb.) Tirveng.,catunaregam spinosa (thunb.) tirveng.,Rubiaceae,rubiaceae,,,NORMALIZED_ONLY,Scientific name change: CASE_ONLY. Family change: CASE_ONLY.,HIGH,NONE,,FALSE,https://mpbd.cu.ac.bd/plants.php?pageno=15
482de1c351587103,Xanthium strumarium L.,xanthium strumarium l.,Asteraceae,asteraceae,,,NORMALIZED_ONLY,Scientific name change: CASE_ONLY. Family change: CASE_ONLY.,HIGH,NONE,,FALSE,https://mpbd.cu.ac.bd/plants.php?pageno=15
0f4640986f7d1a2d,Wrightia ARBOREA (Dennst.) Mabb.,wrightia arborea (dennst.) mabb.,Apocynaceae,apocynaceae,,,NORMALIZED_ONLY,Scientific name change: CASE_ONLY. Family change: CASE_ONLY.,HIGH,NONE,,FALSE,https://mpbd.cu.ac.bd/plants.php?pageno=15
5701a17d21e79254,Woodfordia FRUTICOSA (L.) Kurz.,woodfordia fruticosa (l.) kurz.,Lythraceae,lythraceae,,,NORMALIZED_ONLY,Scientific name change: CASE_ONLY. Family change: CASE_ONLY.,HIGH,NONE,,FALSE,https://mpbd.cu.ac.bd/plants.php?pageno=15
2d7f28b9400f3b32,Withania SOMNIFERA (L.) Dunal.,withania somnifera (l.) dunal.,Solanaceae,solanaceae,,,NORMALIZED_ONLY,Scientific name change: CASE_ONLY. Family change: CASE_ONLY.,HIGH,NONE,,FALSE,https://mpbd.cu.ac.bd/plants.php?pageno=15
dd2fdd9d1a46d547,Wikstroemia INDICA (L.) C.A. Mey.,wikstroemia indica (l.) c.a. mey.,Thymelaeaceae,thymelaeaceae,,,NORMALIZED_ONLY,Scientific name change: CASE_ONLY. Family change: CASE_ONLY.,HIGH,NONE,,FALSE,https://mpbd.cu.ac.bd/plants.php?pageno=15
a4e0e116e4fd7291,Sphagneticola calendulacea (L.) Pruski.,sphagneticola calendulacea (l.) pruski.,Asteraceae,asteraceae,,,NORMALIZED_ONLY,Scientific name change: CASE_ONLY. Family change: CASE_ONLY.,HIGH,NONE,,FALSE,https://mpbd.cu.ac.bd/plants.php?pageno=15
b4dda5184ab986b0,Dregea volubilis (L.f.) Benth. ex Hook.f.,dregea volubilis (l.f.) benth. ex hook.f.,Asclepiadaceae,asclepiadaceae,,,NORMALIZED_ONLY,Scientific name change: CASE_ONLY. Family change: CASE_ONLY.,HIGH,NONE,,FALSE,https://mpbd.cu.ac.bd/plants.php?pageno=15
5482ee4ad55d62ae,Vitis PENTAGONA (Roxb.) Lawson.,vitis pentagona (roxb.) lawson.,Vitaceae,vitaceae,,,NORMALIZED_ONLY,Scientific name change: CASE_ONLY. Family change: CASE_ONLY.,HIGH,NONE,,FALSE,https://mpbd.cu.ac.bd/plants.php?pageno=15
0000de9201a1c3c8,Vitex TRIFOLIA L. f.,vitex trifolia l. f.,Verbenaceae,verbenaceae,,,NORMALIZED_ONLY,Scientific name change: CASE_ONLY. Family change: CASE_ONLY.,HIGH,NONE,,FALSE,https://mpbd.cu.ac.bd/plants.php?pageno=15
0a7057fa56f1b022,Vitex pinnata L.,vitex pinnata l.,Verbenaceae,verbenaceae,,,NORMALIZED_ONLY,Scientific name change: CASE_ONLY. Family change: CASE_ONLY.,HIGH,NONE,,FALSE,https://mpbd.cu.ac.bd/plants.php?pageno=16
0463c0dde2a50017,Vitex PEDUNCULARIS Wall.,vitex peduncularis wall.,Verbenaceae,verbenaceae,,,NORMALIZED_ONLY,Scientific name change: CASE_ONLY. Family change: CASE_ONLY.,HIGH,NONE,,FALSE,https://mpbd.cu.ac.bd/plants.php?pageno=16
aff55b65b1a0c556,Vitex NEGUNDO L.,vitex negundo l.,Verbenaceae,verbenaceae,,,NORMALIZED_ONLY,Scientific name change: CASE_ONLY. Family change: CASE_ONLY.,HIGH,NONE,,FALSE,https://mpbd.cu.ac.bd/plants.php?pageno=16
86638ce4a33d2b9a,Viscum cruciatum Sieber ex Boiss.,viscum cruciatum sieber ex boiss.,Loranthaceae,loranthaceae,,,NORMALIZED_ONLY,Scientific name change: CASE_ONLY. Family change: CASE_ONLY.,HIGH,NONE,,FALSE,https://mpbd.cu.ac.bd/plants.php?pageno=16
3e608dfd65b6c499,Vigna UNGUICULATA (L.) Walp.,vigna unguiculata (l.) walp.,Fabaceae,fabaceae,,,NORMALIZED_ONLY,Scientific name change: CASE_ONLY. Family change: CASE_ONLY.,HIGH,NONE,,FALSE,https://mpbd.cu.ac.bd/plants.php?pageno=16
41a397eb4b75cff6,Vigna RADIATA (L.) Wilczek.,vigna radiata (l.) wilczek.,Fabaceae,fabaceae,,,NORMALIZED_ONLY,Scientific name change: CASE_ONLY. Family change: CASE_ONLY.,HIGH,NONE,,FALSE,https://mpbd.cu.ac.bd/plants.php?pageno=16
9ca32c53a16cee91,Vigna MUNGO (L.) Hepper,vigna mungo (l.) hepper,Fabaceae,fabaceae,,,NORMALIZED_ONLY,Scientific name change: CASE_ONLY. Family change: CASE_ONLY.,HIGH,NONE,,FALSE,https://mpbd.cu.ac.bd/plants.php?pageno=16
3da791db5695f938,Chrysopogon zizanioides (L.) Roberty.,chrysopogon zizanioides (l.) roberty.,Poaceae,poaceae,,,NORMALIZED_ONLY,Scientific name change: CASE_ONLY. Family change: CASE_ONLY.,HIGH,NONE,,FALSE,https://mpbd.cu.ac.bd/plants.php?pageno=16
f0a9015a04716a02,Vernonia PATULA (Dryand.) Merr.,vernonia patula (dryand.) merr.,Asteraceae,asteraceae,,,NORMALIZED_ONLY,Scientific name change: CASE_ONLY. Family change: CASE_ONLY.,HIGH,NONE,,FALSE,https://mpbd.cu.ac.bd/plants.php?pageno=16
af50e32e3b26c609,Vanda TESSELLATA (Roxb.) Hook. ex G. Don.,vanda tessellata (roxb.) hook. ex g. don.,Orchidaceae,orchidaceae,,,NORMALIZED_ONLY,Scientific name change: CASE_ONLY. Family change: CASE_ONLY.,HIGH,NONE,,FALSE,https://mpbd.cu.ac.bd/plants.php?pageno=16
2e0c5a7ecf0e4ca3,Vallisneria SPIRALIS L.,vallisneria spiralis l.,Hydrocharitaceae,hydrocharitaceae,,,NORMALIZED_ONLY,Scientific name change: CASE_ONLY. Family change: CASE_ONLY.,HIGH,NONE,,FALSE,https://mpbd.cu.ac.bd/plants.php?pageno=17
668162cc10bfcefd,Uvaria HAMILTONII Hook. f. & Thom.,uvaria hamiltonii hook. f. & thom.,Annonaceae,annonaceae,,,POTENTIAL_DUPLICATE,Normalized scientific name appears 2 times. Original change type: CASE_ONLY.,MEDIUM,NONE,,TRUE,https://mpbd.cu.ac.bd/plants.php?pageno=17
ba571a84f9298b7a,Drimia indica (Roxb.) Jessop.,drimia indica (roxb.) jessop.,Liliaceae,liliaceae,,,NORMALIZED_ONLY,Scientific name change: CASE_ONLY. Family change: CASE_ONLY.,HIGH,NONE,,FALSE,https://mpbd.cu.ac.bd/plants.php?pageno=17
3dcae1af2fae6db7,Urena LOBATA L.,urena lobata l.,Malvaceae,malvaceae,,,NORMALIZED_ONLY,Scientific name change: CASE_ONLY. Family change: CASE_ONLY.,HIGH,NONE,,FALSE,https://mpbd.cu.ac.bd/plants.php?pageno=17
54876fd733706e90,Urena SINUATA L.,urena sinuata l.,Malvaceae,malvaceae,,,NORMALIZED_ONLY,Scientific name change: CASE_ONLY. Family change: CASE_ONLY.,HIGH,NONE,,FALSE,https://mpbd.cu.ac.bd/plants.php?pageno=17
cecbb851c5d7cb44,Uraria PICTA (Jacq.) DC.,uraria picta (jacq.) dc.,Fabaceae,fabaceae,,,NORMALIZED_ONLY,Scientific name change: CASE_ONLY. Family change: CASE_ONLY.,HIGH,NONE,,FALSE,https://mpbd.cu.ac.bd/plants.php?pageno=17
d2055b9091925458,Uraria LAGOPODIOIDES (L.) DC.,uraria lagopodioides (l.) dc.,Fabaceae,fabaceae,,,NORMALIZED_ONLY,Scientific name change: CASE_ONLY. Family change: CASE_ONLY.,HIGH,NONE,,FALSE,https://mpbd.cu.ac.bd/plants.php?pageno=17
017a72141b3af8d2,Typhonium TRILOBATUM (L.) Schott.,typhonium trilobatum (l.) schott.,Araceae,araceae,,,NORMALIZED_ONLY,Scientific name change: CASE_ONLY. Family change: CASE_ONLY.,HIGH,NONE,,FALSE,https://mpbd.cu.ac.bd/plants.php?pageno=17
67d36a49cfce1e48,Typha ELEPHANTINA Roxb.,typha elephantina roxb.,Typhaceae,typhaceae,,,NORMALIZED_ONLY,Scientific name change: CASE_ONLY. Family change: CASE_ONLY.,HIGH,NONE,,FALSE,https://mpbd.cu.ac.bd/plants.php?pageno=17
59f514f42edce13f,Tylophora INDICA (Burm.f.) Merr.,tylophora indica (burm.f.) merr.,Asclepiadaceae,asclepiadaceae,,,NORMALIZED_ONLY,Scientific name change: CASE_ONLY. Family change: CASE_ONLY.,HIGH,NONE,,FALSE,https://mpbd.cu.ac.bd/plants.php?pageno=17
3203c8eea1f66e9e,Triumfetta RHOMBOIDEA Jacq.,triumfetta rhomboidea jacq.,Tiliaceae,tiliaceae,,,NORMALIZED_ONLY,Scientific name change: CASE_ONLY. Family change: CASE_ONLY.,HIGH,NONE,,FALSE,https://mpbd.cu.ac.bd/plants.php?pageno=18
f4b89ad2bbefba3d,Trigonella FOENUM-GRAECUM L.,trigonella foenum-graecum l.,Fabaceae,fabaceae,,,NORMALIZED_ONLY,Scientific name change: CASE_ONLY. Family change: CASE_ONLY.,HIGH,NONE,,FALSE,https://mpbd.cu.ac.bd/plants.php?pageno=18
cb4dbd94d046dc3d,Tridax PROCUMBENS L.,tridax procumbens l.,Asteraceae,asteraceae,,,NORMALIZED_ONLY,Scientific name change: CASE_ONLY. Family change: CASE_ONLY.,HIGH,NONE,,FALSE,https://mpbd.cu.ac.bd/plants.php?pageno=18
58698fb414806682,Trichosanthes DIOICA Roxb.,trichosanthes dioica roxb.,Cucurbitaceae.,cucurbitaceae,,,NORMALIZED_ONLY,Scientific name change: CASE_ONLY. Family change: PUNCTUATION_ONLY.,HIGH,NONE,,FALSE,https://mpbd.cu.ac.bd/plants.php?pageno=18
a1dae8a2f5c19806,Trichosanthes CUCUMERINA L.,trichosanthes cucumerina l.,Cucurbitaceae.,cucurbitaceae,,,NORMALIZED_ONLY,Scientific name change: CASE_ONLY. Family change: PUNCTUATION_ONLY.,HIGH,NONE,,FALSE,https://mpbd.cu.ac.bd/plants.php?pageno=18
3ff40521e992964e,Trichosanthes BRACTEATA (Lam.) Voigt.,trichosanthes bracteata (lam.) voigt.,Cucurbitaceae.,cucurbitaceae,,,NORMALIZED_ONLY,Scientific name change: CASE_ONLY. Family change: PUNCTUATION_ONLY.,HIGH,NONE,,FALSE,https://mpbd.cu.ac.bd/plants.php?pageno=18
bc36f5a7f8335776,Tribulus TERRESTRIS L.,tribulus terrestris l.,Zygophyllaceae,zygophyllaceae,,,NORMALIZED_ONLY,Scientific name change: CASE_ONLY. Family change: CASE_ONLY.,HIGH,NONE,,FALSE,https://mpbd.cu.ac.bd/plants.php?pageno=18
11ed5b56e668f4ae,Trianthema PORTULACASTRUM L.,trianthema portulacastrum l.,Aizoaceae,aizoaceae,,,NORMALIZED_ONLY,Scientific name change: CASE_ONLY. Family change: CASE_ONLY.,HIGH,NONE,,FALSE,https://mpbd.cu.ac.bd/plants.php?pageno=18
3514b24761eee72f,Mallotus polycarpus (Benth.) Kulju & Welzen.,mallotus polycarpus (benth.) kulju & welzen.,Euphorbiaceae,euphorbiaceae,,,NORMALIZED_ONLY,Scientific name change: CASE_ONLY. Family change: CASE_ONLY.,HIGH,NONE,,FALSE,https://mpbd.cu.ac.bd/plants.php?pageno=18
1a65c12b0b142fe1,Trevesia PALMATA (Roxb. ex Lindl.) Vis.,trevesia palmata (roxb. ex lindl.) vis.,Araliaceae,araliaceae,,,NORMALIZED_ONLY,Scientific name change: CASE_ONLY. Family change: CASE_ONLY.,HIGH,NONE,,FALSE,https://mpbd.cu.ac.bd/plants.php?pageno=18
7e438eb1cfb6ffbb,Trema ORIENTALIS (L.) Bl.,trema orientalis (l.) bl.,Ulmaceae,ulmaceae,,,NORMALIZED_ONLY,Scientific name change: CASE_ONLY. Family change: CASE_ONLY.,HIGH,NONE,,FALSE,https://mpbd.cu.ac.bd/plants.php?pageno=19
252091586463594f,Trapa natans var. bispinosa (Roxb.) Makino,trapa natans var. bispinosa (roxb.) makino,Trapaceae,trapaceae,,,NORMALIZED_ONLY,Scientific name change: CASE_ONLY. Family change: CASE_ONLY.,HIGH,NONE,,FALSE,https://mpbd.cu.ac.bd/plants.php?pageno=19
77e308109de405e1,Tragia INVOLUCRATA L.,tragia involucrata l.,Euphorbiaceae,euphorbiaceae,,,NORMALIZED_ONLY,Scientific name change: CASE_ONLY. Family change: CASE_ONLY.,HIGH,NONE,,FALSE,https://mpbd.cu.ac.bd/plants.php?pageno=19
e510f4c81b3fa52a,Torenia ASIATICA L.,torenia asiatica l.,Scrophulariaceae,scrophulariaceae,,,NORMALIZED_ONLY,Scientific name change: CASE_ONLY. Family change: CASE_ONLY.,HIGH,NONE,,FALSE,https://mpbd.cu.ac.bd/plants.php?pageno=19
39d39561be99dd8c,Toona CILIATA J. Roem.,toona ciliata j. roem.,Meliaceae,meliaceae,,,NORMALIZED_ONLY,Scientific name change: CASE_ONLY. Family change: CASE_ONLY.,HIGH,NONE,,FALSE,https://mpbd.cu.ac.bd/plants.php?pageno=19
043aa94e408e8dad,Toddalia ASIATICA (L.) Lam.,toddalia asiatica (l.) lam.,Rutaceae,rutaceae,,,NORMALIZED_ONLY,Scientific name change: CASE_ONLY. Family change: CASE_ONLY.,HIGH,NONE,,FALSE,https://mpbd.cu.ac.bd/plants.php?pageno=19
280eda71c1e174b7,Tinospora CRISPA Miers.,tinospora crispa miers.,Menispermaceae,menispermaceae,,,NORMALIZED_ONLY,Scientific name change: CASE_ONLY. Family change: CASE_ONLY.,HIGH,NONE,,FALSE,https://mpbd.cu.ac.bd/plants.php?pageno=19
18f235aea694acb0,Tinospora sinensis (Lour.) Merr.,tinospora sinensis (lour.) merr.,Menispermaceae,menispermaceae,,,NORMALIZED_ONLY,Scientific name change: CASE_ONLY. Family change: CASE_ONLY.,HIGH,NONE,,FALSE,https://mpbd.cu.ac.bd/plants.php?pageno=19
85c76ba25c877400,Tiliacora racemosa Colebr.,tiliacora racemosa colebr.,Menispermaceae,menispermaceae,,,NORMALIZED_ONLY,Scientific name change: CASE_ONLY. Family change: CASE_ONLY.,HIGH,NONE,,FALSE,https://mpbd.cu.ac.bd/plants.php?pageno=19
22c33a43b6ea8249,Thunbergia GRANDIFLORA (Roxb. ex Rottl.) Roxb.,thunbergia grandiflora (roxb. ex rottl.) roxb.,Acanthaceae,acanthaceae,,,NORMALIZED_ONLY,Scientific name change: CASE_ONLY. Family change: CASE_ONLY.,HIGH,NONE,,FALSE,https://mpbd.cu.ac.bd/plants.php?pageno=19
02ecc870d78b8b36,Cascabela thevetia (L.) Lippold.,cascabela thevetia (l.) lippold.,Apocynaceae,apocynaceae,,,NORMALIZED_ONLY,Scientific name change: CASE_ONLY. Family change: CASE_ONLY.,HIGH,NONE,,FALSE,https://mpbd.cu.ac.bd/plants.php?pageno=20
c2c0417cf4c7dbb6,Thespesia POPULNEA (L.) Sol. ex Corr.,thespesia populnea (l.) sol. ex corr.,Malvaceae,malvaceae,,,NORMALIZED_ONLY,Scientific name change: CASE_ONLY. Family change: CASE_ONLY.,HIGH,NONE,,FALSE,https://mpbd.cu.ac.bd/plants.php?pageno=20
d440ed7948ad5b41,Terminalia CITRINA Flaming.,terminalia citrina flaming.,Combretaceae,combretaceae,,,NORMALIZED_ONLY,Scientific name change: CASE_ONLY. Family change: CASE_ONLY.,HIGH,NONE,,FALSE,https://mpbd.cu.ac.bd/plants.php?pageno=20
cc15430de481ff04,Terminalia CHEBULA Retz.,terminalia chebula retz.,Combretaceae,combretaceae,,,NORMALIZED_ONLY,Scientific name change: CASE_ONLY. Family change: CASE_ONLY.,HIGH,NONE,,FALSE,https://mpbd.cu.ac.bd/plants.php?pageno=20
a45b824b07bccf2f,Terminalia CATAPPA L.,terminalia catappa l.,Combretaceae,combretaceae,,,NORMALIZED_ONLY,Scientific name change: CASE_ONLY. Family change: CASE_ONLY.,HIGH,NONE,,FALSE,https://mpbd.cu.ac.bd/plants.php?pageno=20
706f3f8368975a97,Terminalia BILLIRICA (Gaertn.)Roxb.,terminalia billirica (gaertn.)roxb.,Combretaceae,combretaceae,,,NORMALIZED_ONLY,Scientific name change: CASE_ONLY. Family change: CASE_ONLY.,HIGH,NONE,,FALSE,https://mpbd.cu.ac.bd/plants.php?pageno=20
8dc4d2d1b317fd8c,Terminalia ARJUNA (Roxb. ex DC.) Wight & Arn.,terminalia arjuna (roxb. ex dc.) wight & arn.,Combretaceae,combretaceae,,,NORMALIZED_ONLY,Scientific name change: CASE_ONLY. Family change: CASE_ONLY.,HIGH,NONE,,FALSE,https://mpbd.cu.ac.bd/plants.php?pageno=20
35296060d5072f86,Tephrosia PURPUREA (L.) Pers.,tephrosia purpurea (l.) pers.,Fabaceae,fabaceae,,,NORMALIZED_ONLY,Scientific name change: CASE_ONLY. Family change: CASE_ONLY.,HIGH,NONE,,FALSE,https://mpbd.cu.ac.bd/plants.php?pageno=20
a6ce7ee4e542f880,Tectona grandis L.f.,tectona grandis l.f.,Verbenaceae,verbenaceae,,,NORMALIZED_ONLY,Scientific name change: CASE_ONLY. Family change: CASE_ONLY.,HIGH,NONE,,FALSE,https://mpbd.cu.ac.bd/plants.php?pageno=20
fc8cfbd33e4fb015,Tamarix INDICA Willd.,tamarix indica willd.,Tamaricaceae,tamaricaceae,,,NORMALIZED_ONLY,Scientific name change: CASE_ONLY. Family change: CASE_ONLY.,HIGH,NONE,,FALSE,https://mpbd.cu.ac.bd/plants.php?pageno=20
876872df0c3f8029,Tamarix DIOICA Roxb. ex Roth.,tamarix dioica roxb. ex roth.,Tamaricaeae,tamaricaeae,,,NORMALIZED_ONLY,Scientific name change: CASE_ONLY. Family change: CASE_ONLY.,HIGH,NONE,,FALSE,https://mpbd.cu.ac.bd/plants.php?pageno=21
09230327d4d211e7,Tamarindus INDICA L.,tamarindus indica l.,Caesalpiniaceae,caesalpiniaceae,,,NORMALIZED_ONLY,Scientific name change: CASE_ONLY. Family change: CASE_ONLY.,HIGH,NONE,,FALSE,https://mpbd.cu.ac.bd/plants.php?pageno=21
5e41c3c4b578791d,Tagetes ERECTA L.,tagetes erecta l.,Asteraceae,asteraceae,,,NORMALIZED_ONLY,Scientific name change: CASE_ONLY. Family change: CASE_ONLY.,HIGH,NONE,,FALSE,https://mpbd.cu.ac.bd/plants.php?pageno=21
fa8f41c5847014a1,Tacca INTEGRIFOLIA Ker.-Gawl.,tacca integrifolia ker.-gawl.,Taccaceae,taccaceae,,,NORMALIZED_ONLY,Scientific name change: CASE_ONLY. Family change: CASE_ONLY.,HIGH,NONE,,FALSE,https://mpbd.cu.ac.bd/plants.php?pageno=21
e6a220b34bb33079,Tabernaemontana DIVARICATA (L.) R.Br. ex Roem. & Schult.,tabernaemontana divaricata (l.) r.br. ex roem. & schult.,Apocynaceae,apocynaceae,,,NORMALIZED_ONLY,Scientific name change: CASE_ONLY. Family change: CASE_ONLY.,HIGH,NONE,,FALSE,https://mpbd.cu.ac.bd/plants.php?pageno=21
99387220d122dc45,Syzygium nervosum A.Cunn. ex DC.,syzygium nervosum a.cunn. ex dc.,Myrtaceae,myrtaceae,,,NORMALIZED_ONLY,Scientific name change: CASE_ONLY. Family change: CASE_ONLY.,HIGH,NONE,,FALSE,https://mpbd.cu.ac.bd/plants.php?pageno=21
4ef1255e0cf7315b,Syzygium JAMBOS (L.) Alston.,syzygium jambos (l.) alston.,Myrtaceae,myrtaceae,,,NORMALIZED_ONLY,Scientific name change: CASE_ONLY. Family change: CASE_ONLY.,HIGH,NONE,,FALSE,https://mpbd.cu.ac.bd/plants.php?pageno=21
d414e66d447f5cdd,Syzygium FRUTICOSUM DC.,syzygium fruticosum dc.,Myrtaceae,myrtaceae,,,NORMALIZED_ONLY,Scientific name change: CASE_ONLY. Family change: CASE_ONLY.,HIGH,NONE,,FALSE,https://mpbd.cu.ac.bd/plants.php?pageno=21
d44042614bbff559,Syzygium CUMINI (L.) Skeel.,syzygium cumini (l.) skeel.,Myrtaceae,myrtaceae,,,NORMALIZED_ONLY,Scientific name change: CASE_ONLY. Family change: CASE_ONLY.,HIGH,NONE,,FALSE,https://mpbd.cu.ac.bd/plants.php?pageno=21
9d311e3fb4eee435,Symplocos RACEMOSA Roxb.,symplocos racemosa roxb.,Symplocaceae,symplocaceae,,,NORMALIZED_ONLY,Scientific name change: CASE_ONLY. Family change: CASE_ONLY.,HIGH,NONE,,FALSE,https://mpbd.cu.ac.bd/plants.php?pageno=21
7494269140d16559,Suregada MULTIFLORA (A. Juss.) Baill.,suregada multiflora (a. juss.) baill.,Euphorbiaceae,euphorbiaceae,,,NORMALIZED_ONLY,Scientific name change: CASE_ONLY. Family change: CASE_ONLY.,HIGH,NONE,,FALSE,https://mpbd.cu.ac.bd/plants.php?pageno=22
d7384be896e02d76,Strychnos NUX-VOMICA L.,strychnos nux-vomica l.,Loganiaceae,loganiaceae,,,NORMALIZED_ONLY,Scientific name change: CASE_ONLY. Family change: CASE_ONLY.,HIGH,NONE,,FALSE,https://mpbd.cu.ac.bd/plants.php?pageno=22
c3a803a910ff05f8,Strobilanthes AURICULATUS Nees.,strobilanthes auriculatus nees.,Acanthaceae,acanthaceae,,,NORMALIZED_ONLY,Scientific name change: CASE_ONLY. Family change: CASE_ONLY.,HIGH,NONE,,FALSE,https://mpbd.cu.ac.bd/plants.php?pageno=22
3ec330a5cd459666,Striga asiatica (L.) Kuntze.,striga asiatica (l.) kuntze.,Scrophulariaceae,scrophulariaceae,,,NORMALIZED_ONLY,Scientific name change: CASE_ONLY. Family change: CASE_ONLY.,HIGH,NONE,,FALSE,https://mpbd.cu.ac.bd/plants.php?pageno=22
ce7cc4b2d1fdf5f6,Streblus ASPER Lour.,streblus asper lour.,Moraceae,moraceae,,,NORMALIZED_ONLY,Scientific name change: CASE_ONLY. Family change: CASE_ONLY.,HIGH,NONE,,FALSE,https://mpbd.cu.ac.bd/plants.php?pageno=22
7a796c867a132ed7,Stereospermum chelonoides (L.f.) DC.,stereospermum chelonoides (l.f.) dc.,Bignoniaceae,bignoniaceae,,,NORMALIZED_ONLY,Scientific name change: CASE_ONLY. Family change: CASE_ONLY.,HIGH,NONE,,FALSE,https://mpbd.cu.ac.bd/plants.php?pageno=22
3945e4d2adfd08b6,Stereospermum tetragonum DC.,stereospermum tetragonum dc.,Bignoniaceae,bignoniaceae,,,NORMALIZED_ONLY,Scientific name change: CASE_ONLY. Family change: CASE_ONLY.,HIGH,NONE,,FALSE,https://mpbd.cu.ac.bd/plants.php?pageno=22
0ace7e0a82d59443,Sterculia VILLOSA Roxb.,sterculia villosa roxb.,Sterculiaceae,sterculiaceae,,,NORMALIZED_ONLY,Scientific name change: CASE_ONLY. Family change: CASE_ONLY.,HIGH,NONE,,FALSE,https://mpbd.cu.ac.bd/plants.php?pageno=22
3f06bb8188eef891,Sterculia FOETIDA L.,sterculia foetida l.,Sterculiaceae,sterculiaceae,,,NORMALIZED_ONLY,Scientific name change: CASE_ONLY. Family change: CASE_ONLY.,HIGH,NONE,,FALSE,https://mpbd.cu.ac.bd/plants.php?pageno=22
222fa3684570c0dd,Stephania JAPONICA (Thunb.) Miers.,stephania japonica (thunb.) miers.,Menispermaceae,menispermaceae,,,NORMALIZED_ONLY,Scientific name change: CASE_ONLY. Family change: CASE_ONLY.,HIGH,NONE,,FALSE,https://mpbd.cu.ac.bd/plants.php?pageno=22
c93e8be645f30e6d,Stephania GLABRA (Roxb.) Miers.,stephania glabra (roxb.) miers.,Menispermaceae,menispermaceae,,,NORMALIZED_ONLY,Scientific name change: CASE_ONLY. Family change: CASE_ONLY.,HIGH,NONE,,FALSE,https://mpbd.cu.ac.bd/plants.php?pageno=23
6e67de39023a1c85,Stachytarpheta INDICA Vahl.,stachytarpheta indica vahl.,Verbenaceae,verbenaceae,,,NORMALIZED_ONLY,Scientific name change: CASE_ONLY. Family change: CASE_ONLY.,HIGH,NONE,,FALSE,https://mpbd.cu.ac.bd/plants.php?pageno=23
63e82529c338a682,Spondias PINNATA (L.f.) Kurz.,spondias pinnata (l.f.) kurz.,Anacardiaceae,anacardiaceae,,,NORMALIZED_ONLY,Scientific name change: CASE_ONLY. Family change: CASE_ONLY.,HIGH,NONE,,FALSE,https://mpbd.cu.ac.bd/plants.php?pageno=23
c668e8654ba353e4,Spinacia OLERACEA L.,spinacia oleracea l.,Chenopodiaceae,chenopodiaceae,,,NORMALIZED_ONLY,Scientific name change: CASE_ONLY. Family change: CASE_ONLY.,HIGH,NONE,,FALSE,https://mpbd.cu.ac.bd/plants.php?pageno=23
a034259ec96d9a1b,Acmella paniculata (Wall. ex DC.) R.K.Jansen.,acmella paniculata (wall. ex dc.) r.k.jansen.,Asteraceae,asteraceae,,,NORMALIZED_ONLY,Scientific name change: CASE_ONLY. Family change: CASE_ONLY.,HIGH,NONE,,FALSE,https://mpbd.cu.ac.bd/plants.php?pageno=23
dbea42467957010b,Sphaeranthus INDICUS L.,sphaeranthus indicus l.,Asteraceae,asteraceae,,,NORMALIZED_ONLY,Scientific name change: CASE_ONLY. Family change: CASE_ONLY.,HIGH,NONE,,FALSE,https://mpbd.cu.ac.bd/plants.php?pageno=23
5c51c6bed602d40a,Sonneratia CASEOLARIS (L.) Engl.,sonneratia caseolaris (l.) engl.,Sonneratiaceae,sonneratiaceae,,,NORMALIZED_ONLY,Scientific name change: CASE_ONLY. Family change: CASE_ONLY.,HIGH,NONE,,FALSE,https://mpbd.cu.ac.bd/plants.php?pageno=23
91668c5519eebec6,Sonchus WIGHTIANUS DC.,sonchus wightianus dc.,Asteraceae,asteraceae,,,NORMALIZED_ONLY,Scientific name change: CASE_ONLY. Family change: CASE_ONLY.,HIGH,NONE,,FALSE,https://mpbd.cu.ac.bd/plants.php?pageno=23
a2ef71d08cf1238c,Solanum VIRGINIANUM L.,solanum virginianum l.,Solanacee,solanacee,,,NORMALIZED_ONLY,Scientific name change: CASE_ONLY. Family change: CASE_ONLY.,HIGH,NONE,,FALSE,https://mpbd.cu.ac.bd/plants.php?pageno=23
d2ed87d0d0818f09,Solanum VIOLACEUM Ortega,solanum violaceum ortega,Solanaceae,solanaceae,,,NORMALIZED_ONLY,Scientific name change: CASE_ONLY. Family change: CASE_ONLY.,HIGH,NONE,,FALSE,https://mpbd.cu.ac.bd/plants.php?pageno=23
6835c5006a73b770,Solanum TORVUM Swartz.,solanum torvum swartz.,Solanceae,solanceae,,,NORMALIZED_ONLY,Scientific name change: CASE_ONLY. Family change: CASE_ONLY.,HIGH,NONE,,FALSE,https://mpbd.cu.ac.bd/plants.php?pageno=24
db24a9e880a7fc47,Solanum SISYMBRIFOLIUM Lamk.,solanum sisymbrifolium lamk.,Solanceae,solanceae,,,NORMALIZED_ONLY,Scientific name change: CASE_ONLY. Family change: CASE_ONLY.,HIGH,NONE,,FALSE,https://mpbd.cu.ac.bd/plants.php?pageno=24
3acfbdde2399ebec,Solanum americanum Mill.,solanum americanum mill.,Solanaceae,solanaceae,,,NORMALIZED_ONLY,Scientific name change: CASE_ONLY. Family change: CASE_ONLY.,HIGH,NONE,,FALSE,https://mpbd.cu.ac.bd/plants.php?pageno=24
2742042f148eae80,Solanum MELONGENA L.,solanum melongena l.,Solanaceae,solanaceae,,,NORMALIZED_ONLY,Scientific name change: CASE_ONLY. Family change: CASE_ONLY.,HIGH,NONE,,FALSE,https://mpbd.cu.ac.bd/plants.php?pageno=24
0692a40ec30f3554,Solanum ERIANTHUM D. Don.,solanum erianthum d. don.,Solanaceae,solanaceae,,,NORMALIZED_ONLY,Scientific name change: CASE_ONLY. Family change: CASE_ONLY.,HIGH,NONE,,FALSE,https://mpbd.cu.ac.bd/plants.php?pageno=24
958370a4f16d9f20,Smilax ZEYLANICA L.,smilax zeylanica l.,Smilacaceae,smilacaceae,,,NORMALIZED_ONLY,Scientific name change: CASE_ONLY. Family change: CASE_ONLY.,HIGH,NONE,,FALSE,https://mpbd.cu.ac.bd/plants.php?pageno=24
10e0f7dfd61eaf90,Smilax PERFOLIATA Lour.,smilax perfoliata lour.,Smilacaceae,smilacaceae,,,NORMALIZED_ONLY,Scientific name change: CASE_ONLY. Family change: CASE_ONLY.,HIGH,NONE,,FALSE,https://mpbd.cu.ac.bd/plants.php?pageno=24
6788df0ec157aa9e,Smilax GLABRA Roxb.,smilax glabra roxb.,Smilacaceae,smilacaceae,,,NORMALIZED_ONLY,Scientific name change: CASE_ONLY. Family change: CASE_ONLY.,HIGH,NONE,,FALSE,https://mpbd.cu.ac.bd/plants.php?pageno=24
06d0323e3e996592,Sida ORIENTALIS Cav.,sida orientalis cav.,Malvaceae,malvaceae,,,NORMALIZED_ONLY,Scientific name change: CASE_ONLY. Family change: CASE_ONLY.,HIGH,NONE,,FALSE,https://mpbd.cu.ac.bd/plants.php?pageno=24
8b5bc31adb2bf6c1,Sida CORDIFOLIA L.,sida cordifolia l.,Malvaceae,malvaceae,,,POTENTIAL_DUPLICATE,Normalized scientific name appears 2 times. Original change type: CASE_ONLY.,MEDIUM,NONE,,TRUE,https://mpbd.cu.ac.bd/plants.php?pageno=24
4c90293080686922,Sida CORDATA (Burm. f. ) Borssum.,sida cordata (burm. f. ) borssum.,Malvaceae,malvaceae,,,NORMALIZED_ONLY,Scientific name change: CASE_ONLY. Family change: CASE_ONLY.,HIGH,NONE,,FALSE,https://mpbd.cu.ac.bd/plants.php?pageno=25
eeabcee8ad94480f,Sida ACUTA Burm. f.,sida acuta burm. f.,Malvaceae,malvaceae,,,POTENTIAL_DUPLICATE,Normalized scientific name appears 2 times. Original change type: CASE_ONLY.,MEDIUM,NONE,,TRUE,https://mpbd.cu.ac.bd/plants.php?pageno=25
2deb4c4f32984357,Shorea ROBUSTA Gaertn.,shorea robusta gaertn.,Dipterocarpaceae,dipterocarpaceae,,,POTENTIAL_DUPLICATE,Normalized scientific name appears 2 times. Original change type: CASE_ONLY.,MEDIUM,NONE,,TRUE,https://mpbd.cu.ac.bd/plants.php?pageno=25
ae72371768886084,Setaria ITALICA (L.) Beauv.,setaria italica (l.) beauv.,Poaceae,poaceae,,,NORMALIZED_ONLY,Scientific name change: CASE_ONLY. Family change: CASE_ONLY.,HIGH,NONE,,FALSE,https://mpbd.cu.ac.bd/plants.php?pageno=25
64901ae0fa835883,Seseli DIFFUSUM (Roxb.ex Sm.)Sant. & Wagh.,seseli diffusum (roxb.ex sm.)sant. & wagh.,Apiaceae,apiaceae,,,NORMALIZED_ONLY,Scientific name change: CASE_ONLY. Family change: CASE_ONLY.,HIGH,NONE,,FALSE,https://mpbd.cu.ac.bd/plants.php?pageno=25
364d11d3a6e908e8,Sesbania SESBAN (L.) Merr.,sesbania sesban (l.) merr.,Fabaceae,fabaceae,,,POTENTIAL_DUPLICATE,Normalized scientific name appears 2 times. Original change type: CASE_ONLY.,MEDIUM,NONE,,TRUE,https://mpbd.cu.ac.bd/plants.php?pageno=25
e808694fc6115c02,Sesbania GRANDIFLORA Pers.,sesbania grandiflora pers.,Fabaceae,fabaceae,,,NORMALIZED_ONLY,Scientific name change: CASE_ONLY. Family change: CASE_ONLY.,HIGH,NONE,,FALSE,https://mpbd.cu.ac.bd/plants.php?pageno=25
669032be14c4fc29,Sesbania ACULEATA Pers.,sesbania aculeata pers.,Fabaceae,fabaceae,,,NORMALIZED_ONLY,Scientific name change: CASE_ONLY. Family change: CASE_ONLY.,HIGH,NONE,,FALSE,https://mpbd.cu.ac.bd/plants.php?pageno=25
7778779db72ef548,Sesamum INDICUM L.,sesamum indicum l.,Pedaliaceae,pedaliaceae,,,POTENTIAL_DUPLICATE,Normalized scientific name appears 2 times. Original change type: CASE_ONLY.,MEDIUM,NONE,,TRUE,https://mpbd.cu.ac.bd/plants.php?pageno=25
9d86ee9fbeea8c86,Semecarpus ANACARDIUM L.f.,semecarpus anacardium l.f.,Anacardiaceae,anacardiaceae,,,NORMALIZED_ONLY,Scientific name change: CASE_ONLY. Family change: CASE_ONLY.,HIGH,NONE,,FALSE,https://mpbd.cu.ac.bd/plants.php?pageno=25
50d33dc2f0106e48,Scoparia DULCIS L.,scoparia dulcis l.,Scrophulariaceae,scrophulariaceae,,,NORMALIZED_ONLY,Scientific name change: CASE_ONLY. Family change: CASE_ONLY.,HIGH,NONE,,FALSE,https://mpbd.cu.ac.bd/plants.php?pageno=26
19d42ee45a8d23c2,Scindapsus OFFICINALIS (Roxb.) Schott.,scindapsus officinalis (roxb.) schott.,Araceae,araceae,,,NORMALIZED_ONLY,Scientific name change: CASE_ONLY. Family change: CASE_ONLY.,HIGH,NONE,,FALSE,https://mpbd.cu.ac.bd/plants.php?pageno=26
69a78322a0ec02b6,Schoenoplectus ARTICULATUS (L.) Palla,schoenoplectus articulatus (l.) palla,Cyperaceae,cyperaceae,,,NORMALIZED_ONLY,Scientific name change: CASE_ONLY. Family change: CASE_ONLY.,HIGH,NONE,,FALSE,https://mpbd.cu.ac.bd/plants.php?pageno=26
fe99df2af8c392ec,Schoenoplectus GROSSUS (L.f.) Palla.,schoenoplectus grossus (l.f.) palla.,Cyperaceae,cyperaceae,,,NORMALIZED_ONLY,Scientific name change: CASE_ONLY. Family change: CASE_ONLY.,HIGH,NONE,,FALSE,https://mpbd.cu.ac.bd/plants.php?pageno=26
815821355eb8218e,Schleichera OLEOSA (Lour.) Oken,schleichera oleosa (lour.) oken,Sapindaceae,sapindaceae,,,NORMALIZED_ONLY,Scientific name change: CASE_ONLY. Family change: CASE_ONLY.,HIGH,NONE,,FALSE,https://mpbd.cu.ac.bd/plants.php?pageno=26
f3a0de86bfc526a7,Scaphium WALLICHII Schott. & Endl.,scaphium wallichii schott. & endl.,Sterculiaceae,sterculiaceae,,,NORMALIZED_ONLY,Scientific name change: CASE_ONLY. Family change: CASE_ONLY.,HIGH,NONE,,FALSE,https://mpbd.cu.ac.bd/plants.php?pageno=26
2dc0c4875e557eaa,Saussurea AFFINIS Spreng.,saussurea affinis spreng.,Asteraceae,asteraceae,,,NORMALIZED_ONLY,Scientific name change: CASE_ONLY. Family change: CASE_ONLY.,HIGH,NONE,,FALSE,https://mpbd.cu.ac.bd/plants.php?pageno=26
42794eacaae00e92,Sarcochlamys PULCHERRIMA Gaud.,sarcochlamys pulcherrima gaud.,Articaceae,articaceae,,,NORMALIZED_ONLY,Scientific name change: CASE_ONLY. Family change: CASE_ONLY.,HIGH,NONE,,FALSE,https://mpbd.cu.ac.bd/plants.php?pageno=26
3402f47300d7d02b,Saraca ASOCA (Roxb.) De Wilde.,saraca asoca (roxb.) de wilde.,Fabaceae,fabaceae,,,NORMALIZED_ONLY,Scientific name change: CASE_ONLY. Family change: CASE_ONLY.,HIGH,NONE,,FALSE,https://mpbd.cu.ac.bd/plants.php?pageno=26
d0372247cadc8b10,Sapindus MUKOROSSI Gaertn.,sapindus mukorossi gaertn.,Sapindaceae,sapindaceae,,,NORMALIZED_ONLY,Scientific name change: CASE_ONLY. Family change: CASE_ONLY.,HIGH,NONE,,FALSE,https://mpbd.cu.ac.bd/plants.php?pageno=26
71ecdd7b9cb4c4a8,Sansevieria ROXBURGHIANA Schult.,sansevieria roxburghiana schult.,Amaryllidaceae,amaryllidaceae,,,NORMALIZED_ONLY,Scientific name change: CASE_ONLY. Family change: CASE_ONLY.,HIGH,NONE,,FALSE,https://mpbd.cu.ac.bd/plants.php?pageno=27
e5c151936b3be65d,Sambucas JAVANICA Reinw. ex Blume.,sambucas javanica reinw. ex blume.,Caprifoliaceae,caprifoliaceae,,,NORMALIZED_ONLY,Scientific name change: CASE_ONLY. Family change: CASE_ONLY.,HIGH,NONE,,FALSE,https://mpbd.cu.ac.bd/plants.php?pageno=27
349e9cbea81611c7,Salvia PLEBEIA R. Br.,salvia plebeia r. br.,Lamiaceae,lamiaceae,,,NORMALIZED_ONLY,Scientific name change: CASE_ONLY. Family change: CASE_ONLY.,HIGH,NONE,,FALSE,https://mpbd.cu.ac.bd/plants.php?pageno=27
480f299e314a9e32,Salix TETRASPERMA Roxb.,salix tetrasperma roxb.,Salicaceae,salicaceae,,,NORMALIZED_ONLY,Scientific name change: CASE_ONLY. Family change: CASE_ONLY.,HIGH,NONE,,FALSE,https://mpbd.cu.ac.bd/plants.php?pageno=27
bce30491b28ff59f,Sagittaria SAGITTIFOLIA L.,sagittaria sagittifolia l.,Alismataceae,alismataceae,,,NORMALIZED_ONLY,Scientific name change: CASE_ONLY. Family change: CASE_ONLY.,HIGH,NONE,,FALSE,https://mpbd.cu.ac.bd/plants.php?pageno=27
be302e631675781a,Saccharum SPONTANEUM L.,saccharum spontaneum l.,Poaceae,poaceae,,,NORMALIZED_ONLY,Scientific name change: CASE_ONLY. Family change: CASE_ONLY.,HIGH,NONE,,FALSE,https://mpbd.cu.ac.bd/plants.php?pageno=27
4688c687dc8b8b69,Saccharum OFFICINARUM L.,saccharum officinarum l.,Poaceae,poaceae,,,POTENTIAL_DUPLICATE,Normalized scientific name appears 2 times. Original change type: CASE_ONLY.,MEDIUM,NONE,,TRUE,https://mpbd.cu.ac.bd/plants.php?pageno=27
9a4d0fd2eb1acba8,Saccharum ARUNDINACEUM Rets.,saccharum arundinaceum rets.,Poaceae,poaceae,,,NORMALIZED_ONLY,Scientific name change: CASE_ONLY. Family change: CASE_ONLY.,HIGH,NONE,,FALSE,https://mpbd.cu.ac.bd/plants.php?pageno=27
1b45d2b788e71951,Rungia PECTINATA (L.) Nees.,rungia pectinata (l.) nees.,Acanthaceae,acanthaceae,,,NORMALIZED_ONLY,Scientific name change: CASE_ONLY. Family change: CASE_ONLY.,HIGH,NONE,,FALSE,https://mpbd.cu.ac.bd/plants.php?pageno=27
cfd21b4cca23bbe7,Rumex VESICARIUS L.,rumex vesicarius l.,Polygonaceae,polygonaceae,,,NORMALIZED_ONLY,Scientific name change: CASE_ONLY. Family change: CASE_ONLY.,HIGH,NONE,,FALSE,https://mpbd.cu.ac.bd/plants.php?pageno=27
b7e45ef5e08e180c,rumex MARITIMUS L,rumex maritimus l,Polygonaceae,polygonaceae,,,NORMALIZED_ONLY,Scientific name change: CASE_ONLY. Family change: CASE_ONLY.,HIGH,NONE,,FALSE,https://mpbd.cu.ac.bd/plants.php?pageno=28
e72749a9a032feaa,Ruellia SUFFRUTICOSA Roxb.,ruellia suffruticosa roxb.,Acanthaceae,acanthaceae,,,NORMALIZED_ONLY,Scientific name change: CASE_ONLY. Family change: CASE_ONLY.,HIGH,NONE,,FALSE,https://mpbd.cu.ac.bd/plants.php?pageno=28
e167c172fab4c4c4,Rourea COMMUTATA Planch.,rourea commutata planch.,Connaraceae,connaraceae,,,NORMALIZED_ONLY,Scientific name change: CASE_ONLY. Family change: CASE_ONLY.,HIGH,NONE,,FALSE,https://mpbd.cu.ac.bd/plants.php?pageno=28
5c17d3ecd0a0292b,Ricinus COMMUNIS L.,ricinus communis l.,Euphorbiaceae,euphorbiaceae,,,NORMALIZED_ONLY,Scientific name change: CASE_ONLY. Family change: CASE_ONLY.,HIGH,NONE,,FALSE,https://mpbd.cu.ac.bd/plants.php?pageno=28
7f32bcec43389cd9,RHYNCHOTECHUM ELLIPTICUM (Wall. ex D. Dietr.) A. DC.,rhynchotechum ellipticum (wall. ex d. dietr.) a. dc.,-,-,,,NORMALIZED_ONLY,Scientific name change: CASE_ONLY. Family change: NO_CHANGE.,HIGH,NONE,,FALSE,https://mpbd.cu.ac.bd/plants.php?pageno=28
c7b849720dd34d8e,rhizophora MUCRONATA Lam.,rhizophora mucronata lam.,Rhizophoraceae,rhizophoraceae,,,NORMALIZED_ONLY,Scientific name change: CASE_ONLY. Family change: CASE_ONLY.,HIGH,NONE,,FALSE,https://mpbd.cu.ac.bd/plants.php?pageno=28
8d7ed8afcf6fc839,Rhinacanthus NASUTA (L.) Kurz.,rhinacanthus nasuta (l.) kurz.,Acanthaceae,acanthaceae,,,NORMALIZED_ONLY,Scientific name change: CASE_ONLY. Family change: CASE_ONLY.,HIGH,NONE,,FALSE,https://mpbd.cu.ac.bd/plants.php?pageno=28
7355b62716ccb981,Reinwardtia indica Dumort.,reinwardtia indica dumort.,Linaceae,linaceae,,,NORMALIZED_ONLY,Scientific name change: CASE_ONLY. Family change: CASE_ONLY.,HIGH,NONE,,FALSE,https://mpbd.cu.ac.bd/plants.php?pageno=28
b86188d2b3d929da,Rauvolfia TETRAPHYLLA L.,rauvolfia tetraphylla l.,Apocynaceae,apocynaceae,,,NORMALIZED_ONLY,Scientific name change: CASE_ONLY. Family change: CASE_ONLY.,HIGH,NONE,,FALSE,https://mpbd.cu.ac.bd/plants.php?pageno=28
b5eb4a24f1bcd8c7,Rauvolfia SERPENTINA (L.) Benth. ex Kurz.,rauvolfia serpentina (l.) benth. ex kurz.,Apocynaceae,apocynaceae,,,NORMALIZED_ONLY,Scientific name change: CASE_ONLY. Family change: CASE_ONLY.,HIGH,NONE,,FALSE,https://mpbd.cu.ac.bd/plants.php?pageno=28
dd145cf6f904b240,Ranunculus SCELERATUS L.,ranunculus sceleratus l.,Ranunculaceae,ranunculaceae,,,POTENTIAL_DUPLICATE,Normalized scientific name appears 2 times. Original change type: CASE_ONLY.,MEDIUM,NONE,,TRUE,https://mpbd.cu.ac.bd/plants.php?pageno=29
f6e9f7db4265097e,Oxyceros longiflorus (Lam.) T.Yamaz.,oxyceros longiflorus (lam.) t.yamaz.,Rubiaceae,rubiaceae,,,NORMALIZED_ONLY,Scientific name change: CASE_ONLY. Family change: CASE_ONLY.,HIGH,NONE,,FALSE,https://mpbd.cu.ac.bd/plants.php?pageno=29
4f8a7fc1fdfad9b3,aidia DENSIFLORA (Wall.) Masam.,aidia densiflora (wall.) masam.,Rubiaceae,rubiaceae,,,NORMALIZED_ONLY,Scientific name change: CASE_ONLY. Family change: CASE_ONLY.,HIGH,NONE,,FALSE,https://mpbd.cu.ac.bd/plants.php?pageno=29
73d672d2fa5f8490,Combretum indicum (L.) De Filipps.,combretum indicum (l.) de filipps.,Combretaceae,combretaceae,,,NORMALIZED_ONLY,Scientific name change: CASE_ONLY. Family change: CASE_ONLY.,HIGH,NONE,,FALSE,https://mpbd.cu.ac.bd/plants.php?pageno=29
c3e46ec09a1eeea1,Punica GRANATUM L.,punica granatum l.,Punicaeae,punicaeae,,,NORMALIZED_ONLY,Scientific name change: CASE_ONLY. Family change: CASE_ONLY.,HIGH,NONE,,FALSE,https://mpbd.cu.ac.bd/plants.php?pageno=29
a7ecf2167cdf27e9,Pueraria TUBEROSA (Willd.) DC.,pueraria tuberosa (willd.) dc.,Fabaceae,fabaceae,,,NORMALIZED_ONLY,Scientific name change: CASE_ONLY. Family change: CASE_ONLY.,HIGH,NONE,,FALSE,https://mpbd.cu.ac.bd/plants.php?pageno=29
59955f5f7f7b6e4d,Pterygota ALATA (Roxb.) R. Br.,pterygota alata (roxb.) r. br.,Sterculiaceae,sterculiaceae,,,NORMALIZED_ONLY,Scientific name change: CASE_ONLY. Family change: CASE_ONLY.,HIGH,NONE,,FALSE,https://mpbd.cu.ac.bd/plants.php?pageno=29
df481f055669e68c,Pterospermum ACERIFOLIUM (L.) Willd.,pterospermum acerifolium (l.) willd.,Sterculiaceae,sterculiaceae,,,NORMALIZED_ONLY,Scientific name change: CASE_ONLY. Family change: CASE_ONLY.,HIGH,NONE,,FALSE,https://mpbd.cu.ac.bd/plants.php?pageno=29
999dc6bde2ba8d45,Psidium GUAJAVA L.,psidium guajava l.,Myrtaceae,myrtaceae,,,NORMALIZED_ONLY,Scientific name change: CASE_ONLY. Family change: CASE_ONLY.,HIGH,NONE,,FALSE,https://mpbd.cu.ac.bd/plants.php?pageno=29
bfa9c5639d93adc3,Premna CORYMBOSA Rottler & Willd.,premna corymbosa rottler & willd.,Verbenaceae,verbenaceae,,,NORMALIZED_ONLY,Scientific name change: CASE_ONLY. Family change: CASE_ONLY.,HIGH,NONE,,FALSE,https://mpbd.cu.ac.bd/plants.php?pageno=29
a9bd7be00764dc9d,Premna ESCULENTA Roxb.,premna esculenta roxb.,Verbenaceae,verbenaceae,,,NORMALIZED_ONLY,Scientific name change: CASE_ONLY. Family change: CASE_ONLY.,HIGH,NONE,,FALSE,https://mpbd.cu.ac.bd/plants.php?pageno=30
9d368283d6894a37,Pouzolzia ZEYLANICA (L.) Benn.,pouzolzia zeylanica (l.) benn.,Urticaeae,urticaeae,,,NORMALIZED_ONLY,Scientific name change: CASE_ONLY. Family change: CASE_ONLY.,HIGH,NONE,,FALSE,https://mpbd.cu.ac.bd/plants.php?pageno=30
30f7bf2e78b3c803,Pothos SCANDENS L.,pothos scandens l.,Araceae,araceae,,,NORMALIZED_ONLY,Scientific name change: CASE_ONLY. Family change: CASE_ONLY.,HIGH,NONE,,FALSE,https://mpbd.cu.ac.bd/plants.php?pageno=30
0a35f307726b2c7a,Portulaca OLERACEA L.,portulaca oleracea l.,Portulacaceae,portulacaceae,,,NORMALIZED_ONLY,Scientific name change: CASE_ONLY. Family change: CASE_ONLY.,HIGH,NONE,,FALSE,https://mpbd.cu.ac.bd/plants.php?pageno=30
c425ba62f9bdca1b,polygonum PLEBEIUM R. Br.,polygonum plebeium r. br.,Polygonaceae,polygonaceae,,,NORMALIZED_ONLY,Scientific name change: CASE_ONLY. Family change: CASE_ONLY.,HIGH,NONE,,FALSE,https://mpbd.cu.ac.bd/plants.php?pageno=30
a9c05b1826651a8e,Polygala ARVENSIS Willd,polygala arvensis willd,Polygalaceae,polygalaceae,,,NORMALIZED_ONLY,Scientific name change: CASE_ONLY. Family change: CASE_ONLY.,HIGH,NONE,,FALSE,https://mpbd.cu.ac.bd/plants.php?pageno=30
870246a930efe300,Polyalthia LONGIFOLIA (Sonn.) Thw.,polyalthia longifolia (sonn.) thw.,Annonaceae,annonaceae,,,NORMALIZED_ONLY,Scientific name change: CASE_ONLY. Family change: CASE_ONLY.,HIGH,NONE,,FALSE,https://mpbd.cu.ac.bd/plants.php?pageno=30
8152916fb7b1e0ea,Polianthes TUBEROSA L.,polianthes tuberosa l.,Amaryllidaceae,amaryllidaceae,,,NORMALIZED_ONLY,Scientific name change: CASE_ONLY. Family change: CASE_ONLY.,HIGH,NONE,,FALSE,https://mpbd.cu.ac.bd/plants.php?pageno=30
2f1ca4e7507c6a49,Pogostemon PUBESCENCE Benth.,pogostemon pubescence benth.,Lamiaceae,lamiaceae,,,NORMALIZED_ONLY,Scientific name change: CASE_ONLY. Family change: CASE_ONLY.,HIGH,NONE,,FALSE,https://mpbd.cu.ac.bd/plants.php?pageno=30
07424bd92bdbbb44,Pogostemon BENGHALENSE (Burm.f.) Kuntze.,pogostemon benghalense (burm.f.) kuntze.,Lamiaceae,lamiaceae,,,NORMALIZED_ONLY,Scientific name change: CASE_ONLY. Family change: CASE_ONLY.,HIGH,NONE,,FALSE,https://mpbd.cu.ac.bd/plants.php?pageno=30
0cb31d606834f738,Plumeria RUBRA L.,plumeria rubra l.,Apocynaceae,apocynaceae,,,NORMALIZED_ONLY,Scientific name change: CASE_ONLY. Family change: CASE_ONLY.,HIGH,NONE,,FALSE,https://mpbd.cu.ac.bd/plants.php?pageno=31
41b234ecf6918c7a,Plumbago ZEYLANICA L.,plumbago zeylanica l.,Plumbaginaceae,plumbaginaceae,,,NORMALIZED_ONLY,Scientific name change: CASE_ONLY. Family change: CASE_ONLY.,HIGH,NONE,,FALSE,https://mpbd.cu.ac.bd/plants.php?pageno=31
7f023189cf174c9f,Plumbago INDICA L.,plumbago indica l.,Plumbaginaceae,plumbaginaceae,,,POTENTIAL_DUPLICATE,Normalized scientific name appears 2 times. Original change type: CASE_ONLY.,MEDIUM,NONE,,TRUE,https://mpbd.cu.ac.bd/plants.php?pageno=31
9be232a223916d67,Pithecellobium DULCE (Roxb.) Benth.,pithecellobium dulce (roxb.) benth.,Mimosaceae,mimosaceae,,,NORMALIZED_ONLY,Scientific name change: CASE_ONLY. Family change: CASE_ONLY.,HIGH,NONE,,FALSE,https://mpbd.cu.ac.bd/plants.php?pageno=31
ea06b04e609a5daa,Archidendron clypearia (Jack) I.C.Nielsen.,archidendron clypearia (jack) i.c.nielsen.,Mimosaceae,mimosaceae,,,NORMALIZED_ONLY,Scientific name change: CASE_ONLY. Family change: CASE_ONLY.,HIGH,NONE,,FALSE,https://mpbd.cu.ac.bd/plants.php?pageno=31
b21ed66d21c3d3c2,Pisum SATIVUM L.,pisum sativum l.,Fabaceae,fabaceae,,,NORMALIZED_ONLY,Scientific name change: CASE_ONLY. Family change: CASE_ONLY.,HIGH,NONE,,FALSE,https://mpbd.cu.ac.bd/plants.php?pageno=31
debea3f7143ec934,Pistia STRATIOTES L.,pistia stratiotes l.,Araceae,araceae,,,NORMALIZED_ONLY,Scientific name change: CASE_ONLY. Family change: CASE_ONLY.,HIGH,NONE,,FALSE,https://mpbd.cu.ac.bd/plants.php?pageno=31
b901ca8bd04279e0,Piper RETROFRACTUM Vahl.,piper retrofractum vahl.,Piperaceae,piperaceae,,,NORMALIZED_ONLY,Scientific name change: CASE_ONLY. Family change: CASE_ONLY.,HIGH,NONE,,FALSE,https://mpbd.cu.ac.bd/plants.php?pageno=31
0055407525bc7e85,Piper NIGRUM L.,piper nigrum l.,Piperaceae,piperaceae,,,NORMALIZED_ONLY,Scientific name change: CASE_ONLY. Family change: CASE_ONLY.,HIGH,NONE,,FALSE,https://mpbd.cu.ac.bd/plants.php?pageno=31
0536b2cc6937bdfb,Piper LONGUM L.,piper longum l.,Piperaceae,piperaceae,,,NORMALIZED_ONLY,Scientific name change: CASE_ONLY. Family change: CASE_ONLY.,HIGH,NONE,,FALSE,https://mpbd.cu.ac.bd/plants.php?pageno=31
5a36663af5cefc88,Piper BETEL L.,piper betel l.,Piperaceae,piperaceae,,,NORMALIZED_ONLY,Scientific name change: CASE_ONLY. Family change: CASE_ONLY.,HIGH,NONE,,FALSE,https://mpbd.cu.ac.bd/plants.php?pageno=32
5fb02706fd1b0a94,Picrasma JAVANICA Bl.,picrasma javanica bl.,Simarubaceae,simarubaceae,,,NORMALIZED_ONLY,Scientific name change: CASE_ONLY. Family change: CASE_ONLY.,HIGH,NONE,,FALSE,https://mpbd.cu.ac.bd/plants.php?pageno=32
1f89ac81b007c9c3,Physalis minima L.,physalis minima l.,Solanacee,solanacee,,,NORMALIZED_ONLY,Scientific name change: CASE_ONLY. Family change: CASE_ONLY.,HIGH,NONE,,FALSE,https://mpbd.cu.ac.bd/plants.php?pageno=32
4b9241ade236ac72,Phyllanthus virgatus G.Forst.,phyllanthus virgatus g.forst.,Euphorbiaceae,euphorbiaceae,,,NORMALIZED_ONLY,Scientific name change: CASE_ONLY. Family change: CASE_ONLY.,HIGH,NONE,,FALSE,https://mpbd.cu.ac.bd/plants.php?pageno=32
8cb343cb0e959729,Phyllanthus URINARIA L.,phyllanthus urinaria l.,Euphorbiaceae,euphorbiaceae,,,NORMALIZED_ONLY,Scientific name change: CASE_ONLY. Family change: CASE_ONLY.,HIGH,NONE,,FALSE,https://mpbd.cu.ac.bd/plants.php?pageno=32
faf0bfd6c119fe12,Phyllanthus RETICULATUS Poir.,phyllanthus reticulatus poir.,Euphorbiaceae,euphorbiaceae,,,NORMALIZED_ONLY,Scientific name change: CASE_ONLY. Family change: CASE_ONLY.,HIGH,NONE,,FALSE,https://mpbd.cu.ac.bd/plants.php?pageno=32
0518c59de218bdc2,Phyllanthus MADERASPATENSIS L.,phyllanthus maderaspatensis l.,Euphorbiaceae,euphorbiaceae,,,NORMALIZED_ONLY,Scientific name change: CASE_ONLY. Family change: CASE_ONLY.,HIGH,NONE,,FALSE,https://mpbd.cu.ac.bd/plants.php?pageno=32
91ec93ac1c116a81,. PHYLLANTHUS EMBLICA L. (Euphorbiaceae),. phyllanthus emblica l. (euphorbiaceae),Euphorbiaceae,euphorbiaceae,,,NORMALIZED_ONLY,Scientific name change: CASE_ONLY. Family change: CASE_ONLY.,HIGH,NONE,,FALSE,https://mpbd.cu.ac.bd/plants.php?pageno=32
b141e9b45b978f91,Phyllanthus amarus Schumach. & Thonn.,phyllanthus amarus schumach. & thonn.,Euphorbiaceae,euphorbiaceae,,,NORMALIZED_ONLY,Scientific name change: CASE_ONLY. Family change: CASE_ONLY.,HIGH,NONE,,FALSE,https://mpbd.cu.ac.bd/plants.php?pageno=32
5e76d850519ac6ec,Phyllanthus acidus (L.) Skeels.,phyllanthus acidus (l.) skeels.,Euphorbiaceae,euphorbiaceae,,,NORMALIZED_ONLY,Scientific name change: CASE_ONLY. Family change: CASE_ONLY.,HIGH,NONE,,FALSE,https://mpbd.cu.ac.bd/plants.php?pageno=32
e3d4b26cb9cbfc56,Phyla NODIFLORA (L.) Greene.,phyla nodiflora (l.) greene.,Verbenaceae,verbenaceae,,,NORMALIZED_ONLY,Scientific name change: CASE_ONLY. Family change: CASE_ONLY.,HIGH,NONE,,FALSE,https://mpbd.cu.ac.bd/plants.php?pageno=33
f47cd8b1e38d5662,Phragmites karka (Retz.) Trin. ex Steud.,phragmites karka (retz.) trin. ex steud.,Poaceae,poaceae,,,NORMALIZED_ONLY,Scientific name change: CASE_ONLY. Family change: CASE_ONLY.,HIGH,NONE,,FALSE,https://mpbd.cu.ac.bd/plants.php?pageno=33
8813f7b9fd8a591c,Phoenix sylvestris (L.) Roxb.,phoenix sylvestris (l.) roxb.,Arecaceae,arecaceae,,,NORMALIZED_ONLY,Scientific name change: CASE_ONLY. Family change: CASE_ONLY.,HIGH,NONE,,FALSE,https://mpbd.cu.ac.bd/plants.php?pageno=33
6c6bdfc7a1298039,Phlogacanthus THYRSIFLORUS Nees.,phlogacanthus thyrsiflorus nees.,Acanthaceae,acanthaceae,,,NORMALIZED_ONLY,Scientific name change: CASE_ONLY. Family change: CASE_ONLY.,HIGH,NONE,,FALSE,https://mpbd.cu.ac.bd/plants.php?pageno=33
a010d7946fdc0eba,Persicaria ORIENTALIS (L.) Spach.,persicaria orientalis (l.) spach.,Polygonaceae,polygonaceae,,,NORMALIZED_ONLY,Scientific name change: CASE_ONLY. Family change: CASE_ONLY.,HIGH,NONE,,FALSE,https://mpbd.cu.ac.bd/plants.php?pageno=33
8851782f872f534c,Persicaria hydropiper (L.) Delarbre .,persicaria hydropiper (l.) delarbre .,Polygonaceae,polygonaceae,,,NORMALIZED_ONLY,Scientific name change: CASE_ONLY. Family change: CASE_ONLY.,HIGH,NONE,,FALSE,https://mpbd.cu.ac.bd/plants.php?pageno=33
478e03230a299176,Persicaria GLABRA (Willd.) Gomez de la Maza,persicaria glabra (willd.) gomez de la maza,Polygonaceae,polygonaceae,,,NORMALIZED_ONLY,Scientific name change: CASE_ONLY. Family change: CASE_ONLY.,HIGH,NONE,,FALSE,https://mpbd.cu.ac.bd/plants.php?pageno=33
e22716c0fc1637e6,Persicaria BARBATA (L.) Hara,persicaria barbata (l.) hara,Polygonaceae,polygonaceae,,,NORMALIZED_ONLY,Scientific name change: CASE_ONLY. Family change: CASE_ONLY.,HIGH,NONE,,FALSE,https://mpbd.cu.ac.bd/plants.php?pageno=33
24b55cdb32af9719,Pericamphylus GLAUCUS (Lamk.) Merr.,pericamphylus glaucus (lamk.) merr.,Menispermaceae,menispermaceae,,,NORMALIZED_ONLY,Scientific name change: CASE_ONLY. Family change: CASE_ONLY.,HIGH,NONE,,FALSE,https://mpbd.cu.ac.bd/plants.php?pageno=33
baee5adff973e33c,Pergularia DAEMIA (Forssk.) Chiov.,pergularia daemia (forssk.) chiov.,Asclepiadaceae,asclepiadaceae,,,NORMALIZED_ONLY,Scientific name change: CASE_ONLY. Family change: CASE_ONLY.,HIGH,NONE,,FALSE,https://mpbd.cu.ac.bd/plants.php?pageno=33
5242b657bce165ca,Peperomia pellucida (L.) Kunth.,peperomia pellucida (l.) kunth.,Piperaceae,piperaceae,,,NORMALIZED_ONLY,Scientific name change: CASE_ONLY. Family change: CASE_ONLY.,HIGH,NONE,,FALSE,https://mpbd.cu.ac.bd/plants.php?pageno=34
878b3b3f0a96efb7,Euphorbia tithymaloides L.,euphorbia tithymaloides l.,Euphorbiaceae,euphorbiaceae,,,NORMALIZED_ONLY,Scientific name change: CASE_ONLY. Family change: CASE_ONLY.,HIGH,NONE,,FALSE,https://mpbd.cu.ac.bd/plants.php?pageno=34
dc4e8ff564ffb705,Pavetta INDICA L.,pavetta indica l.,Rubiaceae,rubiaceae,,,NORMALIZED_ONLY,Scientific name change: CASE_ONLY. Family change: CASE_ONLY.,HIGH,NONE,,FALSE,https://mpbd.cu.ac.bd/plants.php?pageno=34
04e7ea8086dc3008,Passiflora FOETIDA L.,passiflora foetida l.,Passifloraceae,passifloraceae,,,NORMALIZED_ONLY,Scientific name change: CASE_ONLY. Family change: CASE_ONLY.,HIGH,NONE,,FALSE,https://mpbd.cu.ac.bd/plants.php?pageno=34
476fe8d6d86b5d58,Parsonia SPIRALIS Wall.,parsonia spiralis wall.,Apocynaceae,apocynaceae,,,NORMALIZED_ONLY,Scientific name change: CASE_ONLY. Family change: CASE_ONLY.,HIGH,NONE,,FALSE,https://mpbd.cu.ac.bd/plants.php?pageno=34
0775db2415b526c1,Pandanus odorifer (Forssk.) Kuntze.,pandanus odorifer (forssk.) kuntze.,Pandanaceae,pandanaceae,,,NORMALIZED_ONLY,Scientific name change: CASE_ONLY. Family change: CASE_ONLY.,HIGH,NONE,,FALSE,https://mpbd.cu.ac.bd/plants.php?pageno=34
0d81564c1c3ecd54,Paederia LANUGINOSA Wall.,paederia lanuginosa wall.,Rubiaceae,rubiaceae,,,NORMALIZED_ONLY,Scientific name change: CASE_ONLY. Family change: CASE_ONLY.,HIGH,NONE,,FALSE,https://mpbd.cu.ac.bd/plants.php?pageno=34
2b0b36847a7270ae,Paederia FOETIDA L.,paederia foetida l.,Rubiaceae,rubiaceae,,,NORMALIZED_ONLY,Scientific name change: CASE_ONLY. Family change: CASE_ONLY.,HIGH,NONE,,FALSE,https://mpbd.cu.ac.bd/plants.php?pageno=34
5366c5d3c57024cc,Oxystelma SECAMONE (L.) Karst.,oxystelma secamone (l.) karst.,Asclepiadaceae,asclepiadaceae,,,NORMALIZED_ONLY,Scientific name change: CASE_ONLY. Family change: CASE_ONLY.,HIGH,NONE,,FALSE,https://mpbd.cu.ac.bd/plants.php?pageno=34
51847b8c199c1f69,Oxalis CORNICULATA L.,oxalis corniculata l.,Oxalidaceae,oxalidaceae,,,NORMALIZED_ONLY,Scientific name change: CASE_ONLY. Family change: CASE_ONLY.,HIGH,NONE,,FALSE,https://mpbd.cu.ac.bd/plants.php?pageno=34
45fc7c5d1be2f475,Oryza SATIVA L. .,oryza sativa l. .,Poaceae,poaceae,,,NORMALIZED_ONLY,Scientific name change: CASE_ONLY. Family change: CASE_ONLY.,HIGH,NONE,,FALSE,https://mpbd.cu.ac.bd/plants.php?pageno=35
5c426a0a29e91bc0,Orthosiphon aristatus (Blume) Miq.,orthosiphon aristatus (blume) miq.,Lamiaceae,lamiaceae,,,NORMALIZED_ONLY,Scientific name change: CASE_ONLY. Family change: CASE_ONLY.,HIGH,NONE,,FALSE,https://mpbd.cu.ac.bd/plants.php?pageno=35
e7d285a6c9f7434e,Oroxylum INDICUM (L.) Kurz.,oroxylum indicum (l.) kurz.,Bignoniaceae,bignoniaceae,,,NORMALIZED_ONLY,Scientific name change: CASE_ONLY. Family change: CASE_ONLY.,HIGH,NONE,,FALSE,https://mpbd.cu.ac.bd/plants.php?pageno=35
341e493ce9908fcc,Orobanche AEGYPTIACA Pers.,orobanche aegyptiaca pers.,Orobanchaceae,orobanchaceae,,,NORMALIZED_ONLY,Scientific name change: CASE_ONLY. Family change: CASE_ONLY.,HIGH,NONE,,FALSE,https://mpbd.cu.ac.bd/plants.php?pageno=35
8e6900266792ba4a,Opuntia ELATIOR Mill.,opuntia elatior mill.,Cactaceae,cactaceae,,,NORMALIZED_ONLY,Scientific name change: CASE_ONLY. Family change: CASE_ONLY.,HIGH,NONE,,FALSE,https://mpbd.cu.ac.bd/plants.php?pageno=35
9ae5d669b73ac037,Ophiorrhiza rugosa VAR. PROSTRATA (D.Don) Deb & Mondal.,ophiorrhiza rugosa var. prostrata (d.don) deb & mondal.,Rubiaceae,rubiaceae,,,NORMALIZED_ONLY,Scientific name change: CASE_ONLY. Family change: CASE_ONLY.,HIGH,NONE,,FALSE,https://mpbd.cu.ac.bd/plants.php?pageno=35
267909672aa48761,Operculina TURPETHUM (L.) Silva.- Manso.,operculina turpethum (l.) silva.- manso.,Convolvulaceae,convolvulaceae,,,NORMALIZED_ONLY,Scientific name change: CASE_ONLY. Family change: CASE_ONLY.,HIGH,NONE,,FALSE,https://mpbd.cu.ac.bd/plants.php?pageno=35
8bb6b24f30ff0634,Ocimum tenuiflorum L.,ocimum tenuiflorum l.,Lamiaceae,lamiaceae,,,NORMALIZED_ONLY,Scientific name change: CASE_ONLY. Family change: CASE_ONLY.,HIGH,NONE,,FALSE,https://mpbd.cu.ac.bd/plants.php?pageno=35
dbde23d96ebb94ac,Ocium GRATISSIMUM L.,ocium gratissimum l.,Lamiaceae,lamiaceae,,,NORMALIZED_ONLY,Scientific name change: CASE_ONLY. Family change: CASE_ONLY.,HIGH,NONE,,FALSE,https://mpbd.cu.ac.bd/plants.php?pageno=35
97d80ac4ba59dd64,Ocimum BASILICUM L.,ocimum basilicum l.,Lamiaceae,lamiaceae,,,NORMALIZED_ONLY,Scientific name change: CASE_ONLY. Family change: CASE_ONLY.,HIGH,NONE,,FALSE,https://mpbd.cu.ac.bd/plants.php?pageno=35
ee4955058477f46c,Ocimum AMERICANUM L.,ocimum americanum l.,Lamiaceae,lamiaceae,,,NORMALIZED_ONLY,Scientific name change: CASE_ONLY. Family change: CASE_ONLY.,HIGH,NONE,,FALSE,https://mpbd.cu.ac.bd/plants.php?pageno=36
d5006fb4f2b5fdf4,discladium SQUARROSUM (L.) Tiegh.,discladium squarrosum (l.) tiegh.,Ochnaceae,ochnaceae,,,NORMALIZED_ONLY,Scientific name change: CASE_ONLY. Family change: CASE_ONLY.,HIGH,NONE,,FALSE,https://mpbd.cu.ac.bd/plants.php?pageno=36
220f7e41737771d9,Nymphoides HYDROPHYLLA (Lour.) Kuntze.,nymphoides hydrophylla (lour.) kuntze.,Menyanthaceae,menyanthaceae,,,NORMALIZED_ONLY,Scientific name change: CASE_ONLY. Family change: CASE_ONLY.,HIGH,NONE,,FALSE,https://mpbd.cu.ac.bd/plants.php?pageno=36
80af24aaa74e51b8,Nymphaea nouchali Burm. f.,nymphaea nouchali burm. f.,Nymphaeaceae,nymphaeaceae,,,POTENTIAL_DUPLICATE,Normalized scientific name appears 2 times. Original change type: CASE_ONLY.,MEDIUM,NONE,,TRUE,https://mpbd.cu.ac.bd/plants.php?pageno=36
1cfac1e0114831e2,Nymphaea NOUCHALI Burm. f.,nymphaea nouchali burm. f.,Nymphaeaceae,nymphaeaceae,,,POTENTIAL_DUPLICATE,Normalized scientific name appears 2 times. Original change type: CASE_ONLY.,MEDIUM,NONE,,TRUE,https://mpbd.cu.ac.bd/plants.php?pageno=36
7a86aaed9cad50ab,Nyctanthes ARBOR-TRISTIS L.,nyctanthes arbor-tristis l.,Oleaceae,oleaceae,,,NORMALIZED_ONLY,Scientific name change: CASE_ONLY. Family change: CASE_ONLY.,HIGH,NONE,,FALSE,https://mpbd.cu.ac.bd/plants.php?pageno=36
7eae8656f229dffa,Nipa FRUTICANS Wurmb.,nipa fruticans wurmb.,Arecaceae,arecaceae,,,NORMALIZED_ONLY,Scientific name change: CASE_ONLY. Family change: CASE_ONLY.,HIGH,NONE,,FALSE,https://mpbd.cu.ac.bd/plants.php?pageno=36
24776066ceb49eb7,Nigella SATIVA L,nigella sativa l,Ranunculaceae,ranunculaceae,,,NORMALIZED_ONLY,Scientific name change: CASE_ONLY. Family change: CASE_ONLY.,HIGH,NONE,,FALSE,https://mpbd.cu.ac.bd/plants.php?pageno=36
82d0255bdf0c57a1,Nicotiana TABACUM L.,nicotiana tabacum l.,Solanaceae,solanaceae,,,NORMALIZED_ONLY,Scientific name change: CASE_ONLY. Family change: CASE_ONLY.,HIGH,NONE,,FALSE,https://mpbd.cu.ac.bd/plants.php?pageno=36
bc4bc3a0bd1014a2,Nicotiana RUSTICA L.,nicotiana rustica l.,Solanaceae,solanaceae,,,NORMALIZED_ONLY,Scientific name change: CASE_ONLY. Family change: CASE_ONLY.,HIGH,NONE,,FALSE,https://mpbd.cu.ac.bd/plants.php?pageno=37
a19ae5138a118f52,Nerium oleander L.,nerium oleander l.,Apocynaceae,apocynaceae,,,NORMALIZED_ONLY,Scientific name change: CASE_ONLY. Family change: CASE_ONLY.,HIGH,NONE,,FALSE,https://mpbd.cu.ac.bd/plants.php?pageno=37
b7b63e80c9bbbf4e,Nelumbo NUCIFERA Gaertn.,nelumbo nucifera gaertn.,Nymphaeaceae,nymphaeaceae,,,NORMALIZED_ONLY,Scientific name change: CASE_ONLY. Family change: CASE_ONLY.,HIGH,NONE,,FALSE,https://mpbd.cu.ac.bd/plants.php?pageno=37
38ebc3a483e0ed96,Neonauclea sessilifolia (Roxb.) Merr.,neonauclea sessilifolia (roxb.) merr.,Rubiaceae,rubiaceae,,,NORMALIZED_ONLY,Scientific name change: CASE_ONLY. Family change: CASE_ONLY.,HIGH,NONE,,FALSE,https://mpbd.cu.ac.bd/plants.php?pageno=37
851c22d6f65990fe,Rorippa indica (L.) Hiern.,rorippa indica (l.) hiern.,Brassicaceae,brassicaceae,,,NORMALIZED_ONLY,Scientific name change: CASE_ONLY. Family change: CASE_ONLY.,HIGH,NONE,,FALSE,https://mpbd.cu.ac.bd/plants.php?pageno=37
72a36704436bd7e1,Myrica ESCULENTA Buch.-Ham,myrica esculenta buch.-ham,Myricaeae,myricaeae,,,NORMALIZED_ONLY,Scientific name change: CASE_ONLY. Family change: CASE_ONLY.,HIGH,NONE,,FALSE,https://mpbd.cu.ac.bd/plants.php?pageno=37
6ccb8448cd5a9c77,Mussaenda ROXBURGHII Hook. f.,mussaenda roxburghii hook. f.,Rubiaceae,rubiaceae,,,NORMALIZED_ONLY,Scientific name change: CASE_ONLY. Family change: CASE_ONLY.,HIGH,NONE,,FALSE,https://mpbd.cu.ac.bd/plants.php?pageno=37
3d2dbd52e1686d87,Mussaenda GLABRATA Hutch.,mussaenda glabrata hutch.,Rubiaceae,rubiaceae,,,NORMALIZED_ONLY,Scientific name change: CASE_ONLY. Family change: CASE_ONLY.,HIGH,NONE,,FALSE,https://mpbd.cu.ac.bd/plants.php?pageno=37
99cd72250559ab57,Musa PARADISIACA L.,musa paradisiaca l.,Musaceae,musaceae,,,NORMALIZED_ONLY,Scientific name change: CASE_ONLY. Family change: CASE_ONLY.,HIGH,NONE,,FALSE,https://mpbd.cu.ac.bd/plants.php?pageno=37
9125b94077ed369f,Musa ORNATA Roxb.,musa ornata roxb.,Musaceae,musaceae,,,NORMALIZED_ONLY,Scientific name change: CASE_ONLY. Family change: CASE_ONLY.,HIGH,NONE,,FALSE,https://mpbd.cu.ac.bd/plants.php?pageno=37
11a2235062f6f3b5,Murraya PANICULATA (L.) Jacq.,murraya paniculata (l.) jacq.,Rutaceae,rutaceae,,,NORMALIZED_ONLY,Scientific name change: CASE_ONLY. Family change: CASE_ONLY.,HIGH,NONE,,FALSE,https://mpbd.cu.ac.bd/plants.php?pageno=38
aebbae4a9cb75643,Murraya KOENIGII (L.) Spreng.,murraya koenigii (l.) spreng.,Rutaceae,rutaceae,,,NORMALIZED_ONLY,Scientific name change: CASE_ONLY. Family change: CASE_ONLY.,HIGH,NONE,,FALSE,https://mpbd.cu.ac.bd/plants.php?pageno=38
5f31181b6e50cb89,Murdania NUDIFLORA (L.) Breman.,murdania nudiflora (l.) breman.,Commelinaceae,commelinaceae,,,NORMALIZED_ONLY,Scientific name change: CASE_ONLY. Family change: CASE_ONLY.,HIGH,NONE,,FALSE,https://mpbd.cu.ac.bd/plants.php?pageno=38
d2e6cd1d70e0f969,Mucuna PRURIENS (L.) DC.,mucuna pruriens (l.) dc.,Fabaceae,fabaceae,,,POTENTIAL_DUPLICATE,Normalized scientific name appears 2 times. Original change type: CASE_ONLY.,MEDIUM,NONE,,TRUE,https://mpbd.cu.ac.bd/plants.php?pageno=38
860cc05cb9ff3521,Mucuna MONOSPERMA DC.,mucuna monosperma dc.,Fabaceae,fabaceae,,,NORMALIZED_ONLY,Scientific name change: CASE_ONLY. Family change: CASE_ONLY.,HIGH,NONE,,FALSE,https://mpbd.cu.ac.bd/plants.php?pageno=38
d39f5a9aa5f975b6,Morus INDICA L.,morus indica l.,Moraceae,moraceae,,,POTENTIAL_DUPLICATE,Normalized scientific name appears 2 times. Original change type: CASE_ONLY.,MEDIUM,NONE,,TRUE,https://mpbd.cu.ac.bd/plants.php?pageno=38
ed8428248b5fd21e,Moringa OLEIFERA Lamk.,moringa oleifera lamk.,Moringaceae,moringaceae,,,NORMALIZED_ONLY,Scientific name change: CASE_ONLY. Family change: CASE_ONLY.,HIGH,NONE,,FALSE,https://mpbd.cu.ac.bd/plants.php?pageno=38
7f99b82a66d35806,Morinda CITRIFOLIA L.,morinda citrifolia l.,Rubiaceae,rubiaceae,,,NORMALIZED_ONLY,Scientific name change: CASE_ONLY. Family change: CASE_ONLY.,HIGH,NONE,,FALSE,https://mpbd.cu.ac.bd/plants.php?pageno=38
16d987bf3c84a1ac,Morinda ANGUSTIFOLIA Roxb.,morinda angustifolia roxb.,Rubiaceae,rubiaceae,,,NORMALIZED_ONLY,Scientific name change: CASE_ONLY. Family change: CASE_ONLY.,HIGH,NONE,,FALSE,https://mpbd.cu.ac.bd/plants.php?pageno=38
69f5fc64359ffd29,Monochoria VAGINALIS (Burm. f.) Presl.,monochoria vaginalis (burm. f.) presl.,Pontederiaceae,pontederiaceae,,,NORMALIZED_ONLY,Scientific name change: CASE_ONLY. Family change: CASE_ONLY.,HIGH,NONE,,FALSE,https://mpbd.cu.ac.bd/plants.php?pageno=38
e2d74ec176d98380,Monochoria HASTATA (L.) Solms.,monochoria hastata (l.) solms.,Pontederiaceae,pontederiaceae,,,NORMALIZED_ONLY,Scientific name change: CASE_ONLY. Family change: CASE_ONLY.,HIGH,NONE,,FALSE,https://mpbd.cu.ac.bd/plants.php?pageno=39
acf7b9f8819b5582,Momordica DIOICA Roxb.,momordica dioica roxb.,Cucurbitaceae,cucurbitaceae,,,NORMALIZED_ONLY,Scientific name change: CASE_ONLY. Family change: CASE_ONLY.,HIGH,NONE,,FALSE,https://mpbd.cu.ac.bd/plants.php?pageno=39
4f96a9619516df3b,Momordica COCHINCHINENSIS Spreng.,momordica cochinchinensis spreng.,Cucurbitaceae,cucurbitaceae,,,NORMALIZED_ONLY,Scientific name change: CASE_ONLY. Family change: CASE_ONLY.,HIGH,NONE,,FALSE,https://mpbd.cu.ac.bd/plants.php?pageno=39
77cbdaca35283366,Momordica CHARANTEA L.,momordica charantea l.,Cucurbitaceae,cucurbitaceae,,,NORMALIZED_ONLY,Scientific name change: CASE_ONLY. Family change: CASE_ONLY.,HIGH,NONE,,FALSE,https://mpbd.cu.ac.bd/plants.php?pageno=39
0c95c5cdfe4529ad,Mollugo PENTAPHYLLA L. (),mollugo pentaphylla l. (),Molluginaceae,molluginaceae,,,NORMALIZED_ONLY,Scientific name change: CASE_ONLY. Family change: CASE_ONLY.,HIGH,NONE,,FALSE,https://mpbd.cu.ac.bd/plants.php?pageno=39
93da2fee9ac7ea95,Molineria CAPITULATA (Loureiro) Herbert.,molineria capitulata (loureiro) herbert.,Hypoxidaceae,hypoxidaceae,,,NORMALIZED_ONLY,Scientific name change: CASE_ONLY. Family change: CASE_ONLY.,HIGH,NONE,,FALSE,https://mpbd.cu.ac.bd/plants.php?pageno=39
e041a95763bb48a2,Mitragyna PARVIFOLIA (Roxb.) Korth.,mitragyna parvifolia (roxb.) korth.,Rubiaceae,rubiaceae,,,NORMALIZED_ONLY,Scientific name change: CASE_ONLY. Family change: CASE_ONLY.,HIGH,NONE,,FALSE,https://mpbd.cu.ac.bd/plants.php?pageno=39
fcb3f892f5bbb7af,Mirabilis JALAPA L.,mirabilis jalapa l.,Nyctaginaceae,nyctaginaceae,,,POTENTIAL_DUPLICATE,Normalized scientific name appears 2 times. Original change type: CASE_ONLY.,MEDIUM,NONE,,TRUE,https://mpbd.cu.ac.bd/plants.php?pageno=39
dee177e08e7eff3e,Mimusops ELENGI L.,mimusops elengi l.,Sapotaceae,sapotaceae,,,NORMALIZED_ONLY,Scientific name change: CASE_ONLY. Family change: CASE_ONLY.,HIGH,NONE,,FALSE,https://mpbd.cu.ac.bd/plants.php?pageno=39
0e2025403257e85c,Mimosa PUDICA L.,mimosa pudica l.,Mimosaceae,mimosaceae,,,POTENTIAL_DUPLICATE,Normalized scientific name appears 2 times. Original change type: CASE_ONLY.,MEDIUM,NONE,,TRUE,https://mpbd.cu.ac.bd/plants.php?pageno=39
64d3b31e61c29128,Mikania CORDATA (Burm. f.) Rob,mikania cordata (burm. f.) rob,Asteraceae,asteraceae,,,NORMALIZED_ONLY,Scientific name change: CASE_ONLY. Family change: CASE_ONLY.,HIGH,NONE,,FALSE,https://mpbd.cu.ac.bd/plants.php?pageno=40
fd879e2eb8064d47,Michelia CHAMPACA L.,michelia champaca l.,Magnoliaceae,magnoliaceae,,,NORMALIZED_ONLY,Scientific name change: CASE_ONLY. Family change: CASE_ONLY.,HIGH,NONE,,FALSE,https://mpbd.cu.ac.bd/plants.php?pageno=40
47e4e737a69ade81,Meyna SPINOSA Roxb. ex. Link.,meyna spinosa roxb. ex. link.,Rubiaceae,rubiaceae,,,NORMALIZED_ONLY,Scientific name change: CASE_ONLY. Family change: CASE_ONLY.,HIGH,NONE,,FALSE,https://mpbd.cu.ac.bd/plants.php?pageno=40
8c30706257ddeee5,Mesua NAGESSARIUM (Burm.) Kost. (),mesua nagessarium (burm.) kost. (),Clusiaceae,clusiaceae,,,NORMALIZED_ONLY,Scientific name change: CASE_ONLY. Family change: CASE_ONLY.,HIGH,NONE,,FALSE,https://mpbd.cu.ac.bd/plants.php?pageno=40
86d7e528f1f0ea75,Merremia VITIFOLIA (Burm. f.) Hallier f.,merremia vitifolia (burm. f.) hallier f.,Convolvulaceae,convolvulaceae,,,NORMALIZED_ONLY,Scientific name change: CASE_ONLY. Family change: CASE_ONLY.,HIGH,NONE,,FALSE,https://mpbd.cu.ac.bd/plants.php?pageno=40
5a4066847551339b,Mentha ARVENSIS L.,mentha arvensis l.,Lamiaceae,lamiaceae,,,POTENTIAL_DUPLICATE,Normalized scientific name appears 2 times. Original change type: CASE_ONLY.,MEDIUM,NONE,,TRUE,https://mpbd.cu.ac.bd/plants.php?pageno=40
8848f083a57f3e36,Memecylon UMBELLATUM Burm.,memecylon umbellatum burm.,Melastomaceae,melastomaceae,,,NORMALIZED_ONLY,Scientific name change: CASE_ONLY. Family change: CASE_ONLY.,HIGH,NONE,,FALSE,https://mpbd.cu.ac.bd/plants.php?pageno=40
c81e539db498bf20,Melothria HETEROPHYLLA Cogn.,melothria heterophylla cogn.,Cucurbitaceae,cucurbitaceae,,,NORMALIZED_ONLY,Scientific name change: CASE_ONLY. Family change: CASE_ONLY.,HIGH,NONE,,FALSE,https://mpbd.cu.ac.bd/plants.php?pageno=40
f993f66832a7e0f5,Melochia CORCHORIFOLIA L.,melochia corchorifolia l.,Sterculiaceae,sterculiaceae,,,POTENTIAL_DUPLICATE,Normalized scientific name appears 2 times. Original change type: CASE_ONLY.,MEDIUM,NONE,,TRUE,https://mpbd.cu.ac.bd/plants.php?pageno=40
9a4aab3a52ae94af,Melilotus ALBA Lamk.,melilotus alba lamk.,Fabaceae,fabaceae,,,NORMALIZED_ONLY,Scientific name change: CASE_ONLY. Family change: CASE_ONLY.,HIGH,NONE,,FALSE,https://mpbd.cu.ac.bd/plants.php?pageno=40
cdc75193eea4464e,Melia SEMPERVIRENS (L.) All.,melia sempervirens (l.) all.,Meliaceae,meliaceae,,,NORMALIZED_ONLY,Scientific name change: CASE_ONLY. Family change: CASE_ONLY.,HIGH,NONE,,FALSE,https://mpbd.cu.ac.bd/plants.php?pageno=41
c7bec8eb8f903880,Melastoma MALABATHRICUM L.,melastoma malabathricum l.,Melasomaceae,melasomaceae,,,NORMALIZED_ONLY,Scientific name change: CASE_ONLY. Family change: CASE_ONLY.,HIGH,NONE,,FALSE,https://mpbd.cu.ac.bd/plants.php?pageno=41
8867d93cb6252b58,Martynia ANNUA (Hous.) L.,martynia annua (hous.) l.,Pedaliaceae,pedaliaceae,,,NORMALIZED_ONLY,Scientific name change: CASE_ONLY. Family change: CASE_ONLY.,HIGH,NONE,,FALSE,https://mpbd.cu.ac.bd/plants.php?pageno=41
26583c75841e61d4,Marsdenia TINCTORA (L.) R. Br.,marsdenia tinctora (l.) r. br.,Asclepiadaceae,asclepiadaceae,,,NORMALIZED_ONLY,Scientific name change: CASE_ONLY. Family change: CASE_ONLY.,HIGH,NONE,,FALSE,https://mpbd.cu.ac.bd/plants.php?pageno=41
249fa74cae6ea57b,Maranta ARUNDINACEA L.,maranta arundinacea l.,Marantaceae,marantaceae,,,NORMALIZED_ONLY,Scientific name change: CASE_ONLY. Family change: CASE_ONLY.,HIGH,NONE,,FALSE,https://mpbd.cu.ac.bd/plants.php?pageno=41
6f417103563e93bf,Manilkara ZAPOTA (L.) Royen.,manilkara zapota (l.) royen.,Sapotaceae,sapotaceae,,,NORMALIZED_ONLY,Scientific name change: CASE_ONLY. Family change: CASE_ONLY.,HIGH,NONE,,FALSE,https://mpbd.cu.ac.bd/plants.php?pageno=41
d17b4441d403e7f2,Manilkara HEXANDRA (Roxb.) Dub.,manilkara hexandra (roxb.) dub.,Sapotaceae,sapotaceae,,,NORMALIZED_ONLY,Scientific name change: CASE_ONLY. Family change: CASE_ONLY.,HIGH,NONE,,FALSE,https://mpbd.cu.ac.bd/plants.php?pageno=41
44fca280486083fb,Manihot ESCULENTA Crantz.,manihot esculenta crantz.,Euphorbiaceae,euphorbiaceae,,,NORMALIZED_ONLY,Scientific name change: CASE_ONLY. Family change: CASE_ONLY.,HIGH,NONE,,FALSE,https://mpbd.cu.ac.bd/plants.php?pageno=41
dfa98b719826bded,Mangifera laurina Blume.,mangifera laurina blume.,Anacardiaceae,anacardiaceae,,,NORMALIZED_ONLY,Scientific name change: CASE_ONLY. Family change: CASE_ONLY.,HIGH,NONE,,FALSE,https://mpbd.cu.ac.bd/plants.php?pageno=41
ec3b54a026315a46,Mangifera INDICA L.,mangifera indica l.,Anacardiaceae,anacardiaceae,,,NORMALIZED_ONLY,Scientific name change: CASE_ONLY. Family change: CASE_ONLY.,HIGH,NONE,,FALSE,https://mpbd.cu.ac.bd/plants.php?pageno=41
cadbe24ca7de2b5e,Mallotus ROXBURGHIANUS Muel-Arg.,mallotus roxburghianus muel-arg.,Euphorbiaceae,euphorbiaceae,,,NORMALIZED_ONLY,Scientific name change: CASE_ONLY. Family change: CASE_ONLY.,HIGH,NONE,,FALSE,https://mpbd.cu.ac.bd/plants.php?pageno=42
9db2e3ebcce41df5,Mallotus PHILIPPINENSIS Muell-Arg.,mallotus philippinensis muell-arg.,Euphorbiaceae,euphorbiaceae,,,NORMALIZED_ONLY,Scientific name change: CASE_ONLY. Family change: CASE_ONLY.,HIGH,NONE,,FALSE,https://mpbd.cu.ac.bd/plants.php?pageno=42
e579afdc88106d21,Maesa INDICA Wall.,maesa indica wall.,Myrsinaceae,myrsinaceae,,,NORMALIZED_ONLY,Scientific name change: CASE_ONLY. Family change: CASE_ONLY.,HIGH,NONE,,FALSE,https://mpbd.cu.ac.bd/plants.php?pageno=42
7692576bd94a0e87,Maesa ACUMINATA DC.,maesa acuminata dc.,Myrsinaceae,myrsinaceae,,,NORMALIZED_ONLY,Scientific name change: CASE_ONLY. Family change: CASE_ONLY.,HIGH,NONE,,FALSE,https://mpbd.cu.ac.bd/plants.php?pageno=42
d0295cc5b6e404ff,Madhuca longifolia VAR. LATIFOLIA (Roxb.) A.Chev.,madhuca longifolia var. latifolia (roxb.) a.chev.,Sapotaceae,sapotaceae,,,NORMALIZED_ONLY,Scientific name change: CASE_ONLY. Family change: CASE_ONLY.,HIGH,NONE,,FALSE,https://mpbd.cu.ac.bd/plants.php?pageno=42
2138e3c22d2d5602,Macrotyloma uniflorum (Lam.) Verde.,macrotyloma uniflorum (lam.) verde.,Fabaceae,fabaceae,,,NORMALIZED_ONLY,Scientific name change: CASE_ONLY. Family change: CASE_ONLY.,HIGH,NONE,,FALSE,https://mpbd.cu.ac.bd/plants.php?pageno=42
de5c23598da93138,Macrosolen COCHINCHINENSIS (Lour.) Van Teigh.,macrosolen cochinchinensis (lour.) van teigh.,Loranthaceae,loranthaceae,,,NORMALIZED_ONLY,Scientific name change: CASE_ONLY. Family change: CASE_ONLY.,HIGH,NONE,,FALSE,https://mpbd.cu.ac.bd/plants.php?pageno=42
a47eec0cadcc5705,Macaranga DENTICULATA Muell.-Arg.,macaranga denticulata muell.-arg.,Euphorbiaceae,euphorbiaceae,,,NORMALIZED_ONLY,Scientific name change: CASE_ONLY. Family change: CASE_ONLY.,HIGH,NONE,,FALSE,https://mpbd.cu.ac.bd/plants.php?pageno=42
9c7c68ad3dfa5402,Lygodium MICROPHYLLUM (Cau.) R. Br.,lygodium microphyllum (cau.) r. br.,Lygodiaceae,lygodiaceae,,,NORMALIZED_ONLY,Scientific name change: CASE_ONLY. Family change: CASE_ONLY.,HIGH,NONE,,FALSE,https://mpbd.cu.ac.bd/plants.php?pageno=42
5e24e7f1483d34b8,Lygodium JAPONICUM (Thunb.) Sw.,lygodium japonicum (thunb.) sw.,Lygodiaceae,lygodiaceae,,,NORMALIZED_ONLY,Scientific name change: CASE_ONLY. Family change: CASE_ONLY.,HIGH,NONE,,FALSE,https://mpbd.cu.ac.bd/plants.php?pageno=42
6eff317f2b5a77f6,Lygodium FLEXUOSUM Sw.,lygodium flexuosum sw.,Lygodiaceae,lygodiaceae,,,NORMALIZED_ONLY,Scientific name change: CASE_ONLY. Family change: CASE_ONLY.,HIGH,NONE,,FALSE,https://mpbd.cu.ac.bd/plants.php?pageno=43
6ab9eda2dc4d137b,Lygodium CIRCINATUM (Burm.) Sw.,lygodium circinatum (burm.) sw.,Lygodiaceae,lygodiaceae,,,NORMALIZED_ONLY,Scientific name change: CASE_ONLY. Family change: CASE_ONLY.,HIGH,NONE,,FALSE,https://mpbd.cu.ac.bd/plants.php?pageno=43
9d2ee27e7eeae964,Lycopersicon LYCOPERSICUM (L.) Karsten,lycopersicon lycopersicum (l.) karsten,Solanaceae,solanaceae,,,NORMALIZED_ONLY,Scientific name change: CASE_ONLY. Family change: CASE_ONLY.,HIGH,NONE,,FALSE,https://mpbd.cu.ac.bd/plants.php?pageno=43
2557920ba47641f3,Luvunga SCANDENS Buch.-Ham.,luvunga scandens buch.-ham.,Rutaceae,rutaceae,,,NORMALIZED_ONLY,Scientific name change: CASE_ONLY. Family change: CASE_ONLY.,HIGH,NONE,,FALSE,https://mpbd.cu.ac.bd/plants.php?pageno=43
f9b5ed4d8bb26147,Luffa CYLINDRICA (L.) Roem.,luffa cylindrica (l.) roem.,Cucurbitaceae,cucurbitaceae,,,NORMALIZED_ONLY,Scientific name change: CASE_ONLY. Family change: CASE_ONLY.,HIGH,NONE,,FALSE,https://mpbd.cu.ac.bd/plants.php?pageno=43
2ac9335c49222dac,Luffa ACUTANGULA (L.) Roxb.,luffa acutangula (l.) roxb.,Cucurbitaceae,cucurbitaceae,,,NORMALIZED_ONLY,Scientific name change: CASE_ONLY. Family change: CASE_ONLY.,HIGH,NONE,,FALSE,https://mpbd.cu.ac.bd/plants.php?pageno=43
5b0c7b4c36494473,Ludwigia ADSCENDENS (L.) Hara.,ludwigia adscendens (l.) hara.,Onagraceae,onagraceae,,,NORMALIZED_ONLY,Scientific name change: CASE_ONLY. Family change: CASE_ONLY.,HIGH,NONE,,FALSE,https://mpbd.cu.ac.bd/plants.php?pageno=43
31c42c8deadca441,Litsea MONOPETALA (Roxb.) Pers.,litsea monopetala (roxb.) pers.,Lauraceae,lauraceae,,,NORMALIZED_ONLY,Scientific name change: CASE_ONLY. Family change: CASE_ONLY.,HIGH,NONE,,FALSE,https://mpbd.cu.ac.bd/plants.php?pageno=43
f891a50bfd02176c,Litsea LANCIFOLIA (Roxb.ex Nees) Fern.-Vill,litsea lancifolia (roxb.ex nees) fern.-vill,Lauraceae,lauraceae,,,NORMALIZED_ONLY,Scientific name change: CASE_ONLY. Family change: CASE_ONLY.,HIGH,NONE,,FALSE,https://mpbd.cu.ac.bd/plants.php?pageno=43
deb649d3401b7434,Litsea GLUTIONSA (Lour.) Rob.,litsea glutionsa (lour.) rob.,Lauraceae,lauraceae,,,NORMALIZED_ONLY,Scientific name change: CASE_ONLY. Family change: CASE_ONLY.,HIGH,NONE,,FALSE,https://mpbd.cu.ac.bd/plants.php?pageno=43
6af477cd0bd86043,Litchi CHINESIS Sonn.,litchi chinesis sonn.,Sapindaceae,sapindaceae,,,NORMALIZED_ONLY,Scientific name change: CASE_ONLY. Family change: CASE_ONLY.,HIGH,NONE,,FALSE,https://mpbd.cu.ac.bd/plants.php?pageno=44
35fcfb411fa26cd4,Linum USITATISSIMUM L.,linum usitatissimum l.,Linaceae,linaceae,,,NORMALIZED_ONLY,Scientific name change: CASE_ONLY. Family change: CASE_ONLY.,HIGH,NONE,,FALSE,https://mpbd.cu.ac.bd/plants.php?pageno=44
1bf18d1d2419a33d,Lindenbergia INDICA Vatke,lindenbergia indica vatke,Scrophulariaceae,scrophulariaceae,,,NORMALIZED_ONLY,Scientific name change: CASE_ONLY. Family change: CASE_ONLY.,HIGH,NONE,,FALSE,https://mpbd.cu.ac.bd/plants.php?pageno=44
de0610accaad5716,Limnophila INDICA (L.) Druce.,limnophila indica (l.) druce.,Scrophulariaceae,scrophulariaceae,,,NORMALIZED_ONLY,Scientific name change: CASE_ONLY. Family change: CASE_ONLY.,HIGH,NONE,,FALSE,https://mpbd.cu.ac.bd/plants.php?pageno=44
98822158ccbb778f,Leucas zeylanica (L.) W.T.Aiton.,leucas zeylanica (l.) w.t.aiton.,Lamiaceae,lamiaceae,,,NORMALIZED_ONLY,Scientific name change: CASE_ONLY. Family change: CASE_ONLY.,HIGH,NONE,,FALSE,https://mpbd.cu.ac.bd/plants.php?pageno=44
5b52da76e6e895db,Leucas LAVANDULIFOLIA Sm.,leucas lavandulifolia sm.,Lamiaceae,lamiaceae,,,NORMALIZED_ONLY,Scientific name change: CASE_ONLY. Family change: CASE_ONLY.,HIGH,NONE,,FALSE,https://mpbd.cu.ac.bd/plants.php?pageno=44
a0ad4c8a76673a90,Leucas CEPHALOTES (Roth.) Spreng.,leucas cephalotes (roth.) spreng.,Lamiaceae,lamiaceae,,,NORMALIZED_ONLY,Scientific name change: CASE_ONLY. Family change: CASE_ONLY.,HIGH,NONE,,FALSE,https://mpbd.cu.ac.bd/plants.php?pageno=44
da83dedf6ffe26f3,Leucas ASPERA (Willd.) Link.,leucas aspera (willd.) link.,Lamiaceae,lamiaceae,,,NORMALIZED_ONLY,Scientific name change: CASE_ONLY. Family change: CASE_ONLY.,HIGH,NONE,,FALSE,https://mpbd.cu.ac.bd/plants.php?pageno=44
217f5e962a9f2e76,Leonurus SIBIRICUS L.,leonurus sibiricus l.,Lamiaceae,lamiaceae,,,NORMALIZED_ONLY,Scientific name change: CASE_ONLY. Family change: CASE_ONLY.,HIGH,NONE,,FALSE,https://mpbd.cu.ac.bd/plants.php?pageno=44
1784f4cf867b560f,Lens CULINARIS Medik.,lens culinaris medik.,Fabaceae,fabaceae,,,NORMALIZED_ONLY,Scientific name change: CASE_ONLY. Family change: CASE_ONLY.,HIGH,NONE,,FALSE,https://mpbd.cu.ac.bd/plants.php?pageno=44
03c60dde054b06a2,Leea MACROPHYLLA Roxb.,leea macrophylla roxb.,Leeaceae,leeaceae,,,NORMALIZED_ONLY,Scientific name change: CASE_ONLY. Family change: CASE_ONLY.,HIGH,NONE,,FALSE,https://mpbd.cu.ac.bd/plants.php?pageno=45
5e6afd35bdae9dda,Leea INDICA (Burm. f.) Merr.,leea indica (burm. f.) merr.,Leeaceae,leeaceae,,,NORMALIZED_ONLY,Scientific name change: CASE_ONLY. Family change: CASE_ONLY.,HIGH,NONE,,FALSE,https://mpbd.cu.ac.bd/plants.php?pageno=45
bcf1bffafa390b2b,Leea asiatica (L.) Ridsdale.,leea asiatica (l.) ridsdale.,Leeaceae,leeaceae,,,NORMALIZED_ONLY,Scientific name change: CASE_ONLY. Family change: CASE_ONLY.,HIGH,NONE,,FALSE,https://mpbd.cu.ac.bd/plants.php?pageno=45
d7801a287e06841a,Leea AEQUATA L.,leea aequata l.,Leeaceae,leeaceae,,,NORMALIZED_ONLY,Scientific name change: CASE_ONLY. Family change: CASE_ONLY.,HIGH,NONE,,FALSE,https://mpbd.cu.ac.bd/plants.php?pageno=45
feda4c9d4c0a8bb3,Lawsonia INERMIS L.,lawsonia inermis l.,Lythraceae,lythraceae,,,NORMALIZED_ONLY,Scientific name change: CASE_ONLY. Family change: CASE_ONLY.,HIGH,NONE,,FALSE,https://mpbd.cu.ac.bd/plants.php?pageno=45
e794b7569f63a83c,Launaea SARMENTOSA (Willd.) Sch.-Bip.,launaea sarmentosa (willd.) sch.-bip.,Asteraceae,asteraceae,,,NORMALIZED_ONLY,Scientific name change: CASE_ONLY. Family change: CASE_ONLY.,HIGH,NONE,,FALSE,https://mpbd.cu.ac.bd/plants.php?pageno=45
8e110f6105dba7ab,Launaea ASPLENIIFOLIA Hook. f.,launaea aspleniifolia hook. f.,Asteraceae,asteraceae,,,NORMALIZED_ONLY,Scientific name change: CASE_ONLY. Family change: CASE_ONLY.,HIGH,NONE,,FALSE,https://mpbd.cu.ac.bd/plants.php?pageno=45
dbcfc03b71460949,Lasia SPINOSA (L.) Thw.,lasia spinosa (l.) thw.,Araceae,araceae,,,NORMALIZED_ONLY,Scientific name change: CASE_ONLY. Family change: CASE_ONLY.,HIGH,NONE,,FALSE,https://mpbd.cu.ac.bd/plants.php?pageno=45
ef236cba9387852b,Dendrocnide sinuata (Blume) Chew.,dendrocnide sinuata (blume) chew.,Urticaceae,urticaceae,,,NORMALIZED_ONLY,Scientific name change: CASE_ONLY. Family change: CASE_ONLY.,HIGH,NONE,,FALSE,https://mpbd.cu.ac.bd/plants.php?pageno=45
bbeedcc5c642c309,Lantana CAMARA L.,lantana camara l.,Verbenaceae,verbenaceae,,,NORMALIZED_ONLY,Scientific name change: CASE_ONLY. Family change: CASE_ONLY.,HIGH,NONE,,FALSE,https://mpbd.cu.ac.bd/plants.php?pageno=45
929efff95e60a537,Lannea COROMANDELICA (Houtt.) Merr.,lannea coromandelica (houtt.) merr.,Anacardiaceae,anacardiaceae,,,NORMALIZED_ONLY,Scientific name change: CASE_ONLY. Family change: CASE_ONLY.,HIGH,NONE,,FALSE,https://mpbd.cu.ac.bd/plants.php?pageno=46
12beccf235ee5ac4,Lagerstroemia speciosa (L.) Pers.,lagerstroemia speciosa (l.) pers.,Lythraceae,lythraceae,,,NORMALIZED_ONLY,Scientific name change: CASE_ONLY. Family change: CASE_ONLY.,HIGH,NONE,,FALSE,https://mpbd.cu.ac.bd/plants.php?pageno=46
5a3f435e55f9f234,Lagerstroemia INDICA L.,lagerstroemia indica l.,Lythraceae,lythraceae,,,NORMALIZED_ONLY,Scientific name change: CASE_ONLY. Family change: CASE_ONLY.,HIGH,NONE,,FALSE,https://mpbd.cu.ac.bd/plants.php?pageno=46
7bbc1d95ff1fdfcf,Lageneria SICERARIA (Molina) Standl.,lageneria siceraria (molina) standl.,Cucurbitaceae,cucurbitaceae,,,NORMALIZED_ONLY,Scientific name change: CASE_ONLY. Family change: CASE_ONLY.,HIGH,NONE,,FALSE,https://mpbd.cu.ac.bd/plants.php?pageno=46
2139380806e1a8f9,Lablab PURPUREUS (L.) Sweet.,lablab purpureus (l.) sweet.,Fabaceae,fabaceae,,,NORMALIZED_ONLY,Scientific name change: CASE_ONLY. Family change: CASE_ONLY.,HIGH,NONE,,FALSE,https://mpbd.cu.ac.bd/plants.php?pageno=46
ef312bcff1bd3014,Bryophyllum pinnatum (Lam.) Oken.,bryophyllum pinnatum (lam.) oken.,Crassulaceae,crassulaceae,,,NORMALIZED_ONLY,Scientific name change: CASE_ONLY. Family change: CASE_ONLY.,HIGH,NONE,,FALSE,https://mpbd.cu.ac.bd/plants.php?pageno=46
26b72bf12cfe0e47,Kaempferia ROTUNDA L.,kaempferia rotunda l.,Zingiberaceae,zingiberaceae,,,NORMALIZED_ONLY,Scientific name change: CASE_ONLY. Family change: CASE_ONLY.,HIGH,NONE,,FALSE,https://mpbd.cu.ac.bd/plants.php?pageno=46
abfa13ecb6b86599,Kaempferia PARVIFLORA Wall.,kaempferia parviflora wall.,Zingiberaceae,zingiberaceae,,,NORMALIZED_ONLY,Scientific name change: CASE_ONLY. Family change: CASE_ONLY.,HIGH,NONE,,FALSE,https://mpbd.cu.ac.bd/plants.php?pageno=46
1c2d01d92f14eff7,Alpinia sessilis J.Koenig,alpinia sessilis j.koenig,Zingiberaceae,zingiberaceae,,,NORMALIZED_ONLY,Scientific name change: CASE_ONLY. Family change: CASE_ONLY.,HIGH,NONE,,FALSE,https://mpbd.cu.ac.bd/plants.php?pageno=46
0ffdaf0e51ed3acf,justicia JAPONICA Thunb.,justicia japonica thunb.,Acanthaceae,acanthaceae,,,NORMALIZED_ONLY,Scientific name change: CASE_ONLY. Family change: CASE_ONLY.,HIGH,NONE,,FALSE,https://mpbd.cu.ac.bd/plants.php?pageno=46
34fdd1ee6e8dbec8,Justicia GENDARUSSA Burm.,justicia gendarussa burm.,Acanthaceae,acanthaceae,,,NORMALIZED_ONLY,Scientific name change: CASE_ONLY. Family change: CASE_ONLY.,HIGH,NONE,,FALSE,https://mpbd.cu.ac.bd/plants.php?pageno=47
b3ebf24d01a1e358,Jatropha GOSSYPIFOLIA L.,jatropha gossypifolia l.,Euphorbiaceae,euphorbiaceae,,,NORMALIZED_ONLY,Scientific name change: CASE_ONLY. Family change: CASE_ONLY.,HIGH,NONE,,FALSE,https://mpbd.cu.ac.bd/plants.php?pageno=47
124dc93b4491a3c3,. JATROPHA CURCAS L.,. jatropha curcas l.,Euphorbiaceae,euphorbiaceae,,,NORMALIZED_ONLY,Scientific name change: CASE_ONLY. Family change: CASE_ONLY.,HIGH,NONE,,FALSE,https://mpbd.cu.ac.bd/plants.php?pageno=47
a172a847dd05ac79,Jasminum SCANDENS Vahl.,jasminum scandens vahl.,Oleaceae,oleaceae,,,NORMALIZED_ONLY,Scientific name change: CASE_ONLY. Family change: CASE_ONLY.,HIGH,NONE,,FALSE,https://mpbd.cu.ac.bd/plants.php?pageno=47
cdee556796349c03,Jasminum SAMBAC (L.) Ait.,jasminum sambac (l.) ait.,Oleaceae,oleaceae,,,NORMALIZED_ONLY,Scientific name change: CASE_ONLY. Family change: CASE_ONLY.,HIGH,NONE,,FALSE,https://mpbd.cu.ac.bd/plants.php?pageno=47
8acf01ce3e422973,Jasminum ANGUSTIFOLIUM Vahl.,jasminum angustifolium vahl.,Oleaceae,oleaceae,,,NORMALIZED_ONLY,Scientific name change: CASE_ONLY. Family change: CASE_ONLY.,HIGH,NONE,,FALSE,https://mpbd.cu.ac.bd/plants.php?pageno=47
8f4dd8ca5cd8870d,Ixora NIGRICANS R. Br. ex Wight & Arn.,ixora nigricans r. br. ex wight & arn.,Rubiaceae,rubiaceae,,,NORMALIZED_ONLY,Scientific name change: CASE_ONLY. Family change: CASE_ONLY.,HIGH,NONE,,FALSE,https://mpbd.cu.ac.bd/plants.php?pageno=47
c31c293d786755fe,Ixora CUNEIFOLIA Roxb.,ixora cuneifolia roxb.,Rubiaceae,rubiaceae,,,NORMALIZED_ONLY,Scientific name change: CASE_ONLY. Family change: CASE_ONLY.,HIGH,NONE,,FALSE,https://mpbd.cu.ac.bd/plants.php?pageno=47
f957d8f2c4577cfb,Ixora COCCINEA L.,ixora coccinea l.,Rubiaceae,rubiaceae,,,NORMALIZED_ONLY,Scientific name change: CASE_ONLY. Family change: CASE_ONLY.,HIGH,NONE,,FALSE,https://mpbd.cu.ac.bd/plants.php?pageno=47
f1c3e557dce52a69,Ixora pavetta Andr.,ixora pavetta andr.,Rubiaceae,rubiaceae,,,NORMALIZED_ONLY,Scientific name change: CASE_ONLY. Family change: CASE_ONLY.,HIGH,NONE,,FALSE,https://mpbd.cu.ac.bd/plants.php?pageno=47
1e267e524e841b00,Isodon LOPHANTHOIDES (Buch.-Ham. ex D. Don.) Hara,isodon lophanthoides (buch.-ham. ex d. don.) hara,Lamiaceae,lamiaceae,,,NORMALIZED_ONLY,Scientific name change: CASE_ONLY. Family change: CASE_ONLY.,HIGH,NONE,,FALSE,https://mpbd.cu.ac.bd/plants.php?pageno=48
f9c2fbe79ecdccc3,ipomoea QUAMOCLIT L.,ipomoea quamoclit l.,Convolvulaceae,convolvulaceae,,,NORMALIZED_ONLY,Scientific name change: CASE_ONLY. Family change: CASE_ONLY.,HIGH,NONE,,FALSE,https://mpbd.cu.ac.bd/plants.php?pageno=48
222708784cbb9115,Ipomoea PES -TIGRIDIS L.,ipomoea pes -tigridis l.,Convolvulaceae,convolvulaceae,,,NORMALIZED_ONLY,Scientific name change: CASE_ONLY. Family change: CASE_ONLY.,HIGH,NONE,,FALSE,https://mpbd.cu.ac.bd/plants.php?pageno=48
97ac19ab93d4f61e,Ipomoea PES-CAPRAE (L.) R.Br.,ipomoea pes-caprae (l.) r.br.,Convolvulaceae,convolvulaceae,,,NORMALIZED_ONLY,Scientific name change: CASE_ONLY. Family change: CASE_ONLY.,HIGH,NONE,,FALSE,https://mpbd.cu.ac.bd/plants.php?pageno=48
021a448cb9a11a89,Ipomoea OBSCURA Ker-Gawl.,ipomoea obscura ker-gawl.,Convolvulaceae,convolvulaceae,,,NORMALIZED_ONLY,Scientific name change: CASE_ONLY. Family change: CASE_ONLY.,HIGH,NONE,,FALSE,https://mpbd.cu.ac.bd/plants.php?pageno=48
d3320e26997a441b,Ipomoea MAXIMA (L.f.) Don. ex. Sweef.,ipomoea maxima (l.f.) don. ex. sweef.,Convolvulaceae,convolvulaceae,,,NORMALIZED_ONLY,Scientific name change: CASE_ONLY. Family change: CASE_ONLY.,HIGH,NONE,,FALSE,https://mpbd.cu.ac.bd/plants.php?pageno=48
e31ee61c4416c1cf,Ipomoea MAURITIANA Jacq.,ipomoea mauritiana jacq.,Convolvulaceae,convolvulaceae,,,NORMALIZED_ONLY,Scientific name change: CASE_ONLY. Family change: CASE_ONLY.,HIGH,NONE,,FALSE,https://mpbd.cu.ac.bd/plants.php?pageno=48
ae6dc065e16a90fd,Ipomoea BATATUS (L.) Lamk.,ipomoea batatus (l.) lamk.,Convolvulaceae,convolvulaceae,,,NORMALIZED_ONLY,Scientific name change: CASE_ONLY. Family change: CASE_ONLY.,HIGH,NONE,,FALSE,https://mpbd.cu.ac.bd/plants.php?pageno=48
6c5959d0513b361f,Ipomoea AQUATICA Forsk.,ipomoea aquatica forsk.,Convolvulaceae,convolvulaceae,,,NORMALIZED_ONLY,Scientific name change: CASE_ONLY. Family change: CASE_ONLY.,HIGH,NONE,,FALSE,https://mpbd.cu.ac.bd/plants.php?pageno=48
aff95fef24d9974a,Ipomoea ALBA L.,ipomoea alba l.,Convolvulaceae,convolvulaceae,,,NORMALIZED_ONLY,Scientific name change: CASE_ONLY. Family change: CASE_ONLY.,HIGH,NONE,,FALSE,https://mpbd.cu.ac.bd/plants.php?pageno=48
a9d6bb118d294797,Indigofera TINCTORIA L.,indigofera tinctoria l.,Fabaceae,fabaceae,,,NORMALIZED_ONLY,Scientific name change: CASE_ONLY. Family change: CASE_ONLY.,HIGH,NONE,,FALSE,https://mpbd.cu.ac.bd/plants.php?pageno=49
0b81fefb6a87047c,Imperata CYLINDRICA Rausch.,imperata cylindrica rausch.,Poaceae,poaceae,,,NORMALIZED_ONLY,Scientific name change: CASE_ONLY. Family change: CASE_ONLY.,HIGH,NONE,,FALSE,https://mpbd.cu.ac.bd/plants.php?pageno=49
4d5c167c7390ca75,Impatiens BALSAMINA L.,impatiens balsamina l.,Balsaminaceae,balsaminaceae,,,NORMALIZED_ONLY,Scientific name change: CASE_ONLY. Family change: CASE_ONLY.,HIGH,NONE,,FALSE,https://mpbd.cu.ac.bd/plants.php?pageno=49
2a033d3e2348e02e,Ichnocarpus FRUTESCENS (L.) R. Br.,ichnocarpus frutescens (l.) r. br.,Apocynaceae,apocynaceae,,,NORMALIZED_ONLY,Scientific name change: CASE_ONLY. Family change: CASE_ONLY.,HIGH,NONE,,FALSE,https://mpbd.cu.ac.bd/plants.php?pageno=49
6cee2132cb38dc3d,Hyptis SUAVEOLENS (L.) Poit.,hyptis suaveolens (l.) poit.,Lamiaceae,lamiaceae,,,NORMALIZED_ONLY,Scientific name change: CASE_ONLY. Family change: CASE_ONLY.,HIGH,NONE,,FALSE,https://mpbd.cu.ac.bd/plants.php?pageno=49
715df0671acacc75,Hypericum JAPONICUM Thunb.,hypericum japonicum thunb.,Hypericaceae,hypericaceae,,,POTENTIAL_DUPLICATE,Normalized scientific name appears 2 times. Original change type: CASE_ONLY.,MEDIUM,NONE,,TRUE,https://mpbd.cu.ac.bd/plants.php?pageno=49
ccc1066a95383f74,Hymenodictyon ORIXENSIS (Roxb.) Mabberly,hymenodictyon orixensis (roxb.) mabberly,Rubiaceae,rubiaceae,,,NORMALIZED_ONLY,Scientific name change: CASE_ONLY. Family change: CASE_ONLY.,HIGH,NONE,,FALSE,https://mpbd.cu.ac.bd/plants.php?pageno=49
451bc6e0e49e90d5,Hygroryza ARISTATA (Retz.) Nees.,hygroryza aristata (retz.) nees.,Poaceae,poaceae,,,NORMALIZED_ONLY,Scientific name change: CASE_ONLY. Family change: CASE_ONLY.,HIGH,NONE,,FALSE,https://mpbd.cu.ac.bd/plants.php?pageno=49
b5f553e1261e6ec4,Hygrophila AURICULATA (Schum.) Heyne.,hygrophila auriculata (schum.) heyne.,Acanthaceae,acanthaceae,,,NORMALIZED_ONLY,Scientific name change: CASE_ONLY. Family change: CASE_ONLY.,HIGH,NONE,,FALSE,https://mpbd.cu.ac.bd/plants.php?pageno=49
2815d2e47e228aab,Hydrolea ZEYLANICA Vahl.,hydrolea zeylanica vahl.,Hydrophyllaceae,hydrophyllaceae,,,NORMALIZED_ONLY,Scientific name change: CASE_ONLY. Family change: CASE_ONLY.,HIGH,NONE,,FALSE,https://mpbd.cu.ac.bd/plants.php?pageno=49
45c63592ff92d782,Hydnocarpus KURZII (King.) Warb.,hydnocarpus kurzii (king.) warb.,Flacourtiaceae,flacourtiaceae,,,NORMALIZED_ONLY,Scientific name change: CASE_ONLY. Family change: CASE_ONLY.,HIGH,NONE,,FALSE,https://mpbd.cu.ac.bd/plants.php?pageno=50
4750200e5e39c14b,Hybanthus ENNEASPERMUS (L.) F. Muell.,hybanthus enneaspermus (l.) f. muell.,Violaceae,violaceae,,,NORMALIZED_ONLY,Scientific name change: CASE_ONLY. Family change: CASE_ONLY.,HIGH,NONE,,FALSE,https://mpbd.cu.ac.bd/plants.php?pageno=50
4c7910722cf3c7f8,Hoya PARASITICA Wall.,hoya parasitica wall.,Asclepiadaceae,asclepiadaceae,,,NORMALIZED_ONLY,Scientific name change: CASE_ONLY. Family change: CASE_ONLY.,HIGH,NONE,,FALSE,https://mpbd.cu.ac.bd/plants.php?pageno=50
eec8f6b5d4bfb915,Hopea ODORATA Roxb.,hopea odorata roxb.,Dipterocarpaceae,dipterocarpaceae,,,NORMALIZED_ONLY,Scientific name change: CASE_ONLY. Family change: CASE_ONLY.,HIGH,NONE,,FALSE,https://mpbd.cu.ac.bd/plants.php?pageno=50
37280784747b9816,Homalomena aromatica (Spreng.) Schott.,homalomena aromatica (spreng.) schott.,Araceae,araceae,,,NORMALIZED_ONLY,Scientific name change: CASE_ONLY. Family change: CASE_ONLY.,HIGH,NONE,,FALSE,https://mpbd.cu.ac.bd/plants.php?pageno=50
1d7e03e79af0e514,Holarrhena PUBESCENCE (Buch.-Ham.) Wall.,holarrhena pubescence (buch.-ham.) wall.,Apocynaceae,apocynaceae,,,NORMALIZED_ONLY,Scientific name change: CASE_ONLY. Family change: CASE_ONLY.,HIGH,NONE,,FALSE,https://mpbd.cu.ac.bd/plants.php?pageno=50
98f2c179993f5ba7,Hiptage BENGHALENSIS (L.) Kurz.,hiptage benghalensis (l.) kurz.,Malphigiaceae,malphigiaceae,,,NORMALIZED_ONLY,Scientific name change: CASE_ONLY. Family change: CASE_ONLY.,HIGH,NONE,,FALSE,https://mpbd.cu.ac.bd/plants.php?pageno=50
95fae3323d94322e,Hibiscus TILLIACEUS L.,hibiscus tilliaceus l.,Malvaceae,malvaceae,,,NORMALIZED_ONLY,Scientific name change: CASE_ONLY. Family change: CASE_ONLY.,HIGH,NONE,,FALSE,https://mpbd.cu.ac.bd/plants.php?pageno=50
91e7e5faa044cf76,Hibiscus SURATTENSIS L.,hibiscus surattensis l.,Malvaceae,malvaceae,,,NORMALIZED_ONLY,Scientific name change: CASE_ONLY. Family change: CASE_ONLY.,HIGH,NONE,,FALSE,https://mpbd.cu.ac.bd/plants.php?pageno=50
d72c0d887f8b2b0c,Hibiscus SABDARIFFA L.,hibiscus sabdariffa l.,Malvaceae,malvaceae,,,NORMALIZED_ONLY,Scientific name change: CASE_ONLY. Family change: CASE_ONLY.,HIGH,NONE,,FALSE,https://mpbd.cu.ac.bd/plants.php?pageno=50
47441732b5f7b632,Hibiscus ROSA-SINENSIS L.,hibiscus rosa-sinensis l.,Malvaceae,malvaceae,,,NORMALIZED_ONLY,Scientific name change: CASE_ONLY. Family change: CASE_ONLY.,HIGH,NONE,,FALSE,https://mpbd.cu.ac.bd/plants.php?pageno=51
f64fdcabbb56ac41,Hibiscus MUTABILIS L.,hibiscus mutabilis l.,Malvaceae,malvaceae,,,NORMALIZED_ONLY,Scientific name change: CASE_ONLY. Family change: CASE_ONLY.,HIGH,NONE,,FALSE,https://mpbd.cu.ac.bd/plants.php?pageno=51
cc3108e47e8fcc99,Hibiscus CANABINUS L.,hibiscus canabinus l.,Malvaceae,malvaceae,,,NORMALIZED_ONLY,Scientific name change: CASE_ONLY. Family change: CASE_ONLY.,HIGH,NONE,,FALSE,https://mpbd.cu.ac.bd/plants.php?pageno=51
f0a6b0ca58541a09,Schefflera hypoleuca (Kurz) Harms.,schefflera hypoleuca (kurz) harms.,Araliaceae,araliaceae,,,NORMALIZED_ONLY,Scientific name change: CASE_ONLY. Family change: CASE_ONLY.,HIGH,NONE,,FALSE,https://mpbd.cu.ac.bd/plants.php?pageno=51
ebe8db1444fdc98e,Hemigraphis HIRTA (Vahl.) And.,hemigraphis hirta (vahl.) and.,Acanthaceae,acanthaceae,,,NORMALIZED_ONLY,Scientific name change: CASE_ONLY. Family change: CASE_ONLY.,HIGH,NONE,,FALSE,https://mpbd.cu.ac.bd/plants.php?pageno=51
99b03ca76078d9bf,Hemidesmus INDICUS (L.) R. Br.,hemidesmus indicus (l.) r. br.,Asclepiadaceae,asclepiadaceae,,,NORMALIZED_ONLY,Scientific name change: CASE_ONLY. Family change: CASE_ONLY.,HIGH,NONE,,FALSE,https://mpbd.cu.ac.bd/plants.php?pageno=51
072ab7120ea47633,Helminthostachys ZEYLANICA L.,helminthostachys zeylanica l.,Helminthostachyaceae,helminthostachyaceae,,,NORMALIZED_ONLY,Scientific name change: CASE_ONLY. Family change: CASE_ONLY.,HIGH,NONE,,FALSE,https://mpbd.cu.ac.bd/plants.php?pageno=51
178721413b63dabc,Heliotropium INDICUM L.,heliotropium indicum l.,Boraginaceae,boraginaceae,,,NORMALIZED_ONLY,Scientific name change: CASE_ONLY. Family change: CASE_ONLY.,HIGH,NONE,,FALSE,https://mpbd.cu.ac.bd/plants.php?pageno=51
e6abf04952b9a51b,Helicteres ISORA L.,helicteres isora l.,Sterculiaceae,sterculiaceae,,,POTENTIAL_DUPLICATE,Normalized scientific name appears 2 times. Original change type: CASE_ONLY.,MEDIUM,NONE,,TRUE,https://mpbd.cu.ac.bd/plants.php?pageno=51
0128ae24fd439c54,Helianthus ANNUS L.,helianthus annus l.,Asteraceae,asteraceae,,,NORMALIZED_ONLY,Scientific name change: CASE_ONLY. Family change: CASE_ONLY.,HIGH,NONE,,FALSE,https://mpbd.cu.ac.bd/plants.php?pageno=51
75dcee7250803dee,Hedyotis SCANDENS Roxb.,hedyotis scandens roxb.,Rubiaceae,rubiaceae,,,NORMALIZED_ONLY,Scientific name change: CASE_ONLY. Family change: CASE_ONLY.,HIGH,NONE,,FALSE,https://mpbd.cu.ac.bd/plants.php?pageno=52
e33b9548bbf417a6,Oldenlandia diffusa (Willd.) Roxb.,oldenlandia diffusa (willd.) roxb.,Rubiaceae,rubiaceae,,,NORMALIZED_ONLY,Scientific name change: CASE_ONLY. Family change: CASE_ONLY.,HIGH,NONE,,FALSE,https://mpbd.cu.ac.bd/plants.php?pageno=52
4f3c3334c0d0aade,Oldenlandia corymbosa L.,oldenlandia corymbosa l.,Rubiaceae,rubiaceae,,,NORMALIZED_ONLY,Scientific name change: CASE_ONLY. Family change: CASE_ONLY.,HIGH,NONE,,FALSE,https://mpbd.cu.ac.bd/plants.php?pageno=52
266d5b7dcfd9472b,Hedychium CORONARIUM Koenig,hedychium coronarium koenig,Zingiberaceae,zingiberaceae,,,NORMALIZED_ONLY,Scientific name change: CASE_ONLY. Family change: CASE_ONLY.,HIGH,NONE,,FALSE,https://mpbd.cu.ac.bd/plants.php?pageno=52
0211dee47719876b,Peristylus constrictus (Lindl.) Lindl.,peristylus constrictus (lindl.) lindl.,Orchidaceae,orchidaceae,,,NORMALIZED_ONLY,Scientific name change: CASE_ONLY. Family change: CASE_ONLY.,HIGH,NONE,,FALSE,https://mpbd.cu.ac.bd/plants.php?pageno=52
bf5c052e26ca1c6c,Gynocardia ORORATA R. Br.,gynocardia ororata r. br.,Flacourtiaceae,flacourtiaceae,,,NORMALIZED_ONLY,Scientific name change: CASE_ONLY. Family change: CASE_ONLY.,HIGH,NONE,,FALSE,https://mpbd.cu.ac.bd/plants.php?pageno=52
3aa8ba4643c5ba5c,Gymnopetalum chinense (Lour.) Merr.,gymnopetalum chinense (lour.) merr.,Cucurbitaceae,cucurbitaceae,,,NORMALIZED_ONLY,Scientific name change: CASE_ONLY. Family change: CASE_ONLY.,HIGH,NONE,,FALSE,https://mpbd.cu.ac.bd/plants.php?pageno=52
75bdc89b34ed2ab6,Grewia asiatica L.,grewia asiatica l.,Tiliaceae,tiliaceae,,,NORMALIZED_ONLY,Scientific name change: CASE_ONLY. Family change: CASE_ONLY.,HIGH,NONE,,FALSE,https://mpbd.cu.ac.bd/plants.php?pageno=52
aff12816476eeaaa,Grewia SCLEROPHYLLA Roxb. ex Don.,grewia sclerophylla roxb. ex don.,Tiliaceae,tiliaceae,,,NORMALIZED_ONLY,Scientific name change: CASE_ONLY. Family change: CASE_ONLY.,HIGH,NONE,,FALSE,https://mpbd.cu.ac.bd/plants.php?pageno=52
3f2192a6fc976836,Grewia nervosa (Lour.) Panigrahi.,grewia nervosa (lour.) panigrahi.,Tiliaceae,tiliaceae,,,NORMALIZED_ONLY,Scientific name change: CASE_ONLY. Family change: CASE_ONLY.,HIGH,NONE,,FALSE,https://mpbd.cu.ac.bd/plants.php?pageno=52
1b34759babe79b99,Grangea MADERESPATANA (L.) Poir.,grangea maderespatana (l.) poir.,Asteraceae,asteraceae,,,NORMALIZED_ONLY,Scientific name change: CASE_ONLY. Family change: CASE_ONLY.,HIGH,NONE,,FALSE,https://mpbd.cu.ac.bd/plants.php?pageno=53
efaee0589c34a454,Gossypium HERBACIUM L.,gossypium herbacium l.,Malvaceae,malvaceae,,,NORMALIZED_ONLY,Scientific name change: CASE_ONLY. Family change: CASE_ONLY.,HIGH,NONE,,FALSE,https://mpbd.cu.ac.bd/plants.php?pageno=53
272753d497033423,Gomphrena GLOBOSA L.,gomphrena globosa l.,Amaranthaceae,amaranthaceae,,,NORMALIZED_ONLY,Scientific name change: CASE_ONLY. Family change: CASE_ONLY.,HIGH,NONE,,FALSE,https://mpbd.cu.ac.bd/plants.php?pageno=53
35356c28e0c57f57,Gnetum MONTANUM Markgraf,gnetum montanum markgraf,Gnetaceae,gnetaceae,,,NORMALIZED_ONLY,Scientific name change: CASE_ONLY. Family change: CASE_ONLY.,HIGH,NONE,,FALSE,https://mpbd.cu.ac.bd/plants.php?pageno=53
3273b99ea3aadfd1,Laphangium luteoalbum (L.) Tzvelev.,laphangium luteoalbum (l.) tzvelev.,Asteraceae,asteraceae,,,NORMALIZED_ONLY,Scientific name change: CASE_ONLY. Family change: CASE_ONLY.,HIGH,NONE,,FALSE,https://mpbd.cu.ac.bd/plants.php?pageno=53
327b09c76af2313d,Glycosmis PENTAPHYLLA (Retz.) A. DC.,glycosmis pentaphylla (retz.) a. dc.,Rutaceae,rutaceae,,,NORMALIZED_ONLY,Scientific name change: CASE_ONLY. Family change: CASE_ONLY.,HIGH,NONE,,FALSE,https://mpbd.cu.ac.bd/plants.php?pageno=53
3f3e3ef0f2b79ce4,Gmelina ARBOREA L.,gmelina arborea l.,Verbenaceae,verbenaceae,,,NORMALIZED_ONLY,Scientific name change: CASE_ONLY. Family change: CASE_ONLY.,HIGH,NONE,,FALSE,https://mpbd.cu.ac.bd/plants.php?pageno=53
3d90b2642a8f58e6,Gloriosa SUPERBA L.,gloriosa superba l.,Liliaceae,liliaceae,,,NORMALIZED_ONLY,Scientific name change: CASE_ONLY. Family change: CASE_ONLY.,HIGH,NONE,,FALSE,https://mpbd.cu.ac.bd/plants.php?pageno=53
16d44deb4104c6fa,Glochidion LANCEOLARIUM (Roxb.) Dalz.,glochidion lanceolarium (roxb.) dalz.,Euphorbiaceae,euphorbiaceae,,,NORMALIZED_ONLY,Scientific name change: CASE_ONLY. Family change: CASE_ONLY.,HIGH,NONE,,FALSE,https://mpbd.cu.ac.bd/plants.php?pageno=53
fb8b4314141daaa4,Glinus OPPOSITIFOLIUS (L.) A. DC.,glinus oppositifolius (l.) a. dc.,Molluginaceae,molluginaceae,,,NORMALIZED_ONLY,Scientific name change: CASE_ONLY. Family change: CASE_ONLY.,HIGH,NONE,,FALSE,https://mpbd.cu.ac.bd/plants.php?pageno=53
2a638e2ba04c4050,Garuga PINNATA Roxb.,garuga pinnata roxb.,Burseraceae,burseraceae,,,NORMALIZED_ONLY,Scientific name change: CASE_ONLY. Family change: CASE_ONLY.,HIGH,NONE,,FALSE,https://mpbd.cu.ac.bd/plants.php?pageno=54
def78cd369093185,Gardenia RESINIFERA Roth.,gardenia resinifera roth.,Rubiaceae,rubiaceae,,,NORMALIZED_ONLY,Scientific name change: CASE_ONLY. Family change: CASE_ONLY.,HIGH,NONE,,FALSE,https://mpbd.cu.ac.bd/plants.php?pageno=54
da7f7a7ed7caa357,Gardenia JASMINOIDES Ellis.,gardenia jasminoides ellis.,Rubiaceae,rubiaceae,,,NORMALIZED_ONLY,Scientific name change: CASE_ONLY. Family change: CASE_ONLY.,HIGH,NONE,,FALSE,https://mpbd.cu.ac.bd/plants.php?pageno=54
80446779b4fa636b,Gardenia CORONARIA Ham.,gardenia coronaria ham.,Rubiaceae,rubiaceae,,,NORMALIZED_ONLY,Scientific name change: CASE_ONLY. Family change: CASE_ONLY.,HIGH,NONE,,FALSE,https://mpbd.cu.ac.bd/plants.php?pageno=54
ca59865a9ba27e90,Ceriscoides campanulata (Roxb.) Tirveng,ceriscoides campanulata (roxb.) tirveng,Rubiaceae,rubiaceae,,,NORMALIZED_ONLY,Scientific name change: CASE_ONLY. Family change: CASE_ONLY.,HIGH,NONE,,FALSE,https://mpbd.cu.ac.bd/plants.php?pageno=54
1f02840c2b902603,Garcinia XANTHOCHYMUS Hook. f.,garcinia xanthochymus hook. f.,Clusiaceae,clusiaceae,,,NORMALIZED_ONLY,Scientific name change: CASE_ONLY. Family change: CASE_ONLY.,HIGH,NONE,,FALSE,https://mpbd.cu.ac.bd/plants.php?pageno=54
bed1f9a64e6de812,Garcinia COWA Roxb.,garcinia cowa roxb.,Clusiaceae,clusiaceae,,,NORMALIZED_ONLY,Scientific name change: CASE_ONLY. Family change: CASE_ONLY.,HIGH,NONE,,FALSE,https://mpbd.cu.ac.bd/plants.php?pageno=54
39ae82f0e3fd3d5e,Foeniculum VULGARE Mill.,foeniculum vulgare mill.,Apiaceae,apiaceae,,,NORMALIZED_ONLY,Scientific name change: CASE_ONLY. Family change: CASE_ONLY.,HIGH,NONE,,FALSE,https://mpbd.cu.ac.bd/plants.php?pageno=54
1215649e39696b8d,Floscopa SCANDENS Lour.,floscopa scandens lour.,Commelinaceae,commelinaceae,,,NORMALIZED_ONLY,Scientific name change: CASE_ONLY. Family change: CASE_ONLY.,HIGH,NONE,,FALSE,https://mpbd.cu.ac.bd/plants.php?pageno=54
ab661445f1e84648,Flemingia STROBILIFERA R.Br.,flemingia strobilifera r.br.,Fabaceae,fabaceae,,,NORMALIZED_ONLY,Scientific name change: CASE_ONLY. Family change: CASE_ONLY.,HIGH,NONE,,FALSE,https://mpbd.cu.ac.bd/plants.php?pageno=54
7a9c0ab0b78779b0,Flemingia MACROPHYLLA (Willd.) O.Ktze. ex Merr.,flemingia macrophylla (willd.) o.ktze. ex merr.,Fabaceae,fabaceae,,,NORMALIZED_ONLY,Scientific name change: CASE_ONLY. Family change: CASE_ONLY.,HIGH,NONE,,FALSE,https://mpbd.cu.ac.bd/plants.php?pageno=55
0e830e440d18a061,Flacourtia JANGOMAS (Lour.) Raeus.,flacourtia jangomas (lour.) raeus.,Flacourtiaceae,flacourtiaceae,,,NORMALIZED_ONLY,Scientific name change: CASE_ONLY. Family change: CASE_ONLY.,HIGH,NONE,,FALSE,https://mpbd.cu.ac.bd/plants.php?pageno=55
6a1a3289a8efedae,Flacourtia INDICA (Burm.f.) Merr.,flacourtia indica (burm.f.) merr.,Flacourtiaceae,flacourtiaceae,,,NORMALIZED_ONLY,Scientific name change: CASE_ONLY. Family change: CASE_ONLY.,HIGH,NONE,,FALSE,https://mpbd.cu.ac.bd/plants.php?pageno=55
ae6b9f0bbb86b92b,Firmiana COLORATA R. Br.,firmiana colorata r. br.,Sterculiaceae,sterculiaceae,,,NORMALIZED_ONLY,Scientific name change: CASE_ONLY. Family change: CASE_ONLY.,HIGH,NONE,,FALSE,https://mpbd.cu.ac.bd/plants.php?pageno=55
b73778a1a703736c,Ficus SEMICORDATA Buch.-Ham. ex Smith.,ficus semicordata buch.-ham. ex smith.,Moraceae,moraceae,,,NORMALIZED_ONLY,Scientific name change: CASE_ONLY. Family change: CASE_ONLY.,HIGH,NONE,,FALSE,https://mpbd.cu.ac.bd/plants.php?pageno=55
855663b48818df1a,Ficus RELIGIOSA L.,ficus religiosa l.,Moraceae,moraceae,,,NORMALIZED_ONLY,Scientific name change: CASE_ONLY. Family change: CASE_ONLY.,HIGH,NONE,,FALSE,https://mpbd.cu.ac.bd/plants.php?pageno=55
8767e068fbbd5d04,Ficus RACEMOSA L.,ficus racemosa l.,Moraceae,moraceae,,,POTENTIAL_DUPLICATE,Normalized scientific name appears 2 times. Original change type: CASE_ONLY.,MEDIUM,NONE,,TRUE,https://mpbd.cu.ac.bd/plants.php?pageno=55
7093d17e29704ec0,Ficus HISPIDA L. f.,ficus hispida l. f.,Moraceae,moraceae,,,NORMALIZED_ONLY,Scientific name change: CASE_ONLY. Family change: CASE_ONLY.,HIGH,NONE,,FALSE,https://mpbd.cu.ac.bd/plants.php?pageno=55
2d47e4b7c8ba051f,Ficus BENJAMINA L. var. comosa (Roxb.) Kurz.,ficus benjamina l. var. comosa (roxb.) kurz.,Moraceae,moraceae,,,NORMALIZED_ONLY,Scientific name change: CASE_ONLY. Family change: CASE_ONLY.,HIGH,NONE,,FALSE,https://mpbd.cu.ac.bd/plants.php?pageno=55
f89a889a3c8cc273,Ficus BENGHALENSIS L.,ficus benghalensis l.,Moraceae,moraceae,,,NORMALIZED_ONLY,Scientific name change: CASE_ONLY. Family change: CASE_ONLY.,HIGH,NONE,,FALSE,https://mpbd.cu.ac.bd/plants.php?pageno=55
3d0900bbdd65e0ce,Feronia LIMONIA (L.) Sw.,feronia limonia (l.) sw.,Rutaceae,rutaceae,,,NORMALIZED_ONLY,Scientific name change: CASE_ONLY. Family change: CASE_ONLY.,HIGH,NONE,,FALSE,https://mpbd.cu.ac.bd/plants.php?pageno=56
d19e6ff3a21efb7d,Shirakiopsis indica (Willd.) Esser,shirakiopsis indica (willd.) esser,Euphorbiaceae,euphorbiaceae,,,NORMALIZED_ONLY,Scientific name change: CASE_ONLY. Family change: CASE_ONLY.,HIGH,NONE,,FALSE,https://mpbd.cu.ac.bd/plants.php?pageno=56
ca910afac448a154,Excoecaria AGALLOCHA L.,excoecaria agallocha l.,Euphorbiaceae,euphorbiaceae,,,NORMALIZED_ONLY,Scientific name change: CASE_ONLY. Family change: CASE_ONLY.,HIGH,NONE,,FALSE,https://mpbd.cu.ac.bd/plants.php?pageno=56
4590c84e2edb5872,Euryale FEROX Salisb.,euryale ferox salisb.,Nymphaeaceae,nymphaeaceae,,,POTENTIAL_DUPLICATE,Normalized scientific name appears 2 times. Original change type: CASE_ONLY.,MEDIUM,NONE,,TRUE,https://mpbd.cu.ac.bd/plants.php?pageno=56
076c84cbff43aa2b,Eurya ACUMINATA DC.,eurya acuminata dc.,Theaceae,theaceae,,,NORMALIZED_ONLY,Scientific name change: CASE_ONLY. Family change: CASE_ONLY.,HIGH,NONE,,FALSE,https://mpbd.cu.ac.bd/plants.php?pageno=56
53590d773e45aa0a,Euphorbia TIRUCALLI L.,euphorbia tirucalli l.,Euphorbiaceae,euphorbiaceae,,,NORMALIZED_ONLY,Scientific name change: CASE_ONLY. Family change: CASE_ONLY.,HIGH,NONE,,FALSE,https://mpbd.cu.ac.bd/plants.php?pageno=56
6df75b6c18c7c7c4,Euphorbia THYMIFOLIA Burm. f.,euphorbia thymifolia burm. f.,Euphorbiaceae,euphorbiaceae,,,NORMALIZED_ONLY,Scientific name change: CASE_ONLY. Family change: CASE_ONLY.,HIGH,NONE,,FALSE,https://mpbd.cu.ac.bd/plants.php?pageno=56
5bc9677a6ba8c4ec,Euphorbia HIRTA L.,euphorbia hirta l.,Euphorbiaceae,euphorbiaceae,,,NORMALIZED_ONLY,Scientific name change: CASE_ONLY. Family change: CASE_ONLY.,HIGH,NONE,,FALSE,https://mpbd.cu.ac.bd/plants.php?pageno=56
0a78d956e8e3b3bf,Euphorbia ANTIQUORUM L.,euphorbia antiquorum l.,Euphorbiaceae,euphorbiaceae,,,NORMALIZED_ONLY,Scientific name change: CASE_ONLY. Family change: CASE_ONLY.,HIGH,NONE,,FALSE,https://mpbd.cu.ac.bd/plants.php?pageno=56
db8f7a34c6d19050,Ayapana triplinervis (Vahl) R.M.King & H.Rob.,ayapana triplinervis (vahl) r.m.king & h.rob.,Asteraceae,asteraceae,,,NORMALIZED_ONLY,Scientific name change: CASE_ONLY. Family change: CASE_ONLY.,HIGH,NONE,,FALSE,https://mpbd.cu.ac.bd/plants.php?pageno=56
623a51f22589529c,Eupatorium ODORATUM L.,eupatorium odoratum l.,Asteraceae,asteraceae,,,NORMALIZED_ONLY,Scientific name change: CASE_ONLY. Family change: CASE_ONLY.,HIGH,NONE,,FALSE,https://mpbd.cu.ac.bd/plants.php?pageno=57
0dbbfc3ff92d5851,Graphorchis campestris (Wall.) Kuntze,graphorchis campestris (wall.) kuntze,Orchidaceae,orchidaceae,,,NORMALIZED_ONLY,Scientific name change: CASE_ONLY. Family change: CASE_ONLY.,HIGH,NONE,,FALSE,https://mpbd.cu.ac.bd/plants.php?pageno=57
9142eea1bf5461b1,Etlingera LINGUIFORMIS (Roxb.) R.M. Smith,etlingera linguiformis (roxb.) r.m. smith,Zingiberaceae,zingiberaceae,,,NORMALIZED_ONLY,Scientific name change: CASE_ONLY. Family change: CASE_ONLY.,HIGH,NONE,,FALSE,https://mpbd.cu.ac.bd/plants.php?pageno=57
506ed35157f3a1b6,Erythrina VARIEGATA L. var. orientalis (L.) Merr.,erythrina variegata l. var. orientalis (l.) merr.,Fabaceae,fabaceae,,,NORMALIZED_ONLY,Scientific name change: CASE_ONLY. Family change: CASE_ONLY.,HIGH,NONE,,FALSE,https://mpbd.cu.ac.bd/plants.php?pageno=57
999551fc8acff4fc,Hippochaete debilis (Roxb. ex Vaucher) Ching.,hippochaete debilis (roxb. ex vaucher) ching.,Equisetaceae,equisetaceae,,,NORMALIZED_ONLY,Scientific name change: CASE_ONLY. Family change: CASE_ONLY.,HIGH,NONE,,FALSE,https://mpbd.cu.ac.bd/plants.php?pageno=57
8cdf9e8045c989ba,Entada rheedii Spreng.,entada rheedii spreng.,Mimosaceae,mimosaceae,,,NORMALIZED_ONLY,Scientific name change: CASE_ONLY. Family change: CASE_ONLY.,HIGH,NONE,,FALSE,https://mpbd.cu.ac.bd/plants.php?pageno=57
0d568541e9203015,Cissampelos PAREIRA L. Var. hirsuta (Buch. ex Dc.) Forman,cissampelos pareira l. var. hirsuta (buch. ex dc.) forman,Menispermaceae,menispermaceae,,,NORMALIZED_ONLY,Scientific name change: CASE_ONLY. Family change: CASE_ONLY.,HIGH,NONE,,FALSE,https://mpbd.cu.ac.bd/plants.php?pageno=57
733b8709ac774ae9,Cissus ADNATA Roxb.,cissus adnata roxb.,Vitaceae,vitaceae,,,NORMALIZED_ONLY,Scientific name change: CASE_ONLY. Family change: CASE_ONLY.,HIGH,NONE,,FALSE,https://mpbd.cu.ac.bd/plants.php?pageno=57
32a0936e4fc9288d,Enhydra FLUCTUANS Lour.,enhydra fluctuans lour.,Asteraceae,asteraceae,,,NORMALIZED_ONLY,Scientific name change: CASE_ONLY. Family change: CASE_ONLY.,HIGH,NONE,,FALSE,https://mpbd.cu.ac.bd/plants.php?pageno=57
dbeae08aa42f2ff8,Emilia SONCHIFOLIA DC. ex DC.,emilia sonchifolia dc. ex dc.,Asteraceae,asteraceae,,,NORMALIZED_ONLY,Scientific name change: CASE_ONLY. Family change: CASE_ONLY.,HIGH,NONE,,FALSE,https://mpbd.cu.ac.bd/plants.php?pageno=57
6ab7ff6ca0cbebc5,Embelia RIBES Burm. f.,embelia ribes burm. f.,Myrsinaceae,myrsinaceae,,,NORMALIZED_ONLY,Scientific name change: CASE_ONLY. Family change: CASE_ONLY.,HIGH,NONE,,FALSE,https://mpbd.cu.ac.bd/plants.php?pageno=58
dbdaa65f701a98cd,Elsholtzia stachyodes (Link) Raizada & H.O.Saxena,elsholtzia stachyodes (link) raizada & h.o.saxena,Lamiaceae,lamiaceae,,,NORMALIZED_ONLY,Scientific name change: CASE_ONLY. Family change: CASE_ONLY.,HIGH,NONE,,FALSE,https://mpbd.cu.ac.bd/plants.php?pageno=58
9fed327e842f5442,Eleusine INDICA (L.) Gaertn.,eleusine indica (l.) gaertn.,Poaceae,poaceae,,,NORMALIZED_ONLY,Scientific name change: CASE_ONLY. Family change: CASE_ONLY.,HIGH,NONE,,FALSE,https://mpbd.cu.ac.bd/plants.php?pageno=58
1e84c5039282242d,Elephantopus SCABER L.,elephantopus scaber l.,Asteraceae,asteraceae,,,NORMALIZED_ONLY,Scientific name change: CASE_ONLY. Family change: CASE_ONLY.,HIGH,NONE,,FALSE,https://mpbd.cu.ac.bd/plants.php?pageno=58
1f2e38dcb0158289,Elaeocarpus SPHAERICUS (Gaertn.) K. Schum.,elaeocarpus sphaericus (gaertn.) k. schum.,Elaeocarpaceae,elaeocarpaceae,,,NORMALIZED_ONLY,Scientific name change: CASE_ONLY. Family change: CASE_ONLY.,HIGH,NONE,,FALSE,https://mpbd.cu.ac.bd/plants.php?pageno=58
11db062650f2e7e2,Elaeocarpus FLORIBUNDUS Blume.,elaeocarpus floribundus blume.,Elaeocarpaceae,elaeocarpaceae,,,NORMALIZED_ONLY,Scientific name change: CASE_ONLY. Family change: CASE_ONLY.,HIGH,NONE,,FALSE,https://mpbd.cu.ac.bd/plants.php?pageno=58
f1d0b1f8eab08710,Eichhornia CRASSIPES (Mart.) Solms.,eichhornia crassipes (mart.) solms.,Pontederiaceae,pontederiaceae,,,NORMALIZED_ONLY,Scientific name change: CASE_ONLY. Family change: CASE_ONLY.,HIGH,NONE,,FALSE,https://mpbd.cu.ac.bd/plants.php?pageno=58
7c590ed0e9bb9a4b,Ecbolium VIRIDE (Forsk.) Alst.,ecbolium viride (forsk.) alst.,Acanthaceae,acanthaceae,,,NORMALIZED_ONLY,Scientific name change: CASE_ONLY. Family change: CASE_ONLY.,HIGH,NONE,,FALSE,https://mpbd.cu.ac.bd/plants.php?pageno=58
f834119288eb87d4,Dysoxylum HAMILTONII Hiern.,dysoxylum hamiltonii hiern.,Meliaceae,meliaceae,,,NORMALIZED_ONLY,Scientific name change: CASE_ONLY. Family change: CASE_ONLY.,HIGH,NONE,,FALSE,https://mpbd.cu.ac.bd/plants.php?pageno=58
6167e48da35ecacb,Pogostemon auricularius (L.) Hassk.,pogostemon auricularius (l.) hassk.,Lamiaceae,lamiaceae,,,NORMALIZED_ONLY,Scientific name change: CASE_ONLY. Family change: CASE_ONLY.,HIGH,NONE,,FALSE,https://mpbd.cu.ac.bd/plants.php?pageno=59
35c3032afab895ac,Putranjiva roxburghii Wall.,putranjiva roxburghii wall.,Euphorbiaceae,euphorbiaceae,,,NORMALIZED_ONLY,Scientific name change: CASE_ONLY. Family change: CASE_ONLY.,HIGH,NONE,,FALSE,https://mpbd.cu.ac.bd/plants.php?pageno=59
60d1b5be1bce0468,Drynaria QUERCIFOLIA (L.) J. Sm.,drynaria quercifolia (l.) j. sm.,Drynariaceae,drynariaceae,,,NORMALIZED_ONLY,Scientific name change: CASE_ONLY. Family change: CASE_ONLY.,HIGH,NONE,,FALSE,https://mpbd.cu.ac.bd/plants.php?pageno=59
1a6b9739486c8d23,Drosera BURMANII Vahl.,drosera burmanii vahl.,Droseraceae,droseraceae,,,NORMALIZED_ONLY,Scientific name change: CASE_ONLY. Family change: CASE_ONLY.,HIGH,NONE,,FALSE,https://mpbd.cu.ac.bd/plants.php?pageno=59
1d60aa0519af9af4,Dodonaea VISCOSA (L.) Jacq.,dodonaea viscosa (l.) jacq.,Sapindaceae,sapindaceae,,,NORMALIZED_ONLY,Scientific name change: CASE_ONLY. Family change: CASE_ONLY.,HIGH,NONE,,FALSE,https://mpbd.cu.ac.bd/plants.php?pageno=59
fc398ac2a1b2c2c9,Dipterocarpus TURBINATUS C.F Gaertn.,dipterocarpus turbinatus c.f gaertn.,Dipterocarpaceae,dipterocarpaceae,,,NORMALIZED_ONLY,Scientific name change: CASE_ONLY. Family change: CASE_ONLY.,HIGH,NONE,,FALSE,https://mpbd.cu.ac.bd/plants.php?pageno=59
45157b666859a320,Dipterocarpus GRACILIS Bl.,dipterocarpus gracilis bl.,Dipterocarpaceae,dipterocarpaceae,,,NORMALIZED_ONLY,Scientific name change: CASE_ONLY. Family change: CASE_ONLY.,HIGH,NONE,,FALSE,https://mpbd.cu.ac.bd/plants.php?pageno=59
a086b7345eb83bdf,Dipterocarpus ALATUS Roxb. ex G. Don.,dipterocarpus alatus roxb. ex g. don.,Dipterocarpaceae,dipterocarpaceae,,,NORMALIZED_ONLY,Scientific name change: CASE_ONLY. Family change: CASE_ONLY.,HIGH,NONE,,FALSE,https://mpbd.cu.ac.bd/plants.php?pageno=59
95e764b7fb353a9f,Diploclisia GLAUCESCENS (Bl.) Diels.,diploclisia glaucescens (bl.) diels.,Menispermaceae,menispermaceae,,,NORMALIZED_ONLY,Scientific name change: CASE_ONLY. Family change: CASE_ONLY.,HIGH,NONE,,FALSE,https://mpbd.cu.ac.bd/plants.php?pageno=59
a23455a3eae98fb8,Diospyros MONTANA Roxb. Var. CORDIFOLIA (Roxb.) Heirn.,diospyros montana roxb. var. cordifolia (roxb.) heirn.,Ebenaceae,ebenaceae,,,NORMALIZED_ONLY,Scientific name change: CASE_ONLY. Family change: CASE_ONLY.,HIGH,NONE,,FALSE,https://mpbd.cu.ac.bd/plants.php?pageno=59
a3ae859b03f52474,Diospyros MALABARICA (Desr.) Kostel,diospyros malabarica (desr.) kostel,Ebenaceae,ebenaceae,,,NORMALIZED_ONLY,Scientific name change: CASE_ONLY. Family change: CASE_ONLY.,HIGH,NONE,,FALSE,https://mpbd.cu.ac.bd/plants.php?pageno=60
47c51c21b25bfe8f,Diosocorea PENTAPHYLLA L.,diosocorea pentaphylla l.,Dioscoreaceae,dioscoreaceae,,,NORMALIZED_ONLY,Scientific name change: CASE_ONLY. Family change: CASE_ONLY.,HIGH,NONE,,FALSE,https://mpbd.cu.ac.bd/plants.php?pageno=60
5300b028a27b9a5f,Dioscorea HISPIDA Dennstedt,dioscorea hispida dennstedt,Dioscoreaceae,dioscoreaceae,,,NORMALIZED_ONLY,Scientific name change: CASE_ONLY. Family change: CASE_ONLY.,HIGH,NONE,,FALSE,https://mpbd.cu.ac.bd/plants.php?pageno=60
9b4889d8420a1aa7,Dioscorea HAMILTONII Hook. f.,dioscorea hamiltonii hook. f.,Dioscoreaceae,dioscoreaceae,,,NORMALIZED_ONLY,Scientific name change: CASE_ONLY. Family change: CASE_ONLY.,HIGH,NONE,,FALSE,https://mpbd.cu.ac.bd/plants.php?pageno=60
d8f2f155be8c814f,Dioscorea BULBIFERA L.,dioscorea bulbifera l.,Dioscoreaceae,dioscoreaceae,,,NORMALIZED_ONLY,Scientific name change: CASE_ONLY. Family change: CASE_ONLY.,HIGH,NONE,,FALSE,https://mpbd.cu.ac.bd/plants.php?pageno=60
042a20131e267826,Dioscorea BELOPHYLLA (Prain) Haines,dioscorea belophylla (prain) haines,Dioscoriaceae,dioscoriaceae,,,NORMALIZED_ONLY,Scientific name change: CASE_ONLY. Family change: CASE_ONLY.,HIGH,NONE,,FALSE,https://mpbd.cu.ac.bd/plants.php?pageno=60
a294cb8d216eb24e,Dioscorea ALATA L.,dioscorea alata l.,Dioscoreaceae,dioscoreaceae,,,NORMALIZED_ONLY,Scientific name change: CASE_ONLY. Family change: CASE_ONLY.,HIGH,NONE,,FALSE,https://mpbd.cu.ac.bd/plants.php?pageno=60
96f5d782b8aaa5f4,Dimocarpus LONGAN Lamk.,dimocarpus longan lamk.,Sapindaceae,sapindaceae,,,NORMALIZED_ONLY,Scientific name change: CASE_ONLY. Family change: CASE_ONLY.,HIGH,NONE,,FALSE,https://mpbd.cu.ac.bd/plants.php?pageno=60
a79d5a8744db7efd,Dillenia PENTAGYNA Roxb.,dillenia pentagyna roxb.,Dilleniaceae,dilleniaceae,,,NORMALIZED_ONLY,Scientific name change: CASE_ONLY. Family change: CASE_ONLY.,HIGH,NONE,,FALSE,https://mpbd.cu.ac.bd/plants.php?pageno=60
ef64c9478b7f6054,Dillenia INDICA L.,dillenia indica l.,Dilleniaceae,dilleniaceae,,,POTENTIAL_DUPLICATE,Normalized scientific name appears 2 times. Original change type: CASE_ONLY.,MEDIUM,NONE,,TRUE,https://mpbd.cu.ac.bd/plants.php?pageno=60
31dc2d7b5a64554a,Digera ALTERNIFOLIA Asch.,digera alternifolia asch.,Amaranthaceae,amaranthaceae,,,NORMALIZED_ONLY,Scientific name change: CASE_ONLY. Family change: CASE_ONLY.,HIGH,NONE,,FALSE,https://mpbd.cu.ac.bd/plants.php?pageno=61
fa921d4f28094803,Desmodium TRIFLORUM (L.) DC.,desmodium triflorum (l.) dc.,Fabeceae,fabeceae,,,NORMALIZED_ONLY,Scientific name change: CASE_ONLY. Family change: CASE_ONLY.,HIGH,NONE,,FALSE,https://mpbd.cu.ac.bd/plants.php?pageno=61
c1e1bcd3f1c7acd0,Desmodium styracifolium (Osbeck) Merr.,desmodium styracifolium (osbeck) merr.,Fabeceae,fabeceae,,,NORMALIZED_ONLY,Scientific name change: CASE_ONLY. Family change: CASE_ONLY.,HIGH,NONE,,FALSE,https://mpbd.cu.ac.bd/plants.php?pageno=61
37202bb02d21f929,Phyllodium PULCHELLUM (L.) Desv.,phyllodium pulchellum (l.) desv.,Fabeceae,fabeceae,,,NORMALIZED_ONLY,Scientific name change: CASE_ONLY. Family change: CASE_ONLY.,HIGH,NONE,,FALSE,https://mpbd.cu.ac.bd/plants.php?pageno=61
91231bcea7ca52d2,Desmodium HETEROCARPON (L.) A. DC.,desmodium heterocarpon (l.) a. dc.,Fabeceae,fabeceae,,,NORMALIZED_ONLY,Scientific name change: CASE_ONLY. Family change: CASE_ONLY.,HIGH,NONE,,FALSE,https://mpbd.cu.ac.bd/plants.php?pageno=61
1fce6f82d8ed7368,Desmodium GANGETICUM (L.) DC.,desmodium gangeticum (l.) dc.,Fabeceae,fabeceae,,,NORMALIZED_ONLY,Scientific name change: CASE_ONLY. Family change: CASE_ONLY.,HIGH,NONE,,FALSE,https://mpbd.cu.ac.bd/plants.php?pageno=61
b214d5757076a7e6,Derris TRIFOLIATA Lour.,derris trifoliata lour.,Fabeceae,fabeceae,,,NORMALIZED_ONLY,Scientific name change: CASE_ONLY. Family change: CASE_ONLY.,HIGH,NONE,,FALSE,https://mpbd.cu.ac.bd/plants.php?pageno=61
271669a70de175c6,Derris ROBUSTA Benth.,derris robusta benth.,Fabeceae,fabeceae,,,NORMALIZED_ONLY,Scientific name change: CASE_ONLY. Family change: CASE_ONLY.,HIGH,NONE,,FALSE,https://mpbd.cu.ac.bd/plants.php?pageno=61
1ce81cafbefa98a6,Derris INDICA (Lamk.) Bennet.,derris indica (lamk.) bennet.,Fabaceae,fabaceae,,,NORMALIZED_ONLY,Scientific name change: CASE_ONLY. Family change: CASE_ONLY.,HIGH,NONE,,FALSE,https://mpbd.cu.ac.bd/plants.php?pageno=61
4b30586121066f09,Derris ELLIPTICA Benth.,derris elliptica benth.,Fabeceae,fabeceae,,,NORMALIZED_ONLY,Scientific name change: CASE_ONLY. Family change: CASE_ONLY.,HIGH,NONE,,FALSE,https://mpbd.cu.ac.bd/plants.php?pageno=61
53c76d540776c064,Dendrophthoe FALCATA (L. f.) Ett.,dendrophthoe falcata (l. f.) ett.,Loranthaceae,loranthaceae,,,NORMALIZED_ONLY,Scientific name change: CASE_ONLY. Family change: CASE_ONLY.,HIGH,NONE,,FALSE,https://mpbd.cu.ac.bd/plants.php?pageno=62
ca7f2964dae69b7c,Dendrocalamus STRICTUS (Roxb.) Nees.,dendrocalamus strictus (roxb.) nees.,Poaceae,poaceae,,,NORMALIZED_ONLY,Scientific name change: CASE_ONLY. Family change: CASE_ONLY.,HIGH,NONE,,FALSE,https://mpbd.cu.ac.bd/plants.php?pageno=62
7692781ddb5952d8,Daucus CAROTA L.,daucus carota l.,Apiaceae,apiaceae,,,NORMALIZED_ONLY,Scientific name change: CASE_ONLY. Family change: CASE_ONLY.,HIGH,NONE,,FALSE,https://mpbd.cu.ac.bd/plants.php?pageno=62
bcc1f06d8753c765,Datura METEL L.,datura metel l.,Solanaceae,solanaceae,,,NORMALIZED_ONLY,Scientific name change: CASE_ONLY. Family change: CASE_ONLY.,HIGH,NONE,,FALSE,https://mpbd.cu.ac.bd/plants.php?pageno=62
067db8a3dc2784fd,Dalbergia VOLUBILIS Roxb.,dalbergia volubilis roxb.,Fabaceae,fabaceae,,,NORMALIZED_ONLY,Scientific name change: CASE_ONLY. Family change: CASE_ONLY.,HIGH,NONE,,FALSE,https://mpbd.cu.ac.bd/plants.php?pageno=62
bebe76b7b9853eec,Dalbergia STIPULACEA Roxb.,dalbergia stipulacea roxb.,Fabaceae,fabaceae,,,NORMALIZED_ONLY,Scientific name change: CASE_ONLY. Family change: CASE_ONLY.,HIGH,NONE,,FALSE,https://mpbd.cu.ac.bd/plants.php?pageno=62
e45f09d9c17aecc0,Dalbergia SPINOSA Roxb.,dalbergia spinosa roxb.,Fabaceae,fabaceae,,,NORMALIZED_ONLY,Scientific name change: CASE_ONLY. Family change: CASE_ONLY.,HIGH,NONE,,FALSE,https://mpbd.cu.ac.bd/plants.php?pageno=62
6d519b03f1cba53c,Dalbergia SISSOO Roxb.,dalbergia sissoo roxb.,Fabaceae,fabaceae,,,NORMALIZED_ONLY,Scientific name change: CASE_ONLY. Family change: CASE_ONLY.,HIGH,NONE,,FALSE,https://mpbd.cu.ac.bd/plants.php?pageno=62
ce58bd2a4193ee61,Dalbergia LATIFOLIA Roxb.,dalbergia latifolia roxb.,Fabaceae,fabaceae,,,NORMALIZED_ONLY,Scientific name change: CASE_ONLY. Family change: CASE_ONLY.,HIGH,NONE,,FALSE,https://mpbd.cu.ac.bd/plants.php?pageno=62
1a53aae86e9ecab5,Dalbergia LANCEOLARIA L.,dalbergia lanceolaria l.,Fabaceae,fabaceae,,,NORMALIZED_ONLY,Scientific name change: CASE_ONLY. Family change: CASE_ONLY.,HIGH,NONE,,FALSE,https://mpbd.cu.ac.bd/plants.php?pageno=62
dae057e3d10bd838,Dactyloctenium AEGYPTIUM (L.) Beauv.,dactyloctenium aegyptium (l.) beauv.,Poaceae,poaceae,,,NORMALIZED_ONLY,Scientific name change: CASE_ONLY. Family change: CASE_ONLY.,HIGH,NONE,,FALSE,https://mpbd.cu.ac.bd/plants.php?pageno=63
b6e05ccd9fcc61e9,Cyperus SCARIOSUS Br.,cyperus scariosus br.,Cyperaceae,cyperaceae,,,NORMALIZED_ONLY,Scientific name change: CASE_ONLY. Family change: CASE_ONLY.,HIGH,NONE,,FALSE,https://mpbd.cu.ac.bd/plants.php?pageno=63
4f91d682f408564b,Cyperus ROTUNDUS L.,cyperus rotundus l.,Cyperaceae,cyperaceae,,,NORMALIZED_ONLY,Scientific name change: CASE_ONLY. Family change: CASE_ONLY.,HIGH,NONE,,FALSE,https://mpbd.cu.ac.bd/plants.php?pageno=63
c9411ba6701995db,Cyperus IRIA L.,cyperus iria l.,Cyperaceae,cyperaceae,,,NORMALIZED_ONLY,Scientific name change: CASE_ONLY. Family change: CASE_ONLY.,HIGH,NONE,,FALSE,https://mpbd.cu.ac.bd/plants.php?pageno=63
c673bf046dab7daf,Cyperus ARTICULATUS L.,cyperus articulatus l.,Cyperaceae,cyperaceae,,,NORMALIZED_ONLY,Scientific name change: CASE_ONLY. Family change: CASE_ONLY.,HIGH,NONE,,FALSE,https://mpbd.cu.ac.bd/plants.php?pageno=63
1834cd8f5ebbddee,Cynometra RAMIFLORA L.,cynometra ramiflora l.,Caesalpinaeae,caesalpinaeae,,,NORMALIZED_ONLY,Scientific name change: CASE_ONLY. Family change: CASE_ONLY.,HIGH,NONE,,FALSE,https://mpbd.cu.ac.bd/plants.php?pageno=63
5127b176b81982de,Cynodon DACTYLON (L.)Pers.,cynodon dactylon (l.)pers.,Poaceae,poaceae,,,NORMALIZED_ONLY,Scientific name change: CASE_ONLY. Family change: CASE_ONLY.,HIGH,NONE,,FALSE,https://mpbd.cu.ac.bd/plants.php?pageno=63
9d1ae0ae7d87cc2c,Cymbopogon CITRATUS (DC.) Stapf.,cymbopogon citratus (dc.) stapf.,Poaceae,poaceae,,,NORMALIZED_ONLY,Scientific name change: CASE_ONLY. Family change: CASE_ONLY.,HIGH,NONE,,FALSE,https://mpbd.cu.ac.bd/plants.php?pageno=63
8cbdf994909c3d66,Cymbidium ALOIFOLIUM (L.) Sw.,cymbidium aloifolium (l.) sw.,Orchidaceae,orchidaceae,,,NORMALIZED_ONLY,Scientific name change: CASE_ONLY. Family change: CASE_ONLY.,HIGH,NONE,,FALSE,https://mpbd.cu.ac.bd/plants.php?pageno=63
d7e8847b3fcc1a0e,Cuscuta REFLEXA Roxb.,cuscuta reflexa roxb.,Cuscutaceae,cuscutaceae,,,NORMALIZED_ONLY,Scientific name change: CASE_ONLY. Family change: CASE_ONLY.,HIGH,NONE,,FALSE,https://mpbd.cu.ac.bd/plants.php?pageno=63
7fc64b71700e1ffb,Cuscuta HYALINA Roth.,cuscuta hyalina roth.,Cuscutaceae,cuscutaceae,,,NORMALIZED_ONLY,Scientific name change: CASE_ONLY. Family change: CASE_ONLY.,HIGH,NONE,,FALSE,https://mpbd.cu.ac.bd/plants.php?pageno=64
f26bb3e3298086f5,Curcuma ZEDOARIA Rosc.,curcuma zedoaria rosc.,Zingiberaceae,zingiberaceae,,,NORMALIZED_ONLY,Scientific name change: CASE_ONLY. Family change: CASE_ONLY.,HIGH,NONE,,FALSE,https://mpbd.cu.ac.bd/plants.php?pageno=64
8135d5fb260e2330,Curcuma LONGA L.,curcuma longa l.,Zingiberaceae,zingiberaceae,,,NORMALIZED_ONLY,Scientific name change: CASE_ONLY. Family change: CASE_ONLY.,HIGH,NONE,,FALSE,https://mpbd.cu.ac.bd/plants.php?pageno=64
a2c3baa0fc3e4555,Curcuma CAESIA Roxb.,curcuma caesia roxb.,Zingiberaceae,zingiberaceae,,,NORMALIZED_ONLY,Scientific name change: CASE_ONLY. Family change: CASE_ONLY.,HIGH,NONE,,FALSE,https://mpbd.cu.ac.bd/plants.php?pageno=64
5fde0996f66cda18,Curcuma AROMATICA Salisb.,curcuma aromatica salisb.,Zingiberaceae,zingiberaceae,,,NORMALIZED_ONLY,Scientific name change: CASE_ONLY. Family change: CASE_ONLY.,HIGH,NONE,,FALSE,https://mpbd.cu.ac.bd/plants.php?pageno=64
e1986de4824b768d,Curcuma ANGUSTIFOLIA Roxb.,curcuma angustifolia roxb.,Zingiberaceae,zingiberaceae,,,NORMALIZED_ONLY,Scientific name change: CASE_ONLY. Family change: CASE_ONLY.,HIGH,NONE,,FALSE,https://mpbd.cu.ac.bd/plants.php?pageno=64
7a8d841fa19d946a,Curcuma AMADA Roxb.,curcuma amada roxb.,Zingiberaceae,zingiberaceae,,,NORMALIZED_ONLY,Scientific name change: CASE_ONLY. Family change: CASE_ONLY.,HIGH,NONE,,FALSE,https://mpbd.cu.ac.bd/plants.php?pageno=64
6f176df81577fc0e,Curculigo ORCHIOIDES Gaertn.,curculigo orchioides gaertn.,Hypoxidaceae,hypoxidaceae,,,NORMALIZED_ONLY,Scientific name change: CASE_ONLY. Family change: CASE_ONLY.,HIGH,NONE,,FALSE,https://mpbd.cu.ac.bd/plants.php?pageno=64
fc2aaccda3e5dae4,Cuminum CYMINUM L.,cuminum cyminum l.,Apiaceae,apiaceae,,,NORMALIZED_ONLY,Scientific name change: CASE_ONLY. Family change: CASE_ONLY.,HIGH,NONE,,FALSE,https://mpbd.cu.ac.bd/plants.php?pageno=64
88cd95b5406f3949,Cullen CORYLIFOLIA (L.) Medic.,cullen corylifolia (l.) medic.,Fabaceae,fabaceae,,,NORMALIZED_ONLY,Scientific name change: CASE_ONLY. Family change: CASE_ONLY.,HIGH,NONE,,FALSE,https://mpbd.cu.ac.bd/plants.php?pageno=64
7709c4e709f11629,Cucurbita MAXIMA Duch.,cucurbita maxima duch.,Cucurbitaceae,cucurbitaceae,,,NORMALIZED_ONLY,Scientific name change: CASE_ONLY. Family change: CASE_ONLY.,HIGH,NONE,,FALSE,https://mpbd.cu.ac.bd/plants.php?pageno=65
e0831544e193186e,Cucumis SATIVUS L.,cucumis sativus l.,Cucurbitaceae,cucurbitaceae,,,NORMALIZED_ONLY,Scientific name change: CASE_ONLY. Family change: CASE_ONLY.,HIGH,NONE,,FALSE,https://mpbd.cu.ac.bd/plants.php?pageno=65
63ef510ff6dfbb24,Cucumis MELO L.,cucumis melo l.,Cucurbitaceae,cucurbitaceae,,,NORMALIZED_ONLY,Scientific name change: CASE_ONLY. Family change: CASE_ONLY.,HIGH,NONE,,FALSE,https://mpbd.cu.ac.bd/plants.php?pageno=65
21ee05f84eea3215,Cryptolepis dubia (Burm.f.) M.R.Almeida,cryptolepis dubia (burm.f.) m.r.almeida,Asclepiadaceae,asclepiadaceae,,,NORMALIZED_ONLY,Scientific name change: CASE_ONLY. Family change: CASE_ONLY.,HIGH,NONE,,FALSE,https://mpbd.cu.ac.bd/plants.php?pageno=65
bb05de6e8a930f5d,Cryptocoryne spiralis (Retz.) Fisch. ex Wydler,cryptocoryne spiralis (retz.) fisch. ex wydler,Araceae,araceae,,,NORMALIZED_ONLY,Scientific name change: CASE_ONLY. Family change: CASE_ONLY.,HIGH,NONE,,FALSE,https://mpbd.cu.ac.bd/plants.php?pageno=65
7560f6afad21936a,Croton TIGLIUM L.,croton tiglium l.,Euphorbiaceae,euphorbiaceae,,,NORMALIZED_ONLY,Scientific name change: CASE_ONLY. Family change: CASE_ONLY.,HIGH,NONE,,FALSE,https://mpbd.cu.ac.bd/plants.php?pageno=65
3f6f65374ff0b33f,croton PERSIMILIS Müll.Arg.,croton persimilis müll.arg.,Euphorbiaceae,euphorbiaceae,,,NORMALIZED_ONLY,Scientific name change: CASE_ONLY. Family change: CASE_ONLY.,HIGH,NONE,,FALSE,https://mpbd.cu.ac.bd/plants.php?pageno=65
87b79ac9e58cdf19,Croton CAUDATUS Geisel.,croton caudatus geisel.,Euphorbiaceae,euphorbiaceae,,,NORMALIZED_ONLY,Scientific name change: CASE_ONLY. Family change: CASE_ONLY.,HIGH,NONE,,FALSE,https://mpbd.cu.ac.bd/plants.php?pageno=65
acd23574a3b9f4ca,Croton BONPLANDIANUM Baill.,croton bonplandianum baill.,Euphorbiaceae,euphorbiaceae,,,NORMALIZED_ONLY,Scientific name change: CASE_ONLY. Family change: CASE_ONLY.,HIGH,NONE,,FALSE,https://mpbd.cu.ac.bd/plants.php?pageno=65
3bfadfedc92993d0,Crotalaria VERRUCOSA L.,crotalaria verrucosa l.,Fabaceae,fabaceae,,,NORMALIZED_ONLY,Scientific name change: CASE_ONLY. Family change: CASE_ONLY.,HIGH,NONE,,FALSE,https://mpbd.cu.ac.bd/plants.php?pageno=65
600e1a66f47106aa,Crotalaria SPECTABILIS Roth.,crotalaria spectabilis roth.,Fabaceae,fabaceae,,,NORMALIZED_ONLY,Scientific name change: CASE_ONLY. Family change: CASE_ONLY.,HIGH,NONE,,FALSE,https://mpbd.cu.ac.bd/plants.php?pageno=66
17b5f39aa03fcef1,Crotalaria RETUSA L.,crotalaria retusa l.,Fabaceae,fabaceae,,,NORMALIZED_ONLY,Scientific name change: CASE_ONLY. Family change: CASE_ONLY.,HIGH,NONE,,FALSE,https://mpbd.cu.ac.bd/plants.php?pageno=66
91a21eaa7a18e84c,Crotalaria PROSTRATA Roxb.,crotalaria prostrata roxb.,Fabaceae,fabaceae,,,NORMALIZED_ONLY,Scientific name change: CASE_ONLY. Family change: CASE_ONLY.,HIGH,NONE,,FALSE,https://mpbd.cu.ac.bd/plants.php?pageno=66
47e960c9ba3348b3,Crotalaria PALLIDA Ait.,crotalaria pallida ait.,Fabeceae,fabeceae,,,NORMALIZED_ONLY,Scientific name change: CASE_ONLY. Family change: CASE_ONLY.,HIGH,NONE,,FALSE,https://mpbd.cu.ac.bd/plants.php?pageno=66
405054758d6b0deb,Crotalaria JUNCEA L.,crotalaria juncea l.,Fabaceae,fabaceae,,,NORMALIZED_ONLY,Scientific name change: CASE_ONLY. Family change: CASE_ONLY.,HIGH,NONE,,FALSE,https://mpbd.cu.ac.bd/plants.php?pageno=66
68b59c6b765a0c0f,Crotalaria CALYCINA Schrank,crotalaria calycina schrank,Fabaceae,fabaceae,,,NORMALIZED_ONLY,Scientific name change: CASE_ONLY. Family change: CASE_ONLY.,HIGH,NONE,,FALSE,https://mpbd.cu.ac.bd/plants.php?pageno=66
5bf1d9e85557e355,Crotalaria ALBIDA Heyne ex Roth.,crotalaria albida heyne ex roth.,Fabaceae,fabaceae,,,NORMALIZED_ONLY,Scientific name change: CASE_ONLY. Family change: CASE_ONLY.,HIGH,NONE,,FALSE,https://mpbd.cu.ac.bd/plants.php?pageno=66
53542ca472796866,crotalaria ALATA D.Don,crotalaria alata d.don,Fabaceae,fabaceae,,,NORMALIZED_ONLY,Scientific name change: CASE_ONLY. Family change: CASE_ONLY.,HIGH,NONE,,FALSE,https://mpbd.cu.ac.bd/plants.php?pageno=66
5f1ad5804e7e01f6,Crossandra INFUNDIBULIFORMIS (L.) Nees.,crossandra infundibuliformis (l.) nees.,Acanthaceae,acanthaceae,,,NORMALIZED_ONLY,Scientific name change: CASE_ONLY. Family change: CASE_ONLY.,HIGH,NONE,,FALSE,https://mpbd.cu.ac.bd/plants.php?pageno=66
ebe6198525a28d89,Crinum viviparum (Lam.) R.Ansari & V.J.Nair,crinum viviparum (lam.) r.ansari & v.j.nair,Amaryllidaceae,amaryllidaceae,,,NORMALIZED_ONLY,Scientific name change: CASE_ONLY. Family change: CASE_ONLY.,HIGH,NONE,,FALSE,https://mpbd.cu.ac.bd/plants.php?pageno=66
8f8264b646aeb261,Crinum ASIATICUM L.,crinum asiaticum l.,Amaryllidaceae,amaryllidaceae,,,NORMALIZED_ONLY,Scientific name change: CASE_ONLY. Family change: CASE_ONLY.,HIGH,NONE,,FALSE,https://mpbd.cu.ac.bd/plants.php?pageno=67
bf83d8fad4a56644,Crateva religiosa G.Forst.,crateva religiosa g.forst.,Capparidaceae,capparidaceae,,,NORMALIZED_ONLY,Scientific name change: CASE_ONLY. Family change: CASE_ONLY.,HIGH,NONE,,FALSE,https://mpbd.cu.ac.bd/plants.php?pageno=67
30f0f6aef5f6d793,Crassocephalum CREPIDIOIDES (Benth.) Moore,crassocephalum crepidioides (benth.) moore,Asteraceae,asteraceae,,,NORMALIZED_ONLY,Scientific name change: CASE_ONLY. Family change: CASE_ONLY.,HIGH,NONE,,FALSE,https://mpbd.cu.ac.bd/plants.php?pageno=67
c46be3798db864a7,Cheilocostus SPECIOSUS (J.Koenig) C.D.Specht,cheilocostus speciosus (j.koenig) c.d.specht,Costaceae,costaceae,,,NORMALIZED_ONLY,Scientific name change: CASE_ONLY. Family change: CASE_ONLY.,HIGH,NONE,,FALSE,https://mpbd.cu.ac.bd/plants.php?pageno=67
6f870151a8587c92,Coriandrum SATIVUM L.,coriandrum sativum l.,Apiaceae,apiaceae,,,NORMALIZED_ONLY,Scientific name change: CASE_ONLY. Family change: CASE_ONLY.,HIGH,NONE,,FALSE,https://mpbd.cu.ac.bd/plants.php?pageno=67
0c57bc24a0fd3099,Cordia DICHOTOMA Forst. f.,cordia dichotoma forst. f.,Boraginaceae,boraginaceae,,,NORMALIZED_ONLY,Scientific name change: CASE_ONLY. Family change: CASE_ONLY.,HIGH,NONE,,FALSE,https://mpbd.cu.ac.bd/plants.php?pageno=67
ca0b733c78a8e395,Corchorus OLITORIUS L.,corchorus olitorius l.,Tiliaceae,tiliaceae,,,NORMALIZED_ONLY,Scientific name change: CASE_ONLY. Family change: CASE_ONLY.,HIGH,NONE,,FALSE,https://mpbd.cu.ac.bd/plants.php?pageno=67
aa54a3b3cb444f18,Corchorus FASICULARIS Lamk.,corchorus fasicularis lamk.,Tiliaceae,tiliaceae,,,NORMALIZED_ONLY,Scientific name change: CASE_ONLY. Family change: CASE_ONLY.,HIGH,NONE,,FALSE,https://mpbd.cu.ac.bd/plants.php?pageno=67
bd638753a97711d7,Corchorus CAPSULARIS L.,corchorus capsularis l.,Tiliaceae,tiliaceae,,,NORMALIZED_ONLY,Scientific name change: CASE_ONLY. Family change: CASE_ONLY.,HIGH,NONE,,FALSE,https://mpbd.cu.ac.bd/plants.php?pageno=67
137524c86f300aef,Commiphora madagascariensis Jacq.,commiphora madagascariensis jacq.,Burseraceae,burseraceae,,,NORMALIZED_ONLY,Scientific name change: CASE_ONLY. Family change: CASE_ONLY.,HIGH,NONE,,FALSE,https://mpbd.cu.ac.bd/plants.php?pageno=67
ed7bd4cc63f3c12a,Commelina SUFFRUTICOSA Bl.,commelina suffruticosa bl.,Commelinaceae,commelinaceae,,,NORMALIZED_ONLY,Scientific name change: CASE_ONLY. Family change: CASE_ONLY.,HIGH,NONE,,FALSE,https://mpbd.cu.ac.bd/plants.php?pageno=68
778ffd3ebe9ab867,Commelina PALUDOSA Bl.,commelina paludosa bl.,Commelinaceae,commelinaceae,,,NORMALIZED_ONLY,Scientific name change: CASE_ONLY. Family change: CASE_ONLY.,HIGH,NONE,,FALSE,https://mpbd.cu.ac.bd/plants.php?pageno=68
2b0afa1ff3b1c74b,Commelina DIFFUSA Burm. f.,commelina diffusa burm. f.,Commelinaceae,commelinaceae,,,NORMALIZED_ONLY,Scientific name change: CASE_ONLY. Family change: CASE_ONLY.,HIGH,NONE,,FALSE,https://mpbd.cu.ac.bd/plants.php?pageno=68
8d921e7c6b4cb361,Commelina BENGHALENSIS L.,commelina benghalensis l.,Commelinaceae,commelinaceae,,,NORMALIZED_ONLY,Scientific name change: CASE_ONLY. Family change: CASE_ONLY.,HIGH,NONE,,FALSE,https://mpbd.cu.ac.bd/plants.php?pageno=68
d36ccfe85f53b6b8,Colocasia ESCULENTA (L.) Schott.,colocasia esculenta (l.) schott.,Araceae,araceae,,,NORMALIZED_ONLY,Scientific name change: CASE_ONLY. Family change: CASE_ONLY.,HIGH,NONE,,FALSE,https://mpbd.cu.ac.bd/plants.php?pageno=68
76204358d8c90d81,Colocasia AFFINIS Schott.,colocasia affinis schott.,Araceae,araceae,,,NORMALIZED_ONLY,Scientific name change: CASE_ONLY. Family change: CASE_ONLY.,HIGH,NONE,,FALSE,https://mpbd.cu.ac.bd/plants.php?pageno=68
48acbbaff8f726a9,Plectranthus amboinicus (Lour.) Spreng.,plectranthus amboinicus (lour.) spreng.,Lamiaceae,lamiaceae,,,NORMALIZED_ONLY,Scientific name change: CASE_ONLY. Family change: CASE_ONLY.,HIGH,NONE,,FALSE,https://mpbd.cu.ac.bd/plants.php?pageno=68
d01652f5b4272539,Coix LACHRYMA - JOBI L.,coix lachryma - jobi l.,Poaceae,poaceae,,,NORMALIZED_ONLY,Scientific name change: CASE_ONLY. Family change: CASE_ONLY.,HIGH,NONE,,FALSE,https://mpbd.cu.ac.bd/plants.php?pageno=68
8c7e909106c319bd,Cocos NUCIFERA L.,cocos nucifera l.,Arecaceae,arecaceae,,,NORMALIZED_ONLY,Scientific name change: CASE_ONLY. Family change: CASE_ONLY.,HIGH,NONE,,FALSE,https://mpbd.cu.ac.bd/plants.php?pageno=68
77cd9e380c802ac2,Cocculus HIRSUTUS (L.) W.Theob.,cocculus hirsutus (l.) w.theob.,Menispermaceae,menispermaceae,,,NORMALIZED_ONLY,Scientific name change: CASE_ONLY. Family change: CASE_ONLY.,HIGH,NONE,,FALSE,https://mpbd.cu.ac.bd/plants.php?pageno=68
d344678add539f4e,Coccinia GRANDIS (L.) Voigt.,coccinia grandis (l.) voigt.,Cucurbitaceae,cucurbitaceae,,,NORMALIZED_ONLY,Scientific name change: CASE_ONLY. Family change: CASE_ONLY.,HIGH,NONE,,FALSE,https://mpbd.cu.ac.bd/plants.php?pageno=69
dcaa0fa0b535311f,Clitoria TARNETEA L.,clitoria tarnetea l.,Fabaceae,fabaceae,,,NORMALIZED_ONLY,Scientific name change: CASE_ONLY. Family change: CASE_ONLY.,HIGH,NONE,,FALSE,https://mpbd.cu.ac.bd/plants.php?pageno=69
c3395069e473f231,Clerodendrum laevifolium Blume.,clerodendrum laevifolium blume.,Verbenaceae,verbenaceae,,,NORMALIZED_ONLY,Scientific name change: CASE_ONLY. Family change: CASE_ONLY.,HIGH,NONE,,FALSE,https://mpbd.cu.ac.bd/plants.php?pageno=69
9aad861f4af98ab6,Clerodendrum INFORTUNATUM L.,clerodendrum infortunatum l.,Verbenaceae,verbenaceae,,,NORMALIZED_ONLY,Scientific name change: CASE_ONLY. Family change: CASE_ONLY.,HIGH,NONE,,FALSE,https://mpbd.cu.ac.bd/plants.php?pageno=69
aaa7937d53827d16,Volkameria inermis L.,volkameria inermis l.,Verbenaceae,verbenaceae,,,NORMALIZED_ONLY,Scientific name change: CASE_ONLY. Family change: CASE_ONLY.,HIGH,NONE,,FALSE,https://mpbd.cu.ac.bd/plants.php?pageno=69
a85ac1ba655472c8,Clerodendrum INDICUM (L.) Kuntze.,clerodendrum indicum (l.) kuntze.,Verbenaceae,verbenaceae,,,NORMALIZED_ONLY,Scientific name change: CASE_ONLY. Family change: CASE_ONLY.,HIGH,NONE,,FALSE,https://mpbd.cu.ac.bd/plants.php?pageno=69
e28b6f6bfa570246,Cleome VISCOSA L.,cleome viscosa l.,Capparidaceae,capparidaceae,,,NORMALIZED_ONLY,Scientific name change: CASE_ONLY. Family change: CASE_ONLY.,HIGH,NONE,,FALSE,https://mpbd.cu.ac.bd/plants.php?pageno=69
ecbd5af8c2a84c86,Cleome GYNANDRA L.,cleome gynandra l.,Capparidaceae,capparidaceae,,,NORMALIZED_ONLY,Scientific name change: CASE_ONLY. Family change: CASE_ONLY.,HIGH,NONE,,FALSE,https://mpbd.cu.ac.bd/plants.php?pageno=69
879799bbc4896f37,Clausena HEPTAPHYLLA (Roxb.) Wight.& Arn.,clausena heptaphylla (roxb.) wight.& arn.,Rutaceae,rutaceae,,,NORMALIZED_ONLY,Scientific name change: CASE_ONLY. Family change: CASE_ONLY.,HIGH,NONE,,FALSE,https://mpbd.cu.ac.bd/plants.php?pageno=69
1e6b2907fcac0a4d,Clausena EXCAVATA Burm. f.,clausena excavata burm. f.,Rutaceae,rutaceae,,,NORMALIZED_ONLY,Scientific name change: CASE_ONLY. Family change: CASE_ONLY.,HIGH,NONE,,FALSE,https://mpbd.cu.ac.bd/plants.php?pageno=69
3100188df772b528,Citrus maxima (Burm.) Merr.,citrus maxima (burm.) merr.,Rutaceae,rutaceae,,,NORMALIZED_ONLY,Scientific name change: CASE_ONLY. Family change: CASE_ONLY.,HIGH,NONE,,FALSE,https://mpbd.cu.ac.bd/plants.php?pageno=70
ea8f57686f66154f,Citrus AURANTIFOLIA (Christ.) Sw.,citrus aurantifolia (christ.) sw.,Rutaceae,rutaceae,,,NORMALIZED_ONLY,Scientific name change: CASE_ONLY. Family change: CASE_ONLY.,HIGH,NONE,,FALSE,https://mpbd.cu.ac.bd/plants.php?pageno=70
89bacc3f6f2dc543,Citrullus lanatus (Thunb.) Matsum. & Nakai,citrullus lanatus (thunb.) matsum. & nakai,Cucurbitaceae,cucurbitaceae,,,NORMALIZED_ONLY,Scientific name change: CASE_ONLY. Family change: CASE_ONLY.,HIGH,NONE,,FALSE,https://mpbd.cu.ac.bd/plants.php?pageno=70
b1a8ba1784c01493,Cissus REPENS Lamk.,cissus repens lamk.,Vitaceae,vitaceae,,,NORMALIZED_ONLY,Scientific name change: CASE_ONLY. Family change: CASE_ONLY.,HIGH,NONE,,FALSE,https://mpbd.cu.ac.bd/plants.php?pageno=70
176ff7ac46668636,Cissus REPENDA(Wight & Arn.) Vahl.,cissus rependa(wight & arn.) vahl.,Vitaceae,vitaceae,,,NORMALIZED_ONLY,Scientific name change: CASE_ONLY. Family change: CASE_ONLY.,HIGH,NONE,,FALSE,https://mpbd.cu.ac.bd/plants.php?pageno=70
13d43d90119105b7,Cissus QUADRANGULARIS L.,cissus quadrangularis l.,Vitaceae,vitaceae,,,NORMALIZED_ONLY,Scientific name change: CASE_ONLY. Family change: CASE_ONLY.,HIGH,NONE,,FALSE,https://mpbd.cu.ac.bd/plants.php?pageno=70
18861934ccf4d941,Cissus ELONGATA Roxb.,cissus elongata roxb.,Vitaceae,vitaceae,,,NORMALIZED_ONLY,Scientific name change: CASE_ONLY. Family change: CASE_ONLY.,HIGH,NONE,,FALSE,https://mpbd.cu.ac.bd/plants.php?pageno=70
c8530e1e9b52ce5e,Cissus ASSAMICA (Lawson) Craib.,cissus assamica (lawson) craib.,Vitaceae,vitaceae,,,NORMALIZED_ONLY,Scientific name change: CASE_ONLY. Family change: CASE_ONLY.,HIGH,NONE,,FALSE,https://mpbd.cu.ac.bd/plants.php?pageno=70
30d709dc38dfbb72,Allium TUBEROSUM Roxb.,allium tuberosum roxb.,Liliaceae,liliaceae,,,NORMALIZED_ONLY,Scientific name change: CASE_ONLY. Family change: CASE_ONLY.,HIGH,NONE,,FALSE,https://mpbd.cu.ac.bd/plants.php?pageno=70
5b4f1b86aa81caa7,Allophylus DIMORPHUS Radlk. .,allophylus dimorphus radlk. .,Sapindaceae,sapindaceae,,,NORMALIZED_ONLY,Scientific name change: CASE_ONLY. Family change: CASE_ONLY.,HIGH,NONE,,FALSE,https://mpbd.cu.ac.bd/plants.php?pageno=70
5fec850cf1a4ff81,Alocasia INDICA (Roxb.) Schott.,alocasia indica (roxb.) schott.,Araceae,araceae,,,NORMALIZED_ONLY,Scientific name change: CASE_ONLY. Family change: CASE_ONLY.,HIGH,NONE,,FALSE,https://mpbd.cu.ac.bd/plants.php?pageno=71
711fe8198272bf60,Aloe BARBADENSIS Mill,aloe barbadensis mill,Liliaceae,liliaceae,,,NORMALIZED_ONLY,Scientific name change: CASE_ONLY. Family change: CASE_ONLY.,HIGH,NONE,,FALSE,https://mpbd.cu.ac.bd/plants.php?pageno=71
49ed01e68d496105,Alpinia CALCARATA Rosc.,alpinia calcarata rosc.,Zingiberaceae,zingiberaceae,,,NORMALIZED_ONLY,Scientific name change: CASE_ONLY. Family change: CASE_ONLY.,HIGH,NONE,,FALSE,https://mpbd.cu.ac.bd/plants.php?pageno=71
3e3f53370f160ef3,Alpinia CONCHIGERA Griff.,alpinia conchigera griff.,Zingiberaceae,zingiberaceae,,,NORMALIZED_ONLY,Scientific name change: CASE_ONLY. Family change: CASE_ONLY.,HIGH,NONE,,FALSE,https://mpbd.cu.ac.bd/plants.php?pageno=71
4d254811f713597c,Alpinia MALACCENSIS Rosc.,alpinia malaccensis rosc.,Zingiberaceae,zingiberaceae,,,NORMALIZED_ONLY,Scientific name change: CASE_ONLY. Family change: CASE_ONLY.,HIGH,NONE,,FALSE,https://mpbd.cu.ac.bd/plants.php?pageno=71
1f72a781806cc8a1,Alpinia NIGRA (Gaertn.) Burtt.,alpinia nigra (gaertn.) burtt.,Zingiberaceae,zingiberaceae,,,NORMALIZED_ONLY,Scientific name change: CASE_ONLY. Family change: CASE_ONLY.,HIGH,NONE,,FALSE,https://mpbd.cu.ac.bd/plants.php?pageno=71
8a59566188b23676,Alstonia SCHOLARIS (L.) R. Br.,alstonia scholaris (l.) r. br.,Apocynaceae,apocynaceae,,,NORMALIZED_ONLY,Scientific name change: CASE_ONLY. Family change: CASE_ONLY.,HIGH,NONE,,FALSE,https://mpbd.cu.ac.bd/plants.php?pageno=71
81999173af51f4f0,Alternanthera SESSILIS (L.) R. Br.,alternanthera sessilis (l.) r. br.,Amaranthaceae,amaranthaceae,,,NORMALIZED_ONLY,Scientific name change: CASE_ONLY. Family change: CASE_ONLY.,HIGH,NONE,,FALSE,https://mpbd.cu.ac.bd/plants.php?pageno=71
da5369beec832387,Amaranthus SPINOSUS L.,amaranthus spinosus l.,Amaranthaceae,amaranthaceae,,,NORMALIZED_ONLY,Scientific name change: CASE_ONLY. Family change: CASE_ONLY.,HIGH,NONE,,FALSE,https://mpbd.cu.ac.bd/plants.php?pageno=71
83829f2833ca66dd,Amaranthus VIRIDIS L.,amaranthus viridis l.,Amaranthaceae,amaranthaceae,,,NORMALIZED_ONLY,Scientific name change: CASE_ONLY. Family change: CASE_ONLY.,HIGH,NONE,,FALSE,https://mpbd.cu.ac.bd/plants.php?pageno=71
52f0e683c493be4f,Amischophacelus AXILLARIS (L.) R. R. & K.,amischophacelus axillaris (l.) r. r. & k.,Commelinaceae,commelinaceae,,,NORMALIZED_ONLY,Scientific name change: CASE_ONLY. Family change: CASE_ONLY.,HIGH,NONE,,FALSE,https://mpbd.cu.ac.bd/plants.php?pageno=72
6ecf081558b89306,Ammannia BACCIFERA L,ammannia baccifera l,Lythraceae,lythraceae,,,NORMALIZED_ONLY,Scientific name change: CASE_ONLY. Family change: CASE_ONLY.,HIGH,NONE,,FALSE,https://mpbd.cu.ac.bd/plants.php?pageno=72
8344787879a119a8,Amomum AROMATICUM Roxb,amomum aromaticum roxb,Zingiberaceae,zingiberaceae,,,NORMALIZED_ONLY,Scientific name change: CASE_ONLY. Family change: CASE_ONLY.,HIGH,NONE,,FALSE,https://mpbd.cu.ac.bd/plants.php?pageno=72
4c8f0f407e76ebc0,Amomum COSTATUM Benth.,amomum costatum benth.,Zingiberaceae,zingiberaceae,,,NORMALIZED_ONLY,Scientific name change: CASE_ONLY. Family change: CASE_ONLY.,HIGH,NONE,,FALSE,https://mpbd.cu.ac.bd/plants.php?pageno=72
068cf9fd44c43186,Amoora CUCULATA Roxb.,amoora cuculata roxb.,Meliaceae,meliaceae,,,NORMALIZED_ONLY,Scientific name change: CASE_ONLY. Family change: CASE_ONLY.,HIGH,NONE,,FALSE,https://mpbd.cu.ac.bd/plants.php?pageno=72
7206387be8005911,Amorphophallus CAMPANULATUS (Roxb.) Bl. ex. Decne.,amorphophallus campanulatus (roxb.) bl. ex. decne.,Araceae,araceae,,,NORMALIZED_ONLY,Scientific name change: CASE_ONLY. Family change: CASE_ONLY.,HIGH,NONE,,FALSE,https://mpbd.cu.ac.bd/plants.php?pageno=72
f8e3233c01352e0a,Ampelocissus BARBATA (Wall.) Planch.,ampelocissus barbata (wall.) planch.,Vitaceae,vitaceae,,,NORMALIZED_ONLY,Scientific name change: CASE_ONLY. Family change: CASE_ONLY.,HIGH,NONE,,FALSE,https://mpbd.cu.ac.bd/plants.php?pageno=72
631902a02c77bb43,Ampelocissus LATIFOLIA (Roxb.) Planch.,ampelocissus latifolia (roxb.) planch.,Vitaceae,vitaceae,,,NORMALIZED_ONLY,Scientific name change: CASE_ONLY. Family change: CASE_ONLY.,HIGH,NONE,,FALSE,https://mpbd.cu.ac.bd/plants.php?pageno=72
c28c248e66ec8fcb,Anacardium OCCIDENTALE L.,anacardium occidentale l.,Anacardiaceae,anacardiaceae,,,NORMALIZED_ONLY,Scientific name change: CASE_ONLY. Family change: CASE_ONLY.,HIGH,NONE,,FALSE,https://mpbd.cu.ac.bd/plants.php?pageno=72
31f9bb4dcb5244be,Anagallis ARVENSIS L.,anagallis arvensis l.,Primulaceae,primulaceae,,,NORMALIZED_ONLY,Scientific name change: CASE_ONLY. Family change: CASE_ONLY.,HIGH,NONE,,FALSE,https://mpbd.cu.ac.bd/plants.php?pageno=72
f0537ba2570acac3,Anamirta COCCULUS (L.) W. & A.,anamirta cocculus (l.) w. & a.,Menispermaceae,menispermaceae,,,NORMALIZED_ONLY,Scientific name change: CASE_ONLY. Family change: CASE_ONLY.,HIGH,NONE,,FALSE,https://mpbd.cu.ac.bd/plants.php?pageno=73
f07f1a3f28bdb49a,Ananas SATIVUS Schult. f.,ananas sativus schult. f.,Bromeliaceae,bromeliaceae,,,NORMALIZED_ONLY,Scientific name change: CASE_ONLY. Family change: CASE_ONLY.,HIGH,NONE,,FALSE,https://mpbd.cu.ac.bd/plants.php?pageno=73
4a7c32ba318d2949,Andrographis PANICULATA (Burm. f.) Wall. ex Ness.,andrographis paniculata (burm. f.) wall. ex ness.,Acanthaceae,acanthaceae,,,NORMALIZED_ONLY,Scientific name change: CASE_ONLY. Family change: CASE_ONLY.,HIGH,NONE,,FALSE,https://mpbd.cu.ac.bd/plants.php?pageno=73
b12f34308304e497,Anisomeles INDICA (L.) Kuntze.,anisomeles indica (l.) kuntze.,Lamiaceae,lamiaceae,,,NORMALIZED_ONLY,Scientific name change: CASE_ONLY. Family change: CASE_ONLY.,HIGH,NONE,,FALSE,https://mpbd.cu.ac.bd/plants.php?pageno=73
3d18560f0e226893,Annona RETICULATA L.,annona reticulata l.,Annonaceae,annonaceae,,,NORMALIZED_ONLY,Scientific name change: CASE_ONLY. Family change: CASE_ONLY.,HIGH,NONE,,FALSE,https://mpbd.cu.ac.bd/plants.php?pageno=73
046dbc45fc1646dc,Annona SQUAMOSA L.,annona squamosa l.,Annonaceae,annonaceae,,,NORMALIZED_ONLY,Scientific name change: CASE_ONLY. Family change: CASE_ONLY.,HIGH,NONE,,FALSE,https://mpbd.cu.ac.bd/plants.php?pageno=73
db7799ab82865a43,Anodendron MANUBRIATUM (Wall.) Merr.,anodendron manubriatum (wall.) merr.,Apocynaceae,apocynaceae,,,NORMALIZED_ONLY,Scientific name change: CASE_ONLY. Family change: CASE_ONLY.,HIGH,NONE,,FALSE,https://mpbd.cu.ac.bd/plants.php?pageno=73
e1a21809c551e2ff,Anthocephalus CHINENSIS (Lamk.) Rich. ex Walp.,anthocephalus chinensis (lamk.) rich. ex walp.,Rubiaceae,rubiaceae,,,NORMALIZED_ONLY,Scientific name change: CASE_ONLY. Family change: CASE_ONLY.,HIGH,NONE,,FALSE,https://mpbd.cu.ac.bd/plants.php?pageno=73
72edf7d666fbed45,Antidesma ROXBURGHII Wall.,antidesma roxburghii wall.,Euphorbiaceae,euphorbiaceae,,,NORMALIZED_ONLY,Scientific name change: CASE_ONLY. Family change: CASE_ONLY.,HIGH,NONE,,FALSE,https://mpbd.cu.ac.bd/plants.php?pageno=73
12c9d67eb2c561a6,Aphanamixis POLYSTACHYA (Wall.) R.N. Parker.,aphanamixis polystachya (wall.) r.n. parker.,Meliaceae,meliaceae,,,NORMALIZED_ONLY,Scientific name change: CASE_ONLY. Family change: CASE_ONLY.,HIGH,NONE,,FALSE,https://mpbd.cu.ac.bd/plants.php?pageno=73
8b719abdda0df9c2,Aquilaria MALACCENSIS Lamk.,aquilaria malaccensis lamk.,Thymelaeaceae,thymelaeaceae,,,NORMALIZED_ONLY,Scientific name change: CASE_ONLY. Family change: CASE_ONLY.,HIGH,NONE,,FALSE,https://mpbd.cu.ac.bd/plants.php?pageno=74
ecd726c5ea20e562,Arachis HYPOGEA L.,arachis hypogea l.,Fabaceae,fabaceae,,,NORMALIZED_ONLY,Scientific name change: CASE_ONLY. Family change: CASE_ONLY.,HIGH,NONE,,FALSE,https://mpbd.cu.ac.bd/plants.php?pageno=74
202b4872b4a37a03,Ardisia PANICULATA Roxb.,ardisia paniculata roxb.,Myrsinaceae,myrsinaceae,,,NORMALIZED_ONLY,Scientific name change: CASE_ONLY. Family change: CASE_ONLY.,HIGH,NONE,,FALSE,https://mpbd.cu.ac.bd/plants.php?pageno=74
5e19e73f9113da28,Ardisia SOLANACEA (Poir.) Roxb.,ardisia solanacea (poir.) roxb.,Myrsinaceae,myrsinaceae,,,NORMALIZED_ONLY,Scientific name change: CASE_ONLY. Family change: CASE_ONLY.,HIGH,NONE,,FALSE,https://mpbd.cu.ac.bd/plants.php?pageno=74
fb613a8acd0d53ec,Areca CATECHU L.,areca catechu l.,Arecaceae,arecaceae,,,NORMALIZED_ONLY,Scientific name change: CASE_ONLY. Family change: CASE_ONLY.,HIGH,NONE,,FALSE,https://mpbd.cu.ac.bd/plants.php?pageno=74
f70c35d5c751eb01,Argemone MAXICANA L.,argemone maxicana l.,Papaveraceae,papaveraceae,,,NORMALIZED_ONLY,Scientific name change: CASE_ONLY. Family change: CASE_ONLY.,HIGH,NONE,,FALSE,https://mpbd.cu.ac.bd/plants.php?pageno=74
4e28ac5e4d89fb4a,Argyreia CAPITIFORMIS (Poir.) Oostr.,argyreia capitiformis (poir.) oostr.,Convolvulaceae,convolvulaceae,,,NORMALIZED_ONLY,Scientific name change: CASE_ONLY. Family change: CASE_ONLY.,HIGH,NONE,,FALSE,https://mpbd.cu.ac.bd/plants.php?pageno=74
aadb0c7d92d05912,Argyreia NERVOSA (Burm. f.) Boj.,argyreia nervosa (burm. f.) boj.,Convolvulaceae,convolvulaceae,,,NORMALIZED_ONLY,Scientific name change: CASE_ONLY. Family change: CASE_ONLY.,HIGH,NONE,,FALSE,https://mpbd.cu.ac.bd/plants.php?pageno=74
732a1757d87c2cd1,Aristolochia INDICA L.,aristolochia indica l.,Aristolochiaceae,aristolochiaceae,,,NORMALIZED_ONLY,Scientific name change: CASE_ONLY. Family change: CASE_ONLY.,HIGH,NONE,,FALSE,https://mpbd.cu.ac.bd/plants.php?pageno=74
3f65a2bbdf729ecf,Aristolochia TAGALA Cham.,aristolochia tagala cham.,Aristolochiaceae,aristolochiaceae,,,NORMALIZED_ONLY,Scientific name change: CASE_ONLY. Family change: CASE_ONLY.,HIGH,NONE,,FALSE,https://mpbd.cu.ac.bd/plants.php?pageno=74
9f00ba7fb9d6764a,Artabotrys HEXAPETALUS (L.f.) Bhandari,artabotrys hexapetalus (l.f.) bhandari,Annonaceae,annonaceae,,,NORMALIZED_ONLY,Scientific name change: CASE_ONLY. Family change: CASE_ONLY.,HIGH,NONE,,FALSE,https://mpbd.cu.ac.bd/plants.php?pageno=75
ef7592c782f3dcad,Artabotrys SUAVEOLENS Blume.,artabotrys suaveolens blume.,Annonaceae,annonaceae,,,NORMALIZED_ONLY,Scientific name change: CASE_ONLY. Family change: CASE_ONLY.,HIGH,NONE,,FALSE,https://mpbd.cu.ac.bd/plants.php?pageno=75
3c5f6b7c226451a5,Artocarpus HETEROPHYLLUS Lamk.,artocarpus heterophyllus lamk.,Urticaceae,urticaceae,,,NORMALIZED_ONLY,Scientific name change: CASE_ONLY. Family change: CASE_ONLY.,HIGH,NONE,,FALSE,https://mpbd.cu.ac.bd/plants.php?pageno=75
bc5a02bb163100be,Artocarpus LACUCHA Buch-Ham.,artocarpus lacucha buch-ham.,Urticaceae,urticaceae,,,NORMALIZED_ONLY,Scientific name change: CASE_ONLY. Family change: CASE_ONLY.,HIGH,NONE,,FALSE,https://mpbd.cu.ac.bd/plants.php?pageno=75
08d56697bf9a0469,Asclepias CURASSAVICA L.,asclepias curassavica l.,Asteraceae,asteraceae,,,NORMALIZED_ONLY,Scientific name change: CASE_ONLY. Family change: CASE_ONLY.,HIGH,NONE,,FALSE,https://mpbd.cu.ac.bd/plants.php?pageno=75
e27a5ef4c182d502,Asparagus RACEMOSUS L.,asparagus racemosus l.,Liliaceae,liliaceae,,,NORMALIZED_ONLY,Scientific name change: CASE_ONLY. Family change: CASE_ONLY.,HIGH,NONE,,FALSE,https://mpbd.cu.ac.bd/plants.php?pageno=75
628beffffce5f3f7,Asplenium polyodon G. Forst.,asplenium polyodon g. forst.,Aspleniaceae,aspleniaceae,,,NORMALIZED_ONLY,Scientific name change: CASE_ONLY. Family change: CASE_ONLY.,HIGH,NONE,,FALSE,https://mpbd.cu.ac.bd/plants.php?pageno=75
ce1fcc69a3b61f5c,Atalantia MONOPHYLLA Correa,atalantia monophylla correa,Rutaceae,rutaceae,,,NORMALIZED_ONLY,Scientific name change: CASE_ONLY. Family change: CASE_ONLY.,HIGH,NONE,,FALSE,https://mpbd.cu.ac.bd/plants.php?pageno=75
480b8cfe15d68aab,Cajanus crassus (King) Maesen,cajanus crassus (king) maesen,Fabaceae,fabaceae,,,NORMALIZED_ONLY,Scientific name change: CASE_ONLY. Family change: CASE_ONLY.,HIGH,NONE,,FALSE,https://mpbd.cu.ac.bd/plants.php?pageno=75
1c92984097719256,Cajanus scarabaeoides (L.) Thouars,cajanus scarabaeoides (l.) thouars,Fabaceae,fabaceae,,,NORMALIZED_ONLY,Scientific name change: CASE_ONLY. Family change: CASE_ONLY.,HIGH,NONE,,FALSE,https://mpbd.cu.ac.bd/plants.php?pageno=75
39151ea33d47a5c7,Averrhoa BILIMBI L.,averrhoa bilimbi l.,Averrhoaceae,averrhoaceae,,,NORMALIZED_ONLY,Scientific name change: CASE_ONLY. Family change: CASE_ONLY.,HIGH,NONE,,FALSE,https://mpbd.cu.ac.bd/plants.php?pageno=76
ee76b7b31be6fe5f,Averrhoa CARAMBOLA L.,averrhoa carambola l.,Averrhoaceae,averrhoaceae,,,NORMALIZED_ONLY,Scientific name change: CASE_ONLY. Family change: CASE_ONLY.,HIGH,NONE,,FALSE,https://mpbd.cu.ac.bd/plants.php?pageno=76
bcb5ede3cd85bdf2,Azadirachta INDICA A. Juss.,azadirachta indica a. juss.,Meliaceae,meliaceae,,,NORMALIZED_ONLY,Scientific name change: CASE_ONLY. Family change: CASE_ONLY.,HIGH,NONE,,FALSE,https://mpbd.cu.ac.bd/plants.php?pageno=76
1052104ba01ae46c,Bacopa monnieri (L.) WETTST.,bacopa monnieri (l.) wettst.,Scrophulariaceae,scrophulariaceae,,,NORMALIZED_ONLY,Scientific name change: CASE_ONLY. Family change: CASE_ONLY.,HIGH,NONE,,FALSE,https://mpbd.cu.ac.bd/plants.php?pageno=76
d263cf17d7df0947,Baliospermum solanifolium (BURM.) SURESH,baliospermum solanifolium (burm.) suresh,Euphorbiaceae,euphorbiaceae,,,NORMALIZED_ONLY,Scientific name change: CASE_ONLY. Family change: CASE_ONLY.,HIGH,NONE,,FALSE,https://mpbd.cu.ac.bd/plants.php?pageno=76
2af967a8cf75f43c,Bambusa bambos (L.) Voss,bambusa bambos (l.) voss,Poaceae,poaceae,,,NORMALIZED_ONLY,Scientific name change: CASE_ONLY. Family change: CASE_ONLY.,HIGH,NONE,,FALSE,https://mpbd.cu.ac.bd/plants.php?pageno=76
ca1829f842a27af5,Barleria cristata L,barleria cristata l,Acanthaceae,acanthaceae,,,NORMALIZED_ONLY,Scientific name change: CASE_ONLY. Family change: CASE_ONLY.,HIGH,NONE,,FALSE,https://mpbd.cu.ac.bd/plants.php?pageno=76
c61ba3e64d3fa6d4,Barlaria STRIGOSA Willd.,barlaria strigosa willd.,Acanthaceae,acanthaceae,,,NORMALIZED_ONLY,Scientific name change: CASE_ONLY. Family change: CASE_ONLY.,HIGH,NONE,,FALSE,https://mpbd.cu.ac.bd/plants.php?pageno=76
c5fd1a8a7300741f,Barringtonia ACUTANGULA (L.) Gaertn.,barringtonia acutangula (l.) gaertn.,Barringtoniaceae,barringtoniaceae,,,NORMALIZED_ONLY,Scientific name change: CASE_ONLY. Family change: CASE_ONLY.,HIGH,NONE,,FALSE,https://mpbd.cu.ac.bd/plants.php?pageno=76
2f6eca3fe5503ad1,Barringtonia RACEMOSA (L.) Spreng.,barringtonia racemosa (l.) spreng.,Barringtoniaceae,barringtoniaceae,,,NORMALIZED_ONLY,Scientific name change: CASE_ONLY. Family change: CASE_ONLY.,HIGH,NONE,,FALSE,https://mpbd.cu.ac.bd/plants.php?pageno=76
687290aa3cce36bc,Basella ALBA L.,basella alba l.,Basellaceae,basellaceae,,,NORMALIZED_ONLY,Scientific name change: CASE_ONLY. Family change: CASE_ONLY.,HIGH,NONE,,FALSE,https://mpbd.cu.ac.bd/plants.php?pageno=77
95b54170f2a43031,Bauhinia ACUMINITA L.,bauhinia acuminita l.,Caesalpinaeae,caesalpinaeae,,,NORMALIZED_ONLY,Scientific name change: CASE_ONLY. Family change: CASE_ONLY.,HIGH,NONE,,FALSE,https://mpbd.cu.ac.bd/plants.php?pageno=77
7ae32a14fe8aa138,Bauhinia MACROSTACHYA Wall.,bauhinia macrostachya wall.,Caesalpinaeae,caesalpinaeae,,,NORMALIZED_ONLY,Scientific name change: CASE_ONLY. Family change: CASE_ONLY.,HIGH,NONE,,FALSE,https://mpbd.cu.ac.bd/plants.php?pageno=77
2faa2c6e64f1201c,Bauhinia MALABARICA Roxb.,bauhinia malabarica roxb.,Caesalpinaeae,caesalpinaeae,,,NORMALIZED_ONLY,Scientific name change: CASE_ONLY. Family change: CASE_ONLY.,HIGH,NONE,,FALSE,https://mpbd.cu.ac.bd/plants.php?pageno=77
d2e1a756a9bbb048,Bauhinia PURPUREA L.,bauhinia purpurea l.,Caesalpinaeae,caesalpinaeae,,,NORMALIZED_ONLY,Scientific name change: CASE_ONLY. Family change: CASE_ONLY.,HIGH,NONE,,FALSE,https://mpbd.cu.ac.bd/plants.php?pageno=77
762612a4de105ec3,Bauhinia VARIEGATA L.,bauhinia variegata l.,Caesalpinaeae,caesalpinaeae,,,NORMALIZED_ONLY,Scientific name change: CASE_ONLY. Family change: CASE_ONLY.,HIGH,NONE,,FALSE,https://mpbd.cu.ac.bd/plants.php?pageno=77
c2bd574d62194509,Begonia ROXBURGHII DC.,begonia roxburghii dc.,Begoniaceae,begoniaceae,,,NORMALIZED_ONLY,Scientific name change: CASE_ONLY. Family change: CASE_ONLY.,HIGH,NONE,,FALSE,https://mpbd.cu.ac.bd/plants.php?pageno=77
35f13a587fc19877,Iris domestica (L.) Goldblatt & Mabb,iris domestica (l.) goldblatt & mabb,lridaceae,lridaceae,,,NORMALIZED_ONLY,Scientific name change: CASE_ONLY. Family change: NO_CHANGE.,HIGH,NONE,,FALSE,https://mpbd.cu.ac.bd/plants.php?pageno=77
dc68803cc273d1b6,Benincasa HISPIDA (Thunb.) Cogn.,benincasa hispida (thunb.) cogn.,Cucurbitaceae,cucurbitaceae,,,POTENTIAL_DUPLICATE,Normalized scientific name appears 2 times. Original change type: CASE_ONLY.,MEDIUM,NONE,,TRUE,https://mpbd.cu.ac.bd/plants.php?pageno=77
88f35b4050706686,Biophytum SENSITIVUM (L.) DC.,biophytum sensitivum (l.) dc.,Oxalidaceae,oxalidaceae,,,NORMALIZED_ONLY,Scientific name change: CASE_ONLY. Family change: CASE_ONLY.,HIGH,NONE,,FALSE,https://mpbd.cu.ac.bd/plants.php?pageno=77
6769a560e2210337,Bixa ORELLANA L.,bixa orellana l.,Bixaceae,bixaceae,,,NORMALIZED_ONLY,Scientific name change: CASE_ONLY. Family change: CASE_ONLY.,HIGH,NONE,,FALSE,https://mpbd.cu.ac.bd/plants.php?pageno=78
88c8bfa94a3bd939,Blumea BALSAMIFERA DC,blumea balsamifera dc,Asteraceae,asteraceae,,,NORMALIZED_ONLY,Scientific name change: CASE_ONLY. Family change: CASE_ONLY.,HIGH,NONE,,FALSE,https://mpbd.cu.ac.bd/plants.php?pageno=78
c6407a4cdeaf5c4c,Blumea CLERKEI Hook. f.,blumea clerkei hook. f.,Asteraceae,asteraceae,,,NORMALIZED_ONLY,Scientific name change: CASE_ONLY. Family change: CASE_ONLY.,HIGH,NONE,,FALSE,https://mpbd.cu.ac.bd/plants.php?pageno=78
3a4a969fb312db9a,Blumea LACERA (Burn.f.) DC.,blumea lacera (burn.f.) dc.,Asteraceae,asteraceae,,,NORMALIZED_ONLY,Scientific name change: CASE_ONLY. Family change: CASE_ONLY.,HIGH,NONE,,FALSE,https://mpbd.cu.ac.bd/plants.php?pageno=78
f800952946938658,Boehmeria MALABARICA Wedd.,boehmeria malabarica wedd.,Urticaceae,urticaceae,,,NORMALIZED_ONLY,Scientific name change: CASE_ONLY. Family change: CASE_ONLY.,HIGH,NONE,,FALSE,https://mpbd.cu.ac.bd/plants.php?pageno=78
f3bea1fc89a22db6,Boerhaavia DIFFUSA L.,boerhaavia diffusa l.,Nyctaginaceae,nyctaginaceae,,,NORMALIZED_ONLY,Scientific name change: CASE_ONLY. Family change: CASE_ONLY.,HIGH,NONE,,FALSE,https://mpbd.cu.ac.bd/plants.php?pageno=78
e578c22cd83ed57b,Boesenbergia LONGIFLORA Kuntze.,boesenbergia longiflora kuntze.,Zingiberaceae,zingiberaceae,,,NORMALIZED_ONLY,Scientific name change: CASE_ONLY. Family change: CASE_ONLY.,HIGH,NONE,,FALSE,https://mpbd.cu.ac.bd/plants.php?pageno=78
e88aa027cf0bbafb,Bombax CEIBA L.,bombax ceiba l.,Bombacaceae,bombacaceae,,,NORMALIZED_ONLY,Scientific name change: CASE_ONLY. Family change: CASE_ONLY.,HIGH,NONE,,FALSE,https://mpbd.cu.ac.bd/plants.php?pageno=78
251e14515e505da6,Borassus FLABELLIFER L.,borassus flabellifer l.,Asteraceae,asteraceae,,,NORMALIZED_ONLY,Scientific name change: CASE_ONLY. Family change: CASE_ONLY.,HIGH,NONE,,FALSE,https://mpbd.cu.ac.bd/plants.php?pageno=78
b684d61545e46373,Spermacoce articularis L.f.,spermacoce articularis l.f.,Rubiaceae,rubiaceae,,,NORMALIZED_ONLY,Scientific name change: CASE_ONLY. Family change: CASE_ONLY.,HIGH,NONE,,FALSE,https://mpbd.cu.ac.bd/plants.php?pageno=78
ab4e93e2e9e5b612,Boswellia SERRATA Roxb.,boswellia serrata roxb.,Burseraceae,burseraceae,,,NORMALIZED_ONLY,Scientific name change: CASE_ONLY. Family change: CASE_ONLY.,HIGH,NONE,,FALSE,https://mpbd.cu.ac.bd/plants.php?pageno=79
b1d66f9d7abf441f,Brassica NIGRA (L.) Koch.,brassica nigra (l.) koch.,Brassicaceae,brassicaceae,,,NORMALIZED_ONLY,Scientific name change: CASE_ONLY. Family change: CASE_ONLY.,HIGH,NONE,,FALSE,https://mpbd.cu.ac.bd/plants.php?pageno=79
3740b3c00d88a3f1,Breynia RETUSA (Dennst.) Alston.,breynia retusa (dennst.) alston.,Euphorbiaceae,euphorbiaceae,,,NORMALIZED_ONLY,Scientific name change: CASE_ONLY. Family change: CASE_ONLY.,HIGH,NONE,,FALSE,https://mpbd.cu.ac.bd/plants.php?pageno=79
65bf8caa4d32e229,Bridelia RETUSA (L.) Spreng.,bridelia retusa (l.) spreng.,Euphorbiaceae,euphorbiaceae,,,NORMALIZED_ONLY,Scientific name change: CASE_ONLY. Family change: CASE_ONLY.,HIGH,NONE,,FALSE,https://mpbd.cu.ac.bd/plants.php?pageno=79
b7aa4fa8ed1a627d,Bridelia STIPULARIS Bl.,bridelia stipularis bl.,Euphorbiaceae,euphorbiaceae,,,NORMALIZED_ONLY,Scientific name change: CASE_ONLY. Family change: CASE_ONLY.,HIGH,NONE,,FALSE,https://mpbd.cu.ac.bd/plants.php?pageno=79
195510dc93f33afe,Buchanania cochinchinensis (Lour.) M.R.Almeida,buchanania cochinchinensis (lour.) m.r.almeida,Anacardiaceae,anacardiaceae,,,NORMALIZED_ONLY,Scientific name change: CASE_ONLY. Family change: CASE_ONLY.,HIGH,NONE,,FALSE,https://mpbd.cu.ac.bd/plants.php?pageno=79
4f4adb6eaea48a33,Buddleja NEEMDA Buch.-Ham.,buddleja neemda buch.-ham.,Buddlejaceae,buddlejaceae,,,NORMALIZED_ONLY,Scientific name change: CASE_ONLY. Family change: CASE_ONLY.,HIGH,NONE,,FALSE,https://mpbd.cu.ac.bd/plants.php?pageno=79
fbe3913d878e38a8,Byttneria pilosa Roxb.,byttneria pilosa roxb.,Sterculiaceae,sterculiaceae,,,NORMALIZED_ONLY,Scientific name change: CASE_ONLY. Family change: CASE_ONLY.,HIGH,NONE,,FALSE,https://mpbd.cu.ac.bd/plants.php?pageno=79
cc51b48e3e6bcff9,Butea MONOSPERMA (Lam.) Taub.,butea monosperma (lam.) taub.,Fabaceae,fabaceae,,,NORMALIZED_ONLY,Scientific name change: CASE_ONLY. Family change: CASE_ONLY.,HIGH,NONE,,FALSE,https://mpbd.cu.ac.bd/plants.php?pageno=79
4043e58f8759a322,Caesalpinia BONDUC (L.) Roxb.,caesalpinia bonduc (l.) roxb.,Caesalpiniaceae,caesalpiniaceae,,,NORMALIZED_ONLY,Scientific name change: CASE_ONLY. Family change: CASE_ONLY.,HIGH,NONE,,FALSE,https://mpbd.cu.ac.bd/plants.php?pageno=79
94d7eb52ee736a31,Caesalpinia DIGYNA Rottl.,caesalpinia digyna rottl.,Caesalpinaeae,caesalpinaeae,,,NORMALIZED_ONLY,Scientific name change: CASE_ONLY. Family change: CASE_ONLY.,HIGH,NONE,,FALSE,https://mpbd.cu.ac.bd/plants.php?pageno=80
f1dc31f862d3a083,Caesalpinia PULCHERIMA Sw.,caesalpinia pulcherima sw.,Caesalpinaeae,caesalpinaeae,,,NORMALIZED_ONLY,Scientific name change: CASE_ONLY. Family change: CASE_ONLY.,HIGH,NONE,,FALSE,https://mpbd.cu.ac.bd/plants.php?pageno=80
1b0b349ac7016f40,Cajanus cajan (L.) Millsp.,cajanus cajan (l.) millsp.,Fabaceae,fabaceae,,,NORMALIZED_ONLY,Scientific name change: CASE_ONLY. Family change: CASE_ONLY.,HIGH,NONE,,FALSE,https://mpbd.cu.ac.bd/plants.php?pageno=80
a0a1475c9b8d8dce,Callicarpa MACROPHYLLA Vahl.,callicarpa macrophylla vahl.,Verbenaceae,verbenaceae,,,NORMALIZED_ONLY,Scientific name change: CASE_ONLY. Family change: CASE_ONLY.,HIGH,NONE,,FALSE,https://mpbd.cu.ac.bd/plants.php?pageno=80
cac83783ea9b1bc5,Callicarpa TOMENTOSA (L.) Merr.,callicarpa tomentosa (l.) merr.,Verbenaceae,verbenaceae,,,NORMALIZED_ONLY,Scientific name change: CASE_ONLY. Family change: CASE_ONLY.,HIGH,NONE,,FALSE,https://mpbd.cu.ac.bd/plants.php?pageno=80
5c0ffd2c03b59233,Calophyllum INOPHYLLUM L.,calophyllum inophyllum l.,Guttiferae,guttiferae,,,NORMALIZED_ONLY,Scientific name change: CASE_ONLY. Family change: CASE_ONLY.,HIGH,NONE,,FALSE,https://mpbd.cu.ac.bd/plants.php?pageno=80
786eb2cdc0b83d71,Calotropis GIGANTEA (L.) R. Br.,calotropis gigantea (l.) r. br.,Asclepiadaceae,asclepiadaceae,,,NORMALIZED_ONLY,Scientific name change: CASE_ONLY. Family change: CASE_ONLY.,HIGH,NONE,,FALSE,https://mpbd.cu.ac.bd/plants.php?pageno=80
4cf1bacce3255c97,Calotropis PROCERA (Aiton) Dryand.,calotropis procera (aiton) dryand.,Asclepiadaceae,asclepiadaceae,,,NORMALIZED_ONLY,Scientific name change: CASE_ONLY. Family change: CASE_ONLY.,HIGH,NONE,,FALSE,https://mpbd.cu.ac.bd/plants.php?pageno=80
c6721f6e052e43af,Getonia floribunda ROXB.,getonia floribunda roxb.,Combretaceae,combretaceae,,,NORMALIZED_ONLY,Scientific name change: CASE_ONLY. Family change: CASE_ONLY.,HIGH,NONE,,FALSE,https://mpbd.cu.ac.bd/plants.php?pageno=80
8e46ab1a34f315e9,Camellia sinensis (L.) O. Kuntze.,camellia sinensis (l.) o. kuntze.,Theaceae,theaceae,,,NORMALIZED_ONLY,Scientific name change: CASE_ONLY. Family change: CASE_ONLY.,HIGH,NONE,,FALSE,https://mpbd.cu.ac.bd/plants.php?pageno=80
97646aade2be8f4f,Canarium BENGALENSE Roxb.,canarium bengalense roxb.,Burseraceae,burseraceae,,,NORMALIZED_ONLY,Scientific name change: CASE_ONLY. Family change: CASE_ONLY.,HIGH,NONE,,FALSE,https://mpbd.cu.ac.bd/plants.php?pageno=81
35b964afbce59b07,Canna INDICA L.,canna indica l.,Cannaceae,cannaceae,,,NORMALIZED_ONLY,Scientific name change: CASE_ONLY. Family change: CASE_ONLY.,HIGH,NONE,,FALSE,https://mpbd.cu.ac.bd/plants.php?pageno=81
0fc12c8ed214f857,Cannabis SATIVA L.,cannabis sativa l.,Cannabidaceae,cannabidaceae,,,NORMALIZED_ONLY,Scientific name change: CASE_ONLY. Family change: CASE_ONLY.,HIGH,NONE,,FALSE,https://mpbd.cu.ac.bd/plants.php?pageno=81
e1de547c1650d9c3,Magnolia champaca (L.)Baill.exPierre,magnolia champaca (l.)baill.expierre,Magnoliaceae,magnoliaceae,,,NORMALIZED_ONLY,Scientific name change: CASE_ONLY. Family change: CASE_ONLY.,HIGH,NONE,,FALSE,https://mpbd.cu.ac.bd/plants.php?pageno=81
5fa25e496a532078,Zehneria scabra Sond.,zehneria scabra sond.,Cucurbitaceae,cucurbitaceae,,,NORMALIZED_ONLY,Scientific name change: CASE_ONLY. Family change: CASE_ONLY.,HIGH,NONE,,FALSE,https://mpbd.cu.ac.bd/plants.php?pageno=81
930fe13c32955832,Solenaamplexicaulis(lam.) gandhi.,solenaamplexicaulis(lam.) gandhi.,Cucurbitaceae,cucurbitaceae,,,NORMALIZED_ONLY,Scientific name change: CASE_ONLY. Family change: CASE_ONLY.,HIGH,NONE,,FALSE,https://mpbd.cu.ac.bd/plants.php?pageno=81
bdc5fa0aa311f5fd,Cochlospermum religiosum (L.) Alston,cochlospermum religiosum (l.) alston,Vixaceae,vixaceae,,,NORMALIZED_ONLY,Scientific name change: CASE_ONLY. Family change: CASE_ONLY.,HIGH,NONE,,FALSE,https://mpbd.cu.ac.bd/plants.php?pageno=81
5ddb5911a11cc88f,Gynocardia odorata R. Br.,gynocardia odorata r. br.,-,-,,,NORMALIZED_ONLY,Scientific name change: CASE_ONLY. Family change: NO_CHANGE.,HIGH,NONE,,FALSE,https://mpbd.cu.ac.bd/plants.php?pageno=81
6c53883e26d7a764,Drosera peltata Thunb.,drosera peltata thunb.,-,-,,,NORMALIZED_ONLY,Scientific name change: CASE_ONLY. Family change: NO_CHANGE.,HIGH,NONE,,FALSE,https://mpbd.cu.ac.bd/plants.php?pageno=81
b0c37e335f2f6f74,Sida rhombifolia L.,sida rhombifolia l.,Malvaceae,malvaceae,,,NORMALIZED_ONLY,Scientific name change: CASE_ONLY. Family change: CASE_ONLY.,HIGH,NONE,,FALSE,https://mpbd.cu.ac.bd/plants.php?pageno=81
3103e745ff8101e6,Sida orientaliscav.,sida orientaliscav.,Malvaceae,malvaceae,,,NORMALIZED_ONLY,Scientific name change: CASE_ONLY. Family change: CASE_ONLY.,HIGH,NONE,,FALSE,https://mpbd.cu.ac.bd/plants.php?pageno=82
cf25f26d14494d79,Sida cordifolia L.,sida cordifolia l.,-,-,,,POTENTIAL_DUPLICATE,Normalized scientific name appears 2 times. Original change type: CASE_ONLY.,MEDIUM,NONE,,TRUE,https://mpbd.cu.ac.bd/plants.php?pageno=82
389df43c3b522ac2,Sidacordata(burm.f.) borss.waalk.,sidacordata(burm.f.) borss.waalk.,Malvaceae,malvaceae,,,NORMALIZED_ONLY,Scientific name change: CASE_ONLY. Family change: CASE_ONLY.,HIGH,NONE,,FALSE,https://mpbd.cu.ac.bd/plants.php?pageno=82
b432bc87e8a0b448,Sida acuta Burm. f.,sida acuta burm. f.,Malvaceae,malvaceae,,,POTENTIAL_DUPLICATE,Normalized scientific name appears 2 times. Original change type: CASE_ONLY.,MEDIUM,NONE,,TRUE,https://mpbd.cu.ac.bd/plants.php?pageno=82
a43b815a17d2a429,Malva sylvestris L.,malva sylvestris l.,Malvaceae,malvaceae,,,NORMALIZED_ONLY,Scientific name change: CASE_ONLY. Family change: CASE_ONLY.,HIGH,NONE,,FALSE,https://mpbd.cu.ac.bd/plants.php?pageno=82
3f6c637570deb0e2,Hibiscus schizopetalus (Mast.) Hook. f.,hibiscus schizopetalus (mast.) hook. f.,Malvaceae,malvaceae,,,NORMALIZED_ONLY,Scientific name change: CASE_ONLY. Family change: CASE_ONLY.,HIGH,NONE,,FALSE,https://mpbd.cu.ac.bd/plants.php?pageno=82
4a6efb00f777bb08,Althaea officinalis L.,althaea officinalis l.,-,-,,,NORMALIZED_ONLY,Scientific name change: CASE_ONLY. Family change: NO_CHANGE.,HIGH,NONE,,FALSE,https://mpbd.cu.ac.bd/plants.php?pageno=82
4ee2071905b8584b,Bombax insigne Wall.,bombax insigne wall.,Bombaceae,bombaceae,,,NORMALIZED_ONLY,Scientific name change: CASE_ONLY. Family change: CASE_ONLY.,HIGH,NONE,,FALSE,https://mpbd.cu.ac.bd/plants.php?pageno=82
a02bc7f09f4b25c7,Firmiana simplex(l.) W.Wight.,firmiana simplex(l.) w.wight.,Sterculaceae,sterculaceae,,,NORMALIZED_ONLY,Scientific name change: CASE_ONLY. Family change: CASE_ONLY.,HIGH,NONE,,FALSE,https://mpbd.cu.ac.bd/plants.php?pageno=82
c67c9c938181faa7,Sterculia lanceifolia Roxb.,sterculia lanceifolia roxb.,Sterculiaceae,sterculiaceae,,,NORMALIZED_ONLY,Scientific name change: CASE_ONLY. Family change: CASE_ONLY.,HIGH,NONE,,FALSE,https://mpbd.cu.ac.bd/plants.php?pageno=82
6b9d73777e54cd6a,Pentapetes phoenicea L.,pentapetes phoenicea l.,Sterculaceae,sterculaceae,,,NORMALIZED_ONLY,Scientific name change: CASE_ONLY. Family change: CASE_ONLY.,HIGH,NONE,,FALSE,https://mpbd.cu.ac.bd/plants.php?pageno=83
161e63ed8a6d8909,Microcos paniculata L.,microcos paniculata l.,Tiliaceae,tiliaceae,,,NORMALIZED_ONLY,Scientific name change: CASE_ONLY. Family change: CASE_ONLY.,HIGH,NONE,,FALSE,https://mpbd.cu.ac.bd/plants.php?pageno=83
de849fcf4b356131,Melochia corchorifolia L.,melochia corchorifolia l.,Tiliaceae,tiliaceae,,,POTENTIAL_DUPLICATE,Normalized scientific name appears 2 times. Original change type: CASE_ONLY.,MEDIUM,NONE,,TRUE,https://mpbd.cu.ac.bd/plants.php?pageno=83
0a29cdb71ba14dfe,Corchorus fascicularis Lam.,corchorus fascicularis lam.,Tiliaceae,tiliaceae,,,NORMALIZED_ONLY,Scientific name change: CASE_ONLY. Family change: CASE_ONLY.,HIGH,NONE,,FALSE,https://mpbd.cu.ac.bd/plants.php?pageno=83
b53c0e6c8ded0c38,Corchorus aestuans L.,corchorus aestuans l.,Tiliaceae,tiliaceae,,,NORMALIZED_ONLY,Scientific name change: CASE_ONLY. Family change: CASE_ONLY.,HIGH,NONE,,FALSE,https://mpbd.cu.ac.bd/plants.php?pageno=83
0ac0866f9612ca53,Elaeocarpus serratusl.,elaeocarpus serratusl.,Elaeocareaceae,elaeocareaceae,,,NORMALIZED_ONLY,Scientific name change: CASE_ONLY. Family change: CASE_ONLY.,HIGH,NONE,,FALSE,https://mpbd.cu.ac.bd/plants.php?pageno=83
21f4bda5b354352c,Hypericum japonicum Thunb.,hypericum japonicum thunb.,Clusiaceae,clusiaceae,,,POTENTIAL_DUPLICATE,Normalized scientific name appears 2 times. Original change type: CASE_ONLY.,MEDIUM,NONE,,TRUE,https://mpbd.cu.ac.bd/plants.php?pageno=83
ac9806c188a593f3,Calophyllum polyanthumwall.ex Choisy,calophyllum polyanthumwall.ex choisy,Clusiaceae,clusiaceae,,,NORMALIZED_ONLY,Scientific name change: CASE_ONLY. Family change: CASE_ONLY.,HIGH,NONE,,FALSE,https://mpbd.cu.ac.bd/plants.php?pageno=83
31affef7bf8eda21,Schima wallichii Choisy,schima wallichii choisy,Theaceae,theaceae,,,NORMALIZED_ONLY,Scientific name change: CASE_ONLY. Family change: CASE_ONLY.,HIGH,NONE,,FALSE,https://mpbd.cu.ac.bd/plants.php?pageno=83
9d8d4797cae18185,Shorea robusta Gaertn.,shorea robusta gaertn.,Dipterocarpaceae,dipterocarpaceae,,,POTENTIAL_DUPLICATE,Normalized scientific name appears 2 times. Original change type: CASE_ONLY.,MEDIUM,NONE,,TRUE,https://mpbd.cu.ac.bd/plants.php?pageno=84
6cb1449741637c30,Dipterocarpus turbinatus Gaertn.,dipterocarpus turbinatus gaertn.,Dipterocarpaceae,dipterocarpaceae,,,NORMALIZED_ONLY,Scientific name change: CASE_ONLY. Family change: CASE_ONLY.,HIGH,NONE,,FALSE,https://mpbd.cu.ac.bd/plants.php?pageno=84
1a98540395a4294c,Tetracera sarmentosa (L.) Vahl,tetracera sarmentosa (l.) vahl,Dilleniaceae,dilleniaceae,,,NORMALIZED_ONLY,Scientific name change: CASE_ONLY. Family change: CASE_ONLY.,HIGH,NONE,,FALSE,https://mpbd.cu.ac.bd/plants.php?pageno=84
610f76ffdccffd88,Dillenia indica L.,dillenia indica l.,Dilleniaceae,dilleniaceae,,,POTENTIAL_DUPLICATE,Normalized scientific name appears 2 times. Original change type: CASE_ONLY.,MEDIUM,NONE,,TRUE,https://mpbd.cu.ac.bd/plants.php?pageno=84
8453ce83f84406ff,Rheum emodi L.,rheum emodi l.,Polygonaceae,polygonaceae,,,NORMALIZED_ONLY,Scientific name change: CASE_ONLY. Family change: CASE_ONLY.,HIGH,NONE,,FALSE,https://mpbd.cu.ac.bd/plants.php?pageno=84
c07108c1a1d1fd8b,Polygonum pubescens Blume,polygonum pubescens blume,Polygonaceae,polygonaceae,,,NORMALIZED_ONLY,Scientific name change: CASE_ONLY. Family change: CASE_ONLY.,HIGH,NONE,,FALSE,https://mpbd.cu.ac.bd/plants.php?pageno=84
bc86f062ddd74dcf,Polygonum aviculare L.,polygonum aviculare l.,Polygonaceae,polygonaceae,,,NORMALIZED_ONLY,Scientific name change: CASE_ONLY. Family change: CASE_ONLY.,HIGH,NONE,,FALSE,https://mpbd.cu.ac.bd/plants.php?pageno=84
c0e55bd0f39d5487,Polygonum viscosumbuch.-ham. ex D. Don.,polygonum viscosumbuch.-ham. ex d. don.,Polygonaceae,polygonaceae,,,NORMALIZED_ONLY,Scientific name change: CASE_ONLY. Family change: CASE_ONLY.,HIGH,NONE,,FALSE,https://mpbd.cu.ac.bd/plants.php?pageno=84
57b2212b901cb9ac,Persicaria strigosa (R. Br.) Nakai,persicaria strigosa (r. br.) nakai,Polygonaceae,polygonaceae,,,NORMALIZED_ONLY,Scientific name change: CASE_ONLY. Family change: CASE_ONLY.,HIGH,NONE,,FALSE,https://mpbd.cu.ac.bd/plants.php?pageno=84
00f6f5166225ed9e,Persicaria stagnina (Buch.-Ham. ex Meisn.)Qaiser,persicaria stagnina (buch.-ham. ex meisn.)qaiser,Polygonaceae,polygonaceae,,,NORMALIZED_ONLY,Scientific name change: CASE_ONLY. Family change: CASE_ONLY.,HIGH,NONE,,FALSE,https://mpbd.cu.ac.bd/plants.php?pageno=84
f1387442b7e84127,Persicaria lapathifolia (L.) Delarbre,persicaria lapathifolia (l.) delarbre,Polygonaceae,polygonaceae,,,NORMALIZED_ONLY,Scientific name change: CASE_ONLY. Family change: CASE_ONLY.,HIGH,NONE,,FALSE,https://mpbd.cu.ac.bd/plants.php?pageno=85
548fbac5dccf8975,Persicaria chinensis (L.) H. Gross,persicaria chinensis (l.) h. gross,Polygonaceae,polygonaceae,,,NORMALIZED_ONLY,Scientific name change: CASE_ONLY. Family change: CASE_ONLY.,HIGH,NONE,,FALSE,https://mpbd.cu.ac.bd/plants.php?pageno=85
5b11d5dc463ef180,Polycarpon prostratum (Forssk.) Asch. & Schweinf.,polycarpon prostratum (forssk.) asch. & schweinf.,Caryophyllaceae,caryophyllaceae,,,NORMALIZED_ONLY,Scientific name change: CASE_ONLY. Family change: CASE_ONLY.,HIGH,NONE,,FALSE,https://mpbd.cu.ac.bd/plants.php?pageno=85
343304f253e6b1b6,Drymaria cordata subsp.diandra (Blume) J.A.Duke.,drymaria cordata subsp.diandra (blume) j.a.duke.,Caryophyllaceae,caryophyllaceae,,,NORMALIZED_ONLY,Scientific name change: CASE_ONLY. Family change: CASE_ONLY.,HIGH,NONE,,FALSE,https://mpbd.cu.ac.bd/plants.php?pageno=85
be9a2422e5862ec4,portulaca grandiflora Hook.,portulaca grandiflora hook.,-,-,,,NORMALIZED_ONLY,Scientific name change: CASE_ONLY. Family change: NO_CHANGE.,HIGH,NONE,,FALSE,https://mpbd.cu.ac.bd/plants.php?pageno=85
bff587af46ded957,Cyathula prostrata (L.) Blume,cyathula prostrata (l.) blume,Amaranthaceae,amaranthaceae,,,NORMALIZED_ONLY,Scientific name change: CASE_ONLY. Family change: CASE_ONLY.,HIGH,NONE,,FALSE,https://mpbd.cu.ac.bd/plants.php?pageno=85
86813a168a915073,Amaranthus tricolor L.,amaranthus tricolor l.,Amaranthaceae,amaranthaceae,,,NORMALIZED_ONLY,Scientific name change: CASE_ONLY. Family change: CASE_ONLY.,HIGH,NONE,,FALSE,https://mpbd.cu.ac.bd/plants.php?pageno=85
8d4964df6bf7ae35,Bougainvillea spectabilis Willd,bougainvillea spectabilis willd,Nyctaginaceae,nyctaginaceae,,,NORMALIZED_ONLY,Scientific name change: CASE_ONLY. Family change: CASE_ONLY.,HIGH,NONE,,FALSE,https://mpbd.cu.ac.bd/plants.php?pageno=85
20b877f4b343180a,Corylus avellana L.,corylus avellana l.,Betulaceae,betulaceae,,,NORMALIZED_ONLY,Scientific name change: CASE_ONLY. Family change: CASE_ONLY.,HIGH,NONE,,FALSE,https://mpbd.cu.ac.bd/plants.php?pageno=85
6cbcf8ac4ce6dde1,Quercus infectoria G.Olivier,quercus infectoria g.olivier,Fagaceae,fagaceae,,,NORMALIZED_ONLY,Scientific name change: CASE_ONLY. Family change: CASE_ONLY.,HIGH,NONE,,FALSE,https://mpbd.cu.ac.bd/plants.php?pageno=85
f08547f7029a3326,Sarcochlamys pulcherrima Gaudich.,sarcochlamys pulcherrima gaudich.,Urticaceae,urticaceae,,,NORMALIZED_ONLY,Scientific name change: CASE_ONLY. Family change: CASE_ONLY.,HIGH,NONE,,FALSE,https://mpbd.cu.ac.bd/plants.php?pageno=86
09d802440186ad36,Pouzolzia sanguinea (Blume.) Merrill,pouzolzia sanguinea (blume.) merrill,Urticaceae,urticaceae,,,NORMALIZED_ONLY,Scientific name change: CASE_ONLY. Family change: CASE_ONLY.,HIGH,NONE,,FALSE,https://mpbd.cu.ac.bd/plants.php?pageno=86
32cfa1014b8ede1e,Pouzolzia hirta Blume ex Hassk.,pouzolzia hirta blume ex hassk.,Urticaceae,urticaceae,,,NORMALIZED_ONLY,Scientific name change: CASE_ONLY. Family change: CASE_ONLY.,HIGH,NONE,,FALSE,https://mpbd.cu.ac.bd/plants.php?pageno=86
9622d297c0390dfb,Fleurya interrupta Gaud.,fleurya interrupta gaud.,-,-,,,NORMALIZED_ONLY,Scientific name change: CASE_ONLY. Family change: NO_CHANGE.,HIGH,NONE,,FALSE,https://mpbd.cu.ac.bd/plants.php?pageno=86
2089d55ec35741b4,Elatostema rupestre(buch.-ham. ex D.Don) Wedd.,elatostema rupestre(buch.-ham. ex d.don) wedd.,Urticaceae,urticaceae,,,NORMALIZED_ONLY,Scientific name change: CASE_ONLY. Family change: CASE_ONLY.,HIGH,NONE,,FALSE,https://mpbd.cu.ac.bd/plants.php?pageno=86
34777bb0bbd11aec,Elatostema papillosum Wedd.,elatostema papillosum wedd.,Urticaceae,urticaceae,,,NORMALIZED_ONLY,Scientific name change: CASE_ONLY. Family change: CASE_ONLY.,HIGH,NONE,,FALSE,https://mpbd.cu.ac.bd/plants.php?pageno=86
70c5d19d2feeec9c,Boehmeria nivea (L.) Gaudich.,boehmeria nivea (l.) gaudich.,Urticaceae,urticaceae,,,NORMALIZED_ONLY,Scientific name change: CASE_ONLY. Family change: CASE_ONLY.,HIGH,NONE,,FALSE,https://mpbd.cu.ac.bd/plants.php?pageno=86
fec63132b0b546da,Ficus sagittata Vahl,ficus sagittata vahl,Moraceae,moraceae,,,NORMALIZED_ONLY,Scientific name change: CASE_ONLY. Family change: CASE_ONLY.,HIGH,NONE,,FALSE,https://mpbd.cu.ac.bd/plants.php?pageno=86
41da6bc15843faa7,Ficus rumphii Blume,ficus rumphii blume,Moraceae,moraceae,,,NORMALIZED_ONLY,Scientific name change: CASE_ONLY. Family change: CASE_ONLY.,HIGH,NONE,,FALSE,https://mpbd.cu.ac.bd/plants.php?pageno=86
afda68f1657934d0,Ficus pumila L.,ficus pumila l.,Moraceae,moraceae,,,NORMALIZED_ONLY,Scientific name change: CASE_ONLY. Family change: CASE_ONLY.,HIGH,NONE,,FALSE,https://mpbd.cu.ac.bd/plants.php?pageno=86
5666a4d08f3a1d6b,Ficus mollis Vahl.,ficus mollis vahl.,Moraceae,moraceae,,,NORMALIZED_ONLY,Scientific name change: CASE_ONLY. Family change: CASE_ONLY.,HIGH,NONE,,FALSE,https://mpbd.cu.ac.bd/plants.php?pageno=87
6339491c5d6bbe88,Ficus hirta Vahl.,ficus hirta vahl.,Moraceae,moraceae,,,NORMALIZED_ONLY,Scientific name change: CASE_ONLY. Family change: CASE_ONLY.,HIGH,NONE,,FALSE,https://mpbd.cu.ac.bd/plants.php?pageno=87
961320d554473d11,Ficus heterophylla L.f.,ficus heterophylla l.f.,Moraceae,moraceae,,,NORMALIZED_ONLY,Scientific name change: CASE_ONLY. Family change: CASE_ONLY.,HIGH,NONE,,FALSE,https://mpbd.cu.ac.bd/plants.php?pageno=87
0b66c392af01e131,Ficus hederacea Roxb.,ficus hederacea roxb.,Moraceae,moraceae,,,NORMALIZED_ONLY,Scientific name change: CASE_ONLY. Family change: CASE_ONLY.,HIGH,NONE,,FALSE,https://mpbd.cu.ac.bd/plants.php?pageno=87
7caad62ce72a2709,Ficus curtipes Corner,ficus curtipes corner,Moraceae,moraceae,,,NORMALIZED_ONLY,Scientific name change: CASE_ONLY. Family change: CASE_ONLY.,HIGH,NONE,,FALSE,https://mpbd.cu.ac.bd/plants.php?pageno=87
1f2ca3f94eb63ecb,Canscora alata (ROTH) WALL.,canscora alata (roth) wall.,Gentianaceae,gentianaceae,,,NORMALIZED_ONLY,Scientific name change: CASE_ONLY. Family change: CASE_ONLY.,HIGH,NONE,,FALSE,https://mpbd.cu.ac.bd/plants.php?pageno=87
2f92650f6cfc1399,Canscora DIFFUSA (Vahl.) R. Br.,canscora diffusa (vahl.) r. br.,Gentianaceae,gentianaceae,,,NORMALIZED_ONLY,Scientific name change: CASE_ONLY. Family change: CASE_ONLY.,HIGH,NONE,,FALSE,https://mpbd.cu.ac.bd/plants.php?pageno=87
d88157ce102e30b0,Capparis ZEYLANICA L.,capparis zeylanica l.,Capparidaceae,capparidaceae,,,NORMALIZED_ONLY,Scientific name change: CASE_ONLY. Family change: CASE_ONLY.,HIGH,NONE,,FALSE,https://mpbd.cu.ac.bd/plants.php?pageno=87
012708f357e1b720,Capsicum ANNUUM L.,capsicum annuum l.,Solanaceae,solanaceae,,,NORMALIZED_ONLY,Scientific name change: CASE_ONLY. Family change: CASE_ONLY.,HIGH,NONE,,FALSE,https://mpbd.cu.ac.bd/plants.php?pageno=87
eb4477ca66a18c17,Cardiospermum HALICACABUML.,cardiospermum halicacabuml.,Sapindaceae,sapindaceae,,,NORMALIZED_ONLY,Scientific name change: CASE_ONLY. Family change: CASE_ONLY.,HIGH,NONE,,FALSE,https://mpbd.cu.ac.bd/plants.php?pageno=87
89e1eb827b545391,Careya ARBOREA Roxb.,careya arborea roxb.,Lecythidaceae,lecythidaceae,,,NORMALIZED_ONLY,Scientific name change: CASE_ONLY. Family change: CASE_ONLY.,HIGH,NONE,,FALSE,https://mpbd.cu.ac.bd/plants.php?pageno=88
3219dc194e0a0fa0,Carica PAPAYA L.,carica papaya l.,Caricaceae,caricaceae,,,NORMALIZED_ONLY,Scientific name change: CASE_ONLY. Family change: CASE_ONLY.,HIGH,NONE,,FALSE,https://mpbd.cu.ac.bd/plants.php?pageno=88
c1d4785c00cd7a47,Carissa spinarum L.,carissa spinarum l.,Apocynaceae,apocynaceae,,,NORMALIZED_ONLY,Scientific name change: CASE_ONLY. Family change: CASE_ONLY.,HIGH,NONE,,FALSE,https://mpbd.cu.ac.bd/plants.php?pageno=88
d45b861172b97328,Carthamus TINCTORIUS L.,carthamus tinctorius l.,Asteraceae,asteraceae,,,NORMALIZED_ONLY,Scientific name change: CASE_ONLY. Family change: CASE_ONLY.,HIGH,NONE,,FALSE,https://mpbd.cu.ac.bd/plants.php?pageno=88
dca2846b7be1a500,Caryota URENS L.,caryota urens l.,Arecaceae,arecaceae,,,NORMALIZED_ONLY,Scientific name change: CASE_ONLY. Family change: CASE_ONLY.,HIGH,NONE,,FALSE,https://mpbd.cu.ac.bd/plants.php?pageno=88
782e69b40f51302a,Senna alata (L.) Roxb.,senna alata (l.) roxb.,Caesalpinaeae,caesalpinaeae,,,NORMALIZED_ONLY,Scientific name change: CASE_ONLY. Family change: CASE_ONLY.,HIGH,NONE,,FALSE,https://mpbd.cu.ac.bd/plants.php?pageno=88
2296a9f9a31fcb8a,Cassia FISTULA L.,cassia fistula l.,Caesalpinaeae,caesalpinaeae,,,NORMALIZED_ONLY,Scientific name change: CASE_ONLY. Family change: CASE_ONLY.,HIGH,NONE,,FALSE,https://mpbd.cu.ac.bd/plants.php?pageno=88
d196e25e757ddd29,Senna obtusifolia (L.) H.S.Irwin & Barneby,senna obtusifolia (l.) h.s.irwin & barneby,Caesalpinaeae,caesalpinaeae,,,NORMALIZED_ONLY,Scientific name change: CASE_ONLY. Family change: CASE_ONLY.,HIGH,NONE,,FALSE,https://mpbd.cu.ac.bd/plants.php?pageno=88
027962615158f6de,Senna occidentalis (L.) Link,senna occidentalis (l.) link,Caesalpinaeae,caesalpinaeae,,,NORMALIZED_ONLY,Scientific name change: CASE_ONLY. Family change: CASE_ONLY.,HIGH,NONE,,FALSE,https://mpbd.cu.ac.bd/plants.php?pageno=88
124336ad835afd12,Senna sophera (L.) Roxb.,senna sophera (l.) roxb.,Caesalpinaeae,caesalpinaeae,,,NORMALIZED_ONLY,Scientific name change: CASE_ONLY. Family change: CASE_ONLY.,HIGH,NONE,,FALSE,https://mpbd.cu.ac.bd/plants.php?pageno=88
f40d7096de365f2b,Cassytha FILIFORMIS L.,cassytha filiformis l.,Lauraceae,lauraceae,,,POTENTIAL_DUPLICATE,Normalized scientific name appears 2 times. Original change type: CASE_ONLY.,MEDIUM,NONE,,TRUE,https://mpbd.cu.ac.bd/plants.php?pageno=89
615e16b371d6666d,Casuarina LITTOREA L.,casuarina littorea l.,Casuarinaceae,casuarinaceae,,,NORMALIZED_ONLY,Scientific name change: CASE_ONLY. Family change: CASE_ONLY.,HIGH,NONE,,FALSE,https://mpbd.cu.ac.bd/plants.php?pageno=89
bfe669d6466243b5,Catharanthus roseus (L.) G.Don,catharanthus roseus (l.) g.don,Apocynaceae,apocynaceae,,,NORMALIZED_ONLY,Scientific name change: CASE_ONLY. Family change: CASE_ONLY.,HIGH,NONE,,FALSE,https://mpbd.cu.ac.bd/plants.php?pageno=89
1159cdfca7652452,Cayratia PEDATA (Lam.) Juss. ex Gagnep.,cayratia pedata (lam.) juss. ex gagnep.,Vitaceae,vitaceae,,,NORMALIZED_ONLY,Scientific name change: CASE_ONLY. Family change: CASE_ONLY.,HIGH,NONE,,FALSE,https://mpbd.cu.ac.bd/plants.php?pageno=89
c8a956cc1d9316e7,Cayratia TRIFOLIA (L.) Domin.,cayratia trifolia (l.) domin.,Vitaceae,vitaceae,,,NORMALIZED_ONLY,Scientific name change: CASE_ONLY. Family change: CASE_ONLY.,HIGH,NONE,,FALSE,https://mpbd.cu.ac.bd/plants.php?pageno=89
ab9f7b1850b1d917,Ceiba PENTANDRA (L.)Gaertn,ceiba pentandra (l.)gaertn,Bombaceae,bombaceae,,,NORMALIZED_ONLY,Scientific name change: CASE_ONLY. Family change: CASE_ONLY.,HIGH,NONE,,FALSE,https://mpbd.cu.ac.bd/plants.php?pageno=89
95c97a3cbae666dd,Celastrus PANICULATUS Willd.,celastrus paniculatus willd.,Celastraceae,celastraceae,,,NORMALIZED_ONLY,Scientific name change: CASE_ONLY. Family change: CASE_ONLY.,HIGH,NONE,,FALSE,https://mpbd.cu.ac.bd/plants.php?pageno=89
9f21e8b8b396cdd5,Celosia ARGENTEA L.,celosia argentea l.,Amaranthaceae,amaranthaceae,,,NORMALIZED_ONLY,Scientific name change: CASE_ONLY. Family change: CASE_ONLY.,HIGH,NONE,,FALSE,https://mpbd.cu.ac.bd/plants.php?pageno=89
027d53a290226f03,Celosia CRISTATA L.(SAME AS 161),celosia cristata l.(same as 161),Amaranthaceae,amaranthaceae,,,NORMALIZED_ONLY,Scientific name change: CASE_ONLY. Family change: CASE_ONLY.,HIGH,NONE,,FALSE,https://mpbd.cu.ac.bd/plants.php?pageno=89
699d41645e13810c,Piper pedicellatum DC.,piper pedicellatum dc.,Piperaceae,piperaceae,,,NORMALIZED_ONLY,Scientific name change: CASE_ONLY. Family change: CASE_ONLY.,HIGH,NONE,,FALSE,https://mpbd.cu.ac.bd/plants.php?pageno=89
93a901f9d3044258,Piperboehmeriifolium(miq.) wall. ex C. DC.,piperboehmeriifolium(miq.) wall. ex c. dc.,Piperaceae,piperaceae,,,NORMALIZED_ONLY,Scientific name change: CASE_ONLY. Family change: CASE_ONLY.,HIGH,NONE,,FALSE,https://mpbd.cu.ac.bd/plants.php?pageno=90
0bc09bda00a29187,Piper wallichii (MIQ.) HAND.-MAZZ.,piper wallichii (miq.) hand.-mazz.,Piperaceae,piperaceae,,,NORMALIZED_ONLY,Scientific name change: CASE_ONLY. Family change: CASE_ONLY.,HIGH,NONE,,FALSE,https://mpbd.cu.ac.bd/plants.php?pageno=90
0a680e3b2ae37e10,Chloranthus elatior LINK.,chloranthus elatior link.,Chloranthaceae,chloranthaceae,,,NORMALIZED_ONLY,Scientific name change: CASE_ONLY. Family change: CASE_ONLY.,HIGH,NONE,,FALSE,https://mpbd.cu.ac.bd/plants.php?pageno=90
cc3eac57c200bde4,Ocotea lancifolia (SCHOTT) MEZ.,ocotea lancifolia (schott) mez.,Lauraceae,lauraceae,,,NORMALIZED_ONLY,Scientific name change: CASE_ONLY. Family change: CASE_ONLY.,HIGH,NONE,,FALSE,https://mpbd.cu.ac.bd/plants.php?pageno=90
d3d317d05c60ffca,Litsea glutinosa (LOUR.) ROBINSON,litsea glutinosa (lour.) robinson,Lauraceae,lauraceae,,,NORMALIZED_ONLY,Scientific name change: CASE_ONLY. Family change: CASE_ONLY.,HIGH,NONE,,FALSE,https://mpbd.cu.ac.bd/plants.php?pageno=90
e40dc1f62a578cfd,Cassytha FILIFORMIS L.,cassytha filiformis l.,LAURACEAE,lauraceae,,,POTENTIAL_DUPLICATE,Normalized scientific name appears 2 times. Original change type: CASE_ONLY.,MEDIUM,NONE,,TRUE,https://mpbd.cu.ac.bd/plants.php?pageno=90
db752b6cb0df9395,Actinodaphne obovata (NEES) BLUME,actinodaphne obovata (nees) blume,LAURACEAE,lauraceae,,,NORMALIZED_ONLY,Scientific name change: CASE_ONLY. Family change: CASE_ONLY.,HIGH,NONE,,FALSE,https://mpbd.cu.ac.bd/plants.php?pageno=90
b2f0ec7fd14f22f8,Uvaria hamiltonii HOOK. F. & THOM.,uvaria hamiltonii hook. f. & thom.,ANNONACEAE,annonaceae,,,POTENTIAL_DUPLICATE,Normalized scientific name appears 2 times. Original change type: CASE_ONLY.,MEDIUM,NONE,,TRUE,https://mpbd.cu.ac.bd/plants.php?pageno=90
f5b4885975705220,Desmos chinensislour.,desmos chinensislour.,ANNONACEAE,annonaceae,,,NORMALIZED_ONLY,Scientific name change: CASE_ONLY. Family change: CASE_ONLY.,HIGH,NONE,,FALSE,https://mpbd.cu.ac.bd/plants.php?pageno=90
34f34bc03c9c1196,Dasymaschalon longiflorum(roxb.) FINET & GAGNEP.,dasymaschalon longiflorum(roxb.) finet & gagnep.,ANNONACEAE,annonaceae,,,NORMALIZED_ONLY,Scientific name change: CASE_ONLY. Family change: CASE_ONLY.,HIGH,NONE,,FALSE,https://mpbd.cu.ac.bd/plants.php?pageno=90
0738df3ae1a4472e,Magnolia praecalva(dandy) Figlar & Noot.,magnolia praecalva(dandy) figlar & noot.,MAGNOLIACEAE,magnoliaceae,,,NORMALIZED_ONLY,Scientific name change: CASE_ONLY. Family change: CASE_ONLY.,HIGH,NONE,,FALSE,https://mpbd.cu.ac.bd/plants.php?pageno=91
954cde5a11510cbb,Centella ASIATICA (L.) Urban.,centella asiatica (l.) urban.,Apiaceae,apiaceae,,,NORMALIZED_ONLY,Scientific name change: CASE_ONLY. Family change: CASE_ONLY.,HIGH,NONE,,FALSE,https://mpbd.cu.ac.bd/plants.php?pageno=91
08eda716fb2286ae,Cerbera MANGHAS L.,cerbera manghas l.,Apocynaceae,apocynaceae,,,NORMALIZED_ONLY,Scientific name change: CASE_ONLY. Family change: CASE_ONLY.,HIGH,NONE,,FALSE,https://mpbd.cu.ac.bd/plants.php?pageno=91
f676c59f641a0a1e,Ceriops TAGAL (Perr.) C.B. Rob.,ceriops tagal (perr.) c.b. rob.,Rhizophoraceae,rhizophoraceae,,,NORMALIZED_ONLY,Scientific name change: CASE_ONLY. Family change: CASE_ONLY.,HIGH,NONE,,FALSE,https://mpbd.cu.ac.bd/plants.php?pageno=91
3729943584ab92b1,Cheilosoria tenuifolia (BURM. F.) TREVIS.,cheilosoria tenuifolia (burm. f.) trevis.,Polypodiaceae,polypodiaceae,,,NORMALIZED_ONLY,Scientific name change: CASE_ONLY. Family change: CASE_ONLY.,HIGH,NONE,,FALSE,https://mpbd.cu.ac.bd/plants.php?pageno=91
ff183c7a75c277f3,Chenopodium ALBUM L.,chenopodium album l.,Chenopodiaceae,chenopodiaceae,,,NORMALIZED_ONLY,Scientific name change: CASE_ONLY. Family change: CASE_ONLY.,HIGH,NONE,,FALSE,https://mpbd.cu.ac.bd/plants.php?pageno=91
e2808d9d6fe55ca0,Dysphania ambrosioides (L.) Mosyakin & Clemants,dysphania ambrosioides (l.) mosyakin & clemants,Chenopodiaceae,chenopodiaceae,,,NORMALIZED_ONLY,Scientific name change: CASE_ONLY. Family change: CASE_ONLY.,HIGH,NONE,,FALSE,https://mpbd.cu.ac.bd/plants.php?pageno=91
ed7328ebba16af5b,Chukrasia tabularis A.Juss.,chukrasia tabularis a.juss.,Meliaceae,meliaceae,,,NORMALIZED_ONLY,Scientific name change: CASE_ONLY. Family change: CASE_ONLY.,HIGH,NONE,,FALSE,https://mpbd.cu.ac.bd/plants.php?pageno=91
221c98b160cb1c77,Cicer ARIETINUM L.,cicer arietinum l.,Fabaceae,fabaceae,,,NORMALIZED_ONLY,Scientific name change: CASE_ONLY. Family change: CASE_ONLY.,HIGH,NONE,,FALSE,https://mpbd.cu.ac.bd/plants.php?pageno=91
15f13ffceae5bf79,Cinnamomum curvifolium (Lam.) Nees,cinnamomum curvifolium (lam.) nees,Lauraceae,lauraceae,,,NORMALIZED_ONLY,Scientific name change: CASE_ONLY. Family change: CASE_ONLY.,HIGH,NONE,,FALSE,https://mpbd.cu.ac.bd/plants.php?pageno=91
ead7f02727beaed4,Cinnamomum TAMALA Nees,cinnamomum tamala nees,Lauraceae,lauraceae,,,NORMALIZED_ONLY,Scientific name change: CASE_ONLY. Family change: CASE_ONLY.,HIGH,NONE,,FALSE,https://mpbd.cu.ac.bd/plants.php?pageno=92
efbc1ab03944dfe2,Cinnamomum VERUM Presl.,cinnamomum verum presl.,Lauraceae,lauraceae,,,NORMALIZED_ONLY,Scientific name change: CASE_ONLY. Family change: CASE_ONLY.,HIGH,NONE,,FALSE,https://mpbd.cu.ac.bd/plants.php?pageno=92
9eb9f152124da4f0,Piper sylvaticum Roxb,piper sylvaticum roxb,Piperaceae,piperaceae,,,NORMALIZED_ONLY,Scientific name change: CASE_ONLY. Family change: CASE_ONLY.,HIGH,NONE,,FALSE,https://mpbd.cu.ac.bd/plants.php?pageno=92
a51d0d03b8090370,Aristolochia rotunda L.,aristolochia rotunda l.,Aristolochiaceae,aristolochiaceae,,,NORMALIZED_ONLY,Scientific name change: CASE_ONLY. Family change: CASE_ONLY.,HIGH,NONE,,FALSE,https://mpbd.cu.ac.bd/plants.php?pageno=92
40e35452b9d0777b,Asarum europaeum L.,asarum europaeum l.,Aristolochiaceae,aristolochiaceae,,,NORMALIZED_ONLY,Scientific name change: CASE_ONLY. Family change: CASE_ONLY.,HIGH,NONE,,FALSE,https://mpbd.cu.ac.bd/plants.php?pageno=92
83722e19efd14bbb,Euryale ferox Salisb.,euryale ferox salisb.,Nymphaeaceae,nymphaeaceae,,,POTENTIAL_DUPLICATE,Normalized scientific name appears 2 times. Original change type: CASE_ONLY.,MEDIUM,NONE,,TRUE,https://mpbd.cu.ac.bd/plants.php?pageno=92
3760f8015a321f48,Ranunculus sceleratus L.,ranunculus sceleratus l.,Ranunculaceae,ranunculaceae,,,POTENTIAL_DUPLICATE,Normalized scientific name appears 2 times. Original change type: CASE_ONLY.,MEDIUM,NONE,,TRUE,https://mpbd.cu.ac.bd/plants.php?pageno=92
add5654295165a51,Cyclea barbata Miers,cyclea barbata miers,Menispermaceae,menispermaceae,,,NORMALIZED_ONLY,Scientific name change: CASE_ONLY. Family change: CASE_ONLY.,HIGH,NONE,,FALSE,https://mpbd.cu.ac.bd/plants.php?pageno=92
e258bf65bda796b1,Fumaria indica (Hausskn.)Pugsley,fumaria indica (hausskn.)pugsley,Papaveraceae,papaveraceae,,,NORMALIZED_ONLY,Scientific name change: CASE_ONLY. Family change: CASE_ONLY.,HIGH,NONE,,FALSE,https://mpbd.cu.ac.bd/plants.php?pageno=92
1d40aa36f0779ebb,Altingia excelsa Noronha,altingia excelsa noronha,Hamamelidaceae,hamamelidaceae,,,NORMALIZED_ONLY,Scientific name change: CASE_ONLY. Family change: CASE_ONLY.,HIGH,NONE,,FALSE,https://mpbd.cu.ac.bd/plants.php?pageno=92
ca2996f6a966ad18,Ficus auriculata Lour.,ficus auriculata lour.,Moraceae,moraceae,,,NORMALIZED_ONLY,Scientific name change: CASE_ONLY. Family change: CASE_ONLY.,HIGH,NONE,,FALSE,https://mpbd.cu.ac.bd/plants.php?pageno=93
