record_id,raw_scientific_name,normalized_scientific_name,raw_synonym,raw_family,normalized_family,canonical_scientific_name,canonical_family,reconciliation_status,confidence,source_page_url,scrape_timestamp
3f71a37a44c63002,Piper betle L.,piper betle l.,Chavica betle (L.) Miq. Betela mastica Raf. Chavica auriculata Miq. Piperi betlum (L.)St.-Lag.,Piperaceae,piperaceae,,,NORMALIZED_ONLY,HIGH,https://mpbd.cu.ac.bd/plants.php,2026-09-22T15:35:25.096843+00:00
383cd345f339d4f3,Piper cubeba Vahl,piper cubeba vahl,,Piperaceae,piperaceae,,,NORMALIZED_ONLY,HIGH,https://mpbd.cu.ac.bd/plants.php,2026-09-22T15:35:25.096843+00:00
f136a70295e5b4f6,Berberis aristata DC.,berberis aristata dc.,BerberiscoccineaK.Koch BerberiselegansK.Koch BerberisgracilisLindl. BerberisumbellataLindl.,Berberidaceae,berberidaceae,,,NORMALIZED_ONLY,HIGH,https://mpbd.cu.ac.bd/plants.php,2026-09-22T15:35:25.096843+00:00
e51ec61eeb2f765d,Papaver somniferum L.,papaver somniferum l.,,Papaveraceae,papaveraceae,,,NORMALIZED_ONLY,HIGH,https://mpbd.cu.ac.bd/plants.php,2026-09-22T15:35:25.096843+00:00
ab4bb325f02eb73f,Artocarpus heterophyllus Lam.,artocarpus heterophyllus lam.,Artocarpus brasiliensis Ortega Artocarpus maximus Blanco Artocarpus philippensis Lam.,Moraceae,moraceae,,,NORMALIZED_ONLY,HIGH,https://mpbd.cu.ac.bd/plants.php,2026-09-22T15:35:25.096843+00:00
20e198b52832bcae,Ficus racemosa L.,ficus racemosa l.,Ficus lanceolata Buch-Ham. exRoxb. Ficus acidula King Ficus chittagonga Miq. Ficus lucescens Blume,Moraceae,moraceae,,,POTENTIAL_DUPLICATE,MEDIUM,https://mpbd.cu.ac.bd/plants.php,2026-09-22T15:35:25.096843+00:00
2c5f3f4a19fc605f,Morus indica L.,morus indica l.,,Moraceae,moraceae,,,POTENTIAL_DUPLICATE,MEDIUM,https://mpbd.cu.ac.bd/plants.php,2026-09-22T15:35:25.096843+00:00
4a086ab3f86935ca,Juglans regia L.,juglans regia l.,Juglans duclouxiana Dode Juglans fallax Dode Juglans orientis Dode Juglans sinensis (C.DC.) Dode,Juglandaceae,juglandaceae,,,NORMALIZED_ONLY,HIGH,https://mpbd.cu.ac.bd/plants.php,2026-09-22T15:35:25.096843+00:00
c5951cfc7d448ea2,Boerhavia diffusa L.,boerhavia diffusa l.,Axiacochin chinensis Lour. Boerhavia adscendens Willd. Boerhavia caespitosa Ridl. Boerhavia friesi,Nyctaginaceae,nyctaginaceae,,,NORMALIZED_ONLY,HIGH,https://mpbd.cu.ac.bd/plants.php,2026-09-22T15:35:25.096843+00:00
f3bb6298a996c5a8,Boerhavia repens L.,boerhavia repens l.,Boerhavia angustifolia Span. Boerhavia ascendens Schumach. Boerhavia maroccana Ball Boerhavia pol,Nyctaginaceae.,nyctaginaceae,,,NORMALIZED_ONLY,HIGH,https://mpbd.cu.ac.bd/plants.php,2026-09-22T15:35:25.096843+00:00
d35a3e6ccb730695,Mirabilis jalapa L.,mirabilis jalapa l.,Nyctago jalapae (L.) DC. Mirabilislin dheimeri (Standl.) Shinners,Nyctaginaceae,nyctaginaceae,,,POTENTIAL_DUPLICATE,MEDIUM,https://mpbd.cu.ac.bd/plants.php?pageno=2,2026-09-22T15:35:26.637272+00:00
7c6083219e95e391,Opuntia dellenii (Ker Gawl.) Haw.,opuntia dellenii (ker gawl.) haw.,Cactus chinensis Roxb. Cactus dillenii Ker Gawl. Cactus indicus Roxb. Opuntia melanosperma Svenson,Cactaceae.,cactaceae,,,NORMALIZED_ONLY,HIGH,https://mpbd.cu.ac.bd/plants.php?pageno=2,2026-09-22T15:35:26.637272+00:00
9236980ba0453594,Achyranthes aspera L.,achyranthes aspera l.,Achyranthes acuminata E.Mey. ex Cooke & Wright Achyranthes grandifolia Moq.Cadelaria punctata Raf.,Amaranthaceae,amaranthaceae,,,POTENTIAL_DUPLICATE,MEDIUM,https://mpbd.cu.ac.bd/plants.php?pageno=2,2026-09-22T15:35:26.637272+00:00
36d89c8771c7f50b,Plumbago indica L.,plumbago indica l.,Plumbago rosea L. Thela coccinea Lour.,Plumbaginaceae.,plumbaginaceae,,,POTENTIAL_DUPLICATE,MEDIUM,https://mpbd.cu.ac.bd/plants.php?pageno=2,2026-09-22T15:35:26.637272+00:00
f613df04485b0fe3,Vateria indica L.,vateria indica l.,,Dipterocarpaceae,dipterocarpaceae,,,NORMALIZED_ONLY,HIGH,https://mpbd.cu.ac.bd/plants.php?pageno=2,2026-09-22T15:35:26.637272+00:00
acb5ac969e999d63,Mesua ferrea L.,mesua ferrea l.,Mesua nagassarium(Burm. f.)Kosterm.,Clusiaceae,clusiaceae,,,NORMALIZED_ONLY,HIGH,https://mpbd.cu.ac.bd/plants.php?pageno=2,2026-09-22T15:35:26.637272+00:00
f6932e48d0e7d4f8,Helicteres isora L.,helicteres isora l.,Helicteres grewiaefolia DC. Isora grewiaefolia (DC.) Schott & Endl. Ixora versicolor Hassk.,Sterculiaceae,sterculiaceae,,,POTENTIAL_DUPLICATE,MEDIUM,https://mpbd.cu.ac.bd/plants.php?pageno=2,2026-09-22T15:35:26.637272+00:00
8a9f2d1c37809be5,Abelmoschus esculentus (L.) Moench,abelmoschus esculentus (l.) moench,Abelmoschus officinalis(DC.) Endl. Abelmoschus longifolius(Willd.) Kostel. Hibiscus esculentusL.,Malvaceae,malvaceae,,,POTENTIAL_DUPLICATE,MEDIUM,https://mpbd.cu.ac.bd/plants.php?pageno=2,2026-09-22T15:35:26.637272+00:00
d78c63bc2b6dac7b,Gossypium arboreum L.,gossypium arboreum l.,Gossypium albiflorum Tod. Gossypium asiaticum Raf. Gossypium rubrum Forssk. Gossypium roxburghii,Malvaceae,malvaceae,,,NORMALIZED_ONLY,HIGH,https://mpbd.cu.ac.bd/plants.php?pageno=2,2026-09-22T15:35:26.637272+00:00
12cbc3e45de28bda,Viola odorata L.,viola odorata l.,Viola odorata f. odorata Viola wiedemannii Boiss.,Violaceae,violaceae,,,NORMALIZED_ONLY,HIGH,https://mpbd.cu.ac.bd/plants.php?pageno=2,2026-09-22T15:35:26.637272+00:00
eb78b55d85de3a45,Benincasa hispida (Thunb.) Cogn.,benincasa hispida (thunb.) cogn.,Benincasa cerifera Savi Benincasa vacua (F.Muell.) F.Muell. Cucurbita hispida Thunb. Cucurbita vi,Cucurbitaceae,cucurbitaceae,,,POTENTIAL_DUPLICATE,MEDIUM,https://mpbd.cu.ac.bd/plants.php?pageno=3,2026-09-22T15:44:31.936080+00:00
06df777393e349c9,Citrullus colocynthis (L.) Schard.,citrullus colocynthis (l.) schard.,Citrullus colocynthoides Pangalo Citrullus pseudocolocynthis M.Roem. Colocynthis officinalis Schrad,Cucurbitaceae.,cucurbitaceae,,,NORMALIZED_ONLY,HIGH,https://mpbd.cu.ac.bd/plants.php?pageno=3,2026-09-22T15:44:31.936080+00:00
7626b7ff277174e3,Momordica dioica Roxb. ex Willd.,momordica dioica roxb. ex willd.,Momordica hispida Dennst. ex Miq. Momordica roxburghii G. Don Momordica tuberosa Dennst. ex Miq.,Cucurbitaceae,cucurbitaceae,,,NORMALIZED_ONLY,HIGH,https://mpbd.cu.ac.bd/plants.php?pageno=3,2026-09-22T15:44:31.936080+00:00
77f2db910fe1c8c7,Mukia maderaspatana (L.) M. Roem,mukia maderaspatana (l.) m. roem,Bryonia maderaspatana(L.) Lam. Cucumis maderaspatanus L. Melothria maderaspatana (L.) Cogn. Bryon,Cucurbitaceae,cucurbitaceae,,,NORMALIZED_ONLY,HIGH,https://mpbd.cu.ac.bd/plants.php?pageno=3,2026-09-22T15:44:31.936080+00:00
0385d7692604bdc4,Brassica juncea (L.) Czern.,brassica juncea (l.) czern.,Brassica cernua (Thunb.) F.B. Forbes & Hemsl. Crucifera juncea E.H.L.Krause Sinapis juncea L. Sin,Brassicaceae,brassicaceae,,,NORMALIZED_ONLY,HIGH,https://mpbd.cu.ac.bd/plants.php?pageno=3,2026-09-22T15:44:31.936080+00:00
3cb40e622e70f16b,Raphanus raphanistrum subsp. SATIVUS(L.) Domin.,raphanus raphanistrum subsp. sativus(l.) domin.,Raphanus sativus L. Raphani strumgayanum Fisch. & C.A.Mey. Raphanus chinensis Mill. Raphanus cand,Brassicaceae,brassicaceae,,,NORMALIZED_ONLY,HIGH,https://mpbd.cu.ac.bd/plants.php?pageno=3,2026-09-22T15:44:31.936080+00:00
128a48244bff0b42,Moringa oleifera Lam.,moringa oleifera lam.,Guilandina moringa L. Hyperanthera moringa (L.) Vahl Moringa zeylanica Burmann.,Moringaceae,moringaceae,,,NORMALIZED_ONLY,HIGH,https://mpbd.cu.ac.bd/plants.php?pageno=3,2026-09-22T15:44:31.936080+00:00
78a98907902a17a0,Diospyros malabarica(desr.) Kostel.,diospyros malabarica(desr.) kostel.,Diospyros peregrina(Gaertn.) Girke Diospyros citrifolia Wall. ex A.DC. Diospyros biflora Blanco Em,Ebenaceaea,ebenaceaea,,,NORMALIZED_ONLY,HIGH,https://mpbd.cu.ac.bd/plants.php?pageno=3,2026-09-22T15:44:31.936080+00:00
a364f35d8943c7df,Cydonia oblonga Mill.,cydonia oblonga mill.,Cydonia communis Loisel. Cydonia vulgaris Pers. Pyrus cydonia L. Sorbus cydonia Crantz,Rosaceae,rosaceae,,,NORMALIZED_ONLY,HIGH,https://mpbd.cu.ac.bd/plants.php?pageno=3,2026-09-22T15:44:31.936080+00:00
1cc88031ed0200af,Prunus amygdalus Stokes,prunus amygdalus stokes,,Rosaceae,rosaceae,,,NORMALIZED_ONLY,HIGH,https://mpbd.cu.ac.bd/plants.php?pageno=3,2026-09-22T15:44:31.936080+00:00
60842e31df9ae041,Acacia nilotica (L.) Delile subsp. INDICA(Benth) Brenan,acacia nilotica (l.) delile subsp. indica(benth) brenan,Acacia arabica var. indica Benth. Acacia nilotica var. indica (Benth.)A.F.Hill,Mimosaceae,mimosaceae,,,NORMALIZED_ONLY,HIGH,https://mpbd.cu.ac.bd/plants.php?pageno=4,2026-09-22T15:44:33.460338+00:00
d71ab5000f4acd71,Entada phaseoloides (L.) Merr.,entada phaseoloides (l.) merr.,"Acacia scandens (L.) Willd. Entada scandens (L.) ""Benth. p.p."" Lens phaseoloides L. Pusaetha sca",Mimosaceae,mimosaceae,,,NORMALIZED_ONLY,HIGH,https://mpbd.cu.ac.bd/plants.php?pageno=4,2026-09-22T15:44:33.460338+00:00
3c12883e399aa752,Mimosa pudica L.,mimosa pudica l.,Mimosa hispidula Kunth Mimosa pudica var. pudica,Mimosaceae,mimosaceae,,,POTENTIAL_DUPLICATE,MEDIUM,https://mpbd.cu.ac.bd/plants.php?pageno=4,2026-09-22T15:44:33.460338+00:00
0800dd319ae127f5,Saraca asoca (Roxb.) Wild.,saraca asoca (roxb.) wild.,"Jonesia asoca Roxb. Jonesia confusa Hassk. Jonesia pinnata Willd. Saraca indica""sensu Bedd. non",Caesalpiniaceae,caesalpiniaceae,,,NORMALIZED_ONLY,HIGH,https://mpbd.cu.ac.bd/plants.php?pageno=4,2026-09-22T15:44:33.460338+00:00
219cb516b504297e,Clitoria ternatea L.,clitoria ternatea l.,Clitoria albiflora Mattei Clitoria philippensis Perr. Nauchea ternatea (L.)Descourt. Ternatea te,Fabaceae,fabaceae,,,NORMALIZED_ONLY,HIGH,https://mpbd.cu.ac.bd/plants.php?pageno=4,2026-09-22T15:44:33.460338+00:00
9a7a0589bb283dca,Glycyrrhiza glabra L.,glycyrrhiza glabra l.,Glycyrrhiza glandulifera Waldst. & Kit. Glycyrrhiza hirsuta Pall. Glycyrrhiza pallida Boiss.& Noe,Fabaceae,fabaceae,,,NORMALIZED_ONLY,HIGH,https://mpbd.cu.ac.bd/plants.php?pageno=4,2026-09-22T15:44:33.460338+00:00
2a18d0d13f19f6b6,Mucuna pruriens (L.) DC.,mucuna pruriens (l.) dc.,Carpopogon pruriens (L.) Roxb. Dolichos pruriens L. Mucuna prurita (L.)Hook. Stizolobium pruritu,Fabaceae,fabaceae,,,POTENTIAL_DUPLICATE,MEDIUM,https://mpbd.cu.ac.bd/plants.php?pageno=4,2026-09-22T15:44:33.460338+00:00
0515374bee611db4,Pterocarpus SANTALINUS L. f.,pterocarpus santalinus l. f.,Lingoum santalinum (L.f.) Kuntze,Fabaceae,fabaceae,,,NORMALIZED_ONLY,HIGH,https://mpbd.cu.ac.bd/plants.php?pageno=4,2026-09-22T15:44:33.460338+00:00
588d2252255900a2,Sesbania bispinosa (Jacq.) W.Wight,sesbania bispinosa (jacq.) w.wight,Sesbania aculeata (Willd.) Pers. Aeschynomene aculeata Schreb. Aeschynomene bispinosa Jacq. Aesc,Fabaceae,fabaceae,,,NORMALIZED_ONLY,HIGH,https://mpbd.cu.ac.bd/plants.php?pageno=4,2026-09-22T15:44:33.460338+00:00
e953fa03766c3ae1,Sesbania grandiflora (L.) Poir,sesbania grandiflora (l.) poir,: Aeschynomene grandiflora (L.) L. Agati grandiflora (L.)Desv. Coronilla grandiflora (L.)Willd.,Fabaceae,fabaceae,,,NORMALIZED_ONLY,HIGH,https://mpbd.cu.ac.bd/plants.php?pageno=4,2026-09-22T15:44:33.460338+00:00
a262ba4b5600a1c3,Sesbania sesban (L.) Merr.,sesbania sesban (l.) merr.,Aeschynomene sesban L. Coronilla sesban Willd. Emerus sesban (L.) Kuntze Sesbania aegyptiaca Poir,Fabaceae,fabaceae,,,POTENTIAL_DUPLICATE,MEDIUM,https://mpbd.cu.ac.bd/plants.php?pageno=5,2026-09-22T15:44:34.993453+00:00
ce62ab0f03e0a036,Trigonella foenum-graeceum L.,trigonella foenum-graeceum l.,Trigonella tibetana (Alef.) Vassilcz.,Fabaceae,fabaceae,,,NORMALIZED_ONLY,HIGH,https://mpbd.cu.ac.bd/plants.php?pageno=5,2026-09-22T15:44:34.993453+00:00
cd85f4bf6ea4389c,Lagerstroemia speciosa(l.) Pers.,lagerstroemia speciosa(l.) pers.,Lagerstroemia reginea Roxb. Adambea hirsuta Lam. Lagerstroemia hirsuta (Lam.) Willd. Munchausia s,Lythraceae,lythraceae,,,NORMALIZED_ONLY,HIGH,https://mpbd.cu.ac.bd/plants.php?pageno=5,2026-09-22T15:44:34.993453+00:00
d9d9afcb1b162b40,Eucalyptus globulus Labill,eucalyptus globulus labill,Eucalyptus glauca A.Cunn.ex DC. Eucalyptus perfoliata Desf.,Myrtaceae,myrtaceae,,,NORMALIZED_ONLY,HIGH,https://mpbd.cu.ac.bd/plants.php?pageno=5,2026-09-22T15:44:34.993453+00:00
487f9aaff64b1bf4,Mentha arvensis L.,mentha arvensis l.,Mentha arguta Opiz. Mentha badensis C.C.Gmel. Mentha diffusa Lej. Mentha hostii Boreau.,Lamiaceae,lamiaceae,,,POTENTIAL_DUPLICATE,MEDIUM,https://mpbd.cu.ac.bd/plants.php?pageno=5,2026-09-22T15:44:34.993453+00:00
77b484b50b3147aa,Mentha spicata L.,mentha spicata l.,Mentha crispa L. Mentha rosanii Ten. Mentha viridis (L.) L. Mentha walteriana Opiz.,Lamiaceae,lamiaceae,,,NORMALIZED_ONLY,HIGH,https://mpbd.cu.ac.bd/plants.php?pageno=5,2026-09-22T15:44:34.993453+00:00
2f52977f954f8b71,Pogostemon PUBESCENS Benth.,pogostemon pubescens benth.,-,Lamiaceae,lamiaceae,,,NORMALIZED_ONLY,HIGH,https://mpbd.cu.ac.bd/plants.php?pageno=5,2026-09-22T15:44:34.993453+00:00
c5c529dcc9d4a268,Rhinacanthus nasutus (L.) Kurz,rhinacanthus nasutus (l.) kurz,Dianthera paniculata Lour. Ecbolium dichotomum (Blume) Kuntze Pseuderanthemum connatum Lindau Rhi,Acanthaceae,acanthaceae,,,NORMALIZED_ONLY,HIGH,https://mpbd.cu.ac.bd/plants.php?pageno=5,2026-09-22T15:44:34.993453+00:00
1affb9e4fc8a1b09,Sesamum indicum L.,sesamum indicum l.,Dysosmon amoenum Raf. Sesamum africanum Tod. Sesamum oleiferum Sm Volkameria orientalis (L.) Kunt,Pedaliaceae,pedaliaceae,,,POTENTIAL_DUPLICATE,MEDIUM,https://mpbd.cu.ac.bd/plants.php?pageno=5,2026-09-22T15:44:34.993453+00:00
e17b0cba582b1897,Nelumbium speciosum Willd.,nelumbium speciosum willd.,-,Rubiaceae,rubiaceae,,,NORMALIZED_ONLY,HIGH,https://mpbd.cu.ac.bd/plants.php?pageno=5,2026-09-22T15:44:34.993453+00:00
104c3e517673d0fc,Rubia cordifolia L.,rubia cordifolia l.,Galium cordifolium (L.) Kuntze Rubia cordata Thunb. Rubia javana DC. Rubia purpurea Decne. Rubia,Rubiaceae,rubiaceae,,,NORMALIZED_ONLY,HIGH,https://mpbd.cu.ac.bd/plants.php?pageno=6,2026-09-22T15:47:54.625133+00:00
754eb8bad2512cba,Artemisia absinthium L.,artemisia absinthium l.,Absinthium officinale Brot. Artemisia absinthia St.-Lag. Artemisia inodora Mill. Artemisia pendul,Asteraceae,asteraceae,,,NORMALIZED_ONLY,HIGH,https://mpbd.cu.ac.bd/plants.php?pageno=6,2026-09-22T15:47:54.625133+00:00
6e7f5ee4c48b1046,Eclipta prostrata (L.) L.,eclipta prostrata (l.) l.,Acmella lanceolata Link ex Spreng. Bellis ramosa Jacq. Cotula alba (L.) L. Eclipta alba (L.) Hass,Asteraceae,asteraceae,,,NORMALIZED_ONLY,HIGH,https://mpbd.cu.ac.bd/plants.php?pageno=6,2026-09-22T15:47:54.625133+00:00
aa3d9ed21b1ec09f,Cyperus rotandus L.,cyperus rotandus l.,Chlorocyperus rotundus (L.) Palla Cyperus comosus Sm. Pycreus rotundus (L.) Hayek Schoenus tubero,Cyperaceae,cyperaceae,,,NORMALIZED_ONLY,HIGH,https://mpbd.cu.ac.bd/plants.php?pageno=6,2026-09-22T15:47:54.625133+00:00
345ec383ef427b38,Saccharum officinarum L.,saccharum officinarum l.,Arundo saccharifera Garsault Saccharum monandrum Rottb. Saccharum occidentale Sw. Saccharum viola,Poaceae,poaceae,,,POTENTIAL_DUPLICATE,MEDIUM,https://mpbd.cu.ac.bd/plants.php?pageno=6,2026-09-22T15:47:54.625133+00:00
0ff3d26d93e00a51,Hordeum vulgare L.,hordeum vulgare l.,Hordeum bifarium Roth Hordeum hexastichon L. Hordeum macrolepis A.Braun Hordeum nigrum Willd.,Poaceae,poaceae,,,NORMALIZED_ONLY,HIGH,https://mpbd.cu.ac.bd/plants.php?pageno=6,2026-09-22T15:47:54.625133+00:00
c9d51617286a1e47,Elettaria cardamomum (L.) Maton.,elettaria cardamomum (l.) maton.,Alpinia cardamomum (L.)Roxb. Amomum cardamomum L. Cardamomum malabaricum Pritz. Zingiber minus Ga,Zingiberaceae,zingiberaceae,,,NORMALIZED_ONLY,HIGH,https://mpbd.cu.ac.bd/plants.php?pageno=6,2026-09-22T15:47:54.625133+00:00
fd68b3cea03a6c5a,Crocus sativus L.,crocus sativus l.,Crocus officinalis (L.)Honck. Crocus pendulus Stokes Geanthus autumnalis Raf. Safran officinarum,Iridaceae,iridaceae,,,NORMALIZED_ONLY,HIGH,https://mpbd.cu.ac.bd/plants.php?pageno=6,2026-09-22T15:47:54.625133+00:00
65a4424ba5c3ba6a,Santalum album L.,santalum album l.,Sirium myrtifolium L.,Santalaceae,santalaceae,,,NORMALIZED_ONLY,HIGH,https://mpbd.cu.ac.bd/plants.php?pageno=6,2026-09-22T15:47:54.625133+00:00
cdf96485b7ea4be3,Macaranga peltata (Roxb.)Muell.-Arg.,macaranga peltata (roxb.)muell.-arg.,Macaranga roxburghii Wight Mappa peltata(Roxb.) Wight Osyris peltata Roxb. Tanarius peltatus(Roxb.,Euphorbiaceae,euphorbiaceae,,,NORMALIZED_ONLY,HIGH,https://mpbd.cu.ac.bd/plants.php?pageno=6,2026-09-22T15:47:54.625133+00:00
0a5aba6125233f77,Mallotus philippensis (Lam.) Muell.-Arg.,mallotus philippensis (lam.) muell.-arg.,Croton philippensis Lam. Echinus philippensis (Lam.) Baill. Mappa stricta Rchb.f. & Zoll. Rottlera t,Euphorbiaceae,euphorbiaceae,,,NORMALIZED_ONLY,HIGH,https://mpbd.cu.ac.bd/plants.php?pageno=7,2026-09-22T15:47:56.155281+00:00
59aef376e5ccec1c,Phyllanthus niruri L.,phyllanthus niruri l.,Diasperus niruri (L.) Kuntze Nymphanthus niruri (L.)Lour. Phyllanthus humilis Salisb. Urinaria erect,Euphorbiaceae,euphorbiaceae,,,NORMALIZED_ONLY,HIGH,https://mpbd.cu.ac.bd/plants.php?pageno=7,2026-09-22T15:47:56.155281+00:00
20b94a468a0bf244,Vitis vinifera L.,vitis vinifera l.,Cissus vinifera (L.) Kuntze Vitis sylvestris C.C.Gmel. Vitis vinifera subsp.sativaHegi Vitis vinifer,Vitaceae,vitaceae,,,NORMALIZED_ONLY,HIGH,https://mpbd.cu.ac.bd/plants.php?pageno=7,2026-09-22T15:47:56.155281+00:00
f49980c45af4517f,Sapindus saponaria L.,sapindus saponaria l.,Sapindus abruptus Lour. Sapindus indica Poir. Sapindus rigidus Mill. Sapindus stenopterus DC. Sap,Sapindaceae,sapindaceae,,,POTENTIAL_DUPLICATE,MEDIUM,https://mpbd.cu.ac.bd/plants.php?pageno=7,2026-09-22T15:47:56.155281+00:00
48805e3cdf9c30d2,Schleichera oleosa (Lour.)Merr.,schleichera oleosa (lour.)merr.,Pistacia oleosa Lour. Schleichera oleosa(Lour.) Oken,Sapindaceae,sapindaceae,,,NORMALIZED_ONLY,HIGH,https://mpbd.cu.ac.bd/plants.php?pageno=7,2026-09-22T15:47:56.155281+00:00
ff19907bf099efa0,Commiphora mukul (HOOK. EX STOCKS) ENGL.,commiphora mukul (hook. ex stocks) engl.,Balsamea mukul Baill. Balsamodendrum mukul Hook.ex Stocks Balsamodendrum roxburghii Stocks Balsamod,Burseraceae,burseraceae,,,NORMALIZED_ONLY,HIGH,https://mpbd.cu.ac.bd/plants.php?pageno=7,2026-09-22T15:47:56.155281+00:00
0a2e2643491a7379,Semecarpus anacardium L. F.,semecarpus anacardium l. f.,,Anacardiaceae,anacardiaceae,,,NORMALIZED_ONLY,HIGH,https://mpbd.cu.ac.bd/plants.php?pageno=7,2026-09-22T15:47:56.155281+00:00
eb8832d6a9513723,Citrus limon (L.) Osbeck,citrus limon (l.) osbeck,Citrus bergamia Risso & Poit. Citrus limonia Osbeck Citrus vulgaris Ferrarius ex Mill. Limon vu,Rutaceae,rutaceae,,,NORMALIZED_ONLY,HIGH,https://mpbd.cu.ac.bd/plants.php?pageno=7,2026-09-22T15:47:56.155281+00:00
447c4b34e0e7b846,Citrus medica L.,citrus medica l.,Aurantium medicum (L.) M. Gómez Citrus alata( Tanaka) Tanaka Citrus odorata Roussel Citrus tuberos,Rutaceae,rutaceae,,,NORMALIZED_ONLY,HIGH,https://mpbd.cu.ac.bd/plants.php?pageno=7,2026-09-22T15:47:56.155281+00:00
f5ba1c12d90cdc90,Citrus reticulata Blanco,citrus reticulata blanco,Citrus crenatifolia Lush. Citrus deliciosa Ten. Citrus papillaris Blanco Citrus succosa Tanaka,Rutaceae,rutaceae,,,NORMALIZED_ONLY,HIGH,https://mpbd.cu.ac.bd/plants.php?pageno=7,2026-09-22T15:47:56.155281+00:00
f020b43b17f1b1d6,Murraya koenigii (L.)Spreng.,murraya koenigii (l.)spreng.,Bergera koenigii L.,Rutaceae,rutaceae,,,NORMALIZED_ONLY,HIGH,https://mpbd.cu.ac.bd/plants.php?pageno=8,2026-09-22T15:47:57.682413+00:00
16739aae3ef0684e,Peganum harmala L.,peganum harmala l.,Harmala multifida All. Harmala peganum Crantz Peganon harmalum (L.) St.-Lag. Peganum dauricum L.,Zygophyllaceae,zygophyllaceae,,,NORMALIZED_ONLY,HIGH,https://mpbd.cu.ac.bd/plants.php?pageno=8,2026-09-22T15:47:57.682413+00:00
963cadb27cdebd99,Anethum sowa Roxb.ex Fleming,anethum sowa roxb.ex fleming,Anethum graveolens subsp.sowa(Roxb. ex Fleming) N.F.Koren',Apiaceae,apiaceae,,,NORMALIZED_ONLY,HIGH,https://mpbd.cu.ac.bd/plants.php?pageno=8,2026-09-22T15:47:57.682413+00:00
79713d9f33861c4a,Carum carvi L.,carum carvi l.,Bunium carvi (L.)M.Bieb. Foeniculum carvi(L.) Link Ligusticum carvi(L.) Roth Pimpinella carvi(L.) Je,Apiaceae,apiaceae,,,NORMALIZED_ONLY,HIGH,https://mpbd.cu.ac.bd/plants.php?pageno=8,2026-09-22T15:47:57.682413+00:00
21159428a52a18d0,Ferula foetida (Bunge) Regel,ferula foetida (bunge) regel,Ferula scorodosma Bentley & Trimen Scorodosma foetidum Bunge,Apiaceae,apiaceae,,,NORMALIZED_ONLY,HIGH,https://mpbd.cu.ac.bd/plants.php?pageno=8,2026-09-22T15:47:57.682413+00:00
bb8bef09df11310e,Trachyspermum roxburghianum (DC.) H.Wolff,trachyspermum roxburghianum (dc.) h.wolff,Apium involucratum Roxb. Pimpinella involucrata(Roxb.)Wight & Arn. Ptychotis roxburghiana DC. Trachy,Apiaceae,apiaceae,,,NORMALIZED_ONLY,HIGH,https://mpbd.cu.ac.bd/plants.php?pageno=8,2026-09-22T15:47:57.682413+00:00
11609584a30dead6,Strychnos potatorum L. f.,strychnos potatorum l. f.,Strychnos heterodoxa Gilg Strychnos stuhlmannii Gilg,Loganiaceae,loganiaceae,,,NORMALIZED_ONLY,HIGH,https://mpbd.cu.ac.bd/plants.php?pageno=8,2026-09-22T15:47:57.682413+00:00
1bd6ead94b9786b0,Holarrhena pubescens Wall.ex G.Don,holarrhena pubescens wall.ex g.don,Chonemorpha pubescens (Wall.) G.Don Echites adglutinatus Burm.f. Holarrhena codaga G.Don Holarrhena,Apocynaceae,apocynaceae,,,NORMALIZED_ONLY,HIGH,https://mpbd.cu.ac.bd/plants.php?pageno=8,2026-09-22T15:47:57.682413+00:00
155b907ecac6890d,Tabernamontana divaricata (L.)R.Br. ex Roem.& Schult.,tabernamontana divaricata (l.)r.br. ex roem.& schult.,Ervatamia divaricata (L.) Burkill Nerium divaricatum L. Taberna discolor (Sw.) Miers Tabernaemonta,Apocynaceae,apocynaceae,,,NORMALIZED_ONLY,HIGH,https://mpbd.cu.ac.bd/plants.php?pageno=8,2026-09-22T15:47:57.682413+00:00
bd1932c44d19c93b,Wrightia tinctoria R. Brown,wrightia tinctoria r. brown,Allamanda verticillata Desf. Nerium tinctorium Roxb. Wrightia laciniataA. DC. Wrightia timorensis,Apocynacea,apocynacea,,,NORMALIZED_ONLY,HIGH,https://mpbd.cu.ac.bd/plants.php?pageno=8,2026-09-22T15:47:57.682413+00:00
9b14eadca8a90463,Gymnema sylvestre (Retz.)R.Br. ex Sm.,gymnema sylvestre (retz.)r.br. ex sm.,Asclepias geminata Roxb. Marsdenia sylvestris (Retz.)P.I. Forst. Periploca sylvestris Retz. Str,Asclepiadaceae,asclepiadaceae,,,NORMALIZED_ONLY,HIGH,https://mpbd.cu.ac.bd/plants.php?pageno=9,2026-09-22T15:47:59.212004+00:00
71762519af590818,Atropa belladonna L.,atropa belladonna l.,Atropa cordata Pascher Atropa lethali Salisb. Belladonna baccifera Lam. Belladonna trichotoma Scop,Solanaceae,solanaceae,,,NORMALIZED_ONLY,HIGH,https://mpbd.cu.ac.bd/plants.php?pageno=9,2026-09-22T15:47:59.212004+00:00
145b7867b6732fad,Datura stramonium L.,datura stramonium l.,Datura hybrida Ten. Datura tatula L . Stramonium foetidum Scop. Stramonium spinosum Lam.,Solanaceae,solanaceae,,,NORMALIZED_ONLY,HIGH,https://mpbd.cu.ac.bd/plants.php?pageno=9,2026-09-22T15:47:59.212004+00:00
0bfe0d10e9938900,Solanum lycopersicum L.,solanum lycopersicum l.,Lycopersicon esculentum var.esculentum Lycopersicon humboldtii (Willd.) Dunal Scubulon humboldtii (,Solanaceae,solanaceae,,,NORMALIZED_ONLY,HIGH,https://mpbd.cu.ac.bd/plants.php?pageno=9,2026-09-22T15:47:59.212004+00:00
cdd4c425688a8623,Solanum indicum L.,solanum indicum l.,-,Solanaceae,solanaceae,,,NORMALIZED_ONLY,HIGH,https://mpbd.cu.ac.bd/plants.php?pageno=9,2026-09-22T15:47:59.212004+00:00
e455396d242b5c97,Ipomoea nil (L.) Roth,ipomoea nil (l.) roth,Batatas setosa (Ker Gawl.) Lindl. Convolvulus nil L. Gomphipus setosus (Ker Gawl.) Raf. Ipomoea hed,Convolvulaceae,convolvulaceae,,,NORMALIZED_ONLY,HIGH,https://mpbd.cu.ac.bd/plants.php?pageno=9,2026-09-22T15:47:59.212004+00:00
86bfd42cc4fac7be,Gmelina arborea Roxb.,gmelina arborea roxb.,Gmelina arboreavar.canescens Haines Gmelina arborea var.glaucescens C.B.Clarke Gmelina sinuata Link,Verbenaceae,verbenaceae,,,NORMALIZED_ONLY,HIGH,https://mpbd.cu.ac.bd/plants.php?pageno=9,2026-09-22T15:47:59.212004+00:00
52c549ae04da90ac,Premna serratifolia L..,premna serratifolia l..,Premna integrifolia L.(illegitimate) Cornutia corymbosa Burm.f. Gumira truncata (Turcz.) Kuntze Pre,Lamiaceae,lamiaceae,,,NORMALIZED_ONLY,HIGH,https://mpbd.cu.ac.bd/plants.php?pageno=9,2026-09-22T15:47:59.212004+00:00
04f6378ae9a834ae,Sapindus SAPONARIA L.,sapindus saponaria l.,Sapindus abruptus Lour. Sapindus indica Poir. Sapindus rigidus Mill. Sapindus stenopterus DC. Sa,Sapindaceae,sapindaceae,,,POTENTIAL_DUPLICATE,MEDIUM,https://mpbd.cu.ac.bd/plants.php?pageno=10,2026-09-22T15:48:00.744510+00:00
a1b74ec64cf68ecf,Schleichera oleosa (Lour.) Merr.,schleichera oleosa (lour.) merr.,Pistacia oleosa Lour. Schleichera oleosa (Lour.) Oken.,Sapindaceae,sapindaceae,,,NORMALIZED_ONLY,HIGH,https://mpbd.cu.ac.bd/plants.php?pageno=10,2026-09-22T15:48:00.744510+00:00
4753e1aa48d54de4,Abelmoschus ESCULENTUS (L.) Moench,abelmoschus esculentus (l.) moench,Hibiscus esculentus L. Abelmoschus tuberculatus Pal & Singh Abelmoschus officinalis (DC.) Endl A,Malvaceae,malvaceae,,,POTENTIAL_DUPLICATE,MEDIUM,https://mpbd.cu.ac.bd/plants.php?pageno=10,2026-09-22T15:48:00.744510+00:00
e3af52a1ddd0e62a,Abelmoschus MOSCHATUS Medik.,abelmoschus moschatus medik.,Hibiscus abelmoschus L. Abelmoschus betulifolia wall. Abelmoschus chinensis wall. Abelmoschus cuc,Malvaceae,malvaceae,,,NORMALIZED_ONLY,HIGH,https://mpbd.cu.ac.bd/plants.php?pageno=10,2026-09-22T15:48:00.744510+00:00
f37b1bcca42ec437,Abroma AUGUSTA (L.) L.f.,abroma augusta (l.) l.f.,Abroma alata Blanco Abroma angulata Lam. Abroma angulosa Poir. Abroma sinuosa G.Nicholson,Sterculiaceae,sterculiaceae,,,NORMALIZED_ONLY,HIGH,https://mpbd.cu.ac.bd/plants.php?pageno=10,2026-09-22T15:48:00.744510+00:00
2f121ca06d0bceb2,Abrus PRECATORIUS L.,abrus precatorius l.,Abrus precatorius subsp. Precatorius Abrus abrus (L.) Wright Abrus minor Desv. Glycine abrus L.,Fabaceae,fabaceae,,,NORMALIZED_ONLY,HIGH,https://mpbd.cu.ac.bd/plants.php?pageno=10,2026-09-22T15:48:00.744510+00:00
f3e230d9abbffbee,Abutilon INDICUM (L.) Sweet,abutilon indicum (l.) sweet,Abutilon arborescens Medik. Abutilon asiaticum var. subasperum Fosberg Abutilon cavaleriei H.Lév.,Malvaceae,malvaceae,,,NORMALIZED_ONLY,HIGH,https://mpbd.cu.ac.bd/plants.php?pageno=10,2026-09-22T15:48:00.744510+00:00
69997237db4c3b35,Acacia CATECHU (L.f.) Willd.,acacia catechu (l.f.) willd.,Acacia catechu Willd. Acacia sundra (Roxb.) Bedd. Mimosa catechu L.F. Mimosa catechuoides Roxb.,Mimosaceae,mimosaceae,,,NORMALIZED_ONLY,HIGH,https://mpbd.cu.ac.bd/plants.php?pageno=10,2026-09-22T15:48:00.744510+00:00
c4181183360feb53,Acacia FARNESIANA (L.) Willd.,acacia farnesiana (l.) willd.,Acacia acicularis Willd. Acacia farnesiana var. Farnesiana Acacia indica (Poir.) Desv. Farnesia,Mimosaceae,mimosaceae,,,NORMALIZED_ONLY,HIGH,https://mpbd.cu.ac.bd/plants.php?pageno=10,2026-09-22T15:48:00.744510+00:00
a0fd4a6c442e4954,Acacia NILOTICA (L.) Willd. ex Del. ssp. INDICA (Benth.) Brenan.,acacia nilotica (l.) willd. ex del. ssp. indica (benth.) brenan.,Acacia arabica (Lam.) Willd. Acacia nilotica subsp. Nilotica Mimosa arabica Lam. Mimosa niloti,Mimosaceae,mimosaceae,,,NORMALIZED_ONLY,HIGH,https://mpbd.cu.ac.bd/plants.php?pageno=10,2026-09-22T15:48:00.744510+00:00
9398e0b0e4211d0f,Acacia PENNATA (L.) Willd.,acacia pennata (l.) willd.,Acacia canescens (Kurz)Gamble Acacia hainanensis Hayata Acacia pennata subsp. Pennata,Mimosaceae,mimosaceae,,,NORMALIZED_ONLY,HIGH,https://mpbd.cu.ac.bd/plants.php?pageno=11,2026-09-22T15:48:02.271804+00:00
1e5f020b7baddd87,Acacia concinna (WILLD.) DC.,acacia concinna (willd.) dc.,Acacia rugata (Lam.) Mer. Acacia rugata (Lam.) Voigt Acacia rugata (Lam.) Merr. Guilandin,Mimosaceae,mimosaceae,,,NORMALIZED_ONLY,HIGH,https://mpbd.cu.ac.bd/plants.php?pageno=11,2026-09-22T15:48:02.271804+00:00
72f47ecabae010fb,Acalypha INDICA L.,acalypha indica l.,Cupamenis indica (L.) Raf. Acalypha chinensis Benth. Acalypha spicata Forssk. Ricinocarpus indi,Euphorbiaceae,euphorbiaceae,,,NORMALIZED_ONLY,HIGH,https://mpbd.cu.ac.bd/plants.php?pageno=11,2026-09-22T15:48:02.271804+00:00
be6a7ffaa6522381,Acampe praemorsa (Roxb.) Blatt. & McCann,acampe praemorsa (roxb.) blatt. & mccann,Acampe excavata Lindl. Acampe papillosa Lindl. Cymbidium praemorsum (Roxb.) Sw. Gastrochilus praem,Orchidaceae,orchidaceae,,,NORMALIZED_ONLY,HIGH,https://mpbd.cu.ac.bd/plants.php?pageno=11,2026-09-22T15:48:02.271804+00:00
65c9554534b27b2a,Acanthus ILICIFOLIUS L.,acanthus ilicifolius l.,Acanthus doloarin Blanco. Acanthus ilicifolius subsp. orientalisbremek. Acanthus neoguineensis Eng,Acanthaceae,acanthaceae,,,NORMALIZED_ONLY,HIGH,https://mpbd.cu.ac.bd/plants.php?pageno=11,2026-09-22T15:48:02.271804+00:00
8ee8f19105bc64c3,Achyranthes ASPERA L.,achyranthes aspera l.,Stachyarpagophora aspera (L.) M.Gómez Achyranthes australis R.Br. Achyranthes canescens R.Br. Ach,Amaranthaceae,amaranthaceae,,,POTENTIAL_DUPLICATE,MEDIUM,https://mpbd.cu.ac.bd/plants.php?pageno=11,2026-09-22T15:48:02.271804+00:00
a4c113e4c0e028e7,Acorus CALAMUS L.,acorus calamus l.,Calamus aromaticus Garsault Acorus angustatus Raf. Acorus angustifolius Schott Acorus belangeri,Acoraceae,acoraceae,,,NORMALIZED_ONLY,HIGH,https://mpbd.cu.ac.bd/plants.php?pageno=11,2026-09-22T15:48:02.271804+00:00
e4554f46f2bea523,Acronychia PEDUNCULATA (L.) Miq.,acronychia pedunculata (l.) miq.,Acronychia laurifolia Bl. Cyminosma pedunculata DC. Acronychia apiculata Miq. Clausena simplicifo,Rutaceae,rutaceae,,,NORMALIZED_ONLY,HIGH,https://mpbd.cu.ac.bd/plants.php?pageno=11,2026-09-22T15:48:02.271804+00:00
2cf721162d144226,Actinodaphne gullavara (Buch.-Ham. ex Nees) M.R.Almeida,actinodaphne gullavara (buch.-ham. ex nees) m.r.almeida,Actinodaphne angustifolia Nees. Jozoste angustifolia Kuntze Laurus gullavara Buch.-Ham. ex Nees,Lauraceae,lauraceae,,,NORMALIZED_ONLY,HIGH,https://mpbd.cu.ac.bd/plants.php?pageno=11,2026-09-22T15:48:02.271804+00:00
2e5974d7149f1be3,Adenanthera PAVONINA L.,adenanthera pavonina l.,Adenanthera pavonina var. Pavonina Adenanthera gersenii Scheff. Adenanthera polita Miq. Corallar,Mimosaceae,mimosaceae,,,NORMALIZED_ONLY,HIGH,https://mpbd.cu.ac.bd/plants.php?pageno=11,2026-09-22T15:48:02.271804+00:00
5f9a468ea1ca7961,Justicia adhatoda L.,justicia adhatoda l.,Adhatoda zeylanica Medic. Adhatoda arborea Raf. Dianthera latifolia Salisb. Ecbolium adhatoda (L.,Acanthaceae,acanthaceae,,,NORMALIZED_ONLY,HIGH,https://mpbd.cu.ac.bd/plants.php?pageno=12,2026-09-22T15:48:03.797371+00:00
000ec8ca402ab01e,Adiantum capillus-veneris L,adiantum capillus-veneris l,Adiantum capillus Sw. Adiantum africanum R. Br. Adiantum coriandrifolium Lam. Adiantum fontanum,Adiantaceae,adiantaceae,,,NORMALIZED_ONLY,HIGH,https://mpbd.cu.ac.bd/plants.php?pageno=12,2026-09-22T15:48:03.797371+00:00
90b8ad3242548b26,Adiantum INCISUM Forssk.,adiantum incisum forssk.,Adiantum caudatum L. Adiantum capillus-gorgonis Webb Adiantum caudatum var. glabripinnatumbonap.,Adiantaceae,adiantaceae,,,NORMALIZED_ONLY,HIGH,https://mpbd.cu.ac.bd/plants.php?pageno=12,2026-09-22T15:48:03.797371+00:00
7a71052b92def78c,Adiantum LUNULATUM Burm. F.,adiantum lunulatum burm. f.,Adiantum philippense L. Adiantum lunatum Cav. Adiantum lunulatum var. mettenii Bedd. Pteris lunu,Adiantaceae,adiantaceae,,,NORMALIZED_ONLY,HIGH,https://mpbd.cu.ac.bd/plants.php?pageno=12,2026-09-22T15:48:03.797371+00:00
e92af649fecde028,Haldina cordifolia (Roxb.) Ridsdale,haldina cordifolia (roxb.) ridsdale,Adina cordifolia Benth & Hook. Nauclea cordifolia Roxb. Nauclea sterculiifolia A.Rich. Ex Dc.,Rubiaceae,rubiaceae,,,NORMALIZED_ONLY,HIGH,https://mpbd.cu.ac.bd/plants.php?pageno=12,2026-09-22T15:48:03.797371+00:00
11672cb1ab0ddd24,Aegle MARMELOS (L.) Corr.,aegle marmelos (l.) corr.,Aegle marmelos var. mahurensis Zate Belou marmelos (L.) Lyons Crateva marmelos L. Feronia pelluci,Rutaceae,rutaceae,,,NORMALIZED_ONLY,HIGH,https://mpbd.cu.ac.bd/plants.php?pageno=12,2026-09-22T15:48:03.797371+00:00
d0c116e30396117e,Aganosma DICHOTOMA (Roth) K. Schum.,aganosma dichotoma (roth) k. schum.,Aganosma caryophyllata G. Don. Aganosma blumei Wight.,Apocynaceae,apocynaceae,,,NORMALIZED_ONLY,HIGH,https://mpbd.cu.ac.bd/plants.php?pageno=12,2026-09-22T15:48:03.797371+00:00
cc62463a33675bfb,Ageratum CONYZOIDES L.,ageratum conyzoides l.,Ageratum arsenei B.L.Rob Ageratum ciliare L. Ageratum cordifolium Roxb. Ageratum hirsutum Poir.,Asteraceae,asteraceae,,,NORMALIZED_ONLY,HIGH,https://mpbd.cu.ac.bd/plants.php?pageno=12,2026-09-22T15:48:03.797371+00:00
e9f431c666116729,Alangium SALVIFOLIUM (L. f.) Wang.,alangium salvifolium (l. f.) wang.,Alangium lamarkii Thw. Alangium decapetalum Lam. Alangium salviifolium subsp. Salviifolium Alang,Alangiaceae,alangiaceae,,,NORMALIZED_ONLY,HIGH,https://mpbd.cu.ac.bd/plants.php?pageno=12,2026-09-22T15:48:03.797371+00:00
b5c46ee659b8e51d,Albizia CHINENSIS (Osbeck) Merr.,albizia chinensis (osbeck) merr.,Albizia stipulata (Roxb.) Boiv. Albizia chinensis var. Chinensis Acacia stipulacea Roxb. Albizia,Mimosaceae,mimosaceae,,,NORMALIZED_ONLY,HIGH,https://mpbd.cu.ac.bd/plants.php?pageno=12,2026-09-22T15:48:03.797371+00:00
d7bd848cc6d50051,Albizzia LEBBECK (L.) Benth.,albizzia lebbeck (l.) benth.,Acacia lebbeck Willd.,Mimosaceae,mimosaceae,,,NORMALIZED_ONLY,HIGH,https://mpbd.cu.ac.bd/plants.php?pageno=13,2026-09-22T15:48:05.322185+00:00
630fe59afdc79d21,Albizia ODORATISSIMA (L. f.) Benth.,albizia odoratissima (l. f.) benth.,Acacia lomatocarpa Dc. Acacia odoratissima (L.f.) Willd. Albizia micrantha B.Boivin Feuilleea od,Mimosaceae,mimosaceae,,,NORMALIZED_ONLY,HIGH,https://mpbd.cu.ac.bd/plants.php?pageno=13,2026-09-22T15:48:05.322185+00:00
3cfcfc2065d3ee1a,Albizia PROCERA (Roxb.) Benth.,albizia procera (roxb.) benth.,Albizia procera var. elata (Roxb.) Baker Albizia procera var. roxburghiana E.Fourn. Acacia elata V,Mimosaceae,mimosaceae,,,NORMALIZED_ONLY,HIGH,https://mpbd.cu.ac.bd/plants.php?pageno=13,2026-09-22T15:48:05.322185+00:00
b032d483379d9abe,Allamanda CATHARTICA L.,allamanda cathartica l.,Allamanda aubletii Pohl Allamanda latifolia C.Presl Allamanda linnaei Pohl Allamanda salicifolia,Apocynaceae,apocynaceae,,,NORMALIZED_ONLY,HIGH,https://mpbd.cu.ac.bd/plants.php?pageno=13,2026-09-22T15:48:05.322185+00:00
8230ed08aa4f9011,Allium CEPA L.,allium cepa l.,Allium cepa var. aggregatum G.Don Allium cepa var. argenteum Alef.,Liliaceae,liliaceae,,,NORMALIZED_ONLY,HIGH,https://mpbd.cu.ac.bd/plants.php?pageno=13,2026-09-22T15:48:05.322185+00:00
f31042adc255deac,Allium SATIVUM L.,allium sativum l.,,Liliaceae,liliaceae,,,NORMALIZED_ONLY,HIGH,https://mpbd.cu.ac.bd/plants.php?pageno=13,2026-09-22T15:48:05.322185+00:00
911cbb2135015601,Ziziphus RUGOSA Lam.,ziziphus rugosa lam.,Ziziphus glabra Roxb.,Rhamnaceae,rhamnaceae,,,NORMALIZED_ONLY,HIGH,https://mpbd.cu.ac.bd/plants.php?pageno=13,2026-09-22T15:48:05.322185+00:00
4acf86929a4c2f34,Zizyphus oenoplia Mill.,zizyphus oenoplia mill.,Rhamnus oenopolia L.,Rhamnaceae,rhamnaceae,,,NORMALIZED_ONLY,HIGH,https://mpbd.cu.ac.bd/plants.php?pageno=13,2026-09-22T15:48:05.322185+00:00
d9c8a20fda21669b,Ziziphus jujuba Mill.,ziziphus jujuba mill.,Zizyphus mauritiana Lamk. Rhamnus jujuba L. Rhamnus zizyphus L. Ziziphus sativa Gaertn.,Rhamnaceae,rhamnaceae,,,NORMALIZED_ONLY,HIGH,https://mpbd.cu.ac.bd/plants.php?pageno=13,2026-09-22T15:48:05.322185+00:00
aa6eb53242032b37,Zingiber ZERUMBET (L.) Roscoe ex Sm.,zingiber zerumbet (l.) roscoe ex sm.,Amomum zerumbet L. Cardamomum spurium (J.Koenig) Kuntze Dieterichia lampujang Giseke Zerumbet zin,Zingiberaceae,zingiberaceae,,,NORMALIZED_ONLY,HIGH,https://mpbd.cu.ac.bd/plants.php?pageno=13,2026-09-22T15:48:05.322185+00:00
1c0db8d19dab6b57,Zingiber OFFICINALE Rose.,zingiber officinale rose.,Amomum zingiber L. Curcuma longifolia Wall. Zingiber missionis Wall.,Zingiberaceae,zingiberaceae,,,NORMALIZED_ONLY,HIGH,https://mpbd.cu.ac.bd/plants.php?pageno=14,2026-09-22T15:48:06.853695+00:00
a9174e2392cd3d98,Zingiber MONTANUM (Koenig) Dietrich.,zingiber montanum (koenig) dietrich.,Amomum montanum J.Koenig Cassumunar roxburghii Colla Zingiber cassumunar Roxb. Zingiber purpureu,Zingiberaceae,zingiberaceae,,,NORMALIZED_ONLY,HIGH,https://mpbd.cu.ac.bd/plants.php?pageno=14,2026-09-22T15:48:06.853695+00:00
dddd59e8377c6b36,Zeuxine STRATEUMATICA Schlechter.,zeuxine strateumatica schlechter.,Adenostylis emarginata Blume Neottia strateumatica (L.) R.Br. Zeuxine procumbens Blume Zeuxine ro,Orchidaceae,orchidaceae,,,NORMALIZED_ONLY,HIGH,https://mpbd.cu.ac.bd/plants.php?pageno=14,2026-09-22T15:48:06.853695+00:00
0a767cb9c663a488,Zea MAYS L.,zea mays l.,Mays vulgaris Ser. Zea alba Mill. Zea hirta Bonaf. Zea japonica Van Houtte Zea vulgaris Mill.,Poaceae,poaceae,,,NORMALIZED_ONLY,HIGH,https://mpbd.cu.ac.bd/plants.php?pageno=14,2026-09-22T15:48:06.853695+00:00
82cf705dbdeb9dfd,Zanthoxylum RHETSA (Roxb.) DC.,zanthoxylum rhetsa (roxb.) dc.,Fagara rhetsa Roxb. Tipalia limonella Dennst. Zanthoxylum oblongum Wall. Zanthoxylum budrunga (Ro,Rutaceae,rutaceae,,,NORMALIZED_ONLY,HIGH,https://mpbd.cu.ac.bd/plants.php?pageno=14,2026-09-22T15:48:06.853695+00:00
79719730f629a924,Zanthoxylum NITIDUM (Roxb.) DC.,zanthoxylum nitidum (roxb.) dc.,Fagara nitida Roxb. Fagara hamiltoniana (Wall.) Engl. Zanthoxylum hamiltonianum Wall. ex Hook.f.,Rutaceae,rutaceae,,,NORMALIZED_ONLY,HIGH,https://mpbd.cu.ac.bd/plants.php?pageno=14,2026-09-22T15:48:06.853695+00:00
41cef0b4c39692fd,Zanonia INDICA L.,zanonia indica l.,Juppia borneensis Merr. Zanonia indica var. indica,Cucurbitaceae,cucurbitaceae,,,NORMALIZED_ONLY,HIGH,https://mpbd.cu.ac.bd/plants.php?pageno=14,2026-09-22T15:48:06.853695+00:00
a138929502fe210a,Xylyocarpus MOLUCCENSIS (Lam.) M.Roem.,xylyocarpus moluccensis (lam.) m.roem.,Carapa moluccensis Lam. Carapa borneensis Becc. Carapa indica A.Juss. Granatum moluccense (Lam.),Meliaceae,meliaceae,,,NORMALIZED_ONLY,HIGH,https://mpbd.cu.ac.bd/plants.php?pageno=14,2026-09-22T15:48:06.853695+00:00
e6db3cf9cb8c7424,Xylocarpus GRANATUM Koen.,xylocarpus granatum koen.,Amoora salomoniensis C.DC. Carapa granatum (J.Koenig) Alston Granatum obovatum (Blume) Kuntze Xyl,Meliaceae,meliaceae,,,NORMALIZED_ONLY,HIGH,https://mpbd.cu.ac.bd/plants.php?pageno=14,2026-09-22T15:48:06.853695+00:00
304c83174d6e9dad,Tamilnadia uliginosa (Retz.) Tirveng. & Sastre,tamilnadia uliginosa (retz.) tirveng. & sastre,Xeromphis uliginosa (Retz.) Maheshw Randia uliginosa DC. Catunaregam uliginosa (Retz.) Sivar. Gar,Rubiaceae,rubiaceae,,,NORMALIZED_ONLY,HIGH,https://mpbd.cu.ac.bd/plants.php?pageno=14,2026-09-22T15:48:06.853695+00:00
fa0234fcfb1ac80b,Catunaregam spinosa (Thunb.) Tirveng.,catunaregam spinosa (thunb.) tirveng.,Xeromphis spinosa (Thunb.) Keay Canthium chinense Pers. Gardenia spinosa Thunb. Narega coduva Raf,Rubiaceae,rubiaceae,,,NORMALIZED_ONLY,HIGH,https://mpbd.cu.ac.bd/plants.php?pageno=15,2026-09-22T15:48:08.385733+00:00
482de1c351587103,Xanthium strumarium L.,xanthium strumarium l.,Xanthium indicum DC. Xanthium abyssinicum Wallr. Xanthium acerosum Greene Xanthium chinense Mill.,Asteraceae,asteraceae,,,NORMALIZED_ONLY,HIGH,https://mpbd.cu.ac.bd/plants.php?pageno=15,2026-09-22T15:48:08.385733+00:00
0f4640986f7d1a2d,Wrightia ARBOREA (Dennst.) Mabb.,wrightia arborea (dennst.) mabb.,Beaumontia wallichii (A.DC.) Walp. Periploca arborea Dennst. Hunteria eugeniifolia Wall. ex G.Don,Apocynaceae,apocynaceae,,,NORMALIZED_ONLY,HIGH,https://mpbd.cu.ac.bd/plants.php?pageno=15,2026-09-22T15:48:08.385733+00:00
5701a17d21e79254,Woodfordia FRUTICOSA (L.) Kurz.,woodfordia fruticosa (l.) kurz.,Woodfordia floribunda Salisb. Woodfordia tomentosa Bedd. Lythrum fruitcosum L. Lythrum hunteri DC.,Lythraceae,lythraceae,,,NORMALIZED_ONLY,HIGH,https://mpbd.cu.ac.bd/plants.php?pageno=15,2026-09-22T15:48:08.385733+00:00
2d7f28b9400f3b32,Withania SOMNIFERA (L.) Dunal.,withania somnifera (l.) dunal.,Physalis somnifera L. Withania kansuensis Kuang & A. M. Lu Withania microphysalis Suess.,Solanaceae,solanaceae,,,NORMALIZED_ONLY,HIGH,https://mpbd.cu.ac.bd/plants.php?pageno=15,2026-09-22T15:48:08.385733+00:00
dd2fdd9d1a46d547,Wikstroemia INDICA (L.) C.A. Mey.,wikstroemia indica (l.) c.a. mey.,Wikstroemia purpurata (L.) Druce Wikstroemia rotundifolia (L. f.) C.A. Mey. Wikstroemia subcoriace,Thymelaeaceae,thymelaeaceae,,,NORMALIZED_ONLY,HIGH,https://mpbd.cu.ac.bd/plants.php?pageno=15,2026-09-22T15:48:08.385733+00:00
a4e0e116e4fd7291,Sphagneticola calendulacea (L.) Pruski.,sphagneticola calendulacea (l.) pruski.,Wedelia chinensis (Osbeck) Merr. Wedelia calendulacea Less. Complaya chinensis (Osbeck) Strother,Asteraceae,asteraceae,,,NORMALIZED_ONLY,HIGH,https://mpbd.cu.ac.bd/plants.php?pageno=15,2026-09-22T15:48:08.385733+00:00
b4dda5184ab986b0,Dregea volubilis (L.f.) Benth. ex Hook.f.,dregea volubilis (l.f.) benth. ex hook.f.,Wattakaka volubilis (L. f.) Stapf. Asclepias volubilis L.f. Dregea volubilis (L.f.) Benth.ex Hook,Asclepiadaceae,asclepiadaceae,,,NORMALIZED_ONLY,HIGH,https://mpbd.cu.ac.bd/plants.php?pageno=15,2026-09-22T15:48:08.385733+00:00
5482ee4ad55d62ae,Vitis PENTAGONA (Roxb.) Lawson.,vitis pentagona (roxb.) lawson.,Cissus pentagona Roxb. Vitis kelungensis Momiy. Vitis lanata Roxb. Vitis quinquangularis Rehder.,Vitaceae,vitaceae,,,NORMALIZED_ONLY,HIGH,https://mpbd.cu.ac.bd/plants.php?pageno=15,2026-09-22T15:48:08.385733+00:00
0000de9201a1c3c8,Vitex TRIFOLIA L. f.,vitex trifolia l. f.,Vitex bicolor Willd. Vitex indica Mill. Vitex paniculata Lam. Vitex triphylla Royle.,Verbenaceae,verbenaceae,,,NORMALIZED_ONLY,HIGH,https://mpbd.cu.ac.bd/plants.php?pageno=15,2026-09-22T15:48:08.385733+00:00
0a7057fa56f1b022,Vitex pinnata L.,vitex pinnata l.,Vitex Pubescens Vahl. Pistaciovitex pinnata (L.) Kuntze Vitex arborea Roxb. Vitex inaequifolia T,Verbenaceae,verbenaceae,,,NORMALIZED_ONLY,HIGH,https://mpbd.cu.ac.bd/plants.php?pageno=16,2026-09-22T15:48:09.910184+00:00
0463c0dde2a50017,Vitex PEDUNCULARIS Wall.,vitex peduncularis wall.,Vitex alata Roxb. Vitex peduncularis var. roxburghiana C.B.Clarke Vitex peduncularis f. roxburghia,Verbenaceae,verbenaceae,,,NORMALIZED_ONLY,HIGH,https://mpbd.cu.ac.bd/plants.php?pageno=16,2026-09-22T15:48:09.910184+00:00
aff55b65b1a0c556,Vitex NEGUNDO L.,vitex negundo l.,Vitex arborea Desf. Vitex chinensis Mill. Vitex incisa Lam. Vitex sinuata Medik.,Verbenaceae,verbenaceae,,,NORMALIZED_ONLY,HIGH,https://mpbd.cu.ac.bd/plants.php?pageno=16,2026-09-22T15:48:09.910184+00:00
86638ce4a33d2b9a,Viscum cruciatum Sieber ex Boiss.,viscum cruciatum sieber ex boiss.,Viscum orientale Willd. Viscum verticillatum Roxb.,Loranthaceae,loranthaceae,,,NORMALIZED_ONLY,HIGH,https://mpbd.cu.ac.bd/plants.php?pageno=16,2026-09-22T15:48:09.910184+00:00
3e608dfd65b6c499,Vigna UNGUICULATA (L.) Walp.,vigna unguiculata (l.) walp.,Vigna sinensis (L.) Savi ex Hassk. Dolichos catjang L. Dolichos sinensis L. Phaseolus sphaerosper,Fabaceae,fabaceae,,,NORMALIZED_ONLY,HIGH,https://mpbd.cu.ac.bd/plants.php?pageno=16,2026-09-22T15:48:09.910184+00:00
41a397eb4b75cff6,Vigna RADIATA (L.) Wilczek.,vigna radiata (l.) wilczek.,Azukia radiata (L.) Ohwi Phaseolus hirtus Retz. Phaseolus radiatus L. Rudua aurea (Roxb.) F.Maek.,Fabaceae,fabaceae,,,NORMALIZED_ONLY,HIGH,https://mpbd.cu.ac.bd/plants.php?pageno=16,2026-09-22T15:48:09.910184+00:00
9ca32c53a16cee91,Vigna MUNGO (L.) Hepper,vigna mungo (l.) hepper,Azukia mungo (L.) Masam. Phaseolus hernandezii Savi Phaseolus mungo L.,Fabaceae,fabaceae,,,NORMALIZED_ONLY,HIGH,https://mpbd.cu.ac.bd/plants.php?pageno=16,2026-09-22T15:48:09.910184+00:00
3da791db5695f938,Chrysopogon zizanioides (L.) Roberty.,chrysopogon zizanioides (l.) roberty.,Vetiveria zizanioides (L.) Nash. Anatherum muricatum (Retz.) P.Beauv. Anatherum zizanioides (L.),Poaceae,poaceae,,,NORMALIZED_ONLY,HIGH,https://mpbd.cu.ac.bd/plants.php?pageno=16,2026-09-22T15:48:09.910184+00:00
f0a9015a04716a02,Vernonia PATULA (Dryand.) Merr.,vernonia patula (dryand.) merr.,Vernonia patula (Dryand.) Merr. Vernonia cinerea (Roxb.) Less. Bothriocline papuana O.Hoffm. Caca,Asteraceae,asteraceae,,,NORMALIZED_ONLY,HIGH,https://mpbd.cu.ac.bd/plants.php?pageno=16,2026-09-22T15:48:09.910184+00:00
af50e32e3b26c609,Vanda TESSELLATA (Roxb.) Hook. ex G. Don.,vanda tessellata (roxb.) hook. ex g. don.,Aerides tessellata (Roxb.) Wight ex Lindl. Cymbidium tessellatum (Roxb.) Sw. Epidendrum tessellat,Orchidaceae,orchidaceae,,,NORMALIZED_ONLY,HIGH,https://mpbd.cu.ac.bd/plants.php?pageno=16,2026-09-22T15:48:09.910184+00:00
2e0c5a7ecf0e4ca3,Vallisneria SPIRALIS L.,vallisneria spiralis l.,Vallisneria aethiopica Fenzl Vallisneria micheliana Spreng. Vallisneria michelii Savi Vallisneria,Hydrocharitaceae,hydrocharitaceae,,,NORMALIZED_ONLY,HIGH,https://mpbd.cu.ac.bd/plants.php?pageno=17,2026-09-22T15:48:11.437093+00:00
668162cc10bfcefd,Uvaria HAMILTONII Hook. f. & Thom.,uvaria hamiltonii hook. f. & thom.,-,Annonaceae,annonaceae,,,POTENTIAL_DUPLICATE,MEDIUM,https://mpbd.cu.ac.bd/plants.php?pageno=17,2026-09-22T15:48:11.437093+00:00
ba571a84f9298b7a,Drimia indica (Roxb.) Jessop.,drimia indica (roxb.) jessop.,Urginea indica (Roxb.) Kunth. Albuca reflexa K.Krause & Dinter Drimia nagarjunae (Hemadri & Swahar,Liliaceae,liliaceae,,,NORMALIZED_ONLY,HIGH,https://mpbd.cu.ac.bd/plants.php?pageno=17,2026-09-22T15:48:11.437093+00:00
3dcae1af2fae6db7,Urena LOBATA L.,urena lobata l.,Urena americana L. Urena grandiflora DC. Urena reticulata Cav. Urena trilobata Vell. (Malvaceae),Malvaceae,malvaceae,,,NORMALIZED_ONLY,HIGH,https://mpbd.cu.ac.bd/plants.php?pageno=17,2026-09-22T15:48:11.437093+00:00
54876fd733706e90,Urena SINUATA L.,urena sinuata l.,Urena lobata var. sinuata (L.) Miq. Urena lobata subsp. sinuata (L.) Borss. Waalk.,Malvaceae,malvaceae,,,NORMALIZED_ONLY,HIGH,https://mpbd.cu.ac.bd/plants.php?pageno=17,2026-09-22T15:48:11.437093+00:00
cecbb851c5d7cb44,Uraria PICTA (Jacq.) DC.,uraria picta (jacq.) dc.,Doodia picta Roxb. Hedysarum pictum Jacq. Uraria aphrodisiaca Welw. Uraria linearis Hassk.,Fabaceae,fabaceae,,,NORMALIZED_ONLY,HIGH,https://mpbd.cu.ac.bd/plants.php?pageno=17,2026-09-22T15:48:11.437093+00:00
d2055b9091925458,Uraria LAGOPODIOIDES (L.) DC.,uraria lagopodioides (l.) dc.,Doodia lagopodioides Roxb. Hedysarum lagopoides Burm.f. Lespedeza lagopoides Pers. Uraria aequilobata Hosok.,Fabaceae,fabaceae,,,NORMALIZED_ONLY,HIGH,https://mpbd.cu.ac.bd/plants.php?pageno=17,2026-09-22T15:48:11.437093+00:00
017a72141b3af8d2,Typhonium TRILOBATUM (L.) Schott.,typhonium trilobatum (l.) schott.,Arum auriculatum Sims Arum orixense Roxb. ex Andrews Dracunculus trilobatus (L.) Raf. Typhonium siamense Engl.,Araceae,araceae,,,NORMALIZED_ONLY,HIGH,https://mpbd.cu.ac.bd/plants.php?pageno=17,2026-09-22T15:48:11.437093+00:00
67d36a49cfce1e48,Typha ELEPHANTINA Roxb.,typha elephantina roxb.,Typha elephantina var. schimperi (Rohrb.) Graebn. Typha latifolia subsp. maresii (Batt.) Batt. Typha maresii Batt. Typha schimperi Rohrb.,Typhaceae,typhaceae,,,NORMALIZED_ONLY,HIGH,https://mpbd.cu.ac.bd/plants.php?pageno=17,2026-09-22T15:48:11.437093+00:00
59f514f42edce13f,Tylophora INDICA (Burm.f.) Merr.,tylophora indica (burm.f.) merr.,Tylophora asthmatica W. & A. Cynanchum indicum Burm.f.,Asclepiadaceae,asclepiadaceae,,,NORMALIZED_ONLY,HIGH,https://mpbd.cu.ac.bd/plants.php?pageno=17,2026-09-22T15:48:11.437093+00:00
3203c8eea1f66e9e,Triumfetta RHOMBOIDEA Jacq.,triumfetta rhomboidea jacq.,Triumfetta bartramia L. Triumfetta angulata Lam. Bartramia indica L. Bartramia rhombifolia Stokes Triumfetta glandulosa Lam. Triumfetta trilocularis Roxb.,Tiliaceae,tiliaceae,,,NORMALIZED_ONLY,HIGH,https://mpbd.cu.ac.bd/plants.php?pageno=18,2026-09-22T15:48:12.960155+00:00
f4b89ad2bbefba3d,Trigonella FOENUM-GRAECUM L.,trigonella foenum-graecum l.,Foenum-graecum officinale var. tibetanum Alef. Trigonella tibetana (Alef.) Vassilcz.,Fabaceae,fabaceae,,,NORMALIZED_ONLY,HIGH,https://mpbd.cu.ac.bd/plants.php?pageno=18,2026-09-22T15:48:12.960155+00:00
cb4dbd94d046dc3d,Tridax PROCUMBENS L.,tridax procumbens l.,Balbisia canescens Rich. ex Pers. Balbisia divaricata Cass. Balbisia elongata Willd.,Asteraceae,asteraceae,,,NORMALIZED_ONLY,HIGH,https://mpbd.cu.ac.bd/plants.php?pageno=18,2026-09-22T15:48:12.960155+00:00
58698fb414806682,Trichosanthes DIOICA Roxb.,trichosanthes dioica roxb.,-,Cucurbitaceae.,cucurbitaceae,,,NORMALIZED_ONLY,HIGH,https://mpbd.cu.ac.bd/plants.php?pageno=18,2026-09-22T15:48:12.960155+00:00
a1dae8a2f5c19806,Trichosanthes CUCUMERINA L.,trichosanthes cucumerina l.,Anguina cucumerina (L.) Kuntze Cucumis anguinus (L.) L. Involucraria anguina (L.) M.Roem. Trichosanthes anguina L.,Cucurbitaceae.,cucurbitaceae,,,NORMALIZED_ONLY,HIGH,https://mpbd.cu.ac.bd/plants.php?pageno=18,2026-09-22T15:48:12.960155+00:00
3ff40521e992964e,Trichosanthes BRACTEATA (Lam.) Voigt.,trichosanthes bracteata (lam.) voigt.,Trichosanthes tricuspidata Lour. Trichosanthes palmata Roxb. Trichosanthes puber Blume,Cucurbitaceae.,cucurbitaceae,,,NORMALIZED_ONLY,HIGH,https://mpbd.cu.ac.bd/plants.php?pageno=18,2026-09-22T15:48:12.960155+00:00
bc36f5a7f8335776,Tribulus TERRESTRIS L.,tribulus terrestris l.,Tribulus lanuginosus L. Tribulus saharae A. Chev. Tribulus terrestris var. sericeus Andersson ex Svenson,Zygophyllaceae,zygophyllaceae,,,NORMALIZED_ONLY,HIGH,https://mpbd.cu.ac.bd/plants.php?pageno=18,2026-09-22T15:48:12.960155+00:00
11ed5b56e668f4ae,Trianthema PORTULACASTRUM L.,trianthema portulacastrum l.,Portulacastrum monogynum (L.) Medik. Trianthema flexuosa Schumach. & Thonn. Trianthema monogyna L. Verbesina aquatica Noronha,Aizoaceae,aizoaceae,,,NORMALIZED_ONLY,HIGH,https://mpbd.cu.ac.bd/plants.php?pageno=18,2026-09-22T15:48:12.960155+00:00
3514b24761eee72f,Mallotus polycarpus (Benth.) Kulju & Welzen.,mallotus polycarpus (benth.) kulju & welzen.,Trewia nudiflora L. Trewia polycarpa Benth. Trewia nudiflora var. polycarpa (Benth.) Susila & N.P.Balakr,Euphorbiaceae,euphorbiaceae,,,NORMALIZED_ONLY,HIGH,https://mpbd.cu.ac.bd/plants.php?pageno=18,2026-09-22T15:48:12.960155+00:00
1a65c12b0b142fe1,Trevesia PALMATA (Roxb. ex Lindl.) Vis.,trevesia palmata (roxb. ex lindl.) vis.,Aralia dubia Spreng. Brassaiopsis papayoides Hand.-Mazz. Gastonia palmata Roxb. ex Lindl. Plerandra jatrophifolia Hance,Araliaceae,araliaceae,,,NORMALIZED_ONLY,HIGH,https://mpbd.cu.ac.bd/plants.php?pageno=18,2026-09-22T15:48:12.960155+00:00
7e438eb1cfb6ffbb,Trema ORIENTALIS (L.) Bl.,trema orientalis (l.) bl.,Celtis madagascariensis Bojer Celtis orientalis L. Sponia orientalis (L.) Decne. Trema africana Blume Trema amboinensis Auct non Bl.,Ulmaceae,ulmaceae,,,NORMALIZED_ONLY,HIGH,https://mpbd.cu.ac.bd/plants.php?pageno=19,2026-09-22T15:48:14.490964+00:00
252091586463594f,Trapa natans var. bispinosa (Roxb.) Makino,trapa natans var. bispinosa (roxb.) makino,Trapa bspinosa Roxb. T. natans L.,Trapaceae,trapaceae,,,NORMALIZED_ONLY,HIGH,https://mpbd.cu.ac.bd/plants.php?pageno=19,2026-09-22T15:48:14.490964+00:00
77e308109de405e1,Tragia INVOLUCRATA L.,tragia involucrata l.,Croton urens L. Tragia involucrata var. rheediana Müll.Arg.,Euphorbiaceae,euphorbiaceae,,,NORMALIZED_ONLY,HIGH,https://mpbd.cu.ac.bd/plants.php?pageno=19,2026-09-22T15:48:14.490964+00:00
e510f4c81b3fa52a,Torenia ASIATICA L.,torenia asiatica l.,Torenia glabra Osbeck.,Scrophulariaceae,scrophulariaceae,,,NORMALIZED_ONLY,HIGH,https://mpbd.cu.ac.bd/plants.php?pageno=19,2026-09-22T15:48:14.490964+00:00
39d39561be99dd8c,Toona CILIATA J. Roem.,toona ciliata j. roem.,Cedrela toona Roxb. Cedrela microcarpa C.DC. Cedrela serrulata Miq. Toona microcarpa (C.DC.) Harms Toona mollis (Hand.-Mazz.) A. Chev.,Meliaceae,meliaceae,,,NORMALIZED_ONLY,HIGH,https://mpbd.cu.ac.bd/plants.php?pageno=19,2026-09-22T15:48:14.490964+00:00
043aa94e408e8dad,Toddalia ASIATICA (L.) Lam.,toddalia asiatica (l.) lam.,Toddalia aculeata Pers. Cranzia asiatica (L.) Kuntze Paullinia asiatica L. Toddalia angustifolia Lam.,Rutaceae,rutaceae,,,NORMALIZED_ONLY,HIGH,https://mpbd.cu.ac.bd/plants.php?pageno=19,2026-09-22T15:48:14.490964+00:00
280eda71c1e174b7,Tinospora CRISPA Miers.,tinospora crispa miers.,Menispermum crispum L. Tinospora gibbericaulis Hand.-Mazz. Tinospora mastersii Diels Tinospora thorelii Gagnep.,Menispermaceae,menispermaceae,,,NORMALIZED_ONLY,HIGH,https://mpbd.cu.ac.bd/plants.php?pageno=19,2026-09-22T15:48:14.490964+00:00
18f235aea694acb0,Tinospora sinensis (Lour.) Merr.,tinospora sinensis (lour.) merr.,Tinospora cordifolia (Willd.) Miers Menispermum cordifolium Willd. Menispermum malabaricum Lam. Tinospora tomentosa (Colebr.) Hook. f. & Thomson.,Menispermaceae,menispermaceae,,,NORMALIZED_ONLY,HIGH,https://mpbd.cu.ac.bd/plants.php?pageno=19,2026-09-22T15:48:14.490964+00:00
85c76ba25c877400,Tiliacora racemosa Colebr.,tiliacora racemosa colebr.,Tiliacora acuminata Miers Menispermum acuminatum Lamk.,Menispermaceae,menispermaceae,,,NORMALIZED_ONLY,HIGH,https://mpbd.cu.ac.bd/plants.php?pageno=19,2026-09-22T15:48:14.490964+00:00
22c33a43b6ea8249,Thunbergia GRANDIFLORA (Roxb. ex Rottl.) Roxb.,thunbergia grandiflora (roxb. ex rottl.) roxb.,Flemingia grandiflora Roxb. ex Rottl. Pleuremidis grandiflora (Roxb. ex Rottl.) Raf. Thunbergia chinensis Merr. Thunbergia cordifolia Nees.,Acanthaceae,acanthaceae,,,NORMALIZED_ONLY,HIGH,https://mpbd.cu.ac.bd/plants.php?pageno=19,2026-09-22T15:48:14.490964+00:00
02ecc870d78b8b36,Cascabela thevetia (L.) Lippold.,cascabela thevetia (l.) lippold.,Thevetia peruviana (Pers.) K.Schum. Cascabela peruviana (Pers.) Raf. Cerbera thevetia L. Thevetia linearis A. DC. Thevetia neriifolia Juss. ex A.DC.,Apocynaceae,apocynaceae,,,NORMALIZED_ONLY,HIGH,https://mpbd.cu.ac.bd/plants.php?pageno=20,2026-09-22T15:48:16.024127+00:00
c2c0417cf4c7dbb6,Thespesia POPULNEA (L.) Sol. ex Corr.,thespesia populnea (l.) sol. ex corr.,Abelmoschus acuminatus (Alef.) Müll.Berol Bupariti populnea (L.) Rothm. Hibiscus blumei Kuntze Malvaviscus populneus (L.) Gaertn. Thespesia macrophylla Blume.,Malvaceae,malvaceae,,,NORMALIZED_ONLY,HIGH,https://mpbd.cu.ac.bd/plants.php?pageno=20,2026-09-22T15:48:16.024127+00:00
d440ed7948ad5b41,Terminalia CITRINA Flaming.,terminalia citrina flaming.,Terminalia manii King.,Combretaceae,combretaceae,,,NORMALIZED_ONLY,HIGH,https://mpbd.cu.ac.bd/plants.php?pageno=20,2026-09-22T15:48:16.024127+00:00
cc15430de481ff04,Terminalia CHEBULA Retz.,terminalia chebula retz.,Buceras chebula (Retz.) Lyons Myrobalanus gangetica (Roxb.) Kostel. Terminalia acuta Walp. Terminalia reticulata Roth.,Combretaceae,combretaceae,,,NORMALIZED_ONLY,HIGH,https://mpbd.cu.ac.bd/plants.php?pageno=20,2026-09-22T15:48:16.024127+00:00
a45b824b07bccf2f,Terminalia CATAPPA L.,terminalia catappa l.,Badamia commersonii Gaertn. Juglans catappa (L.) Lour. Terminalia badamia sensu Tul. Terminalia myrobalana Roth.,Combretaceae,combretaceae,,,NORMALIZED_ONLY,HIGH,https://mpbd.cu.ac.bd/plants.php?pageno=20,2026-09-22T15:48:16.024127+00:00
706f3f8368975a97,Terminalia BILLIRICA (Gaertn.)Roxb.,terminalia billirica (gaertn.)roxb.,Myrobalanus laurinoides (Teijsm. & Binn.) Kuntze Terminalia bellirica var. laurinoides (Teijsm. & Binn.) C.B. Clarke,Combretaceae,combretaceae,,,NORMALIZED_ONLY,HIGH,https://mpbd.cu.ac.bd/plants.php?pageno=20,2026-09-22T15:48:16.024127+00:00
8dc4d2d1b317fd8c,Terminalia ARJUNA (Roxb. ex DC.) Wight & Arn.,terminalia arjuna (roxb. ex dc.) wight & arn.,Pentaptera arjuna Roxb. ex DC.,Combretaceae,combretaceae,,,NORMALIZED_ONLY,HIGH,https://mpbd.cu.ac.bd/plants.php?pageno=20,2026-09-22T15:48:16.024127+00:00
35296060d5072f86,Tephrosia PURPUREA (L.) Pers.,tephrosia purpurea (l.) pers.,Cracca purpurea L. Cracca purpurea L. Galega diffusa Roxb. Tephrosia diffusa (Roxb.) Wight & Arn.,Fabaceae,fabaceae,,,NORMALIZED_ONLY,HIGH,https://mpbd.cu.ac.bd/plants.php?pageno=20,2026-09-22T15:48:16.024127+00:00
a6ce7ee4e542f880,Tectona grandis L.f.,tectona grandis l.f.,Jatus grandis (L.f.) Kuntze Tectona theca Lour. Theka grandis (L.f.) Lam.,Verbenaceae,verbenaceae,,,NORMALIZED_ONLY,HIGH,https://mpbd.cu.ac.bd/plants.php?pageno=20,2026-09-22T15:48:16.024127+00:00
fc8cfbd33e4fb015,Tamarix INDICA Willd.,tamarix indica willd.,Tamarix gallica Dyer. (non L.) Tamarix bengalensis B.R. Baum Tamarix epacroides Sm. Tamarix gallica var. indica (Willd.) Ehrenb. Tamarix troupii Hole,Tamaricaceae,tamaricaceae,,,NORMALIZED_ONLY,HIGH,https://mpbd.cu.ac.bd/plants.php?pageno=20,2026-09-22T15:48:16.024127+00:00
876872df0c3f8029,Tamarix DIOICA Roxb. ex Roth.,tamarix dioica roxb. ex roth.,Tamarix gallica Wight.,Tamaricaeae,tamaricaeae,,,NORMALIZED_ONLY,HIGH,https://mpbd.cu.ac.bd/plants.php?pageno=21,2026-09-22T15:53:31.367783+00:00
09230327d4d211e7,Tamarindus INDICA L.,tamarindus indica l.,Tamarindus occidentalis Gaertn. Tamarindus officinalis Hook. Tamarindus umbrosa Salisb.,Caesalpiniaceae,caesalpiniaceae,,,NORMALIZED_ONLY,HIGH,https://mpbd.cu.ac.bd/plants.php?pageno=21,2026-09-22T15:53:31.367783+00:00
5e41c3c4b578791d,Tagetes ERECTA L.,tagetes erecta l.,Tagetes corymbosa Sweet Tagetes heterocarpha Rydb. Tagetes patula L. Tagetes tenuifolia Millsp.,Asteraceae,asteraceae,,,NORMALIZED_ONLY,HIGH,https://mpbd.cu.ac.bd/plants.php?pageno=21,2026-09-22T15:53:31.367783+00:00
fa8f41c5847014a1,Tacca INTEGRIFOLIA Ker.-Gawl.,tacca integrifolia ker.-gawl.,Ataccia aspera (Roxb.) Kunth Ataccia cristata (Jack) Kunth Tacca aspera Roxb. Tacca cristata Jack,Taccaceae,taccaceae,,,NORMALIZED_ONLY,HIGH,https://mpbd.cu.ac.bd/plants.php?pageno=21,2026-09-22T15:53:31.367783+00:00
e6a220b34bb33079,Tabernaemontana DIVARICATA (L.) R.Br. ex Roem. & Schult.,tabernaemontana divaricata (l.) r.br. ex roem. & schult.,Ervatamia divaricata (L.) Burkill Jasminum zeylanicum Burm.f. Nerium coronarium Jacq. Reichardia jasminoides Dennst.,Apocynaceae,apocynaceae,,,NORMALIZED_ONLY,HIGH,https://mpbd.cu.ac.bd/plants.php?pageno=21,2026-09-22T15:53:31.367783+00:00
99387220d122dc45,Syzygium nervosum A.Cunn. ex DC.,syzygium nervosum a.cunn. ex dc.,Syzygium operculatum (Roxb.) Niedz. Calyptranthes mangiferifolia Hance ex Walp. Eugenia cerasoides Roxb. Jambosa nitida Korth. Eugenia operculatum Roxb.,Myrtaceae,myrtaceae,,,NORMALIZED_ONLY,HIGH,https://mpbd.cu.ac.bd/plants.php?pageno=21,2026-09-22T15:53:31.367783+00:00
4ef1255e0cf7315b,Syzygium JAMBOS (L.) Alston.,syzygium jambos (l.) alston.,Eugenia jambos L. Jambosa palembanica Blume Myrtus jambos (L.) Kunth Plinia jambos (L.) M.Gómez,Myrtaceae,myrtaceae,,,NORMALIZED_ONLY,HIGH,https://mpbd.cu.ac.bd/plants.php?pageno=21,2026-09-22T15:53:31.367783+00:00
d414e66d447f5cdd,Syzygium FRUTICOSUM DC.,syzygium fruticosum dc.,Eugenia fruticosa (DC.) Roxb.,Myrtaceae,myrtaceae,,,NORMALIZED_ONLY,HIGH,https://mpbd.cu.ac.bd/plants.php?pageno=21,2026-09-22T15:53:31.367783+00:00
d44042614bbff559,Syzygium CUMINI (L.) Skeel.,syzygium cumini (l.) skeel.,Eugenia cumini L. Calyptranthes cumini (L.) Pers. Eugenia jambolana Lam. Jambolifera chinensis Spreng. Myrtus cumini L.,Myrtaceae,myrtaceae,,,NORMALIZED_ONLY,HIGH,https://mpbd.cu.ac.bd/plants.php?pageno=21,2026-09-22T15:53:31.367783+00:00
9d311e3fb4eee435,Symplocos RACEMOSA Roxb.,symplocos racemosa roxb.,Symplocos intermedia Brand Symplocos macrostachya Brand Symplocos propinqua Hance,Symplocaceae,symplocaceae,,,NORMALIZED_ONLY,HIGH,https://mpbd.cu.ac.bd/plants.php?pageno=21,2026-09-22T15:53:31.367783+00:00
7494269140d16559,Suregada MULTIFLORA (A. Juss.) Baill.,suregada multiflora (a. juss.) baill.,Gelonium multiflorum Juss. Gelonium fascuculatum Roxb. Gelonium oxyphyllum Miq. Suregada glabra Roxb. Suregada tenuifolia (Ridl.) Croizat,Euphorbiaceae,euphorbiaceae,,,NORMALIZED_ONLY,HIGH,https://mpbd.cu.ac.bd/plants.php?pageno=22,2026-09-22T16:26:46.895950+00:00
d7384be896e02d76,Strychnos NUX-VOMICA L.,strychnos nux-vomica l.,Strychnos nux-vomica var. oligosperma Dop Strychnos spireana Dop,Loganiaceae,loganiaceae,,,NORMALIZED_ONLY,HIGH,https://mpbd.cu.ac.bd/plants.php?pageno=22,2026-09-22T16:26:46.895950+00:00
c3a803a910ff05f8,Strobilanthes AURICULATUS Nees.,strobilanthes auriculatus nees.,Perilepta auriculata (Nees) Bremek. Perilepta siamensis (C.B. Clarke) Bremek. Strobilanthes edgeworthiana Nees Strobilanthes siamensis C.B. Clarke,Acanthaceae,acanthaceae,,,NORMALIZED_ONLY,HIGH,https://mpbd.cu.ac.bd/plants.php?pageno=22,2026-09-22T16:26:46.895950+00:00
3ec330a5cd459666,Striga asiatica (L.) Kuntze.,striga asiatica (l.) kuntze.,Striga lutea Lour. Striga hirsuta var. humilis Benth. Striga asiatica var. humilis (Benth.) D.Y. Hong,Scrophulariaceae,scrophulariaceae,,,NORMALIZED_ONLY,HIGH,https://mpbd.cu.ac.bd/plants.php?pageno=22,2026-09-22T16:26:46.895950+00:00
ce7cc4b2d1fdf5f6,Streblus ASPER Lour.,streblus asper lour.,-,Moraceae,moraceae,,,NORMALIZED_ONLY,HIGH,https://mpbd.cu.ac.bd/plants.php?pageno=22,2026-09-22T16:26:46.895950+00:00
7a796c867a132ed7,Stereospermum chelonoides (L.f.) DC.,stereospermum chelonoides (l.f.) dc.,Stereosermum suaveolens A. DC. Bignonia chelonoides L.f. Bignonia suaveolens Roxb. Tecoma suaveolens (Roxb.) G.Don,Bignoniaceae,bignoniaceae,,,NORMALIZED_ONLY,HIGH,https://mpbd.cu.ac.bd/plants.php?pageno=22,2026-09-22T16:26:46.895950+00:00
3945e4d2adfd08b6,Stereospermum tetragonum DC.,stereospermum tetragonum dc.,Stereospermum personatum (Hassk.) Chatt. Bignonia caudata DC. Dipterosperma personatum Hassk. Stereospermum hasskarlii Zoll. & Moritzi,Bignoniaceae,bignoniaceae,,,NORMALIZED_ONLY,HIGH,https://mpbd.cu.ac.bd/plants.php?pageno=22,2026-09-22T16:26:46.895950+00:00
0ace7e0a82d59443,Sterculia VILLOSA Roxb.,sterculia villosa roxb.,Sterculia armata Mast. Sterculia lantsangensis Hu Sterculia ornata Wall. ex Kurz,Sterculiaceae,sterculiaceae,,,NORMALIZED_ONLY,HIGH,https://mpbd.cu.ac.bd/plants.php?pageno=22,2026-09-22T16:26:46.895950+00:00
3f06bb8188eef891,Sterculia FOETIDA L.,sterculia foetida l.,Clompanus foetida (L.) Kuntze Sterculia mexicana var. guianensis Sagot,Sterculiaceae,sterculiaceae,,,NORMALIZED_ONLY,HIGH,https://mpbd.cu.ac.bd/plants.php?pageno=22,2026-09-22T16:26:46.895950+00:00
222fa3684570c0dd,Stephania JAPONICA (Thunb.) Miers.,stephania japonica (thunb.) miers.,Stephania hernandifolia Walp. Menispermum japonicum Thunb. Stephania japonica var. japonica,Menispermaceae,menispermaceae,,,NORMALIZED_ONLY,HIGH,https://mpbd.cu.ac.bd/plants.php?pageno=22,2026-09-22T16:26:46.895950+00:00
c93e8be645f30e6d,Stephania GLABRA (Roxb.) Miers.,stephania glabra (roxb.) miers.,-,Menispermaceae,menispermaceae,,,NORMALIZED_ONLY,HIGH,https://mpbd.cu.ac.bd/plants.php?pageno=23,2026-09-22T16:26:48.427157+00:00
6e67de39023a1c85,Stachytarpheta INDICA Vahl.,stachytarpheta indica vahl.,Stachytarpheta angustifolia (Mill.) Vahl Verbena indica L. Verbena angustifolia Mill. Zappania angustifolia (Mill.) Poir.,Verbenaceae,verbenaceae,,,NORMALIZED_ONLY,HIGH,https://mpbd.cu.ac.bd/plants.php?pageno=23,2026-09-22T16:26:48.427157+00:00
63e82529c338a682,Spondias PINNATA (L.f.) Kurz.,spondias pinnata (l.f.) kurz.,Mangifera pinnata L. f. Poupartia pinnata (L. f.) Blanco Spondias acuminata Roxb. Tetrastigma megalocarpum W.T. Wang,Anacardiaceae,anacardiaceae,,,NORMALIZED_ONLY,HIGH,https://mpbd.cu.ac.bd/plants.php?pageno=23,2026-09-22T16:26:48.427157+00:00
c668e8654ba353e4,Spinacia OLERACEA L.,spinacia oleracea l.,Spinacia glabra Mill. Spinacia inermis Moench Spinacia spinosa Moench,Chenopodiaceae,chenopodiaceae,,,NORMALIZED_ONLY,HIGH,https://mpbd.cu.ac.bd/plants.php?pageno=23,2026-09-22T16:26:48.427157+00:00
a034259ec96d9a1b,Acmella paniculata (Wall. ex DC.) R.K.Jansen.,acmella paniculata (wall. ex dc.) r.k.jansen.,Spilanthes calva DC. Spilanthes grandifolia Miq. Spilanthes paniculata Wall. ex DC. Spilanthes rugosa Blume ex DC.,Asteraceae,asteraceae,,,NORMALIZED_ONLY,HIGH,https://mpbd.cu.ac.bd/plants.php?pageno=23,2026-09-22T16:26:48.427157+00:00
dbea42467957010b,Sphaeranthus INDICUS L.,sphaeranthus indicus l.,Sphaeranthus hirtus Willd. Sphaeranthus mollis Roxb. Sphaeranthus mollis Roxb. ex DC.,Asteraceae,asteraceae,,,NORMALIZED_ONLY,HIGH,https://mpbd.cu.ac.bd/plants.php?pageno=23,2026-09-22T16:26:48.427157+00:00
5c51c6bed602d40a,Sonneratia CASEOLARIS (L.) Engl.,sonneratia caseolaris (l.) engl.,Blatti acida (L. f.) Lam. Rhizophora caseolaris L. Sonneratia acida L. f. Sonneratia neglecta Blume.,Sonneratiaceae,sonneratiaceae,,,NORMALIZED_ONLY,HIGH,https://mpbd.cu.ac.bd/plants.php?pageno=23,2026-09-22T16:26:48.427157+00:00
91668c5519eebec6,Sonchus WIGHTIANUS DC.,sonchus wightianus dc.,Sonchus arvensis L. Sonchus orixensis Roxb. Sonchus picris H.Lév. & Vaniot,Asteraceae,asteraceae,,,NORMALIZED_ONLY,HIGH,https://mpbd.cu.ac.bd/plants.php?pageno=23,2026-09-22T16:26:48.427157+00:00
a2ef71d08cf1238c,Solanum VIRGINIANUM L.,solanum virginianum l.,Solanum surattense Burm.f. Solanum mairei H. Lév. Solanum xanthocarpum Schrad. & H. Wendl.,Solanacee,solanacee,,,NORMALIZED_ONLY,HIGH,https://mpbd.cu.ac.bd/plants.php?pageno=23,2026-09-22T16:26:48.427157+00:00
d2ed87d0d0818f09,Solanum VIOLACEUM Ortega,solanum violaceum ortega,Solanum indicum L. Solanum chinense Dunal Solanum nivalomontanum C.Y. Wu & S.C. Huang,Solanaceae,solanaceae,,,NORMALIZED_ONLY,HIGH,https://mpbd.cu.ac.bd/plants.php?pageno=23,2026-09-22T16:26:48.427157+00:00
6835c5006a73b770,Solanum TORVUM Swartz.,solanum torvum swartz.,Solanum filicifolium sensu Abeywick Solanum ficifolium Ortega Solanum mayanum Lundell,Solanceae,solanceae,,,NORMALIZED_ONLY,HIGH,https://mpbd.cu.ac.bd/plants.php?pageno=24,2026-09-22T16:26:49.955695+00:00
db24a9e880a7fc47,Solanum SISYMBRIFOLIUM Lamk.,solanum sisymbrifolium lamk.,Solanum sisymbriifolium f. lilacinum Kuntze,Solanceae,solanceae,,,NORMALIZED_ONLY,HIGH,https://mpbd.cu.ac.bd/plants.php?pageno=24,2026-09-22T16:26:49.955695+00:00
3acfbdde2399ebec,Solanum americanum Mill.,solanum americanum mill.,Solanum nigrum L. Solanum adventitium Polgar Solanum caribaeum Dunal Solanum parviflorum Badarò Solanum purpuratum Bitter,Solanaceae,solanaceae,,,NORMALIZED_ONLY,HIGH,https://mpbd.cu.ac.bd/plants.php?pageno=24,2026-09-22T16:26:49.955695+00:00
2742042f148eae80,Solanum MELONGENA L.,solanum melongena l.,Solanum esculentum Dunal Solanum insanum L.,Solanaceae,solanaceae,,,NORMALIZED_ONLY,HIGH,https://mpbd.cu.ac.bd/plants.php?pageno=24,2026-09-22T16:26:49.955695+00:00
0692a40ec30f3554,Solanum ERIANTHUM D. Don.,solanum erianthum d. don.,Solanum verbascifolium L. Solanum adulterinum Buch.-Ham. ex Wall.,Solanaceae,solanaceae,,,NORMALIZED_ONLY,HIGH,https://mpbd.cu.ac.bd/plants.php?pageno=24,2026-09-22T16:26:49.955695+00:00
958370a4f16d9f20,Smilax ZEYLANICA L.,smilax zeylanica l.,S. macrophylla Roxb.,Smilacaceae,smilacaceae,,,NORMALIZED_ONLY,HIGH,https://mpbd.cu.ac.bd/plants.php?pageno=24,2026-09-22T16:26:49.955695+00:00
10e0f7dfd61eaf90,Smilax PERFOLIATA Lour.,smilax perfoliata lour.,S. prolifera Wall. ex Roxb.,Smilacaceae,smilacaceae,,,NORMALIZED_ONLY,HIGH,https://mpbd.cu.ac.bd/plants.php?pageno=24,2026-09-22T16:26:49.955695+00:00
6788df0ec157aa9e,Smilax GLABRA Roxb.,smilax glabra roxb.,-,Smilacaceae,smilacaceae,,,NORMALIZED_ONLY,HIGH,https://mpbd.cu.ac.bd/plants.php?pageno=24,2026-09-22T16:26:49.955695+00:00
06d0323e3e996592,Sida ORIENTALIS Cav.,sida orientalis cav.,S. rhombifolia L.,Malvaceae,malvaceae,,,NORMALIZED_ONLY,HIGH,https://mpbd.cu.ac.bd/plants.php?pageno=24,2026-09-22T16:26:49.955695+00:00
8b5bc31adb2bf6c1,Sida CORDIFOLIA L.,sida cordifolia l.,-,Malvaceae,malvaceae,,,POTENTIAL_DUPLICATE,MEDIUM,https://mpbd.cu.ac.bd/plants.php?pageno=24,2026-09-22T16:26:49.955695+00:00
4c90293080686922,Sida CORDATA (Burm. f. ) Borssum.,sida cordata (burm. f. ) borssum.,S. veronicaefolia Lamk.,Malvaceae,malvaceae,,,NORMALIZED_ONLY,HIGH,https://mpbd.cu.ac.bd/plants.php?pageno=25,2026-09-22T16:26:51.482019+00:00
eeabcee8ad94480f,Sida ACUTA Burm. f.,sida acuta burm. f.,-,Malvaceae,malvaceae,,,POTENTIAL_DUPLICATE,MEDIUM,https://mpbd.cu.ac.bd/plants.php?pageno=25,2026-09-22T16:26:51.482019+00:00
2deb4c4f32984357,Shorea ROBUSTA Gaertn.,shorea robusta gaertn.,-,Dipterocarpaceae,dipterocarpaceae,,,POTENTIAL_DUPLICATE,MEDIUM,https://mpbd.cu.ac.bd/plants.php?pageno=25,2026-09-22T16:26:51.482019+00:00
ae72371768886084,Setaria ITALICA (L.) Beauv.,setaria italica (l.) beauv.,-,Poaceae,poaceae,,,NORMALIZED_ONLY,HIGH,https://mpbd.cu.ac.bd/plants.php?pageno=25,2026-09-22T16:26:51.482019+00:00
64901ae0fa835883,Seseli DIFFUSUM (Roxb.ex Sm.)Sant. & Wagh.,seseli diffusum (roxb.ex sm.)sant. & wagh.,S. indicum W & A.,Apiaceae,apiaceae,,,NORMALIZED_ONLY,HIGH,https://mpbd.cu.ac.bd/plants.php?pageno=25,2026-09-22T16:26:51.482019+00:00
364d11d3a6e908e8,Sesbania SESBAN (L.) Merr.,sesbania sesban (l.) merr.,S. aegyptiaca Pers.,Fabaceae,fabaceae,,,POTENTIAL_DUPLICATE,MEDIUM,https://mpbd.cu.ac.bd/plants.php?pageno=25,2026-09-22T16:26:51.482019+00:00
e808694fc6115c02,Sesbania GRANDIFLORA Pers.,sesbania grandiflora pers.,-,Fabaceae,fabaceae,,,NORMALIZED_ONLY,HIGH,https://mpbd.cu.ac.bd/plants.php?pageno=25,2026-09-22T16:26:51.482019+00:00
669032be14c4fc29,Sesbania ACULEATA Pers.,sesbania aculeata pers.,-,Fabaceae,fabaceae,,,NORMALIZED_ONLY,HIGH,https://mpbd.cu.ac.bd/plants.php?pageno=25,2026-09-22T16:26:51.482019+00:00
7778779db72ef548,Sesamum INDICUM L.,sesamum indicum l.,S. orientale L.,Pedaliaceae,pedaliaceae,,,POTENTIAL_DUPLICATE,MEDIUM,https://mpbd.cu.ac.bd/plants.php?pageno=25,2026-09-22T16:26:51.482019+00:00
9d86ee9fbeea8c86,Semecarpus ANACARDIUM L.f.,semecarpus anacardium l.f.,-,Anacardiaceae,anacardiaceae,,,NORMALIZED_ONLY,HIGH,https://mpbd.cu.ac.bd/plants.php?pageno=25,2026-09-22T16:26:51.482019+00:00
50d33dc2f0106e48,Scoparia DULCIS L.,scoparia dulcis l.,-,Scrophulariaceae,scrophulariaceae,,,NORMALIZED_ONLY,HIGH,https://mpbd.cu.ac.bd/plants.php?pageno=26,2026-09-22T16:26:53.011380+00:00
19d42ee45a8d23c2,Scindapsus OFFICINALIS (Roxb.) Schott.,scindapsus officinalis (roxb.) schott.,Pothos officinalis Roxb.,Araceae,araceae,,,NORMALIZED_ONLY,HIGH,https://mpbd.cu.ac.bd/plants.php?pageno=26,2026-09-22T16:26:53.011380+00:00
69a78322a0ec02b6,Schoenoplectus ARTICULATUS (L.) Palla,schoenoplectus articulatus (l.) palla,Scirpus articulatus L.,Cyperaceae,cyperaceae,,,NORMALIZED_ONLY,HIGH,https://mpbd.cu.ac.bd/plants.php?pageno=26,2026-09-22T16:26:53.011380+00:00
fe99df2af8c392ec,Schoenoplectus GROSSUS (L.f.) Palla.,schoenoplectus grossus (l.f.) palla.,Scirpus grossus L.f. S. kysoor Roxb.,Cyperaceae,cyperaceae,,,NORMALIZED_ONLY,HIGH,https://mpbd.cu.ac.bd/plants.php?pageno=26,2026-09-22T16:26:53.011380+00:00
815821355eb8218e,Schleichera OLEOSA (Lour.) Oken,schleichera oleosa (lour.) oken,-,Sapindaceae,sapindaceae,,,NORMALIZED_ONLY,HIGH,https://mpbd.cu.ac.bd/plants.php?pageno=26,2026-09-22T16:26:53.011380+00:00
f3a0de86bfc526a7,Scaphium WALLICHII Schott. & Endl.,scaphium wallichii schott. & endl.,Sterculia scaphigera Wall.,Sterculiaceae,sterculiaceae,,,NORMALIZED_ONLY,HIGH,https://mpbd.cu.ac.bd/plants.php?pageno=26,2026-09-22T16:26:53.011380+00:00
2dc0c4875e557eaa,Saussurea AFFINIS Spreng.,saussurea affinis spreng.,-,Asteraceae,asteraceae,,,NORMALIZED_ONLY,HIGH,https://mpbd.cu.ac.bd/plants.php?pageno=26,2026-09-22T16:26:53.011380+00:00
42794eacaae00e92,Sarcochlamys PULCHERRIMA Gaud.,sarcochlamys pulcherrima gaud.,-,Articaceae,articaceae,,,NORMALIZED_ONLY,HIGH,https://mpbd.cu.ac.bd/plants.php?pageno=26,2026-09-22T16:26:53.011380+00:00
3402f47300d7d02b,Saraca ASOCA (Roxb.) De Wilde.,saraca asoca (roxb.) de wilde.,Saraca indica non L. sensu Baker,Fabaceae,fabaceae,,,NORMALIZED_ONLY,HIGH,https://mpbd.cu.ac.bd/plants.php?pageno=26,2026-09-22T16:26:53.011380+00:00
d0372247cadc8b10,Sapindus MUKOROSSI Gaertn.,sapindus mukorossi gaertn.,-,Sapindaceae,sapindaceae,,,NORMALIZED_ONLY,HIGH,https://mpbd.cu.ac.bd/plants.php?pageno=26,2026-09-22T16:26:53.011380+00:00
71ecdd7b9cb4c4a8,Sansevieria ROXBURGHIANA Schult.,sansevieria roxburghiana schult.,-,Amaryllidaceae,amaryllidaceae,,,NORMALIZED_ONLY,HIGH,https://mpbd.cu.ac.bd/plants.php?pageno=27,2026-09-22T16:26:54.538262+00:00
e5c151936b3be65d,Sambucas JAVANICA Reinw. ex Blume.,sambucas javanica reinw. ex blume.,S. hookeri Rehder.,Caprifoliaceae,caprifoliaceae,,,NORMALIZED_ONLY,HIGH,https://mpbd.cu.ac.bd/plants.php?pageno=27,2026-09-22T16:26:54.538262+00:00
349e9cbea81611c7,Salvia PLEBEIA R. Br.,salvia plebeia r. br.,-,Lamiaceae,lamiaceae,,,NORMALIZED_ONLY,HIGH,https://mpbd.cu.ac.bd/plants.php?pageno=27,2026-09-22T16:26:54.538262+00:00
480f299e314a9e32,Salix TETRASPERMA Roxb.,salix tetrasperma roxb.,-,Salicaceae,salicaceae,,,NORMALIZED_ONLY,HIGH,https://mpbd.cu.ac.bd/plants.php?pageno=27,2026-09-22T16:26:54.538262+00:00
bce30491b28ff59f,Sagittaria SAGITTIFOLIA L.,sagittaria sagittifolia l.,-,Alismataceae,alismataceae,,,NORMALIZED_ONLY,HIGH,https://mpbd.cu.ac.bd/plants.php?pageno=27,2026-09-22T16:26:54.538262+00:00
be302e631675781a,Saccharum SPONTANEUM L.,saccharum spontaneum l.,-,Poaceae,poaceae,,,NORMALIZED_ONLY,HIGH,https://mpbd.cu.ac.bd/plants.php?pageno=27,2026-09-22T16:26:54.538262+00:00
4688c687dc8b8b69,Saccharum OFFICINARUM L.,saccharum officinarum l.,-,Poaceae,poaceae,,,POTENTIAL_DUPLICATE,MEDIUM,https://mpbd.cu.ac.bd/plants.php?pageno=27,2026-09-22T16:26:54.538262+00:00
9a4d0fd2eb1acba8,Saccharum ARUNDINACEUM Rets.,saccharum arundinaceum rets.,S. procerum Roxb.,Poaceae,poaceae,,,NORMALIZED_ONLY,HIGH,https://mpbd.cu.ac.bd/plants.php?pageno=27,2026-09-22T16:26:54.538262+00:00
1b45d2b788e71951,Rungia PECTINATA (L.) Nees.,rungia pectinata (l.) nees.,Dianthera parviflora Roxb. ex Nees Dicliptera pectinata (L.) Juss. Justicia pectinata L. Rungia parviflora Nees,Acanthaceae,acanthaceae,,,NORMALIZED_ONLY,HIGH,https://mpbd.cu.ac.bd/plants.php?pageno=27,2026-09-22T16:26:54.538262+00:00
cfd21b4cca23bbe7,Rumex VESICARIUS L.,rumex vesicarius l.,Acetosa vesicaria (L.) Á.Löve,Polygonaceae,polygonaceae,,,NORMALIZED_ONLY,HIGH,https://mpbd.cu.ac.bd/plants.php?pageno=27,2026-09-22T16:26:54.538262+00:00
b7e45ef5e08e180c,rumex MARITIMUS L,rumex maritimus l,Lapathum minus Lam. Rumex aureus Mill. Rumex fueginus Phil. Rumex longisetus A.I. Baranov & Skvortsov,Polygonaceae,polygonaceae,,,NORMALIZED_ONLY,HIGH,https://mpbd.cu.ac.bd/plants.php?pageno=28,2026-09-22T16:26:56.067829+00:00
e72749a9a032feaa,Ruellia SUFFRUTICOSA Roxb.,ruellia suffruticosa roxb.,Dipteracanthus sibua Nees Dipteracanthus suffruticosus Voigt,Acanthaceae,acanthaceae,,,NORMALIZED_ONLY,HIGH,https://mpbd.cu.ac.bd/plants.php?pageno=28,2026-09-22T16:26:56.067829+00:00
e167c172fab4c4c4,Rourea COMMUTATA Planch.,rourea commutata planch.,-,Connaraceae,connaraceae,,,NORMALIZED_ONLY,HIGH,https://mpbd.cu.ac.bd/plants.php?pageno=28,2026-09-22T16:26:56.067829+00:00
5c17d3ecd0a0292b,Ricinus COMMUNIS L.,ricinus communis l.,Croton spinosus L. Ricinus angulatus Thunb. Ricinus badius Rchb. Ricinus cambodgensis Benary,Euphorbiaceae,euphorbiaceae,,,NORMALIZED_ONLY,HIGH,https://mpbd.cu.ac.bd/plants.php?pageno=28,2026-09-22T16:26:56.067829+00:00
7f32bcec43389cd9,RHYNCHOTECHUM ELLIPTICUM (Wall. ex D. Dietr.) A. DC.,rhynchotechum ellipticum (wall. ex d. dietr.) a. dc.,Corysanthera elliptica Wall. ex D. Dietr. Rhynchotechum latifolium Hook. f. & Thomson ex C.B. Clarke Rhynchotechum obovatum (Griff.) B.L. Burtt (Gesneriaceae),-,-,,,NORMALIZED_ONLY,HIGH,https://mpbd.cu.ac.bd/plants.php?pageno=28,2026-09-22T16:26:56.067829+00:00
c7b849720dd34d8e,rhizophora MUCRONATA Lam.,rhizophora mucronata lam.,Mangium candelarium Rumphius Rhizophora candelaria Wight & Arn. Rhizophora longissima Blanco Rhizophora macrorrhiza Griff. Rhizophora mucronata Poir.,Rhizophoraceae,rhizophoraceae,,,NORMALIZED_ONLY,HIGH,https://mpbd.cu.ac.bd/plants.php?pageno=28,2026-09-22T16:26:56.067829+00:00
8d7ed8afcf6fc839,Rhinacanthus NASUTA (L.) Kurz.,rhinacanthus nasuta (l.) kurz.,Dianthera paniculata Lour. Ecbolium dichotomum (Blume) Kuntze Justicia nasuta L. Rhinacanthus comimunis Nees (Acanthaceae),Acanthaceae,acanthaceae,,,NORMALIZED_ONLY,HIGH,https://mpbd.cu.ac.bd/plants.php?pageno=28,2026-09-22T16:26:56.067829+00:00
7355b62716ccb981,Reinwardtia indica Dumort.,reinwardtia indica dumort.,Kittelocharis trigyna (Rchb.) Alef. Linum repens Buch.-Ham. ex D. Don Macrolinum trigynum Rchb. Reinwardtia trigyna Planch. Reinwardtia indica Dum.,Linaceae,linaceae,,,NORMALIZED_ONLY,HIGH,https://mpbd.cu.ac.bd/plants.php?pageno=28,2026-09-22T16:26:56.067829+00:00
b86188d2b3d929da,Rauvolfia TETRAPHYLLA L.,rauvolfia tetraphylla l.,Rauvolfia canescens L. Rauvolfia hirsuta Jacq. Rauvolfia subpubescens L. Rauvolfia tomentosa Jacq.,Apocynaceae,apocynaceae,,,NORMALIZED_ONLY,HIGH,https://mpbd.cu.ac.bd/plants.php?pageno=28,2026-09-22T16:26:56.067829+00:00
b5eb4a24f1bcd8c7,Rauvolfia SERPENTINA (L.) Benth. ex Kurz.,rauvolfia serpentina (l.) benth. ex kurz.,Ophioxylon serpentinum L. Ophioxylon trifoliatum Gaertn. Rauvolfia obversa (Miq.) Baill. Rauvolfia trifoliata (Gaertn.) Baill.,Apocynaceae,apocynaceae,,,NORMALIZED_ONLY,HIGH,https://mpbd.cu.ac.bd/plants.php?pageno=28,2026-09-22T16:26:56.067829+00:00
dd145cf6f904b240,Ranunculus SCELERATUS L.,ranunculus sceleratus l.,Adonis palustris Raeusch. Batrachium sceleratum (L.) Th.Fr. ex A.Pihl Hecatonia scelerata Fourr. Ranunculus indicus Roxb.,Ranunculaceae,ranunculaceae,,,POTENTIAL_DUPLICATE,MEDIUM,https://mpbd.cu.ac.bd/plants.php?pageno=29,2026-09-22T16:26:57.591786+00:00
f6e9f7db4265097e,Oxyceros longiflorus (Lam.) T.Yamaz.,oxyceros longiflorus (lam.) t.yamaz.,Randia longiflora Lam Cupia scandens (Roxb.) DC. Griffithia palembanica Miq. Pseudixora javanica Miq. Webera scandens Roxb.,Rubiaceae,rubiaceae,,,NORMALIZED_ONLY,HIGH,https://mpbd.cu.ac.bd/plants.php?pageno=29,2026-09-22T16:26:57.591786+00:00
4f8a7fc1fdfad9b3,aidia DENSIFLORA (Wall.) Masam.,aidia densiflora (wall.) masam.,Randia densiflora (Wall.) Benth. Cupia oppositifolia (Roxb.) DC. Gynopachis oblongata Miq. Stylocoryna oppositifolia (Roxb.) Steud.,Rubiaceae,rubiaceae,,,NORMALIZED_ONLY,HIGH,https://mpbd.cu.ac.bd/plants.php?pageno=29,2026-09-22T16:26:57.591786+00:00
73d672d2fa5f8490,Combretum indicum (L.) De Filipps.,combretum indicum (l.) de filipps.,Quisqualis indica L. Kleinia quadricolor Crantz Mekistus sinensis Lour. ex Gomes Mach. Quisqualis spinosa Blanco,Combretaceae,combretaceae,,,NORMALIZED_ONLY,HIGH,https://mpbd.cu.ac.bd/plants.php?pageno=29,2026-09-22T16:26:57.591786+00:00
c3e46ec09a1eeea1,Punica GRANATUM L.,punica granatum l.,Punica nana L.,Punicaeae,punicaeae,,,NORMALIZED_ONLY,HIGH,https://mpbd.cu.ac.bd/plants.php?pageno=29,2026-09-22T16:26:57.591786+00:00
a7ecf2167cdf27e9,Pueraria TUBEROSA (Willd.) DC.,pueraria tuberosa (willd.) dc.,Hedysarum tuberosum Willd.,Fabaceae,fabaceae,,,NORMALIZED_ONLY,HIGH,https://mpbd.cu.ac.bd/plants.php?pageno=29,2026-09-22T16:26:57.591786+00:00
59955f5f7f7b6e4d,Pterygota ALATA (Roxb.) R. Br.,pterygota alata (roxb.) r. br.,Sterculia alata Roxb. Clompanus alata (Roxb.) Kuntze.,Sterculiaceae,sterculiaceae,,,NORMALIZED_ONLY,HIGH,https://mpbd.cu.ac.bd/plants.php?pageno=29,2026-09-22T16:26:57.591786+00:00
df481f055669e68c,Pterospermum ACERIFOLIUM (L.) Willd.,pterospermum acerifolium (l.) willd.,Cavanilla acerifolia (L.) J.F.Gmel. Dombeya acerifolia (L.) Gaertn. Pentapetes acerifolia L. Pterospermadendron acerifolium (L.) Kuntze,Sterculiaceae,sterculiaceae,,,NORMALIZED_ONLY,HIGH,https://mpbd.cu.ac.bd/plants.php?pageno=29,2026-09-22T16:26:57.591786+00:00
999dc6bde2ba8d45,Psidium GUAJAVA L.,psidium guajava l.,Guajava pumila (Vahl) Kuntze Myrtus guajava (L.) Kuntze Psidium angustifolium Lam. Syzygium ellipticum K.Schum. & Lauterb.,Myrtaceae,myrtaceae,,,NORMALIZED_ONLY,HIGH,https://mpbd.cu.ac.bd/plants.php?pageno=29,2026-09-22T16:26:57.591786+00:00
bfa9c5639d93adc3,Premna CORYMBOSA Rottler & Willd.,premna corymbosa rottler & willd.,Gumira corymbosa (Rottler & Willd.) Kuntze Premna scandens Bojer,Verbenaceae,verbenaceae,,,NORMALIZED_ONLY,HIGH,https://mpbd.cu.ac.bd/plants.php?pageno=29,2026-09-22T16:26:57.591786+00:00
a9bd7be00764dc9d,Premna ESCULENTA Roxb.,premna esculenta roxb.,Gumira esculenta (Roxb.) Kuntze,Verbenaceae,verbenaceae,,,NORMALIZED_ONLY,HIGH,https://mpbd.cu.ac.bd/plants.php?pageno=30,2026-09-22T16:26:59.118153+00:00
9d368283d6894a37,Pouzolzia ZEYLANICA (L.) Benn.,pouzolzia zeylanica (l.) benn.,Boehmeria alienata Willd. Parietaria indica L. Parietaria zeylanica L. Urtica glomerata Klein ex Willd.,Urticaeae,urticaeae,,,NORMALIZED_ONLY,HIGH,https://mpbd.cu.ac.bd/plants.php?pageno=30,2026-09-22T16:26:59.118153+00:00
30f7bf2e78b3c803,Pothos SCANDENS L.,pothos scandens l.,Batis hermaphrodita Blanco Podospadix angustifolia Raf. Pothos decipiens Schott Tapanava indica Raf.,Araceae,araceae,,,NORMALIZED_ONLY,HIGH,https://mpbd.cu.ac.bd/plants.php?pageno=30,2026-09-22T16:26:59.118153+00:00
0a35f307726b2c7a,Portulaca OLERACEA L.,portulaca oleracea l.,Portulaca consanguinea Schltdl. Portulaca latifolia Hornem. Portulaca officinarum Crantz Portulaca parvifolia Haw.,Portulacaceae,portulacaceae,,,NORMALIZED_ONLY,HIGH,https://mpbd.cu.ac.bd/plants.php?pageno=30,2026-09-22T16:26:59.118153+00:00
c425ba62f9bdca1b,polygonum PLEBEIUM R. Br.,polygonum plebeium r. br.,Avicularia indica Didr. Polygonum dryandri Spreng. Polygonum herniarioides Spreng. Polygonum roxburghii Meisn.,Polygonaceae,polygonaceae,,,NORMALIZED_ONLY,HIGH,https://mpbd.cu.ac.bd/plants.php?pageno=30,2026-09-22T16:26:59.118153+00:00
a9c05b1826651a8e,Polygala ARVENSIS Willd,polygala arvensis willd,Polygala chinesis L. Polygala telephioides Willd. Polygala brachystachya DC.,Polygalaceae,polygalaceae,,,NORMALIZED_ONLY,HIGH,https://mpbd.cu.ac.bd/plants.php?pageno=30,2026-09-22T16:26:59.118153+00:00
870246a930efe300,Polyalthia LONGIFOLIA (Sonn.) Thw.,polyalthia longifolia (sonn.) thw.,Unona longifolia (Sonn.) Dunal Uvaria longifolia Sonn. Guatteria longifolia (Sonn.) Wall.,Annonaceae,annonaceae,,,NORMALIZED_ONLY,HIGH,https://mpbd.cu.ac.bd/plants.php?pageno=30,2026-09-22T16:26:59.118153+00:00
8152916fb7b1e0ea,Polianthes TUBEROSA L.,polianthes tuberosa l.,Agave polianthes Thiede & Eggli Crinum angustifolium Houtt. Polianthes gracilis Link Tuberosa amica Medik.,Amaryllidaceae,amaryllidaceae,,,NORMALIZED_ONLY,HIGH,https://mpbd.cu.ac.bd/plants.php?pageno=30,2026-09-22T16:26:59.118153+00:00
2f1ca4e7507c6a49,Pogostemon PUBESCENCE Benth.,pogostemon pubescence benth.,Pogostemon parviflorus Benth.,Lamiaceae,lamiaceae,,,NORMALIZED_ONLY,HIGH,https://mpbd.cu.ac.bd/plants.php?pageno=30,2026-09-22T16:26:59.118153+00:00
07424bd92bdbbb44,Pogostemon BENGHALENSE (Burm.f.) Kuntze.,pogostemon benghalense (burm.f.) kuntze.,Mentha integra Buch.-Ham. ex Benth. Origanum benghalense Burm.f. Pogostemon indicus (Roth) Kuntze Pogostemon purpuricaulis Dalzell,Lamiaceae,lamiaceae,,,NORMALIZED_ONLY,HIGH,https://mpbd.cu.ac.bd/plants.php?pageno=30,2026-09-22T16:26:59.118153+00:00
0cb31d606834f738,Plumeria RUBRA L.,plumeria rubra l.,Plumeria acuminata W.T.Aiton Plumeria angustifolia A.DC. Plumeria incarnata Mill. Plumeria jamesonii Hook.,Apocynaceae,apocynaceae,,,NORMALIZED_ONLY,HIGH,https://mpbd.cu.ac.bd/plants.php?pageno=31,2026-09-22T16:27:00.644043+00:00
41b234ecf6918c7a,Plumbago ZEYLANICA L.,plumbago zeylanica l.,Findlaya alba Bowdich Molubda scandens (L.) Raf. Plumbago viscosa Blanco Thela alba Lour.,Plumbaginaceae,plumbaginaceae,,,NORMALIZED_ONLY,HIGH,https://mpbd.cu.ac.bd/plants.php?pageno=31,2026-09-22T16:27:00.644043+00:00
7f023189cf174c9f,Plumbago INDICA L.,plumbago indica l.,Plumbago rosea L. Thela coccinea Lour.,Plumbaginaceae,plumbaginaceae,,,POTENTIAL_DUPLICATE,MEDIUM,https://mpbd.cu.ac.bd/plants.php?pageno=31,2026-09-22T16:27:00.644043+00:00
9be232a223916d67,Pithecellobium DULCE (Roxb.) Benth.,pithecellobium dulce (roxb.) benth.,Inga dulcis (Roxb.) Willd. Albizia dulcis (Roxb.) F.Muell. Inga javanica DC. Mimosa pungens (Willd.) Poir. Pithecellobium littorale Record,Mimosaceae,mimosaceae,,,NORMALIZED_ONLY,HIGH,https://mpbd.cu.ac.bd/plants.php?pageno=31,2026-09-22T16:27:00.644043+00:00
ea06b04e609a5daa,Archidendron clypearia (Jack) I.C.Nielsen.,archidendron clypearia (jack) i.c.nielsen.,Pithecellobium angulatum Benth. Abarema angulata (Benth.) Kosterm. Feuilleea subacuta (Benth.) Kuntze Inga falcifolia Hassk.,Mimosaceae,mimosaceae,,,NORMALIZED_ONLY,HIGH,https://mpbd.cu.ac.bd/plants.php?pageno=31,2026-09-22T16:27:00.644043+00:00
b21ed66d21c3d3c2,Pisum SATIVUM L.,pisum sativum l.,Lathyrus oleraceus Lam. Pisum vulgare Jundz. Pisum arvense L.,Fabaceae,fabaceae,,,NORMALIZED_ONLY,HIGH,https://mpbd.cu.ac.bd/plants.php?pageno=31,2026-09-22T16:27:00.644043+00:00
debea3f7143ec934,Pistia STRATIOTES L.,pistia stratiotes l.,Apiospermum obcordatum (Schleid.) Klotzsch Limnonesis commutata (Schleid.) Klotzsch Pistia aegyptiaca Schleid. Zala asiatica Lour.,Araceae,araceae,,,NORMALIZED_ONLY,HIGH,https://mpbd.cu.ac.bd/plants.php?pageno=31,2026-09-22T16:27:00.644043+00:00
b901ca8bd04279e0,Piper RETROFRACTUM Vahl.,piper retrofractum vahl.,Piper chaba Hunter Piper officinarum (Miq.) C. DC.,Piperaceae,piperaceae,,,NORMALIZED_ONLY,HIGH,https://mpbd.cu.ac.bd/plants.php?pageno=31,2026-09-22T16:27:00.644043+00:00
0055407525bc7e85,Piper NIGRUM L.,piper nigrum l.,Muldera multinervis Miq.,Piperaceae,piperaceae,,,NORMALIZED_ONLY,HIGH,https://mpbd.cu.ac.bd/plants.php?pageno=31,2026-09-22T16:27:00.644043+00:00
0536b2cc6937bdfb,Piper LONGUM L.,piper longum l.,Chavica longa H.Karst. Chavica roxburghii Miq. Chavica sarmentosa Miq.,Piperaceae,piperaceae,,,NORMALIZED_ONLY,HIGH,https://mpbd.cu.ac.bd/plants.php?pageno=31,2026-09-22T16:27:00.644043+00:00
5a36663af5cefc88,Piper BETEL L.,piper betel l.,Piper betel Blanco,Piperaceae,piperaceae,,,NORMALIZED_ONLY,HIGH,https://mpbd.cu.ac.bd/plants.php?pageno=32,2026-09-22T16:27:02.172044+00:00
5fb02706fd1b0a94,Picrasma JAVANICA Bl.,picrasma javanica bl.,Picrasma nepalensis Benth.,Simarubaceae,simarubaceae,,,NORMALIZED_ONLY,HIGH,https://mpbd.cu.ac.bd/plants.php?pageno=32,2026-09-22T16:27:02.172044+00:00
1f89ac81b007c9c3,Physalis minima L.,physalis minima l.,Physalis micrantha Link. Physalis angulata var. villosa Bonati Physalis parviflora R. Br.,Solanacee,solanacee,,,NORMALIZED_ONLY,HIGH,https://mpbd.cu.ac.bd/plants.php?pageno=32,2026-09-22T16:27:02.172044+00:00
4b9241ade236ac72,Phyllanthus virgatus G.Forst.,phyllanthus virgatus g.forst.,Diasperus minutiflorus (F.Muell. ex Müll.Arg.) Kuntze Macraea oblongifolia Wight Phyllanthus filicaulis Benth. Phyllanthus weinlandii K.Schum.,Euphorbiaceae,euphorbiaceae,,,NORMALIZED_ONLY,HIGH,https://mpbd.cu.ac.bd/plants.php?pageno=32,2026-09-22T16:27:02.172044+00:00
8cb343cb0e959729,Phyllanthus URINARIA L.,phyllanthus urinaria l.,Diasperus urinaria (L.) Kuntze Phyllanthus alatus Blume Phyllanthus cantoniensis Hornem. Phyllanthus leprocarpus Wight,Euphorbiaceae,euphorbiaceae,,,NORMALIZED_ONLY,HIGH,https://mpbd.cu.ac.bd/plants.php?pageno=32,2026-09-22T16:27:02.172044+00:00
faf0bfd6c119fe12,Phyllanthus RETICULATUS Poir.,phyllanthus reticulatus poir.,Anisonema reticulatum (Poir.) A.Juss. Cicca decandra Blanco Kirganelia multiflora Baill. Melanthesa oblongifolia Oken,Euphorbiaceae,euphorbiaceae,,,NORMALIZED_ONLY,HIGH,https://mpbd.cu.ac.bd/plants.php?pageno=32,2026-09-22T16:27:02.172044+00:00
0518c59de218bdc2,Phyllanthus MADERASPATENSIS L.,phyllanthus maderaspatensis l.,Diasperus maderaspatensis (L.) Kuntze Phyllanthus arabicus Hochst. ex Steud. Phyllanthus thonningii Schumach. & Thonn. Phyllanthus obcordatus Willd.,Euphorbiaceae,euphorbiaceae,,,NORMALIZED_ONLY,HIGH,https://mpbd.cu.ac.bd/plants.php?pageno=32,2026-09-22T16:27:02.172044+00:00
91ec93ac1c116a81,. PHYLLANTHUS EMBLICA L. (Euphorbiaceae),. phyllanthus emblica l. (euphorbiaceae),Cicca emblica (L.) Kurz Dichelactina nodicaulis Hance Emblica officinalis Gaertn. Phyllanthus mimosifolius Salisb.,Euphorbiaceae,euphorbiaceae,,,NORMALIZED_ONLY,HIGH,https://mpbd.cu.ac.bd/plants.php?pageno=32,2026-09-22T16:27:02.172044+00:00
b141e9b45b978f91,Phyllanthus amarus Schumach. & Thonn.,phyllanthus amarus schumach. & thonn.,Diasperus nanus (Hook.f.) Kuntze Phyllanthus nanus Hook.f. Phyllanthus scabrellus Webb Phyllanthus swartzii Kostel.,Euphorbiaceae,euphorbiaceae,,,NORMALIZED_ONLY,HIGH,https://mpbd.cu.ac.bd/plants.php?pageno=32,2026-09-22T16:27:02.172044+00:00
5e76d850519ac6ec,Phyllanthus acidus (L.) Skeels.,phyllanthus acidus (l.) skeels.,Averrhoa acida L. Cicca racemosa Lour. Phyllanthus longifolius Jacq. Tricarium cochinchinense Lour. Cicca disticha L. Phyllanthus distichus Muell-Arg.,Euphorbiaceae,euphorbiaceae,,,NORMALIZED_ONLY,HIGH,https://mpbd.cu.ac.bd/plants.php?pageno=32,2026-09-22T16:27:02.172044+00:00
e3d4b26cb9cbfc56,Phyla NODIFLORA (L.) Greene.,phyla nodiflora (l.) greene.,Blairia nodiflora (L.) Gaertn. Lippia nodiflora (L.) Michx. Phyla chinensis Lour. Verbena fruticosa Mill.,Verbenaceae,verbenaceae,,,NORMALIZED_ONLY,HIGH,https://mpbd.cu.ac.bd/plants.php?pageno=33,2026-09-22T16:27:03.702638+00:00
f47cd8b1e38d5662,Phragmites karka (Retz.) Trin. ex Steud.,phragmites karka (retz.) trin. ex steud.,Arundo karka Retz. Calamagrostis karka (Retz.) J.F.Gmel. Oxyanthe japonica (Steud.) Steud. Trichoon roxburghii (Kunth) W.Wight,Poaceae,poaceae,,,NORMALIZED_ONLY,HIGH,https://mpbd.cu.ac.bd/plants.php?pageno=33,2026-09-22T16:27:03.702638+00:00
8813f7b9fd8a591c,Phoenix sylvestris (L.) Roxb.,phoenix sylvestris (l.) roxb.,Elate sylvestris L. Elate versicolor Salisb.,Arecaceae,arecaceae,,,NORMALIZED_ONLY,HIGH,https://mpbd.cu.ac.bd/plants.php?pageno=33,2026-09-22T16:27:03.702638+00:00
6c6bdfc7a1298039,Phlogacanthus THYRSIFLORUS Nees.,phlogacanthus thyrsiflorus nees.,Justicia thyrsoides Roxb. ex Nees,Acanthaceae,acanthaceae,,,NORMALIZED_ONLY,HIGH,https://mpbd.cu.ac.bd/plants.php?pageno=33,2026-09-22T16:27:03.702638+00:00
a010d7946fdc0eba,Persicaria ORIENTALIS (L.) Spach.,persicaria orientalis (l.) spach.,Amblygonum orientale (L.) Nakai Heptarina orientalis (L.) Raf. Lagunea cochinchinensis Lour. Polygonum orientale L.,Polygonaceae,polygonaceae,,,NORMALIZED_ONLY,HIGH,https://mpbd.cu.ac.bd/plants.php?pageno=33,2026-09-22T16:27:03.702638+00:00
8851782f872f534c,Persicaria hydropiper (L.) Delarbre .,persicaria hydropiper (l.) delarbre .,Polygonum hydropiper L. Polygonum schinzii J. Schust.,Polygonaceae,polygonaceae,,,NORMALIZED_ONLY,HIGH,https://mpbd.cu.ac.bd/plants.php?pageno=33,2026-09-22T16:27:03.702638+00:00
478e03230a299176,Persicaria GLABRA (Willd.) Gomez de la Maza,persicaria glabra (willd.) gomez de la maza,Persicaria densiflora Moldenke Persicaria portoricensis (Bertero ex Endl.) Small Polygonum glabrum Willd. Polygonum portoricense Bertero ex Endl.,Polygonaceae,polygonaceae,,,NORMALIZED_ONLY,HIGH,https://mpbd.cu.ac.bd/plants.php?pageno=33,2026-09-22T16:27:03.702638+00:00
e22716c0fc1637e6,Persicaria BARBATA (L.) Hara,persicaria barbata (l.) hara,Polygonum barbatum L. Polygonum stagninum Buch.- Ham. Persicaria omerostroma (Ohki) Sasaki Pogalis barbata (L.) Raf. Polygonum barbatum L.,Polygonaceae,polygonaceae,,,NORMALIZED_ONLY,HIGH,https://mpbd.cu.ac.bd/plants.php?pageno=33,2026-09-22T16:27:03.702638+00:00
24b55cdb32af9719,Pericamphylus GLAUCUS (Lamk.) Merr.,pericamphylus glaucus (lamk.) merr.,Menispermum glaucum Lam. Pericampylus formosanus Diels Pericampylus omeiensis W.Y. Lien Pericampylus trinervatus Yamam.,Menispermaceae,menispermaceae,,,NORMALIZED_ONLY,HIGH,https://mpbd.cu.ac.bd/plants.php?pageno=33,2026-09-22T16:27:03.702638+00:00
baee5adff973e33c,Pergularia DAEMIA (Forssk.) Chiov.,pergularia daemia (forssk.) chiov.,Asclepias daemia Forssk. Asclepias convolvulacea Willd. Daemia angolensis Decne. Pergularia extensa (Jacq.) N.E. Br. Daemia extensa (Jacq.) R. Br.,Asclepiadaceae,asclepiadaceae,,,NORMALIZED_ONLY,HIGH,https://mpbd.cu.ac.bd/plants.php?pageno=33,2026-09-22T16:27:03.702638+00:00
5242b657bce165ca,Peperomia pellucida (L.) Kunth.,peperomia pellucida (l.) kunth.,Micropiper pellucidum (L.) Miq. Peperomia concinna (Haw.) A. Dietr. Piper pellucidum L. Verhuellia knoblocheriana (Schott) C.DC.,Piperaceae,piperaceae,,,NORMALIZED_ONLY,HIGH,https://mpbd.cu.ac.bd/plants.php?pageno=34,2026-09-22T16:27:05.231235+00:00
878b3b3f0a96efb7,Euphorbia tithymaloides L.,euphorbia tithymaloides l.,Pedilanthus tithymaloides (L.) Poit Crepidaria myrtifolia (L.) Haw. Euphorbia myrtifolia (L.) Lam. Tithymalus tithymaloides (L.) Croizat,Euphorbiaceae,euphorbiaceae,,,NORMALIZED_ONLY,HIGH,https://mpbd.cu.ac.bd/plants.php?pageno=34,2026-09-22T16:27:05.231235+00:00
dc4e8ff564ffb705,Pavetta INDICA L.,pavetta indica l.,Ixora indica (L.) Baill. Ixora roxburghii Kuntze Pavetta obtusa Pers. Pavetta thomsonii Bremek.,Rubiaceae,rubiaceae,,,NORMALIZED_ONLY,HIGH,https://mpbd.cu.ac.bd/plants.php?pageno=34,2026-09-22T16:27:05.231235+00:00
04e7ea8086dc3008,Passiflora FOETIDA L.,passiflora foetida l.,Decaloba obscura (Lindl.) M.Roem. Dysosmia gossypiifolia M.Roem. Granadilla foetida (L.) Gaertn. Passiflora nigelliflora Hook. Tripsilina foetida (L.) Raf.,Passifloraceae,passifloraceae,,,NORMALIZED_ONLY,HIGH,https://mpbd.cu.ac.bd/plants.php?pageno=34,2026-09-22T16:27:05.231235+00:00
476fe8d6d86b5d58,Parsonia SPIRALIS Wall.,parsonia spiralis wall.,Heligne rheedei Wight.,Apocynaceae,apocynaceae,,,NORMALIZED_ONLY,HIGH,https://mpbd.cu.ac.bd/plants.php?pageno=34,2026-09-22T16:27:05.231235+00:00
0775db2415b526c1,Pandanus odorifer (Forssk.) Kuntze.,pandanus odorifer (forssk.) kuntze.,Pandanus odoratissimus L. f. Athrodactylis spinosa J.R.Forst. & G.Forst. Bromelia sylvestris Burm.f. Keura odorifera Forssk. Pandanus odoratus Salisb.,Pandanaceae,pandanaceae,,,NORMALIZED_ONLY,HIGH,https://mpbd.cu.ac.bd/plants.php?pageno=34,2026-09-22T16:27:05.231235+00:00
0d81564c1c3ecd54,Paederia LANUGINOSA Wall.,paederia lanuginosa wall.,Hondbesseion lanuginosum (Wall.) Kuntze Paederia macrocarpa Wall. ex G.Don.,Rubiaceae,rubiaceae,,,NORMALIZED_ONLY,HIGH,https://mpbd.cu.ac.bd/plants.php?pageno=34,2026-09-22T16:27:05.231235+00:00
2b0b36847a7270ae,Paederia FOETIDA L.,paederia foetida l.,Apocynum foetidum Burm.f. Crawfurdia paniculata Griseb. Paederia chinensis Hance Psychotria volubilis Roxb. ex Wight & Arn. Reussia sarmentosa Dennst.,Rubiaceae,rubiaceae,,,NORMALIZED_ONLY,HIGH,https://mpbd.cu.ac.bd/plants.php?pageno=34,2026-09-22T16:27:05.231235+00:00
5366c5d3c57024cc,Oxystelma SECAMONE (L.) Karst.,oxystelma secamone (l.) karst.,Oxystelma esculentum R. Br. Periploca secamone L.,Asclepiadaceae,asclepiadaceae,,,NORMALIZED_ONLY,HIGH,https://mpbd.cu.ac.bd/plants.php?pageno=34,2026-09-22T16:27:05.231235+00:00
51847b8c199c1f69,Oxalis CORNICULATA L.,oxalis corniculata l.,Acetosella corniculata (L.) Kuntze Oxalis minima Steud. Xanthoxalis albicans (Kunth) Small,Oxalidaceae,oxalidaceae,,,NORMALIZED_ONLY,HIGH,https://mpbd.cu.ac.bd/plants.php?pageno=34,2026-09-22T16:27:05.231235+00:00
45fc7c5d1be2f475,Oryza SATIVA L. .,oryza sativa l. .,Oryza aristata Blanco Oryza glutinosa Lour. Oryza formosana Masam.& Suzuki,Poaceae,poaceae,,,NORMALIZED_ONLY,HIGH,https://mpbd.cu.ac.bd/plants.php?pageno=35,2026-09-22T16:27:06.757528+00:00
5c426a0a29e91bc0,Orthosiphon aristatus (Blume) Miq.,orthosiphon aristatus (blume) miq.,Orthosiphon grandiflorus Bold. Clerodendranthus spicatus (Thunb.) C.Y.Wu Orthosiphon spiralis (Lour.) Merr. Trichostema spirale Lour.,Lamiaceae,lamiaceae,,,NORMALIZED_ONLY,HIGH,https://mpbd.cu.ac.bd/plants.php?pageno=35,2026-09-22T16:27:06.757528+00:00
e7d285a6c9f7434e,Oroxylum INDICUM (L.) Kurz.,oroxylum indicum (l.) kurz.,Arthrophyllum ceylanicum Miq. Bignonia indica L. Calosanthes indica (L.) Blume Hippoxylon indica (L.) Raf. Oroxylum flavum Rehder,Bignoniaceae,bignoniaceae,,,NORMALIZED_ONLY,HIGH,https://mpbd.cu.ac.bd/plants.php?pageno=35,2026-09-22T16:27:06.757528+00:00
341e493ce9908fcc,Orobanche AEGYPTIACA Pers.,orobanche aegyptiaca pers.,Kopsia aegyptiaca (Pers.) Caruel Phelipanche aegyptiaca (Pers.) Pomel Phelypaea pedunculata Walp.,Orobanchaceae,orobanchaceae,,,NORMALIZED_ONLY,HIGH,https://mpbd.cu.ac.bd/plants.php?pageno=35,2026-09-22T16:27:06.757528+00:00
8e6900266792ba4a,Opuntia ELATIOR Mill.,opuntia elatior mill.,Opuntia dillenii (Ker.- Gawl.) Haw. Cactus elatior (Mill.) Willd. Opuntia bergeriana F.A.C.Weber ex A.Berger Opuntia megalantha Griffiths Opuntia nigricans (Haw.) Haw.,Cactaceae,cactaceae,,,NORMALIZED_ONLY,HIGH,https://mpbd.cu.ac.bd/plants.php?pageno=35,2026-09-22T16:27:06.757528+00:00
9ae5d669b73ac037,Ophiorrhiza rugosa VAR. PROSTRATA (D.Don) Deb & Mondal.,ophiorrhiza rugosa var. prostrata (d.don) deb & mondal.,Ophiorrhiza harrisiana B.Heyne ex Hook.f. Ophiorrhiza harrisonii G.Don Ophiorrhiza prostrata D.Don Virecta prostrata Buch.-Ham. ex D.Don,Rubiaceae,rubiaceae,,,NORMALIZED_ONLY,HIGH,https://mpbd.cu.ac.bd/plants.php?pageno=35,2026-09-22T16:27:06.757528+00:00
267909672aa48761,Operculina TURPETHUM (L.) Silva.- Manso.,operculina turpethum (l.) silva.- manso.,Argyreia alulata Miq. Convolvulus turpethum L. Ipomoea turpethum (L.) R. Br. Merremia turpethum (L.) Rendle Spiranthera turpethum (L.) Bojer,Convolvulaceae,convolvulaceae,,,NORMALIZED_ONLY,HIGH,https://mpbd.cu.ac.bd/plants.php?pageno=35,2026-09-22T16:27:06.757528+00:00
8bb6b24f30ff0634,Ocimum tenuiflorum L.,ocimum tenuiflorum l.,Ocimum sanctum L Geniosporum tenuiflorum (L.) Merr. Ocimum hirsutum Benth. Plectranthus monachorum (L.) Spreng.,Lamiaceae,lamiaceae,,,NORMALIZED_ONLY,HIGH,https://mpbd.cu.ac.bd/plants.php?pageno=35,2026-09-22T16:27:06.757528+00:00
dbde23d96ebb94ac,Ocium GRATISSIMUM L.,ocium gratissimum l.,Geniosporum discolor Baker Ocimum arborescens Bojer ex Benth. Ocimum sericeum Medik. Ocimum trichodon Baker ex Gürke,Lamiaceae,lamiaceae,,,NORMALIZED_ONLY,HIGH,https://mpbd.cu.ac.bd/plants.php?pageno=35,2026-09-22T16:27:06.757528+00:00
97d80ac4ba59dd64,Ocimum BASILICUM L.,ocimum basilicum l.,Ocimum basilicum L. var. Purpuresence Benth,Lamiaceae,lamiaceae,,,NORMALIZED_ONLY,HIGH,https://mpbd.cu.ac.bd/plants.php?pageno=35,2026-09-22T16:27:06.757528+00:00
ee4955058477f46c,Ocimum AMERICANUM L.,ocimum americanum l.,Ocimum album Roxb. Ocimum brachiatum Blume Ocimum fruticulosum Burch. Ocimum hispidulum Schumach. & Thonn.,Lamiaceae,lamiaceae,,,NORMALIZED_ONLY,HIGH,https://mpbd.cu.ac.bd/plants.php?pageno=36,2026-09-22T16:27:08.303887+00:00
d5006fb4f2b5fdf4,discladium SQUARROSUM (L.) Tiegh.,discladium squarrosum (l.) tiegh.,Ochna squarrosa L.,Ochnaceae,ochnaceae,,,NORMALIZED_ONLY,HIGH,https://mpbd.cu.ac.bd/plants.php?pageno=36,2026-09-22T16:27:08.303887+00:00
220f7e41737771d9,Nymphoides HYDROPHYLLA (Lour.) Kuntze.,nymphoides hydrophylla (lour.) kuntze.,Limnanthemum hydrophyllum (Lour.) Griseb. Menyanthes hydrophyllum Lour. Villarsia hydrophyllum (Lour.) Roem. & Schult.,Menyanthaceae,menyanthaceae,,,NORMALIZED_ONLY,HIGH,https://mpbd.cu.ac.bd/plants.php?pageno=36,2026-09-22T16:27:08.303887+00:00
80af24aaa74e51b8,Nymphaea nouchali Burm. f.,nymphaea nouchali burm. f.,Nymphaea stellata Willd.,Nymphaeaceae,nymphaeaceae,,,POTENTIAL_DUPLICATE,MEDIUM,https://mpbd.cu.ac.bd/plants.php?pageno=36,2026-09-22T16:27:08.303887+00:00
1cfac1e0114831e2,Nymphaea NOUCHALI Burm. f.,nymphaea nouchali burm. f.,Castalia scutifolia Salisb. Castalia stellata (Willd.) Blume Leuconymphaea stellata (Willd.) Kuntze. Nymphaea madagascariensis DC.,Nymphaeaceae,nymphaeaceae,,,POTENTIAL_DUPLICATE,MEDIUM,https://mpbd.cu.ac.bd/plants.php?pageno=36,2026-09-22T16:27:08.303887+00:00
7a86aaed9cad50ab,Nyctanthes ARBOR-TRISTIS L.,nyctanthes arbor-tristis l.,Bruschia macrocarpa Bertol. Nyctanthes dentata Blume Parilium arbor-tristis (L.) Gaertn. Scabrita triflora L.,Oleaceae,oleaceae,,,NORMALIZED_ONLY,HIGH,https://mpbd.cu.ac.bd/plants.php?pageno=36,2026-09-22T16:27:08.303887+00:00
7eae8656f229dffa,Nipa FRUTICANS Wurmb.,nipa fruticans wurmb.,Cocos nypa Lour. Nipa arborescens Wurmb ex H.Wendl. Nipa fruticans (Wurmb) Thunb.,Arecaceae,arecaceae,,,NORMALIZED_ONLY,HIGH,https://mpbd.cu.ac.bd/plants.php?pageno=36,2026-09-22T16:27:08.303887+00:00
24776066ceb49eb7,Nigella SATIVA L,nigella sativa l,Nigella cretica Mill.,Ranunculaceae,ranunculaceae,,,NORMALIZED_ONLY,HIGH,https://mpbd.cu.ac.bd/plants.php?pageno=36,2026-09-22T16:27:08.303887+00:00
82d0255bdf0c57a1,Nicotiana TABACUM L.,nicotiana tabacum l.,Nicotiana chinensis Fisch. ex Lehm. Nicotiana latissima Mill. Nicotiana mexicana Schltdl. Nicotiana pilosa Dunal,Solanaceae,solanaceae,,,NORMALIZED_ONLY,HIGH,https://mpbd.cu.ac.bd/plants.php?pageno=36,2026-09-22T16:27:08.303887+00:00
bc4bc3a0bd1014a2,Nicotiana RUSTICA L.,nicotiana rustica l.,Nicotiana pavoni Dunal,Solanaceae,solanaceae,,,NORMALIZED_ONLY,HIGH,https://mpbd.cu.ac.bd/plants.php?pageno=37,2026-09-22T16:27:09.830892+00:00
a19ae5138a118f52,Nerium oleander L.,nerium oleander l.,Nerium indicum Mill. Nerion oleandrum St.-Lag. Nerium japonicum Gentil Oleander indica (Mill.) Medik.,Apocynaceae,apocynaceae,,,NORMALIZED_ONLY,HIGH,https://mpbd.cu.ac.bd/plants.php?pageno=37,2026-09-22T16:27:09.830892+00:00
b7b63e80c9bbbf4e,Nelumbo NUCIFERA Gaertn.,nelumbo nucifera gaertn.,Nelumbium nelumbo Druce. Nelumbo caspica (Fisch.) Schipcz. Nymphaea nelumbo L. Nelumbo speciosa Willd. Nelumbo komarovii Grossh.,Nymphaeaceae,nymphaeaceae,,,NORMALIZED_ONLY,HIGH,https://mpbd.cu.ac.bd/plants.php?pageno=37,2026-09-22T16:27:09.830892+00:00
38ebc3a483e0ed96,Neonauclea sessilifolia (Roxb.) Merr.,neonauclea sessilifolia (roxb.) merr.,Nauclea sessilifolia Roxb Adina sessilifolia (Roxb.) Hook.f. ex Brandis Bancalus sericeus (Wall. ex G.Don) Kuntze Nauclea sericea Wall. ex G.Don,Rubiaceae,rubiaceae,,,NORMALIZED_ONLY,HIGH,https://mpbd.cu.ac.bd/plants.php?pageno=37,2026-09-22T16:27:09.830892+00:00
851c22d6f65990fe,Rorippa indica (L.) Hiern.,rorippa indica (l.) hiern.,Nasturtium indicum (L.) DC. Clandestinaria indica (L.) Spach Rorippa montana (Wall. ex Hook. f. & Thomson) Small Sisymbrium atrovirens Hornem. Sisymbrium indicum L.,Brassicaceae,brassicaceae,,,NORMALIZED_ONLY,HIGH,https://mpbd.cu.ac.bd/plants.php?pageno=37,2026-09-22T16:27:09.830892+00:00
72a36704436bd7e1,Myrica ESCULENTA Buch.-Ham,myrica esculenta buch.-ham,M. nagi Thunb. M. integrifolia Roxb. M. sapida Wall.,Myricaeae,myricaeae,,,NORMALIZED_ONLY,HIGH,https://mpbd.cu.ac.bd/plants.php?pageno=37,2026-09-22T16:27:09.830892+00:00
6ccb8448cd5a9c77,Mussaenda ROXBURGHII Hook. f.,mussaenda roxburghii hook. f.,-,Rubiaceae,rubiaceae,,,NORMALIZED_ONLY,HIGH,https://mpbd.cu.ac.bd/plants.php?pageno=37,2026-09-22T16:27:09.830892+00:00
3d2dbd52e1686d87,Mussaenda GLABRATA Hutch.,mussaenda glabrata hutch.,M. frondosa var. glabrata Hook. f.,Rubiaceae,rubiaceae,,,NORMALIZED_ONLY,HIGH,https://mpbd.cu.ac.bd/plants.php?pageno=37,2026-09-22T16:27:09.830892+00:00
99cd72250559ab57,Musa PARADISIACA L.,musa paradisiaca l.,M. sepientum L.,Musaceae,musaceae,,,NORMALIZED_ONLY,HIGH,https://mpbd.cu.ac.bd/plants.php?pageno=37,2026-09-22T16:27:09.830892+00:00
9125b94077ed369f,Musa ORNATA Roxb.,musa ornata roxb.,M. rosacea Jacq.,Musaceae,musaceae,,,NORMALIZED_ONLY,HIGH,https://mpbd.cu.ac.bd/plants.php?pageno=37,2026-09-22T16:27:09.830892+00:00
11a2235062f6f3b5,Murraya PANICULATA (L.) Jacq.,murraya paniculata (l.) jacq.,M. exotica L.,Rutaceae,rutaceae,,,NORMALIZED_ONLY,HIGH,https://mpbd.cu.ac.bd/plants.php?pageno=38,2026-09-22T16:27:11.355886+00:00
aebbae4a9cb75643,Murraya KOENIGII (L.) Spreng.,murraya koenigii (l.) spreng.,-,Rutaceae,rutaceae,,,NORMALIZED_ONLY,HIGH,https://mpbd.cu.ac.bd/plants.php?pageno=38,2026-09-22T16:27:11.355886+00:00
5f31181b6e50cb89,Murdania NUDIFLORA (L.) Breman.,murdania nudiflora (l.) breman.,Commelina nudiflora L. Aneilema nudiflora (L.) Wall,Commelinaceae,commelinaceae,,,NORMALIZED_ONLY,HIGH,https://mpbd.cu.ac.bd/plants.php?pageno=38,2026-09-22T16:27:11.355886+00:00
d2e6cd1d70e0f969,Mucuna PRURIENS (L.) DC.,mucuna pruriens (l.) dc.,M prurita Hook.,Fabaceae,fabaceae,,,POTENTIAL_DUPLICATE,MEDIUM,https://mpbd.cu.ac.bd/plants.php?pageno=38,2026-09-22T16:27:11.355886+00:00
860cc05cb9ff3521,Mucuna MONOSPERMA DC.,mucuna monosperma dc.,-,Fabaceae,fabaceae,,,NORMALIZED_ONLY,HIGH,https://mpbd.cu.ac.bd/plants.php?pageno=38,2026-09-22T16:27:11.355886+00:00
d39f5a9aa5f975b6,Morus INDICA L.,morus indica l.,-,Moraceae,moraceae,,,POTENTIAL_DUPLICATE,MEDIUM,https://mpbd.cu.ac.bd/plants.php?pageno=38,2026-09-22T16:27:11.355886+00:00
ed8428248b5fd21e,Moringa OLEIFERA Lamk.,moringa oleifera lamk.,M. pterigosperma Gaertn.,Moringaceae,moringaceae,,,NORMALIZED_ONLY,HIGH,https://mpbd.cu.ac.bd/plants.php?pageno=38,2026-09-22T16:27:11.355886+00:00
7f99b82a66d35806,Morinda CITRIFOLIA L.,morinda citrifolia l.,-,Rubiaceae,rubiaceae,,,NORMALIZED_ONLY,HIGH,https://mpbd.cu.ac.bd/plants.php?pageno=38,2026-09-22T16:27:11.355886+00:00
16d987bf3c84a1ac,Morinda ANGUSTIFOLIA Roxb.,morinda angustifolia roxb.,-,Rubiaceae,rubiaceae,,,NORMALIZED_ONLY,HIGH,https://mpbd.cu.ac.bd/plants.php?pageno=38,2026-09-22T16:27:11.355886+00:00
69f5fc64359ffd29,Monochoria VAGINALIS (Burm. f.) Presl.,monochoria vaginalis (burm. f.) presl.,Pontederia vaginalis Burm. f.,Pontederiaceae,pontederiaceae,,,NORMALIZED_ONLY,HIGH,https://mpbd.cu.ac.bd/plants.php?pageno=38,2026-09-22T16:27:11.355886+00:00
e2d74ec176d98380,Monochoria HASTATA (L.) Solms.,monochoria hastata (l.) solms.,M. hastaefolia Presl. Pontederia hastata L.,Pontederiaceae,pontederiaceae,,,NORMALIZED_ONLY,HIGH,https://mpbd.cu.ac.bd/plants.php?pageno=39,2026-09-22T16:27:12.889826+00:00
acf7b9f8819b5582,Momordica DIOICA Roxb.,momordica dioica roxb.,-,Cucurbitaceae,cucurbitaceae,,,NORMALIZED_ONLY,HIGH,https://mpbd.cu.ac.bd/plants.php?pageno=39,2026-09-22T16:27:12.889826+00:00
4f96a9619516df3b,Momordica COCHINCHINENSIS Spreng.,momordica cochinchinensis spreng.,-,Cucurbitaceae,cucurbitaceae,,,NORMALIZED_ONLY,HIGH,https://mpbd.cu.ac.bd/plants.php?pageno=39,2026-09-22T16:27:12.889826+00:00
77cbdaca35283366,Momordica CHARANTEA L.,momordica charantea l.,-,Cucurbitaceae,cucurbitaceae,,,NORMALIZED_ONLY,HIGH,https://mpbd.cu.ac.bd/plants.php?pageno=39,2026-09-22T16:27:12.889826+00:00
0c95c5cdfe4529ad,Mollugo PENTAPHYLLA L. (),mollugo pentaphylla l. (),M. stricta L.,Molluginaceae,molluginaceae,,,NORMALIZED_ONLY,HIGH,https://mpbd.cu.ac.bd/plants.php?pageno=39,2026-09-22T16:27:12.889826+00:00
93da2fee9ac7ea95,Molineria CAPITULATA (Loureiro) Herbert.,molineria capitulata (loureiro) herbert.,Curculigo capitulata (Loureiro) Kuntze Curculigo recurvata Dryander.,Hypoxidaceae,hypoxidaceae,,,NORMALIZED_ONLY,HIGH,https://mpbd.cu.ac.bd/plants.php?pageno=39,2026-09-22T16:27:12.889826+00:00
e041a95763bb48a2,Mitragyna PARVIFOLIA (Roxb.) Korth.,mitragyna parvifolia (roxb.) korth.,Stephegyne parvifolia Korth.,Rubiaceae,rubiaceae,,,NORMALIZED_ONLY,HIGH,https://mpbd.cu.ac.bd/plants.php?pageno=39,2026-09-22T16:27:12.889826+00:00
fcb3f892f5bbb7af,Mirabilis JALAPA L.,mirabilis jalapa l.,-,Nyctaginaceae,nyctaginaceae,,,POTENTIAL_DUPLICATE,MEDIUM,https://mpbd.cu.ac.bd/plants.php?pageno=39,2026-09-22T16:27:12.889826+00:00
dee177e08e7eff3e,Mimusops ELENGI L.,mimusops elengi l.,-,Sapotaceae,sapotaceae,,,NORMALIZED_ONLY,HIGH,https://mpbd.cu.ac.bd/plants.php?pageno=39,2026-09-22T16:27:12.889826+00:00
0e2025403257e85c,Mimosa PUDICA L.,mimosa pudica l.,-,Mimosaceae,mimosaceae,,,POTENTIAL_DUPLICATE,MEDIUM,https://mpbd.cu.ac.bd/plants.php?pageno=39,2026-09-22T16:27:12.889826+00:00
64d3b31e61c29128,Mikania CORDATA (Burm. f.) Rob,mikania cordata (burm. f.) rob,M. scandens Willd.,Asteraceae,asteraceae,,,NORMALIZED_ONLY,HIGH,https://mpbd.cu.ac.bd/plants.php?pageno=40,2026-09-22T16:27:14.421463+00:00
fd879e2eb8064d47,Michelia CHAMPACA L.,michelia champaca l.,-,Magnoliaceae,magnoliaceae,,,NORMALIZED_ONLY,HIGH,https://mpbd.cu.ac.bd/plants.php?pageno=40,2026-09-22T16:27:14.421463+00:00
47e4e737a69ade81,Meyna SPINOSA Roxb. ex. Link.,meyna spinosa roxb. ex. link.,Vangueria spinosa Roxb.,Rubiaceae,rubiaceae,,,NORMALIZED_ONLY,HIGH,https://mpbd.cu.ac.bd/plants.php?pageno=40,2026-09-22T16:27:14.421463+00:00
8c30706257ddeee5,Mesua NAGESSARIUM (Burm.) Kost. (),mesua nagessarium (burm.) kost. (),M. ferrea L.,Clusiaceae,clusiaceae,,,NORMALIZED_ONLY,HIGH,https://mpbd.cu.ac.bd/plants.php?pageno=40,2026-09-22T16:27:14.421463+00:00
86d7e528f1f0ea75,Merremia VITIFOLIA (Burm. f.) Hallier f.,merremia vitifolia (burm. f.) hallier f.,Ipomoea vitifolia Sw.,Convolvulaceae,convolvulaceae,,,NORMALIZED_ONLY,HIGH,https://mpbd.cu.ac.bd/plants.php?pageno=40,2026-09-22T16:27:14.421463+00:00
5a4066847551339b,Mentha ARVENSIS L.,mentha arvensis l.,-,Lamiaceae,lamiaceae,,,POTENTIAL_DUPLICATE,MEDIUM,https://mpbd.cu.ac.bd/plants.php?pageno=40,2026-09-22T16:27:14.421463+00:00
8848f083a57f3e36,Memecylon UMBELLATUM Burm.,memecylon umbellatum burm.,M. edule Roxb.,Melastomaceae,melastomaceae,,,NORMALIZED_ONLY,HIGH,https://mpbd.cu.ac.bd/plants.php?pageno=40,2026-09-22T16:27:14.421463+00:00
c81e539db498bf20,Melothria HETEROPHYLLA Cogn.,melothria heterophylla cogn.,Zehneria umbellata Thw.,Cucurbitaceae,cucurbitaceae,,,NORMALIZED_ONLY,HIGH,https://mpbd.cu.ac.bd/plants.php?pageno=40,2026-09-22T16:27:14.421463+00:00
f993f66832a7e0f5,Melochia CORCHORIFOLIA L.,melochia corchorifolia l.,-,Sterculiaceae,sterculiaceae,,,POTENTIAL_DUPLICATE,MEDIUM,https://mpbd.cu.ac.bd/plants.php?pageno=40,2026-09-22T16:27:14.421463+00:00
9a4aab3a52ae94af,Melilotus ALBA Lamk.,melilotus alba lamk.,-,Fabaceae,fabaceae,,,NORMALIZED_ONLY,HIGH,https://mpbd.cu.ac.bd/plants.php?pageno=40,2026-09-22T16:27:14.421463+00:00
cdc75193eea4464e,Melia SEMPERVIRENS (L.) All.,melia sempervirens (l.) all.,M. azadarach L.,Meliaceae,meliaceae,,,NORMALIZED_ONLY,HIGH,https://mpbd.cu.ac.bd/plants.php?pageno=41,2026-09-22T16:27:15.954703+00:00
c7bec8eb8f903880,Melastoma MALABATHRICUM L.,melastoma malabathricum l.,-,Melasomaceae,melasomaceae,,,NORMALIZED_ONLY,HIGH,https://mpbd.cu.ac.bd/plants.php?pageno=41,2026-09-22T16:27:15.954703+00:00
8867d93cb6252b58,Martynia ANNUA (Hous.) L.,martynia annua (hous.) l.,M. diandra Glox.,Pedaliaceae,pedaliaceae,,,NORMALIZED_ONLY,HIGH,https://mpbd.cu.ac.bd/plants.php?pageno=41,2026-09-22T16:27:15.954703+00:00
26583c75841e61d4,Marsdenia TINCTORA (L.) R. Br.,marsdenia tinctora (l.) r. br.,-,Asclepiadaceae,asclepiadaceae,,,NORMALIZED_ONLY,HIGH,https://mpbd.cu.ac.bd/plants.php?pageno=41,2026-09-22T16:27:15.954703+00:00
249fa74cae6ea57b,Maranta ARUNDINACEA L.,maranta arundinacea l.,-,Marantaceae,marantaceae,,,NORMALIZED_ONLY,HIGH,https://mpbd.cu.ac.bd/plants.php?pageno=41,2026-09-22T16:27:15.954703+00:00
6f417103563e93bf,Manilkara ZAPOTA (L.) Royen.,manilkara zapota (l.) royen.,Achras sapota L.,Sapotaceae,sapotaceae,,,NORMALIZED_ONLY,HIGH,https://mpbd.cu.ac.bd/plants.php?pageno=41,2026-09-22T16:27:15.954703+00:00
d17b4441d403e7f2,Manilkara HEXANDRA (Roxb.) Dub.,manilkara hexandra (roxb.) dub.,Mimusops hexandra Roxb.,Sapotaceae,sapotaceae,,,NORMALIZED_ONLY,HIGH,https://mpbd.cu.ac.bd/plants.php?pageno=41,2026-09-22T16:27:15.954703+00:00
44fca280486083fb,Manihot ESCULENTA Crantz.,manihot esculenta crantz.,Manihot utilissima Pohl.,Euphorbiaceae,euphorbiaceae,,,NORMALIZED_ONLY,HIGH,https://mpbd.cu.ac.bd/plants.php?pageno=41,2026-09-22T16:27:15.954703+00:00
dfa98b719826bded,Mangifera laurina Blume.,mangifera laurina blume.,Mangifera longipes Griff.,Anacardiaceae,anacardiaceae,,,NORMALIZED_ONLY,HIGH,https://mpbd.cu.ac.bd/plants.php?pageno=41,2026-09-22T16:27:15.954703+00:00
ec3b54a026315a46,Mangifera INDICA L.,mangifera indica l.,Mangifera austroyunnanensis Hu,Anacardiaceae,anacardiaceae,,,NORMALIZED_ONLY,HIGH,https://mpbd.cu.ac.bd/plants.php?pageno=41,2026-09-22T16:27:15.954703+00:00
cadbe24ca7de2b5e,Mallotus ROXBURGHIANUS Muel-Arg.,mallotus roxburghianus muel-arg.,Rottlera peltata Roxb.,Euphorbiaceae,euphorbiaceae,,,NORMALIZED_ONLY,HIGH,https://mpbd.cu.ac.bd/plants.php?pageno=42,2026-09-22T16:27:17.482459+00:00
9db2e3ebcce41df5,Mallotus PHILIPPINENSIS Muell-Arg.,mallotus philippinensis muell-arg.,Aconceveibum trinerve Miq. Croton philippensis Lam. Echinus philippensis (Lam.) Baill. Rottlera philippensis (Lam.) Scheff.,Euphorbiaceae,euphorbiaceae,,,NORMALIZED_ONLY,HIGH,https://mpbd.cu.ac.bd/plants.php?pageno=42,2026-09-22T16:27:17.482459+00:00
e579afdc88106d21,Maesa INDICA Wall.,maesa indica wall.,Baeobotrys indica Roxb.,Myrsinaceae,myrsinaceae,,,NORMALIZED_ONLY,HIGH,https://mpbd.cu.ac.bd/plants.php?pageno=42,2026-09-22T16:27:17.482459+00:00
7692576bd94a0e87,Maesa ACUMINATA DC.,maesa acuminata dc.,Maesa ramentacea Wall.,Myrsinaceae,myrsinaceae,,,NORMALIZED_ONLY,HIGH,https://mpbd.cu.ac.bd/plants.php?pageno=42,2026-09-22T16:27:17.482459+00:00
d0295cc5b6e404ff,Madhuca longifolia VAR. LATIFOLIA (Roxb.) A.Chev.,madhuca longifolia var. latifolia (roxb.) a.chev.,Madhuca indica Gmel. Bassia latifolia Roxb. Illipe latifolia (Roxb.) F.Muell. Madhuca latifolia (Roxb.) J.F.Macbr. Vidoricum latifolium (Roxb.) Kuntze,Sapotaceae,sapotaceae,,,NORMALIZED_ONLY,HIGH,https://mpbd.cu.ac.bd/plants.php?pageno=42,2026-09-22T16:27:17.482459+00:00
2138e3c22d2d5602,Macrotyloma uniflorum (Lam.) Verde.,macrotyloma uniflorum (lam.) verde.,Dolichos biflorus L. Dolichos benadirianus Chiov. Dolichos uniflorus Lam. Kerstingiella uniflora (Lam.) J.A.Lackey,Fabaceae,fabaceae,,,NORMALIZED_ONLY,HIGH,https://mpbd.cu.ac.bd/plants.php?pageno=42,2026-09-22T16:27:17.482459+00:00
de5c23598da93138,Macrosolen COCHINCHINENSIS (Lour.) Van Teigh.,macrosolen cochinchinensis (lour.) van teigh.,Loranthus cochinchinensis Lour. Loranthus fordii Hance Macrosolen fordii (Hance) Danser Tristerix viridiflorus Mart.,Loranthaceae,loranthaceae,,,NORMALIZED_ONLY,HIGH,https://mpbd.cu.ac.bd/plants.php?pageno=42,2026-09-22T16:27:17.482459+00:00
a47eec0cadcc5705,Macaranga DENTICULATA Muell.-Arg.,macaranga denticulata muell.-arg.,Macaranga chatiniana (Baill.) Müll.Arg. Mappa denticulata Blume Rottlera glauca Hassk. Tanarius gmelinifolius (King ex Hook.f.) Kuntze,Euphorbiaceae,euphorbiaceae,,,NORMALIZED_ONLY,HIGH,https://mpbd.cu.ac.bd/plants.php?pageno=42,2026-09-22T16:27:17.482459+00:00
9c7c68ad3dfa5402,Lygodium MICROPHYLLUM (Cau.) R. Br.,lygodium microphyllum (cau.) r. br.,Lygodium scandens var. intermedium Ces. Ophioglossum filiforme Roxb. Ugena microphylla Cav.,Lygodiaceae,lygodiaceae,,,NORMALIZED_ONLY,HIGH,https://mpbd.cu.ac.bd/plants.php?pageno=42,2026-09-22T16:27:17.482459+00:00
5e24e7f1483d34b8,Lygodium JAPONICUM (Thunb.) Sw.,lygodium japonicum (thunb.) sw.,Davallia scandens (Lour.) Sw. Hydroglossum japonicum (Thunb.) Willd. Ophioglossum japonicum Thunb. Trichomanes cochinchinense Poir.,Lygodiaceae,lygodiaceae,,,NORMALIZED_ONLY,HIGH,https://mpbd.cu.ac.bd/plants.php?pageno=42,2026-09-22T16:27:17.482459+00:00
6eff317f2b5a77f6,Lygodium FLEXUOSUM Sw.,lygodium flexuosum sw.,Hydroglossum flexuosum (L.) Willd. Ophioglossum flexuosum L. Ramondia flexuosa (L.) Mirb.,Lygodiaceae,lygodiaceae,,,NORMALIZED_ONLY,HIGH,https://mpbd.cu.ac.bd/plants.php?pageno=43,2026-09-22T16:27:19.012080+00:00
6ab9eda2dc4d137b,Lygodium CIRCINATUM (Burm.) Sw.,lygodium circinatum (burm.) sw.,-,Lygodiaceae,lygodiaceae,,,NORMALIZED_ONLY,HIGH,https://mpbd.cu.ac.bd/plants.php?pageno=43,2026-09-22T16:27:19.012080+00:00
9d2ee27e7eeae964,Lycopersicon LYCOPERSICUM (L.) Karsten,lycopersicon lycopersicum (l.) karsten,Lycopersicon esculentum Mill. Hydroglossum circinnatum (Burm. f.) Willd. Ophioglossum circinnatum Burm. f.,Solanaceae,solanaceae,,,NORMALIZED_ONLY,HIGH,https://mpbd.cu.ac.bd/plants.php?pageno=43,2026-09-22T16:27:19.012080+00:00
2557920ba47641f3,Luvunga SCANDENS Buch.-Ham.,luvunga scandens buch.-ham.,Limonia scandens Roxb. Luvunga nitida Pierre,Rutaceae,rutaceae,,,NORMALIZED_ONLY,HIGH,https://mpbd.cu.ac.bd/plants.php?pageno=43,2026-09-22T16:27:19.012080+00:00
f9b5ed4d8bb26147,Luffa CYLINDRICA (L.) Roem.,luffa cylindrica (l.) roem.,Luffa leucosperma M.Roem. Luffa aegyptiaca Mill. Melothria touchanensis H. Lév. Momordica cylindrica L.,Cucurbitaceae,cucurbitaceae,,,NORMALIZED_ONLY,HIGH,https://mpbd.cu.ac.bd/plants.php?pageno=43,2026-09-22T16:27:19.012080+00:00
2ac9335c49222dac,Luffa ACUTANGULA (L.) Roxb.,luffa acutangula (l.) roxb.,Cucumis acutangulus L. Cucurbita acutangula (L.) Blume Luffa fluminensis Roem. Momordica tubiflora Wall.,Cucurbitaceae,cucurbitaceae,,,NORMALIZED_ONLY,HIGH,https://mpbd.cu.ac.bd/plants.php?pageno=43,2026-09-22T16:27:19.012080+00:00
5b0c7b4c36494473,Ludwigia ADSCENDENS (L.) Hara.,ludwigia adscendens (l.) hara.,Jussiaea adscendens L. Jussiaea repens L.,Onagraceae,onagraceae,,,NORMALIZED_ONLY,HIGH,https://mpbd.cu.ac.bd/plants.php?pageno=43,2026-09-22T16:27:19.012080+00:00
31c42c8deadca441,Litsea MONOPETALA (Roxb.) Pers.,litsea monopetala (roxb.) pers.,Litsea polyantha Juss. Tetranthera macrophylla Roxb. Tetranthera monopetala Roxb.,Lauraceae,lauraceae,,,NORMALIZED_ONLY,HIGH,https://mpbd.cu.ac.bd/plants.php?pageno=43,2026-09-22T16:27:19.012080+00:00
f891a50bfd02176c,Litsea LANCIFOLIA (Roxb.ex Nees) Fern.-Vill,litsea lancifolia (roxb.ex nees) fern.-vill,Litsea hansenii Kosterm. Tetranthera lancifolia Roxb. ex Nees,Lauraceae,lauraceae,,,NORMALIZED_ONLY,HIGH,https://mpbd.cu.ac.bd/plants.php?pageno=43,2026-09-22T16:27:19.012080+00:00
deb649d3401b7434,Litsea GLUTIONSA (Lour.) Rob.,litsea glutionsa (lour.) rob.,Camellia integrifolia Choisy Dodecadenia robusta Zoll. & Moritzi Litsea apetala (Roxb.) Pers. Sebifera glutinosa Lour.,Lauraceae,lauraceae,,,NORMALIZED_ONLY,HIGH,https://mpbd.cu.ac.bd/plants.php?pageno=43,2026-09-22T16:27:19.012080+00:00
6af477cd0bd86043,Litchi CHINESIS Sonn.,litchi chinesis sonn.,Nephelium litchi (Lour.) Camb. Corvinia litschi Stadtm. ex Willemet Euphoria didyma Blanco Nephelium litchi Cambess. Scytalia chinensis Gaertn.,Sapindaceae,sapindaceae,,,NORMALIZED_ONLY,HIGH,https://mpbd.cu.ac.bd/plants.php?pageno=44,2026-09-22T16:27:20.549567+00:00
35fcfb411fa26cd4,Linum USITATISSIMUM L.,linum usitatissimum l.,Linum crepitans (Boenn.) Dumort. Linum humile Mill.,Linaceae,linaceae,,,NORMALIZED_ONLY,HIGH,https://mpbd.cu.ac.bd/plants.php?pageno=44,2026-09-22T16:27:20.549567+00:00
1bf18d1d2419a33d,Lindenbergia INDICA Vatke,lindenbergia indica vatke,Lindenbergia urticaefolia Lehm.,Scrophulariaceae,scrophulariaceae,,,NORMALIZED_ONLY,HIGH,https://mpbd.cu.ac.bd/plants.php?pageno=44,2026-09-22T16:27:20.549567+00:00
de0610accaad5716,Limnophila INDICA (L.) Druce.,limnophila indica (l.) druce.,Limnophila gratioloides R. Br. Ambulia indica (L.) W.Wight Columnea balsamea Roxb. Hottonia indica L.,Scrophulariaceae,scrophulariaceae,,,NORMALIZED_ONLY,HIGH,https://mpbd.cu.ac.bd/plants.php?pageno=44,2026-09-22T16:27:20.549567+00:00
98822158ccbb778f,Leucas zeylanica (L.) W.T.Aiton.,leucas zeylanica (l.) w.t.aiton.,Leucas zeylanica (L.) R. Br. Leonurus parviflorus Moench Phlomis indica L. Spermacoce denticulata Walp.,Lamiaceae,lamiaceae,,,NORMALIZED_ONLY,HIGH,https://mpbd.cu.ac.bd/plants.php?pageno=44,2026-09-22T16:27:20.549567+00:00
5b52da76e6e895db,Leucas LAVANDULIFOLIA Sm.,leucas lavandulifolia sm.,Hetrepta lavandulifolia (Sm.) Raf. Leonurus indicus L. Leucas linifolia (Roth) Spreng. Phlomis linifolia Roth,Lamiaceae,lamiaceae,,,NORMALIZED_ONLY,HIGH,https://mpbd.cu.ac.bd/plants.php?pageno=44,2026-09-22T16:27:20.549567+00:00
a0ad4c8a76673a90,Leucas CEPHALOTES (Roth.) Spreng.,leucas cephalotes (roth.) spreng.,Leucas capitata Desf. Phlomis cephalotes Roth,Lamiaceae,lamiaceae,,,NORMALIZED_ONLY,HIGH,https://mpbd.cu.ac.bd/plants.php?pageno=44,2026-09-22T16:27:20.549567+00:00
da83dedf6ffe26f3,Leucas ASPERA (Willd.) Link.,leucas aspera (willd.) link.,Leucas dimidiata (Roth) Spreng. Leucas plukenetii (Roth) Spreng. Phlomis aspera Willd. Phlomis esculenta Roxb.,Lamiaceae,lamiaceae,,,NORMALIZED_ONLY,HIGH,https://mpbd.cu.ac.bd/plants.php?pageno=44,2026-09-22T16:27:20.549567+00:00
217f5e962a9f2e76,Leonurus SIBIRICUS L.,leonurus sibiricus l.,Leonurus manshuricus Y.Yabe Leonurus multifidus (Moench) Desf. Panzeria angustifolia Raf. Phlomis sibirica (L.) Medik.,Lamiaceae,lamiaceae,,,NORMALIZED_ONLY,HIGH,https://mpbd.cu.ac.bd/plants.php?pageno=44,2026-09-22T16:27:20.549567+00:00
1784f4cf867b560f,Lens CULINARIS Medik.,lens culinaris medik.,Ervum lens L. Lens esculenta Moench Vicia lens (L.) Coss. & Germ.,Fabaceae,fabaceae,,,NORMALIZED_ONLY,HIGH,https://mpbd.cu.ac.bd/plants.php?pageno=44,2026-09-22T16:27:20.549567+00:00
03c60dde054b06a2,Leea MACROPHYLLA Roxb.,leea macrophylla roxb.,Leea angustifolia P. Lawson Leea aspera Wall. ex G. Don Leea latifolia Wall. ex Kurz Leea robusta Roxb.,Leeaceae,leeaceae,,,NORMALIZED_ONLY,HIGH,https://mpbd.cu.ac.bd/plants.php?pageno=45,2026-09-22T16:27:22.076731+00:00
5e6afd35bdae9dda,Leea INDICA (Burm. f.) Merr.,leea indica (burm. f.) merr.,Leea sambucina Willd. Aquilicia otillis Gaertn. Leea divaricata T. & B. Leea viridiflora Planch. Staphylea indica Burm. f.,Leeaceae,leeaceae,,,NORMALIZED_ONLY,HIGH,https://mpbd.cu.ac.bd/plants.php?pageno=45,2026-09-22T16:27:22.076731+00:00
bcf1bffafa390b2b,Leea asiatica (L.) Ridsdale.,leea asiatica (l.) ridsdale.,Leea crispa L. Leea herbacea Buch.-Ham. Leea pinnata Andrews Phytolacca asiatica L.,Leeaceae,leeaceae,,,NORMALIZED_ONLY,HIGH,https://mpbd.cu.ac.bd/plants.php?pageno=45,2026-09-22T16:27:22.076731+00:00
d7801a287e06841a,Leea AEQUATA L.,leea aequata l.,Leea ancolona Miq. Leea hirsuta Blume ex Spreng. Leea hirta Roxb. ex Hornem. Leea hispida Gagnep.,Leeaceae,leeaceae,,,NORMALIZED_ONLY,HIGH,https://mpbd.cu.ac.bd/plants.php?pageno=45,2026-09-22T16:27:22.076731+00:00
feda4c9d4c0a8bb3,Lawsonia INERMIS L.,lawsonia inermis l.,Alcanna spinosa (L.) Gaertn. Casearia multiflora Spreng. Lawsonia speciosa L. Rotantha combretoides Baker,Lythraceae,lythraceae,,,NORMALIZED_ONLY,HIGH,https://mpbd.cu.ac.bd/plants.php?pageno=45,2026-09-22T16:27:22.076731+00:00
e794b7569f63a83c,Launaea SARMENTOSA (Willd.) Sch.-Bip.,launaea sarmentosa (willd.) sch.-bip.,Ammoseris sarmentosa (Willd.) D.Dietr. Chondrilla sarmentosa (Willd.) Poir. Lactuca sarmentosa (Willd.) DC. Prenanthes sarmentosa Willd.,Asteraceae,asteraceae,,,NORMALIZED_ONLY,HIGH,https://mpbd.cu.ac.bd/plants.php?pageno=45,2026-09-22T16:27:22.076731+00:00
8e110f6105dba7ab,Launaea ASPLENIIFOLIA Hook. f.,launaea aspleniifolia hook. f.,Ammoseris aspleniifolia (Willd.) D.Dietr. Chondrilla aspleniifolia (Willd.) Poir. Microrhynchus aspleniifolius (Willd.) DC. Prenanthes aspleniifolia Willd.,Asteraceae,asteraceae,,,NORMALIZED_ONLY,HIGH,https://mpbd.cu.ac.bd/plants.php?pageno=45,2026-09-22T16:27:22.076731+00:00
dbcfc03b71460949,Lasia SPINOSA (L.) Thw.,lasia spinosa (l.) thw.,Lasia heterophylla Schott. Dracontium spinosum L. Lasia crassifolia Engl. Lasia roxburghii Griff. Pothos lasia Roxb.,Araceae,araceae,,,NORMALIZED_ONLY,HIGH,https://mpbd.cu.ac.bd/plants.php?pageno=45,2026-09-22T16:27:22.076731+00:00
ef236cba9387852b,Dendrocnide sinuata (Blume) Chew.,dendrocnide sinuata (blume) chew.,Laportea crenulata Gaudich. Dendrocnide pulus (Steud.) Chew Laportea sinuata (Blume) Miq. Urticastrum sinuatum (Blume) Kuntze,Urticaceae,urticaceae,,,NORMALIZED_ONLY,HIGH,https://mpbd.cu.ac.bd/plants.php?pageno=45,2026-09-22T16:27:22.076731+00:00
bbeedcc5c642c309,Lantana CAMARA L.,lantana camara l.,Lantana aculeata L. Lantana antillana Raf. Lantana asperata Vis. Lantana crocea Jacq. Lantana spinosa L. ex Le Cointe,Verbenaceae,verbenaceae,,,NORMALIZED_ONLY,HIGH,https://mpbd.cu.ac.bd/plants.php?pageno=45,2026-09-22T16:27:22.076731+00:00
929efff95e60a537,Lannea COROMANDELICA (Houtt.) Merr.,lannea coromandelica (houtt.) merr.,Calesium grande Kuntze Lannea grandis Engl. Odina pinnata Rottler Rhus odina Buch.-Ham. ex Wall. (Anacardiaceae),Anacardiaceae,anacardiaceae,,,NORMALIZED_ONLY,HIGH,https://mpbd.cu.ac.bd/plants.php?pageno=46,2026-09-22T16:27:23.607341+00:00
12beccf235ee5ac4,Lagerstroemia speciosa (L.) Pers.,lagerstroemia speciosa (l.) pers.,Lagerstroemia reginae Roxb. Adambea hirsuta Lam. Lagerstroemia hirsuta (Lam.) Willd. Munchausia speciosa L.,Lythraceae,lythraceae,,,NORMALIZED_ONLY,HIGH,https://mpbd.cu.ac.bd/plants.php?pageno=46,2026-09-22T16:27:23.607341+00:00
5a3f435e55f9f234,Lagerstroemia INDICA L.,lagerstroemia indica l.,Lagerstroemia chinensis Lam. Lagerstroemia elegans Wall. ex Paxton Murtughas indica (L.) Kuntze Velaga globosa Gaertn.,Lythraceae,lythraceae,,,NORMALIZED_ONLY,HIGH,https://mpbd.cu.ac.bd/plants.php?pageno=46,2026-09-22T16:27:23.607341+00:00
7bbc1d95ff1fdfcf,Lageneria SICERARIA (Molina) Standl.,lageneria siceraria (molina) standl.,Cucumis lagenaria (L.)Dumort. Cucurbita lagenaria L. Cucurbita siceraria Molina Lagenaria vulgaris Ser.,Cucurbitaceae,cucurbitaceae,,,NORMALIZED_ONLY,HIGH,https://mpbd.cu.ac.bd/plants.php?pageno=46,2026-09-22T16:27:23.607341+00:00
2139380806e1a8f9,Lablab PURPUREUS (L.) Sweet.,lablab purpureus (l.) sweet.,Dolichos lablab L. Dolichos benghalensis Jacq. Dolichos purpureus L. Lablab vulgaris (L.) Savi Vigna aristata Piper,Fabaceae,fabaceae,,,NORMALIZED_ONLY,HIGH,https://mpbd.cu.ac.bd/plants.php?pageno=46,2026-09-22T16:27:23.607341+00:00
ef312bcff1bd3014,Bryophyllum pinnatum (Lam.) Oken.,bryophyllum pinnatum (lam.) oken.,Kalanchoe pinnata (Lam.) Pers. Bryophyllum germinans Blanco Cotyledon pinnata Lam. Sedum madagascariense Clus. Vereia pinnata (Lam.) Spreng.,Crassulaceae,crassulaceae,,,NORMALIZED_ONLY,HIGH,https://mpbd.cu.ac.bd/plants.php?pageno=46,2026-09-22T16:27:23.607341+00:00
26b72bf12cfe0e47,Kaempferia ROTUNDA L.,kaempferia rotunda l.,Kaempferia longa Jacq. Kaempferia versicolor Salisb.,Zingiberaceae,zingiberaceae,,,NORMALIZED_ONLY,HIGH,https://mpbd.cu.ac.bd/plants.php?pageno=46,2026-09-22T16:27:23.607341+00:00
abfa13ecb6b86599,Kaempferia PARVIFLORA Wall.,kaempferia parviflora wall.,Kaempferia rubromarginata (S.Q.Tong) R.J.Searle Stahlianthus rubromarginatus S.Q.Tong,Zingiberaceae,zingiberaceae,,,NORMALIZED_ONLY,HIGH,https://mpbd.cu.ac.bd/plants.php?pageno=46,2026-09-22T16:27:23.607341+00:00
1c2d01d92f14eff7,Alpinia sessilis J.Koenig,alpinia sessilis j.koenig,Kaempferia humilis Salisb. Kaempferia plantaginifolia Salisb. Kaempferia procumbens Noronha,Zingiberaceae,zingiberaceae,,,NORMALIZED_ONLY,HIGH,https://mpbd.cu.ac.bd/plants.php?pageno=46,2026-09-22T16:27:23.607341+00:00
0ffdaf0e51ed3acf,justicia JAPONICA Thunb.,justicia japonica thunb.,Justicia simplex D. Don Rostellaria rotundifolia Nees Rostellularia japonica (Thunb.) J.L. Ellis,Acanthaceae,acanthaceae,,,NORMALIZED_ONLY,HIGH,https://mpbd.cu.ac.bd/plants.php?pageno=46,2026-09-22T16:27:23.607341+00:00
34fdd1ee6e8dbec8,Justicia GENDARUSSA Burm.,justicia gendarussa burm.,Dianthera subserrata Blanco Dicliptera rheedei Kostel. Ecbolium gendarussa (Burm.f.) Kuntze Gendarussa vulgaris Nees .,Acanthaceae,acanthaceae,,,NORMALIZED_ONLY,HIGH,https://mpbd.cu.ac.bd/plants.php?pageno=47,2026-09-22T16:27:25.135520+00:00
b3ebf24d01a1e358,Jatropha GOSSYPIFOLIA L.,jatropha gossypifolia l.,Adenoropium gossypiifolium (L.) Pohl Jatropha elegans Kl. Jatropha jacquinii Baill. Manihot gossypiifolia (L.) Crantz,Euphorbiaceae,euphorbiaceae,,,NORMALIZED_ONLY,HIGH,https://mpbd.cu.ac.bd/plants.php?pageno=47,2026-09-22T16:27:25.135520+00:00
124dc93b4491a3c3,. JATROPHA CURCAS L.,. jatropha curcas l.,Curcas indica A.Rich. Jatropha afrocurcas Pax Manihot curcas (L.) Crantz Ricinus jarak Thunb.,Euphorbiaceae,euphorbiaceae,,,NORMALIZED_ONLY,HIGH,https://mpbd.cu.ac.bd/plants.php?pageno=47,2026-09-22T16:27:25.135520+00:00
a172a847dd05ac79,Jasminum SCANDENS Vahl.,jasminum scandens vahl.,Jasminum laetum Wall. ex G.Don Mogorium scandens (Retz.) Lam. Nyctanthes scandens Retz.,Oleaceae,oleaceae,,,NORMALIZED_ONLY,HIGH,https://mpbd.cu.ac.bd/plants.php?pageno=47,2026-09-22T16:27:25.135520+00:00
cdee556796349c03,Jasminum SAMBAC (L.) Ait.,jasminum sambac (l.) ait.,Jasminum bicorollatum Noronha Jasminum blancoi Hassk. Mogorium sambac (L.) Lam. Nyctanthes undulata L.,Oleaceae,oleaceae,,,NORMALIZED_ONLY,HIGH,https://mpbd.cu.ac.bd/plants.php?pageno=47,2026-09-22T16:27:25.135520+00:00
8acf01ce3e422973,Jasminum ANGUSTIFOLIUM Vahl.,jasminum angustifolium vahl.,Jasminum triflorum (Burm.f.) Pers. Mogorium vimineum (Retz.) Lam. Nyctanthes angustifolia L.,Oleaceae,oleaceae,,,NORMALIZED_ONLY,HIGH,https://mpbd.cu.ac.bd/plants.php?pageno=47,2026-09-22T16:27:25.135520+00:00
8f4dd8ca5cd8870d,Ixora NIGRICANS R. Br. ex Wight & Arn.,ixora nigricans r. br. ex wight & arn.,Ixora affinis Wall. ex Craib Ixora arguta (Hook.f.) King & Gamble Ixora erubescens Wall. ex G.Don Pavetta erubescens (Wall. ex G.Don) Miq.,Rubiaceae,rubiaceae,,,NORMALIZED_ONLY,HIGH,https://mpbd.cu.ac.bd/plants.php?pageno=47,2026-09-22T16:27:25.135520+00:00
c31c293d786755fe,Ixora CUNEIFOLIA Roxb.,ixora cuneifolia roxb.,Ixora rosea Wall. Ixora wallichii Wight & Arn.,Rubiaceae,rubiaceae,,,NORMALIZED_ONLY,HIGH,https://mpbd.cu.ac.bd/plants.php?pageno=47,2026-09-22T16:27:25.135520+00:00
f957d8f2c4577cfb,Ixora COCCINEA L.,ixora coccinea l.,Ixora bandhuca Roxb. Ixora montana Lour. Pavetta coccinea (L.) Blume. Pavetta rubra Noronha.,Rubiaceae,rubiaceae,,,NORMALIZED_ONLY,HIGH,https://mpbd.cu.ac.bd/plants.php?pageno=47,2026-09-22T16:27:25.135520+00:00
f1c3e557dce52a69,Ixora pavetta Andr.,ixora pavetta andr.,Ixora arborea Roxb. ex Sm. Ixora decipiens DC.,Rubiaceae,rubiaceae,,,NORMALIZED_ONLY,HIGH,https://mpbd.cu.ac.bd/plants.php?pageno=47,2026-09-22T16:27:25.135520+00:00
1e267e524e841b00,Isodon LOPHANTHOIDES (Buch.-Ham. ex D. Don.) Hara,isodon lophanthoides (buch.-ham. ex d. don.) hara,Hyssopus lophanthoides Buch.-Ham. ex D.Don Isodon shimizuanus (Murata) H.Hara Orthosiphon glabrescens Vaniot Plectranthus fangii Y.Z.Sun Rabdosia shimizuana Murata,Lamiaceae,lamiaceae,,,NORMALIZED_ONLY,HIGH,https://mpbd.cu.ac.bd/plants.php?pageno=48,2026-09-22T16:27:26.664344+00:00
f9c2fbe79ecdccc3,ipomoea QUAMOCLIT L.,ipomoea quamoclit l.,Convolvulus pennatifolius Salisb Convolvulus quamoclit (L.) Spreng. Quamoclit pennata (Desr.) Bojer Quamoclit vulgaris Choisy,Convolvulaceae,convolvulaceae,,,NORMALIZED_ONLY,HIGH,https://mpbd.cu.ac.bd/plants.php?pageno=48,2026-09-22T16:27:26.664344+00:00
222708784cbb9115,Ipomoea PES -TIGRIDIS L.,ipomoea pes -tigridis l.,Convolvulus pes-tigridis (L.) Spreng. Ipomoea capitellata Choisy Ipomoea hepaticifolia L.,Convolvulaceae,convolvulaceae,,,NORMALIZED_ONLY,HIGH,https://mpbd.cu.ac.bd/plants.php?pageno=48,2026-09-22T16:27:26.664344+00:00
97ac19ab93d4f61e,Ipomoea PES-CAPRAE (L.) R.Br.,ipomoea pes-caprae (l.) r.br.,Convolvulus bilobatus Roxb. Convolvulus brasiliensis L. Ipomoea brasiliensis (L.) Sweet Latrienda brasiliensis (L.) Raf.,Convolvulaceae,convolvulaceae,,,NORMALIZED_ONLY,HIGH,https://mpbd.cu.ac.bd/plants.php?pageno=48,2026-09-22T16:27:26.664344+00:00
021a448cb9a11a89,Ipomoea OBSCURA Ker-Gawl.,ipomoea obscura ker-gawl.,Convolvulus obscurus L. Ipomoea fragilis Choisy Ipomoea insuavis Blume,Convolvulaceae,convolvulaceae,,,NORMALIZED_ONLY,HIGH,https://mpbd.cu.ac.bd/plants.php?pageno=48,2026-09-22T16:27:26.664344+00:00
d3320e26997a441b,Ipomoea MAXIMA (L.f.) Don. ex. Sweef.,ipomoea maxima (l.f.) don. ex. sweef.,Ipomoea sepiaria Koen. ex. Roxb. Convolvulus maximus L. f.,Convolvulaceae,convolvulaceae,,,NORMALIZED_ONLY,HIGH,https://mpbd.cu.ac.bd/plants.php?pageno=48,2026-09-22T16:27:26.664344+00:00
e31ee61c4416c1cf,Ipomoea MAURITIANA Jacq.,ipomoea mauritiana jacq.,Ipomoea digitata Clarke Batatas paniculata (L.) Choisy Convolvulus paniculatus L.,Convolvulaceae,convolvulaceae,,,NORMALIZED_ONLY,HIGH,https://mpbd.cu.ac.bd/plants.php?pageno=48,2026-09-22T16:27:26.664344+00:00
ae6dc065e16a90fd,Ipomoea BATATUS (L.) Lamk.,ipomoea batatus (l.) lamk.,Batatas edulis (Thunb.) Choisy Convolvulus batatas L. Convolvulus esculentus Salisb. Ipomoea purpusii House,Convolvulaceae,convolvulaceae,,,NORMALIZED_ONLY,HIGH,https://mpbd.cu.ac.bd/plants.php?pageno=48,2026-09-22T16:27:26.664344+00:00
6c5959d0513b361f,Ipomoea AQUATICA Forsk.,ipomoea aquatica forsk.,Ipomoea natans Dinter & Suess. Ipomoea repens Roth Ipomoea sagittifolia Hochr. Ipomoea subdentata Miq.,Convolvulaceae,convolvulaceae,,,NORMALIZED_ONLY,HIGH,https://mpbd.cu.ac.bd/plants.php?pageno=48,2026-09-22T16:27:26.664344+00:00
aff95fef24d9974a,Ipomoea ALBA L.,ipomoea alba l.,Calonyction album (L.) House Calonyction speciosum Choisy Convolvulus pulcherrimus Vell. Ipomoea bona-nox L.,Convolvulaceae,convolvulaceae,,,NORMALIZED_ONLY,HIGH,https://mpbd.cu.ac.bd/plants.php?pageno=48,2026-09-22T16:27:26.664344+00:00
a9d6bb118d294797,Indigofera TINCTORIA L.,indigofera tinctoria l.,Anila tinctoria (L.) Kuntze Indigofera cinerascens DC. Indigofera indica Lam.,Fabaceae,fabaceae,,,NORMALIZED_ONLY,HIGH,https://mpbd.cu.ac.bd/plants.php?pageno=49,2026-09-22T16:27:28.191157+00:00
0b81fefb6a87047c,Imperata CYLINDRICA Rausch.,imperata cylindrica rausch.,Imperata arundinacea Cyrill. Imperata angolensis Fritsch Imperata latifolia (Hook.f.) L.Liou Lagurus cylindricus L. Saccharum cylindricum (L.) Lam.,Poaceae,poaceae,,,NORMALIZED_ONLY,HIGH,https://mpbd.cu.ac.bd/plants.php?pageno=49,2026-09-22T16:27:28.191157+00:00
4d5c167c7390ca75,Impatiens BALSAMINA L.,impatiens balsamina l.,Balsamina angustifolia Blume Balsamina cornuta (L.) DC. Balsamina odorata Buch.-Ham. ex D.Don Impatiens cornuta L.,Balsaminaceae,balsaminaceae,,,NORMALIZED_ONLY,HIGH,https://mpbd.cu.ac.bd/plants.php?pageno=49,2026-09-22T16:27:28.191157+00:00
2a033d3e2348e02e,Ichnocarpus FRUTESCENS (L.) R. Br.,ichnocarpus frutescens (l.) r. br.,Apocynum frutescens L. Beluttakaka malabarica (Lam.) Kuntze Echites frutescens (L.) Roxb. Gardenia volubilis Lour. Ichnocarpus leptodictyus F.Muell.,Apocynaceae,apocynaceae,,,NORMALIZED_ONLY,HIGH,https://mpbd.cu.ac.bd/plants.php?pageno=49,2026-09-22T16:27:28.191157+00:00
6cee2132cb38dc3d,Hyptis SUAVEOLENS (L.) Poit.,hyptis suaveolens (l.) poit.,Ballota suaveolens L. Gnoteris cordata Raf. Hyptis graveolens Schrank Marrubium indicum Blanco Mesosphaerum suaveolens (L.) Kuntze,Lamiaceae,lamiaceae,,,NORMALIZED_ONLY,HIGH,https://mpbd.cu.ac.bd/plants.php?pageno=49,2026-09-22T16:27:28.191157+00:00
715df0671acacc75,Hypericum JAPONICUM Thunb.,hypericum japonicum thunb.,Ascyrum humifusum Labill. Brathys japonica (Thunb.) Wight Hypericum chinense Osbeck Sarothra japonica (Thunb.) Y. Kimura,Hypericaceae,hypericaceae,,,POTENTIAL_DUPLICATE,MEDIUM,https://mpbd.cu.ac.bd/plants.php?pageno=49,2026-09-22T16:27:28.191157+00:00
ccc1066a95383f74,Hymenodictyon ORIXENSIS (Roxb.) Mabberly,hymenodictyon orixensis (roxb.) mabberly,Hymenodictyon excelsum (Roxb.)Wall. Benteca rheedei Roem. & Schult. Cinchona orixensis Roxb. Exostema philippicum Schult. Hymenodictyon thyrsiflorum Wall.,Rubiaceae,rubiaceae,,,NORMALIZED_ONLY,HIGH,https://mpbd.cu.ac.bd/plants.php?pageno=49,2026-09-22T16:27:28.191157+00:00
451bc6e0e49e90d5,Hygroryza ARISTATA (Retz.) Nees.,hygroryza aristata (retz.) nees.,Leersia aristata (Retz.) Roxb. Pharus aristatus Retz. Potamochloa retzii (Spreng.) Griff. Zizania aristata (Retz.) Kunth,Poaceae,poaceae,,,NORMALIZED_ONLY,HIGH,https://mpbd.cu.ac.bd/plants.php?pageno=49,2026-09-22T16:27:28.191157+00:00
b5f553e1261e6ec4,Hygrophila AURICULATA (Schum.) Heyne.,hygrophila auriculata (schum.) heyne.,Asteracantha longifolia (L.) Nees. Asteracantha auriculata Nees Barleria glabrata Vahl ex Nees Hygrophila spinosa T.Anderson Barleria longifolia L.,Acanthaceae,acanthaceae,,,NORMALIZED_ONLY,HIGH,https://mpbd.cu.ac.bd/plants.php?pageno=49,2026-09-22T16:27:28.191157+00:00
2815d2e47e228aab,Hydrolea ZEYLANICA Vahl.,hydrolea zeylanica vahl.,Beloanthera oppositifolia Hassk. Hydrolea arayatensis Blanco Hydrolea javanica Blume Nama zeylanica L. Steris javanica L.,Hydrophyllaceae,hydrophyllaceae,,,NORMALIZED_ONLY,HIGH,https://mpbd.cu.ac.bd/plants.php?pageno=49,2026-09-22T16:27:28.191157+00:00
45c63592ff92d782,Hydnocarpus KURZII (King.) Warb.,hydnocarpus kurzii (king.) warb.,Taraktogenos kurzii king,Flacourtiaceae,flacourtiaceae,,,NORMALIZED_ONLY,HIGH,https://mpbd.cu.ac.bd/plants.php?pageno=50,2026-09-22T16:27:29.718272+00:00
4750200e5e39c14b,Hybanthus ENNEASPERMUS (L.) F. Muell.,hybanthus enneaspermus (l.) f. muell.,Ionidium suffruticosum (L.) R. & S. Calceolaria enneasperma (L.) Kuntze Hybanthus heterophyllus (Vent.) Baill. Ionidium enneaspermum (L.) Vent. Viola suffruticosa L.,Violaceae,violaceae,,,NORMALIZED_ONLY,HIGH,https://mpbd.cu.ac.bd/plants.php?pageno=50,2026-09-22T16:27:29.718272+00:00
4c7910722cf3c7f8,Hoya PARASITICA Wall.,hoya parasitica wall.,-,Asclepiadaceae,asclepiadaceae,,,NORMALIZED_ONLY,HIGH,https://mpbd.cu.ac.bd/plants.php?pageno=50,2026-09-22T16:27:29.718272+00:00
eec8f6b5d4bfb915,Hopea ODORATA Roxb.,hopea odorata roxb.,Hopea vasta Wall. Hopea wightiana Miq. ex Dyer.,Dipterocarpaceae,dipterocarpaceae,,,NORMALIZED_ONLY,HIGH,https://mpbd.cu.ac.bd/plants.php?pageno=50,2026-09-22T16:27:29.718272+00:00
37280784747b9816,Homalomena aromatica (Spreng.) Schott.,homalomena aromatica (spreng.) schott.,Calla aromatica (Spreng.) Roxb. Zantedeschia aromatica Spreng. Zantedeschia foetida K.Koch,Araceae,araceae,,,NORMALIZED_ONLY,HIGH,https://mpbd.cu.ac.bd/plants.php?pageno=50,2026-09-22T16:27:29.718272+00:00
1d7e03e79af0e514,Holarrhena PUBESCENCE (Buch.-Ham.) Wall.,holarrhena pubescence (buch.-ham.) wall.,Chonemorpha pubescens (Wall.) G.Don Echites antidysentericus Roth Holarrhena antidysenterica (Roth) Wall. ex A.DC. Nerium sinense Hunter ex Ridl.,Apocynaceae,apocynaceae,,,NORMALIZED_ONLY,HIGH,https://mpbd.cu.ac.bd/plants.php?pageno=50,2026-09-22T16:27:29.718272+00:00
98f2c179993f5ba7,Hiptage BENGHALENSIS (L.) Kurz.,hiptage benghalensis (l.) kurz.,Hiptage madaablata Gertn. Gaertnera obtusifolia Roxb. Hiptage benghalensis var. benghalensis Hiptage javanica Blume Hiptage parvifolia Wight & Arn.,Malphigiaceae,malphigiaceae,,,NORMALIZED_ONLY,HIGH,https://mpbd.cu.ac.bd/plants.php?pageno=50,2026-09-22T16:27:29.718272+00:00
95fae3323d94322e,Hibiscus TILLIACEUS L.,hibiscus tilliaceus l.,Hibiscus circinnatus Willd. Hibiscus porophyllus Vell. Pariti tiliaceum (L.) A. St.-Hil. Pariti boninense (Nakai) Nakai,Malvaceae,malvaceae,,,NORMALIZED_ONLY,HIGH,https://mpbd.cu.ac.bd/plants.php?pageno=50,2026-09-22T16:27:29.718272+00:00
91e7e5faa044cf76,Hibiscus SURATTENSIS L.,hibiscus surattensis l.,Furcaria surattensis Kostel. Hibiscus aculeatus G. Don Hibiscus surattensis var. villosus Hochr.,Malvaceae,malvaceae,,,NORMALIZED_ONLY,HIGH,https://mpbd.cu.ac.bd/plants.php?pageno=50,2026-09-22T16:27:29.718272+00:00
d72c0d887f8b2b0c,Hibiscus SABDARIFFA L.,hibiscus sabdariffa l.,Abelmoschus cruentus (Bertol.) Walp. Furcaria sabdariffa Ulbr. Hibiscus fraternus L. Sabdariffa rubra Kostel.,Malvaceae,malvaceae,,,NORMALIZED_ONLY,HIGH,https://mpbd.cu.ac.bd/plants.php?pageno=50,2026-09-22T16:27:29.718272+00:00
47441732b5f7b632,Hibiscus ROSA-SINENSIS L.,hibiscus rosa-sinensis l.,Hibiscus boryanus DC. Hibiscus festalis Salisb. Hibiscus storckii Seem.,Malvaceae,malvaceae,,,NORMALIZED_ONLY,HIGH,https://mpbd.cu.ac.bd/plants.php?pageno=51,2026-09-22T16:27:31.249390+00:00
f64fdcabbb56ac41,Hibiscus MUTABILIS L.,hibiscus mutabilis l.,Abelmoschus mutabilis (L.) Wall. ex Hassk. Abelmoschus venustus Walp. Hibiscus immutabilis Dehnh. ex Walp. Hibiscus sinensis Mill. Ketmia mutabilis (L.) Moench.,Malvaceae,malvaceae,,,NORMALIZED_ONLY,HIGH,https://mpbd.cu.ac.bd/plants.php?pageno=51,2026-09-22T16:27:31.249390+00:00
cc3108e47e8fcc99,Hibiscus CANABINUS L.,hibiscus canabinus l.,Abelmoschus verrucosus Walp. Furcaria cannabina Ulbr. Hibiscus malangensis Baker f. Hibiscus vanderystii De Wild.,Malvaceae,malvaceae,,,NORMALIZED_ONLY,HIGH,https://mpbd.cu.ac.bd/plants.php?pageno=51,2026-09-22T16:27:31.249390+00:00
f0a6b0ca58541a09,Schefflera hypoleuca (Kurz) Harms.,schefflera hypoleuca (kurz) harms.,Heptapleurum hypoleucum Kurz.,Araliaceae,araliaceae,,,NORMALIZED_ONLY,HIGH,https://mpbd.cu.ac.bd/plants.php?pageno=51,2026-09-22T16:27:31.249390+00:00
ebe8db1444fdc98e,Hemigraphis HIRTA (Vahl.) And.,hemigraphis hirta (vahl.) and.,Ruellia hirta Vahl.,Acanthaceae,acanthaceae,,,NORMALIZED_ONLY,HIGH,https://mpbd.cu.ac.bd/plants.php?pageno=51,2026-09-22T16:27:31.249390+00:00
99b03ca76078d9bf,Hemidesmus INDICUS (L.) R. Br.,hemidesmus indicus (l.) r. br.,Periploca indica L.,Asclepiadaceae,asclepiadaceae,,,NORMALIZED_ONLY,HIGH,https://mpbd.cu.ac.bd/plants.php?pageno=51,2026-09-22T16:27:31.249390+00:00
072ab7120ea47633,Helminthostachys ZEYLANICA L.,helminthostachys zeylanica l.,Ophiala zeylanica (L.) Desv.,Helminthostachyaceae,helminthostachyaceae,,,NORMALIZED_ONLY,HIGH,https://mpbd.cu.ac.bd/plants.php?pageno=51,2026-09-22T16:27:31.249390+00:00
178721413b63dabc,Heliotropium INDICUM L.,heliotropium indicum l.,Eliopia serrata Raf. Heliophytum indicum (L.) DC. Heliotropium cordifolium Moench Tiaridium indicum (L.) Lehm.,Boraginaceae,boraginaceae,,,NORMALIZED_ONLY,HIGH,https://mpbd.cu.ac.bd/plants.php?pageno=51,2026-09-22T16:27:31.249390+00:00
e6abf04952b9a51b,Helicteres ISORA L.,helicteres isora l.,Helicteres grewiaefolia DC. Helicteres roxburghii G. Don Isora grewiaefolia (DC.) Schott & Endl. Ixora versicolor Hassk.,Sterculiaceae,sterculiaceae,,,POTENTIAL_DUPLICATE,MEDIUM,https://mpbd.cu.ac.bd/plants.php?pageno=51,2026-09-22T16:27:31.249390+00:00
0128ae24fd439c54,Helianthus ANNUS L.,helianthus annus l.,Helianthus aridus Rydb. Helianthus indicus L. Helianthus macrocarpus DC. & A.DC. Helianthus multiflorus Hook. Helianthus ovatus Lehm.,Asteraceae,asteraceae,,,NORMALIZED_ONLY,HIGH,https://mpbd.cu.ac.bd/plants.php?pageno=51,2026-09-22T16:27:31.249390+00:00
75dcee7250803dee,Hedyotis SCANDENS Roxb.,hedyotis scandens roxb.,Hedyotis polycarpa R.Br. ex G.Don Hedyotis subscandens Griff. Oldenlandia scandens (Roxb.) Kuntze Petesia hita Buch.-Ham. ex D.Don,Rubiaceae,rubiaceae,,,NORMALIZED_ONLY,HIGH,https://mpbd.cu.ac.bd/plants.php?pageno=52,2026-09-22T16:27:32.774658+00:00
e33b9548bbf417a6,Oldenlandia diffusa (Willd.) Roxb.,oldenlandia diffusa (willd.) roxb.,Hedyotis diffusa Willd. Oldenlandia pauciflora Roxb. ex Wight & Arn. Hedyotis diffusa var. extensa (Hook.f.) R.Dutta,Rubiaceae,rubiaceae,,,NORMALIZED_ONLY,HIGH,https://mpbd.cu.ac.bd/plants.php?pageno=52,2026-09-22T16:27:32.774658+00:00
4f3c3334c0d0aade,Oldenlandia corymbosa L.,oldenlandia corymbosa l.,Hedyotis corymbosa (L.) Link Hedyotis depressa (Willd.) Roem. & Schult. Hedyotis graminicola Kurz Oldenlandia alsinifolia G.Don Oldenlandia capillaris DC. Oldenlandia ramosa Roxb.,Rubiaceae,rubiaceae,,,NORMALIZED_ONLY,HIGH,https://mpbd.cu.ac.bd/plants.php?pageno=52,2026-09-22T16:27:32.774658+00:00
266d5b7dcfd9472b,Hedychium CORONARIUM Koenig,hedychium coronarium koenig,Amomum filiforme Hunter ex Ridl. Gandasulium coronarium (J.Koenig) Kuntze Hedychium chrysoleucum Hook. Hedychium prophetae Buch.-Ham. ex Wall.,Zingiberaceae,zingiberaceae,,,NORMALIZED_ONLY,HIGH,https://mpbd.cu.ac.bd/plants.php?pageno=52,2026-09-22T16:27:32.774658+00:00
0211dee47719876b,Peristylus constrictus (Lindl.) Lindl.,peristylus constrictus (lindl.) lindl.,Habenaria constricta Hook. f. Habenaria cylindrocalyx Gagnep. Herminium constrictum Lindl. Orchis leucantha Ham. ex Hook.f.,Orchidaceae,orchidaceae,,,NORMALIZED_ONLY,HIGH,https://mpbd.cu.ac.bd/plants.php?pageno=52,2026-09-22T16:27:32.774658+00:00
bf5c052e26ca1c6c,Gynocardia ORORATA R. Br.,gynocardia ororata r. br.,Chaulmoogra odorata Roxb. Chilmoria dodecandra Buch.-Ham. Gynocardia antisyphilitica Pierre ex Tschirch Gynocardia prainii Desprez,Flacourtiaceae,flacourtiaceae,,,NORMALIZED_ONLY,HIGH,https://mpbd.cu.ac.bd/plants.php?pageno=52,2026-09-22T16:27:32.774658+00:00
3aa8ba4643c5ba5c,Gymnopetalum chinense (Lour.) Merr.,gymnopetalum chinense (lour.) merr.,Gymnopetalum cochinchinense (Lour.) Kurz. Bryonia cochinchinensis Lour. Cucumis tubiflorus Roxb. ex Wight & Arn. Euonymus chinensis Lour. Momordica tubiflora Roxb.,Cucurbitaceae,cucurbitaceae,,,NORMALIZED_ONLY,HIGH,https://mpbd.cu.ac.bd/plants.php?pageno=52,2026-09-22T16:27:32.774658+00:00
75bdc89b34ed2ab6,Grewia asiatica L.,grewia asiatica l.,Grewia subinaequalis DC. Grewia hainesiana Hole,Tiliaceae,tiliaceae,,,NORMALIZED_ONLY,HIGH,https://mpbd.cu.ac.bd/plants.php?pageno=52,2026-09-22T16:27:32.774658+00:00
aff12816476eeaaa,Grewia SCLEROPHYLLA Roxb. ex Don.,grewia sclerophylla roxb. ex don.,Grewia obliqua Roxb. Grewia rugosa G.Don Grewia scabrophylla Roxb.,Tiliaceae,tiliaceae,,,NORMALIZED_ONLY,HIGH,https://mpbd.cu.ac.bd/plants.php?pageno=52,2026-09-22T16:27:32.774658+00:00
3f2192a6fc976836,Grewia nervosa (Lour.) Panigrahi.,grewia nervosa (lour.) panigrahi.,Grewia microcos L. Arsis rugosa Lour. Fallopia nervosa Lour. Grewia affinis Lindl. Grewia ulmifolia Roxb.,Tiliaceae,tiliaceae,,,NORMALIZED_ONLY,HIGH,https://mpbd.cu.ac.bd/plants.php?pageno=52,2026-09-22T16:27:32.774658+00:00
1b34759babe79b99,Grangea MADERESPATANA (L.) Poir.,grangea maderespatana (l.) poir.,Grangea hispida Humbert Grangea adansonii Cass. Cotula maderaspatana (L.) Willd. Artemisia maderaspatana L. Tanacetum aegyptiacum Juss. ex Jacq.,Asteraceae,asteraceae,,,NORMALIZED_ONLY,HIGH,https://mpbd.cu.ac.bd/plants.php?pageno=53,2026-09-22T16:27:34.309248+00:00
efaee0589c34a454,Gossypium HERBACIUM L.,gossypium herbacium l.,Gossypium albescens Raf. Gossypium chinense Fisch. & Otto ex Steud. Gossypium croceum Buch.-Ham. Gossypium paniculatum Blanco Gossypium purpureum Raf.,Malvaceae,malvaceae,,,NORMALIZED_ONLY,HIGH,https://mpbd.cu.ac.bd/plants.php?pageno=53,2026-09-22T16:27:34.309248+00:00
272753d497033423,Gomphrena GLOBOSA L.,gomphrena globosa l.,Amaranthoides globosa (L.) M.Gómez Gomphrena rubra Moq. Gomphrena tumida Seidl ex Opiz Xeraea globosa (L.) Kuntze,Amaranthaceae,amaranthaceae,,,NORMALIZED_ONLY,HIGH,https://mpbd.cu.ac.bd/plants.php?pageno=53,2026-09-22T16:27:34.309248+00:00
35356c28e0c57f57,Gnetum MONTANUM Markgraf,gnetum montanum markgraf,Gnetum scandens Roxb. Gnetum montanum f. parvifolium (Warb.) Markgr.,Gnetaceae,gnetaceae,,,NORMALIZED_ONLY,HIGH,https://mpbd.cu.ac.bd/plants.php?pageno=53,2026-09-22T16:27:34.309248+00:00
3273b99ea3aadfd1,Laphangium luteoalbum (L.) Tzvelev.,laphangium luteoalbum (l.) tzvelev.,Gnaphalium luteoalbum L. Chrysocoma villosa Lour. Dasyanthus conglobatus (Lam.) Bubani Filaginella luteoalba (L.) Opiz,Asteraceae,asteraceae,,,NORMALIZED_ONLY,HIGH,https://mpbd.cu.ac.bd/plants.php?pageno=53,2026-09-22T16:27:34.309248+00:00
327b09c76af2313d,Glycosmis PENTAPHYLLA (Retz.) A. DC.,glycosmis pentaphylla (retz.) a. dc.,Glycosmis arborea (Roxb.) DC. Limonia pentaphylla Retz. Bursera nitida Fern.-Vill.,Rutaceae,rutaceae,,,NORMALIZED_ONLY,HIGH,https://mpbd.cu.ac.bd/plants.php?pageno=53,2026-09-22T16:27:34.309248+00:00
3f3e3ef0f2b79ce4,Gmelina ARBOREA L.,gmelina arborea l.,-,Verbenaceae,verbenaceae,,,NORMALIZED_ONLY,HIGH,https://mpbd.cu.ac.bd/plants.php?pageno=53,2026-09-22T16:27:34.309248+00:00
3d90b2642a8f58e6,Gloriosa SUPERBA L.,gloriosa superba l.,Clinostylis speciosa Hochst. Eugone superba (L.) Salisb. Gloriosa angulata Schumach. Gloriosa nepalensis G.Don Methonica grandiflora Hook.,Liliaceae,liliaceae,,,NORMALIZED_ONLY,HIGH,https://mpbd.cu.ac.bd/plants.php?pageno=53,2026-09-22T16:27:34.309248+00:00
16d44deb4104c6fa,Glochidion LANCEOLARIUM (Roxb.) Dalz.,glochidion lanceolarium (roxb.) dalz.,Glochidion macrophyllum Benth. Diasperus lanceolarius (Roxb.) Kuntze Glochisandra acuminata Wight Phyllanthus fraxinifolius Lodd. Glochisandra acuminata Wight,Euphorbiaceae,euphorbiaceae,,,NORMALIZED_ONLY,HIGH,https://mpbd.cu.ac.bd/plants.php?pageno=53,2026-09-22T16:27:34.309248+00:00
fb8b4314141daaa4,Glinus OPPOSITIFOLIUS (L.) A. DC.,glinus oppositifolius (l.) a. dc.,Mollugo spergula L. Mollugo oppositifolia L. Glinus denticulatus (Guill. & Perr.) Fenzl Glinus spergula (L.) Steud. Glinus mollugo Fenzl,Molluginaceae,molluginaceae,,,NORMALIZED_ONLY,HIGH,https://mpbd.cu.ac.bd/plants.php?pageno=53,2026-09-22T16:27:34.309248+00:00
2a638e2ba04c4050,Garuga PINNATA Roxb.,garuga pinnata roxb.,Garuga pharhad Buch.-Ham. Garuga pinnata var. obtusa Engl. Guaiacum abilo Blanco,Burseraceae,burseraceae,,,NORMALIZED_ONLY,HIGH,https://mpbd.cu.ac.bd/plants.php?pageno=54,2026-09-22T16:27:35.843206+00:00
def78cd369093185,Gardenia RESINIFERA Roth.,gardenia resinifera roth.,Gardenia lucida Roxb. Genipa resinifera (Roth) Baill.,Rubiaceae,rubiaceae,,,NORMALIZED_ONLY,HIGH,https://mpbd.cu.ac.bd/plants.php?pageno=54,2026-09-22T16:27:35.843206+00:00
da7f7a7ed7caa357,Gardenia JASMINOIDES Ellis.,gardenia jasminoides ellis.,Gardenia angustifolia Lodd. Gardenia grandiflora Lour. Gardenia radicans Thunb. Gardenia pictorum Hassk. Gardenia maruba Siebold ex Blume Gardenia longisepala (Masam.) Masam.,Rubiaceae,rubiaceae,,,NORMALIZED_ONLY,HIGH,https://mpbd.cu.ac.bd/plants.php?pageno=54,2026-09-22T16:27:35.843206+00:00
80446779b4fa636b,Gardenia CORONARIA Ham.,gardenia coronaria ham.,Gardenia costata Roxb. Yangapa flava Raf.,Rubiaceae,rubiaceae,,,NORMALIZED_ONLY,HIGH,https://mpbd.cu.ac.bd/plants.php?pageno=54,2026-09-22T16:27:35.843206+00:00
ca59865a9ba27e90,Ceriscoides campanulata (Roxb.) Tirveng,ceriscoides campanulata (roxb.) tirveng,Gardenia campanulata Roxb Gardenia blumeana DC. Genipa campanulata (Roxb.) Baill.,Rubiaceae,rubiaceae,,,NORMALIZED_ONLY,HIGH,https://mpbd.cu.ac.bd/plants.php?pageno=54,2026-09-22T16:27:35.843206+00:00
1f02840c2b902603,Garcinia XANTHOCHYMUS Hook. f.,garcinia xanthochymus hook. f.,Garcinia pictoria (Roxb.) Engl. Garcinia tinctoria (DC.) W.Wight Xanthochymus pictorius Roxb. Xanthochymus tinctorius DC.,Clusiaceae,clusiaceae,,,NORMALIZED_ONLY,HIGH,https://mpbd.cu.ac.bd/plants.php?pageno=54,2026-09-22T16:27:35.843206+00:00
bed1f9a64e6de812,Garcinia COWA Roxb.,garcinia cowa roxb.,Cambogia crassifolia Blanco Garcinia cornea Roxb. ex Sm. Garcinia roxburghii Wight Oxycarpus gangetica Buch.-Ham.,Clusiaceae,clusiaceae,,,NORMALIZED_ONLY,HIGH,https://mpbd.cu.ac.bd/plants.php?pageno=54,2026-09-22T16:27:35.843206+00:00
39ae82f0e3fd3d5e,Foeniculum VULGARE Mill.,foeniculum vulgare mill.,Foeniculum officinale All. Foeniculum giganteum Lojac. Foeniculum divaricatum Griseb. Ligusticum foeniculum (L.) Roth Anethum foeniculum L.,Apiaceae,apiaceae,,,NORMALIZED_ONLY,HIGH,https://mpbd.cu.ac.bd/plants.php?pageno=54,2026-09-22T16:27:35.843206+00:00
1215649e39696b8d,Floscopa SCANDENS Lour.,floscopa scandens lour.,Floscopa paniculata (Roxb.) Hassk. Dithyrocarpus rufus (C.Presl) Kunth Commelina hispida Ham. ex Spreng. Aneilema densiflorum (Blume) Kunth,Commelinaceae,commelinaceae,,,NORMALIZED_ONLY,HIGH,https://mpbd.cu.ac.bd/plants.php?pageno=54,2026-09-22T16:27:35.843206+00:00
ab661445f1e84648,Flemingia STROBILIFERA R.Br.,flemingia strobilifera r.br.,Flemingia bracteata (Roxb.) Wight Flemingia fruticulosa Benth. Hedysarum strobiliferum L. Moghania strobilifera (L.) Kuntze Zornia strobilifera (L.) Pers.,Fabaceae,fabaceae,,,NORMALIZED_ONLY,HIGH,https://mpbd.cu.ac.bd/plants.php?pageno=54,2026-09-22T16:27:35.843206+00:00
7a9c0ab0b78779b0,Flemingia MACROPHYLLA (Willd.) O.Ktze. ex Merr.,flemingia macrophylla (willd.) o.ktze. ex merr.,Crotalaria macrophylla Willd. Flemingia angustifolia Roxb. Moghania latifolia (Benth.) Mukerjee Rhynchosia crotalarioides DC.,Fabaceae,fabaceae,,,NORMALIZED_ONLY,HIGH,https://mpbd.cu.ac.bd/plants.php?pageno=55,2026-09-22T16:27:37.377882+00:00
0e830e440d18a061,Flacourtia JANGOMAS (Lour.) Raeus.,flacourtia jangomas (lour.) raeus.,Flacourtia cataphracta Roxb. ex Willd. Stigmarota jangomas Lour.,Flacourtiaceae,flacourtiaceae,,,NORMALIZED_ONLY,HIGH,https://mpbd.cu.ac.bd/plants.php?pageno=55,2026-09-22T16:27:37.377882+00:00
6a1a3289a8efedae,Flacourtia INDICA (Burm.f.) Merr.,flacourtia indica (burm.f.) merr.,Flacourtia ramonchi L’ Heritt. Flacourtia elliptica (Tul.) Warb. Flacourtia heterophylla Turcz. Flacourtia sapida Roxb. Gmelina indica Burm.f.,Flacourtiaceae,flacourtiaceae,,,NORMALIZED_ONLY,HIGH,https://mpbd.cu.ac.bd/plants.php?pageno=55,2026-09-22T16:27:37.377882+00:00
ae6b9f0bbb86b92b,Firmiana COLORATA R. Br.,firmiana colorata r. br.,Erythropsis colorata (Roxb.) Burkill Firmiana rubriflora Kosterm. Karaka colorata (Roxb.) Raf. Sterculia colorata Roxb.,Sterculiaceae,sterculiaceae,,,NORMALIZED_ONLY,HIGH,https://mpbd.cu.ac.bd/plants.php?pageno=55,2026-09-22T16:27:37.377882+00:00
b73778a1a703736c,Ficus SEMICORDATA Buch.-Ham. ex Smith.,ficus semicordata buch.-ham. ex smith.,Covellia cunia (B.Ham. ex Roxb.) Miq Covellia inaequiloba Miq. Ficus cunia Buch.-Ham. ex Roxb. Ficus hapalophylla Kurz,Moraceae,moraceae,,,NORMALIZED_ONLY,HIGH,https://mpbd.cu.ac.bd/plants.php?pageno=55,2026-09-22T16:27:37.377882+00:00
855663b48818df1a,Ficus RELIGIOSA L.,ficus religiosa l.,Ficus caudata Stokes Ficus peepul Griff. Ficus superstitiosa Link Urostigma religiosum (L.) Gasp.,Moraceae,moraceae,,,NORMALIZED_ONLY,HIGH,https://mpbd.cu.ac.bd/plants.php?pageno=55,2026-09-22T16:27:37.377882+00:00
8767e068fbbd5d04,Ficus RACEMOSA L.,ficus racemosa l.,Covellia glomerata (Roxb.) Miq. Ficus chittagonga Miq. Ficus glomerata Roxb. Ficus lucescens Blume,Moraceae,moraceae,,,POTENTIAL_DUPLICATE,MEDIUM,https://mpbd.cu.ac.bd/plants.php?pageno=55,2026-09-22T16:27:37.377882+00:00
7093d17e29704ec0,Ficus HISPIDA L. f.,ficus hispida l. f.,Covellia hispida (L.f.) Miq. Ficus fecunda Blume Ficus oppositifolia Willd. Gonosuke scaber Raf.,Moraceae,moraceae,,,NORMALIZED_ONLY,HIGH,https://mpbd.cu.ac.bd/plants.php?pageno=55,2026-09-22T16:27:37.377882+00:00
2d47e4b7c8ba051f,Ficus BENJAMINA L. var. comosa (Roxb.) Kurz.,ficus benjamina l. var. comosa (roxb.) kurz.,Ficus comosa Roxb. Ficus nuda (Miq.) Miq. Ficus reclinata Desf. Urostigma nudum Ms.,Moraceae,moraceae,,,NORMALIZED_ONLY,HIGH,https://mpbd.cu.ac.bd/plants.php?pageno=55,2026-09-22T16:27:37.377882+00:00
f89a889a3c8cc273,Ficus BENGHALENSIS L.,ficus benghalensis l.,Ficus banyana Oken Ficus cotoneifolia Vahl Ficus procera Salisb. Urostigma benghalense (L.) Gasp.,Moraceae,moraceae,,,NORMALIZED_ONLY,HIGH,https://mpbd.cu.ac.bd/plants.php?pageno=55,2026-09-22T16:27:37.377882+00:00
3d0900bbdd65e0ce,Feronia LIMONIA (L.) Sw.,feronia limonia (l.) sw.,F. elephantum Corr.,Rutaceae,rutaceae,,,NORMALIZED_ONLY,HIGH,https://mpbd.cu.ac.bd/plants.php?pageno=56,2026-09-22T16:27:38.921241+00:00
d19e6ff3a21efb7d,Shirakiopsis indica (Willd.) Esser,shirakiopsis indica (willd.) esser,Excoecaria indica (Willd.) Müll.Arg. Sapium hurmais Buch.-Ham. Shirakia indica (Willd.) Hurus. Stillingia indica (Willd.) Oken,Euphorbiaceae,euphorbiaceae,,,NORMALIZED_ONLY,HIGH,https://mpbd.cu.ac.bd/plants.php?pageno=56,2026-09-22T16:27:38.921241+00:00
ca910afac448a154,Excoecaria AGALLOCHA L.,excoecaria agallocha l.,Commia cochinchinensis Lour. Excoecaria affinis Endl. Excoecaria camettia Willd. Stillingia agallocha (L.) Baill.,Euphorbiaceae,euphorbiaceae,,,NORMALIZED_ONLY,HIGH,https://mpbd.cu.ac.bd/plants.php?pageno=56,2026-09-22T16:27:38.921241+00:00
4590c84e2edb5872,Euryale FEROX Salisb.,euryale ferox salisb.,Anneslea spinosa Andrews Euryale indica Planch.,Nymphaeaceae,nymphaeaceae,,,POTENTIAL_DUPLICATE,MEDIUM,https://mpbd.cu.ac.bd/plants.php?pageno=56,2026-09-22T16:27:38.921241+00:00
076c84cbff43aa2b,Eurya ACUMINATA DC.,eurya acuminata dc.,Eurya angustifolia (Blume) Walp. Eurya blumeana Korth. Eurya hirsutula Miq. Geeria serrata Blume,Theaceae,theaceae,,,NORMALIZED_ONLY,HIGH,https://mpbd.cu.ac.bd/plants.php?pageno=56,2026-09-22T16:27:38.921241+00:00
53590d773e45aa0a,Euphorbia TIRUCALLI L.,euphorbia tirucalli l.,Euphorbia laro Drake Euphorbia scoparia N.E.Br. Tirucalia indica Raf. Tirucalia tirucalli (L.) P.V.Heath,Euphorbiaceae,euphorbiaceae,,,NORMALIZED_ONLY,HIGH,https://mpbd.cu.ac.bd/plants.php?pageno=56,2026-09-22T16:27:38.921241+00:00
6df75b6c18c7c7c4,Euphorbia THYMIFOLIA Burm. f.,euphorbia thymifolia burm. f.,Aplarina microphylla (Lam.) Raf. Chamaesyce thymifolia (L.) Millsp. Euphorbia microphylla Lam. Euphorbia rubicunda Blume,Euphorbiaceae,euphorbiaceae,,,NORMALIZED_ONLY,HIGH,https://mpbd.cu.ac.bd/plants.php?pageno=56,2026-09-22T16:27:38.921241+00:00
5bc9677a6ba8c4ec,Euphorbia HIRTA L.,euphorbia hirta l.,Chamaesyce hirta (L.) Millsp. Desmonema hirta (L.) Raf. Euphorbia capitata Lam. Euphorbia gemella Lag.,Euphorbiaceae,euphorbiaceae,,,NORMALIZED_ONLY,HIGH,https://mpbd.cu.ac.bd/plants.php?pageno=56,2026-09-22T16:27:38.921241+00:00
0a78d956e8e3b3bf,Euphorbia ANTIQUORUM L.,euphorbia antiquorum l.,Euphorbia antiquorum var. polygona Wight Euphorbia mayuranathanii Croizat Tithymalus antiquorus (L.) Moench,Euphorbiaceae,euphorbiaceae,,,NORMALIZED_ONLY,HIGH,https://mpbd.cu.ac.bd/plants.php?pageno=56,2026-09-22T16:27:38.921241+00:00
db8f7a34c6d19050,Ayapana triplinervis (Vahl) R.M.King & H.Rob.,ayapana triplinervis (vahl) r.m.king & h.rob.,Eupatorium luzoniense Llanos Eupatorium triplinerve Vahl Eupatorium triplinerve Blume,Asteraceae,asteraceae,,,NORMALIZED_ONLY,HIGH,https://mpbd.cu.ac.bd/plants.php?pageno=56,2026-09-22T16:27:38.921241+00:00
623a51f22589529c,Eupatorium ODORATUM L.,eupatorium odoratum l.,-,Asteraceae,asteraceae,,,NORMALIZED_ONLY,HIGH,https://mpbd.cu.ac.bd/plants.php?pageno=57,2026-09-22T16:27:40.449393+00:00
0dbbfc3ff92d5851,Graphorchis campestris (Wall.) Kuntze,graphorchis campestris (wall.) kuntze,Eulophia campestris Wall.,Orchidaceae,orchidaceae,,,NORMALIZED_ONLY,HIGH,https://mpbd.cu.ac.bd/plants.php?pageno=57,2026-09-22T16:27:40.449393+00:00
9142eea1bf5461b1,Etlingera LINGUIFORMIS (Roxb.) R.M. Smith,etlingera linguiformis (roxb.) r.m. smith,Alpinia linguiformis Roxb. Amomum linguiforme (Roxb.) Baker Cardamomum linguiforme (Roxb.) Kuntze Elettaria linguiformis (Roxb.) Schult. Hornstedtia linguiformis (Roxb.) K.Schum.,Zingiberaceae,zingiberaceae,,,NORMALIZED_ONLY,HIGH,https://mpbd.cu.ac.bd/plants.php?pageno=57,2026-09-22T16:27:40.449393+00:00
506ed35157f3a1b6,Erythrina VARIEGATA L. var. orientalis (L.) Merr.,erythrina variegata l. var. orientalis (l.) merr.,Chirocalyx indicus Walp. Erythrina picta L. Gelala alba Rumphius Tetradapa javanorum Osbeck,Fabaceae,fabaceae,,,NORMALIZED_ONLY,HIGH,https://mpbd.cu.ac.bd/plants.php?pageno=57,2026-09-22T16:27:40.449393+00:00
999551fc8acff4fc,Hippochaete debilis (Roxb. ex Vaucher) Ching.,hippochaete debilis (roxb. ex vaucher) ching.,Equisetum debile Roxb. ex Vaucher Hippochaete debilis (Roxb. ex Vaucher) Holub,Equisetaceae,equisetaceae,,,NORMALIZED_ONLY,HIGH,https://mpbd.cu.ac.bd/plants.php?pageno=57,2026-09-22T16:27:40.449393+00:00
8cdf9e8045c989ba,Entada rheedii Spreng.,entada rheedii spreng.,Acacia scandens Auct. Non Willd. Adenanthera gogo Blanco Entada pursaetha DC. Mimosa entada L.,Mimosaceae,mimosaceae,,,NORMALIZED_ONLY,HIGH,https://mpbd.cu.ac.bd/plants.php?pageno=57,2026-09-22T16:27:40.449393+00:00
0d568541e9203015,Cissampelos PAREIRA L. Var. hirsuta (Buch. ex Dc.) Forman,cissampelos pareira l. var. hirsuta (buch. ex dc.) forman,Cissampelos hirsuta Buch.-Ham.ex DC. Cissampelos auriculata Miers Cissampelos reticulata Borhidi Cissampelos tomentosa Dc. Cyclea madagascariensis Baill.,Menispermaceae,menispermaceae,,,NORMALIZED_ONLY,HIGH,https://mpbd.cu.ac.bd/plants.php?pageno=57,2026-09-22T16:27:40.449393+00:00
733b8709ac774ae9,Cissus ADNATA Roxb.,cissus adnata roxb.,Cissus vitiginea sensu Roxb. Vitis pellida Weight & Arn. Cissus latifolia Vahl Cissus simplex Blanco Vitis adnata (Roxb.) Wall. Vitis simplex (Blanco) Burkill,Vitaceae,vitaceae,,,NORMALIZED_ONLY,HIGH,https://mpbd.cu.ac.bd/plants.php?pageno=57,2026-09-22T16:27:40.449393+00:00
32a0936e4fc9288d,Enhydra FLUCTUANS Lour.,enhydra fluctuans lour.,Enydra fluctuansLour.,Asteraceae,asteraceae,,,NORMALIZED_ONLY,HIGH,https://mpbd.cu.ac.bd/plants.php?pageno=57,2026-09-22T16:27:40.449393+00:00
dbeae08aa42f2ff8,Emilia SONCHIFOLIA DC. ex DC.,emilia sonchifolia dc. ex dc.,Cacalia sonchifolia Hort ex L. Emilia javanica (Burm.f.) C.B.Rob. Gynura ecalyculata DC. Senecio sonchifolius (L.) Moench,Asteraceae,asteraceae,,,NORMALIZED_ONLY,HIGH,https://mpbd.cu.ac.bd/plants.php?pageno=57,2026-09-22T16:27:40.449393+00:00
6ab7ff6ca0cbebc5,Embelia RIBES Burm. f.,embelia ribes burm. f.,Antidesma grossularia Raeusch. Ardisia tenuiflora Blume Calispermum scandens Lam. Embelia indica J.F.Gmel. Ribesiodes ribes (Burm. f.) Kuntze Samara ribes (Burm. f.) Benth. & Hook. f. ex Kurz,Myrsinaceae,myrsinaceae,,,NORMALIZED_ONLY,HIGH,https://mpbd.cu.ac.bd/plants.php?pageno=58,2026-09-22T16:27:42.001539+00:00
dbdaa65f701a98cd,Elsholtzia stachyodes (Link) Raizada & H.O.Saxena,elsholtzia stachyodes (link) raizada & h.o.saxena,Aphanochilus paniculatus Benth. Elsholtzia incisa Benth. Hyptis stachyodes Link Mentha blanda DC. Nepeta imobus Buch.-Ham. ex D.Don Perilla leptostachya D.Don,Lamiaceae,lamiaceae,,,NORMALIZED_ONLY,HIGH,https://mpbd.cu.ac.bd/plants.php?pageno=58,2026-09-22T16:27:42.001539+00:00
9fed327e842f5442,Eleusine INDICA (L.) Gaertn.,eleusine indica (l.) gaertn.,Agropyron geminatum Schult. & Schult.f. Cynodon indicus (L.) Raspail Eleusine japonica Steud. Juncus loureiroana Schult. & Schult.f. Leptochloa pectinata (Lam.) Kunth Triticum geminatum Spreng.,Poaceae,poaceae,,,NORMALIZED_ONLY,HIGH,https://mpbd.cu.ac.bd/plants.php?pageno=58,2026-09-22T16:27:42.001539+00:00
1e84c5039282242d,Elephantopus SCABER L.,elephantopus scaber l.,Elephantopus carolinensis G.Mey. Elephantopus scaber var. scaber Elephantopus sordidus Salisb. Scabiosa cochinchinensis Lour.,Asteraceae,asteraceae,,,NORMALIZED_ONLY,HIGH,https://mpbd.cu.ac.bd/plants.php?pageno=58,2026-09-22T16:27:42.001539+00:00
1f2e38dcb0158289,Elaeocarpus SPHAERICUS (Gaertn.) K. Schum.,elaeocarpus sphaericus (gaertn.) k. schum.,Elaeocarpus barnardii Burkill Elaeocarpus malabaricus Oken Ganitrus roxburghii Wight Ganitrus sphaerica Gaertn.,Elaeocarpaceae,elaeocarpaceae,,,NORMALIZED_ONLY,HIGH,https://mpbd.cu.ac.bd/plants.php?pageno=58,2026-09-22T16:27:42.001539+00:00
11db062650f2e7e2,Elaeocarpus FLORIBUNDUS Blume.,elaeocarpus floribundus blume.,Elaeocarpus seratus L. Elaeocarpus floribundus var. tahanensis (Hend.) NG Elaeocarpus lobbianus Turcz. Elaeocarpus pseudosepicanus O.C.Schmidt Elaeocarpus tahanensis m.R.Hend.,Elaeocarpaceae,elaeocarpaceae,,,NORMALIZED_ONLY,HIGH,https://mpbd.cu.ac.bd/plants.php?pageno=58,2026-09-22T16:27:42.001539+00:00
f1d0b1f8eab08710,Eichhornia CRASSIPES (Mart.) Solms.,eichhornia crassipes (mart.) solms.,Eichhornia crassicaulis Schltr. Heteranthera formosa Miq. Piaropus mesomelas Raf. Pontederia crassipes Mart.,Pontederiaceae,pontederiaceae,,,NORMALIZED_ONLY,HIGH,https://mpbd.cu.ac.bd/plants.php?pageno=58,2026-09-22T16:27:42.001539+00:00
7c590ed0e9bb9a4b,Ecbolium VIRIDE (Forsk.) Alst.,ecbolium viride (forsk.) alst.,Ecbolium linneanum var. rotundifolium (Nees)C.B.Clarke Ecbolium viride var. chandrasekariana Remadevi & Binojk.,Acanthaceae,acanthaceae,,,NORMALIZED_ONLY,HIGH,https://mpbd.cu.ac.bd/plants.php?pageno=58,2026-09-22T16:27:42.001539+00:00
f834119288eb87d4,Dysoxylum HAMILTONII Hiern.,dysoxylum hamiltonii hiern.,Guarea alliaria Ham.,Meliaceae,meliaceae,,,NORMALIZED_ONLY,HIGH,https://mpbd.cu.ac.bd/plants.php?pageno=58,2026-09-22T16:27:42.001539+00:00
6167e48da35ecacb,Pogostemon auricularius (L.) Hassk.,pogostemon auricularius (l.) hassk.,Dysophylla auricularia (L.) Blume Eusteralis auricularia (L.) M.R.Almeida Mentha auricularia L. Mentha foetida Burm.f.,Lamiaceae,lamiaceae,,,NORMALIZED_ONLY,HIGH,https://mpbd.cu.ac.bd/plants.php?pageno=59,2026-09-22T16:27:43.529321+00:00
35c3032afab895ac,Putranjiva roxburghii Wall.,putranjiva roxburghii wall.,Drypetes roxburghii (Wall.) Hurus. Nageia putranjiva Roxb. Putranjiva amblyocarpa Müll.Arg. Pycnosandra timorensis Blume,Euphorbiaceae,euphorbiaceae,,,NORMALIZED_ONLY,HIGH,https://mpbd.cu.ac.bd/plants.php?pageno=59,2026-09-22T16:27:43.529321+00:00
60d1b5be1bce0468,Drynaria QUERCIFOLIA (L.) J. Sm.,drynaria quercifolia (l.) j. sm.,Polypodium quercifolium L.,Drynariaceae,drynariaceae,,,NORMALIZED_ONLY,HIGH,https://mpbd.cu.ac.bd/plants.php?pageno=59,2026-09-22T16:27:43.529321+00:00
1a6b9739486c8d23,Drosera BURMANII Vahl.,drosera burmanii vahl.,Drosera burmanni var. dietrichiana (Rchb.f.) Diels Drosera dietrichiana Rchb.f. Drosera indica var. dietrichiana (Rchb.f.) Diels,Droseraceae,droseraceae,,,NORMALIZED_ONLY,HIGH,https://mpbd.cu.ac.bd/plants.php?pageno=59,2026-09-22T16:27:43.529321+00:00
1d60aa0519af9af4,Dodonaea VISCOSA (L.) Jacq.,dodonaea viscosa (l.) jacq.,Dodonaea angustifolia L. Dodonaea latifolia Salisb. Dodonaea pallida Miq. Dodonaea spatulata SM. Ptelea viscosa L.,Sapindaceae,sapindaceae,,,NORMALIZED_ONLY,HIGH,https://mpbd.cu.ac.bd/plants.php?pageno=59,2026-09-22T16:27:43.529321+00:00
fc398ac2a1b2c2c9,Dipterocarpus TURBINATUS C.F Gaertn.,dipterocarpus turbinatus c.f gaertn.,Dipterocarpus jourdainii Pierre Dipterocarpus laevis Buch.-Ham. Dipterocarpus mayapis Blanco Dipterocarpus turbinatus var. ramipiliferus Y.K. Yang & J.K. WU,Dipterocarpaceae,dipterocarpaceae,,,NORMALIZED_ONLY,HIGH,https://mpbd.cu.ac.bd/plants.php?pageno=59,2026-09-22T16:27:43.529321+00:00
45157b666859a320,Dipterocarpus GRACILIS Bl.,dipterocarpus gracilis bl.,Anisoptera palembanica Miq. Dipterocarpus angustialatus Heim Dipterocarpus hispidus Fern.-Vill. Dipterocarpus velutinus S.Vidal,Dipterocarpaceae,dipterocarpaceae,,,NORMALIZED_ONLY,HIGH,https://mpbd.cu.ac.bd/plants.php?pageno=59,2026-09-22T16:27:43.529321+00:00
a086b7345eb83bdf,Dipterocarpus ALATUS Roxb. ex G. Don.,dipterocarpus alatus roxb. ex g. don.,Dipterocarpus gonopterus Turcz. Dipterocarpus incanus Roxb. Dipterocarpus philippinensis Foxw.,Dipterocarpaceae,dipterocarpaceae,,,NORMALIZED_ONLY,HIGH,https://mpbd.cu.ac.bd/plants.php?pageno=59,2026-09-22T16:27:43.529321+00:00
95e764b7fb353a9f,Diploclisia GLAUCESCENS (Bl.) Diels.,diploclisia glaucescens (bl.) diels.,Cebatha macrocarpa (Wight & Arn.) Kuntze Cocculus macrocarpus Wight & Arn. Diploclisia inclyta Miers Diploclisia lepida Miers,Menispermaceae,menispermaceae,,,NORMALIZED_ONLY,HIGH,https://mpbd.cu.ac.bd/plants.php?pageno=59,2026-09-22T16:27:43.529321+00:00
a23455a3eae98fb8,Diospyros MONTANA Roxb. Var. CORDIFOLIA (Roxb.) Heirn.,diospyros montana roxb. var. cordifolia (roxb.) heirn.,Diospyros bracteata Roxb. Diospyros cordifolia Roxb. Diospyros microcarpa Span. Diospyros punctata Decne.,Ebenaceae,ebenaceae,,,NORMALIZED_ONLY,HIGH,https://mpbd.cu.ac.bd/plants.php?pageno=59,2026-09-22T16:27:43.529321+00:00
a3ae859b03f52474,Diospyros MALABARICA (Desr.) Kostel,diospyros malabarica (desr.) kostel,Diospyros biflora Blanco Diospyros citrifolia Wall. ex A.DC. Embryopteris gelatinifera G.Don Embryopteris glutinifolia Link. Embryopteris peregrina Gaertn.,Ebenaceae,ebenaceae,,,NORMALIZED_ONLY,HIGH,https://mpbd.cu.ac.bd/plants.php?pageno=60,2026-09-22T16:27:45.062252+00:00
47c51c21b25bfe8f,Diosocorea PENTAPHYLLA L.,diosocorea pentaphylla l.,Botryosicyos pentaphyllus (L.) Hochst. Dioscorea digitata Mill. Dioscorea spinosa Burm. Ubium quadrifarium J.F.Gmel.,Dioscoreaceae,dioscoreaceae,,,NORMALIZED_ONLY,HIGH,https://mpbd.cu.ac.bd/plants.php?pageno=60,2026-09-22T16:27:45.062252+00:00
5300b028a27b9a5f,Dioscorea HISPIDA Dennstedt,dioscorea hispida dennstedt,Dioscorea daemona Roxb. Dioscorea hirsuta Dennst. Dioscorea triphylla L. Helmia daemona (Roxb.) Kunth Helmia hirsuta (Blume) Kunth,Dioscoreaceae,dioscoreaceae,,,NORMALIZED_ONLY,HIGH,https://mpbd.cu.ac.bd/plants.php?pageno=60,2026-09-22T16:27:45.062252+00:00
9b4889d8420a1aa7,Dioscorea HAMILTONII Hook. f.,dioscorea hamiltonii hook. f.,Dioscorea persimilis Prain & Burkill Dioscorea persimilis var. pubescens C.T.Ting & M.C.Chang Dioscorea persimilis var. wukangensis Hand.-Mazz. Dioscorea raishaensis Hayata,Dioscoreaceae,dioscoreaceae,,,NORMALIZED_ONLY,HIGH,https://mpbd.cu.ac.bd/plants.php?pageno=60,2026-09-22T16:27:45.062252+00:00
d8f2f155be8c814f,Dioscorea BULBIFERA L.,dioscorea bulbifera l.,Dioscorea crispata Roxb. Dioscorea heterophylla Roxb. Helmia bulbifera (L.) Kunth Polynome bulbifera (L.) Salisb.,Dioscoreaceae,dioscoreaceae,,,NORMALIZED_ONLY,HIGH,https://mpbd.cu.ac.bd/plants.php?pageno=60,2026-09-22T16:27:45.062252+00:00
042a20131e267826,Dioscorea BELOPHYLLA (Prain) Haines,dioscorea belophylla (prain) haines,Dioscorea nummularia var. belophyllaprain,Dioscoriaceae,dioscoriaceae,,,NORMALIZED_ONLY,HIGH,https://mpbd.cu.ac.bd/plants.php?pageno=60,2026-09-22T16:27:45.062252+00:00
a294cb8d216eb24e,Dioscorea ALATA L.,dioscorea alata l.,Dioscorea javanica Queva Dioscorea purpurea Roxb. Elephantodon eburnea (Lour.) Salisb. Polynome alata (L.) Salisb.,Dioscoreaceae,dioscoreaceae,,,NORMALIZED_ONLY,HIGH,https://mpbd.cu.ac.bd/plants.php?pageno=60,2026-09-22T16:27:45.062252+00:00
96f5d782b8aaa5f4,Dimocarpus LONGAN Lamk.,dimocarpus longan lamk.,Dimocarpus undulatus Wight Euphoria longana Lam. Euphoria microcarpa Radlk. Nephelium longan (Lour.) Hook.,Sapindaceae,sapindaceae,,,NORMALIZED_ONLY,HIGH,https://mpbd.cu.ac.bd/plants.php?pageno=60,2026-09-22T16:27:45.062252+00:00
a79d5a8744db7efd,Dillenia PENTAGYNA Roxb.,dillenia pentagyna roxb.,Colbertia augusta Wall. ex G.Don Dillenia augusta Roxb. Dillenia baillonii Pierre ex Laness. Dillenia minor (Zoll. & Moritzi) Gilg,Dilleniaceae,dilleniaceae,,,NORMALIZED_ONLY,HIGH,https://mpbd.cu.ac.bd/plants.php?pageno=60,2026-09-22T16:27:45.062252+00:00
ef64c9478b7f6054,Dillenia INDICA L.,dillenia indica l.,Dillenia elongata Miq. Dillenia indica f. elongata (Miq.) Miq.,Dilleniaceae,dilleniaceae,,,POTENTIAL_DUPLICATE,MEDIUM,https://mpbd.cu.ac.bd/plants.php?pageno=60,2026-09-22T16:27:45.062252+00:00
31dc2d7b5a64554a,Digera ALTERNIFOLIA Asch.,digera alternifolia asch.,Digeramuricata(L.) Mart. Digera arvensis Forsk. Achyranthes muricata L.,Amaranthaceae,amaranthaceae,,,NORMALIZED_ONLY,HIGH,https://mpbd.cu.ac.bd/plants.php?pageno=61,2026-09-22T16:27:46.588995+00:00
fa921d4f28094803,Desmodium TRIFLORUM (L.) DC.,desmodium triflorum (l.) dc.,Aeschynomene triflora Poir. Desmodium albiflorum Cordem. Meibomia triflora (L.) Kuntze Nicolsonia triflora Griseb. Pleurolobus triflorus J.ST.-Hil.,Fabeceae,fabeceae,,,NORMALIZED_ONLY,HIGH,https://mpbd.cu.ac.bd/plants.php?pageno=61,2026-09-22T16:27:46.588995+00:00
c1e1bcd3f1c7acd0,Desmodium styracifolium (Osbeck) Merr.,desmodium styracifolium (osbeck) merr.,Desmodium retroflexum (L.) DC. Hedysarum capitatum Burm.f. Meibomia capitata (Burm.f.) Kuntze Nicolsonia styracifolia Desv. Uraria retroflexa Drake,Fabeceae,fabeceae,,,NORMALIZED_ONLY,HIGH,https://mpbd.cu.ac.bd/plants.php?pageno=61,2026-09-22T16:27:46.588995+00:00
37202bb02d21f929,Phyllodium PULCHELLUM (L.) Desv.,phyllodium pulchellum (l.) desv.,Desmodium pulchellum (L.) Benth. Dicerma pulchellum (L.) DC. Hedysarum pulchellum L. Meibomia pulchella (L.) Kuntze Zornia pulchella (L.) Pers.,Fabeceae,fabeceae,,,NORMALIZED_ONLY,HIGH,https://mpbd.cu.ac.bd/plants.php?pageno=61,2026-09-22T16:27:46.588995+00:00
91231bcea7ca52d2,Desmodium HETEROCARPON (L.) A. DC.,desmodium heterocarpon (l.) a. dc.,Desmodium buergeri Miq. Desmodium toppinii Schindl. Hedysarum polycarpum Poir. Meibomia heterocarpa (L.) Kuntze,Fabeceae,fabeceae,,,NORMALIZED_ONLY,HIGH,https://mpbd.cu.ac.bd/plants.php?pageno=61,2026-09-22T16:27:46.588995+00:00
1fce6f82d8ed7368,Desmodium GANGETICUM (L.) DC.,desmodium gangeticum (l.) dc.,Aeschynomene maculata (L.) Poir. Desmodium cavaleriei H.Lev. Hedysarum collinum Roxb. Meibomia gangetica (L.) Kuntze Pleurolobus gangeticus J.ST.-Hil.,Fabeceae,fabeceae,,,NORMALIZED_ONLY,HIGH,https://mpbd.cu.ac.bd/plants.php?pageno=61,2026-09-22T16:27:46.588995+00:00
b214d5757076a7e6,Derris TRIFOLIATA Lour.,derris trifoliata lour.,Derris uliginosa Benth. Dalbergia heterophylla Willd. Deguelia trifoliata (Lour.) Taub. Derris affinis Benth. Pterocarpus frutescens Blanco Robinia uliginosa Willd.,Fabeceae,fabeceae,,,NORMALIZED_ONLY,HIGH,https://mpbd.cu.ac.bd/plants.php?pageno=61,2026-09-22T16:27:46.588995+00:00
271669a70de175c6,Derris ROBUSTA Benth.,derris robusta benth.,Brachypterum platyphyllum Miq Dalbergia robusta DC. Deguelia robusta (Roxb.) Taub. Derris polyphylla (Miq.) Benth. Pterocarpus robusta (Roxb. ex DC.) Kuntze,Fabeceae,fabeceae,,,NORMALIZED_ONLY,HIGH,https://mpbd.cu.ac.bd/plants.php?pageno=61,2026-09-22T16:27:46.588995+00:00
1ce81cafbefa98a6,Derris INDICA (Lamk.) Bennet.,derris indica (lamk.) bennet.,Pongamia pinnata(L.) Pierre. Pongamia glabra Vent.,Fabaceae,fabaceae,,,NORMALIZED_ONLY,HIGH,https://mpbd.cu.ac.bd/plants.php?pageno=61,2026-09-22T16:27:46.588995+00:00
4b30586121066f09,Derris ELLIPTICA Benth.,derris elliptica benth.,Cylista piscatoria Blanco Galedupa elliptica Roxb. Millettia piscatoria Merr. Pongamia elliptica Wall.,Fabeceae,fabeceae,,,NORMALIZED_ONLY,HIGH,https://mpbd.cu.ac.bd/plants.php?pageno=61,2026-09-22T16:27:46.588995+00:00
53c76d540776c064,Dendrophthoe FALCATA (L. f.) Ett.,dendrophthoe falcata (l. f.) ett.,Dendrophthoe bicolor (Roxb.) Mart. Dendrophthoe cordifolia (Wall.) Mart. Etubila longiflora (Desr.) Raf. Loranthus amplexifolius DC.,Loranthaceae,loranthaceae,,,NORMALIZED_ONLY,HIGH,https://mpbd.cu.ac.bd/plants.php?pageno=62,2026-09-22T16:27:48.116014+00:00
ca7f2964dae69b7c,Dendrocalamus STRICTUS (Roxb.) Nees.,dendrocalamus strictus (roxb.) nees.,Bambos stricta Roxb. Bambusa stricta (Roxb.) Roxb. Dendrocalamus strictus var. prainianus Gamble Nastus strictus (Roxb.) SM.,Poaceae,poaceae,,,NORMALIZED_ONLY,HIGH,https://mpbd.cu.ac.bd/plants.php?pageno=62,2026-09-22T16:27:48.116014+00:00
7692781ddb5952d8,Daucus CAROTA L.,daucus carota l.,Caucalis carota (L.) Crantz Daucus alatus Poir. Daucus allionii Link,Apiaceae,apiaceae,,,NORMALIZED_ONLY,HIGH,https://mpbd.cu.ac.bd/plants.php?pageno=62,2026-09-22T16:27:48.116014+00:00
bcc1f06d8753c765,Datura METEL L.,datura metel l.,Brugmansia waymanii Paxton Datura alba Rumph. ex Nees Datura dubia Rich. Datura nigra Hassk.,Solanaceae,solanaceae,,,NORMALIZED_ONLY,HIGH,https://mpbd.cu.ac.bd/plants.php?pageno=62,2026-09-22T16:27:48.116014+00:00
067db8a3dc2784fd,Dalbergia VOLUBILIS Roxb.,dalbergia volubilis roxb.,"Amerimnon volubile (Roxb.) Kuntze Dalbergia confertiflora ""Benth. P.P."" Dalbergia purpurea ""Benth. P.P."" Dalbergia volubilis var. volubilis",Fabaceae,fabaceae,,,NORMALIZED_ONLY,HIGH,https://mpbd.cu.ac.bd/plants.php?pageno=62,2026-09-22T16:27:48.116014+00:00
bebe76b7b9853eec,Dalbergia STIPULACEA Roxb.,dalbergia stipulacea roxb.,Amerimnon ferrugineum Kuntze Dalbergia ferruginea Roxb. Dalbergia limonensis Benth. Dalbergia stipulaceae Fern.-Vill.,Fabaceae,fabaceae,,,NORMALIZED_ONLY,HIGH,https://mpbd.cu.ac.bd/plants.php?pageno=62,2026-09-22T16:27:48.116014+00:00
e45f09d9c17aecc0,Dalbergia SPINOSA Roxb.,dalbergia spinosa roxb.,Amerimnum horsidum Dennst. Amerimnum spinosum (Roxb.) Kuntze Dalbergia horrida Graham Drepanocarpus spinosus (Roxb.) Kurz,Fabaceae,fabaceae,,,NORMALIZED_ONLY,HIGH,https://mpbd.cu.ac.bd/plants.php?pageno=62,2026-09-22T16:27:48.116014+00:00
6d519b03f1cba53c,Dalbergia SISSOO Roxb.,dalbergia sissoo roxb.,Amerimnon sissoo (Roxb.) Kuntze,Fabaceae,fabaceae,,,NORMALIZED_ONLY,HIGH,https://mpbd.cu.ac.bd/plants.php?pageno=62,2026-09-22T16:27:48.116014+00:00
ce58bd2a4193ee61,Dalbergia LATIFOLIA Roxb.,dalbergia latifolia roxb.,Amerimnon latifolium (Roxb.) Kuntze Dalbergia emarginata Roxb.,Fabaceae,fabaceae,,,NORMALIZED_ONLY,HIGH,https://mpbd.cu.ac.bd/plants.php?pageno=62,2026-09-22T16:27:48.116014+00:00
1a53aae86e9ecab5,Dalbergia LANCEOLARIA L.,dalbergia lanceolaria l.,Amerimnon lanceolarium (L.f.) Kuntze Dalbergia arborea B.Heyne Dalbergia frondosa DC. Dalbergia lanceolaria subsp. lanceolaria,Fabaceae,fabaceae,,,NORMALIZED_ONLY,HIGH,https://mpbd.cu.ac.bd/plants.php?pageno=62,2026-09-22T16:27:48.116014+00:00
dae057e3d10bd838,Dactyloctenium AEGYPTIUM (L.) Beauv.,dactyloctenium aegyptium (l.) beauv.,Eleusine aegyptiaca L. Aegilops saccharina Walter Chloris mucronata Michx. Eleusine prostrata Spreng. Rabdochloa mucronata (Michx.) P.Beauv.,Poaceae,poaceae,,,NORMALIZED_ONLY,HIGH,https://mpbd.cu.ac.bd/plants.php?pageno=63,2026-09-22T16:27:49.648749+00:00
b6e05ccd9fcc61e9,Cyperus SCARIOSUS Br.,cyperus scariosus br.,Cyperus corymbosus var. scariosus (R.BR.) Kük.,Cyperaceae,cyperaceae,,,NORMALIZED_ONLY,HIGH,https://mpbd.cu.ac.bd/plants.php?pageno=63,2026-09-22T16:27:49.648749+00:00
4f91d682f408564b,Cyperus ROTUNDUS L.,cyperus rotundus l.,Chlorocyperus rotundus (L.) Palla Cyperus bicolor Vahl Cyperus hydra Michx. Pycreus rotundus (L.) Hayek Schoenus tuberosus Burm.f.,Cyperaceae,cyperaceae,,,NORMALIZED_ONLY,HIGH,https://mpbd.cu.ac.bd/plants.php?pageno=63,2026-09-22T16:27:49.648749+00:00
c9411ba6701995db,Cyperus IRIA L.,cyperus iria l.,Chlorocyperus iria (L.) Rikli Cyperus diaphaniria Steud. Cyperus panicoides Lam. Cyperus santonici Rottb.,Cyperaceae,cyperaceae,,,NORMALIZED_ONLY,HIGH,https://mpbd.cu.ac.bd/plants.php?pageno=63,2026-09-22T16:27:49.648749+00:00
c673bf046dab7daf,Cyperus ARTICULATUS L.,cyperus articulatus l.,Chlorocyperus articulatus (L.) Rikli Cyperus borbonicus Steud. Cyperus gymnos Schult. Papyrus pangorei Nees,Cyperaceae,cyperaceae,,,NORMALIZED_ONLY,HIGH,https://mpbd.cu.ac.bd/plants.php?pageno=63,2026-09-22T16:27:49.648749+00:00
1834cd8f5ebbddee,Cynometra RAMIFLORA L.,cynometra ramiflora l.,Cynometra bijuga Span. Cynometra hosinoi Kaneh. Cynometra ramiflora var. ramiflora Cynometra whitfordii Elmer Maniltoa carolinensis (Kaneh.) Hosok.,Caesalpinaeae,caesalpinaeae,,,NORMALIZED_ONLY,HIGH,https://mpbd.cu.ac.bd/plants.php?pageno=63,2026-09-22T16:27:49.648749+00:00
5127b176b81982de,Cynodon DACTYLON (L.)Pers.,cynodon dactylon (l.)pers.,Agrostis stellata Willd. Chloris maritima Trin. Cynodon linearis Willd. Digitaria dactylon (L.) Scop. Fibichia umbellata F. Major Beck Milium dactylon (L.) Moench Phleum dactylon (L.) Georgi,Poaceae,poaceae,,,NORMALIZED_ONLY,HIGH,https://mpbd.cu.ac.bd/plants.php?pageno=63,2026-09-22T16:27:49.648749+00:00
9d1ae0ae7d87cc2c,Cymbopogon CITRATUS (DC.) Stapf.,cymbopogon citratus (dc.) stapf.,Andropogon ceriferus Hack. Andropogon citratus DC. Andropogon fragrans C.Cordem. Andropogon roxburghii Nees ex Steud.,Poaceae,poaceae,,,NORMALIZED_ONLY,HIGH,https://mpbd.cu.ac.bd/plants.php?pageno=63,2026-09-22T16:27:49.648749+00:00
8cbdf994909c3d66,Cymbidium ALOIFOLIUM (L.) Sw.,cymbidium aloifolium (l.) sw.,Aerides borassii Buch.-Ham. ex Sm. Cymbidium simulans Rolfe Epidendrum aloides Curtis Epidendrum aloifolium L.,Orchidaceae,orchidaceae,,,NORMALIZED_ONLY,HIGH,https://mpbd.cu.ac.bd/plants.php?pageno=63,2026-09-22T16:27:49.648749+00:00
d7e8847b3fcc1a0e,Cuscuta REFLEXA Roxb.,cuscuta reflexa roxb.,Cuscuta elatior Choisy Cuscuta hookeri Sweet Cuscuta megalantha Steud Monogynella reflexa (Roxb.) Holub,Cuscutaceae,cuscutaceae,,,NORMALIZED_ONLY,HIGH,https://mpbd.cu.ac.bd/plants.php?pageno=63,2026-09-22T16:27:49.648749+00:00
7fc64b71700e1ffb,Cuscuta HYALINA Roth.,cuscuta hyalina roth.,Cuscuta arabica Wight Cuscuta boissieri Stocks Cuscuta epitribulum Schinz Cuscuta oxypetala Boiss.,Cuscutaceae,cuscutaceae,,,NORMALIZED_ONLY,HIGH,https://mpbd.cu.ac.bd/plants.php?pageno=64,2026-09-22T16:27:51.173496+00:00
f26bb3e3298086f5,Curcuma ZEDOARIA Rosc.,curcuma zedoaria rosc.,Amomum latifolium Lam. Costus luteus Blanco Curcuma pallida Lour. Erndlia zerumbet Giseke Roscoea nigrociliata Hassk.,Zingiberaceae,zingiberaceae,,,NORMALIZED_ONLY,HIGH,https://mpbd.cu.ac.bd/plants.php?pageno=64,2026-09-22T16:27:51.173496+00:00
8135d5fb260e2330,Curcuma LONGA L.,curcuma longa l.,Amomum curcuma Jacq. Curcuma soloensis Valeton Stissera curcuma Giseke Stissera curcuma Raeusch.,Zingiberaceae,zingiberaceae,,,NORMALIZED_ONLY,HIGH,https://mpbd.cu.ac.bd/plants.php?pageno=64,2026-09-22T16:27:51.173496+00:00
a2c3baa0fc3e4555,Curcuma CAESIA Roxb.,curcuma caesia roxb.,Curcuma kuchoor Royle,Zingiberaceae,zingiberaceae,,,NORMALIZED_ONLY,HIGH,https://mpbd.cu.ac.bd/plants.php?pageno=64,2026-09-22T16:27:51.173496+00:00
5fde0996f66cda18,Curcuma AROMATICA Salisb.,curcuma aromatica salisb.,Curcuma wenyujin Y.H.Chen & C.Ling,Zingiberaceae,zingiberaceae,,,NORMALIZED_ONLY,HIGH,https://mpbd.cu.ac.bd/plants.php?pageno=64,2026-09-22T16:27:51.173496+00:00
e1986de4824b768d,Curcuma ANGUSTIFOLIA Roxb.,curcuma angustifolia roxb.,-,Zingiberaceae,zingiberaceae,,,NORMALIZED_ONLY,HIGH,https://mpbd.cu.ac.bd/plants.php?pageno=64,2026-09-22T16:27:51.173496+00:00
7a8d841fa19d946a,Curcuma AMADA Roxb.,curcuma amada roxb.,Curcuma amada var. glabra Velay. Unnikr. Asha & Maya,Zingiberaceae,zingiberaceae,,,NORMALIZED_ONLY,HIGH,https://mpbd.cu.ac.bd/plants.php?pageno=64,2026-09-22T16:27:51.173496+00:00
6f176df81577fc0e,Curculigo ORCHIOIDES Gaertn.,curculigo orchioides gaertn.,Curculigo malabarica Wight Franquevillea major Zoll. ex Kurz Gethyllis acaulis Blanco Hypoxis dulcis Steud. ex Baker,Hypoxidaceae,hypoxidaceae,,,NORMALIZED_ONLY,HIGH,https://mpbd.cu.ac.bd/plants.php?pageno=64,2026-09-22T16:27:51.173496+00:00
fc2aaccda3e5dae4,Cuminum CYMINUM L.,cuminum cyminum l.,Cuminum hispanicum Mérat ex DC. Cuminum odorum Salisb. Cuminum sativum J.SM. Cyminon longeinvolucellatum St.-Lag.,Apiaceae,apiaceae,,,NORMALIZED_ONLY,HIGH,https://mpbd.cu.ac.bd/plants.php?pageno=64,2026-09-22T16:27:51.173496+00:00
88cd95b5406f3949,Cullen CORYLIFOLIA (L.) Medic.,cullen corylifolia (l.) medic.,Lotodes corylifolia (L.) Kuntze Psoralea corylifolia L. Psoralea patersoniae Schonl. Trifolium unifolium Forssk.,Fabaceae,fabaceae,,,NORMALIZED_ONLY,HIGH,https://mpbd.cu.ac.bd/plants.php?pageno=64,2026-09-22T16:27:51.173496+00:00
7709c4e709f11629,Cucurbita MAXIMA Duch.,cucurbita maxima duch.,Cucurbita pileiformis M.Roem. Cucurbita sulcata Blanco Cucurbita turbaniformis M.Roem. Cucurbita zapallito Carrière,Cucurbitaceae,cucurbitaceae,,,NORMALIZED_ONLY,HIGH,https://mpbd.cu.ac.bd/plants.php?pageno=65,2026-09-22T16:27:52.700631+00:00
e0831544e193186e,Cucumis SATIVUS L.,cucumis sativus l.,Cucumis esculentus Salisb. Cucumis rumphii Hassk. Cucumis setosus Cogn. Cucumis vilmorinii Spreng.,Cucurbitaceae,cucurbitaceae,,,NORMALIZED_ONLY,HIGH,https://mpbd.cu.ac.bd/plants.php?pageno=65,2026-09-22T16:27:52.700631+00:00
63ef510ff6dfbb24,Cucumis MELO L.,cucumis melo l.,Cucumis acidus Jacq. Cucumis alba Nakai Ecballium lambertianum M.Roem. Melo cassaba Pangalo,Cucurbitaceae,cucurbitaceae,,,NORMALIZED_ONLY,HIGH,https://mpbd.cu.ac.bd/plants.php?pageno=65,2026-09-22T16:27:52.700631+00:00
21ee05f84eea3215,Cryptolepis dubia (Burm.f.) M.R.Almeida,cryptolepis dubia (burm.f.) m.r.almeida,Cryptolepis buchananii Roem. & Schult. Cryptolepis reticulata (Roth) Wall. ex Steud. Nerium reticulatum Roxb.,Asclepiadaceae,asclepiadaceae,,,NORMALIZED_ONLY,HIGH,https://mpbd.cu.ac.bd/plants.php?pageno=65,2026-09-22T16:27:52.700631+00:00
bb05de6e8a930f5d,Cryptocoryne spiralis (Retz.) Fisch. ex Wydler,cryptocoryne spiralis (retz.) fisch. ex wydler,Ambrosina spirialis (Retz.) Roxb. Arum spirale Retz. Cryptocoryne spiralis var. spiralis Cryptocoryne tortuosa Blatt. & Mccann,Araceae,araceae,,,NORMALIZED_ONLY,HIGH,https://mpbd.cu.ac.bd/plants.php?pageno=65,2026-09-22T16:27:52.700631+00:00
7560f6afad21936a,Croton TIGLIUM L.,croton tiglium l.,Croton acutus Thunb. Croton arboreus Shecut Halecus verus Raf. Tiglium officinale Klotzsch,Euphorbiaceae,euphorbiaceae,,,NORMALIZED_ONLY,HIGH,https://mpbd.cu.ac.bd/plants.php?pageno=65,2026-09-22T16:27:52.700631+00:00
3f6f65374ff0b33f,croton PERSIMILIS Müll.Arg.,croton persimilis müll.arg.,Croton virbalae M.R.Almeida Oxydectes oblongifolia Kuntze Oxydectes persimilis (Müll.Arg.) Kuntze,Euphorbiaceae,euphorbiaceae,,,NORMALIZED_ONLY,HIGH,https://mpbd.cu.ac.bd/plants.php?pageno=65,2026-09-22T16:27:52.700631+00:00
87b79ac9e58cdf19,Croton CAUDATUS Geisel.,croton caudatus geisel.,Croton drupaceus Roxb. Croton racemosus Burm.f. Oxydectes caudata (Geiseler) Kuntze Oxydectes denticulata Kuntze,Euphorbiaceae,euphorbiaceae,,,NORMALIZED_ONLY,HIGH,https://mpbd.cu.ac.bd/plants.php?pageno=65,2026-09-22T16:27:52.700631+00:00
acd23574a3b9f4ca,Croton BONPLANDIANUM Baill.,croton bonplandianum baill.,Croton sparsiflorus Morong. Croton pauperulus Müll.Arg. Croton rivinoides Chodat Oxydectes bonplandiana (Baill.) Kuntze Oxydectes pauperula (Müll.Arg.) Kuntze,Euphorbiaceae,euphorbiaceae,,,NORMALIZED_ONLY,HIGH,https://mpbd.cu.ac.bd/plants.php?pageno=65,2026-09-22T16:27:52.700631+00:00
3bfadfedc92993d0,Crotalaria VERRUCOSA L.,crotalaria verrucosa l.,Anisanthera hastata Raf. Crotalaria acuminata (DC.) G.Don Phaseolus bulai Blanco Quirosia anceps Blanco,Fabaceae,fabaceae,,,NORMALIZED_ONLY,HIGH,https://mpbd.cu.ac.bd/plants.php?pageno=65,2026-09-22T16:27:52.700631+00:00
600e1a66f47106aa,Crotalaria SPECTABILIS Roth.,crotalaria spectabilis roth.,Crotalaria altipes Raf. Crotalaria macrophylla Wienmann Crotalaria retzii Hitchc. Crotalaria sericea Retz.,Fabaceae,fabaceae,,,NORMALIZED_ONLY,HIGH,https://mpbd.cu.ac.bd/plants.php?pageno=66,2026-09-22T16:27:54.233815+00:00
17b5f39aa03fcef1,Crotalaria RETUSA L.,crotalaria retusa l.,Crotalaria retusa var. retusa Crotalaria retusifolia Stokes Dolichos cuneifolius Forssk. Lupinus cochinchinensis Lour.,Fabaceae,fabaceae,,,NORMALIZED_ONLY,HIGH,https://mpbd.cu.ac.bd/plants.php?pageno=66,2026-09-22T16:27:54.233815+00:00
91a21eaa7a18e84c,Crotalaria PROSTRATA Roxb.,crotalaria prostrata roxb.,Crotalaria prostrata D.Don Crotalaria prostrata Roxb. Crotalaria prostrata var. prostrata,Fabaceae,fabaceae,,,NORMALIZED_ONLY,HIGH,https://mpbd.cu.ac.bd/plants.php?pageno=66,2026-09-22T16:27:54.233815+00:00
47e960c9ba3348b3,Crotalaria PALLIDA Ait.,crotalaria pallida ait.,Crotalaria brownei DC. Crotalaria hookeri Arn. Crotalaria latifolia Wight & Arn. Lebeckia rostrata Fenzl,Fabeceae,fabeceae,,,NORMALIZED_ONLY,HIGH,https://mpbd.cu.ac.bd/plants.php?pageno=66,2026-09-22T16:27:54.233815+00:00
405054758d6b0deb,Crotalaria JUNCEA L.,crotalaria juncea l.,Crotalaria benghalensis Lam. Crotalaria porrecta Wall. Crotalaria sericea Willd. Crotalaria tenuifolia Roxb.,Fabaceae,fabaceae,,,NORMALIZED_ONLY,HIGH,https://mpbd.cu.ac.bd/plants.php?pageno=66,2026-09-22T16:27:54.233815+00:00
68b59c6b765a0c0f,Crotalaria CALYCINA Schrank,crotalaria calycina schrank,Crotalaria anthylloides D.Don Crotalaria roxburghiana DC. Crotalaria stricta Roxb.,Fabaceae,fabaceae,,,NORMALIZED_ONLY,HIGH,https://mpbd.cu.ac.bd/plants.php?pageno=66,2026-09-22T16:27:54.233815+00:00
5bf1d9e85557e355,Crotalaria ALBIDA Heyne ex Roth.,crotalaria albida heyne ex roth.,-,Fabaceae,fabaceae,,,NORMALIZED_ONLY,HIGH,https://mpbd.cu.ac.bd/plants.php?pageno=66,2026-09-22T16:27:54.233815+00:00
53542ca472796866,crotalaria ALATA D.Don,crotalaria alata d.don,Crotalaria alata H.Lev. Crotalaria bidiei Gamble Crotalaria alata Buch.- Ham. ex Roxb.,Fabaceae,fabaceae,,,NORMALIZED_ONLY,HIGH,https://mpbd.cu.ac.bd/plants.php?pageno=66,2026-09-22T16:27:54.233815+00:00
5f1ad5804e7e01f6,Crossandra INFUNDIBULIFORMIS (L.) Nees.,crossandra infundibuliformis (l.) nees.,Crossandra undulaefolia Salisb. Crossandra axillaris Nees Crossandra nutans Wight ex Nees Harrachia spinosa Hook. ex Nees Justicia infundibuliformis L. Ruellia infundibuliformis (L.) Andrews,Acanthaceae,acanthaceae,,,NORMALIZED_ONLY,HIGH,https://mpbd.cu.ac.bd/plants.php?pageno=66,2026-09-22T16:27:54.233815+00:00
ebe6198525a28d89,Crinum viviparum (Lam.) R.Ansari & V.J.Nair,crinum viviparum (lam.) r.ansari & v.j.nair,Amaryllis vivipara Lam. Crinum defixum Ker Gawl. Crinum ensifolium Roxb. Crinum roxburghii Dalzell & A.Gibson,Amaryllidaceae,amaryllidaceae,,,NORMALIZED_ONLY,HIGH,https://mpbd.cu.ac.bd/plants.php?pageno=66,2026-09-22T16:27:54.233815+00:00
8f8264b646aeb261,Crinum ASIATICUM L.,crinum asiaticum l.,Amaryllis carnosa Hook.f. Bulbine asiatica (L.) Gaertn. Crinum anomalum Herb. Crinum cortifolium Hallier f. Lilium pendulum Noronha.,Amaryllidaceae,amaryllidaceae,,,NORMALIZED_ONLY,HIGH,https://mpbd.cu.ac.bd/plants.php?pageno=67,2026-09-22T16:27:55.763539+00:00
bf83d8fad4a56644,Crateva religiosa G.Forst.,crateva religiosa g.forst.,Crateva hansemannii K.Schum. Crateva macrocarpa Kurz Crateva magna (Lour.) DC. Crateva speciosa Volkens,Capparidaceae,capparidaceae,,,NORMALIZED_ONLY,HIGH,https://mpbd.cu.ac.bd/plants.php?pageno=67,2026-09-22T16:27:55.763539+00:00
30f0f6aef5f6d793,Crassocephalum CREPIDIOIDES (Benth.) Moore,crassocephalum crepidioides (benth.) moore,Crassocephalum crepidioides var. crepidioides Gynura crepidioides Benth. Gynura microcephala Vatke Gynura polycephala Benth.,Asteraceae,asteraceae,,,NORMALIZED_ONLY,HIGH,https://mpbd.cu.ac.bd/plants.php?pageno=67,2026-09-22T16:27:55.763539+00:00
c46be3798db864a7,Cheilocostus SPECIOSUS (J.Koenig) C.D.Specht,cheilocostus speciosus (j.koenig) c.d.specht,Amomum arboreum Lour. Costus angustifolius Ker Gawl. Costus speciosus (J.Koenig) SM. Planera speciosa (J.Koenig) Giseke Tsiana speciosa (J.Koenig) J.F.Gmel.,Costaceae,costaceae,,,NORMALIZED_ONLY,HIGH,https://mpbd.cu.ac.bd/plants.php?pageno=67,2026-09-22T16:27:55.763539+00:00
6f870151a8587c92,Coriandrum SATIVUM L.,coriandrum sativum l.,Bifora loureiroi Kostel. Coriandrum globosum Salisb. Coriandrum majus Gouan Selinum coriandrum Krause,Apiaceae,apiaceae,,,NORMALIZED_ONLY,HIGH,https://mpbd.cu.ac.bd/plants.php?pageno=67,2026-09-22T16:27:55.763539+00:00
0c57bc24a0fd3099,Cordia DICHOTOMA Forst. f.,cordia dichotoma forst. f.,Cordia obliqua Willd. Cordia myxa Roxb. Auct. non L. Cordia brownii A.DC. Cordia latifolia Roxb. Cordia tremula Griseb. Gerascanthus dichotomus (G.Forst.) Borhidi Varronia sinensis Lour.,Boraginaceae,boraginaceae,,,NORMALIZED_ONLY,HIGH,https://mpbd.cu.ac.bd/plants.php?pageno=67,2026-09-22T16:27:55.763539+00:00
ca0b733c78a8e395,Corchorus OLITORIUS L.,corchorus olitorius l.,Corchorus catharticus Blanco Corchorus longicarpus G.Don Corchorus malchairii DE Wild. Corchorus quinquelocularis Moench,Tiliaceae,tiliaceae,,,NORMALIZED_ONLY,HIGH,https://mpbd.cu.ac.bd/plants.php?pageno=67,2026-09-22T16:27:55.763539+00:00
aa54a3b3cb444f18,Corchorus FASICULARIS Lamk.,corchorus fasicularis lamk.,Corchorus brachycarpus Guill. & Perr.,Tiliaceae,tiliaceae,,,NORMALIZED_ONLY,HIGH,https://mpbd.cu.ac.bd/plants.php?pageno=67,2026-09-22T16:27:55.763539+00:00
bd638753a97711d7,Corchorus CAPSULARIS L.,corchorus capsularis l.,Corchorus cordifolius Salisb.,Tiliaceae,tiliaceae,,,NORMALIZED_ONLY,HIGH,https://mpbd.cu.ac.bd/plants.php?pageno=67,2026-09-22T16:27:55.763539+00:00
137524c86f300aef,Commiphora madagascariensis Jacq.,commiphora madagascariensis jacq.,Amyris agallocha Roxb. Balsamea agallocha Baill. Balsamea roxburghii Engl. Balsamodendrum roxburghii Arn.,Burseraceae,burseraceae,,,NORMALIZED_ONLY,HIGH,https://mpbd.cu.ac.bd/plants.php?pageno=67,2026-09-22T16:27:55.763539+00:00
ed7bd4cc63f3c12a,Commelina SUFFRUTICOSA Bl.,commelina suffruticosa bl.,Commelina rugulosa C.B.Clarke Commelina simsonii C.B.Clarke Spathodithyros suffruticosus (Blume) Hassk.,Commelinaceae,commelinaceae,,,NORMALIZED_ONLY,HIGH,https://mpbd.cu.ac.bd/plants.php?pageno=68,2026-09-22T16:27:57.298302+00:00
778ffd3ebe9ab867,Commelina PALUDOSA Bl.,commelina paludosa bl.,Commelina obliqua Buch.-Ham. Commelina donii A.Dietr. Commelina paludosa f. pedunculata Qaiser & Jafri,Commelinaceae,commelinaceae,,,NORMALIZED_ONLY,HIGH,https://mpbd.cu.ac.bd/plants.php?pageno=68,2026-09-22T16:27:57.298302+00:00
2b0afa1ff3b1c74b,Commelina DIFFUSA Burm. f.,commelina diffusa burm. f.,Commelina agraria Kunth Commelina aquatica J.K.Morton Commelina formosa Graham Commelina prostrata Kunth,Commelinaceae,commelinaceae,,,NORMALIZED_ONLY,HIGH,https://mpbd.cu.ac.bd/plants.php?pageno=68,2026-09-22T16:27:57.298302+00:00
8d921e7c6b4cb361,Commelina BENGHALENSIS L.,commelina benghalensis l.,Commelina cucullata L. Commelina hirsuta R.Br. Commelina nervosa Burm.f. Commelina turbinata Vahl,Commelinaceae,commelinaceae,,,NORMALIZED_ONLY,HIGH,https://mpbd.cu.ac.bd/plants.php?pageno=68,2026-09-22T16:27:57.298302+00:00
d36ccfe85f53b6b8,Colocasia ESCULENTA (L.) Schott.,colocasia esculenta (l.) schott.,Arum esculentum L. Alocasia illustris W.Bull Arum chinense L. Calla virosa Roxb. Caladium esculentum (L.) Vent. Colocasia vulgaris Raf. Leucocasia esculenta (L.) Nakai,Araceae,araceae,,,NORMALIZED_ONLY,HIGH,https://mpbd.cu.ac.bd/plants.php?pageno=68,2026-09-22T16:27:57.298302+00:00
76204358d8c90d81,Colocasia AFFINIS Schott.,colocasia affinis schott.,Alocasia jenningsii Veitch Colocasia affinis var. jenningsii (Veitch) Engl. Colocasia bicolor C.L.Long & L.M.Cao,Araceae,araceae,,,NORMALIZED_ONLY,HIGH,https://mpbd.cu.ac.bd/plants.php?pageno=68,2026-09-22T16:27:57.298302+00:00
48acbbaff8f726a9,Plectranthus amboinicus (Lour.) Spreng.,plectranthus amboinicus (lour.) spreng.,Coleus amboinicus Lour. Coleus carnosus Hassk. Majana suganda (Blanco) Kuntze Ocimum vaalae Forssk.,Lamiaceae,lamiaceae,,,NORMALIZED_ONLY,HIGH,https://mpbd.cu.ac.bd/plants.php?pageno=68,2026-09-22T16:27:57.298302+00:00
d01652f5b4272539,Coix LACHRYMA - JOBI L.,coix lachryma - jobi l.,Coix agrestis Lour. Coix exaltata Jacq. Coix pumila Roxb. Lithagrostis lacryma-jobi (L.) Gaertn.,Poaceae,poaceae,,,NORMALIZED_ONLY,HIGH,https://mpbd.cu.ac.bd/plants.php?pageno=68,2026-09-22T16:27:57.298302+00:00
8c7e909106c319bd,Cocos NUCIFERA L.,cocos nucifera l.,Calappa nucifera (L.) Kuntze Cocos indica Royle Cocos nana Griff. Cocos nucifera var. synphyllica Becc.,Arecaceae,arecaceae,,,NORMALIZED_ONLY,HIGH,https://mpbd.cu.ac.bd/plants.php?pageno=68,2026-09-22T16:27:57.298302+00:00
77cd9e380c802ac2,Cocculus HIRSUTUS (L.) W.Theob.,cocculus hirsutus (l.) w.theob.,Cebatha hirsuta (L.) Kuntze Cocculus hirsutus (L.) Diels Cocculus villosus DC. Menispermum hirsutum L.,Menispermaceae,menispermaceae,,,NORMALIZED_ONLY,HIGH,https://mpbd.cu.ac.bd/plants.php?pageno=68,2026-09-22T16:27:57.298302+00:00
d344678add539f4e,Coccinia GRANDIS (L.) Voigt.,coccinia grandis (l.) voigt.,Coccinea cordifolia(L.) Cogn. Coccinea indica Wight & Arn. Cephalandra indica Naud. Bryonia grandis L. Cephalandra grandis Kurz Cucumis pavel Kostel. Momordica bicolor Blume,Cucurbitaceae,cucurbitaceae,,,NORMALIZED_ONLY,HIGH,https://mpbd.cu.ac.bd/plants.php?pageno=69,2026-09-22T16:27:58.827647+00:00
dcaa0fa0b535311f,Clitoria TARNETEA L.,clitoria tarnetea l.,Clitoria albiflora Mattei Lathyrus spectabilis Forssk. Nauchea ternatea (L.) Descourt. Ternatea vulgaris Kuntze,Fabaceae,fabaceae,,,NORMALIZED_ONLY,HIGH,https://mpbd.cu.ac.bd/plants.php?pageno=69,2026-09-22T16:27:58.827647+00:00
c3395069e473f231,Clerodendrum laevifolium Blume.,clerodendrum laevifolium blume.,Clerodendrum ellipticum Zipp. ex Span. Clerodendrum wallichii Merr. Clerodendrum nutansWall. ex G. Don.,Verbenaceae,verbenaceae,,,NORMALIZED_ONLY,HIGH,https://mpbd.cu.ac.bd/plants.php?pageno=69,2026-09-22T16:27:58.827647+00:00
9aad861f4af98ab6,Clerodendrum INFORTUNATUM L.,clerodendrum infortunatum l.,Clerodendrum calycinum Turcz. Ovieda infortunata (L.) Baill. Clerodendrum viscosum Vent.,Verbenaceae,verbenaceae,,,NORMALIZED_ONLY,HIGH,https://mpbd.cu.ac.bd/plants.php?pageno=69,2026-09-22T16:27:58.827647+00:00
aaa7937d53827d16,Volkameria inermis L.,volkameria inermis l.,Clerodendrum inerme (L.) Gaertn. Clerodendrum javanicum Spreng. Ovieda inermis (L.) Burm.f. Volkameria neriifolia Roxb.,Verbenaceae,verbenaceae,,,NORMALIZED_ONLY,HIGH,https://mpbd.cu.ac.bd/plants.php?pageno=69,2026-09-22T16:27:58.827647+00:00
a85ac1ba655472c8,Clerodendrum INDICUM (L.) Kuntze.,clerodendrum indicum (l.) kuntze.,Clerodendrum siphonanthus R. Br. Clerodendrum longicolle G.Mey. Clerodendrum mite (L.) Vatke Ovieda mitis L. Siphonanthus indicus L.,Verbenaceae,verbenaceae,,,NORMALIZED_ONLY,HIGH,https://mpbd.cu.ac.bd/plants.php?pageno=69,2026-09-22T16:27:58.827647+00:00
e28b6f6bfa570246,Cleome VISCOSA L.,cleome viscosa l.,Polanisia viscosa (L.) DC. Arivela viscosa (L.) Raf. Cleome icosandra L. Polanisia microphylla Eichler Sinapistrum viscosum (l.) Moench,Capparidaceae,capparidaceae,,,NORMALIZED_ONLY,HIGH,https://mpbd.cu.ac.bd/plants.php?pageno=69,2026-09-22T16:27:58.827647+00:00
ecbd5af8c2a84c86,Cleome GYNANDRA L.,cleome gynandra l.,Cleome pentaphylla L. Gynandropsis gynandra(L.) Briq. Gynandropsis pentaphylla (L.) DC. Cleome acuta Schumach. & Thonn. Cleome alliacea Blanco Gynandropsis triphylla DC. Pedicellaria triphylla (L.) Pax,Capparidaceae,capparidaceae,,,NORMALIZED_ONLY,HIGH,https://mpbd.cu.ac.bd/plants.php?pageno=69,2026-09-22T16:27:58.827647+00:00
879799bbc4896f37,Clausena HEPTAPHYLLA (Roxb.) Wight.& Arn.,clausena heptaphylla (roxb.) wight.& arn.,Amyris anisata Roxb. ex Steud. Amyris heptaphylla Roxb. ex DC. Clausena heptaphylla var. engleri (Tanaka) Swingle Clausena macrophylla Hook.f.,Rutaceae,rutaceae,,,NORMALIZED_ONLY,HIGH,https://mpbd.cu.ac.bd/plants.php?pageno=69,2026-09-22T16:27:58.827647+00:00
1e6b2907fcac0a4d,Clausena EXCAVATA Burm. f.,clausena excavata burm. f.,Amyris punctata Roxb. Clausena javensis J.f.Gmel. Cookia anisodora Blanco Gallesioa graveolens M.Roem. Lawsonia falcata Lour.,Rutaceae,rutaceae,,,NORMALIZED_ONLY,HIGH,https://mpbd.cu.ac.bd/plants.php?pageno=69,2026-09-22T16:27:58.827647+00:00
3100188df772b528,Citrus maxima (Burm.) Merr.,citrus maxima (burm.) merr.,Aurantium decumana (L.) Mill. Aurantium maximum Burm. Citrus grandis (L.) Osbeck Citrus pompelmos Risso. Citrus decumana L. Citrus aurantium Var. grandis L.,Rutaceae,rutaceae,,,NORMALIZED_ONLY,HIGH,https://mpbd.cu.ac.bd/plants.php?pageno=70,2026-09-22T16:28:00.356041+00:00
ea8f57686f66154f,Citrus AURANTIFOLIA (Christ.) Sw.,citrus aurantifolia (christ.) sw.,Citrus medica Var. acida Citrus × acida Pers. Citrus × excelsa Wester Citrus × javanica Blume Limonia × aurantiifolia Christm.,Rutaceae,rutaceae,,,NORMALIZED_ONLY,HIGH,https://mpbd.cu.ac.bd/plants.php?pageno=70,2026-09-22T16:28:00.356041+00:00
89bacc3f6f2dc543,Citrullus lanatus (Thunb.) Matsum. & Nakai,citrullus lanatus (thunb.) matsum. & nakai,Anguria citrullus Mill. Citrullus amarus Schrad. Cucurbita citrullus L. Momordica lanata Thunb. Citrullus valgaris Schrad.,Cucurbitaceae,cucurbitaceae,,,NORMALIZED_ONLY,HIGH,https://mpbd.cu.ac.bd/plants.php?pageno=70,2026-09-22T16:28:00.356041+00:00
b1a8ba1784c01493,Cissus REPENS Lamk.,cissus repens lamk.,Cissus cordata Roxb. Vitis repens (Lamk.)Wight & Arn. Cissus purpurea Roxb. ex Steud. Vitis diffusa Miq. Vitis modesta Miq.,Vitaceae,vitaceae,,,NORMALIZED_ONLY,HIGH,https://mpbd.cu.ac.bd/plants.php?pageno=70,2026-09-22T16:28:00.356041+00:00
176ff7ac46668636,Cissus REPENDA(Wight & Arn.) Vahl.,cissus rependa(wight & arn.) vahl.,Vitis rependa (Vahl.) Weight & Arn. Vitis rosea Royal. Cissus indica Rottler Cissus rosea (Royle) Walp. Rinxostylis repanda (Vahl) Raf. Vitis gigantea Bedd.,Vitaceae,vitaceae,,,NORMALIZED_ONLY,HIGH,https://mpbd.cu.ac.bd/plants.php?pageno=70,2026-09-22T16:28:00.356041+00:00
13d43d90119105b7,Cissus QUADRANGULARIS L.,cissus quadrangularis l.,Vitis quadrangularis Wall. ex Weight & Arn. Cissus edulis Dalzell Cissus quadrangula L. Cissus tetraptera Hook.f. Vitis succulenta Galpin,Vitaceae,vitaceae,,,NORMALIZED_ONLY,HIGH,https://mpbd.cu.ac.bd/plants.php?pageno=70,2026-09-22T16:28:00.356041+00:00
18861934ccf4d941,Cissus ELONGATA Roxb.,cissus elongata roxb.,Cayratia elongata (Roxb.) Suess. Vitis elongata (Roxb.) Wall. ex M.A. Lawson,Vitaceae,vitaceae,,,NORMALIZED_ONLY,HIGH,https://mpbd.cu.ac.bd/plants.php?pageno=70,2026-09-22T16:28:00.356041+00:00
c8530e1e9b52ce5e,Cissus ASSAMICA (Lawson) Craib.,cissus assamica (lawson) craib.,Vitis assamica Lawson,Vitaceae,vitaceae,,,NORMALIZED_ONLY,HIGH,https://mpbd.cu.ac.bd/plants.php?pageno=70,2026-09-22T16:28:00.356041+00:00
30d709dc38dfbb72,Allium TUBEROSUM Roxb.,allium tuberosum roxb.,-,Liliaceae,liliaceae,,,NORMALIZED_ONLY,HIGH,https://mpbd.cu.ac.bd/plants.php?pageno=70,2026-09-22T16:28:00.356041+00:00
5b4f1b86aa81caa7,Allophylus DIMORPHUS Radlk. .,allophylus dimorphus radlk. .,Allophylus cobbe Bl. A. serratus Radlk,Sapindaceae,sapindaceae,,,NORMALIZED_ONLY,HIGH,https://mpbd.cu.ac.bd/plants.php?pageno=70,2026-09-22T16:28:00.356041+00:00
5fec850cf1a4ff81,Alocasia INDICA (Roxb.) Schott.,alocasia indica (roxb.) schott.,-,Araceae,araceae,,,NORMALIZED_ONLY,HIGH,https://mpbd.cu.ac.bd/plants.php?pageno=71,2026-09-22T16:28:01.889327+00:00
711fe8198272bf60,Aloe BARBADENSIS Mill,aloe barbadensis mill,A. vera Tourn. ex L,Liliaceae,liliaceae,,,NORMALIZED_ONLY,HIGH,https://mpbd.cu.ac.bd/plants.php?pageno=71,2026-09-22T16:28:01.889327+00:00
49ed01e68d496105,Alpinia CALCARATA Rosc.,alpinia calcarata rosc.,-,Zingiberaceae,zingiberaceae,,,NORMALIZED_ONLY,HIGH,https://mpbd.cu.ac.bd/plants.php?pageno=71,2026-09-22T16:28:01.889327+00:00
3e3f53370f160ef3,Alpinia CONCHIGERA Griff.,alpinia conchigera griff.,-,Zingiberaceae,zingiberaceae,,,NORMALIZED_ONLY,HIGH,https://mpbd.cu.ac.bd/plants.php?pageno=71,2026-09-22T16:28:01.889327+00:00
4d254811f713597c,Alpinia MALACCENSIS Rosc.,alpinia malaccensis rosc.,-,Zingiberaceae,zingiberaceae,,,NORMALIZED_ONLY,HIGH,https://mpbd.cu.ac.bd/plants.php?pageno=71,2026-09-22T16:28:01.889327+00:00
1f72a781806cc8a1,Alpinia NIGRA (Gaertn.) Burtt.,alpinia nigra (gaertn.) burtt.,A. allughas (Retz.) Rosc.,Zingiberaceae,zingiberaceae,,,NORMALIZED_ONLY,HIGH,https://mpbd.cu.ac.bd/plants.php?pageno=71,2026-09-22T16:28:01.889327+00:00
8a59566188b23676,Alstonia SCHOLARIS (L.) R. Br.,alstonia scholaris (l.) r. br.,-,Apocynaceae,apocynaceae,,,NORMALIZED_ONLY,HIGH,https://mpbd.cu.ac.bd/plants.php?pageno=71,2026-09-22T16:28:01.889327+00:00
81999173af51f4f0,Alternanthera SESSILIS (L.) R. Br.,alternanthera sessilis (l.) r. br.,-,Amaranthaceae,amaranthaceae,,,NORMALIZED_ONLY,HIGH,https://mpbd.cu.ac.bd/plants.php?pageno=71,2026-09-22T16:28:01.889327+00:00
da5369beec832387,Amaranthus SPINOSUS L.,amaranthus spinosus l.,-,Amaranthaceae,amaranthaceae,,,NORMALIZED_ONLY,HIGH,https://mpbd.cu.ac.bd/plants.php?pageno=71,2026-09-22T16:28:01.889327+00:00
83829f2833ca66dd,Amaranthus VIRIDIS L.,amaranthus viridis l.,-,Amaranthaceae,amaranthaceae,,,NORMALIZED_ONLY,HIGH,https://mpbd.cu.ac.bd/plants.php?pageno=71,2026-09-22T16:28:01.889327+00:00
52f0e683c493be4f,Amischophacelus AXILLARIS (L.) R. R. & K.,amischophacelus axillaris (l.) r. r. & k.,Cyanotis axillaris R. & S. f Commelina axillaris L.,Commelinaceae,commelinaceae,,,NORMALIZED_ONLY,HIGH,https://mpbd.cu.ac.bd/plants.php?pageno=72,2026-09-22T16:28:03.429640+00:00
6ecf081558b89306,Ammannia BACCIFERA L,ammannia baccifera l,-,Lythraceae,lythraceae,,,NORMALIZED_ONLY,HIGH,https://mpbd.cu.ac.bd/plants.php?pageno=72,2026-09-22T16:28:03.429640+00:00
8344787879a119a8,Amomum AROMATICUM Roxb,amomum aromaticum roxb,-,Zingiberaceae,zingiberaceae,,,NORMALIZED_ONLY,HIGH,https://mpbd.cu.ac.bd/plants.php?pageno=72,2026-09-22T16:28:03.429640+00:00
4c8f0f407e76ebc0,Amomum COSTATUM Benth.,amomum costatum benth.,-,Zingiberaceae,zingiberaceae,,,NORMALIZED_ONLY,HIGH,https://mpbd.cu.ac.bd/plants.php?pageno=72,2026-09-22T16:28:03.429640+00:00
068cf9fd44c43186,Amoora CUCULATA Roxb.,amoora cuculata roxb.,-,Meliaceae,meliaceae,,,NORMALIZED_ONLY,HIGH,https://mpbd.cu.ac.bd/plants.php?pageno=72,2026-09-22T16:28:03.429640+00:00
7206387be8005911,Amorphophallus CAMPANULATUS (Roxb.) Bl. ex. Decne.,amorphophallus campanulatus (roxb.) bl. ex. decne.,-,Araceae,araceae,,,NORMALIZED_ONLY,HIGH,https://mpbd.cu.ac.bd/plants.php?pageno=72,2026-09-22T16:28:03.429640+00:00
f8e3233c01352e0a,Ampelocissus BARBATA (Wall.) Planch.,ampelocissus barbata (wall.) planch.,Vitis barbata Wall.,Vitaceae,vitaceae,,,NORMALIZED_ONLY,HIGH,https://mpbd.cu.ac.bd/plants.php?pageno=72,2026-09-22T16:28:03.429640+00:00
631902a02c77bb43,Ampelocissus LATIFOLIA (Roxb.) Planch.,ampelocissus latifolia (roxb.) planch.,Vitis latifolia Roxb.,Vitaceae,vitaceae,,,NORMALIZED_ONLY,HIGH,https://mpbd.cu.ac.bd/plants.php?pageno=72,2026-09-22T16:28:03.429640+00:00
c28c248e66ec8fcb,Anacardium OCCIDENTALE L.,anacardium occidentale l.,-,Anacardiaceae,anacardiaceae,,,NORMALIZED_ONLY,HIGH,https://mpbd.cu.ac.bd/plants.php?pageno=72,2026-09-22T16:28:03.429640+00:00
31f9bb4dcb5244be,Anagallis ARVENSIS L.,anagallis arvensis l.,-,Primulaceae,primulaceae,,,NORMALIZED_ONLY,HIGH,https://mpbd.cu.ac.bd/plants.php?pageno=72,2026-09-22T16:28:03.429640+00:00
f0537ba2570acac3,Anamirta COCCULUS (L.) W. & A.,anamirta cocculus (l.) w. & a.,A. paniculata Cole.,Menispermaceae,menispermaceae,,,NORMALIZED_ONLY,HIGH,https://mpbd.cu.ac.bd/plants.php?pageno=73,2026-09-22T16:28:04.955580+00:00
f07f1a3f28bdb49a,Ananas SATIVUS Schult. f.,ananas sativus schult. f.,A. comosus Merr.,Bromeliaceae,bromeliaceae,,,NORMALIZED_ONLY,HIGH,https://mpbd.cu.ac.bd/plants.php?pageno=73,2026-09-22T16:28:04.955580+00:00
4a7c32ba318d2949,Andrographis PANICULATA (Burm. f.) Wall. ex Ness.,andrographis paniculata (burm. f.) wall. ex ness.,Justicia paniculata Burm.f.,Acanthaceae,acanthaceae,,,NORMALIZED_ONLY,HIGH,https://mpbd.cu.ac.bd/plants.php?pageno=73,2026-09-22T16:28:04.955580+00:00
b12f34308304e497,Anisomeles INDICA (L.) Kuntze.,anisomeles indica (l.) kuntze.,A. ovata R. Br.,Lamiaceae,lamiaceae,,,NORMALIZED_ONLY,HIGH,https://mpbd.cu.ac.bd/plants.php?pageno=73,2026-09-22T16:28:04.955580+00:00
3d18560f0e226893,Annona RETICULATA L.,annona reticulata l.,-,Annonaceae,annonaceae,,,NORMALIZED_ONLY,HIGH,https://mpbd.cu.ac.bd/plants.php?pageno=73,2026-09-22T16:28:04.955580+00:00
046dbc45fc1646dc,Annona SQUAMOSA L.,annona squamosa l.,-,Annonaceae,annonaceae,,,NORMALIZED_ONLY,HIGH,https://mpbd.cu.ac.bd/plants.php?pageno=73,2026-09-22T16:28:04.955580+00:00
db7799ab82865a43,Anodendron MANUBRIATUM (Wall.) Merr.,anodendron manubriatum (wall.) merr.,A. paniculatum (Roxb.) DC.,Apocynaceae,apocynaceae,,,NORMALIZED_ONLY,HIGH,https://mpbd.cu.ac.bd/plants.php?pageno=73,2026-09-22T16:28:04.955580+00:00
e1a21809c551e2ff,Anthocephalus CHINENSIS (Lamk.) Rich. ex Walp.,anthocephalus chinensis (lamk.) rich. ex walp.,A . cadamba Miq A. indicus A. Rich.,Rubiaceae,rubiaceae,,,NORMALIZED_ONLY,HIGH,https://mpbd.cu.ac.bd/plants.php?pageno=73,2026-09-22T16:28:04.955580+00:00
72edf7d666fbed45,Antidesma ROXBURGHII Wall.,antidesma roxburghii wall.,-,Euphorbiaceae,euphorbiaceae,,,NORMALIZED_ONLY,HIGH,https://mpbd.cu.ac.bd/plants.php?pageno=73,2026-09-22T16:28:04.955580+00:00
12c9d67eb2c561a6,Aphanamixis POLYSTACHYA (Wall.) R.N. Parker.,aphanamixis polystachya (wall.) r.n. parker.,Amoora rohituka W. & A.,Meliaceae,meliaceae,,,NORMALIZED_ONLY,HIGH,https://mpbd.cu.ac.bd/plants.php?pageno=73,2026-09-22T16:28:04.955580+00:00
8b719abdda0df9c2,Aquilaria MALACCENSIS Lamk.,aquilaria malaccensis lamk.,Aloexylum agallochum Lour. Aquilaria moluccensis Oken Aquilaria secundaria Rumph. Ex Dc. Aquilariella malaccensis (Lam.) Tiegh.,Thymelaeaceae,thymelaeaceae,,,NORMALIZED_ONLY,HIGH,https://mpbd.cu.ac.bd/plants.php?pageno=74,2026-09-22T16:28:06.485628+00:00
ecd726c5ea20e562,Arachis HYPOGEA L.,arachis hypogea l.,Arachis hypogaea var. Hypogaea Arachis hypogaea subsp. oleifera A.Chev. Arachis nambyquarae Hoehne Lathyrus esquirolii H. Lév.,Fabaceae,fabaceae,,,NORMALIZED_ONLY,HIGH,https://mpbd.cu.ac.bd/plants.php?pageno=74,2026-09-22T16:28:06.485628+00:00
202b4872b4a37a03,Ardisia PANICULATA Roxb.,ardisia paniculata roxb.,69. Ardisia paniculata A.Dc. Ardisia anceps Blume Ardisia ovata Thunb. Ardisia rothii A.Dc. Tinus paniculata (Roxb.) Kuntze,Myrsinaceae,myrsinaceae,,,NORMALIZED_ONLY,HIGH,https://mpbd.cu.ac.bd/plants.php?pageno=74,2026-09-22T16:28:06.485628+00:00
5e19e73f9113da28,Ardisia SOLANACEA (Poir.) Roxb.,ardisia solanacea (poir.) roxb.,-,Myrsinaceae,myrsinaceae,,,NORMALIZED_ONLY,HIGH,https://mpbd.cu.ac.bd/plants.php?pageno=74,2026-09-22T16:28:06.485628+00:00
fb613a8acd0d53ec,Areca CATECHU L.,areca catechu l.,Areca catechu var. alba Blume Areca catechu F. Communis Becc. Areca catechu var. silvatica Becc. Areca macrocarpa Becc.,Arecaceae,arecaceae,,,NORMALIZED_ONLY,HIGH,https://mpbd.cu.ac.bd/plants.php?pageno=74,2026-09-22T16:28:06.485628+00:00
f70c35d5c751eb01,Argemone MAXICANA L.,argemone maxicana l.,Argemone mexicana var. Mexicana Argemone spinosa Gaterau Argemone vulgaris Spach Echtrus trivialis Lour. Papaver mexicanum (L.) E.H.L.Krause,Papaveraceae,papaveraceae,,,NORMALIZED_ONLY,HIGH,https://mpbd.cu.ac.bd/plants.php?pageno=74,2026-09-22T16:28:06.485628+00:00
4e28ac5e4d89fb4a,Argyreia CAPITIFORMIS (Poir.) Oostr.,argyreia capitiformis (poir.) oostr.,Argyreia capitata Choisy Convolvulus capitiformis Poir. Ipomoea capitata Roem. & Schult. Lettsomia capitata Blume Lettsomia strigosa Roxb.,Convolvulaceae,convolvulaceae,,,NORMALIZED_ONLY,HIGH,https://mpbd.cu.ac.bd/plants.php?pageno=74,2026-09-22T16:28:06.485628+00:00
aadb0c7d92d05912,Argyreia NERVOSA (Burm. f.) Boj.,argyreia nervosa (burm. f.) boj.,Argyreia speciosa (L. f.) Sweet Convolvulus speciosus L. f. Ipomoea speciosa (L. f.) Pers. Lettsomia nervosa (Burm. F.) Roxb. Rivea nervosa (Burm. f.) Hallier f.,Convolvulaceae,convolvulaceae,,,NORMALIZED_ONLY,HIGH,https://mpbd.cu.ac.bd/plants.php?pageno=74,2026-09-22T16:28:06.485628+00:00
732a1757d87c2cd1,Aristolochia INDICA L.,aristolochia indica l.,Aristolochia indica var. magna Benth. Aristolochia lanceolata Wight Aristolochia maysorensis Fisch. Ex Duch. Aristolochia pandurata Wall. Ex Duch.,Aristolochiaceae,aristolochiaceae,,,NORMALIZED_ONLY,HIGH,https://mpbd.cu.ac.bd/plants.php?pageno=74,2026-09-22T16:28:06.485628+00:00
3f65a2bbdf729ecf,Aristolochia TAGALA Cham.,aristolochia tagala cham.,Aristolochia acuminata Lam. Aristolochia roxburghiana Klotzsch Aristolochia subsagittata Blanco,Aristolochiaceae,aristolochiaceae,,,NORMALIZED_ONLY,HIGH,https://mpbd.cu.ac.bd/plants.php?pageno=74,2026-09-22T16:28:06.485628+00:00
9f00ba7fb9d6764a,Artabotrys HEXAPETALUS (L.f.) Bhandari,artabotrys hexapetalus (l.f.) bhandari,Annona hexapetala L.f. Annona uncinata Lam. Unona uncata (Lour.) Dunal Uvaria esculenta Roxb. Ex Rottler Uvaria uncata Lour.,Annonaceae,annonaceae,,,NORMALIZED_ONLY,HIGH,https://mpbd.cu.ac.bd/plants.php?pageno=75,2026-09-22T16:28:08.012386+00:00
ef7592c782f3dcad,Artabotrys SUAVEOLENS Blume.,artabotrys suaveolens blume.,Unona suaveolens Blume. Artabotrys suaveolens var. parviflorus (Miq.) Miq. Artabotrys monogynus Merr. Unona corniculata Blanco Artabotrys parviflorus Miq. Unona suaveolens Blume,Annonaceae,annonaceae,,,NORMALIZED_ONLY,HIGH,https://mpbd.cu.ac.bd/plants.php?pageno=75,2026-09-22T16:28:08.012386+00:00
3c5f6b7c226451a5,Artocarpus HETEROPHYLLUS Lamk.,artocarpus heterophyllus lamk.,Artocarpus brasiliensis Ortega Artocarpus maximus Blanco Artocarpus philippensis Lam,Urticaceae,urticaceae,,,NORMALIZED_ONLY,HIGH,https://mpbd.cu.ac.bd/plants.php?pageno=75,2026-09-22T16:28:08.012386+00:00
bc5a02bb163100be,Artocarpus LACUCHA Buch-Ham.,artocarpus lacucha buch-ham.,Artocarpus ficifolius W.T.Wang Artocarpus lakoocha Roxb. Artocarpus yunnanensis H.H.Hu SSaccus lakoocha (Roxb.) Kuntze,Urticaceae,urticaceae,,,NORMALIZED_ONLY,HIGH,https://mpbd.cu.ac.bd/plants.php?pageno=75,2026-09-22T16:28:08.012386+00:00
08d56697bf9a0469,Asclepias CURASSAVICA L.,asclepias curassavica l.,Asclepias cubensis Wender. Asclepias curassavica f. flaviflora Tawada Asclepias curassavica f. pallidiflora Griseb. Asclepias margaritacea Hoffmanns. Ex Schult.,Asteraceae,asteraceae,,,NORMALIZED_ONLY,HIGH,https://mpbd.cu.ac.bd/plants.php?pageno=75,2026-09-22T16:28:08.012386+00:00
e27a5ef4c182d502,Asparagus RACEMOSUS L.,asparagus racemosus l.,Asparagopsis acerosa Kunth Asparagopsis brownei Kunth Asparagus dubius Decne. Protasparagus zeylanicus (Hook.f.) Kamble,Liliaceae,liliaceae,,,NORMALIZED_ONLY,HIGH,https://mpbd.cu.ac.bd/plants.php?pageno=75,2026-09-22T16:28:08.012386+00:00
628beffffce5f3f7,Asplenium polyodon G. Forst.,asplenium polyodon g. forst.,Asplenium falcatum Lam. Asplenium adiantoides (L.) C. Chr. Asplenium intermedium Kaulf. Trichomanes adiantoides L.,Aspleniaceae,aspleniaceae,,,NORMALIZED_ONLY,HIGH,https://mpbd.cu.ac.bd/plants.php?pageno=75,2026-09-22T16:28:08.012386+00:00
ce1fcc69a3b61f5c,Atalantia MONOPHYLLA Correa,atalantia monophylla correa,Atalantia floribunda Wight Atalantia malabarica (Raf.) Yu.Tanaka Atalantia puberula Miq Atalantia umbellata M.Roem. Limonia monophylla L.,Rutaceae,rutaceae,,,NORMALIZED_ONLY,HIGH,https://mpbd.cu.ac.bd/plants.php?pageno=75,2026-09-22T16:28:08.012386+00:00
480b8cfe15d68aab,Cajanus crassus (King) Maesen,cajanus crassus (king) maesen,Atylosia crassa Prain. Cajanus crassus var. Crassus cantharospermum volubile (Blanco) Merr. Atylosia mollis Benth. Atylosia volubilis (Blanco) Gamble,Fabaceae,fabaceae,,,NORMALIZED_ONLY,HIGH,https://mpbd.cu.ac.bd/plants.php?pageno=75,2026-09-22T16:28:08.012386+00:00
1c92984097719256,Cajanus scarabaeoides (L.) Thouars,cajanus scarabaeoides (l.) thouars,Atylosia scarabaeoides (L.) Benth. Cantharospermum pauciflorum Wight & Arn. Dolichos minutus Wight & Arn. Rhynchosia biflora Dc. Stizolobium scarabaeoides (L.) Spreng,Fabaceae,fabaceae,,,NORMALIZED_ONLY,HIGH,https://mpbd.cu.ac.bd/plants.php?pageno=75,2026-09-22T16:28:08.012386+00:00
39151ea33d47a5c7,Averrhoa BILIMBI L.,averrhoa bilimbi l.,Averrhoa abtusangulata Stokes Averrhoa obtusangula Stokes,Averrhoaceae,averrhoaceae,,,NORMALIZED_ONLY,HIGH,https://mpbd.cu.ac.bd/plants.php?pageno=76,2026-09-22T16:28:09.539108+00:00
ee76b7b31be6fe5f,Averrhoa CARAMBOLA L.,averrhoa carambola l.,Averrhoa acutangula Stokes Sarcotheca philippica (Villar) Hallier F.,Averrhoaceae,averrhoaceae,,,NORMALIZED_ONLY,HIGH,https://mpbd.cu.ac.bd/plants.php?pageno=76,2026-09-22T16:28:09.539108+00:00
bcb5ede3cd85bdf2,Azadirachta INDICA A. Juss.,azadirachta indica a. juss.,Antelaea canescens Cels Ex Heynh. Azadirachta indica var. Minor Valeton Melia azadirachta L. Melia indica (A.Juss.) Brandis,Meliaceae,meliaceae,,,NORMALIZED_ONLY,HIGH,https://mpbd.cu.ac.bd/plants.php?pageno=76,2026-09-22T16:28:09.539108+00:00
1052104ba01ae46c,Bacopa monnieri (L.) WETTST.,bacopa monnieri (l.) wettst.,Bacopa monniera (L.) Pennel. Herpestis monniera H.B.&.K.,Scrophulariaceae,scrophulariaceae,,,NORMALIZED_ONLY,HIGH,https://mpbd.cu.ac.bd/plants.php?pageno=76,2026-09-22T16:28:09.539108+00:00
d263cf17d7df0947,Baliospermum solanifolium (BURM.) SURESH,baliospermum solanifolium (burm.) suresh,Baliospermum montanum (Willd.) Muell.- Arg. Baliospermum angulare Decne. Ex Baill. Baliospermum indicum Decne. Croton roxburghii Wall. Jatropha montana Willd. Ricinus montanus (Willd.) Wall.,Euphorbiaceae,euphorbiaceae,,,NORMALIZED_ONLY,HIGH,https://mpbd.cu.ac.bd/plants.php?pageno=76,2026-09-22T16:28:09.539108+00:00
2af967a8cf75f43c,Bambusa bambos (L.) Voss,bambusa bambos (l.) voss,Bambusa arundinacea (Retz.) Willd. Arundarbor agrestis (Lour.) Kuntze Arundo arborea Mill. Arundo bambos L. Bambos arundo J.F.Gmel. Ischurochloa arundinacea var. orientalis (Nees) Buse Nastus arundinaceus (Retz.) Sm.,Poaceae,poaceae,,,NORMALIZED_ONLY,HIGH,https://mpbd.cu.ac.bd/plants.php?pageno=76,2026-09-22T16:28:09.539108+00:00
ca1829f842a27af5,Barleria cristata L,barleria cristata l,Barleria cristata var. dichotoma (Roxb.) Prain Barleria strigosa Willd,Acanthaceae,acanthaceae,,,NORMALIZED_ONLY,HIGH,https://mpbd.cu.ac.bd/plants.php?pageno=76,2026-09-22T16:28:09.539108+00:00
c61ba3e64d3fa6d4,Barlaria STRIGOSA Willd.,barlaria strigosa willd.,Barleria caerulea Roxb. Barleria strigosa var. subglabra Kuntze Pseudobarleria hirsuta Oerst.,Acanthaceae,acanthaceae,,,NORMALIZED_ONLY,HIGH,https://mpbd.cu.ac.bd/plants.php?pageno=76,2026-09-22T16:28:09.539108+00:00
c5fd1a8a7300741f,Barringtonia ACUTANGULA (L.) Gaertn.,barringtonia acutangula (l.) gaertn.,Barringtonia acutangula subsp. Acutangula Barringtonia bicolor Craib Caryophyllus acutangulus (L.) Stokes Stravadium acutangulum (L.) Miers. Symplocos multiflora Eberh. & Dubard,Barringtoniaceae,barringtoniaceae,,,NORMALIZED_ONLY,HIGH,https://mpbd.cu.ac.bd/plants.php?pageno=76,2026-09-22T16:28:09.539108+00:00
2f6eca3fe5503ad1,Barringtonia RACEMOSA (L.) Spreng.,barringtonia racemosa (l.) spreng.,Barringtonia elongata Korth. Butonica apiculata Miers Butonica rosata (Sonn.) Miers Michelia apiculata (Miers) Kuntze Stravadium racemosum (L.) Sweet Megadendron pallidum Miers,Barringtoniaceae,barringtoniaceae,,,NORMALIZED_ONLY,HIGH,https://mpbd.cu.ac.bd/plants.php?pageno=76,2026-09-22T16:28:09.539108+00:00
687290aa3cce36bc,Basella ALBA L.,basella alba l.,Basella alba var. subcordata Hassk. Basella cordifolia Lam. Basella lucida L. Basella rubra L. Gandola nigra (Lour.) Raf.,Basellaceae,basellaceae,,,NORMALIZED_ONLY,HIGH,https://mpbd.cu.ac.bd/plants.php?pageno=77,2026-09-22T16:28:11.077554+00:00
95b54170f2a43031,Bauhinia ACUMINITA L.,bauhinia acuminita l.,Bauhinia linnaei Ali,Caesalpinaeae,caesalpinaeae,,,NORMALIZED_ONLY,HIGH,https://mpbd.cu.ac.bd/plants.php?pageno=77,2026-09-22T16:28:11.077554+00:00
7ae32a14fe8aa138,Bauhinia MACROSTACHYA Wall.,bauhinia macrostachya wall.,Bauhinia macrostachya Wall.,Caesalpinaeae,caesalpinaeae,,,NORMALIZED_ONLY,HIGH,https://mpbd.cu.ac.bd/plants.php?pageno=77,2026-09-22T16:28:11.077554+00:00
2faa2c6e64f1201c,Bauhinia MALABARICA Roxb.,bauhinia malabarica roxb.,Bauhinia acida Korth. Bauhinia rugulosa Miq. Casparea castrata (Hassk.) Hassk. Pauletia acida (Korth.) Hassk. Pauletia acida (Korth.) Hassk,Caesalpinaeae,caesalpinaeae,,,NORMALIZED_ONLY,HIGH,https://mpbd.cu.ac.bd/plants.php?pageno=77,2026-09-22T16:28:11.077554+00:00
d2e1a756a9bbb048,Bauhinia PURPUREA L.,bauhinia purpurea l.,Bauhinia castrata Blanco Bauhinia rosea Corner Caspareopsis purpurea (L.) Pittier Phanera purpurea (L.) Benth.,Caesalpinaeae,caesalpinaeae,,,NORMALIZED_ONLY,HIGH,https://mpbd.cu.ac.bd/plants.php?pageno=77,2026-09-22T16:28:11.077554+00:00
762612a4de105ec3,Bauhinia VARIEGATA L.,bauhinia variegata l.,Bauhinia chinensis (Dc.) Vogel Bauhinia decora Uribe. Bauhinia variegata var. variegate. Phanera variegata (L.) Benth,Caesalpinaeae,caesalpinaeae,,,NORMALIZED_ONLY,HIGH,https://mpbd.cu.ac.bd/plants.php?pageno=77,2026-09-22T16:28:11.077554+00:00
c2bd574d62194509,Begonia ROXBURGHII DC.,begonia roxburghii dc.,Casparya oligocarpa A.Dc. Casparya polycarpa A.Dc. Diploclinium roxburghii Miq.,Begoniaceae,begoniaceae,,,NORMALIZED_ONLY,HIGH,https://mpbd.cu.ac.bd/plants.php?pageno=77,2026-09-22T16:28:11.077554+00:00
35f13a587fc19877,Iris domestica (L.) Goldblatt & Mabb,iris domestica (l.) goldblatt & mabb,Belamcanda chinensis Leman. Belamcanda chinensis (L.) Dc. Gemmingia chinensis (L.) Kuntze,lridaceae,lridaceae,,,NORMALIZED_ONLY,HIGH,https://mpbd.cu.ac.bd/plants.php?pageno=77,2026-09-22T16:28:11.077554+00:00
dc68803cc273d1b6,Benincasa HISPIDA (Thunb.) Cogn.,benincasa hispida (thunb.) cogn.,Benincasa cerifera Savi. Benincasa hispida var. Hispida Cucurbita farinosa Blume Gymnopetalum septemlobum Miq. Lagenaria vulgaris var. hispida (Thunb.) Nakai Cucurbita hispida Thun,Cucurbitaceae,cucurbitaceae,,,POTENTIAL_DUPLICATE,MEDIUM,https://mpbd.cu.ac.bd/plants.php?pageno=77,2026-09-22T16:28:11.077554+00:00
88f35b4050706686,Biophytum SENSITIVUM (L.) DC.,biophytum sensitivum (l.) dc.,Biophytum bogoroense De Wild. Biophytum cumingii Klotzsch Biophytum nervifolium Thwaites Biophytum somnulentum Goebel Oxalis sensitiva L.,Oxalidaceae,oxalidaceae,,,NORMALIZED_ONLY,HIGH,https://mpbd.cu.ac.bd/plants.php?pageno=77,2026-09-22T16:28:11.077554+00:00
6769a560e2210337,Bixa ORELLANA L.,bixa orellana l.,Bixa americana Poir. Bixa purpurea Sweet Orellana americana (Poir.) Kuntze,Bixaceae,bixaceae,,,NORMALIZED_ONLY,HIGH,https://mpbd.cu.ac.bd/plants.php?pageno=78,2026-09-22T16:28:12.612172+00:00
88c8bfa94a3bd939,Blumea BALSAMIFERA DC,blumea balsamifera dc,Baccharis salvia Lour. Blumea grandis Dc. Conyza balsamifera L. Pluchea balsamifera (L.) Less.,Asteraceae,asteraceae,,,NORMALIZED_ONLY,HIGH,https://mpbd.cu.ac.bd/plants.php?pageno=78,2026-09-22T16:28:12.612172+00:00
c6407a4cdeaf5c4c,Blumea CLERKEI Hook. f.,blumea clerkei hook. f.,-,Asteraceae,asteraceae,,,NORMALIZED_ONLY,HIGH,https://mpbd.cu.ac.bd/plants.php?pageno=78,2026-09-22T16:28:12.612172+00:00
3a4a969fb312db9a,Blumea LACERA (Burn.f.) DC.,blumea lacera (burn.f.) dc.,Baccharis auriculata Wall. ex Dc. Blumea cernua Dc. Blumea dregeana Dc. Conyza amoena Link Senecio velutinus H.Lév. & Vaniot,Asteraceae,asteraceae,,,NORMALIZED_ONLY,HIGH,https://mpbd.cu.ac.bd/plants.php?pageno=78,2026-09-22T16:28:12.612172+00:00
f800952946938658,Boehmeria MALABARICA Wedd.,boehmeria malabarica wedd.,-,Urticaceae,urticaceae,,,NORMALIZED_ONLY,HIGH,https://mpbd.cu.ac.bd/plants.php?pageno=78,2026-09-22T16:28:12.612172+00:00
f3bea1fc89a22db6,Boerhaavia DIFFUSA L.,boerhaavia diffusa l.,Boerhaaviarepens L.,Nyctaginaceae,nyctaginaceae,,,NORMALIZED_ONLY,HIGH,https://mpbd.cu.ac.bd/plants.php?pageno=78,2026-09-22T16:28:12.612172+00:00
e578c22cd83ed57b,Boesenbergia LONGIFLORA Kuntze.,boesenbergia longiflora kuntze.,Gastrochilus longiflorua Wall. Boesenbergia fallax Loes. Curcumorpha longiflora (Wall.) A.S.Rao & D.M.Verma Gastrochilus jenkinsii Wall. ex Voigt Gastrochilus longiflorus Wall.,Zingiberaceae,zingiberaceae,,,NORMALIZED_ONLY,HIGH,https://mpbd.cu.ac.bd/plants.php?pageno=78,2026-09-22T16:28:12.612172+00:00
e88aa027cf0bbafb,Bombax CEIBA L.,bombax ceiba l.,Salmalia malabarica DC. Bombax malabaricum DC. Bombax aculeatum L. Bombax heptaphyllum Cav. Gossampinus malabarica Merr. Melaleuca grandiflora Blanco Salmalia malabarica (Dc.) Schott,Bombacaceae,bombacaceae,,,NORMALIZED_ONLY,HIGH,https://mpbd.cu.ac.bd/plants.php?pageno=78,2026-09-22T16:28:12.612172+00:00
251e14515e505da6,Borassus FLABELLIFER L.,borassus flabellifer l.,Borassus flabelliformis L. Borassus sundaicus Becc. Pholidocarpus tunicatus (Lour.) H.Wendl. Thrinax tunicata (Lour.) Rollisson,Asteraceae,asteraceae,,,NORMALIZED_ONLY,HIGH,https://mpbd.cu.ac.bd/plants.php?pageno=78,2026-09-22T16:28:12.612172+00:00
b684d61545e46373,Spermacoce articularis L.f.,spermacoce articularis l.f.,Borreria articularis (L. f.) F. N. Will. Spermacoce flexuosa Lour. Spermacoce longicaulis R.Br. ex G.Don Spermacoce scabra Willd.,Rubiaceae,rubiaceae,,,NORMALIZED_ONLY,HIGH,https://mpbd.cu.ac.bd/plants.php?pageno=78,2026-09-22T16:28:12.612172+00:00
ab4e93e2e9e5b612,Boswellia SERRATA Roxb.,boswellia serrata roxb.,Boswellia balsamifera Spreng. Boswellia glabra Roxb. Boswellia thurifera Roxb. ex Fleming Chloroxylon dupada Buch.-Ham.,Burseraceae,burseraceae,,,NORMALIZED_ONLY,HIGH,https://mpbd.cu.ac.bd/plants.php?pageno=79,2026-09-22T16:28:14.142363+00:00
b1d66f9d7abf441f,Brassica NIGRA (L.) Koch.,brassica nigra (l.) koch.,Brassica sinapioides Roth Crucifera sinapis (L.) E.H.L.Krause Melanosinapis nigra (L.) Calest. Mutarda nigra (L.) Bernh. Sinapis nigra L. Sisymbrium nigrum (L.) Prantl,Brassicaceae,brassicaceae,,,NORMALIZED_ONLY,HIGH,https://mpbd.cu.ac.bd/plants.php?pageno=79,2026-09-22T16:28:14.142363+00:00
3740b3c00d88a3f1,Breynia RETUSA (Dennst.) Alston.,breynia retusa (dennst.) alston.,Breynia angustifolia Hook.f. Breynia patens (Roxb.) Rolfe Melanthesa retusa (Dennst.) Kostel. Phyllanthus patens Roxb. Sauropus elegantissimus Ridl. Phyllanthus retusus Dennst.,Euphorbiaceae,euphorbiaceae,,,NORMALIZED_ONLY,HIGH,https://mpbd.cu.ac.bd/plants.php?pageno=79,2026-09-22T16:28:14.142363+00:00
65bf8caa4d32e229,Bridelia RETUSA (L.) Spreng.,bridelia retusa (l.) spreng.,Bridelia chineensis Thin Bridelia fruticosa Pers. Clutia retusa L. Clutia squamosa Lam.,Euphorbiaceae,euphorbiaceae,,,NORMALIZED_ONLY,HIGH,https://mpbd.cu.ac.bd/plants.php?pageno=79,2026-09-22T16:28:14.142363+00:00
b7aa4fa8ed1a627d,Bridelia STIPULARIS Bl.,bridelia stipularis bl.,Bridelia scandens (Roxb.) Willd. Bridelia zollingeri Miq. Clutia scandens Roxb. Clutia stipularis L.,Euphorbiaceae,euphorbiaceae,,,NORMALIZED_ONLY,HIGH,https://mpbd.cu.ac.bd/plants.php?pageno=79,2026-09-22T16:28:14.142363+00:00
195510dc93f33afe,Buchanania cochinchinensis (Lour.) M.R.Almeida,buchanania cochinchinensis (lour.) m.r.almeida,Buchanania lanzan Spreng. Buchanania latifolia Roxb.,Anacardiaceae,anacardiaceae,,,NORMALIZED_ONLY,HIGH,https://mpbd.cu.ac.bd/plants.php?pageno=79,2026-09-22T16:28:14.142363+00:00
4f4adb6eaea48a33,Buddleja NEEMDA Buch.-Ham.,buddleja neemda buch.-ham.,Buddleja asiaticaLour.,Buddlejaceae,buddlejaceae,,,NORMALIZED_ONLY,HIGH,https://mpbd.cu.ac.bd/plants.php?pageno=79,2026-09-22T16:28:14.142363+00:00
fbe3913d878e38a8,Byttneria pilosa Roxb.,byttneria pilosa roxb.,Byttneria elegans Ridl. Byttneria pilosa var. pellita Gagnep. Chaetaea pilosa (Roxb.) Adelb. Commersonia pilosa G.Don,Sterculiaceae,sterculiaceae,,,NORMALIZED_ONLY,HIGH,https://mpbd.cu.ac.bd/plants.php?pageno=79,2026-09-22T16:28:14.142363+00:00
cc51b48e3e6bcff9,Butea MONOSPERMA (Lam.) Taub.,butea monosperma (lam.) taub.,Butea braamania Dc. Butea frondosa Roxb. Erythrina monosperma Lam. Plaso monosperma (Lam.) Kuntze Rudolphia frondosa (Willd.) Poir.,Fabaceae,fabaceae,,,NORMALIZED_ONLY,HIGH,https://mpbd.cu.ac.bd/plants.php?pageno=79,2026-09-22T16:28:14.142363+00:00
4043e58f8759a322,Caesalpinia BONDUC (L.) Roxb.,caesalpinia bonduc (l.) roxb.,Bonduc minus Medik. Caesalpinia crista Thunb. Guilandina bonducella L. Guilandina gemina Lour.,Caesalpiniaceae,caesalpiniaceae,,,NORMALIZED_ONLY,HIGH,https://mpbd.cu.ac.bd/plants.php?pageno=79,2026-09-22T16:28:14.142363+00:00
94d7eb52ee736a31,Caesalpinia DIGYNA Rottl.,caesalpinia digyna rottl.,Caesalpinia gracilis Miq. Caesalpinia oleosperma Roxb,Caesalpinaeae,caesalpinaeae,,,NORMALIZED_ONLY,HIGH,https://mpbd.cu.ac.bd/plants.php?pageno=80,2026-09-22T16:28:15.670864+00:00
f1dc31f862d3a083,Caesalpinia PULCHERIMA Sw.,caesalpinia pulcherima sw.,Caesalpinia pulcherrima var. flava Bailey & Rehder Poinciana bijuga Burm.F. Poinciana elata Lour. Poinciana pulcherrima,Caesalpinaeae,caesalpinaeae,,,NORMALIZED_ONLY,HIGH,https://mpbd.cu.ac.bd/plants.php?pageno=80,2026-09-22T16:28:15.670864+00:00
1b0b349ac7016f40,Cajanus cajan (L.) Millsp.,cajanus cajan (l.) millsp.,Cajanus cajan (L.) Huth. Cajan indorum Medik. Cajanus bicolor Dc. Cytisus cajan L. Phaseolus balicus L.,Fabaceae,fabaceae,,,NORMALIZED_ONLY,HIGH,https://mpbd.cu.ac.bd/plants.php?pageno=80,2026-09-22T16:28:15.670864+00:00
a0a1475c9b8d8dce,Callicarpa MACROPHYLLA Vahl.,callicarpa macrophylla vahl.,Callicarpa dunniana H.Lév. Callicarpa incana Roxb. Callicarpa macrophylla var. griffithii C.B.Clarke Callicarpa macrophylla var. kouytchensis H.Lév.,Verbenaceae,verbenaceae,,,NORMALIZED_ONLY,HIGH,https://mpbd.cu.ac.bd/plants.php?pageno=80,2026-09-22T16:28:15.670864+00:00
cac83783ea9b1bc5,Callicarpa TOMENTOSA (L.) Merr.,callicarpa tomentosa (l.) merr.,Callicarpa arboreaRoxb. Callicarpa lobata C.B.Clarke Callicarpa tomentosa var. lanata (L.) Bakh. Callicarpa villosa Vahl Tomex tomentosa L.,Verbenaceae,verbenaceae,,,NORMALIZED_ONLY,HIGH,https://mpbd.cu.ac.bd/plants.php?pageno=80,2026-09-22T16:28:15.670864+00:00
5c0ffd2c03b59233,Calophyllum INOPHYLLUM L.,calophyllum inophyllum l.,Balsamaria inophyllum Lour. Calophyllum bingator Roxb. Calophyllum blumei Wight Calophyllum spurium Choisy,Guttiferae,guttiferae,,,NORMALIZED_ONLY,HIGH,https://mpbd.cu.ac.bd/plants.php?pageno=80,2026-09-22T16:28:15.670864+00:00
786eb2cdc0b83d71,Calotropis GIGANTEA (L.) R. Br.,calotropis gigantea (l.) r. br.,Calotropis gigantea (L.) R. Br. Asclepias gigantea L. Madorius giganteus (L.) Kuntze Periploca cochinchinensis Lour.,Asclepiadaceae,asclepiadaceae,,,NORMALIZED_ONLY,HIGH,https://mpbd.cu.ac.bd/plants.php?pageno=80,2026-09-22T16:28:15.670864+00:00
4cf1bacce3255c97,Calotropis PROCERA (Aiton) Dryand.,calotropis procera (aiton) dryand.,Asclepias patula Decne. Asclepias procera Aiton Calotropis inflexa Chiov. Madorius procerus (Aiton) Kuntze Calotropis procera R. Br.,Asclepiadaceae,asclepiadaceae,,,NORMALIZED_ONLY,HIGH,https://mpbd.cu.ac.bd/plants.php?pageno=80,2026-09-22T16:28:15.670864+00:00
c6721f6e052e43af,Getonia floribunda ROXB.,getonia floribunda roxb.,Calycopteris floribunda Lam. Calycopteris nutans (Roxb.) Kurz Getonia nitida Roth Poivrea sericea Walp..,Combretaceae,combretaceae,,,NORMALIZED_ONLY,HIGH,https://mpbd.cu.ac.bd/plants.php?pageno=80,2026-09-22T16:28:15.670864+00:00
8e46ab1a34f315e9,Camellia sinensis (L.) O. Kuntze.,camellia sinensis (l.) o. kuntze.,Camellia bohea (L.) Sweet Camellia chinensis (Sims) Kuntze Camellia viridis Sweet Thea bohea L. Thea viridis L.,Theaceae,theaceae,,,NORMALIZED_ONLY,HIGH,https://mpbd.cu.ac.bd/plants.php?pageno=80,2026-09-22T16:28:15.670864+00:00
97646aade2be8f4f,Canarium BENGALENSE Roxb.,canarium bengalense roxb.,-,Burseraceae,burseraceae,,,NORMALIZED_ONLY,HIGH,https://mpbd.cu.ac.bd/plants.php?pageno=81,2026-09-22T16:28:17.204612+00:00
35b964afbce59b07,Canna INDICA L.,canna indica l.,Canna orientalis Rosc. Canna achiras Gill. Canna coccinea Mill. Canna discolor Lindl. Canna lutea Mill. Cannacorus indicus (L.) Medik. Xyphostylis lutea (Mill.) Raf.,Cannaceae,cannaceae,,,NORMALIZED_ONLY,HIGH,https://mpbd.cu.ac.bd/plants.php?pageno=81,2026-09-22T16:28:17.204612+00:00
0fc12c8ed214f857,Cannabis SATIVA L.,cannabis sativa l.,Cannabis indica Lamk. Cannabis chinensis Delile Cannabis erratica Siev. Cannabis indica Lam. Cannabis macrosperma Stokes,Cannabidaceae,cannabidaceae,,,NORMALIZED_ONLY,HIGH,https://mpbd.cu.ac.bd/plants.php?pageno=81,2026-09-22T16:28:17.204612+00:00
e1de547c1650d9c3,Magnolia champaca (L.)Baill.exPierre,magnolia champaca (l.)baill.expierre,Michelia champaca L. Champaca michelia Noronha Michelia aurantiaca Wall. Michelia rufinervis DC. Sampacca suaveolens (Pers.) Kuntze,Magnoliaceae,magnoliaceae,,,NORMALIZED_ONLY,HIGH,https://mpbd.cu.ac.bd/plants.php?pageno=81,2026-09-22T16:28:17.204612+00:00
5fa25e496a532078,Zehneria scabra Sond.,zehneria scabra sond.,Bryonia cordataThunb. Bryonia scabraL.f. Melothria cordataCogn. Pilogyne scabra(L. f.) W.J. de Wilde & Duyfjes,Cucurbitaceae,cucurbitaceae,,,NORMALIZED_ONLY,HIGH,https://mpbd.cu.ac.bd/plants.php?pageno=81,2026-09-22T16:28:17.204612+00:00
930fe13c32955832,Solenaamplexicaulis(lam.) gandhi.,solenaamplexicaulis(lam.) gandhi.,Melothria heterophylla (Lour.) Cogn. Melothria amplexicaulis(Lam.) Cogn. Momordica umbellata(Klein ex Willd.) Roxb. Zehneria umbellata(Klein ex Willd.) Thwaites,Cucurbitaceae,cucurbitaceae,,,NORMALIZED_ONLY,HIGH,https://mpbd.cu.ac.bd/plants.php?pageno=81,2026-09-22T16:28:17.204612+00:00
bdc5fa0aa311f5fd,Cochlospermum religiosum (L.) Alston,cochlospermum religiosum (l.) alston,Bombax religiosumL. Cochlospermum balicumBoerl.,Vixaceae,vixaceae,,,NORMALIZED_ONLY,HIGH,https://mpbd.cu.ac.bd/plants.php?pageno=81,2026-09-22T16:28:17.204612+00:00
5ddb5911a11cc88f,Gynocardia odorata R. Br.,gynocardia odorata r. br.,Chaulmoogra odorataRoxb. Chilmoriado decandraBuch.-Ham. Gynocardia antisyphiliticaPierre ex Tschirch Gynocardia prainiiDesprez,-,-,,,NORMALIZED_ONLY,HIGH,https://mpbd.cu.ac.bd/plants.php?pageno=81,2026-09-22T16:28:17.204612+00:00
6c53883e26d7a764,Drosera peltata Thunb.,drosera peltata thunb.,Drosera gracilisHook.f. ex Planch. Drosera lobbianaTurcz. Drosera muscipulaRoyle Sondera peltata(Thunb.) Chrtek & Slavíková FAMILY: Droseraceae,-,-,,,NORMALIZED_ONLY,HIGH,https://mpbd.cu.ac.bd/plants.php?pageno=81,2026-09-22T16:28:17.204612+00:00
b0c37e335f2f6f74,Sida rhombifolia L.,sida rhombifolia l.,Diadesma rhombifolia(L.) Raf. Malva rhombifolia(L.) E.H.L.Krause Napaea rhombifolia(L.) Moench SidaalbaCav.,Malvaceae,malvaceae,,,NORMALIZED_ONLY,HIGH,https://mpbd.cu.ac.bd/plants.php?pageno=81,2026-09-22T16:28:17.204612+00:00
3103e745ff8101e6,Sida orientaliscav.,sida orientaliscav.,-,Malvaceae,malvaceae,,,NORMALIZED_ONLY,HIGH,https://mpbd.cu.ac.bd/plants.php?pageno=82,2026-09-22T16:28:18.752399+00:00
cf25f26d14494d79,Sida cordifolia L.,sida cordifolia l.,Sida altheifoliaSw. Sida confertaLink Sida herbaceaCav. Sida rotundifoliaLam. ex Cav. FAMILY: Malvaceae,-,-,,,POTENTIAL_DUPLICATE,MEDIUM,https://mpbd.cu.ac.bd/plants.php?pageno=82,2026-09-22T16:28:18.752399+00:00
389df43c3b522ac2,Sidacordata(burm.f.) borss.waalk.,sidacordata(burm.f.) borss.waalk.,Melochia cordataBurm.f. Sida humilisCav. Sida multicaulisCav. Sida veronicifoliaLam.,Malvaceae,malvaceae,,,NORMALIZED_ONLY,HIGH,https://mpbd.cu.ac.bd/plants.php?pageno=82,2026-09-22T16:28:18.752399+00:00
b432bc87e8a0b448,Sida acuta Burm. f.,sida acuta burm. f.,Malvinda carpinifolia(L.f.) Medik. Sida balbisianaDC. Sida frutescensCav. SidastipulataCav.,Malvaceae,malvaceae,,,POTENTIAL_DUPLICATE,MEDIUM,https://mpbd.cu.ac.bd/plants.php?pageno=82,2026-09-22T16:28:18.752399+00:00
a43b815a17d2a429,Malva sylvestris L.,malva sylvestris l.,Althaea godroniiAlef. Althaea mauritianaAlef. Malva ambiguaGuss. Malva mauritianaL.,Malvaceae,malvaceae,,,NORMALIZED_ONLY,HIGH,https://mpbd.cu.ac.bd/plants.php?pageno=82,2026-09-22T16:28:18.752399+00:00
3f6c637570deb0e2,Hibiscus schizopetalus (Mast.) Hook. f.,hibiscus schizopetalus (mast.) hook. f.,Hibiscusrosa-sinensisvar.schizopetalusDyer,Malvaceae,malvaceae,,,NORMALIZED_ONLY,HIGH,https://mpbd.cu.ac.bd/plants.php?pageno=82,2026-09-22T16:28:18.752399+00:00
4a6efb00f777bb08,Althaea officinalis L.,althaea officinalis l.,Althaea kragujevacensisPan?i? Althaea sublobataStokes Althaea taurinensisDC. Althaea vulgarisBubani,-,-,,,NORMALIZED_ONLY,HIGH,https://mpbd.cu.ac.bd/plants.php?pageno=82,2026-09-22T16:28:18.752399+00:00
4ee2071905b8584b,Bombax insigne Wall.,bombax insigne wall.,Bombax scopulorumDunn Bombax tenebrosumDunn Gossampinus insignisBakh. Salmalia insignis(Wall.) Schott & Endl,Bombaceae,bombaceae,,,NORMALIZED_ONLY,HIGH,https://mpbd.cu.ac.bd/plants.php?pageno=82,2026-09-22T16:28:18.752399+00:00
a02bc7f09f4b25c7,Firmiana simplex(l.) W.Wight.,firmiana simplex(l.) w.wight.,Sterculia urens Roxb. Clompanu ssimplex(L.) Kuntze Culhamia simplex(L.) Nakai Hibiscus simplexL. Sterculia simplex(L.) Druce,Sterculaceae,sterculaceae,,,NORMALIZED_ONLY,HIGH,https://mpbd.cu.ac.bd/plants.php?pageno=82,2026-09-22T16:28:18.752399+00:00
c67c9c938181faa7,Sterculia lanceifolia Roxb.,sterculia lanceifolia roxb.,Sterculia roxburghii Wall.,Sterculiaceae,sterculiaceae,,,NORMALIZED_ONLY,HIGH,https://mpbd.cu.ac.bd/plants.php?pageno=82,2026-09-22T16:28:18.752399+00:00
6b9d73777e54cd6a,Pentapetes phoenicea L.,pentapetes phoenicea l.,Blattaria phoeniceaKuntze Brotera phoenicea(L.) Cav. Cavanil la poeniceaJ.F.Gmel. Dombeya phoeniceaCav. Eriorhaphe phoenicea(L.) Bamps,Sterculaceae,sterculaceae,,,NORMALIZED_ONLY,HIGH,https://mpbd.cu.ac.bd/plants.php?pageno=83,2026-09-22T16:28:20.283129+00:00
161e63ed8a6d8909,Microcos paniculata L.,microcos paniculata l.,-,Tiliaceae,tiliaceae,,,NORMALIZED_ONLY,HIGH,https://mpbd.cu.ac.bd/plants.php?pageno=83,2026-09-22T16:28:20.283129+00:00
de849fcf4b356131,Melochia corchorifolia L.,melochia corchorifolia l.,Lochemia corchorifoliaArn. Mougeotia corchorifolia(L.) Kunth Riedlea corchorifolia(L.) DC. Riedlea corchorifolia(L.) DC. Viseniacorchorifolia(L.) Spreng.,Tiliaceae,tiliaceae,,,POTENTIAL_DUPLICATE,MEDIUM,https://mpbd.cu.ac.bd/plants.php?pageno=83,2026-09-22T16:28:20.283129+00:00
0a29cdb71ba14dfe,Corchorus fascicularis Lam.,corchorus fascicularis lam.,Corchorus brachycarpusGuill. & Perr.,Tiliaceae,tiliaceae,,,NORMALIZED_ONLY,HIGH,https://mpbd.cu.ac.bd/plants.php?pageno=83,2026-09-22T16:28:20.283129+00:00
b53c0e6c8ded0c38,Corchorus aestuans L.,corchorus aestuans l.,Corchorus acutangulusLam. Corchorus brevicaulisHosok. Corchorus campestrisMacfad. Corchorus furcatusG.Don,Tiliaceae,tiliaceae,,,NORMALIZED_ONLY,HIGH,https://mpbd.cu.ac.bd/plants.php?pageno=83,2026-09-22T16:28:20.283129+00:00
0ac0866f9612ca53,Elaeocarpus serratusl.,elaeocarpus serratusl.,Elaeocarpu ssphaericus(Gaertn.) K.Schum. [Illegitimate] Elaeocarpus ganitrusRoxb. ex G.Don Elaeocarpus malabaricusOken Ganitrus roxburghiiWight Ganitrus sphaericaGaertn.,Elaeocareaceae,elaeocareaceae,,,NORMALIZED_ONLY,HIGH,https://mpbd.cu.ac.bd/plants.php?pageno=83,2026-09-22T16:28:20.283129+00:00
21f4bda5b354352c,Hypericum japonicum Thunb.,hypericum japonicum thunb.,Ascyrum humifusumLabill. Brathys japonica(Thunb.) Wight Hypericum chinenseOsbeck Sarothrajaponica(Thunb.) Y. Kimura,Clusiaceae,clusiaceae,,,POTENTIAL_DUPLICATE,MEDIUM,https://mpbd.cu.ac.bd/plants.php?pageno=83,2026-09-22T16:28:20.283129+00:00
ac9806c188a593f3,Calophyllum polyanthumwall.ex Choisy,calophyllum polyanthumwall.ex choisy,-,Clusiaceae,clusiaceae,,,NORMALIZED_ONLY,HIGH,https://mpbd.cu.ac.bd/plants.php?pageno=83,2026-09-22T16:28:20.283129+00:00
31affef7bf8eda21,Schima wallichii Choisy,schima wallichii choisy,-,Theaceae,theaceae,,,NORMALIZED_ONLY,HIGH,https://mpbd.cu.ac.bd/plants.php?pageno=83,2026-09-22T16:28:20.283129+00:00
9d8d4797cae18185,Shorea robusta Gaertn.,shorea robusta gaertn.,Shorea robusta Roxb. ex Gaertn. f.,Dipterocarpaceae,dipterocarpaceae,,,POTENTIAL_DUPLICATE,MEDIUM,https://mpbd.cu.ac.bd/plants.php?pageno=84,2026-09-22T16:28:21.815451+00:00
6cb1449741637c30,Dipterocarpus turbinatus Gaertn.,dipterocarpus turbinatus gaertn.,Dipterocarpus jourdainiiPierre ex Laness. Dipterocarpus laevisBuch.-Ham. DipterocarpusmayapisBlanco,Dipterocarpaceae,dipterocarpaceae,,,NORMALIZED_ONLY,HIGH,https://mpbd.cu.ac.bd/plants.php?pageno=84,2026-09-22T16:28:21.815451+00:00
1a98540395a4294c,Tetracera sarmentosa (L.) Vahl,tetracera sarmentosa (l.) vahl,Seguieria asiaticaLour. Tetracera asiatica(Lour.) Hoogland Tetracera levineiMerr.,Dilleniaceae,dilleniaceae,,,NORMALIZED_ONLY,HIGH,https://mpbd.cu.ac.bd/plants.php?pageno=84,2026-09-22T16:28:21.815451+00:00
610f76ffdccffd88,Dillenia indica L.,dillenia indica l.,Dillenia elongataMiq. Dillenia indicaf.elongata(Miq.) Miq.,Dilleniaceae,dilleniaceae,,,POTENTIAL_DUPLICATE,MEDIUM,https://mpbd.cu.ac.bd/plants.php?pageno=84,2026-09-22T16:28:21.815451+00:00
8453ce83f84406ff,Rheum emodi L.,rheum emodi l.,-,Polygonaceae,polygonaceae,,,NORMALIZED_ONLY,HIGH,https://mpbd.cu.ac.bd/plants.php?pageno=84,2026-09-22T16:28:21.815451+00:00
c07108c1a1d1fd8b,Polygonum pubescens Blume,polygonum pubescens blume,Persicaria flaccida(Meisn.) Nakai ex Sasaki Persicaria pubescens(Blume) H. Hara Polygonum flaccidumMeisn. Polygonum oryzetorumBlume,Polygonaceae,polygonaceae,,,NORMALIZED_ONLY,HIGH,https://mpbd.cu.ac.bd/plants.php?pageno=84,2026-09-22T16:28:21.815451+00:00
bc86f062ddd74dcf,Polygonum aviculare L.,polygonum aviculare l.,Avicularia vulgarisDidr. Centinodium axillareMontandon Polygonum aphyllumKrock. Polygonum rubescensSmall,Polygonaceae,polygonaceae,,,NORMALIZED_ONLY,HIGH,https://mpbd.cu.ac.bd/plants.php?pageno=84,2026-09-22T16:28:21.815451+00:00
c0e55bd0f39d5487,Polygonum viscosumbuch.-ham. ex D. Don.,polygonum viscosumbuch.-ham. ex d. don.,Persicaria viscosa(Buch.-Ham. ex D. Don) H. Gross ex Nakai Persicaria kuekenthaliiH. Lév. Polygonum kuekenthaliiH. Lév.,Polygonaceae,polygonaceae,,,NORMALIZED_ONLY,HIGH,https://mpbd.cu.ac.bd/plants.php?pageno=84,2026-09-22T16:28:21.815451+00:00
57b2212b901cb9ac,Persicaria strigosa (R. Br.) Nakai,persicaria strigosa (r. br.) nakai,PolygonumbodinieriH. Lév. & Vaniot PolygonumstrigosumR.Br. Tracaulonstrigosum(R. Br.) Greene Truellumstrigosum(R.Br.) Soják,Polygonaceae,polygonaceae,,,NORMALIZED_ONLY,HIGH,https://mpbd.cu.ac.bd/plants.php?pageno=84,2026-09-22T16:28:21.815451+00:00
00f6f5166225ed9e,Persicaria stagnina (Buch.-Ham. ex Meisn.)Qaiser,persicaria stagnina (buch.-ham. ex meisn.)qaiser,Persicaria barbatasubsp.stagnina(Buch.-Ham. ex Meisn.) Soják Polygonum stagninumBuch.-Ham. ex Meisn.,Polygonaceae,polygonaceae,,,NORMALIZED_ONLY,HIGH,https://mpbd.cu.ac.bd/plants.php?pageno=84,2026-09-22T16:28:21.815451+00:00
f1387442b7e84127,Persicaria lapathifolia (L.) Delarbre,persicaria lapathifolia (l.) delarbre,Persicaria tomentosa (Schrank) E.P.Bicknell DiscolentalapathifoliaRaf. Persicarialinicola(Sutulov) Nenukow Persicariascabra(Moench) Moldenke Peutalisnodosa(Pers.) Raf.,Polygonaceae,polygonaceae,,,NORMALIZED_ONLY,HIGH,https://mpbd.cu.ac.bd/plants.php?pageno=85,2026-09-22T16:28:23.351996+00:00
548fbac5dccf8975,Persicaria chinensis (L.) H. Gross,persicaria chinensis (l.) h. gross,Polygonum chinenseL.,Polygonaceae,polygonaceae,,,NORMALIZED_ONLY,HIGH,https://mpbd.cu.ac.bd/plants.php?pageno=85,2026-09-22T16:28:23.351996+00:00
5b11d5dc463ef180,Polycarpon prostratum (Forssk.) Asch. & Schweinf.,polycarpon prostratum (forssk.) asch. & schweinf.,Alsine prostrataForssk. Arenaria prostrata(Forssk.) Ser. Polycarpa prostrata(Forssk.) Kuntze Robbairea prostrata(Forssk.) Boiss. Spergularia prostrata(Forssk.) G.Don,Caryophyllaceae,caryophyllaceae,,,NORMALIZED_ONLY,HIGH,https://mpbd.cu.ac.bd/plants.php?pageno=85,2026-09-22T16:28:23.351996+00:00
343304f253e6b1b6,Drymaria cordata subsp.diandra (Blume) J.A.Duke.,drymaria cordata subsp.diandra (blume) j.a.duke.,Drymaria diandraBlume Drymaria retusaWight & Arn.,Caryophyllaceae,caryophyllaceae,,,NORMALIZED_ONLY,HIGH,https://mpbd.cu.ac.bd/plants.php?pageno=85,2026-09-22T16:28:23.351996+00:00
be9a2422e5862ec4,portulaca grandiflora Hook.,portulaca grandiflora hook.,Portulaca hilaireanaG. Don Portulaca immersostellulataPoelln. Portulaca mendocinensisGillies ex Hook. Portulaca multistaminataPoelln. Mollugo pentaphylla L.,-,-,,,NORMALIZED_ONLY,HIGH,https://mpbd.cu.ac.bd/plants.php?pageno=85,2026-09-22T16:28:23.351996+00:00
bff587af46ded957,Cyathula prostrata (L.) Blume,cyathula prostrata (l.) blume,Achyranthes diffusa Moench Achyranthes prostrata L. Desmochaeta prostrata (L.) DC. Pupalia prostrata(L.) Mart.,Amaranthaceae,amaranthaceae,,,NORMALIZED_ONLY,HIGH,https://mpbd.cu.ac.bd/plants.php?pageno=85,2026-09-22T16:28:23.351996+00:00
86813a168a915073,Amaranthus tricolor L.,amaranthus tricolor l.,Amaranthus gangeticus L. Amaranthus amboinicus Buch.-Ham. ex Wall. Blitumgan geticum Moench Glomeraria tricolor (L.) Cav.,Amaranthaceae,amaranthaceae,,,NORMALIZED_ONLY,HIGH,https://mpbd.cu.ac.bd/plants.php?pageno=85,2026-09-22T16:28:23.351996+00:00
8d4964df6bf7ae35,Bougainvillea spectabilis Willd,bougainvillea spectabilis willd,Bougainvillea bracteata Pers. Bougainvillea brasiliensis Raeusch. Bougainvillea speciosa Schnizl. Bougainvillea virescens Choisy,Nyctaginaceae,nyctaginaceae,,,NORMALIZED_ONLY,HIGH,https://mpbd.cu.ac.bd/plants.php?pageno=85,2026-09-22T16:28:23.351996+00:00
20b877f4b343180a,Corylus avellana L.,corylus avellana l.,Corylus albaAiton ex Steud. Corylus filicifoliaA.DC. Corylus grandisAiton Corylus pumilaLodd. ex Loudon,Betulaceae,betulaceae,,,NORMALIZED_ONLY,HIGH,https://mpbd.cu.ac.bd/plants.php?pageno=85,2026-09-22T16:28:23.351996+00:00
6cbcf8ac4ce6dde1,Quercus infectoria G.Olivier,quercus infectoria g.olivier,Quercus carpineaKotschy ex A.DC. Quercus grosseserrataKotschy ex Wenz. Quercus puberulaO.Schwarz Quercus thirkeanaK.Koch,Fagaceae,fagaceae,,,NORMALIZED_ONLY,HIGH,https://mpbd.cu.ac.bd/plants.php?pageno=85,2026-09-22T16:28:23.351996+00:00
f08547f7029a3326,Sarcochlamys pulcherrima Gaudich.,sarcochlamys pulcherrima gaudich.,Sphaerotylos medogensis C.J. Chen Urtica pulcherrima Roxb.,Urticaceae,urticaceae,,,NORMALIZED_ONLY,HIGH,https://mpbd.cu.ac.bd/plants.php?pageno=86,2026-09-22T16:28:24.880404+00:00
09d802440186ad36,Pouzolzia sanguinea (Blume.) Merrill,pouzolzia sanguinea (blume.) merrill,Pouzolzia ovalis Miq. Urtica sanguinea Blume Pouzolzia sanguinea var.sanguinea,Urticaceae,urticaceae,,,NORMALIZED_ONLY,HIGH,https://mpbd.cu.ac.bd/plants.php?pageno=86,2026-09-22T16:28:24.880404+00:00
32cfa1014b8ede1e,Pouzolzia hirta Blume ex Hassk.,pouzolzia hirta blume ex hassk.,-,Urticaceae,urticaceae,,,NORMALIZED_ONLY,HIGH,https://mpbd.cu.ac.bd/plants.php?pageno=86,2026-09-22T16:28:24.880404+00:00
9622d297c0390dfb,Fleurya interrupta Gaud.,fleurya interrupta gaud.,-,-,-,,,NORMALIZED_ONLY,HIGH,https://mpbd.cu.ac.bd/plants.php?pageno=86,2026-09-22T16:28:24.880404+00:00
2089d55ec35741b4,Elatostema rupestre(buch.-ham. ex D.Don) Wedd.,elatostema rupestre(buch.-ham. ex d.don) wedd.,Elatostema zollingerianum Miq. Procris rupestris Buch.-Ham. ex D. Don,Urticaceae,urticaceae,,,NORMALIZED_ONLY,HIGH,https://mpbd.cu.ac.bd/plants.php?pageno=86,2026-09-22T16:28:24.880404+00:00
34777bb0bbd11aec,Elatostema papillosum Wedd.,elatostema papillosum wedd.,-,Urticaceae,urticaceae,,,NORMALIZED_ONLY,HIGH,https://mpbd.cu.ac.bd/plants.php?pageno=86,2026-09-22T16:28:24.880404+00:00
70c5d19d2feeec9c,Boehmeria nivea (L.) Gaudich.,boehmeria nivea (l.) gaudich.,Boehmeria candicans Hassk. Boehmeria nipononivea Koidz. Ramium niveum (L.) Kuntze Urticanivea L.,Urticaceae,urticaceae,,,NORMALIZED_ONLY,HIGH,https://mpbd.cu.ac.bd/plants.php?pageno=86,2026-09-22T16:28:24.880404+00:00
fec63132b0b546da,Ficus sagittata Vahl,ficus sagittata vahl,Ficus sagittata Koenig ex Vahl Ficus carophyllaMiq. Ficus lanaoensisMerr. ex Sata Ficus radicansDesf.,Moraceae,moraceae,,,NORMALIZED_ONLY,HIGH,https://mpbd.cu.ac.bd/plants.php?pageno=86,2026-09-22T16:28:24.880404+00:00
41da6bc15843faa7,Ficus rumphii Blume,ficus rumphii blume,Ficus conciliorumOken Ficus coriacea Aiton Urostigma cordifolium (Roxb.) Miq. Urostigma rumphii (Blume) Miq.,Moraceae,moraceae,,,NORMALIZED_ONLY,HIGH,https://mpbd.cu.ac.bd/plants.php?pageno=86,2026-09-22T16:28:24.880404+00:00
afda68f1657934d0,Ficus pumila L.,ficus pumila l.,Ficus scandens Lam. Ficus stipulata Thunb. Ficus vestita Desf. Urostigma scandens(Lam.) Liebm.,Moraceae,moraceae,,,NORMALIZED_ONLY,HIGH,https://mpbd.cu.ac.bd/plants.php?pageno=86,2026-09-22T16:28:24.880404+00:00
5666a4d08f3a1d6b,Ficus mollis Vahl.,ficus mollis vahl.,Ficus asininaBuch.-Ham. Ficus tomentosaRoxb. ex Willd.,Moraceae,moraceae,,,NORMALIZED_ONLY,HIGH,https://mpbd.cu.ac.bd/plants.php?pageno=87,2026-09-22T16:28:26.406834+00:00
6339491c5d6bbe88,Ficus hirta Vahl.,ficus hirta vahl.,Ficus hibiscifolia Champ. ex Benth. Ficus katsumadae Hayata Ficus palmatiloba Merr. Ficus setosa Blume,Moraceae,moraceae,,,NORMALIZED_ONLY,HIGH,https://mpbd.cu.ac.bd/plants.php?pageno=87,2026-09-22T16:28:26.406834+00:00
961320d554473d11,Ficus heterophylla L.f.,ficus heterophylla l.f.,Ficus aquaticaK.D.Koenig ex Willd. Ficus cannabina Lour. Ficus denticulata Willd. Ficus scabrella Roxb.,Moraceae,moraceae,,,NORMALIZED_ONLY,HIGH,https://mpbd.cu.ac.bd/plants.php?pageno=87,2026-09-22T16:28:26.406834+00:00
0b66c392af01e131,Ficus hederacea Roxb.,ficus hederacea roxb.,Ficus anabatos Voigt Ficus cantoniensisBodinier ex H.Lév. Ficus fructicosa Roxb. Ficus longipes Griff.,Moraceae,moraceae,,,NORMALIZED_ONLY,HIGH,https://mpbd.cu.ac.bd/plants.php?pageno=87,2026-09-22T16:28:26.406834+00:00
7caad62ce72a2709,Ficus curtipes Corner,ficus curtipes corner,Ficus obtusifolia Roxb.,Moraceae,moraceae,,,NORMALIZED_ONLY,HIGH,https://mpbd.cu.ac.bd/plants.php?pageno=87,2026-09-22T16:28:26.406834+00:00
1f2ca3f94eb63ecb,Canscora alata (ROTH) WALL.,canscora alata (roth) wall.,Canscora decussata Roem. & Sch. Cobamba blancoi Blanco Exacum alatum Roth Pladera decussata Roxb.,Gentianaceae,gentianaceae,,,NORMALIZED_ONLY,HIGH,https://mpbd.cu.ac.bd/plants.php?pageno=87,2026-09-22T16:28:26.406834+00:00
2f92650f6cfc1399,Canscora DIFFUSA (Vahl.) R. Br.,canscora diffusa (vahl.) r. br.,Canscora foliosa D.Don Canscora stricta Sedgw. Cobamba dichotoma Blanco Exacum erectum (R.Br.) Roth Gentiana diffusa Vahl,Gentianaceae,gentianaceae,,,NORMALIZED_ONLY,HIGH,https://mpbd.cu.ac.bd/plants.php?pageno=87,2026-09-22T16:28:26.406834+00:00
d88157ce102e30b0,Capparis ZEYLANICA L.,capparis zeylanica l.,Capparis crassifolia Kurz Capparis horrida L.f. Capparis quadriflora Dc. Capparis terniflora Dc.,Capparidaceae,capparidaceae,,,NORMALIZED_ONLY,HIGH,https://mpbd.cu.ac.bd/plants.php?pageno=87,2026-09-22T16:28:26.406834+00:00
012708f357e1b720,Capsicum ANNUUM L.,capsicum annuum l.,Capsicum angulosum Mill. Capsicum comarim Vell. Capsicum crispum Dunal Capsicum frutescens L Capsicum minimum Roxb.,Solanaceae,solanaceae,,,NORMALIZED_ONLY,HIGH,https://mpbd.cu.ac.bd/plants.php?pageno=87,2026-09-22T16:28:26.406834+00:00
eb4477ca66a18c17,Cardiospermum HALICACABUML.,cardiospermum halicacabuml.,Cardiospermum acuminatum Miq. Cardiospermum inflatum Salisb. Cardiospermum moniliferum Sw. ex Steud. Cardiospermum truncatum A.Rich.,Sapindaceae,sapindaceae,,,NORMALIZED_ONLY,HIGH,https://mpbd.cu.ac.bd/plants.php?pageno=87,2026-09-22T16:28:26.406834+00:00
89e1eb827b545391,Careya ARBOREA Roxb.,careya arborea roxb.,Barringtonia arborea (Roxb.) F.Muell. Careya orbiculata Miers Careya sphaerica Roxb. Careya venenata Oken,Lecythidaceae,lecythidaceae,,,NORMALIZED_ONLY,HIGH,https://mpbd.cu.ac.bd/plants.php?pageno=88,2026-09-22T16:28:27.943045+00:00
3219dc194e0a0fa0,Carica PAPAYA L.,carica papaya l.,Carica citriformis Jicq. Carica hermaphrodita Blanco Carica posopora L. Carica sativa Tussac.,Caricaceae,caricaceae,,,NORMALIZED_ONLY,HIGH,https://mpbd.cu.ac.bd/plants.php?pageno=88,2026-09-22T16:28:27.943045+00:00
c1d4785c00cd7a47,Carissa spinarum L.,carissa spinarum l.,Carissa congesta Wight Antura edulis Forssk. Arduina edulis (Forssk.) Spreng. Carissa diffusa Roxb. Carissa hirsuta Roth,Apocynaceae,apocynaceae,,,NORMALIZED_ONLY,HIGH,https://mpbd.cu.ac.bd/plants.php?pageno=88,2026-09-22T16:28:27.943045+00:00
d45b861172b97328,Carthamus TINCTORIUS L.,carthamus tinctorius l.,Carthamus glaber Burm.f. Carthamus tinctorius var. albus Alef. Carthamus tinctorius var. spinosuskitam. Centaurea carthamus E.H.L.Krause,Asteraceae,asteraceae,,,NORMALIZED_ONLY,HIGH,https://mpbd.cu.ac.bd/plants.php?pageno=88,2026-09-22T16:28:27.943045+00:00
dca2846b7be1a500,Caryota URENS L.,caryota urens l.,-,Arecaceae,arecaceae,,,NORMALIZED_ONLY,HIGH,https://mpbd.cu.ac.bd/plants.php?pageno=88,2026-09-22T16:28:27.943045+00:00
782e69b40f51302a,Senna alata (L.) Roxb.,senna alata (l.) roxb.,Cassia alata L. Cassia bracteata L.f. Cassia herpetica Jacq. Herpetica alata (L.) Raf.,Caesalpinaeae,caesalpinaeae,,,NORMALIZED_ONLY,HIGH,https://mpbd.cu.ac.bd/plants.php?pageno=88,2026-09-22T16:28:27.943045+00:00
2296a9f9a31fcb8a,Cassia FISTULA L.,cassia fistula l.,Bactyrilobium fistula Willd. Cassia rhombifolia Roxb. Cathartocarpus fistula Pers. Cathartocarpus rhombifolius G.Don,Caesalpinaeae,caesalpinaeae,,,NORMALIZED_ONLY,HIGH,https://mpbd.cu.ac.bd/plants.php?pageno=88,2026-09-22T16:28:27.943045+00:00
d196e25e757ddd29,Senna obtusifolia (L.) H.S.Irwin & Barneby,senna obtusifolia (l.) h.s.irwin & barneby,Cassia contorta Vogel Cassia obtusifolia L. Diallobus tora (L.) Raf. Senna toroides Roxb.,Caesalpinaeae,caesalpinaeae,,,NORMALIZED_ONLY,HIGH,https://mpbd.cu.ac.bd/plants.php?pageno=88,2026-09-22T16:28:27.943045+00:00
027962615158f6de,Senna occidentalis (L.) Link,senna occidentalis (l.) link,Cassia ciliata Raf. Cassia falcata L. Cassia occidentalis L. Ditramexa occidentalis Britton & Rose,Caesalpinaeae,caesalpinaeae,,,NORMALIZED_ONLY,HIGH,https://mpbd.cu.ac.bd/plants.php?pageno=88,2026-09-22T16:28:27.943045+00:00
124336ad835afd12,Senna sophera (L.) Roxb.,senna sophera (l.) roxb.,Cassia canca Cav. Cassia esculenta Roxb. Cassia sophera L. Chamaefistula sophera G.Don Ditremexa sophera (L.) Britton & Wilson,Caesalpinaeae,caesalpinaeae,,,NORMALIZED_ONLY,HIGH,https://mpbd.cu.ac.bd/plants.php?pageno=88,2026-09-22T16:28:27.943045+00:00
f40d7096de365f2b,Cassytha FILIFORMIS L.,cassytha filiformis l.,Calodium cochinchinense Lour. Cassytha aphylla Raeusch. Cassytha macrocarpa Guillaumin Volutella aphylla Forssk.,Lauraceae,lauraceae,,,POTENTIAL_DUPLICATE,MEDIUM,https://mpbd.cu.ac.bd/plants.php?pageno=89,2026-09-22T16:28:29.471952+00:00
615e16b371d6666d,Casuarina LITTOREA L.,casuarina littorea l.,Casuarina equisetifolia Forst.,Casuarinaceae,casuarinaceae,,,NORMALIZED_ONLY,HIGH,https://mpbd.cu.ac.bd/plants.php?pageno=89,2026-09-22T16:28:29.471952+00:00
bfe669d6466243b5,Catharanthus roseus (L.) G.Don,catharanthus roseus (l.) g.don,Ammocallis rosea (L.) Small Pervinca rosea (L.) Gaterau Vinca rosea L. Lochnera rosea (L.) Recichb.,Apocynaceae,apocynaceae,,,NORMALIZED_ONLY,HIGH,https://mpbd.cu.ac.bd/plants.php?pageno=89,2026-09-22T16:28:29.471952+00:00
1159cdfca7652452,Cayratia PEDATA (Lam.) Juss. ex Gagnep.,cayratia pedata (lam.) juss. ex gagnep.,Cissus heptaphylla Retz. Cissus pedata Lam. Lagenula pedata Lour. Vitis Pedata (Lam.) Wallich ex Wight,Vitaceae,vitaceae,,,NORMALIZED_ONLY,HIGH,https://mpbd.cu.ac.bd/plants.php?pageno=89,2026-09-22T16:28:29.471952+00:00
c8a956cc1d9316e7,Cayratia TRIFOLIA (L.) Domin.,cayratia trifolia (l.) domin.,Causonis trifolia (L.) Raf. Cayratia carnosa (Lam.) Gagnep. Vitis carnosa (Lam.) Wall. Vitis trifolia L.,Vitaceae,vitaceae,,,NORMALIZED_ONLY,HIGH,https://mpbd.cu.ac.bd/plants.php?pageno=89,2026-09-22T16:28:29.471952+00:00
ab9f7b1850b1d917,Ceiba PENTANDRA (L.)Gaertn,ceiba pentandra (l.)gaertn,Bombaxpentadrum L. Bombax inerme L. Ceiba occidentalis (Spreng.) Burkill Eriodendron caribaeum G.Don Gossampinus alba Buch.-Ham. Xylon pentandrum (L.) Kuntze,Bombaceae,bombaceae,,,NORMALIZED_ONLY,HIGH,https://mpbd.cu.ac.bd/plants.php?pageno=89,2026-09-22T16:28:29.471952+00:00
95c97a3cbae666dd,Celastrus PANICULATUS Willd.,celastrus paniculatus willd.,Catha paniculata Scheidw. Celastrus alnifolius D.Don Diosma serrata Blanco Euonymus euphlebiphyllus Hayata,Celastraceae,celastraceae,,,NORMALIZED_ONLY,HIGH,https://mpbd.cu.ac.bd/plants.php?pageno=89,2026-09-22T16:28:29.471952+00:00
9f21e8b8b396cdd5,Celosia ARGENTEA L.,celosia argentea l.,Amaranthus purpureus Nieuwl. Celosia cristata L. Celosia purpurea J.St.-Hil. Chamissoa margaritacea (L.) Schouw,Amaranthaceae,amaranthaceae,,,NORMALIZED_ONLY,HIGH,https://mpbd.cu.ac.bd/plants.php?pageno=89,2026-09-22T16:28:29.471952+00:00
027d53a290226f03,Celosia CRISTATA L.(SAME AS 161),celosia cristata l.(same as 161),-,Amaranthaceae,amaranthaceae,,,NORMALIZED_ONLY,HIGH,https://mpbd.cu.ac.bd/plants.php?pageno=89,2026-09-22T16:28:29.471952+00:00
699d41645e13810c,Piper pedicellatum DC.,piper pedicellatum dc.,Piper curtipedunculum C. DC.,Piperaceae,piperaceae,,,NORMALIZED_ONLY,HIGH,https://mpbd.cu.ac.bd/plants.php?pageno=89,2026-09-22T16:28:29.471952+00:00
93a901f9d3044258,Piperboehmeriifolium(miq.) wall. ex C. DC.,piperboehmeriifolium(miq.) wall. ex c. dc.,Piper boehmeriaefolium Wall. Piper spireiC. DC. Piper terminaliflorum Y.Q. Tseng,Piperaceae,piperaceae,,,NORMALIZED_ONLY,HIGH,https://mpbd.cu.ac.bd/plants.php?pageno=90,2026-09-22T16:28:31.009598+00:00
0bc09bda00a29187,Piper wallichii (MIQ.) HAND.-MAZZ.,piper wallichii (miq.) hand.-mazz.,Piper aurantiacumWall. ex C. DC. Piper emeienseY.Q. Tseng Piper henryciC. DC. Piper martiniiC. DC.,Piperaceae,piperaceae,,,NORMALIZED_ONLY,HIGH,https://mpbd.cu.ac.bd/plants.php?pageno=90,2026-09-22T16:28:31.009598+00:00
0a680e3b2ae37e10,Chloranthus elatior LINK.,chloranthus elatior link.,Chloranthus erectus (Buch.-Ham.) Verdc. Chloranthus erectus(Buch.-Ham.) Sweet ex Wall. Chloranthus officinalis Blume Cryphaea erecta Buch.-Ham.,Chloranthaceae,chloranthaceae,,,NORMALIZED_ONLY,HIGH,https://mpbd.cu.ac.bd/plants.php?pageno=90,2026-09-22T16:28:31.009598+00:00
cc3eac57c200bde4,Ocotea lancifolia (SCHOTT) MEZ.,ocotea lancifolia (schott) mez.,Phoebe lanceolata Nees Laurus lanceolariaRoxb. Oreodaphne angustifolia (Schott) Nees Perseal ancifolia Schott,Lauraceae,lauraceae,,,NORMALIZED_ONLY,HIGH,https://mpbd.cu.ac.bd/plants.php?pageno=90,2026-09-22T16:28:31.009598+00:00
d3d317d05c60ffca,Litsea glutinosa (LOUR.) ROBINSON,litsea glutinosa (lour.) robinson,Litsea sebifera Pers Camellia integrifolia Choisy Decapenta involucrata Raf. Sebifera glutinosa Lour. Tetranthera laurifolia Jacq.,Lauraceae,lauraceae,,,NORMALIZED_ONLY,HIGH,https://mpbd.cu.ac.bd/plants.php?pageno=90,2026-09-22T16:28:31.009598+00:00
e40dc1f62a578cfd,Cassytha FILIFORMIS L.,cassytha filiformis l.,Cassytha americana Nees Cassytha aphyllaRaeusch. Cassytha brasiliensis Mart. ex Nees Cassytha zeylanica Gaertn. Volutella aphylla Forssk.,LAURACEAE,lauraceae,,,POTENTIAL_DUPLICATE,MEDIUM,https://mpbd.cu.ac.bd/plants.php?pageno=90,2026-09-22T16:28:31.009598+00:00
db752b6cb0df9395,Actinodaphne obovata (NEES) BLUME,actinodaphne obovata (nees) blume,Litsea obovata(Nees) Nees Tetradenia obovata Nees,LAURACEAE,lauraceae,,,NORMALIZED_ONLY,HIGH,https://mpbd.cu.ac.bd/plants.php?pageno=90,2026-09-22T16:28:31.009598+00:00
b2f0ec7fd14f22f8,Uvaria hamiltonii HOOK. F. & THOM.,uvaria hamiltonii hook. f. & thom.,,ANNONACEAE,annonaceae,,,POTENTIAL_DUPLICATE,MEDIUM,https://mpbd.cu.ac.bd/plants.php?pageno=90,2026-09-22T16:28:31.009598+00:00
f5b4885975705220,Desmos chinensislour.,desmos chinensislour.,Unona chinensis (Lour.) DC. Unona discolor Vahl Unona biglandulosa Blume. Unona discolor Vahl Artabotrys esquirolii H.Lév.,ANNONACEAE,annonaceae,,,NORMALIZED_ONLY,HIGH,https://mpbd.cu.ac.bd/plants.php?pageno=90,2026-09-22T16:28:31.009598+00:00
34f34bc03c9c1196,Dasymaschalon longiflorum(roxb.) FINET & GAGNEP.,dasymaschalon longiflorum(roxb.) finet & gagnep.,Desmos longiflorus (Roxb.) Safford Unona longiflora Roxb.,ANNONACEAE,annonaceae,,,NORMALIZED_ONLY,HIGH,https://mpbd.cu.ac.bd/plants.php?pageno=90,2026-09-22T16:28:31.009598+00:00
0738df3ae1a4472e,Magnolia praecalva(dandy) Figlar & Noot.,magnolia praecalva(dandy) figlar & noot.,Pachylarnax Praecalva Dandy,MAGNOLIACEAE,magnoliaceae,,,NORMALIZED_ONLY,HIGH,https://mpbd.cu.ac.bd/plants.php?pageno=91,2026-09-22T16:28:32.536556+00:00
954cde5a11510cbb,Centella ASIATICA (L.) Urban.,centella asiatica (l.) urban.,Hydrocotyl asiatica L. Centella hirtella Nannf. Chondrocarpus triflorus Nutt. Glyceria triflora Nutt. Hydrocotyle biflora P. Vell. Hydrocotyle reniformis Walter,Apiaceae,apiaceae,,,NORMALIZED_ONLY,HIGH,https://mpbd.cu.ac.bd/plants.php?pageno=91,2026-09-22T16:28:32.536556+00:00
08eda716fb2286ae,Cerbera MANGHAS L.,cerbera manghas l.,Cerbera linnaei Montrouz. Elcana seminuda Blanco Odollamia moluca Raf. Tanghinia manghas (L.) G.Don,Apocynaceae,apocynaceae,,,NORMALIZED_ONLY,HIGH,https://mpbd.cu.ac.bd/plants.php?pageno=91,2026-09-22T16:28:32.536556+00:00
f676c59f641a0a1e,Ceriops TAGAL (Perr.) C.B. Rob.,ceriops tagal (perr.) c.b. rob.,Bruguiera arnottiana Wight ex Arn. Ceriops Lucida Miq. Ceriops somalensis Chiov. Rhizophora tagal Perr. (),Rhizophoraceae,rhizophoraceae,,,NORMALIZED_ONLY,HIGH,https://mpbd.cu.ac.bd/plants.php?pageno=91,2026-09-22T16:28:32.536556+00:00
3729943584ab92b1,Cheilosoria tenuifolia (BURM. F.) TREVIS.,cheilosoria tenuifolia (burm. f.) trevis.,Acrostichum tenue Retz. Cassebeera tenuifolia (Burm. f.) J. Sm. Cheilanthes tenuifolia (Burm. f.) Sw. Notholaena semiglabra Kunze Cheilanthes tenuifolia Swartz,Polypodiaceae,polypodiaceae,,,NORMALIZED_ONLY,HIGH,https://mpbd.cu.ac.bd/plants.php?pageno=91,2026-09-22T16:28:32.536556+00:00
ff183c7a75c277f3,Chenopodium ALBUM L.,chenopodium album l.,Anserina candidans (Lam.) Montandon Atriplex alba (L.) Crantz Blitum viride (L.) Moench Botrys alba (L.) Nieuwl. Chenopodium candicans Lam.,Chenopodiaceae,chenopodiaceae,,,NORMALIZED_ONLY,HIGH,https://mpbd.cu.ac.bd/plants.php?pageno=91,2026-09-22T16:28:32.536556+00:00
e2808d9d6fe55ca0,Dysphania ambrosioides (L.) Mosyakin & Clemants,dysphania ambrosioides (l.) mosyakin & clemants,Ambrina ambrosioides (L.) Spach Chenopodium ambrosioides L. Chenopodium vagans Standl. Dysphania anthelmintica (L.) Mosyakin & Clemants Vulvaria ambrosioides (L.) Bubani,Chenopodiaceae,chenopodiaceae,,,NORMALIZED_ONLY,HIGH,https://mpbd.cu.ac.bd/plants.php?pageno=91,2026-09-22T16:28:32.536556+00:00
ed7328ebba16af5b,Chukrasia tabularis A.Juss.,chukrasia tabularis a.juss.,Chukrasia velutina W & A. Dysoxylum esquirolii H.Lév.,Meliaceae,meliaceae,,,NORMALIZED_ONLY,HIGH,https://mpbd.cu.ac.bd/plants.php?pageno=91,2026-09-22T16:28:32.536556+00:00
221c98b160cb1c77,Cicer ARIETINUM L.,cicer arietinum l.,Cicer album Hort. Cicer nigrum Hort. Cicer sativum Schkuhr Ononis crotalarioides M.E.Jones,Fabaceae,fabaceae,,,NORMALIZED_ONLY,HIGH,https://mpbd.cu.ac.bd/plants.php?pageno=91,2026-09-22T16:28:32.536556+00:00
15f13ffceae5bf79,Cinnamomum curvifolium (Lam.) Nees,cinnamomum curvifolium (lam.) nees,Cinnamomum jacquii Lukman. Cinnamomum pauciflorum Nees Laurus curvifolia Lour. Persea curvifolia (Lour.) Spreng.,Lauraceae,lauraceae,,,NORMALIZED_ONLY,HIGH,https://mpbd.cu.ac.bd/plants.php?pageno=91,2026-09-22T16:28:32.536556+00:00
ead7f02727beaed4,Cinnamomum TAMALA Nees,cinnamomum tamala nees,Cinnamomum albiflorum Nees Cinnamomum reinwardtii Nees Cinnamomum zwartzii Lukman. Laurus tamala Buch.-Ham.,Lauraceae,lauraceae,,,NORMALIZED_ONLY,HIGH,https://mpbd.cu.ac.bd/plants.php?pageno=92,2026-09-22T16:28:34.068524+00:00
efbc1ab03944dfe2,Cinnamomum VERUM Presl.,cinnamomum verum presl.,Cinnamomum zeylanicum Bl. Camphorina cinnamomum (L.) Farw. Cinnamomum bengalense Lukman. Cinnamomum ovatum Lukman. Laurus cinnamomum L.,Lauraceae,lauraceae,,,NORMALIZED_ONLY,HIGH,https://mpbd.cu.ac.bd/plants.php?pageno=92,2026-09-22T16:28:34.068524+00:00
9eb9f152124da4f0,Piper sylvaticum Roxb,piper sylvaticum roxb,-,Piperaceae,piperaceae,,,NORMALIZED_ONLY,HIGH,https://mpbd.cu.ac.bd/plants.php?pageno=92,2026-09-22T16:28:34.068524+00:00
a51d0d03b8090370,Aristolochia rotunda L.,aristolochia rotunda l.,Aristolochia rotundavar.grandifloraDuch.,Aristolochiaceae,aristolochiaceae,,,NORMALIZED_ONLY,HIGH,https://mpbd.cu.ac.bd/plants.php?pageno=92,2026-09-22T16:28:34.068524+00:00
40e35452b9d0777b,Asarum europaeum L.,asarum europaeum l.,Asarum officinaleMoench Asarum renifoliumStokes Asarum reniformeGilib. Asarum rotundifoliumSt.-Lag.,Aristolochiaceae,aristolochiaceae,,,NORMALIZED_ONLY,HIGH,https://mpbd.cu.ac.bd/plants.php?pageno=92,2026-09-22T16:28:34.068524+00:00
83722e19efd14bbb,Euryale ferox Salisb.,euryale ferox salisb.,Anneslea spinosa Andrews Euryale indica Planch.,Nymphaeaceae,nymphaeaceae,,,POTENTIAL_DUPLICATE,MEDIUM,https://mpbd.cu.ac.bd/plants.php?pageno=92,2026-09-22T16:28:34.068524+00:00
3760f8015a321f48,Ranunculus sceleratus L.,ranunculus sceleratus l.,Batrachium sceleratum (L.) Th.Fr. ex A.Pihl Hecatonia scelerata Fourr. Ranunculus indicusRoxb. Ranunculus holophyllus Hance,Ranunculaceae,ranunculaceae,,,POTENTIAL_DUPLICATE,MEDIUM,https://mpbd.cu.ac.bd/plants.php?pageno=92,2026-09-22T16:28:34.068524+00:00
add5654295165a51,Cyclea barbata Miers,cyclea barbata miers,-,Menispermaceae,menispermaceae,,,NORMALIZED_ONLY,HIGH,https://mpbd.cu.ac.bd/plants.php?pageno=92,2026-09-22T16:28:34.068524+00:00
e258bf65bda796b1,Fumaria indica (Hausskn.)Pugsley,fumaria indica (hausskn.)pugsley,Fumaria parvifloravar.indica (Hausskn.) Parsa Fumaria vaillantiivar.indicaHausskn.,Papaveraceae,papaveraceae,,,NORMALIZED_ONLY,HIGH,https://mpbd.cu.ac.bd/plants.php?pageno=92,2026-09-22T16:28:34.068524+00:00
1d40aa36f0779ebb,Altingia excelsa Noronha,altingia excelsa noronha,Liquidambaral tingiana Blume,Hamamelidaceae,hamamelidaceae,,,NORMALIZED_ONLY,HIGH,https://mpbd.cu.ac.bd/plants.php?pageno=92,2026-09-22T16:28:34.068524+00:00
ca2996f6a966ad18,Ficus auriculata Lour.,ficus auriculata lour.,Covellia macrophylla Miq. Ficus oligodon Miq. Ficus regia Miq. Ficus roxburghii Steud.,Moraceae,moraceae,,,NORMALIZED_ONLY,HIGH,https://mpbd.cu.ac.bd/plants.php?pageno=93,2026-09-22T16:28:35.594799+00:00
