inchikey_connectivity,split,n_records,median_pchembl,min_pchembl,max_pchembl,conflict_T6,conflict_T5,label_T6,label_T5
AACXOSPRTYPFDW,training_pool,1,7.22,7.22,7.22,False,False,1.0,1.0
AAJWNKYPFIYQOB,training_pool,1,4.1,4.1,4.1,False,False,0.0,0.0
AALGZYJPWKHVMZ,training_pool,1,5.54,5.54,5.54,False,False,0.0,1.0
AALLYEKQMKRVGR,training_pool,1,7.3,7.3,7.3,False,False,1.0,1.0
AANGRZCRYIIUFF,training_pool,1,6.28,6.28,6.28,False,False,1.0,1.0
AAPPTVQRFKMVTR,training_pool,2,6.5600000000000005,6.4,6.72,False,False,1.0,1.0
AAQVDQQUMVQDBX,training_pool,1,4.86,4.86,4.86,False,False,0.0,0.0
AAVJWYXBVYXAAN,training_pool,1,7.05,7.05,7.05,False,False,1.0,1.0
AAXDKCSQCFEDKK,training_pool,1,4.5,4.5,4.5,False,False,0.0,0.0
ABDAUFMYOKGPIF,training_pool,1,6.8,6.8,6.8,False,False,1.0,1.0
ABFBGNCEKVSSJD,training_pool,1,6.48,6.48,6.48,False,False,1.0,1.0
ABNWMVURYILCJQ,training_pool,1,5.75,5.75,5.75,False,False,0.0,1.0
ACFQQDXFCVFBIX,training_pool,1,6.34,6.34,6.34,False,False,1.0,1.0
ACGUYXCXAPNIKK,training_pool,1,6.19,6.19,6.19,False,False,1.0,1.0
ACIVDDKOOVHSGS,training_pool,1,7.7,7.7,7.7,False,False,1.0,1.0
ACMHHODLBDGSDF,training_pool,1,6.36,6.36,6.36,False,False,1.0,1.0
ACPCOBLVSWWIKM,training_pool,1,7.37,7.37,7.37,False,False,1.0,1.0
ACTXCQHXPKCRIZ,training_pool,1,7.43,7.43,7.43,False,False,1.0,1.0
ACVGWSKVRYFWRP,training_pool,2,6.535,6.52,6.55,False,False,1.0,1.0
ACXKDXTUVJOMKX,training_pool,1,5.86,5.86,5.86,False,False,0.0,1.0
ADAAPCVTXUOYLW,training_pool,1,7.51,7.51,7.51,False,False,1.0,1.0
ADBHJTCBNSFXQH,training_pool,1,7.17,7.17,7.17,False,False,1.0,1.0
ADBXMSUPMFCBGS,training_pool,1,7.11,7.11,7.11,False,False,1.0,1.0
ADKQVMYWICSUOZ,training_pool,1,6.4,6.4,6.4,False,False,1.0,1.0
ADORMHQFWRYXJP,training_pool,1,5.34,5.34,5.34,False,False,0.0,1.0
ADPANZQEARRXOV,training_pool,1,4.71,4.71,4.71,False,False,0.0,0.0
ADPQNYHDJRDCEF,training_pool,1,5.4,5.4,5.4,False,False,0.0,1.0
ADQQXCWNRYINLO,training_pool,1,5.79,5.79,5.79,False,False,0.0,1.0
ADUCABZHOQVMAT,training_pool,7,6.03,4.12,7.46,True,True,,
ADUDQKMQQHYYGO,training_pool,3,6.85,6.82,8.3,False,False,1.0,1.0
ADWAQIXMPIOWJO,training_pool,1,6.44,6.44,6.44,False,False,1.0,1.0
ADYCDQRKYSUEAJ,training_pool,1,7.33,7.33,7.33,False,False,1.0,1.0
AEALBEZJYDCIQP,training_pool,1,7.7,7.7,7.7,False,False,1.0,1.0
AECYABHQXVFAKO,training_pool,1,6.37,6.37,6.37,False,False,1.0,1.0
AEHFELLNMGPWMT,training_pool,1,5.73,5.73,5.73,False,False,0.0,1.0
AEIGTKUKBWYPFQ,training_pool,3,7.37,5.77,7.38,True,False,,1.0
AEOWNQLDGCXORX,training_pool,1,7.28,7.28,7.28,False,False,1.0,1.0
AEYMEGDJFOGQLY,training_pool,1,5.4,5.4,5.4,False,False,0.0,1.0
AFDMADPROREDQJ,training_pool,1,4.91,4.91,4.91,False,False,0.0,0.0
AFDMQCLJMGTNLE,training_pool,1,5.37,5.37,5.37,False,False,0.0,1.0
AFLRFJGTNJILSU,training_pool,2,6.16,6.16,6.16,False,False,1.0,1.0
AFLUUMVQPAIWBM,training_pool,1,8.22,8.22,8.22,False,False,1.0,1.0
AFONTALJVCJYHK,training_pool,2,5.805,5.23,6.38,True,False,,1.0
AGFFZHDTNWRYIP,training_pool,1,5.54,5.54,5.54,False,False,0.0,1.0
AGHWUXBXYDBENP,training_pool,1,4.17,4.17,4.17,False,False,0.0,0.0
AGIBPZYIAPZKDH,training_pool,1,6.72,6.72,6.72,False,False,1.0,1.0
AGMWTTAFEAXDFC,training_pool,1,5.16,5.16,5.16,False,False,0.0,1.0
AGPADCZTLLHBPM,training_pool,1,5.08,5.08,5.08,False,False,0.0,1.0
AGRQYEVBCNOVSV,training_pool,1,5.82,5.82,5.82,False,False,0.0,1.0
AGSCBZRFFRZCGJ,training_pool,1,4.79,4.79,4.79,False,False,0.0,0.0
AGSRHQZFLRAERS,training_pool,1,5.52,5.52,5.52,False,False,0.0,1.0
AHEZYKGGUDUOBF,training_pool,1,6.51,6.51,6.51,False,False,1.0,1.0
AHGWAVMHPJUVTK,training_pool,1,5.18,5.18,5.18,False,False,0.0,1.0
AHIOUXABOCYPEI,training_pool,1,5.89,5.89,5.89,False,False,0.0,1.0
AHMLLEUEIJSJSU,training_pool,1,6.52,6.52,6.52,False,False,1.0,1.0
AHPNGADRGHAWED,training_pool,1,5.88,5.88,5.88,False,False,0.0,1.0
AHRMEDCMOGKIPB,training_pool,1,7.96,7.96,7.96,False,False,1.0,1.0
AIIQQIKNQVCJIA,training_pool,1,7.08,7.08,7.08,False,False,1.0,1.0
AIONSZQQDUCQHN,training_pool,1,7.19,7.19,7.19,False,False,1.0,1.0
AIORHDXVRJHMHR,training_pool,1,5.71,5.71,5.71,False,False,0.0,1.0
AIPDYBCWUMJJDC,training_pool,1,4.43,4.43,4.43,False,False,0.0,0.0
AIRAUYDAHZSVQQ,training_pool,1,5.16,5.16,5.16,False,False,0.0,1.0
AIRFAHHXKVXYBE,training_pool,1,7.3,7.3,7.3,False,False,1.0,1.0
AIVQANJIFCWFLZ,training_pool,1,7.0,7.0,7.0,False,False,1.0,1.0
AJCQRGLTXZINTI,training_pool,1,4.16,4.16,4.16,False,False,0.0,0.0
AJELQFQQZDLADC,training_pool,1,7.43,7.43,7.43,False,False,1.0,1.0
AJFTZWGGHJXZOB,training_pool,14,7.609999999999999,6.72,8.7,False,False,1.0,1.0
AJOWCZNUUCEEMV,training_pool,1,5.4,5.4,5.4,False,False,0.0,1.0
AJUWJSDGDGYFBT,training_pool,1,6.04,6.04,6.04,False,False,1.0,1.0
AJWUYNHPDSBHFO,training_pool,1,7.05,7.05,7.05,False,False,1.0,1.0
AJXDBFONDYHZFC,training_pool,1,5.23,5.23,5.23,False,False,0.0,1.0
AJYWXMJXJSEWLW,training_pool,1,7.31,7.31,7.31,False,False,1.0,1.0
AKDDYWDSHBNTAZ,training_pool,1,4.97,4.97,4.97,False,False,0.0,0.0
AKFSJAIZUSQWTP,training_pool,1,4.6,4.6,4.6,False,False,0.0,0.0
AKGGOFKXDGINAT,training_pool,1,4.39,4.39,4.39,False,False,0.0,0.0
AKHNCEKZUJRZFU,training_pool,1,7.16,7.16,7.16,False,False,1.0,1.0
AKJVOVLHKQMZDX,training_pool,1,5.57,5.57,5.57,False,False,0.0,1.0
AKKKCTSUTCPKQJ,training_pool,1,7.43,7.43,7.43,False,False,1.0,1.0
AKOHKZWHPPXXGH,training_pool,1,4.19,4.19,4.19,False,False,0.0,0.0
AKYAXJLSWCRMRL,training_pool,1,5.0,5.0,5.0,False,False,0.0,1.0
ALFJCBCLDRTOBE,training_pool,1,6.51,6.51,6.51,False,False,1.0,1.0
ALIOCVRMGLGYPS,training_pool,1,6.11,6.11,6.11,False,False,1.0,1.0
ALJBUXHFWBNFHS,training_pool,1,5.98,5.98,5.98,False,False,0.0,1.0
ALKQFZOTKQRARU,training_pool,1,6.31,6.31,6.31,False,False,1.0,1.0
ALOKHRRVYXMQQV,training_pool,1,6.28,6.28,6.28,False,False,1.0,1.0
ALPCDVIZEZUXNV,training_pool,1,5.89,5.89,5.89,False,False,0.0,1.0
ALTIXRRWNZGIQY,training_pool,1,5.6,5.6,5.6,False,False,0.0,1.0
ALTRDEMZLHEPJN,training_pool,1,6.58,6.58,6.58,False,False,1.0,1.0
ALZXNELXAYKYOC,training_pool,1,5.55,5.55,5.55,False,False,0.0,1.0
AMBVARULQNIIGY,training_pool,1,5.3,5.3,5.3,False,False,0.0,1.0
AMLQEFFQZFXSJL,training_pool,1,5.84,5.84,5.84,False,False,0.0,1.0
AMPDYFMIFKVPDX,training_pool,1,6.55,6.55,6.55,False,False,1.0,1.0
AMUFWNATMQNLFU,training_pool,1,6.71,6.71,6.71,False,False,1.0,1.0
AMUHOYIQEKDLJN,training_pool,1,5.65,5.65,5.65,False,False,0.0,1.0
AMYCZNNJYIUQDT,training_pool,1,6.72,6.72,6.72,False,False,1.0,1.0
ANDOOPVMUPEKIY,training_pool,1,6.06,6.06,6.06,False,False,1.0,1.0
ANHSTOBLNKFYKO,training_pool,1,6.54,6.54,6.54,False,False,1.0,1.0
ANLQSLCMDUDROE,training_pool,1,6.28,6.28,6.28,False,False,1.0,1.0
ANMSGGQOWGFCDT,training_pool,1,5.28,5.28,5.28,False,False,0.0,1.0
ANMVAMOFGILDKL,training_pool,1,5.21,5.21,5.21,False,False,0.0,1.0
ANPZZVXVQQYMAD,training_pool,1,6.62,6.62,6.62,False,False,1.0,1.0
ANRBLZZRYMCUQR,training_pool,1,7.3,7.3,7.3,False,False,1.0,1.0
ANRYKVMKXLTRQF,training_pool,1,7.89,7.89,7.89,False,False,1.0,1.0
ANVXVUURHCLAID,training_pool,1,5.66,5.66,5.66,False,False,0.0,1.0
ANYFNAGACQKDRS,training_pool,1,4.78,4.78,4.78,False,False,0.0,0.0
ANZQYOMGKNBZOS,training_pool,1,6.22,6.22,6.22,False,False,1.0,1.0
AOAMFXGEGMMVGV,training_pool,1,7.52,7.52,7.52,False,False,1.0,1.0
AODKDQVAHNORKL,training_pool,1,6.38,6.38,6.38,False,False,1.0,1.0
AODWJSQKMSAPAO,training_pool,1,6.12,6.12,6.12,False,False,1.0,1.0
AOEPIGCBPLBJNO,training_pool,1,8.7,8.7,8.7,False,False,1.0,1.0
AOIQKSHKQIJFMK,training_pool,2,7.005,6.68,7.33,False,False,1.0,1.0
AOIRPWVDXFUMLO,training_pool,1,7.14,7.14,7.14,False,False,1.0,1.0
AORKCBGQZSCTGG,training_pool,1,5.04,5.04,5.04,False,False,0.0,1.0
AOSAIHVVLGCXQM,training_pool,1,4.92,4.92,4.92,False,False,0.0,0.0
AOWXEKJUCRUODJ,training_pool,1,4.5,4.5,4.5,False,False,0.0,0.0
AOXNXAQQOUPNLT,training_pool,1,5.44,5.44,5.44,False,False,0.0,1.0
AOZDPSPDZPRLTR,training_pool,4,6.99,6.46,7.92,False,False,1.0,1.0
APBNKLHZYXHTKZ,training_pool,1,6.84,6.84,6.84,False,False,1.0,1.0
APCWFZNDCFEDOA,training_pool,1,6.71,6.71,6.71,False,False,1.0,1.0
APIXQVBCVVGESH,training_pool,1,7.54,7.54,7.54,False,False,1.0,1.0
APOFCYAJMPJCJI,training_pool,1,4.21,4.21,4.21,False,False,0.0,0.0
APTPOHBDWBGOML,training_pool,3,6.33,5.1,7.1,True,False,,1.0
APUIWZKNZHKCFJ,training_pool,1,7.05,7.05,7.05,False,False,1.0,1.0
APVNYKVQGHCAQY,training_pool,1,4.94,4.94,4.94,False,False,0.0,0.0
AQFSNKMNJNAGPT,training_pool,1,7.7,7.7,7.7,False,False,1.0,1.0
AQJASLQQCCUDQH,training_pool,1,7.57,7.57,7.57,False,False,1.0,1.0
AQUAJYBKQCDFRO,training_pool,1,4.16,4.16,4.16,False,False,0.0,0.0
AQWUYXBCEWJPSQ,training_pool,1,6.96,6.96,6.96,False,False,1.0,1.0
AQYNYSMSLUBEKD,training_pool,1,7.05,7.05,7.05,False,False,1.0,1.0
ARBNKJFPDYRWBW,training_pool,1,5.8,5.8,5.8,False,False,0.0,1.0
ARDUNDMCGGZTSG,training_pool,1,5.88,5.88,5.88,False,False,0.0,1.0
ARHJMINBTFKHQC,training_pool,1,7.47,7.47,7.47,False,False,1.0,1.0
ARIGBKUEKSXFAD,training_pool,1,6.19,6.19,6.19,False,False,1.0,1.0
ARRVMXXJRVPCAR,training_pool,1,4.6,4.6,4.6,False,False,0.0,0.0
ASHXWIUUTZEVNP,training_pool,1,6.0,6.0,6.0,False,False,1.0,1.0
ASIYVOPISGLSFB,training_pool,1,6.25,6.25,6.25,False,False,1.0,1.0
ASRZEXHEXSQIBP,training_pool,2,7.125,6.03,8.22,False,False,1.0,1.0
ASSTVEILTHMGDM,training_pool,1,4.41,4.41,4.41,False,False,0.0,0.0
ASYAAYMGNJCTGE,training_pool,1,5.21,5.21,5.21,False,False,0.0,1.0
ATBQBNKWWGOEFJ,training_pool,1,5.0,5.0,5.0,False,False,0.0,1.0
ATGNWRJVESLUOP,training_pool,1,7.68,7.68,7.68,False,False,1.0,1.0
ATKFBNRLKAPCDM,training_pool,1,6.3,6.3,6.3,False,False,1.0,1.0
AUDIKJKYMGBIIN,training_pool,1,7.25,7.25,7.25,False,False,1.0,1.0
AUECZLRBMFZTBC,training_pool,1,5.82,5.82,5.82,False,False,0.0,1.0
AUPRUOFANHNPGO,training_pool,1,5.0,5.0,5.0,False,False,0.0,1.0
AUYHSCSTFPNUBB,training_pool,1,4.96,4.96,4.96,False,False,0.0,0.0
AVACRGXQKYUNIL,training_pool,1,5.8,5.8,5.8,False,False,0.0,1.0
AVFSLFVPCVAWQW,training_pool,1,4.79,4.79,4.79,False,False,0.0,0.0
AVIBDSHVTBXTQH,training_pool,1,5.61,5.61,5.61,False,False,0.0,1.0
AVJLXHVXNYOEDW,training_pool,1,7.43,7.43,7.43,False,False,1.0,1.0
AVNMYMWVNAHMGX,training_pool,1,6.34,6.34,6.34,False,False,1.0,1.0
AVTAZMNGLZBENC,training_pool,1,4.46,4.46,4.46,False,False,0.0,0.0
AVUUCASFFDRBJI,training_pool,1,7.7,7.7,7.7,False,False,1.0,1.0
AVVPCNMYPYKBKY,training_pool,1,7.3,7.3,7.3,False,False,1.0,1.0
AWHIFRWLVDBHFT,training_pool,1,6.3,6.3,6.3,False,False,1.0,1.0
AWXIYEGJBOAMER,training_pool,1,6.62,6.62,6.62,False,False,1.0,1.0
AWZVURPPTJEOGX,training_pool,1,6.62,6.62,6.62,False,False,1.0,1.0
AWZXUSWFUZCXCK,training_pool,1,7.44,7.44,7.44,False,False,1.0,1.0
AXLIJRCKRUPBPQ,training_pool,3,6.82,6.54,7.0,False,False,1.0,1.0
AXMMOBNDPFRHNF,training_pool,1,7.43,7.43,7.43,False,False,1.0,1.0
AXRBUGMLYYRUEI,training_pool,1,5.31,5.31,5.31,False,False,0.0,1.0
AYFLFDUHWDKMBP,training_pool,1,5.16,5.16,5.16,False,False,0.0,1.0
AYKDMPODBQYOKS,training_pool,2,5.4,5.22,5.58,False,False,0.0,1.0
AYQUHXGKRPAEEJ,training_pool,1,5.59,5.59,5.59,False,False,0.0,1.0
AYRBSPDGGWQHTI,training_pool,1,5.1,5.1,5.1,False,False,0.0,1.0
AYSHGUSXVQWYKC,training_pool,1,5.08,5.08,5.08,False,False,0.0,1.0
AYUOAFKKDJKRFJ,training_pool,1,7.0,7.0,7.0,False,False,1.0,1.0
AYVOAOGOGQOXHM,training_pool,1,4.8,4.8,4.8,False,False,0.0,0.0
AYXIMYXGBUQQHM,training_pool,1,6.18,6.18,6.18,False,False,1.0,1.0
AZARHELIPHKHED,training_pool,1,6.75,6.75,6.75,False,False,1.0,1.0
AZBVBXATZZJLBI,training_pool,1,6.89,6.89,6.89,False,False,1.0,1.0
AZESPIYPJKXODV,training_pool,1,7.05,7.05,7.05,False,False,1.0,1.0
AZKMQCYBPYQCCN,training_pool,1,4.68,4.68,4.68,False,False,0.0,0.0
AZLGXVPIUFTROL,training_pool,1,7.43,7.43,7.43,False,False,1.0,1.0
AZLKNWBUFPHJFW,training_pool,1,5.92,5.92,5.92,False,False,0.0,1.0
AZQDMWIESRGIRB,training_pool,1,7.0,7.0,7.0,False,False,1.0,1.0
AZRQUVUEZZPGNQ,training_pool,1,5.99,5.99,5.99,False,False,0.0,1.0
AZYYTQZIXMYIPW,training_pool,1,4.57,4.57,4.57,False,False,0.0,0.0
BAFQKIMZHWNCRK,training_pool,1,5.35,5.35,5.35,False,False,0.0,1.0
BAGQCKHLLJCYPC,training_pool,1,4.42,4.42,4.42,False,False,0.0,0.0
BALBNZIEZPXHTF,training_pool,1,4.02,4.02,4.02,False,False,0.0,0.0
BAPPNNLRYSTWQE,training_pool,1,6.66,6.66,6.66,False,False,1.0,1.0
BARPDUKYWMOMPZ,training_pool,1,5.32,5.32,5.32,False,False,0.0,1.0
BAWFHMGCKIAVEL,training_pool,1,5.1,5.1,5.1,False,False,0.0,1.0
BBAILVZDJDRAJL,training_pool,1,5.76,5.76,5.76,False,False,0.0,1.0
BBJOWFOCZPEQNE,training_pool,1,6.96,6.96,6.96,False,False,1.0,1.0
BBOGYKPAKFQZFU,training_pool,1,8.0,8.0,8.0,False,False,1.0,1.0
BBOHPBJORQIKDS,training_pool,1,7.19,7.19,7.19,False,False,1.0,1.0
BBVRYNOHSCGZRP,training_pool,1,5.82,5.82,5.82,False,False,0.0,1.0
BBXPRSWJSKBFHL,training_pool,1,5.37,5.37,5.37,False,False,0.0,1.0
BBYSLDLSLKRDFY,training_pool,1,5.25,5.25,5.25,False,False,0.0,1.0
BCCOIZYTFXGEGZ,training_pool,1,6.52,6.52,6.52,False,False,1.0,1.0
BCCOUKNUZJZEKP,training_pool,1,6.66,6.66,6.66,False,False,1.0,1.0
BCEWKCNPPLQLLR,training_pool,1,5.57,5.57,5.57,False,False,0.0,1.0
BCKFRHIUIGWJAH,training_pool,1,5.45,5.45,5.45,False,False,0.0,1.0
BCOJMFULALPVPN,training_pool,1,5.88,5.88,5.88,False,False,0.0,1.0
BCRQTNOYBAWCDF,training_pool,1,6.43,6.43,6.43,False,False,1.0,1.0
BCTBMFSBWYHUIJ,training_pool,1,6.58,6.58,6.58,False,False,1.0,1.0
BDMVMSIBZHEYKJ,training_pool,1,5.16,5.16,5.16,False,False,0.0,1.0
BDZJVRRTBORZMN,training_pool,1,6.96,6.96,6.96,False,False,1.0,1.0
BEAMWMXOENPANF,training_pool,1,9.0,9.0,9.0,False,False,1.0,1.0
BEBUXPXGISJGLB,training_pool,1,5.83,5.83,5.83,False,False,0.0,1.0
BEFLZFMWSIYTNW,training_pool,1,6.6,6.6,6.6,False,False,1.0,1.0
BELOOOVTNYOWCO,training_pool,1,4.98,4.98,4.98,False,False,0.0,0.0
BENNDTBUIUJRDT,training_pool,1,6.42,6.42,6.42,False,False,1.0,1.0
BEOGCILHKFFOIQ,training_pool,1,8.0,8.0,8.0,False,False,1.0,1.0
BEPDFRPSNCPHCP,training_pool,1,7.16,7.16,7.16,False,False,1.0,1.0
BEYCMKKZKNBLNT,training_pool,1,5.3,5.3,5.3,False,False,0.0,1.0
BFIOZWKECDHGTG,training_pool,1,4.78,4.78,4.78,False,False,0.0,0.0
BFMZEGLJNQXWAI,training_pool,1,6.85,6.85,6.85,False,False,1.0,1.0
BFOYJWCMKXLIPF,training_pool,1,6.96,6.96,6.96,False,False,1.0,1.0
BFSKPRUNBBMNCF,training_pool,1,6.1,6.1,6.1,False,False,1.0,1.0
BFTIOLJSMRDAPY,training_pool,1,7.77,7.77,7.77,False,False,1.0,1.0
BFYAJFVJEOCYNB,training_pool,1,4.7,4.7,4.7,False,False,0.0,0.0
BGHFCHXCWWBAAP,training_pool,1,5.61,5.61,5.61,False,False,0.0,1.0
BGJCSBGDLULOSI,training_pool,1,6.5,6.5,6.5,False,False,1.0,1.0
BGRMBRVQUPSOJL,training_pool,1,7.05,7.05,7.05,False,False,1.0,1.0
BHAFHAMADYHYPJ,training_pool,3,7.92,6.69,8.7,False,False,1.0,1.0
BHEGXSNCDUBUFA,training_pool,1,5.24,5.24,5.24,False,False,0.0,1.0
BHHFSNCTZVVISM,training_pool,1,5.17,5.17,5.17,False,False,0.0,1.0
BHIVIHRHGXYLSI,training_pool,1,4.6,4.6,4.6,False,False,0.0,0.0
BHMJOOIJDGJQIL,training_pool,1,8.04,8.04,8.04,False,False,1.0,1.0
BHVXETHPFFMEKT,training_pool,1,4.51,4.51,4.51,False,False,0.0,0.0
BIKVSCVPZGXPRO,training_pool,1,8.3,8.3,8.3,False,False,1.0,1.0
BILMCBQAMUKVRN,training_pool,1,5.22,5.22,5.22,False,False,0.0,1.0
BIOCOYIPJQMGTN,training_pool,1,5.54,5.54,5.54,False,False,0.0,1.0
BIRLOYXSRCPMQG,training_pool,1,6.82,6.82,6.82,False,False,1.0,1.0
BIVPQGZBRWLZLD,training_pool,1,6.35,6.35,6.35,False,False,1.0,1.0
BIXWNJAOOLPDOM,training_pool,1,7.4,7.4,7.4,False,False,1.0,1.0
BJADJOFIXMFPRE,training_pool,1,5.95,5.95,5.95,False,False,0.0,1.0
BJBKMIXLHYBCCH,training_pool,2,5.755,5.49,6.02,False,False,0.0,1.0
BJNKRYAVNXGRPH,training_pool,1,6.85,6.85,6.85,False,False,1.0,1.0
BJSHRSBHYAVRGG,training_pool,1,6.39,6.39,6.39,False,False,1.0,1.0
BJWAGVYCSKOVJN,training_pool,1,4.06,4.06,4.06,False,False,0.0,0.0
BKAIDULGUXNMAB,training_pool,2,6.33,6.18,6.48,False,False,1.0,1.0
BKFJGWJMNRLCOI,training_pool,1,7.58,7.58,7.58,False,False,1.0,1.0
BKFURPOUIAFQSU,training_pool,1,7.27,7.27,7.27,False,False,1.0,1.0
BKUUEWCEULMOMM,training_pool,1,5.64,5.64,5.64,False,False,0.0,1.0
BKVFZJIRCUBYGE,training_pool,2,8.3,8.3,8.3,False,False,1.0,1.0
BKWKWSHLVUXNEE,training_pool,1,6.47,6.47,6.47,False,False,1.0,1.0
BKXPOAJAUMGKHD,training_pool,1,5.52,5.52,5.52,False,False,0.0,1.0
BKZPDMSMFWCHPI,training_pool,1,5.65,5.65,5.65,False,False,0.0,1.0
BLBVOPKWOIXAFD,training_pool,1,6.52,6.52,6.52,False,False,1.0,1.0
BLHFRERRAVRFPX,training_pool,1,6.09,6.09,6.09,False,False,1.0,1.0
BLHPNIMFDNZQBZ,training_pool,1,6.0,6.0,6.0,False,False,1.0,1.0
BLIMAHXYOZZLTM,training_pool,1,6.94,6.94,6.94,False,False,1.0,1.0
BLWUGBBTQAMBMB,training_pool,1,6.38,6.38,6.38,False,False,1.0,1.0
BMEVSHZHBKJEQI,training_pool,2,6.16,4.93,7.39,True,True,,
BMGAUIUJEJQJTO,training_pool,1,5.35,5.35,5.35,False,False,0.0,1.0
BMIPCEAXHCNRNV,training_pool,1,6.04,6.04,6.04,False,False,1.0,1.0
BMKMNIYHCFBKMM,training_pool,1,6.51,6.51,6.51,False,False,1.0,1.0
BMLSVSXCXUNNCV,training_pool,1,7.44,7.44,7.44,False,False,1.0,1.0
BMSVTUXQNZVYTR,training_pool,1,7.32,7.32,7.32,False,False,1.0,1.0
BMXYLFDEBQVEJR,training_pool,1,4.58,4.58,4.58,False,False,0.0,0.0
BMYKGYMFFKYRJH,training_pool,1,6.17,6.17,6.17,False,False,1.0,1.0
BNBDZFFKPLLERD,training_pool,2,6.85,6.85,6.85,False,False,1.0,1.0
BNBRVZAGWCMHBD,training_pool,1,7.05,7.05,7.05,False,False,1.0,1.0
BNCFCRFSSOMQLQ,training_pool,1,6.08,6.08,6.08,False,False,1.0,1.0
BNDJAGQGLAJXIC,training_pool,1,6.72,6.72,6.72,False,False,1.0,1.0
BNJPDXSGSITYAN,training_pool,1,8.82,8.82,8.82,False,False,1.0,1.0
BNJWNHYPOPYQIR,training_pool,1,7.04,7.04,7.04,False,False,1.0,1.0
BNQPICHOIGSHMZ,training_pool,1,5.08,5.08,5.08,False,False,0.0,1.0
BNTGOEPCMBIMOT,training_pool,2,5.605,5.11,6.1,False,False,0.0,1.0
BNUXJVKPXAHDQQ,training_pool,1,6.0,6.0,6.0,False,False,1.0,1.0
BNXWLNCRSLYPFG,training_pool,1,6.75,6.75,6.75,False,False,1.0,1.0
BOEJXBGCXOGVPM,training_pool,1,8.7,8.7,8.7,False,False,1.0,1.0
BOELSUOFWDLBDO,training_pool,1,6.34,6.34,6.34,False,False,1.0,1.0
BOHHOPFWAXMTPH,training_pool,1,6.55,6.55,6.55,False,False,1.0,1.0
BOSZYMVYZMPZSQ,training_pool,1,5.21,5.21,5.21,False,False,0.0,1.0
BOYUPSDAYQVTDE,training_pool,1,4.75,4.75,4.75,False,False,0.0,0.0
BPBXWKXAXVVZAH,training_pool,1,6.06,6.06,6.06,False,False,1.0,1.0
BPEWTNBEERMQHK,training_pool,1,5.92,5.92,5.92,False,False,0.0,1.0
BPJJUNOJJPFGCB,training_pool,1,4.86,4.86,4.86,False,False,0.0,0.0
BPLKICTZHXZIOZ,training_pool,1,6.89,6.89,6.89,False,False,1.0,1.0
BPMWHRGUWKLDJO,training_pool,1,7.5,7.5,7.5,False,False,1.0,1.0
BPNCIVZQFUIDBP,training_pool,1,6.04,6.04,6.04,False,False,1.0,1.0
BPPAIAOYYMOYRE,training_pool,1,6.21,6.21,6.21,False,False,1.0,1.0
BPPJICARWSVVER,training_pool,1,8.3,8.3,8.3,False,False,1.0,1.0
BPTNUDPRRBPHRO,training_pool,1,5.7,5.7,5.7,False,False,0.0,1.0
BPYFANKHPVYYMS,training_pool,1,6.96,6.96,6.96,False,False,1.0,1.0
BQAMONBAWGMQHW,training_pool,1,6.72,6.72,6.72,False,False,1.0,1.0
BQEAMLGUNLZLPY,training_pool,1,6.66,6.66,6.66,False,False,1.0,1.0
BQJIFVOOSUPULW,training_pool,1,5.85,5.85,5.85,False,False,0.0,1.0
BQOBNNLKPBBCGJ,training_pool,1,5.92,5.92,5.92,False,False,0.0,1.0
BQOCVAMTPQJBSF,training_pool,1,4.29,4.29,4.29,False,False,0.0,0.0
BQQUXECVVCRHDK,training_pool,1,6.28,6.28,6.28,False,False,1.0,1.0
BQQVMMHEBLDZBH,training_pool,2,5.779999999999999,5.51,6.05,False,False,0.0,1.0
BQSITNTVRUSOMI,training_pool,1,4.89,4.89,4.89,False,False,0.0,0.0
BQUFVNCYDJQTBE,training_pool,4,7.6850000000000005,6.7,7.84,False,False,1.0,1.0
BQZCIPSDARTPJF,training_pool,1,6.79,6.79,6.79,False,False,1.0,1.0
BREBAPWKZBSKLD,training_pool,1,5.37,5.37,5.37,False,False,0.0,1.0
BRJRJWOWPFJJDT,training_pool,1,4.82,4.82,4.82,False,False,0.0,0.0
BRKACCZUYVTYIY,training_pool,1,5.96,5.96,5.96,False,False,0.0,1.0
BRKXUMURIRIUAZ,training_pool,1,6.2,6.2,6.2,False,False,1.0,1.0
BRNGPEPQEIASBP,training_pool,1,6.7,6.7,6.7,False,False,1.0,1.0
BRPQEBINRWIUOF,training_pool,1,6.6,6.6,6.6,False,False,1.0,1.0
BRWDKJBTMKFKLU,training_pool,1,7.77,7.77,7.77,False,False,1.0,1.0
BRWIZMBXBAOCCF,training_pool,1,10.05,10.05,10.05,False,False,1.0,1.0
BSBRFVFAOXGWNY,training_pool,1,5.03,5.03,5.03,False,False,0.0,1.0
BSIVILSRVBLGQR,training_pool,1,5.47,5.47,5.47,False,False,0.0,1.0
BSLAOCJVMOGUKX,training_pool,1,5.37,5.37,5.37,False,False,0.0,1.0
BSQJYQPWHDYDFX,training_pool,1,5.84,5.84,5.84,False,False,0.0,1.0
BSQXOIRSDOEJKK,training_pool,1,6.28,6.28,6.28,False,False,1.0,1.0
BSVYAVGKELKMSW,training_pool,1,4.2,4.2,4.2,False,False,0.0,0.0
BSXXNWJAWJMLNZ,training_pool,1,6.14,6.14,6.14,False,False,1.0,1.0
BSYNRYMUTXBXSQ,training_pool,6,4.49,4.0,5.62,False,True,0.0,
BSYXTLLMKFYJQV,training_pool,1,4.81,4.81,4.81,False,False,0.0,0.0
BTCFRFXRKBIDFS,training_pool,1,6.0,6.0,6.0,False,False,1.0,1.0
BTCLPNFZFNORBW,training_pool,1,5.23,5.23,5.23,False,False,0.0,1.0
BTDKREINPBQMKK,training_pool,1,6.5,6.5,6.5,False,False,1.0,1.0
BTILXBLYQUCKKU,training_pool,1,7.43,7.43,7.43,False,False,1.0,1.0
BTVCUBHJRIGKQW,training_pool,2,6.76,6.52,7.0,False,False,1.0,1.0
BUBLYHKCONKUCO,training_pool,1,7.82,7.82,7.82,False,False,1.0,1.0
BUCJUMIAUUHQKH,training_pool,1,5.12,5.12,5.12,False,False,0.0,1.0
BUUDNGAFTAUGOD,training_pool,1,5.2,5.2,5.2,False,False,0.0,1.0
BUYKDHPKUXNGFL,training_pool,1,5.02,5.02,5.02,False,False,0.0,1.0
BVGIEGKOFBSINK,training_pool,1,5.6,5.6,5.6,False,False,0.0,1.0
BVHCPVREOGFUNX,training_pool,1,6.35,6.35,6.35,False,False,1.0,1.0
BVHXUYBNEWQDBT,training_pool,1,6.94,6.94,6.94,False,False,1.0,1.0
BVJXFCNWFASLKA,training_pool,1,5.96,5.96,5.96,False,False,0.0,1.0
BVLDTQOJHAZUMB,training_pool,2,6.305,5.72,6.89,True,False,,1.0
BVMHGKDLDJCDMO,training_pool,1,5.98,5.98,5.98,False,False,0.0,1.0
BVQAEEMZQBCHCW,training_pool,1,8.52,8.52,8.52,False,False,1.0,1.0
BVSIQUZJRPUQTJ,training_pool,1,5.24,5.24,5.24,False,False,0.0,1.0
BVTKIDUJDDUWNM,training_pool,1,7.08,7.08,7.08,False,False,1.0,1.0
BVVWKCGVVHVCQE,training_pool,1,5.4,5.4,5.4,False,False,0.0,1.0
BVZXSBMLTOYNIL,training_pool,1,10.1,10.1,10.1,False,False,1.0,1.0
BWCJJGGZRYKPID,training_pool,1,5.02,5.02,5.02,False,False,0.0,1.0
BWHLPLXXIDYSNW,training_pool,2,5.57,4.22,6.92,True,True,,
BWPQTVZCMXKOKH,training_pool,1,7.21,7.21,7.21,False,False,1.0,1.0
BWWGQVVECVBFOE,training_pool,2,5.824999999999999,5.35,6.3,False,False,0.0,1.0
BXAQXSDKYWJOFG,training_pool,1,6.17,6.17,6.17,False,False,1.0,1.0
BXKQWMSQWNZDTH,training_pool,2,6.92,6.92,6.92,False,False,1.0,1.0
BXLMSRCAQQNRNB,training_pool,1,4.48,4.48,4.48,False,False,0.0,0.0
BXMYDSKKAKYONI,training_pool,1,7.57,7.57,7.57,False,False,1.0,1.0
BXOFFZDMKRHPKI,training_pool,1,7.0,7.0,7.0,False,False,1.0,1.0
BXSNVZCIQOQNET,training_pool,1,7.05,7.05,7.05,False,False,1.0,1.0
BXWXSFGWBFZMJC,training_pool,1,5.96,5.96,5.96,False,False,0.0,1.0
BYBLEWFAAKGYCD,training_pool,1,4.59,4.59,4.59,False,False,0.0,0.0
BYSFUFWKSHKBNL,training_pool,1,6.82,6.82,6.82,False,False,1.0,1.0
BYVMLUTZTHOPKN,training_pool,1,7.41,7.41,7.41,False,False,1.0,1.0
BYVYFWLNFBUGID,training_pool,1,7.52,7.52,7.52,False,False,1.0,1.0
BYYNTQBNEZMCAR,training_pool,1,4.59,4.59,4.59,False,False,0.0,0.0
BZDNZDCNMJTHQZ,training_pool,1,8.3,8.3,8.3,False,False,1.0,1.0
BZEGJNGRURKXSM,training_pool,1,4.07,4.07,4.07,False,False,0.0,0.0
BZFRYEZCJXGWLX,training_pool,1,5.07,5.07,5.07,False,False,0.0,1.0
BZGLZGKCJCBZNL,training_pool,1,6.28,6.28,6.28,False,False,1.0,1.0
BZLAZSCSSCESCS,training_pool,1,4.73,4.73,4.73,False,False,0.0,0.0
BZNFRRPUMXAVHO,training_pool,1,5.03,5.03,5.03,False,False,0.0,1.0
BZOBGQWGXDLWEF,training_pool,1,8.3,8.3,8.3,False,False,1.0,1.0
BZQGZEQWQDVATR,training_pool,1,6.92,6.92,6.92,False,False,1.0,1.0
BZRFQAQPAKAOKR,training_pool,1,6.7,6.7,6.7,False,False,1.0,1.0
BZYLEJKXQKMYAI,training_pool,1,5.11,5.11,5.11,False,False,0.0,1.0
BZZAGRLRLWESCS,training_pool,1,5.35,5.35,5.35,False,False,0.0,1.0
CADYKNKPEWDIGJ,training_pool,1,7.79,7.79,7.79,False,False,1.0,1.0
CAEBFYCJQYXHGD,training_pool,1,7.3,7.3,7.3,False,False,1.0,1.0
CALFSGSUDFWDAW,training_pool,1,4.99,4.99,4.99,False,False,0.0,0.0
CAQAACVIDLCMLM,training_pool,1,6.6,6.6,6.6,False,False,1.0,1.0
CARDZWUJKAFXIX,training_pool,1,7.5,7.5,7.5,False,False,1.0,1.0
CBBRCRGHYBDUFY,training_pool,2,7.125,6.55,7.7,False,False,1.0,1.0
CBEDFJLNGRMUQV,training_pool,1,6.06,6.06,6.06,False,False,1.0,1.0
CBEOOXYUBYSDTI,training_pool,1,7.35,7.35,7.35,False,False,1.0,1.0
CBPIQQDZRVMUPW,training_pool,1,6.33,6.33,6.33,False,False,1.0,1.0
CBQWOUFQYNLUTC,training_pool,1,7.85,7.85,7.85,False,False,1.0,1.0
CBTXNDXNHJRLKJ,training_pool,2,5.46,5.2,5.72,False,False,0.0,1.0
CBUNQTSLJBKXPU,training_pool,1,4.18,4.18,4.18,False,False,0.0,0.0
CBXFUGGFUHJDAX,training_pool,1,5.35,5.35,5.35,False,False,0.0,1.0
CCCROWRPYAZVBI,training_pool,1,6.17,6.17,6.17,False,False,1.0,1.0
CCCWBUURASCWHC,training_pool,1,5.61,5.61,5.61,False,False,0.0,1.0
CCJUIADWUOKEND,training_pool,1,6.52,6.52,6.52,False,False,1.0,1.0
CCMWVFHINAQHDU,training_pool,1,4.66,4.66,4.66,False,False,0.0,0.0
CCRRXQOCINWOLN,training_pool,1,6.37,6.37,6.37,False,False,1.0,1.0
CCVDPDRPPMKLTE,training_pool,2,6.305,6.21,6.4,False,False,1.0,1.0
CCXDKXNHRXJUOE,training_pool,1,7.05,7.05,7.05,False,False,1.0,1.0
CCZASVSAEXZSCZ,training_pool,1,6.28,6.28,6.28,False,False,1.0,1.0
CDDVIIQSCCZVKS,training_pool,1,4.42,4.42,4.42,False,False,0.0,0.0
CDKGMARHPWOGRO,training_pool,1,5.42,5.42,5.42,False,False,0.0,1.0
CDMHSMOZNZFYIK,training_pool,1,6.92,6.92,6.92,False,False,1.0,1.0
CDNINLNBPIYEHO,training_pool,1,7.22,7.22,7.22,False,False,1.0,1.0
CDTWKWWISKGXNM,training_pool,1,5.76,5.76,5.76,False,False,0.0,1.0
CDUKBWNKUSEEJJ,training_pool,1,8.46,8.46,8.46,False,False,1.0,1.0
CDYDNSAEJNAEKC,training_pool,1,6.92,6.92,6.92,False,False,1.0,1.0
CDYJZPBAXXLNTJ,training_pool,1,4.15,4.15,4.15,False,False,0.0,0.0
CEJJHALSAPDYER,training_pool,1,5.86,5.86,5.86,False,False,0.0,1.0
CEOWGNHGKRXAKI,training_pool,1,6.06,6.06,6.06,False,False,1.0,1.0
CEPZNNZVYRWCJD,training_pool,1,5.4,5.4,5.4,False,False,0.0,1.0
CEWVXPZMZGBSJN,training_pool,1,8.7,8.7,8.7,False,False,1.0,1.0
CEXFXPGETITBPC,training_pool,2,6.12,6.09,6.15,False,False,1.0,1.0
CEYOMRXFAPHFIJ,training_pool,1,7.3,7.3,7.3,False,False,1.0,1.0
CFJQWYGTUKVKTB,training_pool,1,8.7,8.7,8.7,False,False,1.0,1.0
CFLVAXAAGJCMLB,training_pool,2,6.140000000000001,6.07,6.21,False,False,1.0,1.0
CFMPDXYFWIFIRY,training_pool,1,8.15,8.15,8.15,False,False,1.0,1.0
CFRFWENQINXUII,training_pool,1,6.42,6.42,6.42,False,False,1.0,1.0
CFWCZPFWDBOUHF,training_pool,1,6.34,6.34,6.34,False,False,1.0,1.0
CFXPKVMPMGGWHX,training_pool,1,5.23,5.23,5.23,False,False,0.0,1.0
CGGVRZZLSSPNEE,training_pool,1,5.64,5.64,5.64,False,False,0.0,1.0
CGIGDMFJXJATDK,training_pool,55,6.08,4.11,9.85,True,True,,
CGWQUOKSCDOWTG,training_pool,1,7.28,7.28,7.28,False,False,1.0,1.0
CHJMEHVGESAPSR,training_pool,1,7.12,7.12,7.12,False,False,1.0,1.0
CHOFHDGORCPUPG,training_pool,1,6.77,6.77,6.77,False,False,1.0,1.0
CHUNHRFIWQZFCI,training_pool,2,5.925,5.5,6.35,False,False,0.0,1.0
CHVDZCLOELVALQ,training_pool,1,4.0,4.0,4.0,False,False,0.0,0.0
CIIFPTDYENWNLM,training_pool,1,4.69,4.69,4.69,False,False,0.0,0.0
CILKNIHLGBJDEL,training_pool,1,5.01,5.01,5.01,False,False,0.0,1.0
CIMZKNZIVLVJNK,training_pool,1,5.92,5.92,5.92,False,False,0.0,1.0
CIVHIXIGLQCZCV,training_pool,1,7.39,7.39,7.39,False,False,1.0,1.0
CIYFRTFMUUESOQ,training_pool,1,7.05,7.05,7.05,False,False,1.0,1.0
CJACECOSCQHMQC,training_pool,1,6.99,6.99,6.99,False,False,1.0,1.0
CJAWPKAYKMKKAD,training_pool,2,8.09,7.59,8.59,False,False,1.0,1.0
CJCPRVUKZFMQGA,training_pool,1,5.47,5.47,5.47,False,False,0.0,1.0
CJDLUJLMSNNDEB,training_pool,1,5.65,5.65,5.65,False,False,0.0,1.0
CJDONCDHIIUZIQ,training_pool,1,6.33,6.33,6.33,False,False,1.0,1.0
CJQBFAVDDWNVHT,training_pool,1,7.62,7.62,7.62,False,False,1.0,1.0
CJUZROJXXHOZNU,training_pool,1,7.31,7.31,7.31,False,False,1.0,1.0
CKAGNYHIHXYZET,training_pool,1,6.03,6.03,6.03,False,False,1.0,1.0
CKGUNXIOZYDUPF,training_pool,1,4.85,4.85,4.85,False,False,0.0,0.0
CKHSBMPDVLORNB,training_pool,1,7.32,7.32,7.32,False,False,1.0,1.0
CKKXCPZQKHHECC,training_pool,1,6.46,6.46,6.46,False,False,1.0,1.0
CKLPECFHCLIYKN,training_pool,1,5.0,5.0,5.0,False,False,0.0,1.0
CKMGIAVCGSOXAT,training_pool,1,6.01,6.01,6.01,False,False,1.0,1.0
CKTUGDQFDNCZCX,training_pool,1,7.72,7.72,7.72,False,False,1.0,1.0
CKUMNNZMISUIQZ,training_pool,1,7.22,7.22,7.22,False,False,1.0,1.0
CKYMQKPEKCVHMI,training_pool,1,5.92,5.92,5.92,False,False,0.0,1.0
CKZXGSXFPSXIRT,training_pool,1,6.03,6.03,6.03,False,False,1.0,1.0
CLEJIKNYKPUJCS,training_pool,1,4.7,4.7,4.7,False,False,0.0,0.0
CLPUNKXEFJOSCM,training_pool,1,7.89,7.89,7.89,False,False,1.0,1.0
CLRGHUBHANRUMX,training_pool,1,8.78,8.78,8.78,False,False,1.0,1.0
CLSNKNUDWZOTNV,training_pool,1,5.29,5.29,5.29,False,False,0.0,1.0
CLSUIINOTIZKGF,training_pool,1,6.17,6.17,6.17,False,False,1.0,1.0
CMAXXISYQHVGOB,training_pool,1,5.48,5.48,5.48,False,False,0.0,1.0
CMCUIBJDJUGWQY,training_pool,2,6.734999999999999,5.77,7.7,True,False,,1.0
CMDVIXPVUCWVBP,training_pool,1,5.57,5.57,5.57,False,False,0.0,1.0
CMEXTGCHGVNYOB,training_pool,1,6.7,6.7,6.7,False,False,1.0,1.0
CMIBLDCMENOSKH,training_pool,1,7.52,7.52,7.52,False,False,1.0,1.0
CMIPTRNHBKCQEM,training_pool,1,5.9,5.9,5.9,False,False,0.0,1.0
CMLFLJYYVZMZEF,training_pool,1,5.12,5.12,5.12,False,False,0.0,1.0
CMRLMMCGTLUUHA,training_pool,1,5.32,5.32,5.32,False,False,0.0,1.0
CMTBYFJMHRVZIE,training_pool,1,7.12,7.12,7.12,False,False,1.0,1.0
CMUMSCGMRBNTLN,training_pool,1,5.96,5.96,5.96,False,False,0.0,1.0
CMWTZPSULFXXJA,training_pool,13,4.97,4.28,6.55,True,True,,
CNGVURRRRSANRN,training_pool,1,6.48,6.48,6.48,False,False,1.0,1.0
CNIULSUYTFOEHN,training_pool,1,4.75,4.75,4.75,False,False,0.0,0.0
CNOMOEITTQLGJX,training_pool,1,4.95,4.95,4.95,False,False,0.0,0.0
CNYIWXYZNOJHQE,training_pool,1,6.58,6.58,6.58,False,False,1.0,1.0
CNYVDGNVBLSXLF,training_pool,1,6.3,6.3,6.3,False,False,1.0,1.0
COAQKUPDYYYTMU,training_pool,1,5.64,5.64,5.64,False,False,0.0,1.0
COBPUIABHPLUMD,training_pool,1,7.37,7.37,7.37,False,False,1.0,1.0
COBVPYXANNBBCS,training_pool,1,5.46,5.46,5.46,False,False,0.0,1.0
COFLSICEEKWURS,training_pool,1,6.66,6.66,6.66,False,False,1.0,1.0
COIRSVPTDJIIKY,training_pool,1,7.0,7.0,7.0,False,False,1.0,1.0
COJVCBPBWAKEIL,training_pool,1,7.04,7.04,7.04,False,False,1.0,1.0
COJVSUCMGPNJHG,training_pool,1,7.25,7.25,7.25,False,False,1.0,1.0
COKDBCCJSNVXKO,training_pool,2,10.7,10.7,10.7,False,False,1.0,1.0
COMKBMNVBVCEFX,training_pool,1,6.41,6.41,6.41,False,False,1.0,1.0
COPANKICKKUPAC,training_pool,1,6.1,6.1,6.1,False,False,1.0,1.0
CORNRPUMDIAZQC,training_pool,1,7.31,7.31,7.31,False,False,1.0,1.0
CPCDNKFXSPUXSE,training_pool,1,5.11,5.11,5.11,False,False,0.0,1.0
CPFLNRGVTFXXMN,training_pool,1,5.52,5.52,5.52,False,False,0.0,1.0
CPGBITKHHPQFPE,training_pool,1,5.22,5.22,5.22,False,False,0.0,1.0
CPWSVKDSMILXBD,training_pool,1,7.43,7.43,7.43,False,False,1.0,1.0
CQADCPOYZDVTID,training_pool,1,4.68,4.68,4.68,False,False,0.0,0.0
CQEDUEBRINEBGP,training_pool,1,4.43,4.43,4.43,False,False,0.0,0.0
CQUOHLVOGPLZCN,training_pool,1,4.44,4.44,4.44,False,False,0.0,0.0
CQVZYKXHVWHDDF,training_pool,1,7.7,7.7,7.7,False,False,1.0,1.0
CQXXTFQXVYVGGA,training_pool,1,5.52,5.52,5.52,False,False,0.0,1.0
CQYLKZGMROSKOK,training_pool,1,7.0,7.0,7.0,False,False,1.0,1.0
CRARWETUOCZGOC,training_pool,1,5.79,5.79,5.79,False,False,0.0,1.0
CRIXUXNTLYDAIZ,training_pool,1,7.41,7.41,7.41,False,False,1.0,1.0
CRLDDGZPTMXLTR,training_pool,1,5.57,5.57,5.57,False,False,0.0,1.0
CRLITSSANWJYLP,training_pool,1,7.78,7.78,7.78,False,False,1.0,1.0
CRMFBTQUPQALSY,training_pool,1,7.35,7.35,7.35,False,False,1.0,1.0
CRTFPNCZXZINQK,training_pool,1,5.85,5.85,5.85,False,False,0.0,1.0
CRTMFJUMTRDGPM,training_pool,1,5.85,5.85,5.85,False,False,0.0,1.0
CRVCUFCXEZQYLM,training_pool,1,6.3,6.3,6.3,False,False,1.0,1.0
CSCOFCJZZSLCNM,training_pool,1,4.72,4.72,4.72,False,False,0.0,0.0
CSEPEVFNTFMBAE,training_pool,1,5.89,5.89,5.89,False,False,0.0,1.0
CSHFHJNMIMPJST,training_pool,1,7.22,7.22,7.22,False,False,1.0,1.0
CSKVNQMICWIARL,training_pool,1,6.72,6.72,6.72,False,False,1.0,1.0
CSOISVJKLBMNCK,training_pool,1,7.54,7.54,7.54,False,False,1.0,1.0
CSSUZNLFUOMICW,training_pool,1,5.01,5.01,5.01,False,False,0.0,1.0
CSYDLWAKOSNOAE,training_pool,2,7.075,6.75,7.4,False,False,1.0,1.0
CTDNBGDNFAVNQA,training_pool,1,7.14,7.14,7.14,False,False,1.0,1.0
CTGPIHLEOYRNCV,training_pool,1,5.72,5.72,5.72,False,False,0.0,1.0
CTGRQQITDNERQV,training_pool,1,6.13,6.13,6.13,False,False,1.0,1.0
CTTVVMXBXWWNQS,training_pool,1,6.14,6.14,6.14,False,False,1.0,1.0
CTXHVGYKJRVUPO,training_pool,1,5.07,5.07,5.07,False,False,0.0,1.0
CTYTWVYNLUZWIC,training_pool,1,5.58,5.58,5.58,False,False,0.0,1.0
CUAONCDEYDRODA,training_pool,1,5.0,5.0,5.0,False,False,0.0,1.0
CUHTUSNYDQACPN,training_pool,1,5.38,5.38,5.38,False,False,0.0,1.0
CUIDMPSXUBHFLG,training_pool,1,7.72,7.72,7.72,False,False,1.0,1.0
CUILXGLONARMAR,training_pool,1,6.05,6.05,6.05,False,False,1.0,1.0
CUJAYBPDKMIWOJ,training_pool,1,8.03,8.03,8.03,False,False,1.0,1.0
CUSHWDQBJKSQCC,training_pool,1,8.7,8.7,8.7,False,False,1.0,1.0
CUTHJLRURVNRGL,training_pool,1,5.16,5.16,5.16,False,False,0.0,1.0
CUVUXNULRBGYON,training_pool,2,6.76,6.05,7.47,False,False,1.0,1.0
CVHYSZGLJBKYOG,training_pool,1,7.46,7.46,7.46,False,False,1.0,1.0
CVMUUPNNEPVQCL,training_pool,1,6.92,6.92,6.92,False,False,1.0,1.0
CVOMEMREDHPJGV,training_pool,1,4.38,4.38,4.38,False,False,0.0,0.0
CVPSIMWFHZLLEZ,training_pool,1,7.42,7.42,7.42,False,False,1.0,1.0
CVTWWUQHTBCDEB,training_pool,1,5.43,5.43,5.43,False,False,0.0,1.0
CVWNHYPGKTUTJX,training_pool,1,7.7,7.7,7.7,False,False,1.0,1.0
CWBUUUHKRWGIGX,training_pool,1,6.82,6.82,6.82,False,False,1.0,1.0
CWFXEOVJHOPAAC,training_pool,1,6.72,6.72,6.72,False,False,1.0,1.0
CWGPKADKUXFWDR,training_pool,1,5.84,5.84,5.84,False,False,0.0,1.0
CWIQJLUBNASVBC,training_pool,1,4.22,4.22,4.22,False,False,0.0,0.0
CWIYHOKBPKOCHZ,training_pool,1,7.24,7.24,7.24,False,False,1.0,1.0
CWMRILMPPGUTTE,training_pool,1,5.33,5.33,5.33,False,False,0.0,1.0
CWRUNDVYDPBFMH,training_pool,1,6.1,6.1,6.1,False,False,1.0,1.0
CWYSJCXIZMRPEZ,training_pool,1,6.55,6.55,6.55,False,False,1.0,1.0
CXBJLXHCMPTESY,training_pool,1,5.52,5.52,5.52,False,False,0.0,1.0
CXCMWLHHEUOKQL,training_pool,1,7.16,7.16,7.16,False,False,1.0,1.0
CXJHGTLIKOZHJE,training_pool,1,7.39,7.39,7.39,False,False,1.0,1.0
CXJONBHNIJFARE,training_pool,1,7.68,7.68,7.68,False,False,1.0,1.0
CXMNVVPEMHYESO,training_pool,1,7.35,7.35,7.35,False,False,1.0,1.0
CXQJRDQDYLVXEL,training_pool,1,5.01,5.01,5.01,False,False,0.0,1.0
CXSQILIHTWRLFQ,training_pool,1,8.7,8.7,8.7,False,False,1.0,1.0
CYDZPNMLONIHFV,training_pool,1,6.55,6.55,6.55,False,False,1.0,1.0
CYPUGHFYVJHLOZ,training_pool,5,7.28,5.58,7.93,True,False,,1.0
CYQRGESYDMHMAI,training_pool,1,7.46,7.46,7.46,False,False,1.0,1.0
CZKXBPRLBHIVAF,training_pool,1,6.62,6.62,6.62,False,False,1.0,1.0
CZPZADWUARSBDC,training_pool,1,6.98,6.98,6.98,False,False,1.0,1.0
CZVAGAQJZNJAPW,training_pool,1,7.05,7.05,7.05,False,False,1.0,1.0
CZXMLLSNIMHIFO,training_pool,1,6.2,6.2,6.2,False,False,1.0,1.0
CZZCGYYJTPWNON,training_pool,1,7.75,7.75,7.75,False,False,1.0,1.0
DADHJCHABCTJSK,training_pool,1,7.8,7.8,7.8,False,False,1.0,1.0
DAEKZKUAFVMFKP,training_pool,1,6.66,6.66,6.66,False,False,1.0,1.0
DAFFBWCJVXCNBW,training_pool,2,7.62,7.54,7.7,False,False,1.0,1.0
DAPGUNKYRTYTAG,training_pool,1,8.02,8.02,8.02,False,False,1.0,1.0
DAQHOGIVJRTPRJ,training_pool,1,5.35,5.35,5.35,False,False,0.0,1.0
DAQJXPYVPISCGN,training_pool,1,6.96,6.96,6.96,False,False,1.0,1.0
DAQPUEYNJFWBGU,training_pool,1,5.96,5.96,5.96,False,False,0.0,1.0
DARUDEIEANYQOK,training_pool,1,6.26,6.26,6.26,False,False,1.0,1.0
DASOTEJBILFGNG,training_pool,1,6.66,6.66,6.66,False,False,1.0,1.0
DASPFCNYUUGYII,training_pool,1,5.77,5.77,5.77,False,False,0.0,1.0
DAUUYZZSBTWCKJ,training_pool,1,5.0,5.0,5.0,False,False,0.0,1.0
DAWMTLYDEHXOQA,training_pool,1,6.05,6.05,6.05,False,False,1.0,1.0
DBAHKWACOWNHHW,training_pool,1,5.7,5.7,5.7,False,False,0.0,1.0
DBARNAJNBUVQQY,training_pool,1,5.87,5.87,5.87,False,False,0.0,1.0
DBEZAQWZIMHBRG,training_pool,1,5.05,5.05,5.05,False,False,0.0,1.0
DBKRGAVAZKUHPC,training_pool,1,4.16,4.16,4.16,False,False,0.0,0.0
DBOGUXGEJXYHPC,training_pool,1,4.74,4.74,4.74,False,False,0.0,0.0
DBUKLJHVMCKPSH,training_pool,1,5.36,5.36,5.36,False,False,0.0,1.0
DBWILLAXKDUAPA,training_pool,1,7.4,7.4,7.4,False,False,1.0,1.0
DBYDCJSATBOJOK,training_pool,2,6.4,5.75,7.05,True,False,,1.0
DBYKGCFFWFBPKL,training_pool,1,7.96,7.96,7.96,False,False,1.0,1.0
DBYNZDLOIRGYTE,training_pool,1,7.8,7.8,7.8,False,False,1.0,1.0
DBYVEERPFTUGSV,training_pool,2,10.05,10.05,10.05,False,False,1.0,1.0
DBZCJRCZIJMVPC,training_pool,1,7.05,7.05,7.05,False,False,1.0,1.0
DCCWOUMTBFRHCJ,training_pool,1,6.0,6.0,6.0,False,False,1.0,1.0
DCDFZCCMGRLMFA,training_pool,1,6.04,6.04,6.04,False,False,1.0,1.0
DCDIYRZMEGSVCN,training_pool,1,7.46,7.46,7.46,False,False,1.0,1.0
DCEUKJMFFBNQJQ,training_pool,1,5.12,5.12,5.12,False,False,0.0,1.0
DCIAJQYVIKONRS,training_pool,2,5.43,4.96,5.9,False,False,0.0,1.0
DCMYHQMCRQKYSM,training_pool,1,7.33,7.33,7.33,False,False,1.0,1.0
DCNFOZPTCDBWRR,training_pool,2,5.515000000000001,5.28,5.75,False,False,0.0,1.0
DCOPUUMXTXDBNB,training_pool,21,6.09,4.63,8.3,True,True,,
DCPYAQNIQIDDNW,training_pool,1,5.15,5.15,5.15,False,False,0.0,1.0
DCTJYWHQVPYTJL,training_pool,1,4.97,4.97,4.97,False,False,0.0,0.0
DCUHXHDPMHYMCG,training_pool,1,4.21,4.21,4.21,False,False,0.0,0.0
DCVQYHUGOBPBKD,training_pool,1,5.55,5.55,5.55,False,False,0.0,1.0
DDAUUFHOQWDQAE,training_pool,1,4.56,4.56,4.56,False,False,0.0,0.0
DDKPQYHRYNCYMI,training_pool,1,8.1,8.1,8.1,False,False,1.0,1.0
DDLFHUMKBIUTAS,training_pool,1,8.05,8.05,8.05,False,False,1.0,1.0
DDZCJKFKMNVESZ,training_pool,1,4.16,4.16,4.16,False,False,0.0,0.0
DEIAIXWIMOETNX,training_pool,1,6.14,6.14,6.14,False,False,1.0,1.0
DEOMPFWIGOOQMC,training_pool,1,5.2,5.2,5.2,False,False,0.0,1.0
DEPLDXFZWRLVPL,training_pool,1,7.04,7.04,7.04,False,False,1.0,1.0
DESBNISDYNFRCI,training_pool,2,7.4,7.4,7.4,False,False,1.0,1.0
DEVVQBIUASECGT,training_pool,1,6.66,6.66,6.66,False,False,1.0,1.0
DFAGWXVWJYTEEG,training_pool,1,5.85,5.85,5.85,False,False,0.0,1.0
DFBIRQPKNDILPW,training_pool,1,7.4,7.4,7.4,False,False,1.0,1.0
DFGMJFWWHKQIQC,training_pool,1,6.26,6.26,6.26,False,False,1.0,1.0
DFJVUELGIACRGE,training_pool,1,8.7,8.7,8.7,False,False,1.0,1.0
DFLFDHXLMTYYEI,training_pool,1,8.52,8.52,8.52,False,False,1.0,1.0
DFLWRYORYKDTRU,training_pool,1,7.43,7.43,7.43,False,False,1.0,1.0
DFOLAJVGZPYPKL,training_pool,1,8.05,8.05,8.05,False,False,1.0,1.0
DFSTZAKEISRAOK,training_pool,1,6.19,6.19,6.19,False,False,1.0,1.0
DFXUDLIGCVSXJI,training_pool,1,7.52,7.52,7.52,False,False,1.0,1.0
DFZNKMAEHVZMHR,training_pool,1,4.04,4.04,4.04,False,False,0.0,0.0
DGBHRXLUVJFCMS,training_pool,1,4.2,4.2,4.2,False,False,0.0,0.0
DGCCBPKNZKALHP,training_pool,1,4.35,4.35,4.35,False,False,0.0,0.0
DGMFCHKURLYHIZ,training_pool,1,6.05,6.05,6.05,False,False,1.0,1.0
DGVMYPWWHNIECE,training_pool,1,7.22,7.22,7.22,False,False,1.0,1.0
DGYWHJGJQUGSBA,training_pool,1,5.81,5.81,5.81,False,False,0.0,1.0
DHBGCEOVDIDNIG,training_pool,1,5.44,5.44,5.44,False,False,0.0,1.0
DHBMOABPBBTTBA,training_pool,1,7.16,7.16,7.16,False,False,1.0,1.0
DHBNTPNLOIHYEH,training_pool,1,4.46,4.46,4.46,False,False,0.0,0.0
DHCKGWRSGKQVAK,training_pool,2,6.695,5.55,7.84,True,False,,1.0
DHCXCQRUKQXNML,training_pool,1,7.0,7.0,7.0,False,False,1.0,1.0
DHFMPIJITCFEFT,training_pool,1,4.83,4.83,4.83,False,False,0.0,0.0
DHIJSADTEIPYLH,training_pool,1,5.07,5.07,5.07,False,False,0.0,1.0
DHJJJVAMXQKMBR,training_pool,1,5.5,5.5,5.5,False,False,0.0,1.0
DHNTZEYGEFMOTJ,training_pool,1,6.16,6.16,6.16,False,False,1.0,1.0
DHQWPYUKGRNMBA,training_pool,1,7.0,7.0,7.0,False,False,1.0,1.0
DHRDHNHJDYLPGD,training_pool,1,6.09,6.09,6.09,False,False,1.0,1.0
DHRWMANEHKIRBS,training_pool,1,8.15,8.15,8.15,False,False,1.0,1.0
DHWSKDOOUNAPHC,training_pool,1,8.15,8.15,8.15,False,False,1.0,1.0
DHZKWLKOBNXRLI,training_pool,1,7.34,7.34,7.34,False,False,1.0,1.0
DHZXHKWNGJDESB,training_pool,1,6.3,6.3,6.3,False,False,1.0,1.0
DICHKUSVPRXKBB,training_pool,1,6.72,6.72,6.72,False,False,1.0,1.0
DIIJJSMSKXETBH,training_pool,1,6.07,6.07,6.07,False,False,1.0,1.0
DIMRPPBPMWBQOI,training_pool,1,6.54,6.54,6.54,False,False,1.0,1.0
DINGLXQCPYVJND,training_pool,1,5.57,5.57,5.57,False,False,0.0,1.0
DIOZWMKSWKRGLS,training_pool,1,4.26,4.26,4.26,False,False,0.0,0.0
DIRIVBQYONNWEG,training_pool,1,5.58,5.58,5.58,False,False,0.0,1.0
DITSXUUEJDNZAX,training_pool,1,6.92,6.92,6.92,False,False,1.0,1.0
DIUCLSCBUOAEQY,training_pool,3,7.11,6.72,7.2,False,False,1.0,1.0
DIYJQUPTYJFNLF,training_pool,1,5.92,5.92,5.92,False,False,0.0,1.0
DIZPXIPTIAFZLP,training_pool,1,6.51,6.51,6.51,False,False,1.0,1.0
DJARNOZMDSUMPO,training_pool,1,6.47,6.47,6.47,False,False,1.0,1.0
DJEBOVUGDRHDPD,training_pool,1,5.12,5.12,5.12,False,False,0.0,1.0
DJEIHHYCDCTAAH,training_pool,1,6.36,6.36,6.36,False,False,1.0,1.0
DJISGNTZXRNEQL,training_pool,1,5.68,5.68,5.68,False,False,0.0,1.0
DKAFNEJRHQVNSH,training_pool,1,5.8,5.8,5.8,False,False,0.0,1.0
DKFFXHUGUKTEDT,training_pool,1,7.23,7.23,7.23,False,False,1.0,1.0
DKJNRQYOATUQSD,training_pool,1,6.24,6.24,6.24,False,False,1.0,1.0
DKQVDTTXAYWWTK,training_pool,1,4.33,4.33,4.33,False,False,0.0,0.0
DKTGIBONDZBFMV,training_pool,1,6.28,6.28,6.28,False,False,1.0,1.0
DKWKAXBUKHRRGT,training_pool,1,7.23,7.23,7.23,False,False,1.0,1.0
DKYUBWWDQMKPOP,training_pool,1,7.28,7.28,7.28,False,False,1.0,1.0
DKYWVDODHFEZIM,training_pool,8,6.715,5.42,7.58,True,False,,1.0
DLAUXCWQDZHKLB,training_pool,1,7.52,7.52,7.52,False,False,1.0,1.0
DLCFBVIPGPNHMB,training_pool,1,7.32,7.32,7.32,False,False,1.0,1.0
DLEXWYPUXDTMQV,training_pool,1,6.47,6.47,6.47,False,False,1.0,1.0
DLKXEUZPQFMNLH,training_pool,2,6.785,6.05,7.52,False,False,1.0,1.0
DLNFSPGVBVGLEQ,training_pool,1,5.75,5.75,5.75,False,False,0.0,1.0
DLNLQIMPTPAKPR,training_pool,1,4.44,4.44,4.44,False,False,0.0,0.0
DLPBGDZVEDZHMK,training_pool,2,6.35,5.0,7.7,True,False,,1.0
DLPJPIYIOFIHSX,training_pool,1,7.55,7.55,7.55,False,False,1.0,1.0
DLSZETGYSLQFMY,training_pool,1,6.48,6.48,6.48,False,False,1.0,1.0
DLTZICHLUOWHAV,training_pool,1,8.22,8.22,8.22,False,False,1.0,1.0
DLWFZKKISURUAX,training_pool,2,7.380000000000001,6.53,8.23,False,False,1.0,1.0
DLXQYZVXNWRFSG,training_pool,2,6.66,6.55,6.77,False,False,1.0,1.0
DMAQGXIFTLZFRD,training_pool,2,8.025,7.16,8.89,False,False,1.0,1.0
DMELPKKHDKICRM,training_pool,1,6.68,6.68,6.68,False,False,1.0,1.0
DMNILJVWHYPJJG,training_pool,1,7.05,7.05,7.05,False,False,1.0,1.0
DMPPKRRTBXIMPK,training_pool,1,6.52,6.52,6.52,False,False,1.0,1.0
DMUXXIRZQVBKLT,training_pool,1,6.33,6.33,6.33,False,False,1.0,1.0
DMWHCQKZAYSQEI,training_pool,1,5.58,5.58,5.58,False,False,0.0,1.0
DMWLCLJRDSZTGM,training_pool,1,7.43,7.43,7.43,False,False,1.0,1.0
DMWMQMPLKAHFNJ,training_pool,1,7.5,7.5,7.5,False,False,1.0,1.0
DMZUAELZDQPIBP,training_pool,1,6.52,6.52,6.52,False,False,1.0,1.0
DNGDINHKWZIPCA,training_pool,1,8.3,8.3,8.3,False,False,1.0,1.0
DNIKRHXQZCTYOD,training_pool,2,7.535,6.82,8.25,False,False,1.0,1.0
DNSCLWJDGOJUHA,training_pool,1,6.57,6.57,6.57,False,False,1.0,1.0
DNSZVRYSOQVHKS,training_pool,5,7.21,6.07,7.31,False,False,1.0,1.0
DNUHDWNRMMJORR,training_pool,1,4.79,4.79,4.79,False,False,0.0,0.0
DNVJKTWLCVYBCL,training_pool,1,5.96,5.96,5.96,False,False,0.0,1.0
DODVNPBCMKADSZ,training_pool,1,7.58,7.58,7.58,False,False,1.0,1.0
DOKXRCFCOGDSEH,training_pool,1,5.42,5.42,5.42,False,False,0.0,1.0
DOPHVLMILOKUHS,training_pool,1,8.05,8.05,8.05,False,False,1.0,1.0
DOQVKLKAKMSXTJ,training_pool,1,8.29,8.29,8.29,False,False,1.0,1.0
DPCDLRLXYKKSMC,training_pool,1,7.0,7.0,7.0,False,False,1.0,1.0
DPIMRAGJKILGHH,training_pool,1,6.05,6.05,6.05,False,False,1.0,1.0
DPMCNTKIPLJKFD,training_pool,1,4.91,4.91,4.91,False,False,0.0,0.0
DPOCGLVTVQYWBQ,training_pool,1,5.36,5.36,5.36,False,False,0.0,1.0
DPVDSDFALLOAPC,training_pool,1,6.4,6.4,6.4,False,False,1.0,1.0
DPYLMVIJRWFZIG,training_pool,1,6.51,6.51,6.51,False,False,1.0,1.0
DQBUVASGOMAQID,training_pool,1,4.7,4.7,4.7,False,False,0.0,0.0
DQHFFFCZUKEEDS,training_pool,1,4.71,4.71,4.71,False,False,0.0,0.0
DQHZKUGKKUSQEY,training_pool,1,6.02,6.02,6.02,False,False,1.0,1.0
DQLYCEYLLWWOCL,training_pool,1,7.96,7.96,7.96,False,False,1.0,1.0
DQPQCUKGSDBLPY,training_pool,1,6.22,6.22,6.22,False,False,1.0,1.0
DQSBFGDMPUUXNH,training_pool,2,5.96,5.96,5.96,False,False,0.0,1.0
DQWJAMBRPFBOPM,training_pool,1,6.55,6.55,6.55,False,False,1.0,1.0
DRABNASYVLDTFC,training_pool,1,4.75,4.75,4.75,False,False,0.0,0.0
DRJJNSWSNAOHJN,training_pool,1,5.7,5.7,5.7,False,False,0.0,1.0
DRLYABMZPXHNSE,training_pool,1,6.44,6.44,6.44,False,False,1.0,1.0
DRONBOFUARZCGK,training_pool,1,5.82,5.82,5.82,False,False,0.0,1.0
DRONOBDAPPBVEZ,training_pool,1,6.72,6.72,6.72,False,False,1.0,1.0
DRPHXFXXVMZXSP,training_pool,1,7.8,7.8,7.8,False,False,1.0,1.0
DRSXUVYJEFTFCX,training_pool,1,6.55,6.55,6.55,False,False,1.0,1.0
DRWRPFLWKLAFLL,training_pool,1,8.22,8.22,8.22,False,False,1.0,1.0
DRYHLBHLUXJOAV,training_pool,1,7.36,7.36,7.36,False,False,1.0,1.0
DSBGPMMJJYTHSP,training_pool,1,5.85,5.85,5.85,False,False,0.0,1.0
DSMSBSUDPPTYER,training_pool,1,7.47,7.47,7.47,False,False,1.0,1.0
DSZLHPDAQPDTDC,training_pool,1,5.96,5.96,5.96,False,False,0.0,1.0
DTAPHQYAZUTCIG,training_pool,1,7.28,7.28,7.28,False,False,1.0,1.0
DTCIOOIQPABRIQ,training_pool,1,8.0,8.0,8.0,False,False,1.0,1.0
DTMBSZHPFBZQOW,training_pool,1,5.14,5.14,5.14,False,False,0.0,1.0
DTRJGTVTYKEOBS,training_pool,1,5.97,5.97,5.97,False,False,0.0,1.0
DTRKBNINDIYVFS,training_pool,1,4.58,4.58,4.58,False,False,0.0,0.0
DTRRRMIIVDWNKP,training_pool,2,5.97,5.76,6.18,False,False,0.0,1.0
DTSMSQVJQWGIJS,training_pool,1,6.57,6.57,6.57,False,False,1.0,1.0
DTVXNOVVMAMQNU,training_pool,3,6.6,5.1,6.6,True,False,,1.0
DTWZFMHXWIZBEF,training_pool,1,6.25,6.25,6.25,False,False,1.0,1.0
DUCAGZWZZJKLLU,training_pool,1,7.62,7.62,7.62,False,False,1.0,1.0
DUCQLBMTYZZXGE,training_pool,1,4.8,4.8,4.8,False,False,0.0,0.0
DUEHBNYPDIDYLL,training_pool,1,6.6,6.6,6.6,False,False,1.0,1.0
DUFCCGCFKPQHHO,training_pool,2,6.5,6.28,6.72,False,False,1.0,1.0
DUJVEFUFSFGLMD,training_pool,1,6.3,6.3,6.3,False,False,1.0,1.0
DUSGGEPBMGVOMH,training_pool,1,6.62,6.62,6.62,False,False,1.0,1.0
DUXASHYYDGYHKQ,training_pool,1,6.16,6.16,6.16,False,False,1.0,1.0
DVEMVBJORYQXCG,training_pool,1,4.66,4.66,4.66,False,False,0.0,0.0
DVFONKNOKNLESB,training_pool,1,5.54,5.54,5.54,False,False,0.0,1.0
DVGBPOQDUNBJNV,training_pool,1,5.89,5.89,5.89,False,False,0.0,1.0
DVHLUSILYSNCAJ,training_pool,1,7.85,7.85,7.85,False,False,1.0,1.0
DVNKXAKWCCJBOO,training_pool,1,5.08,5.08,5.08,False,False,0.0,1.0
DVTXAICRFHCTMA,training_pool,1,6.96,6.96,6.96,False,False,1.0,1.0
DVWHCFFOQZQHTQ,training_pool,1,8.33,8.33,8.33,False,False,1.0,1.0
DWMAISJTXXFAIB,training_pool,1,8.14,8.14,8.14,False,False,1.0,1.0
DWNKIZAZGGYRPI,training_pool,1,5.36,5.36,5.36,False,False,0.0,1.0
DWOIGCYRUCWFPR,training_pool,1,5.81,5.81,5.81,False,False,0.0,1.0
DWOMXLCOZHJDME,training_pool,1,6.96,6.96,6.96,False,False,1.0,1.0
DWPABKWGLDPTEB,training_pool,1,5.19,5.19,5.19,False,False,0.0,1.0
DWSOSXURKHROCG,training_pool,1,4.67,4.67,4.67,False,False,0.0,0.0
DWUXWNDVKZWHPM,training_pool,1,4.35,4.35,4.35,False,False,0.0,0.0
DWZJFPYNRIXPLD,training_pool,1,7.69,7.69,7.69,False,False,1.0,1.0
DXAUOAUEYYOZRZ,training_pool,1,6.56,6.56,6.56,False,False,1.0,1.0
DXDPLFACQXKHBI,training_pool,1,7.16,7.16,7.16,False,False,1.0,1.0
DXEUXJLQAMOOSG,training_pool,1,6.32,6.32,6.32,False,False,1.0,1.0
DXEYLPSIPOLYIO,training_pool,1,8.16,8.16,8.16,False,False,1.0,1.0
DXICGRKNEYCBLC,training_pool,1,4.46,4.46,4.46,False,False,0.0,0.0
DXIFWWUDOXUTQH,training_pool,1,6.96,6.96,6.96,False,False,1.0,1.0
DXMRCGHTBYSIBM,training_pool,1,6.51,6.51,6.51,False,False,1.0,1.0
DXXOQPYKXLLPNU,training_pool,3,6.5,6.32,7.0,False,False,1.0,1.0
DYBNJWAVLCSTJB,training_pool,1,8.52,8.52,8.52,False,False,1.0,1.0
DYBYPXGXLZNZQU,training_pool,1,7.19,7.19,7.19,False,False,1.0,1.0
DYJXKHJKHDHNON,training_pool,1,7.68,7.68,7.68,False,False,1.0,1.0
DYOGJSCHXUCRIS,training_pool,1,5.16,5.16,5.16,False,False,0.0,1.0
DYOVHRDVYRENAS,training_pool,1,7.0,7.0,7.0,False,False,1.0,1.0
DZCQFLHWKICSAM,training_pool,1,5.6,5.6,5.6,False,False,0.0,1.0
DZIBFEXFMHDKQR,training_pool,1,7.3,7.3,7.3,False,False,1.0,1.0
DZKGTJJSYXOTDZ,training_pool,1,7.92,7.92,7.92,False,False,1.0,1.0
DZMDWCWRTGPBTF,training_pool,1,9.52,9.52,9.52,False,False,1.0,1.0
DZUBHCGQYMMGJM,training_pool,1,8.7,8.7,8.7,False,False,1.0,1.0
DZYODCFQFVLDCP,training_pool,1,5.92,5.92,5.92,False,False,0.0,1.0
DZZRVNYSBGNSMV,training_pool,1,7.05,7.05,7.05,False,False,1.0,1.0
FAKRSMQSSFJEIM,flora,1,4.92,4.92,4.92,False,False,0.0,0.0
FASWXBMDPAEJDK,training_pool,1,7.43,7.43,7.43,False,False,1.0,1.0
FBDKUMTZJSNAKR,training_pool,1,4.39,4.39,4.39,False,False,0.0,0.0
FBDSYHLMZKXXBC,training_pool,1,5.62,5.62,5.62,False,False,0.0,1.0
FBIBODLMGQQTEX,training_pool,1,6.5,6.5,6.5,False,False,1.0,1.0
FBLFDJXIBWDYDK,training_pool,1,5.72,5.72,5.72,False,False,0.0,1.0
FBOXARNCZRHBOP,training_pool,1,5.7,5.7,5.7,False,False,0.0,1.0
FBSSXLAQRGSNKB,training_pool,1,5.96,5.96,5.96,False,False,0.0,1.0
FBTUDRDQFRSCDH,training_pool,1,6.56,6.56,6.56,False,False,1.0,1.0
FBWPNNUXDCEDTG,training_pool,1,7.3,7.3,7.3,False,False,1.0,1.0
FCEGYDMHSUAVRK,training_pool,1,5.97,5.97,5.97,False,False,0.0,1.0
FCFCHZLJNMGPIK,training_pool,1,8.7,8.7,8.7,False,False,1.0,1.0
FCLFZNWXLWQMDF,training_pool,2,6.050000000000001,5.28,6.82,True,False,,1.0
FCOMTKBRAKMDNZ,training_pool,1,5.4,5.4,5.4,False,False,0.0,1.0
FCRDFQWYMOBSIT,training_pool,2,5.75,4.96,6.54,True,True,,
FDAUDEPTKJFWGY,training_pool,1,6.37,6.37,6.37,False,False,1.0,1.0
FDCKKKZNQLOMBU,training_pool,1,8.22,8.22,8.22,False,False,1.0,1.0
FDJHAIWHVOSEBD,training_pool,1,7.7,7.7,7.7,False,False,1.0,1.0
FDKQQLIDPCZUFH,training_pool,1,5.29,5.29,5.29,False,False,0.0,1.0
FDOBSFQCXONGKO,training_pool,1,5.96,5.96,5.96,False,False,0.0,1.0
FDOPNLKNBDADAV,training_pool,1,7.75,7.75,7.75,False,False,1.0,1.0
FDQJJGLILVSTRC,training_pool,1,5.0,5.0,5.0,False,False,0.0,1.0
FDXGTFIBPBOUCY,training_pool,1,4.92,4.92,4.92,False,False,0.0,0.0
FEBYGXBUFLRQJP,training_pool,1,6.51,6.51,6.51,False,False,1.0,1.0
FELJFUMXGSBVOX,training_pool,1,7.36,7.36,7.36,False,False,1.0,1.0
FELJSCWNPQUGGM,training_pool,2,9.27,9.27,9.27,False,False,1.0,1.0
FEMWZVNQDYUACZ,training_pool,1,6.43,6.43,6.43,False,False,1.0,1.0
FEPONKQKKYRXCY,training_pool,1,7.16,7.16,7.16,False,False,1.0,1.0
FEQFZJTZQQDSKI,training_pool,1,7.4,7.4,7.4,False,False,1.0,1.0
FESVWZMXGAMHSD,training_pool,1,6.87,6.87,6.87,False,False,1.0,1.0
FEXBXMJXXABDQF,training_pool,1,5.58,5.58,5.58,False,False,0.0,1.0
FEYNAFSYLAYPQJ,training_pool,1,6.87,6.87,6.87,False,False,1.0,1.0
FFAKYUWCCVGJAA,training_pool,1,5.05,5.05,5.05,False,False,0.0,1.0
FFBJTVWUEHZDEN,training_pool,1,5.8,5.8,5.8,False,False,0.0,1.0
FFKHZKOMUXQUSN,training_pool,1,6.33,6.33,6.33,False,False,1.0,1.0
FFUJXNQAQPQGHZ,training_pool,1,6.28,6.28,6.28,False,False,1.0,1.0
FGBHTDXMLNCJCI,training_pool,1,6.58,6.58,6.58,False,False,1.0,1.0
FGJSZSWCRGILQE,training_pool,1,7.0,7.0,7.0,False,False,1.0,1.0
FGMCMIYBJDDPQC,training_pool,1,6.54,6.54,6.54,False,False,1.0,1.0
FHAATUXFFKSHOQ,training_pool,1,5.12,5.12,5.12,False,False,0.0,1.0
FHGITMLXWQZCAM,training_pool,1,7.26,7.26,7.26,False,False,1.0,1.0
FHKZZINQCMHAGZ,training_pool,1,5.13,5.13,5.13,False,False,0.0,1.0
FHLLMNAAJMLCIX,training_pool,1,6.48,6.48,6.48,False,False,1.0,1.0
FHVXNQKGIKQOCB,training_pool,1,7.68,7.68,7.68,False,False,1.0,1.0
FIMNKFVUNODWNE,training_pool,1,5.52,5.52,5.52,False,False,0.0,1.0
FIOZQQGQLAXRBU,training_pool,1,8.7,8.7,8.7,False,False,1.0,1.0
FIRSADZWNMOOCD,training_pool,1,4.03,4.03,4.03,False,False,0.0,0.0
FIZIEQVDEPGNOZ,training_pool,1,6.16,6.16,6.16,False,False,1.0,1.0
FJBKKMJBVLOMRG,training_pool,1,6.47,6.47,6.47,False,False,1.0,1.0
FJFBNALMCPSSLK,training_pool,1,5.22,5.22,5.22,False,False,0.0,1.0
FJQRBWIOLPBVTA,training_pool,1,8.4,8.4,8.4,False,False,1.0,1.0
FJVLAYQCSAEMHG,training_pool,1,7.19,7.19,7.19,False,False,1.0,1.0
FJVLFULBBXMDBS,training_pool,4,7.31,7.1,7.82,False,False,1.0,1.0
FJVRXFGIYNHBIR,training_pool,1,6.55,6.55,6.55,False,False,1.0,1.0
FJXCJWRRLVTBSO,training_pool,1,6.11,6.11,6.11,False,False,1.0,1.0
FJXHGDUMEUOBOT,training_pool,1,7.55,7.55,7.55,False,False,1.0,1.0
FKBGGHJHIOKBQW,training_pool,1,5.18,5.18,5.18,False,False,0.0,1.0
FKFGGTPHFRKKOS,training_pool,1,6.99,6.99,6.99,False,False,1.0,1.0
FKGMXMLKUGPSGH,training_pool,1,6.66,6.66,6.66,False,False,1.0,1.0
FKRGMKAZITYKGR,training_pool,1,6.99,6.99,6.99,False,False,1.0,1.0
FKRIWEMPRCOAKX,training_pool,1,7.36,7.36,7.36,False,False,1.0,1.0
FLERQJRELKLDIQ,training_pool,1,7.75,7.75,7.75,False,False,1.0,1.0
FLILBXBCHAHNMP,training_pool,1,5.17,5.17,5.17,False,False,0.0,1.0
FLPQQSAIERXZQO,training_pool,1,5.01,5.01,5.01,False,False,0.0,1.0
FLVUYAPQRNSZDJ,training_pool,2,6.68,6.51,6.85,False,False,1.0,1.0
FLXYEGPJLCNQPX,training_pool,1,8.4,8.4,8.4,False,False,1.0,1.0
FMIMEKPJOIWECI,training_pool,1,6.22,6.22,6.22,False,False,1.0,1.0
FMODWGAYNUFILH,training_pool,1,6.31,6.31,6.31,False,False,1.0,1.0
FMXPLCOPRJODRZ,training_pool,1,6.0,6.0,6.0,False,False,1.0,1.0
FNALGEDMFJISPC,training_pool,1,4.32,4.32,4.32,False,False,0.0,0.0
FNFUHIDPKXGQAG,training_pool,1,6.16,6.16,6.16,False,False,1.0,1.0
FNGMKPWLZXNWOD,training_pool,1,7.07,7.07,7.07,False,False,1.0,1.0
FNGMSYDWBSGMPR,training_pool,2,6.08,5.16,7.0,True,False,,1.0
FNICYHPQEDPWCH,training_pool,1,6.51,6.51,6.51,False,False,1.0,1.0
FNIONCZMHPLPSM,training_pool,1,5.38,5.38,5.38,False,False,0.0,1.0
FNPIRGWGKFWZNF,training_pool,1,4.68,4.68,4.68,False,False,0.0,0.0
FNPMPZHLRIIPHE,training_pool,1,6.97,6.97,6.97,False,False,1.0,1.0
FNUVWCBUDJAFOI,training_pool,1,5.56,5.56,5.56,False,False,0.0,1.0
FNZJPCKNJWRWME,training_pool,1,6.16,6.16,6.16,False,False,1.0,1.0
FOECKIWHCOYYFL,training_pool,1,5.06,5.06,5.06,False,False,0.0,1.0
FOHSKJVOAMOWHN,training_pool,1,7.41,7.41,7.41,False,False,1.0,1.0
FORAUJOOUWODMZ,training_pool,1,7.8,7.8,7.8,False,False,1.0,1.0
FOTJKGZGHZQSLX,training_pool,1,7.7,7.7,7.7,False,False,1.0,1.0
FOUBNASCZPSQBW,training_pool,1,4.85,4.85,4.85,False,False,0.0,0.0
FPBHFIQVIJADPD,training_pool,2,5.6,5.48,5.72,False,False,0.0,1.0
FPELOZBZQOVRQQ,training_pool,1,5.07,5.07,5.07,False,False,0.0,1.0
FPPBUGKMSBZZHX,training_pool,1,6.66,6.66,6.66,False,False,1.0,1.0
FPPHUFDYVUEOLY,training_pool,1,5.3,5.3,5.3,False,False,0.0,1.0
FPSUVIUWANQXKX,training_pool,1,8.3,8.3,8.3,False,False,1.0,1.0
FPVPADRYAMLFAX,training_pool,1,8.01,8.01,8.01,False,False,1.0,1.0
FPZPYMHOAMRFET,training_pool,2,8.35,8.0,8.7,False,False,1.0,1.0
FQDDEASFJHPCEE,training_pool,1,7.0,7.0,7.0,False,False,1.0,1.0
FQGKJLJYDGWNPW,training_pool,1,7.0,7.0,7.0,False,False,1.0,1.0
FQHFSRHRIAXUPP,training_pool,1,7.4,7.4,7.4,False,False,1.0,1.0
FQJOALWXRJKJFW,training_pool,1,7.16,7.16,7.16,False,False,1.0,1.0
FQKWRRCXSFSRHH,training_pool,1,4.06,4.06,4.06,False,False,0.0,0.0
FQRIFPCAIWLHHB,training_pool,1,5.2,5.2,5.2,False,False,0.0,1.0
FQRMAJBDQCYHAK,training_pool,1,5.16,5.16,5.16,False,False,0.0,1.0
FQTXOEJFNAEMRI,training_pool,1,6.57,6.57,6.57,False,False,1.0,1.0
FQVSKPHJHSJQMD,training_pool,1,6.16,6.16,6.16,False,False,1.0,1.0
FQWLMRXWKZGLFI,training_pool,1,5.47,5.47,5.47,False,False,0.0,1.0
FQXUBQQMTNPBIZ,training_pool,1,7.36,7.36,7.36,False,False,1.0,1.0
FQZPECQXBKABHG,training_pool,1,7.4,7.4,7.4,False,False,1.0,1.0
FRFCJIAKYHYRNY,training_pool,1,5.58,5.58,5.58,False,False,0.0,1.0
FRGVUXUFLCQOPD,training_pool,2,7.02,6.19,7.85,False,False,1.0,1.0
FRIIUWRGBWUBIL,training_pool,1,5.82,5.82,5.82,False,False,0.0,1.0
FRINERHVUNJDNZ,training_pool,1,5.52,5.52,5.52,False,False,0.0,1.0
FRIQYXIBHOGFRY,training_pool,1,4.58,4.58,4.58,False,False,0.0,0.0
FRLHQYBHNVGPBQ,training_pool,1,5.41,5.41,5.41,False,False,0.0,1.0
FRLZXIJLTHRCBS,training_pool,1,7.1,7.1,7.1,False,False,1.0,1.0
FRPMTGJEKAAEEN,training_pool,1,6.66,6.66,6.66,False,False,1.0,1.0
FRTUSDCXYHNLHG,training_pool,1,7.37,7.37,7.37,False,False,1.0,1.0
FRTXKVAQGAPQLV,training_pool,1,5.13,5.13,5.13,False,False,0.0,1.0
FRVHHWCNMORGDK,training_pool,1,6.59,6.59,6.59,False,False,1.0,1.0
FRVIHPRXADRXCS,training_pool,1,4.9,4.9,4.9,False,False,0.0,0.0
FRYNBCGGFZPXED,training_pool,1,6.16,6.16,6.16,False,False,1.0,1.0
FRZXOYSEVZVKOX,training_pool,1,5.64,5.64,5.64,False,False,0.0,1.0
FSGCXUHPVWVPFS,training_pool,2,9.1,9.1,9.1,False,False,1.0,1.0
FSIZMBYSTPBISJ,training_pool,1,6.91,6.91,6.91,False,False,1.0,1.0
FSLBQTAGYFUJKD,training_pool,2,6.93,6.55,7.31,False,False,1.0,1.0
FSNGJQINSSIKCT,training_pool,1,5.25,5.25,5.25,False,False,0.0,1.0
FSQKKOOTNAMONP,training_pool,1,8.0,8.0,8.0,False,False,1.0,1.0
FSTKZHSQBMVHOZ,training_pool,1,6.5,6.5,6.5,False,False,1.0,1.0
FSYXVZUOCPPOET,training_pool,1,6.25,6.25,6.25,False,False,1.0,1.0
FTANNSIJDUITEF,training_pool,2,7.48,6.44,8.52,False,False,1.0,1.0
FTBBFDSQPORVER,training_pool,1,4.71,4.71,4.71,False,False,0.0,0.0
FTJUWQKJMWEILQ,training_pool,2,6.8,5.8,7.8,True,False,,1.0
FTOCEOATMKZMBD,training_pool,1,5.33,5.33,5.33,False,False,0.0,1.0
FTQFBTMLLBSGPV,training_pool,1,4.89,4.89,4.89,False,False,0.0,0.0
FTQZTYNKJVJGGH,training_pool,1,4.61,4.61,4.61,False,False,0.0,0.0
FTTDILLURMJUFE,training_pool,1,4.3,4.3,4.3,False,False,0.0,0.0
FTUQENJZQBJPEU,training_pool,1,5.48,5.48,5.48,False,False,0.0,1.0
FUDHASBGRVLGEV,training_pool,1,8.1,8.1,8.1,False,False,1.0,1.0
FUHLJNQTSZQWBE,training_pool,2,8.77,8.77,8.77,False,False,1.0,1.0
FULAPETWGIGNMT,training_pool,1,6.85,6.85,6.85,False,False,1.0,1.0
FUNWFIDUKZOKJX,training_pool,1,5.99,5.99,5.99,False,False,0.0,1.0
FUQBRUVRCCSIJA,training_pool,1,6.66,6.66,6.66,False,False,1.0,1.0
FUUWECMEVRVWJE,training_pool,1,6.1,6.1,6.1,False,False,1.0,1.0
FUVNRKYQMRDBFA,training_pool,1,6.82,6.82,6.82,False,False,1.0,1.0
FVASPVMUIHTHCA,training_pool,2,6.945,6.0,7.89,False,False,1.0,1.0
FVERXBXRMODPCD,training_pool,1,6.55,6.55,6.55,False,False,1.0,1.0
FVKGCAKLTGGWRJ,training_pool,1,6.94,6.94,6.94,False,False,1.0,1.0
FVLUQPPCSMAAES,training_pool,1,5.82,5.82,5.82,False,False,0.0,1.0
FVPZIQRRQNJUHU,training_pool,1,7.54,7.54,7.54,False,False,1.0,1.0
FVRCIDOILZVWPL,training_pool,1,5.82,5.82,5.82,False,False,0.0,1.0
FVRONCXVPDNNAY,training_pool,1,5.33,5.33,5.33,False,False,0.0,1.0
FVRPJLVMXBTYQL,training_pool,1,7.51,7.51,7.51,False,False,1.0,1.0
FVSBJBDWRXNZCI,training_pool,1,5.92,5.92,5.92,False,False,0.0,1.0
FVTGEGACMCKYGO,training_pool,1,7.3,7.3,7.3,False,False,1.0,1.0
FVWXZOSVEOUFJP,training_pool,1,7.19,7.19,7.19,False,False,1.0,1.0
FVXJFRRMEFNCJH,training_pool,2,5.52,5.15,5.89,False,False,0.0,1.0
FVYHTJOFZUDSPQ,training_pool,1,6.14,6.14,6.14,False,False,1.0,1.0
FVYLDRLDRJJWDM,training_pool,1,6.54,6.54,6.54,False,False,1.0,1.0
FWFHWFAJGILODD,training_pool,2,6.9350000000000005,6.82,7.05,False,False,1.0,1.0
FWGZRKOIYICETM,training_pool,1,7.05,7.05,7.05,False,False,1.0,1.0
FWQXRJHYTOLKIZ,training_pool,1,6.72,6.72,6.72,False,False,1.0,1.0
FWSYZIGOTKGGTI,training_pool,1,7.3,7.3,7.3,False,False,1.0,1.0
FXAPKJSBNXUUIT,training_pool,1,5.24,5.24,5.24,False,False,0.0,1.0
FXCDZFFINLNOKB,training_pool,1,7.89,7.89,7.89,False,False,1.0,1.0
FXJCAIFBZLJKSL,training_pool,1,7.4,7.4,7.4,False,False,1.0,1.0
FXVJCDBNHDKTKV,training_pool,1,8.9,8.9,8.9,False,False,1.0,1.0
FXXJEARPECYZCK,training_pool,1,6.36,6.36,6.36,False,False,1.0,1.0
FXYRVVWCHMNASL,training_pool,1,7.48,7.48,7.48,False,False,1.0,1.0
FYGLYZANQPDFJP,training_pool,1,4.94,4.94,4.94,False,False,0.0,0.0
FYNBOGBNIRAUMO,training_pool,1,8.66,8.66,8.66,False,False,1.0,1.0
FYNBUNKTYJXSPL,training_pool,1,5.17,5.17,5.17,False,False,0.0,1.0
FYRCNOIXUSIORI,training_pool,1,8.52,8.52,8.52,False,False,1.0,1.0
FYZITHQCANUQCP,training_pool,2,7.199999999999999,7.1,7.3,False,False,1.0,1.0
FZCHAKCBHFTEOS,training_pool,1,4.92,4.92,4.92,False,False,0.0,0.0
FZCWJSIRPYGSIE,training_pool,2,6.42,5.77,7.07,True,False,,1.0
FZDZYBFQXQOSSE,training_pool,1,6.57,6.57,6.57,False,False,1.0,1.0
FZEGVBRYNLLTHR,training_pool,1,7.66,7.66,7.66,False,False,1.0,1.0
FZEOLZCBYJQGGE,training_pool,1,4.47,4.47,4.47,False,False,0.0,0.0
FZFFKGGXQBZHII,training_pool,1,4.72,4.72,4.72,False,False,0.0,0.0
FZIZEPNKLINHJQ,training_pool,2,5.95,5.44,6.46,True,False,,1.0
FZOUGCQOKXNQML,training_pool,1,7.05,7.05,7.05,False,False,1.0,1.0
FZTFVTPDNMGBRL,training_pool,1,7.52,7.52,7.52,False,False,1.0,1.0
FZVDHUZERNBKBW,training_pool,1,7.6,7.6,7.6,False,False,1.0,1.0
FZXHCCKCXBZUPR,training_pool,1,7.1,7.1,7.1,False,False,1.0,1.0
FZYAFLPJDVKKQI,training_pool,2,6.35,6.3,6.4,False,False,1.0,1.0
GAAWMIACGLOHRF,training_pool,2,7.32,6.82,7.82,False,False,1.0,1.0
GABHWWZRGKUDMT,training_pool,1,7.05,7.05,7.05,False,False,1.0,1.0
GAEQNHZHRYYMGB,training_pool,1,5.97,5.97,5.97,False,False,0.0,1.0
GAJUPZYRMFPEFR,training_pool,1,6.47,6.47,6.47,False,False,1.0,1.0
GALILRDSBSGUHA,training_pool,1,4.89,4.89,4.89,False,False,0.0,0.0
GAMVNGGEXGLJDG,training_pool,1,5.66,5.66,5.66,False,False,0.0,1.0
GARJEJNVEZULKF,training_pool,1,4.1,4.1,4.1,False,False,0.0,0.0
GARKKXFHXDZJSG,training_pool,1,7.92,7.92,7.92,False,False,1.0,1.0
GAZFWMPSEBFSJH,training_pool,1,7.34,7.34,7.34,False,False,1.0,1.0
GAZUHBWABSZZFH,training_pool,1,8.0,8.0,8.0,False,False,1.0,1.0
GBIPKCKGILNKEW,training_pool,1,6.57,6.57,6.57,False,False,1.0,1.0
GBXUIFUWBNPCAA,training_pool,1,6.25,6.25,6.25,False,False,1.0,1.0
GCCIOIMNXCNREZ,training_pool,1,6.66,6.66,6.66,False,False,1.0,1.0
GCVXPIPNRJHISW,training_pool,1,5.81,5.81,5.81,False,False,0.0,1.0
GCWPYEYIYFGUSM,training_pool,1,5.25,5.25,5.25,False,False,0.0,1.0
GDCOKFHRGLVSMN,training_pool,1,6.54,6.54,6.54,False,False,1.0,1.0
GDDLALIIWGWMCU,training_pool,1,6.7,6.7,6.7,False,False,1.0,1.0
GDEMRZBZXNJGFE,training_pool,2,5.8,5.8,5.8,False,False,0.0,1.0
GDHNBPHYVRHYCC,training_pool,1,5.78,5.78,5.78,False,False,0.0,1.0
GDQINPUKIUZAHG,training_pool,1,7.02,7.02,7.02,False,False,1.0,1.0
GDUSIQDNSPJJLQ,training_pool,1,6.8,6.8,6.8,False,False,1.0,1.0
GDXBMARFQKCCNT,training_pool,1,4.07,4.07,4.07,False,False,0.0,0.0
GDYDRQVQNPLRSD,training_pool,1,6.47,6.47,6.47,False,False,1.0,1.0
GEEZQNAIPKZMRR,training_pool,1,5.33,5.33,5.33,False,False,0.0,1.0
GEGCOWWPAASWFP,training_pool,1,6.37,6.37,6.37,False,False,1.0,1.0
GEHHXAYNLIDWML,training_pool,1,6.17,6.17,6.17,False,False,1.0,1.0
GEHUNGKNSFDUNT,training_pool,1,7.8,7.8,7.8,False,False,1.0,1.0
GEHWHZMVFWHVDK,training_pool,1,5.38,5.38,5.38,False,False,0.0,1.0
GELQJOQQFGAGAR,training_pool,1,5.45,5.45,5.45,False,False,0.0,1.0
GEPDHYISDWHCFI,training_pool,1,5.8,5.8,5.8,False,False,0.0,1.0
GEQJBYFLKSKJBG,training_pool,1,7.24,7.24,7.24,False,False,1.0,1.0
GERZTEWXMYZPMO,training_pool,1,7.64,7.64,7.64,False,False,1.0,1.0
GETIWNVFROKEKU,training_pool,1,5.12,5.12,5.12,False,False,0.0,1.0
GEUMKTAAPQZMEC,training_pool,1,6.58,6.58,6.58,False,False,1.0,1.0
GEUNDIMUSVIPTM,training_pool,1,6.89,6.89,6.89,False,False,1.0,1.0
GEWHIXBKRQGZNW,training_pool,1,6.68,6.68,6.68,False,False,1.0,1.0
GEZMSDKWOULHOA,training_pool,1,4.54,4.54,4.54,False,False,0.0,0.0
GFCKKPYXWBFRGZ,training_pool,2,6.234999999999999,5.92,6.55,False,False,1.0,1.0
GFCNORPCMFOXDQ,training_pool,1,5.33,5.33,5.33,False,False,0.0,1.0
GFECJSAJCVJBKE,training_pool,1,6.34,6.34,6.34,False,False,1.0,1.0
GFNWGBYBUTUKRT,training_pool,1,5.48,5.48,5.48,False,False,0.0,1.0
GFSSPOGZPVYEQV,training_pool,1,6.28,6.28,6.28,False,False,1.0,1.0
GFTBZCVTMAPTNR,training_pool,1,6.72,6.72,6.72,False,False,1.0,1.0
GGNKIZROYJYQFI,training_pool,1,4.64,4.64,4.64,False,False,0.0,0.0
GGRHCGFYZFFSLC,training_pool,1,5.77,5.77,5.77,False,False,0.0,1.0
GGUHDJWTOGQXHU,training_pool,1,7.37,7.37,7.37,False,False,1.0,1.0
GGXFKADPPPKJCP,training_pool,1,5.05,5.05,5.05,False,False,0.0,1.0
GHGONOUWVRYFEX,training_pool,2,9.44,9.44,9.44,False,False,1.0,1.0
GHHGHECKSJIOSV,training_pool,1,5.82,5.82,5.82,False,False,0.0,1.0
GHJOWMDSKSZWQR,training_pool,1,7.27,7.27,7.27,False,False,1.0,1.0
GHKGUWWMDJLCFK,training_pool,1,4.54,4.54,4.54,False,False,0.0,0.0
GHLMRMVYQUSAQA,training_pool,1,5.28,5.28,5.28,False,False,0.0,1.0
GHLXGVPBQDHYTN,training_pool,1,5.52,5.52,5.52,False,False,0.0,1.0
GHMRGHODFGLMLG,training_pool,1,7.3,7.3,7.3,False,False,1.0,1.0
GHUSVRWGRFRAKM,training_pool,1,6.17,6.17,6.17,False,False,1.0,1.0
GHWDYDZKPBQMDU,training_pool,1,6.82,6.82,6.82,False,False,1.0,1.0
GICWBZDVCDJHRK,training_pool,1,5.0,5.0,5.0,False,False,0.0,1.0
GIDYOVGCUFSKBS,training_pool,1,5.53,5.53,5.53,False,False,0.0,1.0
GIKSVHXWHXYPFG,training_pool,1,4.9,4.9,4.9,False,False,0.0,0.0
GIWZTQFUECPCLL,training_pool,1,6.77,6.77,6.77,False,False,1.0,1.0
GJDCXYCPFAYSCH,training_pool,1,5.83,5.83,5.83,False,False,0.0,1.0
GJGZQTGPOKPFES,training_pool,3,7.58,6.8,8.59,False,False,1.0,1.0
GJHBKVIBXKWYDK,training_pool,1,5.37,5.37,5.37,False,False,0.0,1.0
GJJZKGZYUTXFMK,training_pool,2,7.4,7.1,7.7,False,False,1.0,1.0
GJPXEJHDTKOTOV,training_pool,1,7.22,7.22,7.22,False,False,1.0,1.0
GJYFWNOSBLBKGL,training_pool,1,7.1,7.1,7.1,False,False,1.0,1.0
GKASZAVIUZRNED,training_pool,1,5.99,5.99,5.99,False,False,0.0,1.0
GKHSOLAYHSWOSL,training_pool,1,4.14,4.14,4.14,False,False,0.0,0.0
GKJWXEORYGBJFS,training_pool,2,6.775,6.55,7.0,False,False,1.0,1.0
GKKBODHPYCNSJW,training_pool,1,6.6,6.6,6.6,False,False,1.0,1.0
GKODQHNPXIVYCV,training_pool,1,4.35,4.35,4.35,False,False,0.0,0.0
GKRZUGLCWFVBRQ,training_pool,1,6.04,6.04,6.04,False,False,1.0,1.0
GKSUMUHDURNKKB,training_pool,1,7.3,7.3,7.3,False,False,1.0,1.0
GKVLYFYIOGZGMP,training_pool,1,7.0,7.0,7.0,False,False,1.0,1.0
GKXAVMITOMWEIS,training_pool,1,5.47,5.47,5.47,False,False,0.0,1.0
GLEHZQNFOBIZSP,training_pool,1,7.04,7.04,7.04,False,False,1.0,1.0
GLEVLJDDWXEYCO,flora,2,5.85,4.88,6.82,True,True,,
GLTBQIQVABRDDZ,training_pool,1,6.68,6.68,6.68,False,False,1.0,1.0
GLTSCFJBOXOMNB,training_pool,1,5.33,5.33,5.33,False,False,0.0,1.0
GMALHSWNLMGJLT,training_pool,2,7.67,7.49,7.85,False,False,1.0,1.0
GMCJLNWZNPIWJU,training_pool,1,5.44,5.44,5.44,False,False,0.0,1.0
GMFBOPYRPYUAME,training_pool,1,6.7,6.7,6.7,False,False,1.0,1.0
GMIANBJBVYZECH,training_pool,1,5.83,5.83,5.83,False,False,0.0,1.0
GMZASHSKZUFXGX,training_pool,1,8.04,8.04,8.04,False,False,1.0,1.0
GNJSDQWCVFRBLY,training_pool,2,7.145,6.75,7.54,False,False,1.0,1.0
GNORNMPAKCRTJW,training_pool,1,6.64,6.64,6.64,False,False,1.0,1.0
GNPDPVRNDGWPFM,training_pool,1,4.8,4.8,4.8,False,False,0.0,0.0
GNUBOQVVIAMPSG,training_pool,1,4.92,4.92,4.92,False,False,0.0,0.0
GNUDVCVLSQWNLP,training_pool,1,4.4,4.4,4.4,False,False,0.0,0.0
GOJNWJGEIYVWOM,training_pool,2,6.42,4.99,7.85,True,True,,
GOLUANLRWQUAMD,training_pool,1,4.72,4.72,4.72,False,False,0.0,0.0
GOOKASPOKXCSJA,training_pool,1,7.41,7.41,7.41,False,False,1.0,1.0
GPAKLHBYXNOZRQ,training_pool,1,5.75,5.75,5.75,False,False,0.0,1.0
GPJAJRBERGQWNQ,training_pool,1,5.75,5.75,5.75,False,False,0.0,1.0
GPURLOFCRUSYCW,training_pool,1,5.95,5.95,5.95,False,False,0.0,1.0
GPXXPSBIFFHUIN,training_pool,1,6.55,6.55,6.55,False,False,1.0,1.0
GQBWBPSOFIBIHQ,training_pool,1,7.6,7.6,7.6,False,False,1.0,1.0
GQVKKBSMJPRROY,training_pool,1,7.29,7.29,7.29,False,False,1.0,1.0
GQVVZLVISZVVHX,training_pool,1,5.43,5.43,5.43,False,False,0.0,1.0
GRBKEZGRRZAGJM,training_pool,1,5.6,5.6,5.6,False,False,0.0,1.0
GRGAGIRZLRLUOU,training_pool,1,6.08,6.08,6.08,False,False,1.0,1.0
GRGQLLRCYOLDKO,training_pool,1,5.09,5.09,5.09,False,False,0.0,1.0
GRJJUQLZQNYHJX,training_pool,1,6.44,6.44,6.44,False,False,1.0,1.0
GRLVSXKWMZHINP,training_pool,1,7.55,7.55,7.55,False,False,1.0,1.0
GROHBJLESHZNGC,training_pool,1,4.12,4.12,4.12,False,False,0.0,0.0
GROWJVVYZNHPQX,training_pool,1,7.31,7.31,7.31,False,False,1.0,1.0
GRTNJTOOCDMMEK,training_pool,1,7.51,7.51,7.51,False,False,1.0,1.0
GRUYGCKTBSHKKR,training_pool,1,6.77,6.77,6.77,False,False,1.0,1.0
GSBDUSBOIQPVNK,training_pool,1,6.66,6.66,6.66,False,False,1.0,1.0
GSEIVMGTTSORTO,training_pool,1,7.18,7.18,7.18,False,False,1.0,1.0
GSLFTGUVNZMGIF,training_pool,1,5.7,5.7,5.7,False,False,0.0,1.0
GSLJTJZKENCVDG,training_pool,1,5.4,5.4,5.4,False,False,0.0,1.0
GSMXOCMZRAYWSV,training_pool,1,6.16,6.16,6.16,False,False,1.0,1.0
GSVOFGLOXPEEQI,training_pool,1,5.54,5.54,5.54,False,False,0.0,1.0
GSZWZSRNHIQEMV,training_pool,1,4.96,4.96,4.96,False,False,0.0,0.0
GTBJBJZQCTWUMK,training_pool,1,4.76,4.76,4.76,False,False,0.0,0.0
GTCAQFOBRGEYPF,training_pool,1,6.58,6.58,6.58,False,False,1.0,1.0
GTCMDSWLEXHQFN,training_pool,1,5.28,5.28,5.28,False,False,0.0,1.0
GTHQTJSZPKEEPF,training_pool,1,5.82,5.82,5.82,False,False,0.0,1.0
GTVGUYLLAFHOLS,training_pool,1,7.4,7.4,7.4,False,False,1.0,1.0
GTYHRYBZFSGLDS,training_pool,1,5.3,5.3,5.3,False,False,0.0,1.0
GUAAZYJLTWGARQ,training_pool,1,7.05,7.05,7.05,False,False,1.0,1.0
GUAJOMWFUYHNPG,training_pool,1,5.62,5.62,5.62,False,False,0.0,1.0
GUKNLPLKUUCJEO,training_pool,1,5.11,5.11,5.11,False,False,0.0,1.0
GUKQCEOIUKJAQW,training_pool,1,5.59,5.59,5.59,False,False,0.0,1.0
GUQAIXOPXQIGPX,training_pool,1,7.0,7.0,7.0,False,False,1.0,1.0
GUQWKAAPVZSUBR,training_pool,1,6.72,6.72,6.72,False,False,1.0,1.0
GUXWELWUSVXSOL,training_pool,1,5.75,5.75,5.75,False,False,0.0,1.0
GUYJLQZOCUZMJT,training_pool,1,4.9,4.9,4.9,False,False,0.0,0.0
GVLVIZRBGRSLTK,training_pool,1,7.14,7.14,7.14,False,False,1.0,1.0
GVPJNBGMXCNMDH,training_pool,1,4.19,4.19,4.19,False,False,0.0,0.0
GVPMWHQIUGWDCS,training_pool,1,5.5,5.5,5.5,False,False,0.0,1.0
GVZQSPAADZTMEY,training_pool,1,5.33,5.33,5.33,False,False,0.0,1.0
GWMFOHRUWPDLIP,training_pool,2,6.904999999999999,6.89,6.92,False,False,1.0,1.0
GWQZLZXJGKCWTG,training_pool,1,7.4,7.4,7.4,False,False,1.0,1.0
GWSYBBGTWLBKIV,training_pool,1,5.5,5.5,5.5,False,False,0.0,1.0
GWYZSTCMSQTHJD,training_pool,1,4.5,4.5,4.5,False,False,0.0,0.0
GXAZOLWZTDWYPB,training_pool,1,4.71,4.71,4.71,False,False,0.0,0.0
GXEDQOWHQSSXGK,training_pool,1,5.5,5.5,5.5,False,False,0.0,1.0
GXGDTMSHDVTXBU,training_pool,1,4.41,4.41,4.41,False,False,0.0,0.0
GXHXLOMQBVIGJW,training_pool,2,6.52,6.32,6.72,False,False,1.0,1.0
GXMBHQRROXQUJS,training_pool,1,6.1,6.1,6.1,False,False,1.0,1.0
GXNAENPMPUDFOF,training_pool,1,6.12,6.12,6.12,False,False,1.0,1.0
GXVBFMDZQMQKOU,training_pool,1,5.71,5.71,5.71,False,False,0.0,1.0
GXVWQLFNVDVNAU,training_pool,1,7.92,7.92,7.92,False,False,1.0,1.0
GXYNZNIUFPRIOJ,training_pool,1,6.83,6.83,6.83,False,False,1.0,1.0
GYJUDGZQXXNWPI,training_pool,1,4.34,4.34,4.34,False,False,0.0,0.0
GYTFZLNMJZCJLE,training_pool,1,7.0,7.0,7.0,False,False,1.0,1.0
GYXQPUAQJVSAFD,training_pool,1,6.85,6.85,6.85,False,False,1.0,1.0
GYXVRBGYGCHMPL,training_pool,1,4.3,4.3,4.3,False,False,0.0,0.0
GYZJUILUWRJEPQ,training_pool,1,7.05,7.05,7.05,False,False,1.0,1.0
GZJYAXMWPBJOGY,training_pool,1,6.04,6.04,6.04,False,False,1.0,1.0
GZNOOYRMMQBBTO,training_pool,1,7.0,7.0,7.0,False,False,1.0,1.0
GZNPBJSBUKYHCM,training_pool,1,5.08,5.08,5.08,False,False,0.0,1.0
GZUALTJOLIABKE,training_pool,1,5.19,5.19,5.19,False,False,0.0,1.0
HABQUBUTFCPPRO,training_pool,1,5.18,5.18,5.18,False,False,0.0,1.0
HAHUTJAVRAAKRI,training_pool,1,6.11,6.11,6.11,False,False,1.0,1.0
HASAMKFJCPRNKM,training_pool,1,6.63,6.63,6.63,False,False,1.0,1.0
HAUPIEHCTKNHQE,training_pool,1,7.7,7.7,7.7,False,False,1.0,1.0
HAWCZVJGMWCISJ,training_pool,1,5.89,5.89,5.89,False,False,0.0,1.0
HAWQADZAVCCMGA,training_pool,1,6.66,6.66,6.66,False,False,1.0,1.0
HAYNMANUJNGMAK,training_pool,1,5.32,5.32,5.32,False,False,0.0,1.0
HBAGLSYEHMCWDL,training_pool,1,5.94,5.94,5.94,False,False,0.0,1.0
HBCGELQJRSFUJZ,training_pool,2,6.715,6.36,7.07,False,False,1.0,1.0
HBEBAUXGHNQDQM,training_pool,1,6.66,6.66,6.66,False,False,1.0,1.0
HBMHAKLSXFYMKT,training_pool,1,5.7,5.7,5.7,False,False,0.0,1.0
HBYCORDMGMBVRU,training_pool,1,6.55,6.55,6.55,False,False,1.0,1.0
HBZARBVLCNFQEA,training_pool,1,4.59,4.59,4.59,False,False,0.0,0.0
HCFVSOWMOSKBIS,training_pool,1,7.16,7.16,7.16,False,False,1.0,1.0
HCIXODIQXMVZAX,training_pool,2,8.3,8.3,8.3,False,False,1.0,1.0
HCLDEAKINXYGOQ,training_pool,1,6.85,6.85,6.85,False,False,1.0,1.0
HCULCUJLAIRGMI,training_pool,1,5.34,5.34,5.34,False,False,0.0,1.0
HDAXAINSFGTQQL,training_pool,1,7.32,7.32,7.32,False,False,1.0,1.0
HDCGSENWVPTNKR,training_pool,1,4.99,4.99,4.99,False,False,0.0,0.0
HDDIYOVPLWDDPY,training_pool,1,5.12,5.12,5.12,False,False,0.0,1.0
HDDOIBNGXAOLEL,training_pool,1,5.68,5.68,5.68,False,False,0.0,1.0
HDHVBONRYXNNBE,training_pool,1,6.76,6.76,6.76,False,False,1.0,1.0
HDLUQWDWOQUBJE,training_pool,1,7.05,7.05,7.05,False,False,1.0,1.0
HDQQMCAWIOCJQX,training_pool,2,7.375,7.05,7.7,False,False,1.0,1.0
HDUWKQUHMUSICC,training_pool,4,7.59,6.85,7.7,False,False,1.0,1.0
HDWXPLNPCYWTSK,training_pool,1,5.82,5.82,5.82,False,False,0.0,1.0
HDWYAPCZHCDUNP,training_pool,1,5.66,5.66,5.66,False,False,0.0,1.0
HDYDKRBRUUPOGL,training_pool,1,7.71,7.71,7.71,False,False,1.0,1.0
HECRGEOVILEIIV,training_pool,1,5.27,5.27,5.27,False,False,0.0,1.0
HEFNNWSXXWATRW,training_pool,19,5.27,4.1,7.0,True,True,,
HELNMYZMCKEMQE,training_pool,1,6.52,6.52,6.52,False,False,1.0,1.0
HEORYMCTBYDEDK,training_pool,1,5.09,5.09,5.09,False,False,0.0,1.0
HEQWADUEXFRBSK,training_pool,2,5.83,5.08,6.58,True,False,,1.0
HEUMSYRGLQWJQL,training_pool,2,5.654999999999999,5.54,5.77,False,False,0.0,1.0
HEVAVDXWJNLGMB,training_pool,1,9.52,9.52,9.52,False,False,1.0,1.0
HEVICQKVVHUFCP,training_pool,1,5.05,5.05,5.05,False,False,0.0,1.0
HFEZALVFEKQOLZ,training_pool,2,8.84,8.84,8.84,False,False,1.0,1.0
HFGGOKLWANRQQD,training_pool,1,5.29,5.29,5.29,False,False,0.0,1.0
HFGVQPHQMVEBSM,training_pool,1,4.68,4.68,4.68,False,False,0.0,0.0
HFJCYKKLZCGTAQ,training_pool,1,7.16,7.16,7.16,False,False,1.0,1.0
HFKAWVNKXJJKEB,training_pool,1,5.21,5.21,5.21,False,False,0.0,1.0
HFLBVHGFPPEJBA,training_pool,2,6.984999999999999,6.01,7.96,False,False,1.0,1.0
HFMPFPQMCGYGCY,training_pool,1,4.76,4.76,4.76,False,False,0.0,0.0
HGDANNJQRKVLNZ,training_pool,1,6.66,6.66,6.66,False,False,1.0,1.0
HGNVNEHXVGVEEW,training_pool,1,5.25,5.25,5.25,False,False,0.0,1.0
HGRKVSPWRBPAML,training_pool,1,4.84,4.84,4.84,False,False,0.0,0.0
HGSCZPFYZGNCLI,training_pool,1,4.66,4.66,4.66,False,False,0.0,0.0
HGVAQSWCWWCEQC,training_pool,1,8.7,8.7,8.7,False,False,1.0,1.0
HHBQXOLCOZQJBN,training_pool,1,6.46,6.46,6.46,False,False,1.0,1.0
HHLYGALSUTXDKY,training_pool,1,4.71,4.71,4.71,False,False,0.0,0.0
HHVZVZROMKWNAA,training_pool,1,5.05,5.05,5.05,False,False,0.0,1.0
HHZDGJQZHBDQHX,training_pool,1,5.89,5.89,5.89,False,False,0.0,1.0
HHZMLXUEMCFXBW,training_pool,1,8.89,8.89,8.89,False,False,1.0,1.0
HIVJERZCQSOIRA,training_pool,1,6.14,6.14,6.14,False,False,1.0,1.0
HIXGAFWPRNEJSA,training_pool,1,7.38,7.38,7.38,False,False,1.0,1.0
HIYLHOMIZRMDED,training_pool,1,4.66,4.66,4.66,False,False,0.0,0.0
HJLSZJSABIWMKS,training_pool,1,7.42,7.42,7.42,False,False,1.0,1.0
HJNSISOLPRPXPX,training_pool,1,5.27,5.27,5.27,False,False,0.0,1.0
HJOZSCMVCHEQAP,training_pool,1,4.9,4.9,4.9,False,False,0.0,0.0
HJXBXPDZKDUCRG,training_pool,1,4.76,4.76,4.76,False,False,0.0,0.0
HJXGHQHNLMGAEH,training_pool,1,7.3,7.3,7.3,False,False,1.0,1.0
HJYGGOKJDNHJDO,training_pool,1,4.68,4.68,4.68,False,False,0.0,0.0
HKAIASHUPOJOEI,training_pool,2,6.24,6.24,6.24,False,False,1.0,1.0
HKDJNKXXYQLAPT,training_pool,2,6.96,6.7,7.22,False,False,1.0,1.0
HKEXIKYWKAOJNB,training_pool,1,4.21,4.21,4.21,False,False,0.0,0.0
HKOOXMFOFWEVGF,training_pool,1,5.82,5.82,5.82,False,False,0.0,1.0
HKVZBYBONFUCGP,training_pool,1,8.1,8.1,8.1,False,False,1.0,1.0
HKYOEFBHYOKXNK,training_pool,1,4.76,4.76,4.76,False,False,0.0,0.0
HLDHGCXLULNDEX,training_pool,1,6.37,6.37,6.37,False,False,1.0,1.0
HLSMDYHXAPYMPD,training_pool,1,7.35,7.35,7.35,False,False,1.0,1.0
HLTGPDABGUBMRV,training_pool,1,6.16,6.16,6.16,False,False,1.0,1.0
HMAFTAJBGHSKPN,training_pool,2,8.0,8.0,8.0,False,False,1.0,1.0
HMBUMPBGRPVQME,training_pool,1,7.21,7.21,7.21,False,False,1.0,1.0
HMCJXPDQJJUVQA,training_pool,1,6.41,6.41,6.41,False,False,1.0,1.0
HMHXVDCLXRSDCH,training_pool,1,6.62,6.62,6.62,False,False,1.0,1.0
HMJIFVUIWWNNCU,training_pool,1,7.52,7.52,7.52,False,False,1.0,1.0
HMKMEDJAHJBTLO,training_pool,1,8.4,8.4,8.4,False,False,1.0,1.0
HMLAPCMRJADLSK,training_pool,1,5.22,5.22,5.22,False,False,0.0,1.0
HNCBDGOGCXGPQL,training_pool,1,7.43,7.43,7.43,False,False,1.0,1.0
HNCSDHWKXKOFOJ,training_pool,2,6.71,6.34,7.08,False,False,1.0,1.0
HNFQHHNIJFTNOS,training_pool,1,7.85,7.85,7.85,False,False,1.0,1.0
HNGZCHJYGZLKBE,training_pool,1,6.28,6.28,6.28,False,False,1.0,1.0
HNIQOHAENJOHFC,training_pool,1,5.92,5.92,5.92,False,False,0.0,1.0
HNSCPASQWPYZMV,training_pool,1,4.05,4.05,4.05,False,False,0.0,0.0
HNYCLIXXFVNJEY,training_pool,1,6.0,6.0,6.0,False,False,1.0,1.0
HNZGGCXVUAIRRY,training_pool,1,7.64,7.64,7.64,False,False,1.0,1.0
HNZHBWHAUZPJJG,training_pool,1,7.1,7.1,7.1,False,False,1.0,1.0
HOCOTZWDNVJRIG,training_pool,1,7.07,7.07,7.07,False,False,1.0,1.0
HODUXBCOMHWQEN,training_pool,1,6.28,6.28,6.28,False,False,1.0,1.0
HOMYPBUWCGCCFD,training_pool,1,7.57,7.57,7.57,False,False,1.0,1.0
HOQRPUGACQIBBI,training_pool,1,7.06,7.06,7.06,False,False,1.0,1.0
HOTWNGAQTMQYHJ,training_pool,1,6.08,6.08,6.08,False,False,1.0,1.0
HPARZSJQGNOFFX,training_pool,1,5.38,5.38,5.38,False,False,0.0,1.0
HPCLZNLLDIYMGH,training_pool,1,5.48,5.48,5.48,False,False,0.0,1.0
HPDQSHOMJINQDT,training_pool,1,6.18,6.18,6.18,False,False,1.0,1.0
HPEAMDIOUYALCD,training_pool,1,8.0,8.0,8.0,False,False,1.0,1.0
HPGHKJXZFPDDRV,training_pool,1,6.12,6.12,6.12,False,False,1.0,1.0
HPIHVVAXNOHCLX,training_pool,2,6.62,6.42,6.82,False,False,1.0,1.0
HPPHJKXAMLTMLI,training_pool,1,5.0,5.0,5.0,False,False,0.0,1.0
HPQSHFUISLATPN,training_pool,1,8.0,8.0,8.0,False,False,1.0,1.0
HPZDJXIFUWJBKT,training_pool,1,6.19,6.19,6.19,False,False,1.0,1.0
HQANSWKPIXZJFZ,training_pool,1,5.6,5.6,5.6,False,False,0.0,1.0
HQDCRICKOKBJEN,training_pool,1,6.8,6.8,6.8,False,False,1.0,1.0
HQFHTHPDTSYKJX,training_pool,1,6.28,6.28,6.28,False,False,1.0,1.0
HQPSGFHKIRELML,training_pool,2,7.07,7.07,7.07,False,False,1.0,1.0
HRACPZWYKJGXAW,training_pool,1,5.19,5.19,5.19,False,False,0.0,1.0
HRUUWDCTZIYNKL,training_pool,1,6.49,6.49,6.49,False,False,1.0,1.0
HRYWWQCLGHKRLN,training_pool,1,8.55,8.55,8.55,False,False,1.0,1.0
HSDHFABJOGIQMI,training_pool,1,4.67,4.67,4.67,False,False,0.0,0.0
HSNYUOAAQCCKRP,training_pool,1,5.42,5.42,5.42,False,False,0.0,1.0
HSQNMFWBBWIOJR,training_pool,1,4.79,4.79,4.79,False,False,0.0,0.0
HSTMHTOCYJEAHE,training_pool,1,6.33,6.33,6.33,False,False,1.0,1.0
HSXMIESEORMVHU,training_pool,1,6.92,6.92,6.92,False,False,1.0,1.0
HTFWJZUQUXDWIC,training_pool,1,4.89,4.89,4.89,False,False,0.0,0.0
HTGJPRXIOZGYBK,training_pool,1,5.22,5.22,5.22,False,False,0.0,1.0
HTJQZZNOKKCVMQ,training_pool,1,8.05,8.05,8.05,False,False,1.0,1.0
HTLIOJJNCYRJAH,training_pool,1,6.06,6.06,6.06,False,False,1.0,1.0
HTWCOXZWZHJHKU,training_pool,1,6.36,6.36,6.36,False,False,1.0,1.0
HUIJXLJDUOVQJF,training_pool,1,6.66,6.66,6.66,False,False,1.0,1.0
HUPDAGNLIGTVIB,training_pool,2,6.73,6.16,7.3,False,False,1.0,1.0
HUQCYZLKBCHDRR,training_pool,2,5.73,5.58,5.88,False,False,0.0,1.0
HUQIOADISQYXAW,training_pool,2,5.725,5.23,6.22,False,False,0.0,1.0
HUQKHTMNNVJCEH,training_pool,3,5.44,5.08,6.01,False,False,0.0,1.0
HUVCBGHNHBHJBX,training_pool,1,8.15,8.15,8.15,False,False,1.0,1.0
HUZGFAKPICJERB,training_pool,1,5.82,5.82,5.82,False,False,0.0,1.0
HUZZVEQZTQPWAT,training_pool,1,6.38,6.38,6.38,False,False,1.0,1.0
HVBOXOKXYDSIHM,training_pool,1,5.12,5.12,5.12,False,False,0.0,1.0
HVCATJDIMKDNQF,training_pool,1,5.9,5.9,5.9,False,False,0.0,1.0
HVPWBYVBQDTGGM,training_pool,1,4.06,4.06,4.06,False,False,0.0,0.0
HVQDIKGNRQZLDX,training_pool,1,6.28,6.28,6.28,False,False,1.0,1.0
HVSYEMBOCDOJFT,training_pool,1,7.58,7.58,7.58,False,False,1.0,1.0
HVZWYUCURZIENB,training_pool,1,4.97,4.97,4.97,False,False,0.0,0.0
HWCHQLGZTBGQFR,training_pool,1,5.54,5.54,5.54,False,False,0.0,1.0
HWGBZBBBGTVYFP,training_pool,1,7.77,7.77,7.77,False,False,1.0,1.0
HWIKUHWUZSGMCT,training_pool,1,6.66,6.66,6.66,False,False,1.0,1.0
HWKYDSTYDOMPPO,training_pool,1,6.82,6.82,6.82,False,False,1.0,1.0
HWLOTFLJLWOMHZ,training_pool,2,5.9399999999999995,5.92,5.96,False,False,0.0,1.0
HWRUQCACPSERHA,training_pool,1,5.67,5.67,5.67,False,False,0.0,1.0
HWZZULRTBCKGRB,training_pool,1,6.96,6.96,6.96,False,False,1.0,1.0
HXAMHEIGBVROQA,training_pool,1,8.62,8.62,8.62,False,False,1.0,1.0
HXBWERLLHVXHGD,training_pool,2,6.03,5.53,6.53,False,False,1.0,1.0
HXBWFUDRJCBDCD,training_pool,1,6.96,6.96,6.96,False,False,1.0,1.0
HXDCUVCLCFCRKJ,training_pool,1,5.58,5.58,5.58,False,False,0.0,1.0
HXDJUAFXVNSSAP,training_pool,2,5.825,5.57,6.08,False,False,0.0,1.0
HXEPQIRPNXEGTF,training_pool,1,6.35,6.35,6.35,False,False,1.0,1.0
HXFGFGZDOOZLTH,training_pool,1,5.68,5.68,5.68,False,False,0.0,1.0
HXHAORASBJPZEG,training_pool,1,5.19,5.19,5.19,False,False,0.0,1.0
HXHFMMHFTDDRIF,training_pool,1,6.0,6.0,6.0,False,False,1.0,1.0
HXLLJJJPZFJOQK,training_pool,1,6.27,6.27,6.27,False,False,1.0,1.0
HXURBFNLOVONMO,training_pool,1,5.35,5.35,5.35,False,False,0.0,1.0
HXYYZKGEOWXAKH,training_pool,1,4.0,4.0,4.0,False,False,0.0,0.0
HYCPIFKKZKYDMY,training_pool,1,5.0,5.0,5.0,False,False,0.0,1.0
HYEBIIAQOZKAGA,training_pool,2,7.66,7.62,7.7,False,False,1.0,1.0
HYHXCPCPIDEOCA,training_pool,1,6.51,6.51,6.51,False,False,1.0,1.0
HYKQBYWDOROHEG,training_pool,1,6.54,6.54,6.54,False,False,1.0,1.0
HYUCGYXDBKSSCK,training_pool,1,6.82,6.82,6.82,False,False,1.0,1.0
HYVSMLRHBKHYIA,training_pool,1,4.89,4.89,4.89,False,False,0.0,0.0
HYWYRSMBCFDLJT,training_pool,11,5.84,4.64,7.82,True,True,,
HYXRWYXNVCRQDD,training_pool,1,7.98,7.98,7.98,False,False,1.0,1.0
HYYBABOKPJLUIN,training_pool,2,5.88,5.54,6.22,False,False,0.0,1.0
HZAHJVLKUXBDIY,training_pool,1,7.16,7.16,7.16,False,False,1.0,1.0
HZBFZJMKHVRKPU,training_pool,1,7.52,7.52,7.52,False,False,1.0,1.0
HZBQXGCHSPQWBZ,training_pool,1,7.0,7.0,7.0,False,False,1.0,1.0
HZCDCDUVTDZUPK,training_pool,1,4.82,4.82,4.82,False,False,0.0,0.0
HZMBENUCUXIBJO,training_pool,3,6.27,4.67,7.92,True,True,,
HZNLKIFIXCRSFS,training_pool,1,6.16,6.16,6.16,False,False,1.0,1.0
HZOJRKQNFXRROG,training_pool,1,5.03,5.03,5.03,False,False,0.0,1.0
IAJSBABEUHDARJ,training_pool,1,5.16,5.16,5.16,False,False,0.0,1.0
IAQRXESEEPXFHB,training_pool,1,7.71,7.71,7.71,False,False,1.0,1.0
IASRLWJBTIOCKI,training_pool,1,5.43,5.43,5.43,False,False,0.0,1.0
IAXMRHRWWJBFNH,training_pool,1,6.55,6.55,6.55,False,False,1.0,1.0
IBCQSCQCHMWVKS,training_pool,1,7.09,7.09,7.09,False,False,1.0,1.0
IBGBGRVKPALMCQ,flora,1,4.71,4.71,4.71,False,False,0.0,0.0
IBIFILNFQVGVIU,training_pool,1,5.66,5.66,5.66,False,False,0.0,1.0
IBWROCWYMVFROI,training_pool,2,5.76,5.75,5.77,False,False,0.0,1.0
ICDSJXFGHZUWFH,training_pool,1,5.04,5.04,5.04,False,False,0.0,1.0
ICEKYYLCCSJYQL,training_pool,1,6.57,6.57,6.57,False,False,1.0,1.0
ICHNXEMLSWGAAI,training_pool,1,6.66,6.66,6.66,False,False,1.0,1.0
ICIJMDHJVQIVKT,training_pool,1,7.16,7.16,7.16,False,False,1.0,1.0
ICJTVRXTYOYEOT,training_pool,1,7.33,7.33,7.33,False,False,1.0,1.0
ICMLZWZWNLNDON,training_pool,1,4.72,4.72,4.72,False,False,0.0,0.0
ICPSHINLXSCCIN,training_pool,1,6.55,6.55,6.55,False,False,1.0,1.0
ICRSYPPLGADZKA,training_pool,1,4.03,4.03,4.03,False,False,0.0,0.0
ICRWYBVAQXMORK,training_pool,1,6.03,6.03,6.03,False,False,1.0,1.0
ICSOPOPMIRFSDB,training_pool,1,5.28,5.28,5.28,False,False,0.0,1.0
ICYPBWIWYWPPNR,training_pool,1,5.92,5.92,5.92,False,False,0.0,1.0
IDAUGRYGLSYGLK,training_pool,1,4.88,4.88,4.88,False,False,0.0,0.0
IDELKTXTBWZYOR,training_pool,1,5.35,5.35,5.35,False,False,0.0,1.0
IDENNTNTBJLZFR,training_pool,1,5.08,5.08,5.08,False,False,0.0,1.0
IDFHCDIRYRPEOQ,training_pool,3,6.92,4.0,7.52,True,True,,
IDJUCUPFHWACCN,training_pool,1,4.16,4.16,4.16,False,False,0.0,0.0
IDLFBMFWDHHXSC,training_pool,1,6.03,6.03,6.03,False,False,1.0,1.0
IDXDTSXGXHSNFN,training_pool,1,5.16,5.16,5.16,False,False,0.0,1.0
IEGLKVMOMXPPHD,training_pool,1,7.02,7.02,7.02,False,False,1.0,1.0
IEHAYMPXZOGZKG,training_pool,1,6.17,6.17,6.17,False,False,1.0,1.0
IEHWDPKFDXJDJL,training_pool,1,5.8,5.8,5.8,False,False,0.0,1.0
IEMHWLGLOUDENU,training_pool,1,5.48,5.48,5.48,False,False,0.0,1.0
IEPVUPAKSGZBAR,training_pool,1,8.4,8.4,8.4,False,False,1.0,1.0
IEWFZNLCMANOLT,training_pool,1,7.11,7.11,7.11,False,False,1.0,1.0
IEZXKXSCRRMNQK,training_pool,1,7.24,7.24,7.24,False,False,1.0,1.0
IFAPESKQRSIUFT,training_pool,1,6.44,6.44,6.44,False,False,1.0,1.0
IFEKYQSFTRTHPI,training_pool,1,4.99,4.99,4.99,False,False,0.0,0.0
IFGDZDURLXFFFE,training_pool,2,5.135,4.74,5.53,False,False,0.0,1.0
IFGXBKHMKNMZBN,training_pool,1,5.24,5.24,5.24,False,False,0.0,1.0
IFHNRGHZVCCCSA,training_pool,1,4.5,4.5,4.5,False,False,0.0,0.0
IFIDULYQQMVRGK,training_pool,1,6.5,6.5,6.5,False,False,1.0,1.0
IFODKGWTTXTEEP,training_pool,1,6.11,6.11,6.11,False,False,1.0,1.0
IFUPUDHACSOAHJ,training_pool,1,5.05,5.05,5.05,False,False,0.0,1.0
IFWCFNSNAXCZCB,training_pool,1,8.22,8.22,8.22,False,False,1.0,1.0
IFYRDAMGDDMFTC,training_pool,1,4.84,4.84,4.84,False,False,0.0,0.0
IFYXHUCCIJQGBH,training_pool,1,5.68,5.68,5.68,False,False,0.0,1.0
IGDKXVLFRWIDKL,training_pool,1,6.72,6.72,6.72,False,False,1.0,1.0
IGGOOAHZHNRLIS,training_pool,1,7.34,7.34,7.34,False,False,1.0,1.0
IGGOZXYNJDWESU,training_pool,1,4.77,4.77,4.77,False,False,0.0,0.0
IGIVWVRRRYBFGO,training_pool,1,4.83,4.83,4.83,False,False,0.0,0.0
IGKMFPAARDLTHI,training_pool,1,4.02,4.02,4.02,False,False,0.0,0.0
IGMFGKBKHCJMRZ,training_pool,1,4.79,4.79,4.79,False,False,0.0,0.0
IGMIAAAJLONULO,training_pool,1,6.8,6.8,6.8,False,False,1.0,1.0
IGNCTIUFLBYWPS,training_pool,1,6.38,6.38,6.38,False,False,1.0,1.0
IGXSVIOSPDMLNH,training_pool,1,5.8,5.8,5.8,False,False,0.0,1.0
IGZRBPKGKADYLT,training_pool,1,5.89,5.89,5.89,False,False,0.0,1.0
IHDRBYSKCZIUBT,training_pool,1,4.75,4.75,4.75,False,False,0.0,0.0
IHEQQWPXFXNIGY,training_pool,1,5.1,5.1,5.1,False,False,0.0,1.0
IHJUPVGPRVDYAQ,training_pool,1,6.72,6.72,6.72,False,False,1.0,1.0
IHVOKFSTLXFPQC,training_pool,1,6.56,6.56,6.56,False,False,1.0,1.0
IHVRWFJGOIWMGC,training_pool,1,4.71,4.71,4.71,False,False,0.0,0.0
IIFFGAKIUNZWTM,training_pool,1,7.77,7.77,7.77,False,False,1.0,1.0
IIFVISRCWJATKU,training_pool,1,7.37,7.37,7.37,False,False,1.0,1.0
IIJGWCAVHINFEW,training_pool,1,6.35,6.35,6.35,False,False,1.0,1.0
IILIBUVFYRUVSK,training_pool,1,7.0,7.0,7.0,False,False,1.0,1.0
IIOBHBNTLZNXBM,training_pool,1,4.35,4.35,4.35,False,False,0.0,0.0
IIONGZARVQOSAZ,training_pool,1,5.46,5.46,5.46,False,False,0.0,1.0
IITIMUIBPPQZLN,training_pool,1,4.75,4.75,4.75,False,False,0.0,0.0
IIUNAOHQWDCVIM,training_pool,2,7.199999999999999,6.55,7.85,False,False,1.0,1.0
IIXQVHOWQHXBKW,training_pool,1,4.78,4.78,4.78,False,False,0.0,0.0
IJCAHTOZDZAWMG,training_pool,2,5.79,4.62,6.96,True,True,,
IJECKDLUGKNGCI,training_pool,1,5.71,5.71,5.71,False,False,0.0,1.0
IJELDLSCJDVKOT,training_pool,1,5.79,5.79,5.79,False,False,0.0,1.0
IJEQJCKQAKELNC,training_pool,1,5.52,5.52,5.52,False,False,0.0,1.0
IJJFJQXHOVQXGZ,training_pool,2,5.845000000000001,5.5,6.19,False,False,0.0,1.0
IJJLIEBQDWVQAF,training_pool,1,7.39,7.39,7.39,False,False,1.0,1.0
IJKLTWVPMSEFQO,training_pool,1,7.08,7.08,7.08,False,False,1.0,1.0
IJKTZMQKLGUFEI,training_pool,1,7.04,7.04,7.04,False,False,1.0,1.0
IJPRCYUBHPNMEA,training_pool,1,6.52,6.52,6.52,False,False,1.0,1.0
IJTQUXKLUPYVCA,training_pool,1,6.89,6.89,6.89,False,False,1.0,1.0
IJUKBQSJNKIKII,training_pool,1,6.16,6.16,6.16,False,False,1.0,1.0
IJWQBNAFHFXHGD,training_pool,1,4.87,4.87,4.87,False,False,0.0,0.0
IKCJFOHBTHZLPE,training_pool,1,5.7,5.7,5.7,False,False,0.0,1.0
IKHHVQRHKWOTPI,training_pool,2,6.16,6.16,6.16,False,False,1.0,1.0
IKICLORDJDWQQL,training_pool,1,7.02,7.02,7.02,False,False,1.0,1.0
IKKBSTHJSYHHHQ,training_pool,1,5.28,5.28,5.28,False,False,0.0,1.0
IKKRFZWQNJAIGD,training_pool,1,7.1,7.1,7.1,False,False,1.0,1.0
IKLZMKNMJGKUGX,training_pool,1,9.0,9.0,9.0,False,False,1.0,1.0
IKOHLRMVSCTKRA,training_pool,2,4.775,4.62,4.93,False,False,0.0,0.0
ILGSJFZBBMJSPZ,training_pool,1,5.55,5.55,5.55,False,False,0.0,1.0
ILHUJLLYTPMLPK,training_pool,3,7.55,7.41,7.85,False,False,1.0,1.0
ILKNRFAZXMWVEA,training_pool,2,7.550000000000001,7.4,7.7,False,False,1.0,1.0
ILOGYBHIWAHFOT,training_pool,1,4.29,4.29,4.29,False,False,0.0,0.0
ILPMHHLUGMLAFD,training_pool,1,7.32,7.32,7.32,False,False,1.0,1.0
ILRGQKBXWMOPOJ,training_pool,2,5.88,5.37,6.39,True,False,,1.0
ILRSWLQNSPFEMO,training_pool,1,5.75,5.75,5.75,False,False,0.0,1.0
ILTQKEHTCOIWSL,training_pool,1,7.05,7.05,7.05,False,False,1.0,1.0
ILVGZWWWYKSSGR,training_pool,1,5.09,5.09,5.09,False,False,0.0,1.0
IMHGOAWBSJVILI,training_pool,1,4.73,4.73,4.73,False,False,0.0,0.0
IMMTZWSVDJMOQK,training_pool,1,4.82,4.82,4.82,False,False,0.0,0.0
IMUONEBAXMULCV,training_pool,1,6.8,6.8,6.8,False,False,1.0,1.0
INFDEZHSLNCPHC,training_pool,1,6.28,6.28,6.28,False,False,1.0,1.0
INJMMAFRGOWBGT,training_pool,1,4.26,4.26,4.26,False,False,0.0,0.0
INMJJMYWGAGFLY,training_pool,1,7.19,7.19,7.19,False,False,1.0,1.0
INOACHRZBZNIFE,training_pool,1,6.92,6.92,6.92,False,False,1.0,1.0
INOBCEASFHTIOW,training_pool,1,7.19,7.19,7.19,False,False,1.0,1.0
INPUZRWWYNGZJG,training_pool,1,7.1,7.1,7.1,False,False,1.0,1.0
INQHKYYPGHLJSA,training_pool,1,6.96,6.96,6.96,False,False,1.0,1.0
INRQTVDUZFESAO,training_pool,4,6.48,6.05,7.52,False,False,1.0,1.0
INVCKDUZZKHUPH,training_pool,1,4.89,4.89,4.89,False,False,0.0,0.0
INZWPNZJEKPKCD,training_pool,1,7.26,7.26,7.26,False,False,1.0,1.0
IOCAHMXUGLCZFG,training_pool,1,5.53,5.53,5.53,False,False,0.0,1.0
IODOBBFRLZLCJR,training_pool,1,7.22,7.22,7.22,False,False,1.0,1.0
IOKHVTVGMYVISS,training_pool,2,7.335,6.85,7.82,False,False,1.0,1.0
IOMQXDDCAOSITN,training_pool,1,5.92,5.92,5.92,False,False,0.0,1.0
IOUKACTYDLOGHU,training_pool,1,4.0,4.0,4.0,False,False,0.0,0.0
IPBAGVOSINAMJY,training_pool,1,6.0,6.0,6.0,False,False,1.0,1.0
IPCICTNTEIMIRU,training_pool,1,7.1,7.1,7.1,False,False,1.0,1.0
IPDZIIYOQAEWIC,training_pool,1,4.83,4.83,4.83,False,False,0.0,0.0
IPJJJUBJXLSQLJ,training_pool,1,6.64,6.64,6.64,False,False,1.0,1.0
IPNFBRLFLXHQCM,training_pool,1,7.0,7.0,7.0,False,False,1.0,1.0
IPSWLWPSIVTXOW,training_pool,1,8.22,8.22,8.22,False,False,1.0,1.0
IPTPHQMMQGXSIC,training_pool,1,8.46,8.46,8.46,False,False,1.0,1.0
IPUXISVPZLIZNP,training_pool,1,5.38,5.38,5.38,False,False,0.0,1.0
IPXDLSQHFQLZKA,training_pool,1,7.55,7.55,7.55,False,False,1.0,1.0
IQNNMEXCEJZRBG,training_pool,1,5.6,5.6,5.6,False,False,0.0,1.0
IQOUXWJLWZCUKZ,training_pool,1,6.0,6.0,6.0,False,False,1.0,1.0
IQQBZKRPJGBIPD,training_pool,1,6.89,6.89,6.89,False,False,1.0,1.0
IQRFDMXVSVKPHV,training_pool,1,4.7,4.7,4.7,False,False,0.0,0.0
IQRXPWYVQBBNDJ,training_pool,1,6.72,6.72,6.72,False,False,1.0,1.0
IQVGDHALTWPBLH,training_pool,1,8.96,8.96,8.96,False,False,1.0,1.0
IQVPFBISJXAZLJ,training_pool,1,6.05,6.05,6.05,False,False,1.0,1.0
IRGVDMLQKRCCHT,training_pool,2,6.52,5.38,7.66,True,False,,1.0
IRKVLCOCTJNMRX,training_pool,1,8.0,8.0,8.0,False,False,1.0,1.0
IRMPFYJSHJGOPE,training_pool,1,4.76,4.76,4.76,False,False,0.0,0.0
IROXGRQWHAFNLL,training_pool,4,7.175,6.84,8.52,False,False,1.0,1.0
IROYHFMHLMRKKF,training_pool,1,7.66,7.66,7.66,False,False,1.0,1.0
IRPFOXRBPHCCTG,training_pool,1,5.34,5.34,5.34,False,False,0.0,1.0
IRRBAZAKONNPAG,training_pool,2,6.145,5.77,6.52,False,False,1.0,1.0
IRTNTZQNMIEGDE,training_pool,1,8.3,8.3,8.3,False,False,1.0,1.0
IRWRYXRUGOOALO,training_pool,1,7.4,7.4,7.4,False,False,1.0,1.0
ISLFLEUBAXYHSW,training_pool,1,4.84,4.84,4.84,False,False,0.0,0.0
ISMZMNIRFHOTII,training_pool,1,7.68,7.68,7.68,False,False,1.0,1.0
ITCJKVWKDIXCRM,training_pool,1,7.05,7.05,7.05,False,False,1.0,1.0
ITDSGUVCDWZQBV,training_pool,1,5.0,5.0,5.0,False,False,0.0,1.0
ITHBVGMYBGVMBY,training_pool,1,5.22,5.22,5.22,False,False,0.0,1.0
ITHOETOMDZFDFL,training_pool,1,7.39,7.39,7.39,False,False,1.0,1.0
ITPACPHPCYAFQJ,training_pool,1,5.4,5.4,5.4,False,False,0.0,1.0
ITUUJJYQRZKISJ,training_pool,1,5.51,5.51,5.51,False,False,0.0,1.0
ITXKLTRVWHOZFH,training_pool,2,5.915,5.25,6.58,True,False,,1.0
ITXUVIRIRIWMQU,training_pool,1,6.03,6.03,6.03,False,False,1.0,1.0
IUALIHPRDXWTSS,training_pool,1,4.21,4.21,4.21,False,False,0.0,0.0
IUAQWUQWTOFVEU,training_pool,1,5.75,5.75,5.75,False,False,0.0,1.0
IUHGRNNHNNIMFX,training_pool,1,4.72,4.72,4.72,False,False,0.0,0.0
IUNHGASZWHASJU,training_pool,1,6.41,6.41,6.41,False,False,1.0,1.0
IVEOOKGWXNSUAG,training_pool,1,5.33,5.33,5.33,False,False,0.0,1.0
IVQDQSZNRHUBCL,training_pool,1,5.74,5.74,5.74,False,False,0.0,1.0
IVQJGLCSKNJIAD,training_pool,3,6.62,5.77,6.62,False,False,1.0,1.0
IWBGGEKASHWNAZ,training_pool,1,5.48,5.48,5.48,False,False,0.0,1.0
IWKSDLMZQBOAMX,training_pool,1,6.36,6.36,6.36,False,False,1.0,1.0
IWMOPZWABZFLKF,training_pool,1,7.01,7.01,7.01,False,False,1.0,1.0
IWQWSRKRYKFJRG,training_pool,1,6.43,6.43,6.43,False,False,1.0,1.0
IWVVHIQSOJIPIT,training_pool,1,6.48,6.48,6.48,False,False,1.0,1.0
IXDUROHDYNKQNR,training_pool,1,5.5,5.5,5.5,False,False,0.0,1.0
IXELFRRANAOWSF,flora,1,5.47,5.47,5.47,False,False,0.0,1.0
IXGKBHNNKBZUSL,training_pool,3,5.54,4.99,7.33,True,True,,
IXJJAPZCYPSAJH,training_pool,2,7.125,6.4,7.85,False,False,1.0,1.0
IXKTZYSXGKMTDA,training_pool,1,5.64,5.64,5.64,False,False,0.0,1.0
IXOVKZSZDFZOQP,training_pool,1,8.22,8.22,8.22,False,False,1.0,1.0
IXSDWULMLBIFIX,training_pool,2,6.4399999999999995,5.82,7.06,True,False,,1.0
IXVMQUJQUNFXIK,training_pool,1,4.72,4.72,4.72,False,False,0.0,0.0
IYCGBIASDVDADJ,training_pool,1,4.45,4.45,4.45,False,False,0.0,0.0
IYKCZODWNDOPHB,training_pool,1,6.25,6.25,6.25,False,False,1.0,1.0
IYLZLRHLJPCJMN,training_pool,1,4.28,4.28,4.28,False,False,0.0,0.0
IYPAUZQRSAWCBH,training_pool,1,6.08,6.08,6.08,False,False,1.0,1.0
IYSQJGOQFVGLMC,training_pool,1,7.43,7.43,7.43,False,False,1.0,1.0
IYTBFRVLHPFFOH,training_pool,1,8.15,8.15,8.15,False,False,1.0,1.0
IYWAGKGORQANIN,training_pool,1,6.22,6.22,6.22,False,False,1.0,1.0
IYWKSVRNQXLVKW,training_pool,1,4.99,4.99,4.99,False,False,0.0,0.0
IZHMXUHYBIGHNK,training_pool,1,5.96,5.96,5.96,False,False,0.0,1.0
IZJKQFIBOBWKHL,training_pool,1,7.11,7.11,7.11,False,False,1.0,1.0
IZSPRRJOCQMXKB,training_pool,1,5.33,5.33,5.33,False,False,0.0,1.0
IZZWHVDZJOINFQ,training_pool,1,5.4,5.4,5.4,False,False,0.0,1.0
JAGXAWLKMJLULX,training_pool,1,7.19,7.19,7.19,False,False,1.0,1.0
JAIOAMPOGJIYQK,training_pool,1,7.22,7.22,7.22,False,False,1.0,1.0
JAKBVEUMXICYID,training_pool,1,6.82,6.82,6.82,False,False,1.0,1.0
JAKLWQFGJXPTHN,training_pool,1,5.36,5.36,5.36,False,False,0.0,1.0
JAKUSVQKFVDBEC,training_pool,1,7.55,7.55,7.55,False,False,1.0,1.0
JALMHNAARBTBQN,training_pool,1,5.48,5.48,5.48,False,False,0.0,1.0
JALUUBQFLPUJMY,training_pool,1,7.68,7.68,7.68,False,False,1.0,1.0
JAMGXUJTALDXFB,training_pool,1,5.3,5.3,5.3,False,False,0.0,1.0
JAPKJIUHTVTGNM,training_pool,1,5.77,5.77,5.77,False,False,0.0,1.0
JAQSXADRWSRLBT,training_pool,1,7.21,7.21,7.21,False,False,1.0,1.0
JASZFHGWCOIQKG,training_pool,1,4.7,4.7,4.7,False,False,0.0,0.0
JAWBAVZNIXODOD,training_pool,4,7.824999999999999,6.28,8.52,False,False,1.0,1.0
JBAKNRRHHNECIM,training_pool,1,4.64,4.64,4.64,False,False,0.0,0.0
JBJAUFUDLPEPQD,training_pool,1,7.22,7.22,7.22,False,False,1.0,1.0
JBJXHMBQXKAZTO,training_pool,1,5.4,5.4,5.4,False,False,0.0,1.0
JBKASQFEWCYWGQ,training_pool,1,6.84,6.84,6.84,False,False,1.0,1.0
JBQXEAIMRUQUED,training_pool,1,5.32,5.32,5.32,False,False,0.0,1.0
JBRIUIQTRLLQOW,training_pool,1,4.47,4.47,4.47,False,False,0.0,0.0
JBSZPTGLEKOQIM,training_pool,1,5.14,5.14,5.14,False,False,0.0,1.0
JBVUQZHPUQOYQU,training_pool,1,5.82,5.82,5.82,False,False,0.0,1.0
JBYURLHMCDUEHS,training_pool,1,5.57,5.57,5.57,False,False,0.0,1.0
JCDUSBLGGASDIN,training_pool,1,8.4,8.4,8.4,False,False,1.0,1.0
JCFNNKJKTGOFNG,training_pool,1,5.19,5.19,5.19,False,False,0.0,1.0
JCKMCGRZLQGGCS,training_pool,1,5.33,5.33,5.33,False,False,0.0,1.0
JCSSWDBUBKTAFM,training_pool,1,5.35,5.35,5.35,False,False,0.0,1.0
JCWJHMWNMPFPCO,training_pool,1,7.52,7.52,7.52,False,False,1.0,1.0
JDAUSBADDDDUKJ,training_pool,1,7.39,7.39,7.39,False,False,1.0,1.0
JDCWOBTUQSMXDU,training_pool,1,8.0,8.0,8.0,False,False,1.0,1.0
JDHXETUHOJCQRX,training_pool,1,7.17,7.17,7.17,False,False,1.0,1.0
JDPNUYJWAFSVKW,training_pool,1,7.7,7.7,7.7,False,False,1.0,1.0
JDTBZAHAUIUATQ,training_pool,1,5.46,5.46,5.46,False,False,0.0,1.0
JDXXMVLLXMDCMQ,training_pool,1,5.84,5.84,5.84,False,False,0.0,1.0
JDXZFQDDIYUUOG,training_pool,1,5.71,5.71,5.71,False,False,0.0,1.0
JDZVFIPBSLTTBH,training_pool,1,7.0,7.0,7.0,False,False,1.0,1.0
JEECJHBQWNRVJL,training_pool,1,4.42,4.42,4.42,False,False,0.0,0.0
JEFCHGRNZWZHDY,training_pool,1,6.75,6.75,6.75,False,False,1.0,1.0
JFMUHNFTFBLUNK,training_pool,1,5.17,5.17,5.17,False,False,0.0,1.0
JFOLEEZLOQAZMN,training_pool,1,6.52,6.52,6.52,False,False,1.0,1.0
JFRLRVQACQEDEL,training_pool,2,8.29,8.29,8.29,False,False,1.0,1.0
JFTYUKJRCTXQSJ,training_pool,1,6.89,6.89,6.89,False,False,1.0,1.0
JFYYWMSXKJHUFG,training_pool,2,6.12,5.54,6.7,True,False,,1.0
JGFKRLHJJAGXAW,training_pool,1,7.28,7.28,7.28,False,False,1.0,1.0
JGGHRZWTRXUNBK,training_pool,2,6.21,5.26,7.16,True,False,,1.0
JGJFYPUJFYNZAC,training_pool,1,7.0,7.0,7.0,False,False,1.0,1.0
JGOUMRCAYPEPNB,training_pool,1,6.0,6.0,6.0,False,False,1.0,1.0
JGPCBCWPYVLROD,training_pool,1,6.77,6.77,6.77,False,False,1.0,1.0
JGPRUEXSKNEPHR,training_pool,1,6.12,6.12,6.12,False,False,1.0,1.0
JGUIZDSDTXOOHV,training_pool,1,5.16,5.16,5.16,False,False,0.0,1.0
JGXLSYHSUVBCBK,training_pool,1,5.17,5.17,5.17,False,False,0.0,1.0
JGXOQTMNIZJDRX,training_pool,1,5.17,5.17,5.17,False,False,0.0,1.0
JGZJHEIVVDMVFN,training_pool,1,5.21,5.21,5.21,False,False,0.0,1.0
JHBIMJKLBUMNAU,training_pool,7,7.0,5.96,7.3,True,False,,1.0
JHBNDRPRPWRMJU,training_pool,1,5.04,5.04,5.04,False,False,0.0,1.0
JHFPPFNPDFTJSI,training_pool,1,5.32,5.32,5.32,False,False,0.0,1.0
JHINOHPYDGQNSD,training_pool,1,6.02,6.02,6.02,False,False,1.0,1.0
JHLKLBNQQLKWOW,training_pool,2,6.84,6.16,7.52,False,False,1.0,1.0
JHMGVWICIJTVHP,training_pool,1,4.47,4.47,4.47,False,False,0.0,0.0
JHNVXSSFYWVUAO,training_pool,1,4.18,4.18,4.18,False,False,0.0,0.0
JHOVCAXRUUWNJL,training_pool,2,6.699999999999999,6.6,6.8,False,False,1.0,1.0
JHSHLTXJUVAREQ,training_pool,1,6.44,6.44,6.44,False,False,1.0,1.0
JHVVXINBKCEAPA,training_pool,1,6.55,6.55,6.55,False,False,1.0,1.0
JIHKSUATWOQISW,training_pool,1,6.04,6.04,6.04,False,False,1.0,1.0
JINJJDHGBJMQJW,training_pool,1,5.32,5.32,5.32,False,False,0.0,1.0
JINPXZJMGFJFDX,training_pool,1,6.0,6.0,6.0,False,False,1.0,1.0
JIQMZCWTMHNZTD,training_pool,1,4.96,4.96,4.96,False,False,0.0,0.0
JIUBJFJXEOSCTQ,training_pool,1,5.29,5.29,5.29,False,False,0.0,1.0
JIUKVLYZDFTQIG,training_pool,1,5.0,5.0,5.0,False,False,0.0,1.0
JIWYVCWNXNRMFT,training_pool,1,5.23,5.23,5.23,False,False,0.0,1.0
JJAOLPDGJSXSNW,training_pool,1,4.93,4.93,4.93,False,False,0.0,0.0
JJMVXONVEGKMAM,training_pool,1,5.82,5.82,5.82,False,False,0.0,1.0
JJNQRIBTBNZQBJ,training_pool,1,4.5,4.5,4.5,False,False,0.0,0.0
JJXVHAQVSGDBJB,training_pool,1,6.51,6.51,6.51,False,False,1.0,1.0
JJYNQBZWIROMLA,training_pool,1,5.17,5.17,5.17,False,False,0.0,1.0
JKFKIPYHBONANC,training_pool,1,4.81,4.81,4.81,False,False,0.0,0.0
JKGWGMHMKRQONI,training_pool,3,7.43,5.85,7.43,True,False,,1.0
JKHHUOVVMIFTNS,training_pool,1,7.49,7.49,7.49,False,False,1.0,1.0
JKIJGZFGVWTESY,training_pool,1,4.91,4.91,4.91,False,False,0.0,0.0
JKKMWUUSYXGEQH,training_pool,1,6.59,6.59,6.59,False,False,1.0,1.0
JKNTXGPXWJVMLO,training_pool,1,5.55,5.55,5.55,False,False,0.0,1.0
JKOWVRMWEPTPOD,training_pool,2,6.205,5.75,6.66,False,False,1.0,1.0
JKPMMSGXLYCCLT,training_pool,1,5.28,5.28,5.28,False,False,0.0,1.0
JKQDVLRBURTIIP,training_pool,1,6.6,6.6,6.6,False,False,1.0,1.0
JLEDIMWIHDETBJ,training_pool,1,5.4,5.4,5.4,False,False,0.0,1.0
JLEJUISXFAAYMY,training_pool,1,4.02,4.02,4.02,False,False,0.0,0.0
JLNFQYSZNBKQDV,training_pool,1,7.05,7.05,7.05,False,False,1.0,1.0
JLROYHWJEFEGOR,training_pool,2,6.525,5.89,7.16,True,False,,1.0
JLTFIQJFOCRBMI,training_pool,1,6.7,6.7,6.7,False,False,1.0,1.0
JLYDKBZSKNRECE,training_pool,1,5.3,5.3,5.3,False,False,0.0,1.0
JMBMBPHJMMOLQL,training_pool,1,7.0,7.0,7.0,False,False,1.0,1.0
JMHYAXLRTPAZFX,training_pool,1,7.48,7.48,7.48,False,False,1.0,1.0
JMKUAKPBVQZTKU,training_pool,1,6.47,6.47,6.47,False,False,1.0,1.0
JMNWKILWCRGRGO,training_pool,1,5.14,5.14,5.14,False,False,0.0,1.0
JMPFSEBWVLAJKM,training_pool,1,5.74,5.74,5.74,False,False,0.0,1.0
JMQASNOHJLGJPA,training_pool,1,5.21,5.21,5.21,False,False,0.0,1.0
JMRUQNZCPMKHCP,training_pool,1,5.62,5.62,5.62,False,False,0.0,1.0
JMSUJBHMFHREJF,training_pool,1,7.11,7.11,7.11,False,False,1.0,1.0
JMZKNBTXBGLHEO,training_pool,1,7.7,7.7,7.7,False,False,1.0,1.0
JNDQJHYCXHQOOR,training_pool,1,7.05,7.05,7.05,False,False,1.0,1.0
JNDQXJQXEITGBL,training_pool,1,5.12,5.12,5.12,False,False,0.0,1.0
JNEDVCOEBJNUCM,training_pool,1,4.87,4.87,4.87,False,False,0.0,0.0
JNKXQPYZUHDUDS,training_pool,1,6.72,6.72,6.72,False,False,1.0,1.0
JNNCYWAGHKQGRL,training_pool,1,4.04,4.04,4.04,False,False,0.0,0.0
JNSDQPNIRFNWLJ,training_pool,1,7.22,7.22,7.22,False,False,1.0,1.0
JNVALRCBOIOUGL,training_pool,1,7.3,7.3,7.3,False,False,1.0,1.0
JOAVZZKMDXSPHI,training_pool,1,8.0,8.0,8.0,False,False,1.0,1.0
JOBQMBHNCXPGBC,training_pool,3,7.8,4.0,7.85,True,True,,
JOCCPEMYPYDXJH,training_pool,1,6.25,6.25,6.25,False,False,1.0,1.0
JOCQYAWUXFAKQG,training_pool,1,6.54,6.54,6.54,False,False,1.0,1.0
JOOQXUJRKXIPED,training_pool,2,6.095000000000001,6.0,6.19,False,False,1.0,1.0
JOQSPFUULWBKLC,training_pool,1,5.68,5.68,5.68,False,False,0.0,1.0
JORSGFCLPQRPKX,training_pool,1,4.87,4.87,4.87,False,False,0.0,0.0
JOSISWVZUZWBEX,training_pool,1,5.33,5.33,5.33,False,False,0.0,1.0
JPIGIUVXKZACAJ,training_pool,1,5.3,5.3,5.3,False,False,0.0,1.0
JPKRUWRMHGVJCV,training_pool,2,6.0,6.0,6.0,False,False,1.0,1.0
JPKSITUEDGBTFD,training_pool,1,5.43,5.43,5.43,False,False,0.0,1.0
JPWKLILKLRXARO,training_pool,1,5.55,5.55,5.55,False,False,0.0,1.0
JPWVMGPBBNJBBV,training_pool,1,6.62,6.62,6.62,False,False,1.0,1.0
JPWYHHBGIBBALT,training_pool,2,6.865,5.96,7.77,True,False,,1.0
JQDLRYPRLMZWFM,training_pool,1,6.66,6.66,6.66,False,False,1.0,1.0
JQDUOCCITWQNES,training_pool,1,6.28,6.28,6.28,False,False,1.0,1.0
JQFWNEMSFTWLAG,training_pool,1,5.0,5.0,5.0,False,False,0.0,1.0
JQLKYNCPHUMKRM,training_pool,1,5.32,5.32,5.32,False,False,0.0,1.0
JQMPHVZJJDEIIB,training_pool,1,6.96,6.96,6.96,False,False,1.0,1.0
JQRSXCMDPLDAJV,training_pool,1,5.05,5.05,5.05,False,False,0.0,1.0
JRCSJLWBWPGQBW,training_pool,1,6.16,6.16,6.16,False,False,1.0,1.0
JRDYDYXZKFNNRQ,training_pool,1,6.7,6.7,6.7,False,False,1.0,1.0
JREPTBIQIWHIKG,training_pool,1,6.26,6.26,6.26,False,False,1.0,1.0
JRNOAFQGPBZGLC,training_pool,1,5.08,5.08,5.08,False,False,0.0,1.0
JRSDDATYOWGQMB,training_pool,1,4.58,4.58,4.58,False,False,0.0,0.0
JSAKVNVQUTZKNO,training_pool,1,5.29,5.29,5.29,False,False,0.0,1.0
JSBPAPUFFHHZLN,training_pool,1,5.39,5.39,5.39,False,False,0.0,1.0
JSCDEHDFQMRWGN,training_pool,1,4.33,4.33,4.33,False,False,0.0,0.0
JSONIDTYYBIOLI,training_pool,1,5.0,5.0,5.0,False,False,0.0,1.0
JSPUCPNQXKTYRO,training_pool,1,5.64,5.64,5.64,False,False,0.0,1.0
JSUFYBHISDIHDD,training_pool,1,6.23,6.23,6.23,False,False,1.0,1.0
JTASBVPEDOWYBH,training_pool,1,6.13,6.13,6.13,False,False,1.0,1.0
JTCHATVNERFWTD,training_pool,1,4.73,4.73,4.73,False,False,0.0,0.0
JTDKLSIWEKINCX,training_pool,1,6.72,6.72,6.72,False,False,1.0,1.0
JTICRAKLVRMWJS,training_pool,1,6.3,6.3,6.3,False,False,1.0,1.0
JTRLCDAPHJVMCM,training_pool,1,7.81,7.81,7.81,False,False,1.0,1.0
JTTYFZDJLZNVDJ,training_pool,1,5.53,5.53,5.53,False,False,0.0,1.0
JTVXMDDKBLTKHW,training_pool,1,6.34,6.34,6.34,False,False,1.0,1.0
JUFSWGMQBPMPNJ,training_pool,1,5.16,5.16,5.16,False,False,0.0,1.0
JUKITUWUDKBHSC,training_pool,1,5.67,5.67,5.67,False,False,0.0,1.0
JUKNQYMAQLBMLX,training_pool,1,5.89,5.89,5.89,False,False,0.0,1.0
JULPDIIDMNHGEC,training_pool,1,7.4,7.4,7.4,False,False,1.0,1.0
JUNZBTTUERRVNR,training_pool,1,7.2,7.2,7.2,False,False,1.0,1.0
JUYSXIYGRKHDAM,training_pool,1,4.47,4.47,4.47,False,False,0.0,0.0
JVFRGAMMYBLUIA,training_pool,1,6.39,6.39,6.39,False,False,1.0,1.0
JVHTWWFLERCBKF,training_pool,1,4.82,4.82,4.82,False,False,0.0,0.0
JVSUFGDPEPHINB,training_pool,1,7.7,7.7,7.7,False,False,1.0,1.0
JVSXXYYJAUHHFM,training_pool,1,4.91,4.91,4.91,False,False,0.0,0.0
JVTATFGCZBSYAY,training_pool,1,7.07,7.07,7.07,False,False,1.0,1.0
JVTHGDODPRNMND,training_pool,1,6.08,6.08,6.08,False,False,1.0,1.0
JVYPRVCGLVRVIB,training_pool,1,4.82,4.82,4.82,False,False,0.0,0.0
JVYWGVMKPCYLNB,training_pool,1,6.38,6.38,6.38,False,False,1.0,1.0
JVZZJPVPAWUURM,training_pool,1,5.54,5.54,5.54,False,False,0.0,1.0
JWGRCCZBVPOGTF,training_pool,1,7.05,7.05,7.05,False,False,1.0,1.0
JWIPYSWKJTZWIL,training_pool,1,6.73,6.73,6.73,False,False,1.0,1.0
JWSYDZNIYSFRNJ,training_pool,1,9.36,9.36,9.36,False,False,1.0,1.0
JWSZCVWFUJUURI,training_pool,1,7.29,7.29,7.29,False,False,1.0,1.0
JWWRFFTYPAHLAB,training_pool,1,5.64,5.64,5.64,False,False,0.0,1.0
JXDOWJBSORIEFU,training_pool,1,6.92,6.92,6.92,False,False,1.0,1.0
JXHNAXDUCHWJFA,training_pool,1,5.38,5.38,5.38,False,False,0.0,1.0
JXMCURDVBHANSI,training_pool,1,6.22,6.22,6.22,False,False,1.0,1.0
JXSPPEWQPDAQFQ,training_pool,2,5.8100000000000005,5.24,6.38,True,False,,1.0
JXSVJEKTMZHWFF,training_pool,1,6.35,6.35,6.35,False,False,1.0,1.0
JXVIXVOFNRHUBQ,training_pool,1,6.47,6.47,6.47,False,False,1.0,1.0
JYEIFLFWIPVEJV,training_pool,1,7.75,7.75,7.75,False,False,1.0,1.0
JYOQCCFYSJPSLC,training_pool,1,7.1,7.1,7.1,False,False,1.0,1.0
JZFPYUNJRRFVQU,training_pool,1,6.04,6.04,6.04,False,False,1.0,1.0
JZHJLBPBQKPTNX,training_pool,3,7.82,4.68,9.72,True,True,,
JZPVHSMJZGYEJL,training_pool,1,7.44,7.44,7.44,False,False,1.0,1.0
JZRRGLTYMVJZJT,training_pool,1,7.18,7.18,7.18,False,False,1.0,1.0
JZURNDJEQHFENW,training_pool,1,5.22,5.22,5.22,False,False,0.0,1.0
JZYOYHBIFAROBY,training_pool,1,4.81,4.81,4.81,False,False,0.0,0.0
KAEUSRHSWCBBPT,training_pool,1,6.87,6.87,6.87,False,False,1.0,1.0
KAJVNXBRUJUOML,training_pool,1,8.21,8.21,8.21,False,False,1.0,1.0
KALILMBKRIYSJC,training_pool,1,6.74,6.74,6.74,False,False,1.0,1.0
KAMSHHHKVKJGLB,training_pool,2,6.355,6.35,6.36,False,False,1.0,1.0
KBNOHTKUNAPKEI,training_pool,1,7.28,7.28,7.28,False,False,1.0,1.0
KBOPZPXVLCULAV,training_pool,1,5.12,5.12,5.12,False,False,0.0,1.0
KBPIAEVSGWRJLE,training_pool,2,7.234999999999999,6.8,7.67,False,False,1.0,1.0
KBPSBAPMLMRGTN,training_pool,1,6.96,6.96,6.96,False,False,1.0,1.0
KBRHLLDONLJRFT,training_pool,3,6.0,5.82,6.41,False,False,1.0,1.0
KBRVEXFINIFEFA,training_pool,1,4.35,4.35,4.35,False,False,0.0,0.0
KBSBTAFVYAMCHK,training_pool,1,6.24,6.24,6.24,False,False,1.0,1.0
KBTKTCKBTBOALA,training_pool,1,6.28,6.28,6.28,False,False,1.0,1.0
KBTZNTKGFHORAG,training_pool,1,6.92,6.92,6.92,False,False,1.0,1.0
KCJCQVZULLHZIU,training_pool,1,6.89,6.89,6.89,False,False,1.0,1.0
KCJMUDJRPFAATN,training_pool,2,6.24,6.18,6.3,False,False,1.0,1.0
KCOCTIZMUOBRME,training_pool,1,5.17,5.17,5.17,False,False,0.0,1.0
KCPPTAVUOWTXDZ,training_pool,1,5.82,5.82,5.82,False,False,0.0,1.0
KCZXZRZRHLNHJF,training_pool,1,4.27,4.27,4.27,False,False,0.0,0.0
KDGUWZZCFXNBKJ,training_pool,1,5.04,5.04,5.04,False,False,0.0,1.0
KDHWEMULLOVCEH,training_pool,1,5.11,5.11,5.11,False,False,0.0,1.0
KDIVDXIRWHFVLU,training_pool,3,6.41,4.89,6.82,True,True,,
KDIWFKFUVQXPCD,training_pool,1,5.4,5.4,5.4,False,False,0.0,1.0
KDJNHGOIUBWKJB,training_pool,1,4.8,4.8,4.8,False,False,0.0,0.0
KDTLJGOHMIZKCT,training_pool,2,5.83,5.23,6.43,True,False,,1.0
KFAPWEXTUUYWLW,training_pool,1,6.66,6.66,6.66,False,False,1.0,1.0
KFIBYHMDSMCFHE,training_pool,1,5.84,5.84,5.84,False,False,0.0,1.0
KFKDLUWHGCASGF,training_pool,1,6.31,6.31,6.31,False,False,1.0,1.0
KFKIOJSNPDLTTQ,training_pool,2,6.49,5.82,7.16,True,False,,1.0
KFKQYYRKLORISV,training_pool,1,5.55,5.55,5.55,False,False,0.0,1.0
KFYRACZHGALBMT,training_pool,2,6.82,5.64,8.0,True,False,,1.0
KFZSJIORILAODE,training_pool,1,5.01,5.01,5.01,False,False,0.0,1.0
KGDLHJBGMSPNDF,training_pool,1,6.64,6.64,6.64,False,False,1.0,1.0
KGINMEMYQNAMNY,training_pool,1,5.12,5.12,5.12,False,False,0.0,1.0
KGOPIJQFLBPLCD,training_pool,1,8.92,8.92,8.92,False,False,1.0,1.0
KGZXGBORAXZYSS,training_pool,1,5.02,5.02,5.02,False,False,0.0,1.0
KHBZYYUMMPHBTC,training_pool,1,7.05,7.05,7.05,False,False,1.0,1.0
KHMFOKHBPZDFJU,training_pool,1,7.38,7.38,7.38,False,False,1.0,1.0
KHMXLRQMUOERGL,training_pool,1,6.3,6.3,6.3,False,False,1.0,1.0
KHPKQFYUPIUARC,training_pool,6,6.93,6.5,8.15,False,False,1.0,1.0
KHRAUOJCUCLLJE,training_pool,1,5.6,5.6,5.6,False,False,0.0,1.0
KHTBPJNKFSTZEM,training_pool,1,6.46,6.46,6.46,False,False,1.0,1.0
KIKYCSWMKGQRDZ,training_pool,1,5.77,5.77,5.77,False,False,0.0,1.0
KILFGWWAJWGXRS,training_pool,1,6.8,6.8,6.8,False,False,1.0,1.0
KILQIWKOCXSELP,training_pool,1,6.01,6.01,6.01,False,False,1.0,1.0
KIRCDVHSWKUPPF,training_pool,2,6.9399999999999995,6.55,7.33,False,False,1.0,1.0
KIZWKGIIOPQZIS,training_pool,1,4.17,4.17,4.17,False,False,0.0,0.0
KJAZUGFAZMQIBZ,training_pool,1,4.76,4.76,4.76,False,False,0.0,0.0
KJCDNRSCHQWHKE,training_pool,1,5.59,5.59,5.59,False,False,0.0,1.0
KJJDMIXQIXNCSA,training_pool,2,4.965,4.86,5.07,False,False,0.0,0.0
KJOANMMLKQBFLO,training_pool,1,4.36,4.36,4.36,False,False,0.0,0.0
KJOSDRUNXOPTEP,training_pool,1,4.92,4.92,4.92,False,False,0.0,0.0
KJSXZRPNUTVPIS,training_pool,1,6.21,6.21,6.21,False,False,1.0,1.0
KJUCYHRLQYDCLP,training_pool,2,6.07,5.68,6.46,False,False,1.0,1.0
KKBWWVXRKULXHF,training_pool,1,6.0,6.0,6.0,False,False,1.0,1.0
KKFMRZKIVBGQGT,training_pool,1,4.02,4.02,4.02,False,False,0.0,0.0
KKJOEUUEBZMISE,training_pool,1,7.1,7.1,7.1,False,False,1.0,1.0
KKKZOKQDFWCLMP,training_pool,1,6.85,6.85,6.85,False,False,1.0,1.0
KKQSTHNEWWOUJM,training_pool,2,5.725,5.61,5.84,False,False,0.0,1.0
KKSVTGPVQOIRKT,training_pool,1,8.1,8.1,8.1,False,False,1.0,1.0
KKVZAQDXNZBKJV,training_pool,1,7.52,7.52,7.52,False,False,1.0,1.0
KKWGNMIYYGRBJT,training_pool,1,5.31,5.31,5.31,False,False,0.0,1.0
KLFIASJIUCZZHS,training_pool,1,5.1,5.1,5.1,False,False,0.0,1.0
KLGAEMROZJNCFW,training_pool,2,8.5,8.5,8.5,False,False,1.0,1.0
KLIOSVDMRNWIKJ,training_pool,1,6.26,6.26,6.26,False,False,1.0,1.0
KLKCPIJDMUXRSE,training_pool,1,5.95,5.95,5.95,False,False,0.0,1.0
KLQYRGLUEBNTQS,training_pool,1,7.7,7.7,7.7,False,False,1.0,1.0
KLTINOYORPNONT,training_pool,1,6.97,6.97,6.97,False,False,1.0,1.0
KLYQHTBGQPHNSU,training_pool,1,8.1,8.1,8.1,False,False,1.0,1.0
KMAFQLZCXOEYAF,training_pool,1,5.25,5.25,5.25,False,False,0.0,1.0
KMLFAHIIJSUUPX,training_pool,1,4.75,4.75,4.75,False,False,0.0,0.0
KMLNWQPYFBIALN,training_pool,1,5.3,5.3,5.3,False,False,0.0,1.0
KMTOAENGJJALMQ,training_pool,1,4.82,4.82,4.82,False,False,0.0,0.0
KMUHLVCSUZQSGK,training_pool,1,5.03,5.03,5.03,False,False,0.0,1.0
KMZIBRMKHUHDPP,training_pool,2,7.35,7.0,7.7,False,False,1.0,1.0
KNFJPWPERDMMOO,training_pool,1,4.0,4.0,4.0,False,False,0.0,0.0
KNHHNILXEQGEIW,training_pool,2,6.05,5.58,6.52,False,False,1.0,1.0
KNISJBIRKZDEOX,training_pool,1,5.45,5.45,5.45,False,False,0.0,1.0
KNJMCAIRHOTPDF,training_pool,1,5.43,5.43,5.43,False,False,0.0,1.0
KNNHMHHUEHQWNA,training_pool,1,7.08,7.08,7.08,False,False,1.0,1.0
KNSDKKULYXMREW,training_pool,1,4.77,4.77,4.77,False,False,0.0,0.0
KNSJGVMOBINZFT,training_pool,1,7.3,7.3,7.3,False,False,1.0,1.0
KNZIGRJAQRCCSM,training_pool,1,6.72,6.72,6.72,False,False,1.0,1.0
KNZNJFBLNTYAEP,training_pool,1,5.83,5.83,5.83,False,False,0.0,1.0
KOFMTMMWWZKHPS,training_pool,1,7.58,7.58,7.58,False,False,1.0,1.0
KOGFLGOVBKEDMF,training_pool,1,6.64,6.64,6.64,False,False,1.0,1.0
KOGLCIMBIYSRMX,training_pool,1,7.22,7.22,7.22,False,False,1.0,1.0
KOIGRXYDVUDIGO,training_pool,1,5.6,5.6,5.6,False,False,0.0,1.0
KOOAIFWISQOCOY,training_pool,1,4.12,4.12,4.12,False,False,0.0,0.0
KOSHEAOLMYRNOG,training_pool,1,7.29,7.29,7.29,False,False,1.0,1.0
KOTQLUDYIJFJHT,training_pool,1,5.45,5.45,5.45,False,False,0.0,1.0
KOYUROFZGQHJJX,training_pool,1,6.4,6.4,6.4,False,False,1.0,1.0
KPHWPUGNDIVLNH,training_pool,3,6.1,6.08,8.89,False,False,1.0,1.0
KPVYGOVUPVFOES,training_pool,1,5.16,5.16,5.16,False,False,0.0,1.0
KPWNIHIQACDBRK,training_pool,1,4.11,4.11,4.11,False,False,0.0,0.0
KPZWJSMDQMZGAZ,training_pool,1,5.55,5.55,5.55,False,False,0.0,1.0
KQBTWCZJNAENTC,training_pool,1,5.05,5.05,5.05,False,False,0.0,1.0
KQHSIKWKCNYOPF,training_pool,1,8.22,8.22,8.22,False,False,1.0,1.0
KQOKTTMHRDSUKU,training_pool,1,5.94,5.94,5.94,False,False,0.0,1.0
KQTHZTGSWCOVER,training_pool,1,5.64,5.64,5.64,False,False,0.0,1.0
KQUGWHSHDAHRQE,training_pool,1,5.4,5.4,5.4,False,False,0.0,1.0
KQVXEUPXZOZBRD,training_pool,1,6.75,6.75,6.75,False,False,1.0,1.0
KQWMBKXAUUWQNW,training_pool,1,8.1,8.1,8.1,False,False,1.0,1.0
KQZIDOFFYMUKKF,training_pool,1,5.73,5.73,5.73,False,False,0.0,1.0
KRHRIRZHIARKBB,training_pool,1,6.15,6.15,6.15,False,False,1.0,1.0
KRNYBMFTTUYFRS,training_pool,1,5.92,5.92,5.92,False,False,0.0,1.0
KROTWTCKGRAKRI,training_pool,1,7.0,7.0,7.0,False,False,1.0,1.0
KRRJBYIMYRNALK,training_pool,1,7.41,7.41,7.41,False,False,1.0,1.0
KRTMRSASIKEPSY,training_pool,1,4.96,4.96,4.96,False,False,0.0,0.0
KRTQGUUHKYUHLI,training_pool,2,5.5649999999999995,4.87,6.26,True,True,,
KSCDBBDAERUVEP,training_pool,1,7.92,7.92,7.92,False,False,1.0,1.0
KSEMYSKMEIGWTM,training_pool,1,6.02,6.02,6.02,False,False,1.0,1.0
KSFMAASFLCWROX,training_pool,1,7.28,7.28,7.28,False,False,1.0,1.0
KSFXYDRCNSJZCV,training_pool,2,6.285,6.0,6.57,False,False,1.0,1.0
KSHUHZPSDIAWAJ,training_pool,1,5.46,5.46,5.46,False,False,0.0,1.0
KSLKJFIICOYAEA,training_pool,1,6.96,6.96,6.96,False,False,1.0,1.0
KSSRZUXSJXSLKY,training_pool,1,5.39,5.39,5.39,False,False,0.0,1.0
KSVRGMHIRVZLOF,training_pool,1,6.77,6.77,6.77,False,False,1.0,1.0
KSWMDKLRILZQJQ,training_pool,1,4.25,4.25,4.25,False,False,0.0,0.0
KSZXIHQTTAVFLD,training_pool,1,6.04,6.04,6.04,False,False,1.0,1.0
KSZXWXDISXBCDK,training_pool,1,5.96,5.96,5.96,False,False,0.0,1.0
KTDHBIYFIPOXLO,training_pool,3,7.25,6.47,8.1,False,False,1.0,1.0
KTDZCOWXCWUPEO,training_pool,16,6.65,4.28,9.0,True,True,,
KTEXNACQROZXEV,flora,1,6.1,6.1,6.1,False,False,1.0,1.0
KTKCZPLFGOBQDX,training_pool,1,4.62,4.62,4.62,False,False,0.0,0.0
KTMKEINUHDKOBD,training_pool,1,7.22,7.22,7.22,False,False,1.0,1.0
KTYHBJKSZMFDKJ,training_pool,1,7.68,7.68,7.68,False,False,1.0,1.0
KUACXUWSPOVIFY,training_pool,1,5.32,5.32,5.32,False,False,0.0,1.0
KUEAEXWZVKGDAE,training_pool,1,5.73,5.73,5.73,False,False,0.0,1.0
KUHYCYZPVRQIEP,training_pool,1,5.1,5.1,5.1,False,False,0.0,1.0
KUMPFBFGBNPMID,training_pool,1,7.47,7.47,7.47,False,False,1.0,1.0
KUSZSJKYIJJGIU,training_pool,1,6.09,6.09,6.09,False,False,1.0,1.0
KUWZXOMQXYWKBS,training_pool,1,6.6,6.6,6.6,False,False,1.0,1.0
KUZKNHMNMHRTPV,training_pool,1,6.96,6.96,6.96,False,False,1.0,1.0
KVAJWEXPGHVHJA,training_pool,1,6.46,6.46,6.46,False,False,1.0,1.0
KVHPRFAHAAGVCW,training_pool,2,6.734999999999999,6.51,6.96,False,False,1.0,1.0
KVOJQLZIQWXIOO,training_pool,1,6.4,6.4,6.4,False,False,1.0,1.0
KVRGMJQYLQFFQG,training_pool,1,5.75,5.75,5.75,False,False,0.0,1.0
KVUASUDFPOEMLR,training_pool,1,6.1,6.1,6.1,False,False,1.0,1.0
KVVMAYJPPJIIFO,training_pool,1,5.33,5.33,5.33,False,False,0.0,1.0
KVVSCMOUFCNCGX,flora,1,5.63,5.63,5.63,False,False,0.0,1.0
KWCCUYSXAYTNKA,training_pool,1,4.63,4.63,4.63,False,False,0.0,0.0
KWEQQTKSVSFAKU,training_pool,1,6.55,6.55,6.55,False,False,1.0,1.0
KWFULVIDINHCKV,training_pool,1,5.66,5.66,5.66,False,False,0.0,1.0
KWPDOWODXGMGBJ,training_pool,1,5.67,5.67,5.67,False,False,0.0,1.0
KWRIALAXVJZZKY,training_pool,1,6.14,6.14,6.14,False,False,1.0,1.0
KWUFTKVMXUYTBF,training_pool,1,7.3,7.3,7.3,False,False,1.0,1.0
KXCJXXZNWBYCRI,training_pool,1,7.16,7.16,7.16,False,False,1.0,1.0
KXPPKWCBVXQXSO,training_pool,1,5.89,5.89,5.89,False,False,0.0,1.0
KXQLLEQKHARGDS,training_pool,1,4.69,4.69,4.69,False,False,0.0,0.0
KYHFEXDYGOYACU,training_pool,1,5.82,5.82,5.82,False,False,0.0,1.0
KYLKTAXUOXQYNQ,training_pool,1,6.57,6.57,6.57,False,False,1.0,1.0
KYNAWJZJGXEMMS,training_pool,1,6.85,6.85,6.85,False,False,1.0,1.0
KYQWCQJWDVPXKY,training_pool,1,4.43,4.43,4.43,False,False,0.0,0.0
KYXDNECMRLFQMZ,training_pool,3,7.18,7.0,8.3,False,False,1.0,1.0
KYYUXUQATQOBES,training_pool,1,6.75,6.75,6.75,False,False,1.0,1.0
KZIVRPXSIUTGGU,training_pool,1,4.94,4.94,4.94,False,False,0.0,0.0
KZLZPWSBYMOFQV,training_pool,1,5.1,5.1,5.1,False,False,0.0,1.0
KZNGNTKISMAXAG,training_pool,3,5.89,5.75,7.7,True,False,,1.0
KZNIFHPLKGYRTM,flora,1,5.1,5.1,5.1,False,False,0.0,1.0
KZULJLQQIJRRSZ,training_pool,1,6.03,6.03,6.03,False,False,1.0,1.0
LACBINJSDGZDKB,training_pool,1,7.16,7.16,7.16,False,False,1.0,1.0
LAHNGPIIMDWGRL,training_pool,1,5.59,5.59,5.59,False,False,0.0,1.0
LAIGNYKUKZIXAV,training_pool,1,7.62,7.62,7.62,False,False,1.0,1.0
LAJQBTOAEXIFQO,training_pool,1,6.6,6.6,6.6,False,False,1.0,1.0
LARSPUWYVOGJFP,training_pool,1,5.68,5.68,5.68,False,False,0.0,1.0
LARVQAAGTBVQRP,training_pool,1,7.17,7.17,7.17,False,False,1.0,1.0
LAZRDZBRMYHKHU,training_pool,2,6.775,6.7,6.85,False,False,1.0,1.0
LBERFMPVPIOEOU,training_pool,1,6.01,6.01,6.01,False,False,1.0,1.0
LBNHCYQCKKBHGE,training_pool,1,5.77,5.77,5.77,False,False,0.0,1.0
LBOBDIFHWJHTNO,training_pool,1,7.75,7.75,7.75,False,False,1.0,1.0
LBRXLBPCLCHGHS,training_pool,1,5.92,5.92,5.92,False,False,0.0,1.0
LBYJPBNSKPQLQT,training_pool,1,6.01,6.01,6.01,False,False,1.0,1.0
LCAHQNCWAVCGEE,training_pool,1,8.4,8.4,8.4,False,False,1.0,1.0
LCBPHWBIGQTLTF,training_pool,1,9.0,9.0,9.0,False,False,1.0,1.0
LCBYKMOZFZMSHI,training_pool,2,4.925,4.81,5.04,False,False,0.0,0.0
LCCVBKWYQBQOJT,training_pool,1,7.52,7.52,7.52,False,False,1.0,1.0
LCFBUUQCWVWOHS,training_pool,1,7.29,7.29,7.29,False,False,1.0,1.0
LCMWUFLTMJGHMS,training_pool,2,4.99,4.98,5.0,False,False,0.0,0.0
LCWLZWRNZWPYIQ,training_pool,1,7.92,7.92,7.92,False,False,1.0,1.0
LDCMBBJYDFJBER,training_pool,1,6.85,6.85,6.85,False,False,1.0,1.0
LDGJKVNPVTZREL,training_pool,1,6.75,6.75,6.75,False,False,1.0,1.0
LDHUBXLXUIFIHD,training_pool,1,8.48,8.48,8.48,False,False,1.0,1.0
LDLLSJHERDZWTO,training_pool,1,5.56,5.56,5.56,False,False,0.0,1.0
LDRGHKIKWGOFGI,training_pool,1,5.21,5.21,5.21,False,False,0.0,1.0
LDTKUCHYCAUAFT,training_pool,1,5.92,5.92,5.92,False,False,0.0,1.0
LDZXPPRXMAXLIM,training_pool,1,6.44,6.44,6.44,False,False,1.0,1.0
LEBHTDYMZAMEEI,training_pool,1,7.05,7.05,7.05,False,False,1.0,1.0
LEHUSUMDRPMKOB,training_pool,1,5.58,5.58,5.58,False,False,0.0,1.0
LEOLCQBMJPZGMJ,training_pool,1,4.87,4.87,4.87,False,False,0.0,0.0
LEZAXGVGAFLQRL,training_pool,1,6.52,6.52,6.52,False,False,1.0,1.0
LEZMCPKCMGTGPE,training_pool,1,5.98,5.98,5.98,False,False,0.0,1.0
LFAOEGYOVSHAOO,training_pool,1,6.82,6.82,6.82,False,False,1.0,1.0
LFBINKZYFIKYAY,training_pool,1,6.82,6.82,6.82,False,False,1.0,1.0
LFESUWHPROTLEJ,training_pool,1,7.26,7.26,7.26,False,False,1.0,1.0
LFEYXCXOYJHQMW,training_pool,1,7.22,7.22,7.22,False,False,1.0,1.0
LFGYCFHPNSZFJR,training_pool,1,6.96,6.96,6.96,False,False,1.0,1.0
LFOCEOFBNPVEJE,training_pool,3,7.66,5.65,7.81,True,False,,1.0
LFTBTXRZYMBASU,training_pool,1,5.38,5.38,5.38,False,False,0.0,1.0
LFWHFZJPXXOYNR,training_pool,3,6.85,5.81,7.0,True,False,,1.0
LGEVLTJETXTQSY,training_pool,1,6.03,6.03,6.03,False,False,1.0,1.0
LGGMFKZOGJHXOR,training_pool,1,7.3,7.3,7.3,False,False,1.0,1.0
LGGOJTFFASIAEW,training_pool,1,5.3,5.3,5.3,False,False,0.0,1.0
LGKLGEAOVKHAOQ,training_pool,1,7.16,7.16,7.16,False,False,1.0,1.0
LGLNOLKJZSIGPL,training_pool,1,7.52,7.52,7.52,False,False,1.0,1.0
LGNBCPFDDGGNMY,training_pool,1,5.45,5.45,5.45,False,False,0.0,1.0
LGSPFYMTKYJRPR,training_pool,1,7.04,7.04,7.04,False,False,1.0,1.0
LGVZBTDYYYXPGR,training_pool,1,4.52,4.52,4.52,False,False,0.0,0.0
LGXFONKKRCFJMJ,training_pool,1,5.19,5.19,5.19,False,False,0.0,1.0
LHCKWZHVMBWHKK,training_pool,1,7.1,7.1,7.1,False,False,1.0,1.0
LHHQTSWMKWHJJH,training_pool,1,6.85,6.85,6.85,False,False,1.0,1.0
LHJHSVYCWBHMQI,training_pool,1,6.17,6.17,6.17,False,False,1.0,1.0
LHKFEOLLTSZNBK,training_pool,1,7.3,7.3,7.3,False,False,1.0,1.0
LHNZRFCNZXFKDK,training_pool,1,5.26,5.26,5.26,False,False,0.0,1.0
LHPHUWHRXSEAME,training_pool,1,5.52,5.52,5.52,False,False,0.0,1.0
LHPRYOJTASOZGJ,flora,1,4.65,4.65,4.65,False,False,0.0,0.0
LHPSJPVQZCEEJL,training_pool,1,7.1,7.1,7.1,False,False,1.0,1.0
LHULJLLNFWPBMG,training_pool,1,5.95,5.95,5.95,False,False,0.0,1.0
LIBPWQBUQQENPS,training_pool,1,6.66,6.66,6.66,False,False,1.0,1.0
LILPTCHQLRKZNG,training_pool,2,5.34,5.25,5.43,False,False,0.0,1.0
LIRIIFLFWXDDJY,training_pool,1,6.04,6.04,6.04,False,False,1.0,1.0
LIYDQWDBNPWLMK,training_pool,1,6.17,6.17,6.17,False,False,1.0,1.0
LIZFYTAPXBZGBM,training_pool,1,4.7,4.7,4.7,False,False,0.0,0.0
LIZRYQAKUCCMKN,training_pool,1,6.89,6.89,6.89,False,False,1.0,1.0
LJDAHEPYRINDLT,training_pool,1,6.51,6.51,6.51,False,False,1.0,1.0
LJEWMIJVETVYBW,training_pool,1,7.33,7.33,7.33,False,False,1.0,1.0
LJFWIXAKCDRBGT,training_pool,1,7.16,7.16,7.16,False,False,1.0,1.0
LJNRMZTVMWCJOD,training_pool,2,8.85,8.1,9.6,False,False,1.0,1.0
LJQZWLHYDKWZIL,training_pool,1,5.92,5.92,5.92,False,False,0.0,1.0
LJWCMUMGINZKAC,training_pool,1,5.82,5.82,5.82,False,False,0.0,1.0
LJZFPISJJGQZOB,training_pool,1,7.48,7.48,7.48,False,False,1.0,1.0
LKAKGBUKZCZEMT,training_pool,1,4.92,4.92,4.92,False,False,0.0,0.0
LKDQUKKEOTYRQL,training_pool,1,8.22,8.22,8.22,False,False,1.0,1.0
LKGHHHUFGXYFEN,training_pool,1,6.1,6.1,6.1,False,False,1.0,1.0
LKLASFRCXLTNMY,training_pool,1,5.01,5.01,5.01,False,False,0.0,1.0
LKNUWZRSDUDHEP,training_pool,1,7.72,7.72,7.72,False,False,1.0,1.0
LLCRQHGZDKIAJY,training_pool,2,6.925,6.05,7.8,False,False,1.0,1.0
LLGCHYSXNQYQPY,training_pool,1,6.61,6.61,6.61,False,False,1.0,1.0
LLKOJVHAJZHGDJ,training_pool,1,4.3,4.3,4.3,False,False,0.0,0.0
LLTQIUGVKZYADU,training_pool,1,5.82,5.82,5.82,False,False,0.0,1.0
LLUUVZZXTDQWCM,training_pool,1,8.22,8.22,8.22,False,False,1.0,1.0
LLYVAHPAINOJJV,training_pool,1,7.37,7.37,7.37,False,False,1.0,1.0
LLZZRIPYAFNCRW,training_pool,1,4.51,4.51,4.51,False,False,0.0,0.0
LMCHOJPQAZKODZ,training_pool,1,6.57,6.57,6.57,False,False,1.0,1.0
LMLIBGCGVNECIP,training_pool,1,7.82,7.82,7.82,False,False,1.0,1.0
LMPGKAHRTFPCEF,training_pool,1,5.06,5.06,5.06,False,False,0.0,1.0
LMUWOKDQRWCEQQ,training_pool,1,6.1,6.1,6.1,False,False,1.0,1.0
LMVUBDIWWHZROU,training_pool,2,6.24,5.42,7.06,True,False,,1.0
LMWPQPVQIFNCPV,training_pool,1,4.11,4.11,4.11,False,False,0.0,0.0
LMXUEHSXKXRDMD,training_pool,1,5.77,5.77,5.77,False,False,0.0,1.0
LMZDRYRJZROMAW,training_pool,1,6.73,6.73,6.73,False,False,1.0,1.0
LNBZOSZMSDXYFO,training_pool,1,4.58,4.58,4.58,False,False,0.0,0.0
LNJWJLARXOLAKQ,training_pool,1,6.13,6.13,6.13,False,False,1.0,1.0
LNPDTQAFDNKSHK,training_pool,8,7.02,6.18,8.3,False,False,1.0,1.0
LNSBOWGBLGUITB,training_pool,1,4.71,4.71,4.71,False,False,0.0,0.0
LNSVFPNEGUVNHH,training_pool,2,6.725,6.4,7.05,False,False,1.0,1.0
LNZYZAVDMUOOBN,training_pool,1,5.36,5.36,5.36,False,False,0.0,1.0
LOEPGBRKFZEPCZ,training_pool,1,4.48,4.48,4.48,False,False,0.0,0.0
LOMJZDAYSOUQHW,training_pool,1,5.1,5.1,5.1,False,False,0.0,1.0
LONRODHMYASWJQ,training_pool,1,7.24,7.24,7.24,False,False,1.0,1.0
LONXUDVWONZAOP,training_pool,1,6.92,6.92,6.92,False,False,1.0,1.0
LOSPPOPSQTVSGF,training_pool,1,4.85,4.85,4.85,False,False,0.0,0.0
LPCXGKFEWGKXLZ,training_pool,1,5.6,5.6,5.6,False,False,0.0,1.0
LPEPZBJOKDYZAD,training_pool,3,7.7,5.03,7.8,True,False,,1.0
LPFFZAPRSCUBPF,training_pool,2,6.79,5.66,7.92,True,False,,1.0
LPFGOLSPERPONH,training_pool,1,6.81,6.81,6.81,False,False,1.0,1.0
LPHGSZBNJHFWKT,training_pool,1,7.6,7.6,7.6,False,False,1.0,1.0
LPJODCPOHZMQAN,training_pool,1,5.92,5.92,5.92,False,False,0.0,1.0
LPMOIZYKKVHNKR,training_pool,1,6.55,6.55,6.55,False,False,1.0,1.0
LPUGRUAXJGJCMX,training_pool,1,5.2,5.2,5.2,False,False,0.0,1.0
LPZURWPKEZGETF,training_pool,1,4.59,4.59,4.59,False,False,0.0,0.0
LQCQNMOXSHPTQR,training_pool,1,4.68,4.68,4.68,False,False,0.0,0.0
LQGJOUJCLYWGNV,training_pool,1,4.45,4.45,4.45,False,False,0.0,0.0
LQGKOIBZDNJYFW,training_pool,1,4.07,4.07,4.07,False,False,0.0,0.0
LQIPAGPQDNZDDN,training_pool,1,7.22,7.22,7.22,False,False,1.0,1.0
LQIRCFRRNXOAKW,training_pool,1,4.68,4.68,4.68,False,False,0.0,0.0
LQJZREHSTLSKHX,training_pool,1,5.04,5.04,5.04,False,False,0.0,1.0
LQLMDXCOZKEIKB,training_pool,1,7.4,7.4,7.4,False,False,1.0,1.0
LQPFLKVMDLZLBB,training_pool,1,5.92,5.92,5.92,False,False,0.0,1.0
LQVFHCHIXRGDGH,training_pool,1,4.34,4.34,4.34,False,False,0.0,0.0
LRFFOZVQCFRNHJ,training_pool,1,5.4,5.4,5.4,False,False,0.0,1.0
LRFYZDLVWNMVTF,training_pool,1,5.82,5.82,5.82,False,False,0.0,1.0
LRGKBNQGXSOHEP,training_pool,1,6.3,6.3,6.3,False,False,1.0,1.0
LRNJMTBPKNEFGU,training_pool,1,6.38,6.38,6.38,False,False,1.0,1.0
LRNJNXWJQXEBKI,training_pool,1,6.62,6.62,6.62,False,False,1.0,1.0
LRNPQDCEBNEWQR,training_pool,1,6.74,6.74,6.74,False,False,1.0,1.0
LRUXPRYGFBWINI,training_pool,1,6.66,6.66,6.66,False,False,1.0,1.0
LRWHVVRSHKMVRN,training_pool,1,5.34,5.34,5.34,False,False,0.0,1.0
LRYVDYNQYBMNJP,training_pool,1,6.24,6.24,6.24,False,False,1.0,1.0
LSCBKQOZIVXZJF,training_pool,1,4.96,4.96,4.96,False,False,0.0,0.0
LSCWLQSJJYTOJH,training_pool,1,7.12,7.12,7.12,False,False,1.0,1.0
LSDIWADROFPVND,training_pool,1,5.52,5.52,5.52,False,False,0.0,1.0
LSRVZDWLTQYIEE,training_pool,1,6.89,6.89,6.89,False,False,1.0,1.0
LSRZQYMNLKGBCU,training_pool,1,5.12,5.12,5.12,False,False,0.0,1.0
LTAXFLQWGJQFJX,training_pool,1,5.96,5.96,5.96,False,False,0.0,1.0
LTICETBYOXBZNU,training_pool,1,6.47,6.47,6.47,False,False,1.0,1.0
LTKJWSBGTNWRNP,training_pool,1,6.2,6.2,6.2,False,False,1.0,1.0
LTKSOHROHPRZAS,training_pool,1,5.18,5.18,5.18,False,False,0.0,1.0
LTPKLHMGIZLZNP,training_pool,1,7.27,7.27,7.27,False,False,1.0,1.0
LTRGTHZIATYNCN,training_pool,1,6.6,6.6,6.6,False,False,1.0,1.0
LTRLIWRIEXVHDT,training_pool,1,4.75,4.75,4.75,False,False,0.0,0.0
LTVLTXKJASKRMD,training_pool,1,7.7,7.7,7.7,False,False,1.0,1.0
LTXBVACIOQGZGS,training_pool,1,7.62,7.62,7.62,False,False,1.0,1.0
LTZMRJVTUHQCFL,training_pool,1,7.43,7.43,7.43,False,False,1.0,1.0
LUEBUYOZFXVUAI,training_pool,1,6.05,6.05,6.05,False,False,1.0,1.0
LUJHBBKHUFVFIV,training_pool,1,5.38,5.38,5.38,False,False,0.0,1.0
LUKBXSAWLPMMSZ,flora,7,5.3,4.46,6.12,True,True,,
LUMUSZXTZZDHLH,training_pool,1,5.08,5.08,5.08,False,False,0.0,1.0
LUQJBJOLCWRJMQ,training_pool,1,7.65,7.65,7.65,False,False,1.0,1.0
LUUUIASZDUMJRX,training_pool,2,4.88,4.75,5.01,False,False,0.0,0.0
LUWOXMQWGOWQSN,training_pool,3,7.45,7.22,7.46,False,False,1.0,1.0
LVAHWVNKUBJEMX,training_pool,1,6.55,6.55,6.55,False,False,1.0,1.0
LVCISLFBKIUEBD,training_pool,1,8.3,8.3,8.3,False,False,1.0,1.0
LVOBPVDFMBILJC,training_pool,1,6.0,6.0,6.0,False,False,1.0,1.0
LVSCWEDTMWAASP,training_pool,1,7.99,7.99,7.99,False,False,1.0,1.0
LVVUJXALZRIHLB,training_pool,1,5.92,5.92,5.92,False,False,0.0,1.0
LVWVBJQPFAYETM,training_pool,1,5.33,5.33,5.33,False,False,0.0,1.0
LVXZYVWYUMVRQY,training_pool,1,6.77,6.77,6.77,False,False,1.0,1.0
LVZLWERZHBFTMD,training_pool,2,9.77,9.77,9.77,False,False,1.0,1.0
LWCNLCIZVGAIGY,training_pool,1,8.15,8.15,8.15,False,False,1.0,1.0
LWCZELSGXJVEFW,training_pool,1,6.68,6.68,6.68,False,False,1.0,1.0
LWFGVNBGXCJVOR,training_pool,1,6.72,6.72,6.72,False,False,1.0,1.0
LWIVKEAWCVURHR,training_pool,1,7.3,7.3,7.3,False,False,1.0,1.0
LWPSCKOHFHYVBN,training_pool,1,6.36,6.36,6.36,False,False,1.0,1.0
LWSWLSGAKCSXBP,training_pool,1,5.77,5.77,5.77,False,False,0.0,1.0
LWYGPWKTGZZUSU,training_pool,1,8.7,8.7,8.7,False,False,1.0,1.0
LWZBBNWYOITRHC,training_pool,1,9.4,9.4,9.4,False,False,1.0,1.0
LXAQAMCLZSMHIK,training_pool,1,6.85,6.85,6.85,False,False,1.0,1.0
LXDKKSWDQSFUPF,training_pool,1,4.75,4.75,4.75,False,False,0.0,0.0
LXIKEPCNDFVJKC,training_pool,1,6.57,6.57,6.57,False,False,1.0,1.0
LXKKOFJQZODRTG,training_pool,1,5.23,5.23,5.23,False,False,0.0,1.0
LXMUZMFQJGRVFW,training_pool,1,6.4,6.4,6.4,False,False,1.0,1.0
LXSCHSDXJBLOAB,training_pool,1,5.82,5.82,5.82,False,False,0.0,1.0
LXVKDWIVOBLGLG,training_pool,1,7.24,7.24,7.24,False,False,1.0,1.0
LYFOJIJVBYCQCL,training_pool,1,4.27,4.27,4.27,False,False,0.0,0.0
LYHTZPYTBPFEHF,training_pool,1,4.55,4.55,4.55,False,False,0.0,0.0
LYHZJXSHWQORNJ,training_pool,1,4.0,4.0,4.0,False,False,0.0,0.0
LYJNRGFCMLOFNV,training_pool,1,6.8,6.8,6.8,False,False,1.0,1.0
LYZNTGCVMWIGPU,training_pool,1,5.07,5.07,5.07,False,False,0.0,1.0
LZANUNYZIUOJOV,training_pool,1,5.83,5.83,5.83,False,False,0.0,1.0
LZCZACJWMQGJMA,training_pool,1,7.49,7.49,7.49,False,False,1.0,1.0
LZGBMIZREYTWRI,training_pool,1,7.77,7.77,7.77,False,False,1.0,1.0
LZIOBQUCZYZXLW,training_pool,1,7.0,7.0,7.0,False,False,1.0,1.0
LZMQTYJCNOSLHW,training_pool,1,6.33,6.33,6.33,False,False,1.0,1.0
LZOIEGWIVVWHNS,training_pool,1,8.52,8.52,8.52,False,False,1.0,1.0
LZXMBLJFRRLXHY,training_pool,1,6.11,6.11,6.11,False,False,1.0,1.0
LZXSTYYHVULMPO,training_pool,2,5.2,4.29,6.11,True,True,,
MAKADFGVDFFLRX,training_pool,1,6.68,6.68,6.68,False,False,1.0,1.0
MALXHVGKGSHLTJ,training_pool,1,4.41,4.41,4.41,False,False,0.0,0.0
MANIVYIOWWWTCT,training_pool,1,6.88,6.88,6.88,False,False,1.0,1.0
MANXWVSKLAIORX,training_pool,1,7.52,7.52,7.52,False,False,1.0,1.0
MAXGWTGCLOXELV,training_pool,2,6.215,5.33,7.1,True,False,,1.0
MAXKHVJHGOPIOQ,training_pool,1,6.58,6.58,6.58,False,False,1.0,1.0
MBABADMQCLGYMQ,training_pool,1,8.4,8.4,8.4,False,False,1.0,1.0
MBLSUSPJGSASBD,training_pool,1,6.72,6.72,6.72,False,False,1.0,1.0
MBNWVFOQUTWRQT,training_pool,1,6.33,6.33,6.33,False,False,1.0,1.0
MBOQAIMZTKXXRX,training_pool,1,5.78,5.78,5.78,False,False,0.0,1.0
MBRLOUHOWLUMFF,flora,1,4.09,4.09,4.09,False,False,0.0,0.0
MBUIIOVYVHAZOU,training_pool,1,8.52,8.52,8.52,False,False,1.0,1.0
MBVQFYXELMNIPW,training_pool,1,4.73,4.73,4.73,False,False,0.0,0.0
MBWOCQLTCWTIJE,training_pool,1,5.1,5.1,5.1,False,False,0.0,1.0
MBYVVQGJJDBRKH,training_pool,1,6.4,6.4,6.4,False,False,1.0,1.0
MCTCSZBTSDOEPC,training_pool,1,5.11,5.11,5.11,False,False,0.0,1.0
MCTHHGHLYCCDGJ,training_pool,1,4.48,4.48,4.48,False,False,0.0,0.0
MDGSIXWVTVQBGH,training_pool,1,5.26,5.26,5.26,False,False,0.0,1.0
MDKGKXOCJGEUJW,flora,1,5.56,5.56,5.56,False,False,0.0,1.0
MDNGVNGUCZXHHC,training_pool,1,6.64,6.64,6.64,False,False,1.0,1.0
MDPLMYQXEDAJJV,training_pool,1,6.38,6.38,6.38,False,False,1.0,1.0
MDPPXDRCGARZBD,training_pool,1,4.34,4.34,4.34,False,False,0.0,0.0
MDPRFMFQKOLHCO,training_pool,1,6.36,6.36,6.36,False,False,1.0,1.0
MDTQSLYCRROGCG,training_pool,1,6.24,6.24,6.24,False,False,1.0,1.0
MDXVCUBLSHDMMN,training_pool,1,5.31,5.31,5.31,False,False,0.0,1.0
MEAMLMDMYOLDGW,training_pool,1,6.96,6.96,6.96,False,False,1.0,1.0
MEBSTASXWKTLJD,training_pool,1,6.8,6.8,6.8,False,False,1.0,1.0
MEIHFWBAEBWTRG,training_pool,1,5.95,5.95,5.95,False,False,0.0,1.0
MENRGUAZSOWTNZ,training_pool,1,6.77,6.77,6.77,False,False,1.0,1.0
MEVLONRWNXJOFR,training_pool,1,5.88,5.88,5.88,False,False,0.0,1.0
MFENGLRKGXXHLI,training_pool,1,4.46,4.46,4.46,False,False,0.0,0.0
MFMFPPBXXOYIFD,training_pool,1,5.01,5.01,5.01,False,False,0.0,1.0
MFMYNHRVBRHSFP,training_pool,2,6.734999999999999,6.62,6.85,False,False,1.0,1.0
MFNPKZBKWKGSLK,training_pool,1,7.0,7.0,7.0,False,False,1.0,1.0
MFWPLPXYGKCRTE,training_pool,1,6.4,6.4,6.4,False,False,1.0,1.0
MGKBPLMUAUASJU,training_pool,1,5.15,5.15,5.15,False,False,0.0,1.0
MGQFLTSBNYAGOS,training_pool,1,6.52,6.52,6.52,False,False,1.0,1.0
MGTLMNAGSMWLBU,training_pool,1,8.05,8.05,8.05,False,False,1.0,1.0
MGXJLOSAFVXSRA,training_pool,1,6.1,6.1,6.1,False,False,1.0,1.0
MHGZSKAUAPUHJN,training_pool,2,7.12,7.08,7.16,False,False,1.0,1.0
MHIKNCMHNKLWMA,training_pool,1,5.39,5.39,5.39,False,False,0.0,1.0
MHJVHHDYFYUDQQ,training_pool,1,5.85,5.85,5.85,False,False,0.0,1.0
MIGCLPHEGAEITL,training_pool,3,6.08,5.63,6.94,True,False,,1.0
MIJYXULNPSFWEK,flora,1,4.06,4.06,4.06,False,False,0.0,0.0
MIMJSJSRRDZIPW,training_pool,1,7.07,7.07,7.07,False,False,1.0,1.0
MIOCGGZLPFHSEZ,training_pool,1,5.19,5.19,5.19,False,False,0.0,1.0
MISABCOQMALEGL,training_pool,1,7.03,7.03,7.03,False,False,1.0,1.0
MITGKKFYIJJQGL,training_pool,1,6.64,6.64,6.64,False,False,1.0,1.0
MIXPATJWNGBREU,training_pool,1,5.4,5.4,5.4,False,False,0.0,1.0
MJBCXYSMDCRJFM,training_pool,1,5.1,5.1,5.1,False,False,0.0,1.0
MJFQIAOXMSGAGY,training_pool,1,6.51,6.51,6.51,False,False,1.0,1.0
MJHUOIKFZJDXDI,training_pool,1,6.52,6.52,6.52,False,False,1.0,1.0
MJIRHAUHJSGORB,training_pool,1,6.77,6.77,6.77,False,False,1.0,1.0
MJIYMVAOCJAEGK,training_pool,1,6.2,6.2,6.2,False,False,1.0,1.0
MJJXJUPQHWMPFM,training_pool,1,4.94,4.94,4.94,False,False,0.0,0.0
MJNJDEOIGYUNBO,training_pool,1,5.89,5.89,5.89,False,False,0.0,1.0
MJVAKULOJYYPNG,training_pool,2,7.08,6.46,7.7,False,False,1.0,1.0
MJYFZLDUXODMFR,training_pool,1,5.75,5.75,5.75,False,False,0.0,1.0
MKFHCOCWLKUAMC,training_pool,1,6.77,6.77,6.77,False,False,1.0,1.0
MKRGNKRNZLHINT,training_pool,1,4.94,4.94,4.94,False,False,0.0,0.0
MKTRJMGZCKBWGA,training_pool,1,4.4,4.4,4.4,False,False,0.0,0.0
MLCFBCIZCFRFEX,training_pool,1,4.44,4.44,4.44,False,False,0.0,0.0
MLFYMBALEIQTEJ,training_pool,1,7.26,7.26,7.26,False,False,1.0,1.0
MLKSGXKAXCYKFO,training_pool,1,7.22,7.22,7.22,False,False,1.0,1.0
MLKXDPUZXIRXEP,training_pool,1,5.06,5.06,5.06,False,False,0.0,1.0
MLMLPWLYLBZYSZ,training_pool,2,6.49,6.48,6.5,False,False,1.0,1.0
MLPPOAYZOPVCEA,training_pool,1,4.06,4.06,4.06,False,False,0.0,0.0
MLUHDVSELBSKPI,training_pool,1,5.0,5.0,5.0,False,False,0.0,1.0
MLWJETUPDUDOTM,training_pool,1,4.42,4.42,4.42,False,False,0.0,0.0
MLWNUESLTIUJNZ,training_pool,2,6.3,5.3,7.3,True,False,,1.0
MMAPSODFYGLEJI,training_pool,1,7.85,7.85,7.85,False,False,1.0,1.0
MMDDHOZYUASFIP,training_pool,1,6.09,6.09,6.09,False,False,1.0,1.0
MMEXFIABAUHKQL,training_pool,1,5.92,5.92,5.92,False,False,0.0,1.0
MMEYELFGJMQHKW,training_pool,2,6.470000000000001,6.28,6.66,False,False,1.0,1.0
MMFDGNFJWCZDAG,training_pool,1,5.25,5.25,5.25,False,False,0.0,1.0
MMJLRUBBALAUKY,training_pool,1,4.09,4.09,4.09,False,False,0.0,0.0
MMJMCDHJIWTTJX,training_pool,1,5.44,5.44,5.44,False,False,0.0,1.0
MMWWBFVDWFUERO,training_pool,1,5.52,5.52,5.52,False,False,0.0,1.0
MNDUVRUPJAVINM,training_pool,1,5.1,5.1,5.1,False,False,0.0,1.0
MNEGJUFMXCJITI,training_pool,1,6.0,6.0,6.0,False,False,1.0,1.0
MNGXGRGZKCYDFM,training_pool,1,9.0,9.0,9.0,False,False,1.0,1.0
MNJVRJDLRVPLFE,training_pool,10,6.3149999999999995,5.7,7.16,True,False,,1.0
MNOONXYZUAAMRR,training_pool,1,7.64,7.64,7.64,False,False,1.0,1.0
MOCJJBLAAWLLDR,training_pool,2,7.0,7.0,7.0,False,False,1.0,1.0
MOEZJNXQRZNQEM,training_pool,1,5.23,5.23,5.23,False,False,0.0,1.0
MOGXNNBWUGBVPI,training_pool,1,7.16,7.16,7.16,False,False,1.0,1.0
MOHDZQZQSPHTQA,training_pool,1,6.16,6.16,6.16,False,False,1.0,1.0
MOKOWIRMYMOJLV,training_pool,1,7.63,7.63,7.63,False,False,1.0,1.0
MOMYWNZOSHEDCN,training_pool,1,5.26,5.26,5.26,False,False,0.0,1.0
MOPCULHUZRPBDL,training_pool,1,7.89,7.89,7.89,False,False,1.0,1.0
MOSZQGQUUKSTCW,training_pool,1,6.19,6.19,6.19,False,False,1.0,1.0
MOTNQMLZPQLTFA,training_pool,1,4.87,4.87,4.87,False,False,0.0,0.0
MOUXKUZTYJCPES,training_pool,1,4.37,4.37,4.37,False,False,0.0,0.0
MOXNAMUAHAVQHG,training_pool,1,6.8,6.8,6.8,False,False,1.0,1.0
MPDFLWPEZWWSLK,training_pool,2,6.609999999999999,6.6,6.62,False,False,1.0,1.0
MPHUNBLFEKLVLF,training_pool,1,7.89,7.89,7.89,False,False,1.0,1.0
MPIPFAPMXOMPJC,training_pool,1,4.16,4.16,4.16,False,False,0.0,0.0
MPJYOPKKQPYVHK,training_pool,2,4.84,4.38,5.3,False,False,0.0,0.0
MPLQIVYOLUADTB,training_pool,1,7.02,7.02,7.02,False,False,1.0,1.0
MPQROXMYWXHWMG,training_pool,1,7.0,7.0,7.0,False,False,1.0,1.0
MPSSPWJTHOFOCH,training_pool,1,6.47,6.47,6.47,False,False,1.0,1.0
MPUDTYAJIZVZRO,training_pool,1,4.7,4.7,4.7,False,False,0.0,0.0
MPVPOTMPKLOUHZ,training_pool,1,6.96,6.96,6.96,False,False,1.0,1.0
MQDBPGDTEFZXSO,training_pool,1,7.37,7.37,7.37,False,False,1.0,1.0
MQOUTWWGQSEUCT,training_pool,1,5.05,5.05,5.05,False,False,0.0,1.0
MQPLMBSDWYIIID,training_pool,3,7.35,6.8,7.5,False,False,1.0,1.0
MQPNWTWUFHKHTK,training_pool,1,6.27,6.27,6.27,False,False,1.0,1.0
MQQQZZQXRFMAFM,training_pool,1,7.3,7.3,7.3,False,False,1.0,1.0
MQUSSEMZSSGDLR,training_pool,1,5.83,5.83,5.83,False,False,0.0,1.0
MQWARLALXCOJKW,training_pool,1,6.77,6.77,6.77,False,False,1.0,1.0
MQZMOJGPULPIFR,training_pool,1,6.33,6.33,6.33,False,False,1.0,1.0
MRBBFOWSPXHYQT,training_pool,1,4.97,4.97,4.97,False,False,0.0,0.0
MRBFULQPDSHXRX,training_pool,1,5.26,5.26,5.26,False,False,0.0,1.0
MRENYPMYWJFVJG,training_pool,1,4.76,4.76,4.76,False,False,0.0,0.0
MRGJSXNQCOVHTJ,training_pool,1,7.3,7.3,7.3,False,False,1.0,1.0
MRKWZKWCOFETNQ,training_pool,1,6.3,6.3,6.3,False,False,1.0,1.0
MRNRVSVVJPXSPO,training_pool,1,5.68,5.68,5.68,False,False,0.0,1.0
MRNTVKMJZZRJHO,training_pool,1,5.05,5.05,5.05,False,False,0.0,1.0
MRRSCCZDIPUBAA,training_pool,1,5.71,5.71,5.71,False,False,0.0,1.0
MRSJGZOHZHYGIE,training_pool,1,5.35,5.35,5.35,False,False,0.0,1.0
MRZJHBWKQGPMGI,training_pool,1,4.3,4.3,4.3,False,False,0.0,0.0
MSBASIVDVWMLRO,training_pool,1,5.4,5.4,5.4,False,False,0.0,1.0
MSDNZYYYRWSHGH,training_pool,1,6.54,6.54,6.54,False,False,1.0,1.0
MSFIFMOBKMAINX,training_pool,1,5.78,5.78,5.78,False,False,0.0,1.0
MSGXHTVUTKOMNK,training_pool,1,6.29,6.29,6.29,False,False,1.0,1.0
MSIUEGZCHSPMEQ,training_pool,1,5.79,5.79,5.79,False,False,0.0,1.0
MSJCRERFWLBIPT,training_pool,1,5.7,5.7,5.7,False,False,0.0,1.0
MSKAWBBFSHBBTI,training_pool,1,4.86,4.86,4.86,False,False,0.0,0.0
MSUCZAQRBMNZKQ,training_pool,3,7.0,5.6,8.3,True,False,,1.0
MSULOQJDYOQZPZ,training_pool,1,7.89,7.89,7.89,False,False,1.0,1.0
MSZINACGMWACHB,training_pool,1,8.05,8.05,8.05,False,False,1.0,1.0
MTEVIWQEJKSARM,training_pool,1,6.55,6.55,6.55,False,False,1.0,1.0
MTPQCSUYJXVPPH,training_pool,2,7.0,6.7,7.3,False,False,1.0,1.0
MTQACUMKCYNEBR,training_pool,1,5.71,5.71,5.71,False,False,0.0,1.0
MTVAVVIWMMYFTG,training_pool,1,7.7,7.7,7.7,False,False,1.0,1.0
MTVXRRAAXZXGQT,training_pool,1,5.24,5.24,5.24,False,False,0.0,1.0
MUBCEZUXQKGARZ,training_pool,1,8.6,8.6,8.6,False,False,1.0,1.0
MUGCQDUJQZLPRQ,training_pool,1,8.3,8.3,8.3,False,False,1.0,1.0
MUMVVBYPWGEYJF,training_pool,1,6.4,6.4,6.4,False,False,1.0,1.0
MUPUVZURJIFBCJ,training_pool,1,6.64,6.64,6.64,False,False,1.0,1.0
MVBUGWLXDZDDRL,training_pool,1,5.19,5.19,5.19,False,False,0.0,1.0
MVHXINROGSSELN,training_pool,1,4.46,4.46,4.46,False,False,0.0,0.0
MVNQQZTYQNXAOZ,training_pool,1,8.05,8.05,8.05,False,False,1.0,1.0
MVNYBOJLGGJSSZ,training_pool,1,5.18,5.18,5.18,False,False,0.0,1.0
MVWIFDDJQANEGY,training_pool,1,6.03,6.03,6.03,False,False,1.0,1.0
MVYYWMHXUMHPJR,training_pool,1,5.52,5.52,5.52,False,False,0.0,1.0
MVZNVBXATDCMMJ,training_pool,1,6.44,6.44,6.44,False,False,1.0,1.0
MWBPTDYGJJSODU,training_pool,1,7.68,7.68,7.68,False,False,1.0,1.0
MWERCMBDYBQURK,training_pool,1,6.12,6.12,6.12,False,False,1.0,1.0
MWFWKGNWPBGOPC,training_pool,1,5.08,5.08,5.08,False,False,0.0,1.0
MWJHAGJIVBGATF,training_pool,1,5.96,5.96,5.96,False,False,0.0,1.0
MWMUWFYVVDLFNG,training_pool,1,6.5,6.5,6.5,False,False,1.0,1.0
MWOJWUBBCZRMTB,training_pool,1,4.26,4.26,4.26,False,False,0.0,0.0
MWWIDYNYLZQEQP,training_pool,1,4.8,4.8,4.8,False,False,0.0,0.0
MWWZLHGYBXZQLA,training_pool,1,5.02,5.02,5.02,False,False,0.0,1.0
MXCCEJSRHCXZMV,training_pool,1,5.44,5.44,5.44,False,False,0.0,1.0
MXFFARYYXUHQEA,training_pool,1,4.3,4.3,4.3,False,False,0.0,0.0
MXTWADCRLRQMDW,training_pool,1,5.83,5.83,5.83,False,False,0.0,1.0
MXUVLAFSNJIUJM,training_pool,1,5.7,5.7,5.7,False,False,0.0,1.0
MXYMZMWHURGZDX,training_pool,1,5.6,5.6,5.6,False,False,0.0,1.0
MYBJIOJLCOWPHU,training_pool,1,4.74,4.74,4.74,False,False,0.0,0.0
MYEFALZXNPDAAK,training_pool,1,5.02,5.02,5.02,False,False,0.0,1.0
MYFWDGLYSFUJJV,training_pool,2,5.77,5.58,5.96,False,False,0.0,1.0
MYGWYBXAUVGDHC,training_pool,1,6.95,6.95,6.95,False,False,1.0,1.0
MYNMGQGXYYHMEX,training_pool,1,5.26,5.26,5.26,False,False,0.0,1.0
MYQZUPQRMFHKML,training_pool,1,6.96,6.96,6.96,False,False,1.0,1.0
MYRXPQNHKXKXMD,training_pool,1,6.64,6.64,6.64,False,False,1.0,1.0
MZBGWQASMHNMKF,training_pool,1,6.25,6.25,6.25,False,False,1.0,1.0
MZIGZAUPIQLDMX,training_pool,1,4.27,4.27,4.27,False,False,0.0,0.0
MZLSZDVGCWNHOG,training_pool,1,5.07,5.07,5.07,False,False,0.0,1.0
MZWJCYFBKVRINA,training_pool,1,5.57,5.57,5.57,False,False,0.0,1.0
MZYVXHNMYUXVMU,training_pool,4,6.105,4.8,7.28,True,True,,
NAORRMPCCHXHJL,training_pool,1,5.1,5.1,5.1,False,False,0.0,1.0
NATBBDVYNBNABG,training_pool,1,7.77,7.77,7.77,False,False,1.0,1.0
NAWWYLUQZOLWBT,training_pool,2,8.1,8.1,8.1,False,False,1.0,1.0
NAXOHZXAVASIPN,training_pool,1,6.82,6.82,6.82,False,False,1.0,1.0
NAZLHSFOMVGUEE,training_pool,1,7.17,7.17,7.17,False,False,1.0,1.0
NBFWCKDCNWFWSH,training_pool,1,6.32,6.32,6.32,False,False,1.0,1.0
NBGCIRJUCBFWMT,training_pool,1,7.12,7.12,7.12,False,False,1.0,1.0
NBIGPKBERNTXMC,training_pool,1,5.66,5.66,5.66,False,False,0.0,1.0
NBKHZGMXDNWOLL,training_pool,1,6.52,6.52,6.52,False,False,1.0,1.0
NBOPYOBZQNDPOJ,training_pool,1,4.57,4.57,4.57,False,False,0.0,0.0
NBRRSNYUBGWBFW,training_pool,1,5.74,5.74,5.74,False,False,0.0,1.0
NBSRUZQXRUNPNY,training_pool,1,5.05,5.05,5.05,False,False,0.0,1.0
NBWUXYDEYSKQGH,training_pool,1,4.88,4.88,4.88,False,False,0.0,0.0
NCBVUSNBLYMFPP,training_pool,1,5.06,5.06,5.06,False,False,0.0,1.0
NCGZEJDESNLOTM,training_pool,1,7.3,7.3,7.3,False,False,1.0,1.0
NCLGGXJAJLQACH,training_pool,1,6.66,6.66,6.66,False,False,1.0,1.0
NCLSKVQOUAAIPQ,training_pool,1,4.38,4.38,4.38,False,False,0.0,0.0
NCLXDTQUTLFXHC,training_pool,1,6.11,6.11,6.11,False,False,1.0,1.0
NCQAPPLITRJWMF,training_pool,1,6.96,6.96,6.96,False,False,1.0,1.0
NCQJSDIBVNYQPN,training_pool,1,6.03,6.03,6.03,False,False,1.0,1.0
NCSJZFZCTVLTID,training_pool,1,4.7,4.7,4.7,False,False,0.0,0.0
NCYNUGBKDQITPZ,training_pool,1,5.72,5.72,5.72,False,False,0.0,1.0
NDEHDMRZWMNMPY,training_pool,1,4.88,4.88,4.88,False,False,0.0,0.0
NDFGGUPYXLPASQ,training_pool,1,5.41,5.41,5.41,False,False,0.0,1.0
NDKPKOACXIITRW,training_pool,1,5.99,5.99,5.99,False,False,0.0,1.0
NDKYEPMSJMCRHM,training_pool,2,6.805,5.39,8.22,True,False,,1.0
NDLMVZATUZAJOJ,training_pool,1,6.0,6.0,6.0,False,False,1.0,1.0
NDPZCTZWDTWVHJ,training_pool,1,7.24,7.24,7.24,False,False,1.0,1.0
NDSYTMKGLSDBIA,training_pool,1,4.99,4.99,4.99,False,False,0.0,0.0
NDXVNFXIIDXXNL,training_pool,1,5.03,5.03,5.03,False,False,0.0,1.0
NDYAJSQDIBXWKL,training_pool,1,5.3,5.3,5.3,False,False,0.0,1.0
NEACQHJUFCVZIJ,training_pool,1,6.68,6.68,6.68,False,False,1.0,1.0
NEIASVUIJSXLSS,training_pool,1,6.01,6.01,6.01,False,False,1.0,1.0
NEICYFZPWIYMDP,training_pool,1,5.76,5.76,5.76,False,False,0.0,1.0
NENVFGXZTXDKIF,training_pool,1,7.68,7.68,7.68,False,False,1.0,1.0
NEYXQTHAJOXEMM,training_pool,1,5.68,5.68,5.68,False,False,0.0,1.0
NFAOTHFCMQTMIR,training_pool,1,5.33,5.33,5.33,False,False,0.0,1.0
NFIZHCSUFDWBDO,training_pool,1,6.05,6.05,6.05,False,False,1.0,1.0
NFJFOCDCCGFTGX,training_pool,1,7.39,7.39,7.39,False,False,1.0,1.0
NFKOLWDPFYXKNG,training_pool,1,6.34,6.34,6.34,False,False,1.0,1.0
NFRYFKOUAODBAF,training_pool,3,6.17,5.61,6.6,False,False,1.0,1.0
NFYQKXQNDHXFMV,training_pool,1,5.96,5.96,5.96,False,False,0.0,1.0
NGMLZRLOVANOEB,training_pool,1,5.22,5.22,5.22,False,False,0.0,1.0
NGNCYKYEUMTPQX,training_pool,1,5.04,5.04,5.04,False,False,0.0,1.0
NGSUXYCPXVDDLD,training_pool,1,7.13,7.13,7.13,False,False,1.0,1.0
NHAFPIODNRDSPX,training_pool,1,4.8,4.8,4.8,False,False,0.0,0.0
NHGLUMVRJDITTP,training_pool,1,7.12,7.12,7.12,False,False,1.0,1.0
NHIQJWMLLFFTCU,training_pool,1,5.92,5.92,5.92,False,False,0.0,1.0
NHLJHJZGXAAQEQ,training_pool,1,6.82,6.82,6.82,False,False,1.0,1.0
NHOQYMSDENUHMU,training_pool,1,7.55,7.55,7.55,False,False,1.0,1.0
NHWBUIULKLBZEC,training_pool,2,8.165,7.65,8.68,False,False,1.0,1.0
NHXGXIWPSBSNHK,training_pool,1,5.76,5.76,5.76,False,False,0.0,1.0
NHXJYIFPYTZJPY,training_pool,1,7.0,7.0,7.0,False,False,1.0,1.0
NHYDZAXXUQBSOR,training_pool,2,6.25,5.8,6.7,False,False,1.0,1.0
NHYPPBCIAHGQDU,training_pool,1,7.21,7.21,7.21,False,False,1.0,1.0
NHZNBDWVFFDKNQ,training_pool,1,7.77,7.77,7.77,False,False,1.0,1.0
NIDOYRIUFNGOLJ,training_pool,1,6.88,6.88,6.88,False,False,1.0,1.0
NIGPWMZMRKTFGZ,training_pool,1,5.66,5.66,5.66,False,False,0.0,1.0
NIIDDNSFIRMDHH,training_pool,1,6.68,6.68,6.68,False,False,1.0,1.0
NIKCPSATYGTTMA,training_pool,1,4.95,4.95,4.95,False,False,0.0,0.0
NILPISAXGNKXKO,training_pool,1,6.01,6.01,6.01,False,False,1.0,1.0
NIMMNBHTAIIQRY,training_pool,1,6.24,6.24,6.24,False,False,1.0,1.0
NIPFGFUNZKNMAE,training_pool,1,5.4,5.4,5.4,False,False,0.0,1.0
NIUAGEVCVWHMTA,training_pool,1,5.28,5.28,5.28,False,False,0.0,1.0
NJEYVIOLSUDNCU,training_pool,1,5.54,5.54,5.54,False,False,0.0,1.0
NJRWCOYNVWNLFS,training_pool,1,4.04,4.04,4.04,False,False,0.0,0.0
NJTXRMNNSUDISW,training_pool,1,4.41,4.41,4.41,False,False,0.0,0.0
NJUWUIVNANIRAU,training_pool,1,5.29,5.29,5.29,False,False,0.0,1.0
NKFUGHMWDKIDBC,training_pool,1,7.4,7.4,7.4,False,False,1.0,1.0
NKUOAUGERCLVBY,training_pool,1,7.3,7.3,7.3,False,False,1.0,1.0
NKZWEPFMZIHOQD,training_pool,1,5.18,5.18,5.18,False,False,0.0,1.0
NLAKQXKFGZXZNK,training_pool,1,8.7,8.7,8.7,False,False,1.0,1.0
NLPCADSXKOYQIB,training_pool,1,4.33,4.33,4.33,False,False,0.0,0.0
NLYCOISOOAHTQJ,training_pool,1,4.12,4.12,4.12,False,False,0.0,0.0
NMMUPISIPKSYHD,training_pool,1,5.52,5.52,5.52,False,False,0.0,1.0
NMOJAXQDSULNMZ,training_pool,1,5.96,5.96,5.96,False,False,0.0,1.0
NMSJRWUGJMSTET,training_pool,1,7.64,7.64,7.64,False,False,1.0,1.0
NMTVGDDVOYKQAB,training_pool,1,5.01,5.01,5.01,False,False,0.0,1.0
NNMYUEIQQGJWFO,training_pool,1,5.46,5.46,5.46,False,False,0.0,1.0
NNQZZZKSYAIGAN,training_pool,1,5.66,5.66,5.66,False,False,0.0,1.0
NNVCGCWOBZTSDJ,training_pool,1,6.77,6.77,6.77,False,False,1.0,1.0
NNYBQONXHNTVIJ,training_pool,3,6.25,5.7,8.03,True,False,,1.0
NNYUERRILBRDOE,training_pool,1,5.99,5.99,5.99,False,False,0.0,1.0
NOAYGFSHPGJMKH,training_pool,1,6.55,6.55,6.55,False,False,1.0,1.0
NONBXOPYDWLZGR,training_pool,4,7.26,7.08,7.7,False,False,1.0,1.0
NOOCCRPENBRCIC,training_pool,1,5.21,5.21,5.21,False,False,0.0,1.0
NORXTKKBBVZTOX,training_pool,1,6.82,6.82,6.82,False,False,1.0,1.0
NOUUHOHFFJKTMS,training_pool,1,6.82,6.82,6.82,False,False,1.0,1.0
NOXNLYKGQJFVEK,training_pool,1,6.11,6.11,6.11,False,False,1.0,1.0
NPBDUTLFYHHPSB,training_pool,1,4.49,4.49,4.49,False,False,0.0,0.0
NPFBGJGIMZERER,training_pool,1,6.98,6.98,6.98,False,False,1.0,1.0
NPFSJHMTRJMHMU,training_pool,1,5.81,5.81,5.81,False,False,0.0,1.0
NPINLLGVZGUOIN,training_pool,1,5.9,5.9,5.9,False,False,0.0,1.0
NPNBSWGEGKXDPD,training_pool,1,7.0,7.0,7.0,False,False,1.0,1.0
NPNBUOXUGRQLNO,training_pool,1,5.24,5.24,5.24,False,False,0.0,1.0
NPNITAUBTSROKF,training_pool,1,6.0,6.0,6.0,False,False,1.0,1.0
NPNLCSOKMGDMTG,training_pool,1,5.06,5.06,5.06,False,False,0.0,1.0
NPOAKDNVUFRFCB,training_pool,1,4.93,4.93,4.93,False,False,0.0,0.0
NQBLWLZRXDUOTJ,training_pool,1,5.34,5.34,5.34,False,False,0.0,1.0
NQCRDZZYABQDAY,training_pool,1,5.52,5.52,5.52,False,False,0.0,1.0
NQEBHDNBJGTJKX,training_pool,1,5.02,5.02,5.02,False,False,0.0,1.0
NQFPPLQMJWSZIE,training_pool,1,4.95,4.95,4.95,False,False,0.0,0.0
NQHQSRIKOQLGPT,training_pool,1,7.96,7.96,7.96,False,False,1.0,1.0
NQQVUZZJFPIUBG,training_pool,2,6.265000000000001,6.2,6.33,False,False,1.0,1.0
NRDMBIXJSQRGSD,training_pool,1,6.48,6.48,6.48,False,False,1.0,1.0
NRDQTBHLWXVCDM,training_pool,1,6.71,6.71,6.71,False,False,1.0,1.0
NRHIQVOTOADHAI,training_pool,1,6.05,6.05,6.05,False,False,1.0,1.0
NRJOYHYYECHFEN,training_pool,1,6.39,6.39,6.39,False,False,1.0,1.0
NRXNITPRTPIEKU,training_pool,2,6.234999999999999,5.77,6.7,False,False,1.0,1.0
NSGSIJZIRIBNEM,training_pool,1,4.96,4.96,4.96,False,False,0.0,0.0
NSHASKBILXHBTO,training_pool,1,6.21,6.21,6.21,False,False,1.0,1.0
NSHHMWCQJXIHES,training_pool,1,6.23,6.23,6.23,False,False,1.0,1.0
NSJUWRLCXVJHGO,training_pool,1,5.09,5.09,5.09,False,False,0.0,1.0
NSKFZVRZALCZND,training_pool,1,6.72,6.72,6.72,False,False,1.0,1.0
NSOLEUGGZJTHNS,training_pool,2,7.43,7.16,7.7,False,False,1.0,1.0
NSOLIUGYNSIONV,training_pool,1,6.27,6.27,6.27,False,False,1.0,1.0
NSQNZEUFHPTJME,training_pool,2,8.675,8.0,9.35,False,False,1.0,1.0
NSRMOHFGSWCCFK,training_pool,1,6.29,6.29,6.29,False,False,1.0,1.0
NTDQQZYCCIDJRK,training_pool,1,5.54,5.54,5.54,False,False,0.0,1.0
NTESWYRKYSNDOQ,training_pool,1,7.04,7.04,7.04,False,False,1.0,1.0
NTHXVKSHJIPMOJ,training_pool,1,7.4,7.4,7.4,False,False,1.0,1.0
NTJGLGFVEIFCOX,training_pool,1,6.92,6.92,6.92,False,False,1.0,1.0
NTJUKOBMYGBALR,training_pool,1,8.7,8.7,8.7,False,False,1.0,1.0
NTKUSYKGZFVEAL,training_pool,1,6.4,6.4,6.4,False,False,1.0,1.0
NTNQMVISBBFDRT,training_pool,3,7.07,6.06,7.16,False,False,1.0,1.0
NTVDNFZZUDOSTQ,training_pool,1,4.18,4.18,4.18,False,False,0.0,0.0
NTVJZYVURSEDAR,training_pool,1,5.77,5.77,5.77,False,False,0.0,1.0
NUBWFZSIZCXUPS,training_pool,1,6.0,6.0,6.0,False,False,1.0,1.0
NUDDJTVUTAHDEI,training_pool,1,6.64,6.64,6.64,False,False,1.0,1.0
NUFMTZZTLFDKAV,training_pool,1,5.02,5.02,5.02,False,False,0.0,1.0
NUMUEXSPNCTXEK,training_pool,1,6.47,6.47,6.47,False,False,1.0,1.0
NUPLHQVECFWOTQ,training_pool,1,6.18,6.18,6.18,False,False,1.0,1.0
NURGVZYLZIHTFO,training_pool,1,7.82,7.82,7.82,False,False,1.0,1.0
NUSHRLJQJJMSGL,training_pool,1,6.3,6.3,6.3,False,False,1.0,1.0
NUTMENHCDQQVFK,training_pool,1,7.52,7.52,7.52,False,False,1.0,1.0
NUWWHYSJFNQYIP,training_pool,1,7.32,7.32,7.32,False,False,1.0,1.0
NUXLODDWUMTCBS,training_pool,1,5.27,5.27,5.27,False,False,0.0,1.0
NVBQPBUVZRTGIF,training_pool,1,6.44,6.44,6.44,False,False,1.0,1.0
NVCVLRVOGQLMJZ,training_pool,1,4.32,4.32,4.32,False,False,0.0,0.0
NVDWWXSVMQNLOI,training_pool,1,7.29,7.29,7.29,False,False,1.0,1.0
NVJQOGNFLNQVIF,training_pool,1,7.14,7.14,7.14,False,False,1.0,1.0
NWNXNTCFZWMSHE,training_pool,1,6.58,6.58,6.58,False,False,1.0,1.0
NWQPMNJZFWSQBV,training_pool,1,4.63,4.63,4.63,False,False,0.0,0.0
NWSJNXMRDTXLLZ,training_pool,1,4.77,4.77,4.77,False,False,0.0,0.0
NWSYLBCLXATCQY,training_pool,1,5.84,5.84,5.84,False,False,0.0,1.0
NWVGCEQIXKQQPS,training_pool,1,6.92,6.92,6.92,False,False,1.0,1.0
NXERGIJHYVUXHM,training_pool,2,6.96,6.52,7.4,False,False,1.0,1.0
NXKGVHPWOYJYQL,training_pool,1,6.12,6.12,6.12,False,False,1.0,1.0
NXMZBNYLCVTRGB,training_pool,1,8.52,8.52,8.52,False,False,1.0,1.0
NXNPVWSOBXWFAA,training_pool,1,5.62,5.62,5.62,False,False,0.0,1.0
NXZSDPWQJGOVBP,training_pool,1,6.6,6.6,6.6,False,False,1.0,1.0
NYDRPXZHCPHNMB,training_pool,1,6.0,6.0,6.0,False,False,1.0,1.0
NYIWDONCIPTYBI,training_pool,1,7.05,7.05,7.05,False,False,1.0,1.0
NYNZAMINEWHYNQ,training_pool,1,6.1,6.1,6.1,False,False,1.0,1.0
NYZZKUAFIUZDJA,training_pool,1,4.24,4.24,4.24,False,False,0.0,0.0
NZESAJWMQSEBNZ,training_pool,1,8.15,8.15,8.15,False,False,1.0,1.0
NZIJCSMUSPMLGS,training_pool,1,5.87,5.87,5.87,False,False,0.0,1.0
NZKVMPSIOMCNTA,training_pool,1,5.53,5.53,5.53,False,False,0.0,1.0
NZRDUBKCTMSBHA,training_pool,1,7.0,7.0,7.0,False,False,1.0,1.0
NZSTVWVZQPBFHU,training_pool,1,4.36,4.36,4.36,False,False,0.0,0.0
NZWQSGFSIQFATB,training_pool,1,5.47,5.47,5.47,False,False,0.0,1.0
NZZGISWVQNBYTF,training_pool,1,5.82,5.82,5.82,False,False,0.0,1.0
NZZJNZUGDOJCHX,training_pool,1,5.16,5.16,5.16,False,False,0.0,1.0
OAELAQULTUXZTM,training_pool,1,5.87,5.87,5.87,False,False,0.0,1.0
OAFQBAPOIQMDSJ,training_pool,1,6.5,6.5,6.5,False,False,1.0,1.0
OANOKOHKVWNYFI,training_pool,1,6.72,6.72,6.72,False,False,1.0,1.0
OASVGLRSLZXZIV,training_pool,1,6.16,6.16,6.16,False,False,1.0,1.0
OAULFGKSACZQQH,training_pool,1,5.1,5.1,5.1,False,False,0.0,1.0
OAWOFNYKHPAPJB,training_pool,1,4.36,4.36,4.36,False,False,0.0,0.0
OBAICMYWONZOSZ,training_pool,2,5.75,5.5,6.0,False,False,0.0,1.0
OBCQWDFPUVZYCC,training_pool,1,4.49,4.49,4.49,False,False,0.0,0.0
OBDYUVYOLLAPQL,training_pool,1,8.15,8.15,8.15,False,False,1.0,1.0
OBENYVFONFSGHI,training_pool,1,5.96,5.96,5.96,False,False,0.0,1.0
OBKZBCUTXVLFQO,training_pool,1,7.66,7.66,7.66,False,False,1.0,1.0
OBLFQJNOWUPVAN,training_pool,1,7.36,7.36,7.36,False,False,1.0,1.0
OBRXEHBNQXENBK,training_pool,1,6.29,6.29,6.29,False,False,1.0,1.0
OBYAQBHBZOVQED,training_pool,1,5.6,5.6,5.6,False,False,0.0,1.0
OCESVORQGXEAED,training_pool,2,6.029999999999999,5.96,6.1,False,False,1.0,1.0
OCMQTALHBUOBFN,training_pool,1,6.4,6.4,6.4,False,False,1.0,1.0
OCONDAUZMGJVHB,training_pool,1,5.94,5.94,5.94,False,False,0.0,1.0
OCQMWZOKFRUMPZ,training_pool,1,6.48,6.48,6.48,False,False,1.0,1.0
OCTQSGGVEFSDOV,training_pool,2,6.025,4.95,7.1,True,True,,
ODEOIVMERLBKGZ,training_pool,5,7.5,5.76,8.25,True,False,,1.0
ODJUKFKDSPPDFS,training_pool,1,4.09,4.09,4.09,False,False,0.0,0.0
ODRFJVIOUFCXSN,training_pool,1,6.28,6.28,6.28,False,False,1.0,1.0
ODWAKTAIFXOWDU,training_pool,1,6.85,6.85,6.85,False,False,1.0,1.0
ODYNMIGMQVXSMY,training_pool,1,7.5,7.5,7.5,False,False,1.0,1.0
ODZRBRJFYWCHSW,training_pool,1,7.34,7.34,7.34,False,False,1.0,1.0
OELXTFZGBQAOSJ,training_pool,1,4.06,4.06,4.06,False,False,0.0,0.0
OEOWEBXVDMSEOM,training_pool,1,5.68,5.68,5.68,False,False,0.0,1.0
OEOZOGVRFAIGDN,training_pool,1,5.73,5.73,5.73,False,False,0.0,1.0
OETIMMSWPHDTTA,training_pool,1,6.75,6.75,6.75,False,False,1.0,1.0
OEUFTIBZEDUUCK,training_pool,2,7.550000000000001,7.4,7.7,False,False,1.0,1.0
OEVLTSOWUNGYKU,training_pool,1,4.86,4.86,4.86,False,False,0.0,0.0
OFLBRQKZVMODGV,training_pool,1,7.89,7.89,7.89,False,False,1.0,1.0
OFLQTENRXBJVPX,training_pool,2,5.82,5.75,5.89,False,False,0.0,1.0
OFPFZLVHDCKBMH,training_pool,1,5.81,5.81,5.81,False,False,0.0,1.0
OFPXSFXSNFPTHF,training_pool,2,5.7,4.44,6.96,True,True,,
OGDJDJVAGBBWDJ,training_pool,1,6.8,6.8,6.8,False,False,1.0,1.0
OGFKQCWFODPUOX,training_pool,1,4.42,4.42,4.42,False,False,0.0,0.0
OGIHLRJSKZUSKH,training_pool,1,6.42,6.42,6.42,False,False,1.0,1.0
OGJRYKHFBVZBCT,training_pool,1,8.52,8.52,8.52,False,False,1.0,1.0
OGLOZKAFGOPOJZ,training_pool,2,5.92,5.92,5.92,False,False,0.0,1.0
OGLWEROZDOLMJL,training_pool,1,7.27,7.27,7.27,False,False,1.0,1.0
OGPWOFXAIWRQSN,training_pool,1,5.93,5.93,5.93,False,False,0.0,1.0
OGQTZGPSYPTJBR,training_pool,1,4.77,4.77,4.77,False,False,0.0,0.0
OGSLGTVCVGMDHC,training_pool,1,6.04,6.04,6.04,False,False,1.0,1.0
OGUAPSCAYNILCS,training_pool,1,6.89,6.89,6.89,False,False,1.0,1.0
OGVMVHFZUVKZLF,training_pool,1,5.02,5.02,5.02,False,False,0.0,1.0
OGXCWQYJRFVEAM,training_pool,1,5.05,5.05,5.05,False,False,0.0,1.0
OHDMAECPEMYHBV,training_pool,1,6.05,6.05,6.05,False,False,1.0,1.0
OHECDOLIKLNILF,training_pool,1,5.06,5.06,5.06,False,False,0.0,1.0
OHEHAWXOSFKVTI,training_pool,1,7.12,7.12,7.12,False,False,1.0,1.0
OHIAVULGDFAQDO,training_pool,1,5.74,5.74,5.74,False,False,0.0,1.0
OHIVDQMFQYBGDC,training_pool,1,6.82,6.82,6.82,False,False,1.0,1.0
OHMDMLMWQNQLRF,training_pool,1,7.0,7.0,7.0,False,False,1.0,1.0
OHPKPSZMBCIEOJ,training_pool,1,6.66,6.66,6.66,False,False,1.0,1.0
OHQNIGDRIIRUFS,training_pool,2,6.34,4.76,7.92,True,True,,
OHUGUAAEHRJDLM,training_pool,1,6.5,6.5,6.5,False,False,1.0,1.0
OHVHHRUUBCGBLX,training_pool,2,5.82,5.64,6.0,False,False,0.0,1.0
OIRTZPJKLHLKEP,training_pool,1,5.17,5.17,5.17,False,False,0.0,1.0
OIVDIVRTEKNHDH,training_pool,1,4.37,4.37,4.37,False,False,0.0,0.0
OJGQFYYLKNCIJD,training_pool,1,7.32,7.32,7.32,False,False,1.0,1.0
OJTZTGYZOSEBEW,training_pool,1,6.41,6.41,6.41,False,False,1.0,1.0
OJUCYGLPJRUYEL,training_pool,1,7.37,7.37,7.37,False,False,1.0,1.0
OJWADORNRODOQA,training_pool,1,6.82,6.82,6.82,False,False,1.0,1.0
OKHORWCUMZIORR,training_pool,1,6.6,6.6,6.6,False,False,1.0,1.0
OKHWBLRPRFHOCI,training_pool,1,4.37,4.37,4.37,False,False,0.0,0.0
OKKGDLZWFJTBDJ,training_pool,2,7.609999999999999,7.22,8.0,False,False,1.0,1.0
OKOUBBVDQFHAAG,training_pool,1,4.19,4.19,4.19,False,False,0.0,0.0
OKSGHBGVUFNOOY,training_pool,1,6.04,6.04,6.04,False,False,1.0,1.0
OKSHVLRZKYTEIZ,training_pool,1,5.16,5.16,5.16,False,False,0.0,1.0
OKWXXDPDTCCZHE,training_pool,1,7.89,7.89,7.89,False,False,1.0,1.0
OLDJIZTUCUGOME,training_pool,1,4.59,4.59,4.59,False,False,0.0,0.0
OLEQDDGYTJTQBS,training_pool,1,8.15,8.15,8.15,False,False,1.0,1.0
OLJWOEDAXHKELW,training_pool,1,7.41,7.41,7.41,False,False,1.0,1.0
OLUIRQCKUKPFSY,training_pool,1,5.05,5.05,5.05,False,False,0.0,1.0
OLWYHNZRDBSKTH,training_pool,1,7.22,7.22,7.22,False,False,1.0,1.0
OMDMHQMXOOEHHW,training_pool,1,4.29,4.29,4.29,False,False,0.0,0.0
OMKSAZYYKOPEHV,training_pool,1,5.0,5.0,5.0,False,False,0.0,1.0
OMQWWRBNFWPIRR,training_pool,1,5.4,5.4,5.4,False,False,0.0,1.0
ONFHWJUGRMUDHQ,training_pool,1,6.89,6.89,6.89,False,False,1.0,1.0
ONFLRJMGAWKAID,training_pool,1,7.05,7.05,7.05,False,False,1.0,1.0
ONHJGNQJWZJGLU,training_pool,1,6.13,6.13,6.13,False,False,1.0,1.0
ONJHHYBWKLDIFI,training_pool,1,6.52,6.52,6.52,False,False,1.0,1.0
ONTYHUANBVXVSF,training_pool,1,5.34,5.34,5.34,False,False,0.0,1.0
ONVOTEIVHKDQNN,training_pool,1,6.37,6.37,6.37,False,False,1.0,1.0
ONYWALXTZFPKAS,training_pool,1,4.57,4.57,4.57,False,False,0.0,0.0
OOARYLWNROHOKX,training_pool,1,5.3,5.3,5.3,False,False,0.0,1.0
OOELBFKJLWQETI,training_pool,1,4.85,4.85,4.85,False,False,0.0,0.0
OOKKNKJSQBQKDW,training_pool,1,5.43,5.43,5.43,False,False,0.0,1.0
OOLFXAZNBBUFST,training_pool,1,4.12,4.12,4.12,False,False,0.0,0.0
OOMGNBSPFOLARA,training_pool,1,7.41,7.41,7.41,False,False,1.0,1.0
OOPJDQTUZQHLIL,training_pool,1,4.98,4.98,4.98,False,False,0.0,0.0
OOQUQJACOYHCKO,training_pool,1,5.82,5.82,5.82,False,False,0.0,1.0
OOSWADRITNKJMJ,training_pool,1,5.26,5.26,5.26,False,False,0.0,1.0
OOTXQYMRZHCTQX,training_pool,1,6.25,6.25,6.25,False,False,1.0,1.0
OOUGHHLGZCZGEE,training_pool,1,6.5,6.5,6.5,False,False,1.0,1.0
OOWZNIPZLXBTAA,training_pool,1,5.43,5.43,5.43,False,False,0.0,1.0
OPSPKIBCFWXEJT,training_pool,1,6.85,6.85,6.85,False,False,1.0,1.0
OPTMGVNNUJHZSO,training_pool,1,5.96,5.96,5.96,False,False,0.0,1.0
OPUFYXLEFFRGSQ,training_pool,1,5.54,5.54,5.54,False,False,0.0,1.0
OPUZFNDUUCKCHZ,training_pool,1,4.52,4.52,4.52,False,False,0.0,0.0
OPYQRHRKRPFJGD,training_pool,1,6.3,6.3,6.3,False,False,1.0,1.0
OQARYRSGLRPZDG,training_pool,1,8.7,8.7,8.7,False,False,1.0,1.0
OQCGGTCJXFHCKQ,training_pool,1,6.64,6.64,6.64,False,False,1.0,1.0
OQCWBVYFVMDDHP,training_pool,1,4.04,4.04,4.04,False,False,0.0,0.0
OQDFOVAJWLYIQE,training_pool,1,5.12,5.12,5.12,False,False,0.0,1.0
OQDKPQRAGXTOIK,training_pool,2,6.3100000000000005,5.66,6.96,True,False,,1.0
OQGYRCHZMQHAGH,training_pool,1,7.68,7.68,7.68,False,False,1.0,1.0
OQMQZCNXFUWGMQ,training_pool,1,4.67,4.67,4.67,False,False,0.0,0.0
OQNMVLKJQIUUNO,training_pool,1,6.66,6.66,6.66,False,False,1.0,1.0
OQSNXVJQCQCAGM,training_pool,1,4.51,4.51,4.51,False,False,0.0,0.0
OQTLHJPBUMXZHC,training_pool,1,4.63,4.63,4.63,False,False,0.0,0.0
OQUTUAYCQYNRLQ,training_pool,1,6.82,6.82,6.82,False,False,1.0,1.0
OQZQSZCOZXBNDI,training_pool,1,5.46,5.46,5.46,False,False,0.0,1.0
OQZUHLHZZSDZKQ,training_pool,1,5.86,5.86,5.86,False,False,0.0,1.0
ORDOTDQORVZNKP,training_pool,1,6.21,6.21,6.21,False,False,1.0,1.0
ORHVQFNMLMNOFO,training_pool,1,7.0,7.0,7.0,False,False,1.0,1.0
ORMABALWTIGMMO,training_pool,1,7.43,7.43,7.43,False,False,1.0,1.0
ORPCBOZCCAFBDH,training_pool,1,7.03,7.03,7.03,False,False,1.0,1.0
ORUXSSHNISKZNE,training_pool,1,6.07,6.07,6.07,False,False,1.0,1.0
ORVVNHIPTUAERZ,training_pool,1,4.5,4.5,4.5,False,False,0.0,0.0
OSBFRMFWWRQAEA,training_pool,1,6.68,6.68,6.68,False,False,1.0,1.0
OSIVSEZZEFZSDB,training_pool,1,8.07,8.07,8.07,False,False,1.0,1.0
OSTZIZHOZQIQLN,training_pool,1,6.02,6.02,6.02,False,False,1.0,1.0
OSUYLEWFDXTOCS,training_pool,1,5.31,5.31,5.31,False,False,0.0,1.0
OTAFLIIDAXMNRZ,training_pool,1,4.91,4.91,4.91,False,False,0.0,0.0
OTDKTRHTEFHXBU,training_pool,1,5.55,5.55,5.55,False,False,0.0,1.0
OTKZRHXBUKGBJZ,training_pool,1,7.0,7.0,7.0,False,False,1.0,1.0
OTLLZHXQRRNIOL,training_pool,3,6.04,5.68,6.57,False,False,1.0,1.0
OTUSHXOQDWBQDY,training_pool,2,6.775,5.75,7.8,True,False,,1.0
OUBIEBXGDGVTFB,training_pool,1,4.46,4.46,4.46,False,False,0.0,0.0
OUMIILFAYUKUES,training_pool,1,8.15,8.15,8.15,False,False,1.0,1.0
OUUNCNBZJBPHSV,training_pool,1,5.23,5.23,5.23,False,False,0.0,1.0
OUWFYTHABPBKTA,training_pool,1,5.68,5.68,5.68,False,False,0.0,1.0
OVDKLRZBNZNIKG,training_pool,1,5.06,5.06,5.06,False,False,0.0,1.0
OVFNJGSXFVWDJP,training_pool,1,4.91,4.91,4.91,False,False,0.0,0.0
OVNBWAHFGNZZKE,training_pool,1,5.33,5.33,5.33,False,False,0.0,1.0
OVNSNSKORUDURL,training_pool,1,5.27,5.27,5.27,False,False,0.0,1.0
OVWDCMWMLOKICM,training_pool,1,6.64,6.64,6.64,False,False,1.0,1.0
OWKOEGPVOFSDSF,training_pool,1,7.43,7.43,7.43,False,False,1.0,1.0
OWLUVKUJLJUMRZ,training_pool,1,5.53,5.53,5.53,False,False,0.0,1.0
OWPMVKFHIJZSQU,training_pool,1,6.28,6.28,6.28,False,False,1.0,1.0
OWTJGJSVFUHHML,training_pool,1,6.01,6.01,6.01,False,False,1.0,1.0
OWVZKYQOBHROLK,training_pool,1,7.37,7.37,7.37,False,False,1.0,1.0
OXAALOVFPGKLRN,training_pool,1,7.07,7.07,7.07,False,False,1.0,1.0
OXJPLAYXLITPHK,training_pool,1,7.11,7.11,7.11,False,False,1.0,1.0
OXMGMNBSFVVJAF,training_pool,2,5.08,4.56,5.6,False,True,0.0,
OXMTUQBELVRLOS,training_pool,1,4.07,4.07,4.07,False,False,0.0,0.0
OXOKGQHFKLZHSB,training_pool,1,4.88,4.88,4.88,False,False,0.0,0.0
OXPBQFRXFBRBJC,training_pool,1,6.5,6.5,6.5,False,False,1.0,1.0
OYBTYABKFCDNLS,training_pool,1,7.05,7.05,7.05,False,False,1.0,1.0
OYCUPESDNTUONE,training_pool,1,6.6,6.6,6.6,False,False,1.0,1.0
OYGDULOVAFRCNV,training_pool,1,6.28,6.28,6.28,False,False,1.0,1.0
OYJBFVTYWPIZAE,training_pool,1,6.25,6.25,6.25,False,False,1.0,1.0
OYQZHTOHAMOKKQ,training_pool,1,6.47,6.47,6.47,False,False,1.0,1.0
OYYPUWHVMWNOPI,training_pool,1,7.98,7.98,7.98,False,False,1.0,1.0
OYZKFVIVPRQRQQ,training_pool,2,7.664999999999999,7.3,8.03,False,False,1.0,1.0
OZERBFUVMQXKMR,training_pool,1,5.83,5.83,5.83,False,False,0.0,1.0
OZJQOZVKSQFMHF,training_pool,2,7.47,7.47,7.47,False,False,1.0,1.0
OZKGCBBELCSUAA,training_pool,2,8.08,8.08,8.08,False,False,1.0,1.0
OZONUSMRKZZGLS,training_pool,1,6.92,6.92,6.92,False,False,1.0,1.0
OZPCEAIPYAKBRM,training_pool,2,6.43,6.28,6.58,False,False,1.0,1.0
OZUBHMWSFYBJDO,training_pool,5,7.52,5.78,7.75,True,False,,1.0
OZUDNSLTDXTQNF,training_pool,1,5.14,5.14,5.14,False,False,0.0,1.0
OZUFPJMEXZUUIF,training_pool,1,4.31,4.31,4.31,False,False,0.0,0.0
OZWKMVRBQXNZKK,training_pool,4,6.105,5.46,6.85,True,False,,1.0
OZXACHALPXFLIO,training_pool,1,7.35,7.35,7.35,False,False,1.0,1.0
OZYHFVJLDWNSLD,training_pool,1,8.0,8.0,8.0,False,False,1.0,1.0
PAAFODFWHOMASF,training_pool,1,5.04,5.04,5.04,False,False,0.0,1.0
PACDSDNRKNFCMC,training_pool,1,7.7,7.7,7.7,False,False,1.0,1.0
PAHJRIMTOOOJJX,training_pool,1,7.3,7.3,7.3,False,False,1.0,1.0
PAHNFYUFBODKIH,training_pool,1,7.0,7.0,7.0,False,False,1.0,1.0
PAQQGWPGFHHBBN,training_pool,1,5.47,5.47,5.47,False,False,0.0,1.0
PATGJLPVLHHXBZ,training_pool,1,4.96,4.96,4.96,False,False,0.0,0.0
PBCKSHGYUXWIID,training_pool,1,5.66,5.66,5.66,False,False,0.0,1.0
PBGRARHEVYPEOU,training_pool,1,6.17,6.17,6.17,False,False,1.0,1.0
PBJWWPFSOCFQEE,training_pool,2,7.08,7.0,7.16,False,False,1.0,1.0
PBMQINHMSIZXSH,training_pool,1,7.51,7.51,7.51,False,False,1.0,1.0
PBMXZEUWTFELHJ,training_pool,1,5.44,5.44,5.44,False,False,0.0,1.0
PBSAWAMHURBEDJ,training_pool,1,8.82,8.82,8.82,False,False,1.0,1.0
PBUCHJVNSJKLEU,training_pool,1,5.74,5.74,5.74,False,False,0.0,1.0
PBVMKEANTDXHJA,training_pool,1,6.51,6.51,6.51,False,False,1.0,1.0
PBVNPUDMDSWVMI,training_pool,1,5.49,5.49,5.49,False,False,0.0,1.0
PBWBNUASFOGURI,training_pool,1,5.75,5.75,5.75,False,False,0.0,1.0
PCMORTLOPMLEFB,flora,1,4.55,4.55,4.55,False,False,0.0,0.0
PCSDDBMUJVKQDJ,training_pool,1,5.32,5.32,5.32,False,False,0.0,1.0
PCUBQFWCZOGWKP,training_pool,1,7.4,7.4,7.4,False,False,1.0,1.0
PCVOCQKAGPDSDE,training_pool,1,5.92,5.92,5.92,False,False,0.0,1.0
PCXIUZJPYFRWHY,training_pool,1,5.51,5.51,5.51,False,False,0.0,1.0
PCXMETUNJZLBKE,training_pool,1,7.52,7.52,7.52,False,False,1.0,1.0
PDAGKAXYOMNUPD,training_pool,1,4.71,4.71,4.71,False,False,0.0,0.0
PDCZAMUFMIGSAE,training_pool,1,6.14,6.14,6.14,False,False,1.0,1.0
PDEMERMKNJFNNU,training_pool,1,5.27,5.27,5.27,False,False,0.0,1.0
PDVSKCTUJCNNRI,training_pool,1,7.37,7.37,7.37,False,False,1.0,1.0
PDXDLMMRHHPKPH,training_pool,1,6.64,6.64,6.64,False,False,1.0,1.0
PEAUGDFUKONOLK,training_pool,1,5.16,5.16,5.16,False,False,0.0,1.0
PECOITPCKXVJMZ,training_pool,1,7.12,7.12,7.12,False,False,1.0,1.0
PEIXSXDMECGKSF,training_pool,1,5.79,5.79,5.79,False,False,0.0,1.0
PERMQNUWKOEGBE,training_pool,1,4.44,4.44,4.44,False,False,0.0,0.0
PETYQIBTTFCTGV,training_pool,1,7.49,7.49,7.49,False,False,1.0,1.0
PEUVGLHBVHFKPT,training_pool,2,6.775,6.75,6.8,False,False,1.0,1.0
PEXKBSSCTUNEBX,training_pool,1,5.97,5.97,5.97,False,False,0.0,1.0
PFAKPKBQEIPMNO,training_pool,1,5.0,5.0,5.0,False,False,0.0,1.0
PFBDBTJRFNNBKQ,training_pool,1,8.05,8.05,8.05,False,False,1.0,1.0
PFDLSVYYAZJPGK,training_pool,1,7.52,7.52,7.52,False,False,1.0,1.0
PFGXJDTYIGQGBP,training_pool,1,5.16,5.16,5.16,False,False,0.0,1.0
PFHQSXBMDDAXOJ,training_pool,1,5.92,5.92,5.92,False,False,0.0,1.0
PFNOXWNLYORGBO,training_pool,1,8.1,8.1,8.1,False,False,1.0,1.0
PFOQYXTWXHVEDB,training_pool,1,5.1,5.1,5.1,False,False,0.0,1.0
PFTAWBLQPZVEMU,flora,1,4.03,4.03,4.03,False,False,0.0,0.0
PFTRBDVYBNQYDV,training_pool,1,6.27,6.27,6.27,False,False,1.0,1.0
PFVSMDKAGZBPDX,training_pool,1,4.25,4.25,4.25,False,False,0.0,0.0
PFXLDPGFSGFXRS,training_pool,1,6.6,6.6,6.6,False,False,1.0,1.0
PGCVEJAGJCUXAH,training_pool,1,8.3,8.3,8.3,False,False,1.0,1.0
PGFITHOKHFUJKE,training_pool,1,6.29,6.29,6.29,False,False,1.0,1.0
PGIRHMOXRXNJAD,training_pool,1,5.52,5.52,5.52,False,False,0.0,1.0
PGNOVUUBOKHCPT,training_pool,1,7.54,7.54,7.54,False,False,1.0,1.0
PGPOELKNWKGBFH,training_pool,1,4.0,4.0,4.0,False,False,0.0,0.0
PHBYRHUAGNXCFU,training_pool,1,8.52,8.52,8.52,False,False,1.0,1.0
PHDCVQVSLJAWBK,training_pool,1,5.87,5.87,5.87,False,False,0.0,1.0
PHIZQTIQMIXTJV,training_pool,2,6.5649999999999995,6.24,6.89,False,False,1.0,1.0
PHJSFCUVLUXHGK,training_pool,1,6.01,6.01,6.01,False,False,1.0,1.0
PHKLPPLFTQEZFS,training_pool,1,4.87,4.87,4.87,False,False,0.0,0.0
PHMCNCJVXQUZJK,training_pool,1,4.13,4.13,4.13,False,False,0.0,0.0
PHNLFNFZXYQSRZ,training_pool,1,5.64,5.64,5.64,False,False,0.0,1.0
PHPRYDLGOXSUBX,training_pool,2,8.19,8.19,8.19,False,False,1.0,1.0
PHQNTQLWXSUOLC,training_pool,1,5.08,5.08,5.08,False,False,0.0,1.0
PHVKEPWPEVNNRD,training_pool,1,5.7,5.7,5.7,False,False,0.0,1.0
PHYFTWIBLMEKAF,training_pool,1,4.25,4.25,4.25,False,False,0.0,0.0
PIALJPMQPCZAOU,training_pool,1,6.71,6.71,6.71,False,False,1.0,1.0
PIGKNGFMWTUPTC,training_pool,2,7.475,7.1,7.85,False,False,1.0,1.0
PIGMVYYJRQEYNJ,training_pool,1,7.48,7.48,7.48,False,False,1.0,1.0
PIJWTGYZAHWUSS,training_pool,1,5.31,5.31,5.31,False,False,0.0,1.0
PISBIZMMMDTULP,training_pool,1,8.15,8.15,8.15,False,False,1.0,1.0
PIWKWHBZBXAVQT,training_pool,1,6.66,6.66,6.66,False,False,1.0,1.0
PJCFJNHVNWMRPD,training_pool,1,4.71,4.71,4.71,False,False,0.0,0.0
PJDKSPDBBFAYRC,training_pool,1,5.41,5.41,5.41,False,False,0.0,1.0
PJFSTCAIAQWJBR,training_pool,1,9.92,9.92,9.92,False,False,1.0,1.0
PJIFNHKMESUGJK,training_pool,1,5.4,5.4,5.4,False,False,0.0,1.0
PJIKJYBCMUJMFB,training_pool,1,4.83,4.83,4.83,False,False,0.0,0.0
PJKOOUPYJZGOQE,training_pool,1,4.7,4.7,4.7,False,False,0.0,0.0
PJSHTJKWYYEHNZ,training_pool,1,5.78,5.78,5.78,False,False,0.0,1.0
PJUGYRBTUWDWFG,training_pool,1,4.81,4.81,4.81,False,False,0.0,0.0
PJYHHWIDLOBSMG,training_pool,1,5.57,5.57,5.57,False,False,0.0,1.0
PKLYOBJSJLJTOD,training_pool,1,6.07,6.07,6.07,False,False,1.0,1.0
PKMFIFDWBWWDIQ,training_pool,2,6.48,6.19,6.77,False,False,1.0,1.0
PKMJAEQVCSVHGQ,training_pool,1,5.75,5.75,5.75,False,False,0.0,1.0
PKUGNOQUKOKJNS,training_pool,1,7.05,7.05,7.05,False,False,1.0,1.0
PKWCCVDFVVBIGU,training_pool,1,4.0,4.0,4.0,False,False,0.0,0.0
PKWKWVHJLGYKKX,training_pool,1,8.15,8.15,8.15,False,False,1.0,1.0
PLAOHLPEZSUPBW,training_pool,1,4.7,4.7,4.7,False,False,0.0,0.0
PLGLAJLBAYJKAX,training_pool,1,5.39,5.39,5.39,False,False,0.0,1.0
PLPTWKQUOJUOPK,training_pool,1,6.42,6.42,6.42,False,False,1.0,1.0
PLUZGTAGUPLHJY,training_pool,1,7.12,7.12,7.12,False,False,1.0,1.0
PMBBIXLWMMOUGA,training_pool,1,4.41,4.41,4.41,False,False,0.0,0.0
PMHCILARXUGZFZ,training_pool,1,5.58,5.58,5.58,False,False,0.0,1.0
PMLQJXADXWPWHU,training_pool,2,6.3,6.0,6.6,False,False,1.0,1.0
PMQCAEHTHMQRHQ,training_pool,1,4.96,4.96,4.96,False,False,0.0,0.0
PMQKCWAUARTKGJ,training_pool,1,7.21,7.21,7.21,False,False,1.0,1.0
PMSIZINXEHMTIG,training_pool,1,6.0,6.0,6.0,False,False,1.0,1.0
PMSZSXKBGUQXFG,training_pool,1,4.5,4.5,4.5,False,False,0.0,0.0
PMVBHGBQTYIKFF,training_pool,1,6.66,6.66,6.66,False,False,1.0,1.0
PMXSUWQVMRZMRV,training_pool,1,5.26,5.26,5.26,False,False,0.0,1.0
PNCLPUISTRXRNN,training_pool,1,6.14,6.14,6.14,False,False,1.0,1.0
PNCYQEPCKYNHPP,training_pool,1,7.3,7.3,7.3,False,False,1.0,1.0
PNEJWVNVMKDFOI,training_pool,1,5.8,5.8,5.8,False,False,0.0,1.0
PNEVVVKCYKJTGO,training_pool,1,7.05,7.05,7.05,False,False,1.0,1.0
PNFONPPWAARBNJ,training_pool,1,6.01,6.01,6.01,False,False,1.0,1.0
PNHKXYSTFYQQNE,training_pool,1,6.6,6.6,6.6,False,False,1.0,1.0
PNIIWQXKUNOIFW,training_pool,1,4.86,4.86,4.86,False,False,0.0,0.0
PNSZRMPAQOOLTF,training_pool,1,5.77,5.77,5.77,False,False,0.0,1.0
PNTWDHSKZJLEGP,training_pool,5,7.73,5.97,8.46,True,False,,1.0
POBFFGWAFRDDDN,training_pool,1,5.89,5.89,5.89,False,False,0.0,1.0
POERZTJYPCMFQW,training_pool,1,5.12,5.12,5.12,False,False,0.0,1.0
POLQBDHDUMYFFH,training_pool,1,7.32,7.32,7.32,False,False,1.0,1.0
POMWEKQWFYLSLU,training_pool,2,8.7,8.7,8.7,False,False,1.0,1.0
PORFXTNULPJUBW,training_pool,1,7.57,7.57,7.57,False,False,1.0,1.0
POZKCHPKBAHXQZ,training_pool,1,4.28,4.28,4.28,False,False,0.0,0.0
PPAFBIBPQDYPCF,training_pool,1,4.59,4.59,4.59,False,False,0.0,0.0
PPIGJGJEMYVMQS,training_pool,1,6.62,6.62,6.62,False,False,1.0,1.0
PPJJDRHEENWOPI,training_pool,1,6.54,6.54,6.54,False,False,1.0,1.0
PPTPKPRASQTIER,training_pool,1,4.17,4.17,4.17,False,False,0.0,0.0
PQAATVVBUPKUAT,training_pool,1,5.55,5.55,5.55,False,False,0.0,1.0
PQEFRERWFCYQHW,training_pool,1,5.86,5.86,5.86,False,False,0.0,1.0
PQJGYJWOGPPKFV,training_pool,2,4.734999999999999,4.7,4.77,False,False,0.0,0.0
PQLYVDHULAOVMG,training_pool,1,6.44,6.44,6.44,False,False,1.0,1.0
PQOGEFXKUUCLAX,training_pool,1,7.7,7.7,7.7,False,False,1.0,1.0
PQOHMVIGLUQKDX,training_pool,1,6.12,6.12,6.12,False,False,1.0,1.0
PQUGCKBLVKJMNT,training_pool,4,4.725,4.13,5.99,False,True,0.0,
PRAVQSTUHDHGPJ,training_pool,1,6.21,6.21,6.21,False,False,1.0,1.0
PREBVFJICNPEKM,flora,1,4.44,4.44,4.44,False,False,0.0,0.0
PRIUFOLCZLZHND,training_pool,1,5.53,5.53,5.53,False,False,0.0,1.0
PRMMZPQWYQZPGL,training_pool,1,7.3,7.3,7.3,False,False,1.0,1.0
PRMUECSVPWFKTI,training_pool,1,5.11,5.11,5.11,False,False,0.0,1.0
PRVRFYFBPULTKN,training_pool,2,6.375,6.17,6.58,False,False,1.0,1.0
PSCONUWXHGTECB,training_pool,1,7.33,7.33,7.33,False,False,1.0,1.0
PSDIXIAIHMIHBY,training_pool,1,4.77,4.77,4.77,False,False,0.0,0.0
PSDSTBQRQGJBSH,training_pool,1,7.05,7.05,7.05,False,False,1.0,1.0
PSGAPHBVGGCVMS,training_pool,1,5.07,5.07,5.07,False,False,0.0,1.0
PSHCXKAIPOIWJR,training_pool,1,5.0,5.0,5.0,False,False,0.0,1.0
PSIYEXPRKAXTMF,training_pool,1,7.43,7.43,7.43,False,False,1.0,1.0
PSMQISOBUVOGMO,training_pool,1,7.2,7.2,7.2,False,False,1.0,1.0
PSUBOTDNVFZXTP,training_pool,1,7.03,7.03,7.03,False,False,1.0,1.0
PSVAFBCNJWLGIC,training_pool,1,7.85,7.85,7.85,False,False,1.0,1.0
PTAMYKPZICAZTG,training_pool,1,9.0,9.0,9.0,False,False,1.0,1.0
PTAOGNDKQKVWEW,training_pool,1,4.3,4.3,4.3,False,False,0.0,0.0
PTHCHNRYBATMST,training_pool,1,5.86,5.86,5.86,False,False,0.0,1.0
PTNGQUVJNJDFSL,training_pool,1,4.33,4.33,4.33,False,False,0.0,0.0
PTQWEFLWEHZGJQ,training_pool,1,5.0,5.0,5.0,False,False,0.0,1.0
PTYYUSDZLQZLIZ,training_pool,1,4.36,4.36,4.36,False,False,0.0,0.0
PTZJTFCAMUHYHR,training_pool,1,8.17,8.17,8.17,False,False,1.0,1.0
PUNPGZCYHPEVOI,training_pool,1,6.38,6.38,6.38,False,False,1.0,1.0
PUQKHFKQYAXNQX,training_pool,1,6.02,6.02,6.02,False,False,1.0,1.0
PUVMDHBBUPMOJV,training_pool,1,6.92,6.92,6.92,False,False,1.0,1.0
PUXBGTOOZJQSKH,training_pool,5,5.41,4.42,8.28,True,True,,
PVELFGWIUKHGEW,training_pool,1,7.77,7.77,7.77,False,False,1.0,1.0
PVETUCWAJULHIQ,training_pool,1,5.91,5.91,5.91,False,False,0.0,1.0
PVGMTSZPGWKSKV,training_pool,1,5.55,5.55,5.55,False,False,0.0,1.0
PVMHBPAKBFFGLR,training_pool,1,6.5,6.5,6.5,False,False,1.0,1.0
PWDIVSKRUYJJTH,training_pool,1,7.82,7.82,7.82,False,False,1.0,1.0
PWEYBJDRCVBGCF,training_pool,1,4.57,4.57,4.57,False,False,0.0,0.0
PWPSMWQEJAVBDC,training_pool,2,5.415,5.01,5.82,False,False,0.0,1.0
PWSNKQDYXDTFKA,training_pool,1,7.38,7.38,7.38,False,False,1.0,1.0
PWTWRQYQTOUEAK,training_pool,1,8.19,8.19,8.19,False,False,1.0,1.0
PWUVWNMHFZHZRJ,training_pool,1,4.24,4.24,4.24,False,False,0.0,0.0
PXCIQTJROANBGV,training_pool,1,5.5,5.5,5.5,False,False,0.0,1.0
PXDPKTWBVRXJGD,training_pool,1,5.5,5.5,5.5,False,False,0.0,1.0
PXEGKPOTAKEEBZ,training_pool,1,6.96,6.96,6.96,False,False,1.0,1.0
PXGQWQCFEYHNHY,training_pool,1,4.29,4.29,4.29,False,False,0.0,0.0
PXJLUIRGUUDPMI,training_pool,1,6.96,6.96,6.96,False,False,1.0,1.0
PXKGITXVULXPQR,training_pool,1,6.8,6.8,6.8,False,False,1.0,1.0
PXSMFQAFNQHLOO,training_pool,1,6.54,6.54,6.54,False,False,1.0,1.0
PXUXFWBDDCARPY,training_pool,1,4.54,4.54,4.54,False,False,0.0,0.0
PXXABLSRVVOELC,training_pool,1,5.19,5.19,5.19,False,False,0.0,1.0
PXZYDVZTTJWWQH,training_pool,1,7.0,7.0,7.0,False,False,1.0,1.0
PYBCHCVNKGZCOH,training_pool,1,7.4,7.4,7.4,False,False,1.0,1.0
PYCNZTVHCBCNPY,training_pool,1,5.52,5.52,5.52,False,False,0.0,1.0
PYPRCDQBPKZGJN,training_pool,1,7.45,7.45,7.45,False,False,1.0,1.0
PZDSRZQDLSVQIG,training_pool,1,7.75,7.75,7.75,False,False,1.0,1.0
PZFWQYDCHAHYKD,training_pool,1,6.48,6.48,6.48,False,False,1.0,1.0
PZNBLSUHVMJUOT,training_pool,1,5.44,5.44,5.44,False,False,0.0,1.0
PZWIQKRGUIBAAG,training_pool,1,5.24,5.24,5.24,False,False,0.0,1.0
QABDXILHNKXIRZ,training_pool,1,5.18,5.18,5.18,False,False,0.0,1.0
QAKAWNXUWNMSAC,training_pool,1,5.78,5.78,5.78,False,False,0.0,1.0
QAOAOVKBIIKRNL,training_pool,1,4.24,4.24,4.24,False,False,0.0,0.0
QARGURUVZCSLDX,training_pool,1,8.3,8.3,8.3,False,False,1.0,1.0
QATPQNWLSZODCS,training_pool,1,5.28,5.28,5.28,False,False,0.0,1.0
QAVKXSDIDNRVLF,training_pool,1,5.96,5.96,5.96,False,False,0.0,1.0
QAXARFDIAFRRRW,training_pool,1,4.96,4.96,4.96,False,False,0.0,0.0
QBEFEKVWQFUNGO,training_pool,1,7.33,7.33,7.33,False,False,1.0,1.0
QBGMBIPNSQPLQV,training_pool,1,6.05,6.05,6.05,False,False,1.0,1.0
QBLQLKNOKUHRCH,flora,1,4.33,4.33,4.33,False,False,0.0,0.0
QBLSJWUWGYGOCF,training_pool,1,8.3,8.3,8.3,False,False,1.0,1.0
QBPKDGARPQNUMX,training_pool,1,5.95,5.95,5.95,False,False,0.0,1.0
QCBPAZOETZPVCH,training_pool,1,5.3,5.3,5.3,False,False,0.0,1.0
QCFXPMWONHBKIA,training_pool,1,4.76,4.76,4.76,False,False,0.0,0.0
QCLMXDMMJFZLEK,training_pool,1,4.3,4.3,4.3,False,False,0.0,0.0
QCQYWHNLZXADIL,training_pool,1,6.92,6.92,6.92,False,False,1.0,1.0
QDAPTCCLPDRQOA,training_pool,1,6.4,6.4,6.4,False,False,1.0,1.0
QDAPWMKWLVMBBU,training_pool,1,4.41,4.41,4.41,False,False,0.0,0.0
QDCUOCIUFBRJEA,training_pool,1,7.1,7.1,7.1,False,False,1.0,1.0
QDHZXGMIXINGGX,training_pool,1,4.82,4.82,4.82,False,False,0.0,0.0
QDPLDWHKADLDOC,training_pool,2,7.89,7.89,7.89,False,False,1.0,1.0
QDRKXDMYDRNCDI,training_pool,1,5.17,5.17,5.17,False,False,0.0,1.0
QDSLXGWLJMBQRN,training_pool,1,5.41,5.41,5.41,False,False,0.0,1.0
QEGGTROSBAMMCJ,training_pool,1,6.12,6.12,6.12,False,False,1.0,1.0
QELSPHYYOJNMBS,training_pool,1,6.11,6.11,6.11,False,False,1.0,1.0
QEUVZONAQNSVKR,training_pool,1,7.0,7.0,7.0,False,False,1.0,1.0
QEZYWFVOEUVTBF,training_pool,1,5.47,5.47,5.47,False,False,0.0,1.0
QFCAYYXTESRCMF,training_pool,1,5.0,5.0,5.0,False,False,0.0,1.0
QFDFHJQXZHCYDD,training_pool,1,4.25,4.25,4.25,False,False,0.0,0.0
QFGVWVQHHYWJKM,training_pool,1,6.77,6.77,6.77,False,False,1.0,1.0
QFILWQMENLVEBA,training_pool,1,5.12,5.12,5.12,False,False,0.0,1.0
QFKFDESGBPKPPL,training_pool,1,7.52,7.52,7.52,False,False,1.0,1.0
QFPGXHUSRVMYNK,training_pool,1,5.96,5.96,5.96,False,False,0.0,1.0
QFQARRRBOOEZGA,training_pool,1,8.7,8.7,8.7,False,False,1.0,1.0
QFRKUURFWZMRAG,training_pool,1,5.87,5.87,5.87,False,False,0.0,1.0
QFWNQPFHNWFHDA,training_pool,1,5.34,5.34,5.34,False,False,0.0,1.0
QGCABQAETOQVCP,training_pool,1,6.16,6.16,6.16,False,False,1.0,1.0
QGCKNIAMHUUUDI,training_pool,3,7.21,5.29,8.3,True,False,,1.0
QGDUYZMBLKACFR,training_pool,1,5.68,5.68,5.68,False,False,0.0,1.0
QGGGJODXPMZGCO,training_pool,1,8.3,8.3,8.3,False,False,1.0,1.0
QGKUCOODYMVNGO,training_pool,1,6.48,6.48,6.48,False,False,1.0,1.0
QGNNQDAQBISHQG,training_pool,1,7.16,7.16,7.16,False,False,1.0,1.0
QGPDQLORMJTCKM,training_pool,1,7.22,7.22,7.22,False,False,1.0,1.0
QHEMPCBZAUGKSO,training_pool,1,5.76,5.76,5.76,False,False,0.0,1.0
QHJFMBANWJZYPJ,training_pool,1,6.47,6.47,6.47,False,False,1.0,1.0
QHJLLDJTVQAFAN,training_pool,1,8.25,8.25,8.25,False,False,1.0,1.0
QHJMMUKBGZTMMK,training_pool,1,8.22,8.22,8.22,False,False,1.0,1.0
QHJVYZBKWNABSG,training_pool,1,4.26,4.26,4.26,False,False,0.0,0.0
QHWLRGSKZMWYAD,training_pool,1,6.37,6.37,6.37,False,False,1.0,1.0
QIHJKHCGJLIAGS,training_pool,1,4.68,4.68,4.68,False,False,0.0,0.0
QIIVYFCKLOBDST,training_pool,2,6.205,5.24,7.17,True,False,,1.0
QIJCIOJDEAVNCZ,training_pool,6,6.869999999999999,5.62,7.3,True,False,,1.0
QIWQHXBXESTRSE,training_pool,1,6.93,6.93,6.93,False,False,1.0,1.0
QIWXOIOTSLOHEG,training_pool,1,4.35,4.35,4.35,False,False,0.0,0.0
QIXQCSTYJXEQQW,training_pool,1,8.7,8.7,8.7,False,False,1.0,1.0
QJBPFELDRXSCTJ,training_pool,2,6.27,5.58,6.96,True,False,,1.0
QJCVPHDBRFNIPW,training_pool,1,6.66,6.66,6.66,False,False,1.0,1.0
QJDNHGXNNRLIGA,training_pool,1,5.3,5.3,5.3,False,False,0.0,1.0
QJGXMUYGXCZPKR,training_pool,1,7.85,7.85,7.85,False,False,1.0,1.0
QJJDMVZYFRBIHO,training_pool,1,5.46,5.46,5.46,False,False,0.0,1.0
QJLFACCQRZHHQV,training_pool,1,5.96,5.96,5.96,False,False,0.0,1.0
QJLPOYOMVVGYGX,training_pool,1,6.13,6.13,6.13,False,False,1.0,1.0
QJQDLRKIAQUUHD,training_pool,1,6.52,6.52,6.52,False,False,1.0,1.0
QJSBOZBRPNQYEP,training_pool,1,8.7,8.7,8.7,False,False,1.0,1.0
QJUOKAMDLPCTFR,training_pool,1,4.42,4.42,4.42,False,False,0.0,0.0
QJXSTPCPFJGXDQ,training_pool,2,9.74,9.74,9.74,False,False,1.0,1.0
QJZLPGFGEBIQRX,training_pool,1,6.0,6.0,6.0,False,False,1.0,1.0
QKBNOICRNGAAPD,training_pool,1,6.77,6.77,6.77,False,False,1.0,1.0
QKBNYDSLPAUAJP,training_pool,1,6.28,6.28,6.28,False,False,1.0,1.0
QKEDBNBCEXEBSG,training_pool,1,7.16,7.16,7.16,False,False,1.0,1.0
QKLPHZIAWWXUES,training_pool,1,6.24,6.24,6.24,False,False,1.0,1.0
QKLWOMCJCWBONG,training_pool,1,7.75,7.75,7.75,False,False,1.0,1.0
QKOFJVGNHOACBX,training_pool,1,6.5,6.5,6.5,False,False,1.0,1.0
QKPDZHTWIAMWIW,training_pool,2,5.44,5.4,5.48,False,False,0.0,1.0
QKUSEHQOPLDWPU,training_pool,1,8.24,8.24,8.24,False,False,1.0,1.0
QKVOXRREWKCNEH,training_pool,1,4.02,4.02,4.02,False,False,0.0,0.0
QKZDFTTXIOTSIK,training_pool,1,7.0,7.0,7.0,False,False,1.0,1.0
QLIQMMRUUKMPEX,training_pool,1,7.89,7.89,7.89,False,False,1.0,1.0
QLMJXRSFPIZIKN,training_pool,2,5.8100000000000005,4.92,6.7,True,True,,
QLTCWWAGNSYHAR,training_pool,1,6.62,6.62,6.62,False,False,1.0,1.0
QMBCKMBMGKATJW,training_pool,1,4.89,4.89,4.89,False,False,0.0,0.0
QMEJEAZXPIDPQK,training_pool,1,4.8,4.8,4.8,False,False,0.0,0.0
QMHLMOLMMIDGSI,training_pool,1,6.96,6.96,6.96,False,False,1.0,1.0
QMKSQFQZSOFTIW,training_pool,1,4.92,4.92,4.92,False,False,0.0,0.0
QMKYHZIVDAMYDU,training_pool,1,4.61,4.61,4.61,False,False,0.0,0.0
QMLNQRLUDCAFIQ,training_pool,1,6.06,6.06,6.06,False,False,1.0,1.0
QMMAGKWGLWQMID,training_pool,1,5.42,5.42,5.42,False,False,0.0,1.0
QMNVHPSDQQWYCL,training_pool,1,4.83,4.83,4.83,False,False,0.0,0.0
QMOUXALDYBFPCF,training_pool,1,6.22,6.22,6.22,False,False,1.0,1.0
QMWSETPBZDQWLF,training_pool,1,6.55,6.55,6.55,False,False,1.0,1.0
QMYTUEPSONUWAU,training_pool,1,7.5,7.5,7.5,False,False,1.0,1.0
QNBMVIAVMRUVAY,training_pool,2,6.82,6.31,7.33,False,False,1.0,1.0
QNEDJHHKBRZHMD,training_pool,1,6.2,6.2,6.2,False,False,1.0,1.0
QNEWFYXZFBRINZ,training_pool,1,6.11,6.11,6.11,False,False,1.0,1.0
QNJFCLNWRGKUAP,training_pool,1,6.92,6.92,6.92,False,False,1.0,1.0
QNRLLTOZLZHBBU,training_pool,1,7.07,7.07,7.07,False,False,1.0,1.0
QNSIXESSHMSQMT,training_pool,1,4.66,4.66,4.66,False,False,0.0,0.0
QOCOOIKSAVIWRN,training_pool,1,6.36,6.36,6.36,False,False,1.0,1.0
QODFJZZIUCBIKK,training_pool,1,5.29,5.29,5.29,False,False,0.0,1.0
QOFOEVNYGMELQV,training_pool,1,6.85,6.85,6.85,False,False,1.0,1.0
QOHGXWIDSHOGBZ,training_pool,1,6.57,6.57,6.57,False,False,1.0,1.0
QOJPQADRTOBBQV,training_pool,1,5.57,5.57,5.57,False,False,0.0,1.0
QONAWCBVRKXWKM,training_pool,1,8.05,8.05,8.05,False,False,1.0,1.0
QPCNZMHUJZKEPX,training_pool,1,7.63,7.63,7.63,False,False,1.0,1.0
QPJCESIQPGMTNL,training_pool,1,6.62,6.62,6.62,False,False,1.0,1.0
QPPYIVHXAFCNLN,training_pool,1,5.17,5.17,5.17,False,False,0.0,1.0
QPSHXEURPXZWCM,training_pool,1,5.45,5.45,5.45,False,False,0.0,1.0
QPUYEECFJJKBFA,training_pool,1,6.39,6.39,6.39,False,False,1.0,1.0
QQERLQWDENETQT,training_pool,2,6.71,5.57,7.85,True,False,,1.0
QQGIACMPSDVFRS,training_pool,1,6.03,6.03,6.03,False,False,1.0,1.0
QQKFNDLMJLWTNI,training_pool,1,4.64,4.64,4.64,False,False,0.0,0.0
QQNWTSVELIVSMY,training_pool,3,10.7,5.92,10.7,True,False,,1.0
QQOFHPPYAYCNKT,training_pool,1,4.89,4.89,4.89,False,False,0.0,0.0
QQRVXSJXJHMQQB,training_pool,1,6.82,6.82,6.82,False,False,1.0,1.0
QQUHEKDMKBLNRF,training_pool,1,4.16,4.16,4.16,False,False,0.0,0.0
QRCQUEDVIMEIAY,training_pool,1,4.89,4.89,4.89,False,False,0.0,0.0
QREHBNWFOKFYBG,training_pool,1,6.85,6.85,6.85,False,False,1.0,1.0
QREKGPHPIGGKCE,training_pool,1,6.92,6.92,6.92,False,False,1.0,1.0
QREZHCGVGKVZBI,training_pool,1,6.24,6.24,6.24,False,False,1.0,1.0
QROHRQYUKYLARD,training_pool,1,5.59,5.59,5.59,False,False,0.0,1.0
QRQGMZAVXNCVOI,training_pool,1,8.52,8.52,8.52,False,False,1.0,1.0
QRZBUZGQIBTFCB,training_pool,1,6.7,6.7,6.7,False,False,1.0,1.0
QSBZXRFYEITXDL,training_pool,1,6.77,6.77,6.77,False,False,1.0,1.0
QSGSVLUBLSQKOA,training_pool,1,4.25,4.25,4.25,False,False,0.0,0.0
QSIMEXGETHTWEY,training_pool,2,6.14,5.77,6.51,False,False,1.0,1.0
QSKAZCNCPOMALT,training_pool,1,4.84,4.84,4.84,False,False,0.0,0.0
QSLNOYIPCSNQKT,training_pool,1,5.1,5.1,5.1,False,False,0.0,1.0
QSMQSFSRWWOFAN,training_pool,1,6.52,6.52,6.52,False,False,1.0,1.0
QSSFQCIDYRJNEF,training_pool,1,6.05,6.05,6.05,False,False,1.0,1.0
QSVHHRURRYWSQZ,training_pool,1,5.1,5.1,5.1,False,False,0.0,1.0
QTLNDZISXAASHT,training_pool,1,7.28,7.28,7.28,False,False,1.0,1.0
QTNCGRLVLIWKLU,training_pool,1,5.75,5.75,5.75,False,False,0.0,1.0
QTTMATFVNLBTFV,training_pool,2,5.84,5.42,6.26,False,False,0.0,1.0
QTYWTQHCPSOERT,training_pool,1,7.3,7.3,7.3,False,False,1.0,1.0
QTYZIHUQYLPTEJ,training_pool,5,7.14,5.75,8.12,True,False,,1.0
QUAKYPDJWYQIGT,training_pool,1,5.22,5.22,5.22,False,False,0.0,1.0
QUIKTBHWZAAFQH,training_pool,1,7.55,7.55,7.55,False,False,1.0,1.0
QUKICXMMPBNHGQ,training_pool,1,5.82,5.82,5.82,False,False,0.0,1.0
QUMYSGHFMQGJFX,training_pool,1,8.3,8.3,8.3,False,False,1.0,1.0
QUOCCWRYMRTUAC,training_pool,1,4.46,4.46,4.46,False,False,0.0,0.0
QUVHDJSZHHKWSL,training_pool,1,4.92,4.92,4.92,False,False,0.0,0.0
QUVNXCFAMZQWJV,training_pool,1,5.43,5.43,5.43,False,False,0.0,1.0
QVCCPEQQOASTPW,training_pool,1,6.35,6.35,6.35,False,False,1.0,1.0
QVLCAQOXXBVBFR,training_pool,1,5.48,5.48,5.48,False,False,0.0,1.0
QVNBSMZFDSBWNZ,training_pool,1,8.1,8.1,8.1,False,False,1.0,1.0
QVPDRFYJQHCIEB,training_pool,3,7.75,6.52,8.0,False,False,1.0,1.0
QVSMHFXSOSVCTP,training_pool,1,6.26,6.26,6.26,False,False,1.0,1.0
QVYWHCXTWBDFCX,training_pool,1,4.75,4.75,4.75,False,False,0.0,0.0
QWEKIHNVBWZXDA,training_pool,1,8.18,8.18,8.18,False,False,1.0,1.0
QWGFBJWNBZWBPO,training_pool,1,4.75,4.75,4.75,False,False,0.0,0.0
QWLSQQPLRMWLMG,training_pool,1,5.58,5.58,5.58,False,False,0.0,1.0
QWRYMPQTLNRZEE,training_pool,1,6.66,6.66,6.66,False,False,1.0,1.0
QWTBQYLKKFHZCI,training_pool,1,6.52,6.52,6.52,False,False,1.0,1.0
QWWOBXJJZBGRKO,training_pool,1,5.46,5.46,5.46,False,False,0.0,1.0
QWXUMVQWVLLOKZ,training_pool,1,6.03,6.03,6.03,False,False,1.0,1.0
QWZJQZBFJWDVON,training_pool,1,7.82,7.82,7.82,False,False,1.0,1.0
QXDGNEAMXDYCAK,training_pool,1,5.82,5.82,5.82,False,False,0.0,1.0
QXJFGBCXQWQNKE,training_pool,1,6.75,6.75,6.75,False,False,1.0,1.0
QXJHSRWDYCYSRO,training_pool,1,6.17,6.17,6.17,False,False,1.0,1.0
QXNKKAWIRPNWSY,training_pool,1,4.44,4.44,4.44,False,False,0.0,0.0
QXOFUBBGDWTZJX,training_pool,1,6.6,6.6,6.6,False,False,1.0,1.0
QXOHUUUSFJPFTN,training_pool,1,7.33,7.33,7.33,False,False,1.0,1.0
QXPOHFKFFDZLPM,training_pool,2,7.07,6.62,7.52,False,False,1.0,1.0
QYLIQJQSFODNCS,training_pool,2,6.609999999999999,5.5,7.72,True,False,,1.0
QYSPLQLAKJAUJT,training_pool,1,4.05,4.05,4.05,False,False,0.0,0.0
QZDHBGDHOYXBBJ,training_pool,1,6.24,6.24,6.24,False,False,1.0,1.0
QZKHIYMJTANUNW,training_pool,1,7.22,7.22,7.22,False,False,1.0,1.0
QZLYORBDDDBZHV,training_pool,1,5.96,5.96,5.96,False,False,0.0,1.0
QZMXDJPBJZDNMK,training_pool,1,5.7,5.7,5.7,False,False,0.0,1.0
QZOXMKNWQZCVDE,training_pool,1,8.7,8.7,8.7,False,False,1.0,1.0
QZSPOJXXPCQISC,training_pool,1,8.1,8.1,8.1,False,False,1.0,1.0
QZXGOVNFJRDIFO,training_pool,1,5.57,5.57,5.57,False,False,0.0,1.0
QZZAWDUEHAPFKB,training_pool,1,7.92,7.92,7.92,False,False,1.0,1.0
RAAKAJZRNDJUSQ,training_pool,1,7.1,7.1,7.1,False,False,1.0,1.0
RAECDKKKKNJXTF,training_pool,3,5.38,5.31,5.68,False,False,0.0,1.0
RAMPXBCEBDAPGP,training_pool,1,8.4,8.4,8.4,False,False,1.0,1.0
RAPNSCJOLDZWBV,training_pool,1,4.85,4.85,4.85,False,False,0.0,0.0
RAQJKKKEBDFPGW,training_pool,1,5.47,5.47,5.47,False,False,0.0,1.0
RAQUSUKRSYUEMK,training_pool,1,4.5,4.5,4.5,False,False,0.0,0.0
RARJAXSEGURFJA,training_pool,1,5.98,5.98,5.98,False,False,0.0,1.0
RARKOFUHMJCVPD,training_pool,1,6.6,6.6,6.6,False,False,1.0,1.0
RAUHMMADXJJVRP,training_pool,3,8.3,8.15,9.3,False,False,1.0,1.0
RBGFKEUJCNZJPL,training_pool,1,5.2,5.2,5.2,False,False,0.0,1.0
RBILWSWOVJYNHA,training_pool,1,7.82,7.82,7.82,False,False,1.0,1.0
RBJDLVWWKGFLIS,training_pool,1,5.03,5.03,5.03,False,False,0.0,1.0
RBVSCZVYIOGURA,training_pool,1,5.16,5.16,5.16,False,False,0.0,1.0
RBYUXNKKRZGNIT,training_pool,2,7.225,6.8,7.65,False,False,1.0,1.0
RBZISARSXQPWLZ,training_pool,1,7.66,7.66,7.66,False,False,1.0,1.0
RCCBZHCGCLJHRU,training_pool,1,7.82,7.82,7.82,False,False,1.0,1.0
RCEWLGWTZHROAQ,training_pool,1,5.19,5.19,5.19,False,False,0.0,1.0
RCOODISMOULOJD,training_pool,2,7.54,7.33,7.75,False,False,1.0,1.0
RCOXTTLIGHDQHU,training_pool,1,6.4,6.4,6.4,False,False,1.0,1.0
RCOZORRQMHAKHL,training_pool,1,6.76,6.76,6.76,False,False,1.0,1.0
RDDACGGTEDFKEE,training_pool,1,6.68,6.68,6.68,False,False,1.0,1.0
RDNWTIGPUQYVIH,training_pool,1,4.99,4.99,4.99,False,False,0.0,0.0
RDTKKRJPHQHVRG,training_pool,1,4.33,4.33,4.33,False,False,0.0,0.0
RDVMVFHKIXFZDK,training_pool,2,7.1850000000000005,7.0,7.37,False,False,1.0,1.0
REABNDGYSHQLKZ,training_pool,1,7.85,7.85,7.85,False,False,1.0,1.0
REDAATULTWUFNX,training_pool,1,7.4,7.4,7.4,False,False,1.0,1.0
REDHNRDNFAPMGP,training_pool,1,7.04,7.04,7.04,False,False,1.0,1.0
REEHPTZXDPTHNZ,training_pool,1,4.78,4.78,4.78,False,False,0.0,0.0
REFAJBAAPNOYGB,training_pool,1,4.0,4.0,4.0,False,False,0.0,0.0
REFJWTPEDVJJIY,flora,1,4.54,4.54,4.54,False,False,0.0,0.0
REZHAXYLGBBBRV,training_pool,1,7.1,7.1,7.1,False,False,1.0,1.0
REZUEMXVPUZAMZ,training_pool,1,4.1,4.1,4.1,False,False,0.0,0.0
RFESRTOEUQLFML,training_pool,1,4.72,4.72,4.72,False,False,0.0,0.0
RFIAJKVCYHULHF,training_pool,1,6.92,6.92,6.92,False,False,1.0,1.0
RFNXRHDARWEVTJ,training_pool,1,5.47,5.47,5.47,False,False,0.0,1.0
RFPZMXMBYMEQHZ,training_pool,1,6.58,6.58,6.58,False,False,1.0,1.0
RFUICONZPZXSGF,training_pool,1,6.35,6.35,6.35,False,False,1.0,1.0
RFYNCQDEEMNSRV,training_pool,1,5.0,5.0,5.0,False,False,0.0,1.0
RFYXXAAUMNFXQX,training_pool,1,5.7,5.7,5.7,False,False,0.0,1.0
RFZWCDJCCQBGPO,training_pool,1,5.04,5.04,5.04,False,False,0.0,1.0
RGANEMJXHWAHQI,training_pool,1,7.7,7.7,7.7,False,False,1.0,1.0
RGCODIYWIXHXEZ,training_pool,1,5.16,5.16,5.16,False,False,0.0,1.0
RGNYCPAQCVDFOA,training_pool,1,5.47,5.47,5.47,False,False,0.0,1.0
RGOHPHPCZDMVSK,training_pool,1,5.85,5.85,5.85,False,False,0.0,1.0
RGPXNWIEBIICBE,training_pool,1,6.16,6.16,6.16,False,False,1.0,1.0
RGUGRLMTFNHYLE,training_pool,2,5.095000000000001,5.08,5.11,False,False,0.0,1.0
RGXSMAYXKHOHSL,training_pool,1,5.28,5.28,5.28,False,False,0.0,1.0
RGZLKFJQBVSTME,training_pool,1,6.91,6.91,6.91,False,False,1.0,1.0
RHGNHMLGPVIZOE,training_pool,1,6.38,6.38,6.38,False,False,1.0,1.0
RHMRGXIFCHMUBP,training_pool,1,7.0,7.0,7.0,False,False,1.0,1.0
RHPWOEFSQBYIMW,training_pool,1,7.37,7.37,7.37,False,False,1.0,1.0
RHSAKZRCPXWFSW,training_pool,1,4.93,4.93,4.93,False,False,0.0,0.0
RHTSKOPBSZUGID,training_pool,1,6.58,6.58,6.58,False,False,1.0,1.0
RHULDSMZUNDRJY,training_pool,1,7.9,7.9,7.9,False,False,1.0,1.0
RHVGWXKMQNCFMA,training_pool,1,4.91,4.91,4.91,False,False,0.0,0.0
RHVOATXSWKOVKB,training_pool,1,6.0,6.0,6.0,False,False,1.0,1.0
RHYIWAFPYAGSFF,training_pool,1,4.84,4.84,4.84,False,False,0.0,0.0
RHYPLXHTNFTLQW,training_pool,1,6.28,6.28,6.28,False,False,1.0,1.0
RHZXDVCKUWPBFF,training_pool,1,5.67,5.67,5.67,False,False,0.0,1.0
RHZYCASJFPXTCW,training_pool,1,7.4,7.4,7.4,False,False,1.0,1.0
RICMKGQEVPIXFQ,training_pool,1,7.72,7.72,7.72,False,False,1.0,1.0
RICPKTHXDKXBDC,training_pool,1,7.06,7.06,7.06,False,False,1.0,1.0
RIPJZAAQKYNYFH,training_pool,1,6.14,6.14,6.14,False,False,1.0,1.0
RIRLWPVSGQEVRA,training_pool,2,5.97,5.42,6.52,True,False,,1.0
RIZFWOPNUQFLEF,training_pool,1,6.62,6.62,6.62,False,False,1.0,1.0
RJIWZDNTCBHXAL,training_pool,1,6.0,6.0,6.0,False,False,1.0,1.0
RJLFFORRWAKCPP,training_pool,1,6.55,6.55,6.55,False,False,1.0,1.0
RJMUGLYVCLYNDC,training_pool,1,4.0,4.0,4.0,False,False,0.0,0.0
RJRAUTTUFDLEDK,training_pool,1,6.16,6.16,6.16,False,False,1.0,1.0
RJSDTPFJUFTRBH,training_pool,1,5.58,5.58,5.58,False,False,0.0,1.0
RJTNBPZVAKKVNU,training_pool,1,6.63,6.63,6.63,False,False,1.0,1.0
RJWSPJVBYONZKN,training_pool,1,5.95,5.95,5.95,False,False,0.0,1.0
RKBLUAQBJHREKW,training_pool,1,5.44,5.44,5.44,False,False,0.0,1.0
RKDRZOIGQPIOJE,training_pool,1,7.5,7.5,7.5,False,False,1.0,1.0
RKEKUEBGNLSUBT,training_pool,1,6.77,6.77,6.77,False,False,1.0,1.0
RKELTGFGNOTWPJ,training_pool,1,6.0,6.0,6.0,False,False,1.0,1.0
RKGGTHPEGXJODP,training_pool,1,6.7,6.7,6.7,False,False,1.0,1.0
RKNSLLSUFWWYCA,training_pool,2,6.175,5.39,6.96,True,False,,1.0
RKWMWTYLVQBARR,training_pool,1,4.18,4.18,4.18,False,False,0.0,0.0
RKXPJRNZVATIAB,training_pool,1,4.9,4.9,4.9,False,False,0.0,0.0
RLCSMEASWTXBRD,training_pool,1,6.96,6.96,6.96,False,False,1.0,1.0
RLFWWDJHLFCNIJ,training_pool,1,4.38,4.38,4.38,False,False,0.0,0.0
RLHUVEMVZGASTE,training_pool,1,6.73,6.73,6.73,False,False,1.0,1.0
RLNWGQPGXIQIAR,training_pool,1,4.17,4.17,4.17,False,False,0.0,0.0
RLQBRAOSTVYWMR,training_pool,1,5.47,5.47,5.47,False,False,0.0,1.0
RMARUWMZUTXBJC,training_pool,1,7.33,7.33,7.33,False,False,1.0,1.0
RMGDLMHHJZVGLT,training_pool,1,5.6,5.6,5.6,False,False,0.0,1.0
RMJZYHPSFHOHAM,training_pool,1,5.57,5.57,5.57,False,False,0.0,1.0
RMMFNLCTUOLYOS,training_pool,1,5.3,5.3,5.3,False,False,0.0,1.0
RMNZCGCTZXGMOV,training_pool,1,7.0,7.0,7.0,False,False,1.0,1.0
RMWPVHACDSIQRH,training_pool,1,5.72,5.72,5.72,False,False,0.0,1.0
RNMRGHIWLVUBOE,training_pool,1,4.51,4.51,4.51,False,False,0.0,0.0
RNPWGOXUYNQYBW,training_pool,1,6.42,6.42,6.42,False,False,1.0,1.0
RNSDUBSZLCYQHW,training_pool,1,7.92,7.92,7.92,False,False,1.0,1.0
RNWMHBCUGLUQES,training_pool,1,5.0,5.0,5.0,False,False,0.0,1.0
RNZOILMUIJSTSY,training_pool,1,5.21,5.21,5.21,False,False,0.0,1.0
ROGIZQKZYSAYNA,training_pool,1,5.52,5.52,5.52,False,False,0.0,1.0
ROURCEVSUZAAPZ,training_pool,1,6.28,6.28,6.28,False,False,1.0,1.0
ROVIGEJGXWWFCU,training_pool,1,6.4,6.4,6.4,False,False,1.0,1.0
ROWUKXFOSRSTCP,training_pool,1,6.32,6.32,6.32,False,False,1.0,1.0
RPKVLAADGAFYKB,training_pool,1,6.15,6.15,6.15,False,False,1.0,1.0
RPLMDRJNQMFOJT,training_pool,1,5.96,5.96,5.96,False,False,0.0,1.0
RPTFKXDBRBKHQU,training_pool,1,5.62,5.62,5.62,False,False,0.0,1.0
RQCHROSBEWTPMH,training_pool,1,4.27,4.27,4.27,False,False,0.0,0.0
RQKNHGJPORHAPH,training_pool,1,4.76,4.76,4.76,False,False,0.0,0.0
RQVVYXPUTAFVJV,training_pool,1,6.01,6.01,6.01,False,False,1.0,1.0
RRKBFCHMSRWBJV,training_pool,1,7.3,7.3,7.3,False,False,1.0,1.0
RRMYFAUOOIISIJ,training_pool,1,4.24,4.24,4.24,False,False,0.0,0.0
RRQDXVLCGBXZKN,training_pool,1,4.97,4.97,4.97,False,False,0.0,0.0
RRRXFUYNAICAAP,training_pool,1,6.96,6.96,6.96,False,False,1.0,1.0
RRYSRGHPUWPQCU,training_pool,1,6.0,6.0,6.0,False,False,1.0,1.0
RSABMOYFBOLDLO,training_pool,2,7.16,7.1,7.22,False,False,1.0,1.0
RSBRJXFEZDIJFL,training_pool,1,6.92,6.92,6.92,False,False,1.0,1.0
RSOJOMNPDYLXBN,training_pool,1,5.4,5.4,5.4,False,False,0.0,1.0
RSUQEXZTWDADTB,training_pool,1,5.42,5.42,5.42,False,False,0.0,1.0
RSVKRWJGUDWYLS,training_pool,1,8.52,8.52,8.52,False,False,1.0,1.0
RSYPHTZEXAJUHX,training_pool,1,7.8,7.8,7.8,False,False,1.0,1.0
RSYUFYQTACJFML,flora,1,4.16,4.16,4.16,False,False,0.0,0.0
RTBLKQRJBQTBLS,training_pool,1,6.16,6.16,6.16,False,False,1.0,1.0
RTCBYXJWDJFNFR,training_pool,1,6.3,6.3,6.3,False,False,1.0,1.0
RTDWEGLAYPOTJQ,training_pool,1,6.47,6.47,6.47,False,False,1.0,1.0
RTHQRIZEGPCCGE,training_pool,1,5.87,5.87,5.87,False,False,0.0,1.0
RTIXKCRFFJGDFG,flora,1,4.59,4.59,4.59,False,False,0.0,0.0
RTLNMGAQEOBANE,training_pool,2,5.17,5.05,5.29,False,False,0.0,1.0
RTMLEMVGTJEJFC,training_pool,1,4.17,4.17,4.17,False,False,0.0,0.0
RTTPDRSQRGKDRS,training_pool,1,4.58,4.58,4.58,False,False,0.0,0.0
RUADLYXYPZRIQS,training_pool,1,7.17,7.17,7.17,False,False,1.0,1.0
RUQCHYCKAXSHSK,training_pool,1,6.46,6.46,6.46,False,False,1.0,1.0
RUYOIFKVHOOUJH,training_pool,1,6.19,6.19,6.19,False,False,1.0,1.0
RUZSSDOKRZZSMH,training_pool,1,6.7,6.7,6.7,False,False,1.0,1.0
RVGGAZXHUJQQLD,training_pool,1,6.28,6.28,6.28,False,False,1.0,1.0
RVKSXSPRODCURZ,training_pool,1,5.85,5.85,5.85,False,False,0.0,1.0
RVVDMLSNAOCSHH,training_pool,1,8.7,8.7,8.7,False,False,1.0,1.0
RVWKKECIRPQFJF,training_pool,1,5.58,5.58,5.58,False,False,0.0,1.0
RVXAGSHPNFABBR,training_pool,1,5.75,5.75,5.75,False,False,0.0,1.0
RVXUQYKMAOJXAP,training_pool,1,5.67,5.67,5.67,False,False,0.0,1.0
RVZYHWUQJFPPLC,training_pool,1,7.82,7.82,7.82,False,False,1.0,1.0
RWFQVGQYGYLUOT,training_pool,1,8.0,8.0,8.0,False,False,1.0,1.0
RWNBBYLXHVHOBL,training_pool,1,9.0,9.0,9.0,False,False,1.0,1.0
RWOGWGFZPPSAHY,training_pool,1,4.74,4.74,4.74,False,False,0.0,0.0
RWRSAYHAZBVTII,training_pool,1,5.1,5.1,5.1,False,False,0.0,1.0
RWXBISJRHAJBBT,training_pool,1,5.41,5.41,5.41,False,False,0.0,1.0
RWXYPGOFFKXNHR,training_pool,2,7.585,7.33,7.84,False,False,1.0,1.0
RWYQXYMBOYYLEN,training_pool,1,5.59,5.59,5.59,False,False,0.0,1.0
RXAIKPJKKYQFCO,training_pool,1,6.62,6.62,6.62,False,False,1.0,1.0
RXDJXJSNFDTBPB,training_pool,1,6.77,6.77,6.77,False,False,1.0,1.0
RXDPDCRGZRRYFL,training_pool,1,5.48,5.48,5.48,False,False,0.0,1.0
RXEPIZBULZVYEH,training_pool,1,5.89,5.89,5.89,False,False,0.0,1.0
RXKPYCRZRFXIIR,training_pool,1,6.62,6.62,6.62,False,False,1.0,1.0
RXTKEXGDJYGJHQ,training_pool,1,6.46,6.46,6.46,False,False,1.0,1.0
RXVOZHMWIDRVAW,training_pool,1,6.7,6.7,6.7,False,False,1.0,1.0
RYDVHWGMMHCVIA,training_pool,2,5.99,5.88,6.1,False,False,0.0,1.0
RYPZHRBSAAITNL,training_pool,1,4.55,4.55,4.55,False,False,0.0,0.0
RYVHHALBIZKVNF,training_pool,1,5.54,5.54,5.54,False,False,0.0,1.0
RYWAXLZIHSGNRM,training_pool,1,4.83,4.83,4.83,False,False,0.0,0.0
RYXOFWLXQLIRLX,training_pool,1,4.7,4.7,4.7,False,False,0.0,0.0
RZBJOVUTEDIEQN,training_pool,1,5.48,5.48,5.48,False,False,0.0,1.0
RZDNFEBTJXOTQW,training_pool,3,6.24,5.8,6.7,False,False,1.0,1.0
RZEKVGVHFLEQIL,training_pool,68,6.93,5.06,9.33,True,False,,1.0
RZGDBAGPRVPNMA,training_pool,1,7.0,7.0,7.0,False,False,1.0,1.0
RZJQGNCSTQAWON,training_pool,33,6.58,4.58,9.0,True,True,,
RZNAWVLVWJMDMP,training_pool,1,6.58,6.58,6.58,False,False,1.0,1.0
RZSRKLMNFSWHRQ,training_pool,1,4.57,4.57,4.57,False,False,0.0,0.0
RZUDCMGEWDZMRH,training_pool,1,7.4,7.4,7.4,False,False,1.0,1.0
RZVCBSGZKOFRJK,training_pool,1,6.82,6.82,6.82,False,False,1.0,1.0
RZVSLSNFYYDNTL,training_pool,1,6.98,6.98,6.98,False,False,1.0,1.0
SADKAPNDXBMKPD,training_pool,2,5.835,4.85,6.82,True,True,,
SAFOMRPGBRDSOR,training_pool,1,5.12,5.12,5.12,False,False,0.0,1.0
SAHDFXJZEQLAHV,training_pool,1,8.39,8.39,8.39,False,False,1.0,1.0
SAIACBNNMWKMEJ,training_pool,1,5.23,5.23,5.23,False,False,0.0,1.0
SAVMISCIBLZUAE,training_pool,1,7.64,7.64,7.64,False,False,1.0,1.0
SBBHTKBJRAVMMH,training_pool,1,7.33,7.33,7.33,False,False,1.0,1.0
SBDNJUWAMKYJOX,training_pool,3,7.4,6.16,7.96,False,False,1.0,1.0
SBPBUYQZVFIIBK,training_pool,2,6.16,6.1,6.22,False,False,1.0,1.0
SBRPEJRFRRXYSL,training_pool,1,7.4,7.4,7.4,False,False,1.0,1.0
SCAUNTSWSFGRQG,training_pool,1,8.05,8.05,8.05,False,False,1.0,1.0
SCECXPYERIUNDX,training_pool,2,6.275,5.66,6.89,True,False,,1.0
SCULGKAPLBZFHZ,training_pool,1,7.53,7.53,7.53,False,False,1.0,1.0
SCUSXAUOCPFXCC,training_pool,1,6.38,6.38,6.38,False,False,1.0,1.0
SCVRJDWFWAPYGV,training_pool,1,7.33,7.33,7.33,False,False,1.0,1.0
SCYNQYGLWFZKDW,training_pool,1,7.18,7.18,7.18,False,False,1.0,1.0
SCYUPMFTYFIJTQ,training_pool,1,6.34,6.34,6.34,False,False,1.0,1.0
SDAJZYSNXFAZMY,training_pool,1,8.24,8.24,8.24,False,False,1.0,1.0
SDAWSOMZMUZZGM,training_pool,1,5.95,5.95,5.95,False,False,0.0,1.0
SDHUXIUATGJTFY,training_pool,1,4.42,4.42,4.42,False,False,0.0,0.0
SDIQCJPTAHZCAD,training_pool,1,7.8,7.8,7.8,False,False,1.0,1.0
SDMAKWYZTOWLGF,training_pool,1,4.99,4.99,4.99,False,False,0.0,0.0
SDMRJNBPRQDSQT,training_pool,1,5.16,5.16,5.16,False,False,0.0,1.0
SDUXEEOWHQUOQA,training_pool,1,7.31,7.31,7.31,False,False,1.0,1.0
SDXQVOZSTKOTEI,training_pool,1,8.19,8.19,8.19,False,False,1.0,1.0
SEAHFUVNXDCRBF,training_pool,1,6.92,6.92,6.92,False,False,1.0,1.0
SECMOZDHIHOGTE,training_pool,1,6.46,6.46,6.46,False,False,1.0,1.0
SENZFKDGZWMLAB,training_pool,1,5.15,5.15,5.15,False,False,0.0,1.0
SEOHAKCJVHNLFU,training_pool,1,8.52,8.52,8.52,False,False,1.0,1.0
SEUZLDRJXIIXNF,training_pool,1,6.3,6.3,6.3,False,False,1.0,1.0
SEZMUHRGPNOBDH,training_pool,1,4.37,4.37,4.37,False,False,0.0,0.0
SFBGMMQOTOMLPM,training_pool,1,6.39,6.39,6.39,False,False,1.0,1.0
SFHUMPQJFLDISM,training_pool,1,5.0,5.0,5.0,False,False,0.0,1.0
SFJDURCOZPZEPM,training_pool,1,5.68,5.68,5.68,False,False,0.0,1.0
SFQBHXHTLJQFQF,training_pool,1,5.1,5.1,5.1,False,False,0.0,1.0
SFRHXGFCKUOKCW,training_pool,1,6.03,6.03,6.03,False,False,1.0,1.0
SFTDLGJIDMULGE,training_pool,2,8.255,7.21,9.3,False,False,1.0,1.0
SFWBFMNNYUARAT,training_pool,1,5.57,5.57,5.57,False,False,0.0,1.0
SGBOWRKVJDJBBX,training_pool,1,6.57,6.57,6.57,False,False,1.0,1.0
SGDZIHAQLUJVRO,training_pool,1,4.78,4.78,4.78,False,False,0.0,0.0
SGFDRXFSTYSPJK,training_pool,1,5.45,5.45,5.45,False,False,0.0,1.0
SGRSWKACIRCKFL,training_pool,1,5.0,5.0,5.0,False,False,0.0,1.0
SGVCPVBBMCJFLT,training_pool,1,4.7,4.7,4.7,False,False,0.0,0.0
SGWFIJSYEOLUGL,training_pool,1,4.8,4.8,4.8,False,False,0.0,0.0
SGWVWSAHSLDLIL,training_pool,1,5.1,5.1,5.1,False,False,0.0,1.0
SGXOPFUROYPPEL,training_pool,1,5.52,5.52,5.52,False,False,0.0,1.0
SGZPDQDNNJQFNW,training_pool,1,6.82,6.82,6.82,False,False,1.0,1.0
SHAHPWSYJFYMRX,training_pool,7,5.62,4.66,6.52,True,True,,
SHJMZZBCCMGJGT,training_pool,1,4.43,4.43,4.43,False,False,0.0,0.0
SHJNUGUJSPNKHU,training_pool,1,8.0,8.0,8.0,False,False,1.0,1.0
SHMSWZKRGNJFAM,training_pool,1,5.61,5.61,5.61,False,False,0.0,1.0
SHRJIXBIBZHONM,training_pool,1,5.35,5.35,5.35,False,False,0.0,1.0
SIAFJTBGBYQTME,training_pool,1,6.2,6.2,6.2,False,False,1.0,1.0
SIGUPSKJHJMMAX,training_pool,1,7.08,7.08,7.08,False,False,1.0,1.0
SILQRUMBIKNHPN,training_pool,1,5.18,5.18,5.18,False,False,0.0,1.0
SIOJZUUTFJAOTG,training_pool,1,5.16,5.16,5.16,False,False,0.0,1.0
SIQKIHDMMSXZHB,training_pool,1,5.99,5.99,5.99,False,False,0.0,1.0
SIRBZAXVIYKVEZ,training_pool,1,5.9,5.9,5.9,False,False,0.0,1.0
SISYXDKWQNMXTA,training_pool,1,4.53,4.53,4.53,False,False,0.0,0.0
SIXNALKWXBSJOO,training_pool,1,6.55,6.55,6.55,False,False,1.0,1.0
SJAGHGUEEOPKBG,training_pool,1,5.19,5.19,5.19,False,False,0.0,1.0
SJBBJXQQVARXRR,training_pool,1,7.0,7.0,7.0,False,False,1.0,1.0
SJBWUBXCWOQJPC,training_pool,1,6.97,6.97,6.97,False,False,1.0,1.0
SJGLATBDKKFBJO,training_pool,1,6.04,6.04,6.04,False,False,1.0,1.0
SJJVIJKGAXQXSH,training_pool,1,8.22,8.22,8.22,False,False,1.0,1.0
SJKXQWZJYOQHJG,training_pool,1,6.16,6.16,6.16,False,False,1.0,1.0
SJLVVNVCCNUXHZ,training_pool,2,6.265000000000001,5.16,7.37,True,False,,1.0
SJQBHPJLLIJASD,training_pool,1,6.27,6.27,6.27,False,False,1.0,1.0
SJQHTKCFPLTJMC,training_pool,2,7.25,7.1,7.4,False,False,1.0,1.0
SJQYXSIKYYHNSV,training_pool,1,5.63,5.63,5.63,False,False,0.0,1.0
SJRPUWRGVOMVIY,training_pool,1,6.36,6.36,6.36,False,False,1.0,1.0
SKCXKQTWQQFWDU,training_pool,1,6.5,6.5,6.5,False,False,1.0,1.0
SKIKLPIEKQBZOJ,training_pool,1,6.85,6.85,6.85,False,False,1.0,1.0
SKIMPVLHYLMHEE,training_pool,1,6.55,6.55,6.55,False,False,1.0,1.0
SKQVPMRXOSQJMV,training_pool,1,5.87,5.87,5.87,False,False,0.0,1.0
SKRYOMWRSIUPOC,training_pool,1,6.66,6.66,6.66,False,False,1.0,1.0
SKTGPKPCUUTGSD,training_pool,1,7.42,7.42,7.42,False,False,1.0,1.0
SLCHLEMDQSMYSS,training_pool,1,4.67,4.67,4.67,False,False,0.0,0.0
SLHDJQISKMIKNQ,training_pool,1,4.36,4.36,4.36,False,False,0.0,0.0
SLMRXKYNFFZDRU,training_pool,1,5.2,5.2,5.2,False,False,0.0,1.0
SLRCLRFZXHWGEW,training_pool,1,7.37,7.37,7.37,False,False,1.0,1.0
SLRUKOOLECYYPS,training_pool,1,5.89,5.89,5.89,False,False,0.0,1.0
SLUYEFYEFFMLQC,training_pool,1,7.47,7.47,7.47,False,False,1.0,1.0
SLWFGNQOCSTYTG,training_pool,1,6.51,6.51,6.51,False,False,1.0,1.0
SLXXLDBGJKCVGS,training_pool,2,5.445,5.43,5.46,False,False,0.0,1.0
SMKYYKKGDKGDEM,training_pool,1,5.56,5.56,5.56,False,False,0.0,1.0
SMLVDZRMBJBUOX,training_pool,1,7.41,7.41,7.41,False,False,1.0,1.0
SMTBZOBLEASWDA,training_pool,1,7.93,7.93,7.93,False,False,1.0,1.0
SMZIIVFYVVKQLA,training_pool,1,4.91,4.91,4.91,False,False,0.0,0.0
SNFGCKVCPRRLSV,training_pool,1,5.71,5.71,5.71,False,False,0.0,1.0
SNGYIJXVPYURDI,training_pool,1,5.34,5.34,5.34,False,False,0.0,1.0
SNJVXEVRMWGISW,training_pool,1,8.0,8.0,8.0,False,False,1.0,1.0
SNPVCUNFLUMOJV,training_pool,1,5.48,5.48,5.48,False,False,0.0,1.0
SNQCXPUFKABVNR,training_pool,1,5.16,5.16,5.16,False,False,0.0,1.0
SNSNKHOGRIQHBJ,training_pool,2,4.915,4.32,5.51,False,True,0.0,
SOBSJMUIZIGVGH,training_pool,1,5.82,5.82,5.82,False,False,0.0,1.0
SOCDFDQSDXQOHR,training_pool,2,6.365,5.77,6.96,True,False,,1.0
SOCFAPJBKSNKPG,training_pool,1,5.95,5.95,5.95,False,False,0.0,1.0
SOHFVFXITPDEDK,training_pool,1,5.31,5.31,5.31,False,False,0.0,1.0
SOKZUMXDTXODPI,training_pool,1,6.38,6.38,6.38,False,False,1.0,1.0
SOMQKDXESCMJOF,training_pool,1,4.28,4.28,4.28,False,False,0.0,0.0
SOTJQPUQQBYVMB,training_pool,1,5.7,5.7,5.7,False,False,0.0,1.0
SOXCONLVKYENQQ,training_pool,2,5.6,4.68,6.52,True,True,,
SOYBTGDDZZAPSW,training_pool,1,4.12,4.12,4.12,False,False,0.0,0.0
SPEGIBOZTKTZDM,training_pool,1,7.52,7.52,7.52,False,False,1.0,1.0
SPWBLYVVRZOUFL,training_pool,1,5.58,5.58,5.58,False,False,0.0,1.0
SPXVBDZYHUONHR,training_pool,1,6.06,6.06,6.06,False,False,1.0,1.0
SQCUCAFRPJCACB,training_pool,1,4.89,4.89,4.89,False,False,0.0,0.0
SQJLTDFIOMWZDE,training_pool,1,4.71,4.71,4.71,False,False,0.0,0.0
SQQJATJQZCRBEZ,training_pool,1,5.92,5.92,5.92,False,False,0.0,1.0
SRDXRPFGRDRORW,training_pool,1,7.36,7.36,7.36,False,False,1.0,1.0
SRFGWTPNTIVYHR,training_pool,1,7.33,7.33,7.33,False,False,1.0,1.0
SRHADSQOELLZQS,training_pool,1,6.68,6.68,6.68,False,False,1.0,1.0
SRHMWOVLKCDPJE,training_pool,1,4.72,4.72,4.72,False,False,0.0,0.0
SRMAASVIMQWVFG,training_pool,1,6.32,6.32,6.32,False,False,1.0,1.0
SROFZMVMGQCTHO,training_pool,1,6.55,6.55,6.55,False,False,1.0,1.0
SROSPGQNFCAFNO,training_pool,1,5.52,5.52,5.52,False,False,0.0,1.0
SRVKFGCVJMHEKC,training_pool,1,6.7,6.7,6.7,False,False,1.0,1.0
SRZRYXSPNGRFHP,training_pool,1,4.4,4.4,4.4,False,False,0.0,0.0
SSBRGYWKBCIRNI,training_pool,1,5.0,5.0,5.0,False,False,0.0,1.0
SSFFYRPUPWNGCV,training_pool,2,5.9399999999999995,5.82,6.06,False,False,0.0,1.0
SSIAPPPVWSHIRZ,training_pool,1,4.0,4.0,4.0,False,False,0.0,0.0
SSKHYGRFDWMFKQ,training_pool,1,5.51,5.51,5.51,False,False,0.0,1.0
SSKWHCLRHCGDHY,training_pool,1,7.36,7.36,7.36,False,False,1.0,1.0
SSOAVWNAOMKQNW,training_pool,1,6.82,6.82,6.82,False,False,1.0,1.0
SSUJSRHMLFBGKA,training_pool,2,7.85,7.7,8.0,False,False,1.0,1.0
STARCPGIQQHSJB,training_pool,1,5.92,5.92,5.92,False,False,0.0,1.0
STBQFYDBKQFENT,training_pool,1,7.24,7.24,7.24,False,False,1.0,1.0
STCYPKHHZKEGMK,training_pool,1,7.82,7.82,7.82,False,False,1.0,1.0
STJRKOSFXQVXQA,training_pool,1,6.55,6.55,6.55,False,False,1.0,1.0
STMDMLVEEZZZEO,training_pool,2,6.615,6.07,7.16,False,False,1.0,1.0
STNFHIJXLGRFLA,training_pool,1,7.57,7.57,7.57,False,False,1.0,1.0
STQCNLNBMACVIC,training_pool,2,7.0,6.85,7.15,False,False,1.0,1.0
STQZHEBCTQDGPG,training_pool,1,6.55,6.55,6.55,False,False,1.0,1.0
STTDSULBWXDCHO,training_pool,1,4.21,4.21,4.21,False,False,0.0,0.0
SULWDMKTFBCZIO,training_pool,1,5.62,5.62,5.62,False,False,0.0,1.0
SUOXGDJCEWTZIZ,training_pool,1,4.14,4.14,4.14,False,False,0.0,0.0
SUPGJGAKZVCLNU,training_pool,1,4.3,4.3,4.3,False,False,0.0,0.0
SUQCRCLGWFOJRL,training_pool,1,5.57,5.57,5.57,False,False,0.0,1.0
SUTUBQHKZRNZRA,flora,1,4.7,4.7,4.7,False,False,0.0,0.0
SUVMJBTUFCVSAD,training_pool,1,5.2,5.2,5.2,False,False,0.0,1.0
SUZXNODIMMRFSK,training_pool,1,6.72,6.72,6.72,False,False,1.0,1.0
SVCOIWNLAZURAG,training_pool,1,6.66,6.66,6.66,False,False,1.0,1.0
SVGKFJPZWBBIIE,training_pool,1,6.75,6.75,6.75,False,False,1.0,1.0
SVHSGKFLTVBGOL,training_pool,1,7.63,7.63,7.63,False,False,1.0,1.0
SVICXEVBBOHCKV,training_pool,2,10.05,10.05,10.05,False,False,1.0,1.0
SVNUAFJROXPWFA,training_pool,1,6.48,6.48,6.48,False,False,1.0,1.0
SVNWXRNLNXIUEP,training_pool,1,5.22,5.22,5.22,False,False,0.0,1.0
SVSFRUVDCJWHOW,training_pool,1,7.18,7.18,7.18,False,False,1.0,1.0
SVZNVJJTDUBPCR,training_pool,1,5.91,5.91,5.91,False,False,0.0,1.0
SWGQDALLVYMSDI,training_pool,1,7.1,7.1,7.1,False,False,1.0,1.0
SWGSPVCVQPOXFZ,training_pool,2,8.135,7.57,8.7,False,False,1.0,1.0
SWJLBOMPQPZHSM,training_pool,1,5.64,5.64,5.64,False,False,0.0,1.0
SWKJNOXVYRUXGY,training_pool,1,7.05,7.05,7.05,False,False,1.0,1.0
SWKWTJVJCSGVET,training_pool,1,8.52,8.52,8.52,False,False,1.0,1.0
SWLWPNCYNMXQOD,training_pool,1,7.68,7.68,7.68,False,False,1.0,1.0
SWMJVNJTIZRMTI,training_pool,1,7.27,7.27,7.27,False,False,1.0,1.0
SWQGCPSWRKAIFP,training_pool,1,6.82,6.82,6.82,False,False,1.0,1.0
SWSRLVOJNNQFCC,training_pool,1,5.17,5.17,5.17,False,False,0.0,1.0
SWUARLUWKZWEBQ,training_pool,1,4.09,4.09,4.09,False,False,0.0,0.0
SWUVZSFIBSMELP,training_pool,1,4.25,4.25,4.25,False,False,0.0,0.0
SWXNCGKRMSZERA,training_pool,1,7.47,7.47,7.47,False,False,1.0,1.0
SXDDZTZBQZLAJJ,training_pool,1,7.5,7.5,7.5,False,False,1.0,1.0
SXDSOEDAYAZNPL,training_pool,1,7.74,7.74,7.74,False,False,1.0,1.0
SXKLHMSNRLIXOV,training_pool,1,5.24,5.24,5.24,False,False,0.0,1.0
SXNVEZCCWFOWDA,training_pool,1,4.17,4.17,4.17,False,False,0.0,0.0
SXRSLXYKFPVRRL,training_pool,1,8.22,8.22,8.22,False,False,1.0,1.0
SXTSFBHTDSDNGL,training_pool,1,6.08,6.08,6.08,False,False,1.0,1.0
SXWQDBOMSBIMCY,training_pool,1,6.92,6.92,6.92,False,False,1.0,1.0
SYAQGJMIDFJIMM,training_pool,1,6.51,6.51,6.51,False,False,1.0,1.0
SYCDCMGVFQIMAR,training_pool,2,7.205,6.19,8.22,False,False,1.0,1.0
SYCHANOVJYXIAL,training_pool,2,7.115,7.07,7.16,False,False,1.0,1.0
SYPLJSPPNMWDAH,training_pool,1,5.01,5.01,5.01,False,False,0.0,1.0
SYSVLGHQDUURRS,training_pool,1,4.42,4.42,4.42,False,False,0.0,0.0
SYSVNAHCFMMHPH,training_pool,1,7.5,7.5,7.5,False,False,1.0,1.0
SYTBZMRGLBWNTM,training_pool,6,6.215,5.7,8.0,True,False,,1.0
SYUJPVIDABKJNR,training_pool,1,5.01,5.01,5.01,False,False,0.0,1.0
SYUZXCHRMKPZQM,training_pool,1,4.44,4.44,4.44,False,False,0.0,0.0
SZAIXFSNPPEGOG,training_pool,1,8.0,8.0,8.0,False,False,1.0,1.0
SZCPTIMHIJLVPQ,training_pool,1,4.82,4.82,4.82,False,False,0.0,0.0
SZFNTEQZZWVASI,training_pool,1,6.28,6.28,6.28,False,False,1.0,1.0
SZHKSRZKPUOAGO,training_pool,1,6.06,6.06,6.06,False,False,1.0,1.0
SZLXODFNYJHGLI,training_pool,1,4.42,4.42,4.42,False,False,0.0,0.0
SZNZPUJIPGZIKW,training_pool,1,5.15,5.15,5.15,False,False,0.0,1.0
SZQLJRUPQGEKLC,training_pool,2,7.41,6.81,8.01,False,False,1.0,1.0
SZXXTHFNGLCWIO,training_pool,1,7.96,7.96,7.96,False,False,1.0,1.0
TTYUDVOWOWVZSA,training_pool,1,8.19,8.19,8.19,False,False,1.0,1.0
TTZICBNUTQRYAS,training_pool,1,6.98,6.98,6.98,False,False,1.0,1.0
TTZNQDOUNXBMJV,training_pool,1,7.39,7.39,7.39,False,False,1.0,1.0
TTZRXNJPNQHWRS,training_pool,1,4.21,4.21,4.21,False,False,0.0,0.0
TUALLEZRBWTMMQ,training_pool,1,6.39,6.39,6.39,False,False,1.0,1.0
TULLSLGBGGWCPD,training_pool,1,7.3,7.3,7.3,False,False,1.0,1.0
TULMYMURBSZCRC,training_pool,1,8.92,8.92,8.92,False,False,1.0,1.0
TULSRFAOYNXAQA,training_pool,1,6.68,6.68,6.68,False,False,1.0,1.0
TUWLTKDGXJGJDW,training_pool,1,5.15,5.15,5.15,False,False,0.0,1.0
TVBPGLLMHWPJSD,training_pool,2,9.85,9.85,9.85,False,False,1.0,1.0
TVBSMSWWIVWXMI,training_pool,1,6.02,6.02,6.02,False,False,1.0,1.0
TVETVUKIGCRVNH,training_pool,1,7.92,7.92,7.92,False,False,1.0,1.0
TVQQGOLXTDUULU,training_pool,1,6.47,6.47,6.47,False,False,1.0,1.0
TVRVWEIDODGQSF,training_pool,1,4.93,4.93,4.93,False,False,0.0,0.0
TVSFBCFQMGXADL,training_pool,2,6.890000000000001,6.21,7.57,False,False,1.0,1.0
TVVPAASVSWBDPM,training_pool,1,4.16,4.16,4.16,False,False,0.0,0.0
TWACCSCUXLTNIQ,training_pool,1,5.87,5.87,5.87,False,False,0.0,1.0
TWBAIIDDFLEGPI,training_pool,1,5.67,5.67,5.67,False,False,0.0,1.0
TWEBVZGGSPXQFH,training_pool,1,6.22,6.22,6.22,False,False,1.0,1.0
TWFWBPAECNVTPQ,training_pool,1,6.58,6.58,6.58,False,False,1.0,1.0
TWJQPCJYVLCHCN,training_pool,1,6.19,6.19,6.19,False,False,1.0,1.0
TWOUDRJRIGZZPR,training_pool,1,7.16,7.16,7.16,False,False,1.0,1.0
TXIDPRILKFJQCY,training_pool,1,7.23,7.23,7.23,False,False,1.0,1.0
TXMIOBGEEHTBRF,training_pool,1,6.0,6.0,6.0,False,False,1.0,1.0
TXNPZIGQKJSGPU,training_pool,1,4.87,4.87,4.87,False,False,0.0,0.0
TXOOCDJSYIIOLV,training_pool,1,6.66,6.66,6.66,False,False,1.0,1.0
TXPRFIRYMHWJRY,training_pool,1,5.92,5.92,5.92,False,False,0.0,1.0
TXRHVHRTTYBPNN,training_pool,1,7.48,7.48,7.48,False,False,1.0,1.0
TYAYDVXOPBERFS,training_pool,1,4.71,4.71,4.71,False,False,0.0,0.0
TYBRBICVEBVROP,training_pool,1,8.15,8.15,8.15,False,False,1.0,1.0
TYDJUENTMIDQHP,training_pool,1,5.0,5.0,5.0,False,False,0.0,1.0
TYFDFVOVTFVCLR,training_pool,1,4.92,4.92,4.92,False,False,0.0,0.0
TYOHCIDUTNKHFX,training_pool,1,4.62,4.62,4.62,False,False,0.0,0.0
TYOPHOWLIWUDSN,training_pool,1,7.89,7.89,7.89,False,False,1.0,1.0
TYORKQCCPSQNJF,training_pool,1,7.62,7.62,7.62,False,False,1.0,1.0
TYTYBKRSGLIEGE,training_pool,1,7.16,7.16,7.16,False,False,1.0,1.0
TYZNQCNJYPBIKM,training_pool,1,4.5,4.5,4.5,False,False,0.0,0.0
TZDYLQXXQBGTKM,training_pool,1,5.19,5.19,5.19,False,False,0.0,1.0
TZFWDZAJJMUALL,training_pool,1,5.33,5.33,5.33,False,False,0.0,1.0
TZIFVBRWFVXOKP,training_pool,1,7.29,7.29,7.29,False,False,1.0,1.0
TZJTVKHEWKAGEO,training_pool,1,6.33,6.33,6.33,False,False,1.0,1.0
TZOMOHQHOGZCPT,training_pool,1,7.0,7.0,7.0,False,False,1.0,1.0
TZRHLKRLEZJVIJ,training_pool,1,8.3,8.3,8.3,False,False,1.0,1.0
TZUKXDRCVJCLLL,training_pool,1,5.75,5.75,5.75,False,False,0.0,1.0
TZVOLYZIRGQFOF,training_pool,1,7.53,7.53,7.53,False,False,1.0,1.0
UABIVDZNEVHSRY,training_pool,1,6.72,6.72,6.72,False,False,1.0,1.0
UACAUPVKINRZBT,training_pool,1,7.22,7.22,7.22,False,False,1.0,1.0
UAGNZJQVLGANQH,training_pool,1,5.21,5.21,5.21,False,False,0.0,1.0
UAGQKNVABGCDHM,training_pool,1,8.3,8.3,8.3,False,False,1.0,1.0
UALGIHWFQTYUOP,training_pool,1,6.03,6.03,6.03,False,False,1.0,1.0
UAMFJPWONGDZLS,training_pool,1,4.25,4.25,4.25,False,False,0.0,0.0
UAPDIEQHDVVWQH,training_pool,1,7.06,7.06,7.06,False,False,1.0,1.0
UATKBDIWWOKIJQ,training_pool,1,8.0,8.0,8.0,False,False,1.0,1.0
UAWFERYGESEGBH,training_pool,1,4.65,4.65,4.65,False,False,0.0,0.0
UAWXGRJVZSAUSZ,training_pool,3,6.35,5.33,6.43,True,False,,1.0
UBAVXTRAXHAAKL,training_pool,1,6.39,6.39,6.39,False,False,1.0,1.0
UBFNJDRQOVTODZ,training_pool,1,5.7,5.7,5.7,False,False,0.0,1.0
UBHKJRYGKOSQDJ,training_pool,1,4.19,4.19,4.19,False,False,0.0,0.0
UBMHUOWYROYDAE,training_pool,1,5.74,5.74,5.74,False,False,0.0,1.0
UBOLXNPTLLXANI,training_pool,1,5.81,5.81,5.81,False,False,0.0,1.0
UBRMHWUNHFUKKD,training_pool,1,6.04,6.04,6.04,False,False,1.0,1.0
UBSSLRBAOIXMRM,training_pool,1,4.96,4.96,4.96,False,False,0.0,0.0
UBXHKZQUMOXKAS,training_pool,1,5.84,5.84,5.84,False,False,0.0,1.0
UBXUMSZRHYSXOA,training_pool,1,5.23,5.23,5.23,False,False,0.0,1.0
UBZBOEWMQPWUKB,training_pool,2,5.78,5.37,6.19,False,False,0.0,1.0
UBZFDDLDUMMTNL,training_pool,1,7.37,7.37,7.37,False,False,1.0,1.0
UCGZGNACKJUNKA,training_pool,1,8.7,8.7,8.7,False,False,1.0,1.0
UCHZABRMWZMTTJ,training_pool,1,4.23,4.23,4.23,False,False,0.0,0.0
UCKMFUNZEYOXNH,training_pool,1,5.98,5.98,5.98,False,False,0.0,1.0
UCMXEJCHULNGRF,training_pool,1,7.4,7.4,7.4,False,False,1.0,1.0
UCSCYNNGBVQJNR,training_pool,1,6.27,6.27,6.27,False,False,1.0,1.0
UCUWSCYKWQPSMZ,training_pool,1,5.32,5.32,5.32,False,False,0.0,1.0
UCWKAKPLVUTIMU,training_pool,1,6.3,6.3,6.3,False,False,1.0,1.0
UDBCPQXVYFZBDG,training_pool,2,8.39,7.89,8.89,False,False,1.0,1.0
UDCKYZWYMWECQC,training_pool,1,6.33,6.33,6.33,False,False,1.0,1.0
UDXWNMYENXAKPA,training_pool,1,5.66,5.66,5.66,False,False,0.0,1.0
UEBSFCVHMRZVIF,training_pool,1,6.39,6.39,6.39,False,False,1.0,1.0
UEDYWDJWTZVWJX,training_pool,1,6.47,6.47,6.47,False,False,1.0,1.0
UEHOZCUBIBMWLP,training_pool,1,5.19,5.19,5.19,False,False,0.0,1.0
UEKIVGXHVGDNCB,training_pool,1,6.46,6.46,6.46,False,False,1.0,1.0
UEMFMDKLHCIEME,training_pool,1,7.55,7.55,7.55,False,False,1.0,1.0
UEPVWRDHSPMIAZ,training_pool,1,4.67,4.67,4.67,False,False,0.0,0.0
UEQVBBOKBRZCIM,training_pool,1,5.9,5.9,5.9,False,False,0.0,1.0
UESINUJQTYESFV,training_pool,2,6.359999999999999,5.92,6.8,False,False,1.0,1.0
UEUDKUYERJQILK,training_pool,1,6.22,6.22,6.22,False,False,1.0,1.0
UEVINHQDOKZMCM,training_pool,1,6.32,6.32,6.32,False,False,1.0,1.0
UFDMHGFYUVLUQG,training_pool,1,5.06,5.06,5.06,False,False,0.0,1.0
UFNSVQPSINCJSC,training_pool,1,5.85,5.85,5.85,False,False,0.0,1.0
UFPYXVMYRSNSFF,training_pool,1,7.05,7.05,7.05,False,False,1.0,1.0
UFPZDYZMJGWJFG,training_pool,1,7.05,7.05,7.05,False,False,1.0,1.0
UFQLRINLVXSRNN,training_pool,1,5.96,5.96,5.96,False,False,0.0,1.0
UFSJAWLGOHKVBH,training_pool,1,6.82,6.82,6.82,False,False,1.0,1.0
UFTBOKJDSUBCER,training_pool,1,4.87,4.87,4.87,False,False,0.0,0.0
UFTYIKMLGCMHID,training_pool,1,7.7,7.7,7.7,False,False,1.0,1.0
UFVAOHQHPDJQGB,training_pool,1,6.7,6.7,6.7,False,False,1.0,1.0
UGEHBVDSAURCGJ,training_pool,1,4.68,4.68,4.68,False,False,0.0,0.0
UGFOYCNEYFSHGF,training_pool,1,6.27,6.27,6.27,False,False,1.0,1.0
UGIVEWWIEYYZIE,training_pool,1,8.24,8.24,8.24,False,False,1.0,1.0
UGWPZONJLPWXOU,training_pool,1,5.68,5.68,5.68,False,False,0.0,1.0
UGXMVYBZAYYJGX,training_pool,1,4.3,4.3,4.3,False,False,0.0,0.0
UHAUUAGUJDZJLR,training_pool,1,5.85,5.85,5.85,False,False,0.0,1.0
UHCVEGWROAMUIK,training_pool,2,4.77,4.47,5.07,False,False,0.0,0.0
UHGDAIAKKIZOFL,training_pool,2,6.68,5.66,7.7,True,False,,1.0
UHTDFUVGRCNALT,training_pool,1,6.3,6.3,6.3,False,False,1.0,1.0
UHYRKCYAIABMIQ,training_pool,1,4.54,4.54,4.54,False,False,0.0,0.0
UIADWSXPNFQQCZ,training_pool,1,6.38,6.38,6.38,False,False,1.0,1.0
UILZUTSSQWREPT,training_pool,1,7.05,7.05,7.05,False,False,1.0,1.0
UISAGCHZHVJOQK,training_pool,1,4.5,4.5,4.5,False,False,0.0,0.0
UIUZKLJPZRUSAH,training_pool,1,4.47,4.47,4.47,False,False,0.0,0.0
UIYSOVBHBZVODQ,training_pool,1,4.33,4.33,4.33,False,False,0.0,0.0
UJAMUMWHXRVKDM,training_pool,1,5.54,5.54,5.54,False,False,0.0,1.0
UJAXXAKCZPATKN,training_pool,1,7.07,7.07,7.07,False,False,1.0,1.0
UJBHMJYODKPPJL,training_pool,1,6.93,6.93,6.93,False,False,1.0,1.0
UJCVXWLSXCRHLZ,training_pool,1,5.0,5.0,5.0,False,False,0.0,1.0
UJLUSLDRZONCSO,training_pool,1,5.5,5.5,5.5,False,False,0.0,1.0
UJNUQCOPVXEDNJ,training_pool,1,7.33,7.33,7.33,False,False,1.0,1.0
UJOCWYJFYFOBLR,training_pool,1,4.76,4.76,4.76,False,False,0.0,0.0
UJSFKTUZOASIPA,training_pool,2,6.75,6.75,6.75,False,False,1.0,1.0
UJXJXKNZLMNXGG,training_pool,1,4.72,4.72,4.72,False,False,0.0,0.0
UKAQGBBFNWGTGJ,training_pool,1,6.21,6.21,6.21,False,False,1.0,1.0
UKCODVXNYJFPIN,training_pool,1,4.97,4.97,4.97,False,False,0.0,0.0
UKDXYXGHWOJKOC,training_pool,1,6.38,6.38,6.38,False,False,1.0,1.0
UKHZKXGHBNXWOD,training_pool,1,5.71,5.71,5.71,False,False,0.0,1.0
UKINWXGEQUAQTC,training_pool,1,5.5,5.5,5.5,False,False,0.0,1.0
UKTLMQICPPERPB,training_pool,1,6.01,6.01,6.01,False,False,1.0,1.0
UKTPZOYSPUWOKT,training_pool,1,7.37,7.37,7.37,False,False,1.0,1.0
UKWUZFCTHNPOFX,training_pool,1,7.07,7.07,7.07,False,False,1.0,1.0
UKXZLBDDBMTGRF,training_pool,1,6.22,6.22,6.22,False,False,1.0,1.0
ULFYMTMZNITFSB,training_pool,2,7.015000000000001,6.21,7.82,False,False,1.0,1.0
ULGZDMBMOUGUKI,training_pool,1,5.72,5.72,5.72,False,False,0.0,1.0
ULHUEBYROLLRCL,training_pool,1,5.88,5.88,5.88,False,False,0.0,1.0
ULIXZLFVBJBBTC,training_pool,1,6.11,6.11,6.11,False,False,1.0,1.0
ULMAJJOTJVKDIC,training_pool,1,6.46,6.46,6.46,False,False,1.0,1.0
ULNIZWVPFKPFSU,training_pool,1,6.25,6.25,6.25,False,False,1.0,1.0
ULQALHCOPZRDMC,training_pool,1,4.73,4.73,4.73,False,False,0.0,0.0
ULQHBVJHLIJHLL,training_pool,1,5.88,5.88,5.88,False,False,0.0,1.0
ULUUFXBUHWSMEM,training_pool,1,4.33,4.33,4.33,False,False,0.0,0.0
ULWJVHLTBAMOOA,training_pool,1,6.3,6.3,6.3,False,False,1.0,1.0
UMNWCBZVLJKUJR,training_pool,1,4.87,4.87,4.87,False,False,0.0,0.0
UMPJRQFMZFJMCP,training_pool,1,6.26,6.26,6.26,False,False,1.0,1.0
UMPOFBSFXHFDBV,training_pool,1,7.33,7.33,7.33,False,False,1.0,1.0
UMPZJQTXLJMIRY,training_pool,1,5.96,5.96,5.96,False,False,0.0,1.0
UMSCWVJSESXZLT,training_pool,1,6.55,6.55,6.55,False,False,1.0,1.0
UMXZRJQQECOGMK,training_pool,2,5.15,5.08,5.22,False,False,0.0,1.0
UMZZTUYMSJOEAI,training_pool,1,4.0,4.0,4.0,False,False,0.0,0.0
UNEVTVWOSGJGLU,training_pool,6,7.215,5.89,7.8,True,False,,1.0
UNHXJQNYRJHGEJ,training_pool,2,7.34,6.72,7.96,False,False,1.0,1.0
UNLDSNRPGLBJOT,training_pool,1,5.7,5.7,5.7,False,False,0.0,1.0
UNTASYNLOXJHRQ,training_pool,1,5.55,5.55,5.55,False,False,0.0,1.0
UNTPKAPPCZFWIP,training_pool,1,7.16,7.16,7.16,False,False,1.0,1.0
UOCHXCVPYZVORD,training_pool,1,7.0,7.0,7.0,False,False,1.0,1.0
UOIBJQFQKAAYDM,training_pool,1,6.96,6.96,6.96,False,False,1.0,1.0
UORVACMEJCLURN,training_pool,1,5.46,5.46,5.46,False,False,0.0,1.0
UOXFFAVXHZCBJI,training_pool,2,7.425000000000001,7.37,7.48,False,False,1.0,1.0
UOZXBKGWGMGKBA,training_pool,1,5.36,5.36,5.36,False,False,0.0,1.0
UPACSHHPMXAHHL,training_pool,1,7.16,7.16,7.16,False,False,1.0,1.0
UPDJNAHRAKJPOA,training_pool,1,7.16,7.16,7.16,False,False,1.0,1.0
UPDQJDZWEZUTMH,training_pool,1,8.22,8.22,8.22,False,False,1.0,1.0
UPGVNVLZVMZHFR,training_pool,1,6.82,6.82,6.82,False,False,1.0,1.0
UPIGFMSQYZOOBU,training_pool,1,7.0,7.0,7.0,False,False,1.0,1.0
UPMBXOHLGCIFLZ,training_pool,1,5.5,5.5,5.5,False,False,0.0,1.0
UPOOCQONPNXLKC,training_pool,2,6.185,5.85,6.52,False,False,1.0,1.0
UPSPUYADGBWSHF,training_pool,1,6.09,6.09,6.09,False,False,1.0,1.0
UQBYHHQPCFRQSU,training_pool,2,5.05,4.0,6.1,True,True,,
UQCZODVJLFFNCY,training_pool,1,6.02,6.02,6.02,False,False,1.0,1.0
UQEUFNCTIMWIJA,training_pool,1,6.55,6.55,6.55,False,False,1.0,1.0
UQHGDFITPNTCIP,training_pool,2,6.31,5.77,6.85,True,False,,1.0
UQKYDPOEPXQZLA,training_pool,1,5.63,5.63,5.63,False,False,0.0,1.0
UQLBZXGRYLNZNG,training_pool,1,6.96,6.96,6.96,False,False,1.0,1.0
UQOOVYWORJNUMJ,training_pool,1,5.38,5.38,5.38,False,False,0.0,1.0
UQYFNCUSKQCVNL,training_pool,1,6.5,6.5,6.5,False,False,1.0,1.0
URIRWLJVWHYLET,training_pool,1,5.7,5.7,5.7,False,False,0.0,1.0
UROLELMVGKTSPJ,training_pool,2,6.845000000000001,6.73,6.96,False,False,1.0,1.0
URSYQRZVYWARTG,training_pool,1,6.11,6.11,6.11,False,False,1.0,1.0
URVFTJFHMOWIBI,training_pool,1,7.89,7.89,7.89,False,False,1.0,1.0
URWLQWBEXRFSCD,training_pool,3,6.3,6.09,7.0,False,False,1.0,1.0
USCBGKVVARTODT,training_pool,1,7.17,7.17,7.17,False,False,1.0,1.0
USCLPEOPODGVER,training_pool,1,8.19,8.19,8.19,False,False,1.0,1.0
USGJSQAQVXFMSB,training_pool,1,5.16,5.16,5.16,False,False,0.0,1.0
USKWMNFMQYXZEE,training_pool,1,5.2,5.2,5.2,False,False,0.0,1.0
USMIRTDURJPRPN,training_pool,1,8.7,8.7,8.7,False,False,1.0,1.0
USNOEMGNPRZBTH,training_pool,1,5.61,5.61,5.61,False,False,0.0,1.0
USQOVYLRWBOSQC,training_pool,5,6.37,4.27,8.0,True,True,,
USUXTOMOJXDWFB,training_pool,1,6.64,6.64,6.64,False,False,1.0,1.0
USWACCOSSLXYJD,training_pool,1,5.01,5.01,5.01,False,False,0.0,1.0
USXAHLXYBCGWOC,training_pool,1,5.3,5.3,5.3,False,False,0.0,1.0
UTFHAGDGYYWINF,training_pool,1,6.96,6.96,6.96,False,False,1.0,1.0
UTGQNNCQYDRXCH,training_pool,1,6.24,6.24,6.24,False,False,1.0,1.0
UTKWUVCLIJBSRQ,training_pool,2,6.68,6.44,6.92,False,False,1.0,1.0
UTPMJHPEJCVSJU,training_pool,1,5.87,5.87,5.87,False,False,0.0,1.0
UTQPBHDQTRKBIN,training_pool,1,6.27,6.27,6.27,False,False,1.0,1.0
UTRQPUXKRUOGHK,training_pool,1,7.96,7.96,7.96,False,False,1.0,1.0
UTTRMAAXIRVDMZ,training_pool,1,6.27,6.27,6.27,False,False,1.0,1.0
UUGSJYRNELHGOL,training_pool,1,6.47,6.47,6.47,False,False,1.0,1.0
UUGVSHPGHRTCIE,training_pool,1,6.0,6.0,6.0,False,False,1.0,1.0
UULDZUXCDMSBTM,training_pool,1,6.33,6.33,6.33,False,False,1.0,1.0
UUNZESIYFMFDGC,training_pool,1,5.6,5.6,5.6,False,False,0.0,1.0
UUOBTTXYGXKPRY,training_pool,1,7.0,7.0,7.0,False,False,1.0,1.0
UUUXOINBGSTWMN,training_pool,1,6.4,6.4,6.4,False,False,1.0,1.0
UVHZSMZRZLPWTM,training_pool,1,7.25,7.25,7.25,False,False,1.0,1.0
UVJOGJFNIPVEGG,training_pool,1,5.1,5.1,5.1,False,False,0.0,1.0
UVKQQRPZWOKEMD,training_pool,1,8.62,8.62,8.62,False,False,1.0,1.0
UVLGLYJPLOSDFD,training_pool,1,6.0,6.0,6.0,False,False,1.0,1.0
UVMLQBCGOWFVRL,training_pool,1,4.64,4.64,4.64,False,False,0.0,0.0
UVNDWKYBZGLGEE,training_pool,3,6.96,6.0,8.2,False,False,1.0,1.0
UVNMAAHEMZZIAX,training_pool,1,5.68,5.68,5.68,False,False,0.0,1.0
UVXFRIHTEHOWRN,training_pool,1,7.0,7.0,7.0,False,False,1.0,1.0
UWAUANOAMSDSNK,training_pool,1,4.8,4.8,4.8,False,False,0.0,0.0
UWEAKWBLBNQJFG,training_pool,1,7.57,7.57,7.57,False,False,1.0,1.0
UWEGLMFNJWVWBT,training_pool,1,6.35,6.35,6.35,False,False,1.0,1.0
UWEXWKJAXDNZFK,training_pool,1,8.12,8.12,8.12,False,False,1.0,1.0
UWJNNTMKYUUORB,training_pool,1,5.58,5.58,5.58,False,False,0.0,1.0
UWMFYZKADRSUCH,training_pool,1,5.17,5.17,5.17,False,False,0.0,1.0
UWYCVADYDGXQDL,training_pool,1,7.27,7.27,7.27,False,False,1.0,1.0
UXAKNAREINRSED,training_pool,1,7.31,7.31,7.31,False,False,1.0,1.0
UXGHLOTWJFSCHD,training_pool,1,6.57,6.57,6.57,False,False,1.0,1.0
UXJLZLPNHILXSE,training_pool,1,5.7,5.7,5.7,False,False,0.0,1.0
UXOGOSLLGMYCNL,training_pool,1,5.56,5.56,5.56,False,False,0.0,1.0
UXPUEXMOMFRVBV,training_pool,1,4.11,4.11,4.11,False,False,0.0,0.0
UXTCVRSNFHPCCG,training_pool,1,4.54,4.54,4.54,False,False,0.0,0.0
UXZYMNCSDRVNKV,training_pool,1,5.32,5.32,5.32,False,False,0.0,1.0
UYBKGLYLRCILLW,training_pool,1,6.64,6.64,6.64,False,False,1.0,1.0
UYFPVPNDUPZXJW,training_pool,4,6.494999999999999,5.14,7.72,True,False,,1.0
UYFUQKQAQYFPNS,training_pool,1,4.67,4.67,4.67,False,False,0.0,0.0
UYHLBNPQPOEBTP,training_pool,1,7.16,7.16,7.16,False,False,1.0,1.0
UYIIURKRIHGLNP,training_pool,1,5.12,5.12,5.12,False,False,0.0,1.0
UYTNBGXLSCOIDY,training_pool,1,7.44,7.44,7.44,False,False,1.0,1.0
UZBVXKJRVOQVHN,training_pool,2,6.64,5.85,7.43,True,False,,1.0
UZBWSCAZNXXCTC,training_pool,1,5.15,5.15,5.15,False,False,0.0,1.0
UZKUKYXDPJBSFW,training_pool,1,7.55,7.55,7.55,False,False,1.0,1.0
UZSSWEJATUDXHM,training_pool,2,6.3149999999999995,6.05,6.58,False,False,1.0,1.0
VABAJCSTWNDWNA,training_pool,1,4.55,4.55,4.55,False,False,0.0,0.0
VAFHIXRBLMJXAA,training_pool,1,5.34,5.34,5.34,False,False,0.0,1.0
VAIHSXCXCCBTNV,training_pool,1,5.1,5.1,5.1,False,False,0.0,1.0
VAMTWVNBDCAGTA,training_pool,1,5.4,5.4,5.4,False,False,0.0,1.0
VAMXMRODJWSPJH,training_pool,1,7.78,7.78,7.78,False,False,1.0,1.0
VAQBLDJCKUZCTF,training_pool,1,5.81,5.81,5.81,False,False,0.0,1.0
VARCOCLGHFQCHU,training_pool,1,4.2,4.2,4.2,False,False,0.0,0.0
VAVYTEMFUFRIBJ,training_pool,1,7.89,7.89,7.89,False,False,1.0,1.0
VBFXZBVYDFLNPO,training_pool,1,4.37,4.37,4.37,False,False,0.0,0.0
VBGOMOIZYKKPOK,training_pool,1,6.57,6.57,6.57,False,False,1.0,1.0
VBIJIUALFVOVTB,training_pool,1,6.4,6.4,6.4,False,False,1.0,1.0
VBLBQHGFEISSNF,training_pool,1,4.95,4.95,4.95,False,False,0.0,0.0
VBLRBJZPGZHVPP,training_pool,1,5.17,5.17,5.17,False,False,0.0,1.0
VBUFQONABLGIBX,training_pool,1,7.62,7.62,7.62,False,False,1.0,1.0
VCBNPTWPJQLHQN,training_pool,1,6.22,6.22,6.22,False,False,1.0,1.0
VCCSHBSYIOMBBU,training_pool,1,6.39,6.39,6.39,False,False,1.0,1.0
VCDWPYZAAFKDIR,training_pool,1,6.72,6.72,6.72,False,False,1.0,1.0
VCEYVQJHAJGATA,training_pool,1,5.66,5.66,5.66,False,False,0.0,1.0
VCHJIMHLDMORQX,training_pool,1,7.05,7.05,7.05,False,False,1.0,1.0
VCIQSIDGLSVXMZ,training_pool,1,6.67,6.67,6.67,False,False,1.0,1.0
VCKHCVGNBDETQK,training_pool,1,5.46,5.46,5.46,False,False,0.0,1.0
VCKVZEJMHYLIEV,training_pool,1,6.51,6.51,6.51,False,False,1.0,1.0
VCLNQQUCGTWUKD,training_pool,1,7.3,7.3,7.3,False,False,1.0,1.0
VCTRQTWYPKTTDS,training_pool,1,6.72,6.72,6.72,False,False,1.0,1.0
VCZLGEIZUGWHAL,training_pool,2,6.220000000000001,5.96,6.48,False,False,1.0,1.0
VDAYMTCYYGOOPM,training_pool,1,6.46,6.46,6.46,False,False,1.0,1.0
VDBFBIVPSWDNPN,training_pool,1,5.34,5.34,5.34,False,False,0.0,1.0
VDGHKWQTDLHSRK,training_pool,1,7.22,7.22,7.22,False,False,1.0,1.0
VDJKUOJXTDRTKV,training_pool,1,6.29,6.29,6.29,False,False,1.0,1.0
VDJWYJYGAOEOBA,training_pool,1,7.43,7.43,7.43,False,False,1.0,1.0
VDLKSALFSXAOKW,training_pool,3,5.1,4.41,7.22,True,True,,
VDNHZWRAJYMIMU,training_pool,1,7.24,7.24,7.24,False,False,1.0,1.0
VDUMTSIKQQNNNR,training_pool,2,6.67,6.57,6.77,False,False,1.0,1.0
VEAHJCVQAWKJGU,training_pool,1,4.47,4.47,4.47,False,False,0.0,0.0
VEEFXCOUSJWNNI,training_pool,1,6.07,6.07,6.07,False,False,1.0,1.0
VEENGDJNDWZTOU,training_pool,1,6.5,6.5,6.5,False,False,1.0,1.0
VEFMGCPKRDJLRY,training_pool,1,6.34,6.34,6.34,False,False,1.0,1.0
VEFZSQDWYLJDHU,training_pool,1,6.31,6.31,6.31,False,False,1.0,1.0
VEMMITLBNXLUTF,training_pool,1,6.42,6.42,6.42,False,False,1.0,1.0
VETFJTITJRZTOX,training_pool,1,6.0,6.0,6.0,False,False,1.0,1.0
VEZXFTKZUMARDU,training_pool,1,5.7,5.7,5.7,False,False,0.0,1.0
VFGSNLRSCYUGNT,training_pool,3,7.7,6.04,8.15,False,False,1.0,1.0
VFHNOGASOLDMOU,training_pool,1,5.0,5.0,5.0,False,False,0.0,1.0
VFJATJUXSGULNB,training_pool,1,5.7,5.7,5.7,False,False,0.0,1.0
VFLDPWHFBUODDF,flora,2,4.529999999999999,4.1,4.96,False,False,0.0,0.0
VFPHVBJYKBFMQF,training_pool,1,4.35,4.35,4.35,False,False,0.0,0.0
VFQFVVMOWYYJAQ,training_pool,1,5.06,5.06,5.06,False,False,0.0,1.0
VFQGGPSTVKFAKV,training_pool,1,7.85,7.85,7.85,False,False,1.0,1.0
VFRCXEHNAFUTQC,training_pool,1,5.7,5.7,5.7,False,False,0.0,1.0
VFTJNWIPDOVECS,training_pool,2,9.55,9.55,9.55,False,False,1.0,1.0
VGFHSGPMFRAPBJ,training_pool,1,5.8,5.8,5.8,False,False,0.0,1.0
VGKLJJYYARHSAF,training_pool,1,6.42,6.42,6.42,False,False,1.0,1.0
VGLWOZUXEPKTLV,training_pool,2,7.550000000000001,7.4,7.7,False,False,1.0,1.0
VGMUBFDYHRLYCJ,training_pool,1,6.52,6.52,6.52,False,False,1.0,1.0
VGPRCMVBWQOMKV,training_pool,1,6.59,6.59,6.59,False,False,1.0,1.0
VGXVISZXWFXQTI,training_pool,1,6.02,6.02,6.02,False,False,1.0,1.0
VGYQWFTUWQKLSG,training_pool,1,6.16,6.16,6.16,False,False,1.0,1.0
VHAKQCXBMKLGNB,training_pool,2,6.45,6.4,6.5,False,False,1.0,1.0
VHCOHNSSZRPTGB,training_pool,1,7.96,7.96,7.96,False,False,1.0,1.0
VHCSZQUYNKUEQK,training_pool,1,5.1,5.1,5.1,False,False,0.0,1.0
VHDAGDKNSWXCDD,training_pool,1,6.66,6.66,6.66,False,False,1.0,1.0
VHGJVDSEBQVHRX,training_pool,3,8.15,7.4,9.55,False,False,1.0,1.0
VHRQAKNKYZLOMJ,training_pool,1,6.62,6.62,6.62,False,False,1.0,1.0
VHSYYXRBWBHMNB,training_pool,2,6.609999999999999,5.7,7.52,True,False,,1.0
VHVRQMAMHSTXLD,training_pool,1,6.14,6.14,6.14,False,False,1.0,1.0
VHWDMSOTJRYWCJ,training_pool,1,6.65,6.65,6.65,False,False,1.0,1.0
VHWZIWIGNRZWFK,training_pool,1,5.32,5.32,5.32,False,False,0.0,1.0
VICSHGWDOANSMV,training_pool,1,7.09,7.09,7.09,False,False,1.0,1.0
VIGBCJCJCWDLPD,training_pool,1,7.1,7.1,7.1,False,False,1.0,1.0
VIMDFWOMPNGDMF,training_pool,1,4.94,4.94,4.94,False,False,0.0,0.0
VITOKHQQNDPYJA,training_pool,1,5.85,5.85,5.85,False,False,0.0,1.0
VJQIWNQCEKHXCI,training_pool,1,6.6,6.6,6.6,False,False,1.0,1.0
VJSAEWIULVXARB,training_pool,1,6.85,6.85,6.85,False,False,1.0,1.0
VJSUVBDXOLXRDV,training_pool,2,8.41,7.9,8.92,False,False,1.0,1.0
VJWRGYZTJRCXQJ,training_pool,1,5.17,5.17,5.17,False,False,0.0,1.0
VJYZVBVPQGVWCU,training_pool,1,7.4,7.4,7.4,False,False,1.0,1.0
VJZKDNLUHNLJEZ,training_pool,2,5.48,5.34,5.62,False,False,0.0,1.0
VKAHIULTISIANE,training_pool,1,5.7,5.7,5.7,False,False,0.0,1.0
VKBIYXIQBVJEPV,training_pool,1,8.1,8.1,8.1,False,False,1.0,1.0
VKCVJTXXANYFGD,training_pool,1,7.25,7.25,7.25,False,False,1.0,1.0
VKIQIKNZYOSHFW,training_pool,1,5.69,5.69,5.69,False,False,0.0,1.0
VKUCTHVTLJBHDT,training_pool,1,7.82,7.82,7.82,False,False,1.0,1.0
VKVMVOYMHRMXOY,training_pool,1,5.62,5.62,5.62,False,False,0.0,1.0
VKWOQTMDEIPCEF,training_pool,1,6.33,6.33,6.33,False,False,1.0,1.0
VKXXAEDUKIIITF,training_pool,1,7.22,7.22,7.22,False,False,1.0,1.0
VKYBVWXVXZGXSX,training_pool,1,7.99,7.99,7.99,False,False,1.0,1.0
VKZOHVGEVVBJLI,training_pool,2,5.825,5.32,6.33,True,False,,1.0
VLEUZFDZJKSGMX,flora,2,5.654999999999999,5.22,6.09,False,False,0.0,1.0
VLINDMZWNXATQN,training_pool,1,7.43,7.43,7.43,False,False,1.0,1.0
VLLRZHJEDOOFDB,training_pool,1,4.9,4.9,4.9,False,False,0.0,0.0
VLMFJLCDTHAPTK,training_pool,1,6.52,6.52,6.52,False,False,1.0,1.0
VLQFQWHSVBLMNM,training_pool,1,5.17,5.17,5.17,False,False,0.0,1.0
VLQHHSUVYKIMDZ,training_pool,1,5.14,5.14,5.14,False,False,0.0,1.0
VLYQPKMLKKUECS,training_pool,1,5.55,5.55,5.55,False,False,0.0,1.0
VLZYADILQZRSFD,training_pool,1,7.48,7.48,7.48,False,False,1.0,1.0
VMAMODBWXOFAPV,training_pool,1,6.04,6.04,6.04,False,False,1.0,1.0
VMNKBYZDOJQBIH,training_pool,1,7.1,7.1,7.1,False,False,1.0,1.0
VMNLVCWHXNFFBX,training_pool,1,6.96,6.96,6.96,False,False,1.0,1.0
VMRNULJRRJOOJG,training_pool,1,6.66,6.66,6.66,False,False,1.0,1.0
VMUJASMKVZSIID,training_pool,2,5.4350000000000005,4.83,6.04,True,True,,
VMWKGXPIGCPDSD,training_pool,1,8.7,8.7,8.7,False,False,1.0,1.0
VMWQYEAAXYPFCW,training_pool,1,5.33,5.33,5.33,False,False,0.0,1.0
VNCMJKOUPSHVJQ,training_pool,1,4.97,4.97,4.97,False,False,0.0,0.0
VNFPBHJOKIVQEB,training_pool,1,4.38,4.38,4.38,False,False,0.0,0.0
VNGQNGVIRPWFOS,training_pool,2,6.63,5.62,7.64,True,False,,1.0
VNNGIYNQDQOQCJ,training_pool,1,6.22,6.22,6.22,False,False,1.0,1.0
VNSGKCTWIGVDCV,training_pool,1,7.3,7.3,7.3,False,False,1.0,1.0
VNSSZYUUZGLDIH,training_pool,4,7.505,5.12,7.57,True,False,,1.0
VOHLZLMXJGAAHT,training_pool,1,5.99,5.99,5.99,False,False,0.0,1.0
VOHQBMBMUOZAMA,training_pool,1,6.43,6.43,6.43,False,False,1.0,1.0
VOHSVUDQDVZBAO,training_pool,1,4.21,4.21,4.21,False,False,0.0,0.0
VOMGDCNFRVOGRU,training_pool,1,6.48,6.48,6.48,False,False,1.0,1.0
VOOQIMUIEDWGMD,training_pool,1,4.17,4.17,4.17,False,False,0.0,0.0
VOOYURWLZHBICA,training_pool,1,5.57,5.57,5.57,False,False,0.0,1.0
VOSGBLKNRMWGCS,training_pool,2,6.865,6.66,7.07,False,False,1.0,1.0
VOTFSAMNGHICLF,training_pool,1,7.3,7.3,7.3,False,False,1.0,1.0
VOUVVXFHPYNZOA,training_pool,1,7.25,7.25,7.25,False,False,1.0,1.0
VOVMHYNMHACKON,training_pool,1,7.16,7.16,7.16,False,False,1.0,1.0
VPHRGIWVBSZEBS,training_pool,1,6.92,6.92,6.92,False,False,1.0,1.0
VPLQJLKBIZSQAV,training_pool,1,6.64,6.64,6.64,False,False,1.0,1.0
VPQXDAWTQZSNTK,training_pool,1,5.77,5.77,5.77,False,False,0.0,1.0
VPZLUFUXSWACCE,training_pool,1,6.11,6.11,6.11,False,False,1.0,1.0
VQCXRIZAWVJTQC,training_pool,1,6.47,6.47,6.47,False,False,1.0,1.0
VQIRQGJIFQAESV,training_pool,1,4.83,4.83,4.83,False,False,0.0,0.0
VQLLFMFUJZSRNU,training_pool,1,5.82,5.82,5.82,False,False,0.0,1.0
VQNSFIPZNLIAGC,training_pool,1,8.72,8.72,8.72,False,False,1.0,1.0
VQOUOPBHCCXAIH,training_pool,1,6.6,6.6,6.6,False,False,1.0,1.0
VQQVWGVXDIPORV,training_pool,1,7.19,7.19,7.19,False,False,1.0,1.0
VQXNSSUIGHFNEM,training_pool,1,6.55,6.55,6.55,False,False,1.0,1.0
VRAXEUOPAYYORT,training_pool,1,5.0,5.0,5.0,False,False,0.0,1.0
VRDLURHQBIMWKV,training_pool,1,6.25,6.25,6.25,False,False,1.0,1.0
VRFXYYPKWQXDFK,training_pool,1,6.14,6.14,6.14,False,False,1.0,1.0
VRGATHDOGPBMPB,training_pool,1,5.47,5.47,5.47,False,False,0.0,1.0
VRKFCJLHHOKPIH,training_pool,3,5.18,5.05,5.87,False,False,0.0,1.0
VRMZXIXZKLVSAK,training_pool,1,7.22,7.22,7.22,False,False,1.0,1.0
VRNJUSJNNZDCAE,training_pool,1,7.7,7.7,7.7,False,False,1.0,1.0
VRTHLAHNZMEXEG,training_pool,1,5.95,5.95,5.95,False,False,0.0,1.0
VRUCBLAUNYFIPA,training_pool,1,7.4,7.4,7.4,False,False,1.0,1.0
VRVDZPBFYOIWQP,training_pool,1,5.7,5.7,5.7,False,False,0.0,1.0
VRYKMXSZGUZHOF,training_pool,1,7.16,7.16,7.16,False,False,1.0,1.0
VSCJPSVTBMWNOQ,training_pool,1,4.85,4.85,4.85,False,False,0.0,0.0
VSFNTSQLLVIKMG,training_pool,2,6.895,6.39,7.4,False,False,1.0,1.0
VSLGAQIMMRYLRQ,training_pool,1,5.62,5.62,5.62,False,False,0.0,1.0
VSMZQYGFDADWAC,training_pool,2,7.135,7.05,7.22,False,False,1.0,1.0
VSQLZYPQFJIORU,training_pool,1,7.82,7.82,7.82,False,False,1.0,1.0
VSUTUTIGOVBVSY,training_pool,1,5.05,5.05,5.05,False,False,0.0,1.0
VTMRHGUPNPYOJV,training_pool,1,6.14,6.14,6.14,False,False,1.0,1.0
VTTVOWODYFXGJO,training_pool,1,5.76,5.76,5.76,False,False,0.0,1.0
VUANWDRZYTXGPI,training_pool,1,5.58,5.58,5.58,False,False,0.0,1.0
VUBPQQGAVFBONT,training_pool,1,5.47,5.47,5.47,False,False,0.0,1.0
VUCBRPQQAIVWFO,training_pool,1,5.75,5.75,5.75,False,False,0.0,1.0
VUCVLYWSBCNCGC,training_pool,1,7.15,7.15,7.15,False,False,1.0,1.0
VUELNKHOACUCIS,training_pool,1,5.01,5.01,5.01,False,False,0.0,1.0
VVFPKQLABBXNCO,training_pool,1,6.05,6.05,6.05,False,False,1.0,1.0
VVGDOFKPSNGUQP,training_pool,1,7.35,7.35,7.35,False,False,1.0,1.0
VVGLPZDNIYZYJM,training_pool,1,6.04,6.04,6.04,False,False,1.0,1.0
VVQZMIKHELEROZ,training_pool,1,5.73,5.73,5.73,False,False,0.0,1.0
VVROITPOWNOLCH,training_pool,1,5.89,5.89,5.89,False,False,0.0,1.0
VVWBOJZWFFRSFH,training_pool,1,4.85,4.85,4.85,False,False,0.0,0.0
VVYDUAYNVQZALE,training_pool,1,6.52,6.52,6.52,False,False,1.0,1.0
VVZOVHDNUPFYLB,training_pool,1,4.52,4.52,4.52,False,False,0.0,0.0
VWBKXLDATRBPOE,training_pool,1,5.54,5.54,5.54,False,False,0.0,1.0
VWIZNMROODLCAH,training_pool,1,7.92,7.92,7.92,False,False,1.0,1.0
VWJROAKOISAIRR,training_pool,1,6.05,6.05,6.05,False,False,1.0,1.0
VWRFFXRMUHACGT,training_pool,1,6.07,6.07,6.07,False,False,1.0,1.0
VXMGDASMKDBSLO,training_pool,1,5.42,5.42,5.42,False,False,0.0,1.0
VXMHCTQEVQJYCY,training_pool,1,6.89,6.89,6.89,False,False,1.0,1.0
VXPBYVGXCVDFLZ,training_pool,1,6.89,6.89,6.89,False,False,1.0,1.0
VXTWZRJKBHVDPR,training_pool,1,5.89,5.89,5.89,False,False,0.0,1.0
VXWGLTPHZVFVSR,training_pool,1,5.65,5.65,5.65,False,False,0.0,1.0
VXWXVVWPSQAFLR,training_pool,2,5.41,5.22,5.6,False,False,0.0,1.0
VYDBTNADENXYSN,training_pool,1,7.22,7.22,7.22,False,False,1.0,1.0
VYEHJGYGORTRDD,training_pool,3,7.84,5.43,8.01,True,False,,1.0
VYERBHSCSOLBFI,training_pool,1,8.3,8.3,8.3,False,False,1.0,1.0
VYGRRQURXQHVSD,training_pool,1,5.6,5.6,5.6,False,False,0.0,1.0
VYMRHGYLWDUCCA,training_pool,1,5.89,5.89,5.89,False,False,0.0,1.0
VYQNWZOUAUKGHI,training_pool,1,5.43,5.43,5.43,False,False,0.0,1.0
VYSLHVPRDSHMNT,training_pool,1,5.25,5.25,5.25,False,False,0.0,1.0
VYZKNVAXMQPLHY,training_pool,2,6.43,6.16,6.7,False,False,1.0,1.0
VZCIAZMKVAJRCL,training_pool,3,8.12,8.1,8.96,False,False,1.0,1.0
VZFOLZSIMZZIKN,training_pool,1,8.43,8.43,8.43,False,False,1.0,1.0
VZFSDYNQLFGJKX,training_pool,2,6.27,6.11,6.43,False,False,1.0,1.0
VZFWOGVRKBWPKJ,training_pool,1,6.51,6.51,6.51,False,False,1.0,1.0
VZVYQSHBWJSSJP,training_pool,1,4.93,4.93,4.93,False,False,0.0,0.0
WADDUXKUMXRECR,training_pool,1,7.15,7.15,7.15,False,False,1.0,1.0
WAEOECSBQMIPIE,training_pool,1,5.75,5.75,5.75,False,False,0.0,1.0
WAJVVLFHGVHUPC,training_pool,1,5.44,5.44,5.44,False,False,0.0,1.0
WAKYQCZTNZVKEV,training_pool,1,6.55,6.55,6.55,False,False,1.0,1.0
WALKEHMKBYERLO,training_pool,1,5.09,5.09,5.09,False,False,0.0,1.0
WAOACSPAMCMDKW,training_pool,1,7.3,7.3,7.3,False,False,1.0,1.0
WAZQAZKAZLXFMK,training_pool,1,7.3,7.3,7.3,False,False,1.0,1.0
WBAUABWXAYXASI,training_pool,1,7.03,7.03,7.03,False,False,1.0,1.0
WBAUJPYWZXLTGY,training_pool,1,6.48,6.48,6.48,False,False,1.0,1.0
WBDPSYDYYOULLK,training_pool,1,5.82,5.82,5.82,False,False,0.0,1.0
WBPWGFWTMGWTGP,training_pool,1,7.34,7.34,7.34,False,False,1.0,1.0
WBXTYTPVMJUOSX,training_pool,1,4.74,4.74,4.74,False,False,0.0,0.0
WCDCKBIYZYXJGY,training_pool,1,5.25,5.25,5.25,False,False,0.0,1.0
WCGUUGGRBIKTOS,flora,1,4.07,4.07,4.07,False,False,0.0,0.0
WCKUEFSDCROCDY,training_pool,1,5.41,5.41,5.41,False,False,0.0,1.0
WCMNIGILCBJFMB,training_pool,1,4.74,4.74,4.74,False,False,0.0,0.0
WCOQIUKZFLWLPR,training_pool,1,5.65,5.65,5.65,False,False,0.0,1.0
WCPVWRMAAREQIS,training_pool,1,7.37,7.37,7.37,False,False,1.0,1.0
WDAGSKDAQKTQGQ,training_pool,1,5.4,5.4,5.4,False,False,0.0,1.0
WDCSJGAJZYETNP,training_pool,1,7.4,7.4,7.4,False,False,1.0,1.0
WDFPKHUPZPMAJW,training_pool,2,6.695,6.43,6.96,False,False,1.0,1.0
WDIGSRHNXAUUCE,training_pool,1,4.35,4.35,4.35,False,False,0.0,0.0
WDMMMXVLFPOMGA,training_pool,1,7.7,7.7,7.7,False,False,1.0,1.0
WEEVIKFJMRDVNR,training_pool,1,6.55,6.55,6.55,False,False,1.0,1.0
WEIMQJLRQYBWOQ,training_pool,1,4.97,4.97,4.97,False,False,0.0,0.0
WEUHPBJZVFOCIY,training_pool,1,7.25,7.25,7.25,False,False,1.0,1.0
WEYGHJFCMIJPFX,training_pool,1,6.01,6.01,6.01,False,False,1.0,1.0
WFGUZIQCDFNMEC,training_pool,1,7.1,7.1,7.1,False,False,1.0,1.0
WFHGNFDDTVLOEU,training_pool,1,5.76,5.76,5.76,False,False,0.0,1.0
WFJQPGXKJLYABF,training_pool,2,4.234999999999999,4.14,4.33,False,False,0.0,0.0
WFKVQXPBQFZREB,training_pool,1,6.76,6.76,6.76,False,False,1.0,1.0
WFMLRFLLZNEXJM,training_pool,1,4.83,4.83,4.83,False,False,0.0,0.0
WFQWHCFDEPPXRH,training_pool,1,5.85,5.85,5.85,False,False,0.0,1.0
WFUZFBZSOJKKFQ,training_pool,1,5.15,5.15,5.15,False,False,0.0,1.0
WFXOLKCDEJXUNV,training_pool,1,7.0,7.0,7.0,False,False,1.0,1.0
WGCGQSURBOEJJA,training_pool,1,6.89,6.89,6.89,False,False,1.0,1.0
WGCTWSQZCNOOPY,training_pool,1,4.52,4.52,4.52,False,False,0.0,0.0
WGTJLXQITFRCTR,training_pool,1,6.14,6.14,6.14,False,False,1.0,1.0
WHDGULRDPVFQTJ,training_pool,1,8.38,8.38,8.38,False,False,1.0,1.0
WHFLJRRDVMRTNB,training_pool,1,5.58,5.58,5.58,False,False,0.0,1.0
WHGZGEFGZXHTST,training_pool,1,7.92,7.92,7.92,False,False,1.0,1.0
WHKSEHKYYXHCTA,training_pool,1,4.67,4.67,4.67,False,False,0.0,0.0
WHZGOTSLLRYULZ,training_pool,1,7.0,7.0,7.0,False,False,1.0,1.0
WIIXGWHFMGSPBM,training_pool,1,6.26,6.26,6.26,False,False,1.0,1.0
WIUABTISCPHZNT,training_pool,1,6.85,6.85,6.85,False,False,1.0,1.0
WIYQKOSNHXVUKK,training_pool,1,6.67,6.67,6.67,False,False,1.0,1.0
WJFKNYWRSNBZNX,training_pool,1,6.27,6.27,6.27,False,False,1.0,1.0
WJIXCIQBVXTYFE,training_pool,1,6.17,6.17,6.17,False,False,1.0,1.0
WJJPVSSPVFSXLC,training_pool,1,7.12,7.12,7.12,False,False,1.0,1.0
WJMZUULFKISOCN,training_pool,1,5.97,5.97,5.97,False,False,0.0,1.0
WJPMKTWPASICDU,training_pool,1,7.43,7.43,7.43,False,False,1.0,1.0
WJRHOGLBMOCHHB,training_pool,1,5.16,5.16,5.16,False,False,0.0,1.0
WJTPVVPQUGZCGA,training_pool,1,5.36,5.36,5.36,False,False,0.0,1.0
WJVDIWQRDUFPKF,training_pool,1,7.22,7.22,7.22,False,False,1.0,1.0
WKGUHWXOSDQCCC,training_pool,1,5.16,5.16,5.16,False,False,0.0,1.0
WKJHSEBIIBEYLU,training_pool,1,6.24,6.24,6.24,False,False,1.0,1.0
WKPBYMCNAUHTCJ,training_pool,1,5.92,5.92,5.92,False,False,0.0,1.0
WKSXNSMQLGMRAB,training_pool,1,8.22,8.22,8.22,False,False,1.0,1.0
WKYMMOCJPVKTAH,training_pool,1,5.61,5.61,5.61,False,False,0.0,1.0
WKZPKGNJWJXPNK,training_pool,1,7.8,7.8,7.8,False,False,1.0,1.0
WLEHIXRTLHNISS,training_pool,2,10.7,10.7,10.7,False,False,1.0,1.0
WLEMOPWVEYNARP,training_pool,1,6.55,6.55,6.55,False,False,1.0,1.0
WLFJJROWUATIOC,training_pool,1,7.57,7.57,7.57,False,False,1.0,1.0
WLFSEEOKFBUFLP,training_pool,1,7.68,7.68,7.68,False,False,1.0,1.0
WLFZBSPRIAGXCC,training_pool,1,5.75,5.75,5.75,False,False,0.0,1.0
WLHKECSKEZIEND,training_pool,1,7.05,7.05,7.05,False,False,1.0,1.0
WLJBYZSHUFEDCX,training_pool,1,6.18,6.18,6.18,False,False,1.0,1.0
WLPAWGDABFYIPX,training_pool,2,6.529999999999999,6.3,6.76,False,False,1.0,1.0
WLWIMKWZMGJRBS,training_pool,1,5.72,5.72,5.72,False,False,0.0,1.0
WLWOWZLOWWPDRR,training_pool,1,6.52,6.52,6.52,False,False,1.0,1.0
WMOXGDVEJALKKH,training_pool,1,7.3,7.3,7.3,False,False,1.0,1.0
WNCCUNOVTQQWGD,training_pool,1,8.19,8.19,8.19,False,False,1.0,1.0
WNCYMHVWBHYLBL,training_pool,1,5.0,5.0,5.0,False,False,0.0,1.0
WNCYUQUVRZHMFF,training_pool,1,6.46,6.46,6.46,False,False,1.0,1.0
WNFIMLNJZQTRHX,training_pool,1,4.73,4.73,4.73,False,False,0.0,0.0
WNHWHFHOTYLCBQ,training_pool,1,5.56,5.56,5.56,False,False,0.0,1.0
WNRSHKBWGXMBIJ,training_pool,1,5.39,5.39,5.39,False,False,0.0,1.0
WNVVNZURYVQTTP,training_pool,1,6.72,6.72,6.72,False,False,1.0,1.0
WNXIBYZHUWWEDD,training_pool,1,5.1,5.1,5.1,False,False,0.0,1.0
WNXNKULAIMFMJO,training_pool,1,6.63,6.63,6.63,False,False,1.0,1.0
WOBUKGPQDSRSPN,training_pool,1,7.1,7.1,7.1,False,False,1.0,1.0
WODPRXSUJBMNRQ,training_pool,1,5.58,5.58,5.58,False,False,0.0,1.0
WOJYTUOEVCLFNG,training_pool,1,4.67,4.67,4.67,False,False,0.0,0.0
WOKXKJBTSMQRHT,training_pool,1,6.97,6.97,6.97,False,False,1.0,1.0
WORCCYVLMMTGFR,training_pool,1,5.0,5.0,5.0,False,False,0.0,1.0
WOSGVZBVAWUJJN,training_pool,1,6.18,6.18,6.18,False,False,1.0,1.0
WOUBCNSWPQUAHP,training_pool,1,5.16,5.16,5.16,False,False,0.0,1.0
WOUIUPOUHCQHIS,training_pool,1,6.66,6.66,6.66,False,False,1.0,1.0
WPCCJSLETMQZDD,training_pool,1,5.08,5.08,5.08,False,False,0.0,1.0
WPJNEMRSPBHPTF,training_pool,1,6.96,6.96,6.96,False,False,1.0,1.0
WPMHHCMNWIUJAS,training_pool,1,4.73,4.73,4.73,False,False,0.0,0.0
WPRGAIHLZUKXPP,training_pool,1,7.07,7.07,7.07,False,False,1.0,1.0
WPUXDICHLLZBRH,training_pool,1,5.5,5.5,5.5,False,False,0.0,1.0
WPYQXCORZGBFKS,training_pool,1,6.62,6.62,6.62,False,False,1.0,1.0
WQGOWYVBXVBECY,training_pool,1,7.89,7.89,7.89,False,False,1.0,1.0
WQJQLCMNMWEEIH,training_pool,1,6.7,6.7,6.7,False,False,1.0,1.0
WQJUKRJEMLVPBH,training_pool,1,5.67,5.67,5.67,False,False,0.0,1.0
WQLJLPDGSLZYEP,training_pool,1,6.19,6.19,6.19,False,False,1.0,1.0
WQMWVWGRLYSYSA,training_pool,1,5.3,5.3,5.3,False,False,0.0,1.0
WQRJSNSKHNJWJR,training_pool,1,5.08,5.08,5.08,False,False,0.0,1.0
WQYDAOYIYVNTGB,training_pool,1,8.0,8.0,8.0,False,False,1.0,1.0
WRNCTUVJYUAAIU,training_pool,1,6.53,6.53,6.53,False,False,1.0,1.0
WRPMIPDHDGLSQV,training_pool,2,5.52,5.12,5.92,False,False,0.0,1.0
WRQFOMMHNDHSPD,training_pool,2,6.535,5.77,7.3,True,False,,1.0
WRSSNSVRVLLXGC,training_pool,1,5.96,5.96,5.96,False,False,0.0,1.0
WRUXGKMVLXUASU,training_pool,1,7.34,7.34,7.34,False,False,1.0,1.0
WRZNQBYALMOKGV,training_pool,1,4.58,4.58,4.58,False,False,0.0,0.0
WSCRVCJAJAXULJ,training_pool,3,7.3,5.01,7.35,True,False,,1.0
WSKJPVJRMSBMPJ,training_pool,1,7.22,7.22,7.22,False,False,1.0,1.0
WSKYPJGASMQVQC,training_pool,1,5.14,5.14,5.14,False,False,0.0,1.0
WSMKPFRGAQKKFX,training_pool,1,8.4,8.4,8.4,False,False,1.0,1.0
WSPHMGORSRQULF,training_pool,1,5.44,5.44,5.44,False,False,0.0,1.0
WTHNOVFEXONZMI,training_pool,1,4.95,4.95,4.95,False,False,0.0,0.0
WTKXNYQLUXPOLK,training_pool,1,4.99,4.99,4.99,False,False,0.0,0.0
WTOORHANEMAYPO,training_pool,1,7.1,7.1,7.1,False,False,1.0,1.0
WTSWMDMCVUDWNV,training_pool,1,6.5,6.5,6.5,False,False,1.0,1.0
WTURSDNIJCLTQU,training_pool,1,5.6,5.6,5.6,False,False,0.0,1.0
WTUZQDUHEMORQJ,training_pool,1,7.13,7.13,7.13,False,False,1.0,1.0
WTYAEYRSAHDFQD,training_pool,1,4.42,4.42,4.42,False,False,0.0,0.0
WTYHOUONCCIPGQ,training_pool,1,7.1,7.1,7.1,False,False,1.0,1.0
WUBJARABRSRULV,training_pool,1,6.55,6.55,6.55,False,False,1.0,1.0
WUGHRYZSQCDWCT,training_pool,1,8.4,8.4,8.4,False,False,1.0,1.0
WUHOQZCJWKCYCC,training_pool,1,5.55,5.55,5.55,False,False,0.0,1.0
WUJHITKCJDPHHR,training_pool,1,6.55,6.55,6.55,False,False,1.0,1.0
WUSUAGWTYDFIBL,training_pool,1,6.77,6.77,6.77,False,False,1.0,1.0
WUUUUTNXBTVXPX,training_pool,1,6.13,6.13,6.13,False,False,1.0,1.0
WUWGEVCEMUJCEV,training_pool,1,7.64,7.64,7.64,False,False,1.0,1.0
WUXMFDWIWUSRIQ,training_pool,5,7.32,5.46,7.87,True,False,,1.0
WUZJHXGMAALQKL,training_pool,1,4.1,4.1,4.1,False,False,0.0,0.0
WVFCPUMLDXWLRI,training_pool,5,7.64,6.19,8.3,False,False,1.0,1.0
WVLNZLHPDNGOPV,training_pool,1,4.8,4.8,4.8,False,False,0.0,0.0
WVMKHZFGKXZRFP,training_pool,2,7.41,7.1,7.72,False,False,1.0,1.0
WVOCLEYRFIKCEN,training_pool,1,8.75,8.75,8.75,False,False,1.0,1.0
WVOYZEONSBZBRS,training_pool,1,4.19,4.19,4.19,False,False,0.0,0.0
WVQMNFHYJBWNDO,training_pool,1,6.82,6.82,6.82,False,False,1.0,1.0
WVSOERYRTLIVHL,training_pool,1,8.15,8.15,8.15,False,False,1.0,1.0
WVSRYEGDATZAAE,training_pool,1,6.72,6.72,6.72,False,False,1.0,1.0
WVTUWXNHDHSOOZ,training_pool,1,5.56,5.56,5.56,False,False,0.0,1.0
WVXJNDYRSWNRMD,training_pool,1,6.48,6.48,6.48,False,False,1.0,1.0
WWCOYKGGJVFNGO,training_pool,2,6.97,6.42,7.52,False,False,1.0,1.0
WWELQAHDMBIJQD,training_pool,1,5.55,5.55,5.55,False,False,0.0,1.0
WWNUJJQXWCKCJX,training_pool,1,6.4,6.4,6.4,False,False,1.0,1.0
WWYUCUYHSZPMJN,training_pool,1,5.5,5.5,5.5,False,False,0.0,1.0
WWZFRSNOVPDPTP,training_pool,1,4.18,4.18,4.18,False,False,0.0,0.0
WXXURXCYKRMJTM,training_pool,1,6.26,6.26,6.26,False,False,1.0,1.0
WXYPLWUTXUKWKV,training_pool,1,7.77,7.77,7.77,False,False,1.0,1.0
WYEGNTCQPRBFDR,training_pool,1,6.46,6.46,6.46,False,False,1.0,1.0
WYIFNFUVAIVRRJ,training_pool,1,5.24,5.24,5.24,False,False,0.0,1.0
WYJQMNFFXUBCFF,training_pool,1,4.3,4.3,4.3,False,False,0.0,0.0
WYMPMNZWERFHGE,training_pool,1,6.92,6.92,6.92,False,False,1.0,1.0
WYVGTVJHYRLPIO,training_pool,1,5.71,5.71,5.71,False,False,0.0,1.0
WYZSVZCOXZSTPN,training_pool,1,7.89,7.89,7.89,False,False,1.0,1.0
WYZWZEOGROVVHK,training_pool,1,7.57,7.57,7.57,False,False,1.0,1.0
WZERRYHDALMEMG,training_pool,1,7.0,7.0,7.0,False,False,1.0,1.0
WZFFYRKWUPDJEW,training_pool,1,6.8,6.8,6.8,False,False,1.0,1.0
WZIDKJKMKMKBMO,training_pool,1,4.67,4.67,4.67,False,False,0.0,0.0
WZIHBASMDQYLJM,training_pool,1,5.58,5.58,5.58,False,False,0.0,1.0
WZOQWPXVFGNATC,training_pool,1,6.54,6.54,6.54,False,False,1.0,1.0
WZQRQFRPTKNESB,training_pool,1,7.22,7.22,7.22,False,False,1.0,1.0
WZUHLHPTPRMFIC,training_pool,1,4.53,4.53,4.53,False,False,0.0,0.0
WZXLSMRCLDEQJR,training_pool,1,5.59,5.59,5.59,False,False,0.0,1.0
XAOGOUBKPQIHMD,training_pool,1,7.41,7.41,7.41,False,False,1.0,1.0
XAOIOAYWZAVEIW,training_pool,2,5.965,5.9,6.03,False,False,0.0,1.0
XAOUXWJZUJPPQX,training_pool,1,8.7,8.7,8.7,False,False,1.0,1.0
XAQPOFQUOHKYOD,training_pool,1,6.19,6.19,6.19,False,False,1.0,1.0
XATBEIKLYMUFRR,training_pool,1,4.92,4.92,4.92,False,False,0.0,0.0
XAVZMVCQMPSHMP,training_pool,2,6.5600000000000005,5.72,7.4,True,False,,1.0
XAZVLDMIWJGFDJ,training_pool,1,5.76,5.76,5.76,False,False,0.0,1.0
XBDLMRNVSGJGIF,training_pool,1,4.97,4.97,4.97,False,False,0.0,0.0
XBJLUPRGUGUHSA,training_pool,1,5.47,5.47,5.47,False,False,0.0,1.0
XBMMEANMEQOLTB,training_pool,1,7.27,7.27,7.27,False,False,1.0,1.0
XBMVFVILTOKBLZ,training_pool,1,7.52,7.52,7.52,False,False,1.0,1.0
XBPVHANUCSNHKT,training_pool,1,5.97,5.97,5.97,False,False,0.0,1.0
XCBOOSJJSZUKBB,training_pool,1,4.72,4.72,4.72,False,False,0.0,0.0
XCHKYZONRHDRBY,training_pool,3,7.03,5.95,7.17,True,False,,1.0
XCIQNUJEBFSMTN,training_pool,1,6.5,6.5,6.5,False,False,1.0,1.0
XCJWCUQYANKDMZ,training_pool,1,6.2,6.2,6.2,False,False,1.0,1.0
XCNHDBDVIVAJHX,training_pool,2,7.609999999999999,7.52,7.7,False,False,1.0,1.0
XCNZUZBAHRAXON,training_pool,1,6.72,6.72,6.72,False,False,1.0,1.0
XCUSBYLPBHDVGN,training_pool,1,4.18,4.18,4.18,False,False,0.0,0.0
XCVDMVGUCKZDFJ,training_pool,1,6.34,6.34,6.34,False,False,1.0,1.0
XCXPEOSNNAWFBA,training_pool,1,8.27,8.27,8.27,False,False,1.0,1.0
XCYSQFHYFNWYFP,training_pool,1,5.38,5.38,5.38,False,False,0.0,1.0
XDAYKTNCSZYIQT,training_pool,1,4.66,4.66,4.66,False,False,0.0,0.0
XDNBAFMOGNLWMC,training_pool,1,4.13,4.13,4.13,False,False,0.0,0.0
XDPCPBJCZHDUJZ,training_pool,1,4.0,4.0,4.0,False,False,0.0,0.0
XDQOAFFZZJNVEZ,training_pool,1,9.0,9.0,9.0,False,False,1.0,1.0
XDTTYINKCXQPSK,training_pool,1,4.28,4.28,4.28,False,False,0.0,0.0
XDXUQXVTDMNRFB,training_pool,1,6.85,6.85,6.85,False,False,1.0,1.0
XEBDHFCBWVTPBC,training_pool,1,6.42,6.42,6.42,False,False,1.0,1.0
XEDQBNJZQCYXQJ,training_pool,1,5.47,5.47,5.47,False,False,0.0,1.0
XEHGOEXGYWDJGB,training_pool,2,5.16,4.99,5.33,False,False,0.0,1.0
XETYHBVIWWJXFY,training_pool,1,6.64,6.64,6.64,False,False,1.0,1.0
XEVKFXUYKSVTSI,training_pool,1,6.41,6.41,6.41,False,False,1.0,1.0
XEXSDOQOIIGUSB,training_pool,1,5.91,5.91,5.91,False,False,0.0,1.0
XEZLBSOUHPGMPG,training_pool,2,5.744999999999999,4.89,6.6,True,True,,
XFFOMNJIDRDDLQ,training_pool,1,4.0,4.0,4.0,False,False,0.0,0.0
XFLQBVKZLJDGAF,training_pool,1,5.77,5.77,5.77,False,False,0.0,1.0
XFPXXROUHYJETB,training_pool,1,6.52,6.52,6.52,False,False,1.0,1.0
XFSHEMJYJXCIBQ,training_pool,1,5.73,5.73,5.73,False,False,0.0,1.0
XFVDBPZKCNIFQW,training_pool,1,7.24,7.24,7.24,False,False,1.0,1.0
XGAVKLLYKCBUQT,training_pool,1,7.96,7.96,7.96,False,False,1.0,1.0
XGDBHXGGCVOTPO,training_pool,1,5.69,5.69,5.69,False,False,0.0,1.0
XGLBAOPSVHPQDV,training_pool,1,7.58,7.58,7.58,False,False,1.0,1.0
XGSGQDRZXZOXAL,training_pool,1,7.58,7.58,7.58,False,False,1.0,1.0
XGTUABCJBUFKQG,training_pool,1,5.86,5.86,5.86,False,False,0.0,1.0
XGUIKMHWDMASHL,training_pool,1,6.15,6.15,6.15,False,False,1.0,1.0
XGZRZTKRJGVGSI,training_pool,1,6.96,6.96,6.96,False,False,1.0,1.0
XHEZUEUUXQZLJM,training_pool,1,5.0,5.0,5.0,False,False,0.0,1.0
XHFRMLCXIVEDKR,training_pool,1,5.02,5.02,5.02,False,False,0.0,1.0
XHFSJZHATNKAKR,training_pool,1,4.96,4.96,4.96,False,False,0.0,0.0
XHFUUZQRUGVRGA,training_pool,1,5.09,5.09,5.09,False,False,0.0,1.0
XHIGZZTXFXABLR,training_pool,1,4.27,4.27,4.27,False,False,0.0,0.0
XHKFFJSTNFVKSY,training_pool,1,6.37,6.37,6.37,False,False,1.0,1.0
XIBHRRPDZXYFCM,training_pool,1,7.29,7.29,7.29,False,False,1.0,1.0
XIIKZAOMYRHRQB,training_pool,1,5.7,5.7,5.7,False,False,0.0,1.0
XIILQINDRFMPIR,training_pool,1,5.18,5.18,5.18,False,False,0.0,1.0
XIKSIAHBMIMWRD,training_pool,1,5.71,5.71,5.71,False,False,0.0,1.0
XIPWEBQITIJTCZ,training_pool,1,6.5,6.5,6.5,False,False,1.0,1.0
XISHDDDEWVNNQR,training_pool,4,7.105,6.56,7.95,False,False,1.0,1.0
XIVRHAJXASAYOU,training_pool,1,6.99,6.99,6.99,False,False,1.0,1.0
XIWCDUHPYMOFIL,training_pool,1,5.6,5.6,5.6,False,False,0.0,1.0
XIXROAFRMXZTIX,training_pool,1,6.75,6.75,6.75,False,False,1.0,1.0
XIYQXYGLUJTURF,training_pool,1,4.03,4.03,4.03,False,False,0.0,0.0
XIYUOXBUCDBVRJ,training_pool,1,6.97,6.97,6.97,False,False,1.0,1.0
XJDZYWZFPDTPBI,training_pool,1,4.48,4.48,4.48,False,False,0.0,0.0
XJIHKUAJYMFGSK,training_pool,1,4.67,4.67,4.67,False,False,0.0,0.0
XJKDJUQOHYKBES,training_pool,1,4.26,4.26,4.26,False,False,0.0,0.0
XJOSBPJHURVJFY,training_pool,1,5.7,5.7,5.7,False,False,0.0,1.0
XJUNHUOEBRIQIM,training_pool,4,6.785,6.44,7.92,False,False,1.0,1.0
XJWSIWJICISLID,training_pool,1,7.4,7.4,7.4,False,False,1.0,1.0
XKFJWBYEOMEPFI,training_pool,1,7.42,7.42,7.42,False,False,1.0,1.0
XKGIWYZCTPXUJG,training_pool,1,7.07,7.07,7.07,False,False,1.0,1.0
XKIWNSVAHBKFLM,training_pool,1,5.35,5.35,5.35,False,False,0.0,1.0
XKMYVKJHUHQSRB,training_pool,1,5.86,5.86,5.86,False,False,0.0,1.0
XKNJICGNIZUDNQ,training_pool,1,4.8,4.8,4.8,False,False,0.0,0.0
XKRBPLZNUMPEOG,training_pool,1,6.07,6.07,6.07,False,False,1.0,1.0
XKSBXINIYLJDPK,training_pool,1,5.51,5.51,5.51,False,False,0.0,1.0
XKSNSSNGFIQSFK,training_pool,1,6.89,6.89,6.89,False,False,1.0,1.0
XKZFZDRNMFBOTH,training_pool,1,5.96,5.96,5.96,False,False,0.0,1.0
XLBMLRQJUSWBRY,training_pool,1,6.61,6.61,6.61,False,False,1.0,1.0
XLBZETYJTUVTDD,training_pool,1,7.36,7.36,7.36,False,False,1.0,1.0
XLDKMNHAXYWQCC,training_pool,1,7.42,7.42,7.42,False,False,1.0,1.0
XLSHOXUYOMCPCT,training_pool,1,7.43,7.43,7.43,False,False,1.0,1.0
XLTFNNCXVBYBSX,training_pool,1,4.34,4.34,4.34,False,False,0.0,0.0
XLWRSOKDLGQODT,training_pool,1,6.48,6.48,6.48,False,False,1.0,1.0
XLZZHELXKHSPBZ,training_pool,2,6.53,5.66,7.4,True,False,,1.0
XMAKNORZQOWEMY,training_pool,1,5.92,5.92,5.92,False,False,0.0,1.0
XMBKCBHNFMSAEA,training_pool,1,4.75,4.75,4.75,False,False,0.0,0.0
XMCZSZINGQZRAJ,training_pool,1,7.37,7.37,7.37,False,False,1.0,1.0
XMEPOMUQTCQNMC,training_pool,1,5.75,5.75,5.75,False,False,0.0,1.0
XMNVXXZMXBRARI,training_pool,1,5.0,5.0,5.0,False,False,0.0,1.0
XMPLGZZDXVDWHM,training_pool,1,7.0,7.0,7.0,False,False,1.0,1.0
XMSSDRGXWYAVDU,training_pool,1,7.37,7.37,7.37,False,False,1.0,1.0
XMTCAQKSSUEVTO,training_pool,1,4.9,4.9,4.9,False,False,0.0,0.0
XMXSTOSUSVTYPQ,training_pool,1,6.13,6.13,6.13,False,False,1.0,1.0
XMYNRFMUTJHHIC,training_pool,1,8.7,8.7,8.7,False,False,1.0,1.0
XNBPXLUHPUNUOO,training_pool,5,6.97,5.54,7.9,True,False,,1.0
XNYSXSKHCBUYFK,training_pool,1,7.0,7.0,7.0,False,False,1.0,1.0
XOENMZNSDCQIPO,training_pool,1,5.41,5.41,5.41,False,False,0.0,1.0
XOHUYOSNBOXONN,training_pool,1,6.72,6.72,6.72,False,False,1.0,1.0
XOJPIEDVJHMQEJ,training_pool,1,5.21,5.21,5.21,False,False,0.0,1.0
XOLNJKHCNSNACU,training_pool,1,4.28,4.28,4.28,False,False,0.0,0.0
XOMNQOPLQKUSOR,training_pool,1,7.52,7.52,7.52,False,False,1.0,1.0
XONRBNVUBLFDEI,training_pool,1,5.46,5.46,5.46,False,False,0.0,1.0
XOOYTUZPZGWGDX,training_pool,1,7.38,7.38,7.38,False,False,1.0,1.0
XPAQFDRHHIPYCT,training_pool,1,5.74,5.74,5.74,False,False,0.0,1.0
XPBQEWXBKRTDQB,training_pool,1,6.29,6.29,6.29,False,False,1.0,1.0
XPGDSOZXGGQUBM,training_pool,1,8.4,8.4,8.4,False,False,1.0,1.0
XPJBWWMZBBJPJA,training_pool,1,4.66,4.66,4.66,False,False,0.0,0.0
XPKLFHUWSLTEEY,training_pool,1,5.0,5.0,5.0,False,False,0.0,1.0
XPNFVSVIBZOUIM,training_pool,1,5.72,5.72,5.72,False,False,0.0,1.0
XPQLISBQIKHNNH,training_pool,1,6.6,6.6,6.6,False,False,1.0,1.0
XPSJJAPGXDXLHM,training_pool,1,5.24,5.24,5.24,False,False,0.0,1.0
XPUDAHDXARCDTE,training_pool,1,4.7,4.7,4.7,False,False,0.0,0.0
XQGKEIYUUUKXAH,training_pool,1,8.52,8.52,8.52,False,False,1.0,1.0
XQLBZTCUEJYJOB,training_pool,1,6.43,6.43,6.43,False,False,1.0,1.0
XQPALJPKMLBASC,training_pool,1,4.96,4.96,4.96,False,False,0.0,0.0
XQPLSRIVWYASED,training_pool,1,5.56,5.56,5.56,False,False,0.0,1.0
XQVMZRZJENHXSZ,training_pool,1,7.0,7.0,7.0,False,False,1.0,1.0
XRBQILGSUZQQNV,training_pool,1,6.68,6.68,6.68,False,False,1.0,1.0
XRCRKSFPFNWWHU,training_pool,1,7.52,7.52,7.52,False,False,1.0,1.0
XRDXBFUYROIFCX,training_pool,1,4.13,4.13,4.13,False,False,0.0,0.0
XRHLSOYDPVRXAE,training_pool,1,6.0,6.0,6.0,False,False,1.0,1.0
XRHRZRHLXNWUTF,training_pool,1,8.28,8.28,8.28,False,False,1.0,1.0
XRJSBSYDBZUZPJ,training_pool,1,5.63,5.63,5.63,False,False,0.0,1.0
XRJVZMRDYPBOSS,training_pool,2,7.35,7.3,7.4,False,False,1.0,1.0
XRMGAEQKAZUUKD,training_pool,1,5.92,5.92,5.92,False,False,0.0,1.0
XRRZDXGYZQIPLT,training_pool,1,4.89,4.89,4.89,False,False,0.0,0.0
XRSLWJGSCSCHSS,training_pool,1,7.82,7.82,7.82,False,False,1.0,1.0
XRTBMPAXQLKWTF,training_pool,1,7.0,7.0,7.0,False,False,1.0,1.0
XRTKTEGOHGAJBQ,training_pool,1,5.14,5.14,5.14,False,False,0.0,1.0
XSEGDVOAKVYGFX,training_pool,1,8.52,8.52,8.52,False,False,1.0,1.0
XSKBFQVBNMWXNV,training_pool,1,6.55,6.55,6.55,False,False,1.0,1.0
XSQBLACEIGJREX,training_pool,1,5.33,5.33,5.33,False,False,0.0,1.0
XSSUBDJHWZZNPL,training_pool,1,4.89,4.89,4.89,False,False,0.0,0.0
XSUNKMNFCMDQJS,training_pool,1,8.7,8.7,8.7,False,False,1.0,1.0
XSVKENMLGSEFEJ,training_pool,2,6.535,6.3,6.77,False,False,1.0,1.0
XTCJVCGAYYRVBO,training_pool,1,6.3,6.3,6.3,False,False,1.0,1.0
XTDMKGFJRUDIKB,training_pool,1,7.66,7.66,7.66,False,False,1.0,1.0
XTKKQXQJBUOSMA,training_pool,1,5.29,5.29,5.29,False,False,0.0,1.0
XTLZOYVEZYSKKL,training_pool,1,6.28,6.28,6.28,False,False,1.0,1.0
XTMTYXNBYYKMPE,training_pool,1,5.21,5.21,5.21,False,False,0.0,1.0
XTVDLWUNJWNOGA,training_pool,1,6.23,6.23,6.23,False,False,1.0,1.0
XUCNQRWIELTSLI,training_pool,1,7.22,7.22,7.22,False,False,1.0,1.0
XUHMFRPGHYKUES,training_pool,1,5.3,5.3,5.3,False,False,0.0,1.0
XUKVJQAMNLZRMM,training_pool,1,7.64,7.64,7.64,False,False,1.0,1.0
XUMZYVTUPBUWOY,training_pool,1,5.51,5.51,5.51,False,False,0.0,1.0
XUYCKWMMFQCVBU,training_pool,1,6.8,6.8,6.8,False,False,1.0,1.0
XVFQMXWWGPLDRE,training_pool,1,5.24,5.24,5.24,False,False,0.0,1.0
XVHDQOOJDFMLRQ,training_pool,1,6.22,6.22,6.22,False,False,1.0,1.0
XVHVZESNKQODLO,training_pool,1,7.63,7.63,7.63,False,False,1.0,1.0
XVLXLYYBNIGSNU,training_pool,1,5.33,5.33,5.33,False,False,0.0,1.0
XVMLDDFWHNGJME,training_pool,1,5.16,5.16,5.16,False,False,0.0,1.0
XVQAYESKKKCYBE,training_pool,1,7.37,7.37,7.37,False,False,1.0,1.0
XVUWDBNBKRUKIX,training_pool,1,4.34,4.34,4.34,False,False,0.0,0.0
XVWIFZWDNOIVMY,training_pool,1,4.88,4.88,4.88,False,False,0.0,0.0
XVYVJUKUAYSJOQ,training_pool,1,4.89,4.89,4.89,False,False,0.0,0.0
XWERMGCIBLPASA,training_pool,2,6.84,6.84,6.84,False,False,1.0,1.0
XWILVGNOWIKYOM,training_pool,1,7.29,7.29,7.29,False,False,1.0,1.0
XXBLGSVNTHIXLC,training_pool,1,5.21,5.21,5.21,False,False,0.0,1.0
XXBSRPBBKSNCMO,training_pool,1,5.4,5.4,5.4,False,False,0.0,1.0
XXCDFTSGHCCTTO,training_pool,1,4.7,4.7,4.7,False,False,0.0,0.0
XXDOPGKXPHCMNX,training_pool,1,4.52,4.52,4.52,False,False,0.0,0.0
XXHASIAFOCJRSL,training_pool,1,5.1,5.1,5.1,False,False,0.0,1.0
XXJIUIJJTWMURB,training_pool,1,5.52,5.52,5.52,False,False,0.0,1.0
XXLFDXWVPBNPQA,training_pool,1,4.82,4.82,4.82,False,False,0.0,0.0
XXSFLLPWVZKAJO,training_pool,1,6.14,6.14,6.14,False,False,1.0,1.0
XXTRXNACJFKCTN,training_pool,1,6.66,6.66,6.66,False,False,1.0,1.0
XXWZFMCFBPXXFF,training_pool,1,8.14,8.14,8.14,False,False,1.0,1.0
XXXVGINRZSHYHM,training_pool,2,7.585,7.0,8.17,False,False,1.0,1.0
XYBCHHOMYORUSX,training_pool,1,4.51,4.51,4.51,False,False,0.0,0.0
XYIQIBWIEGCVQY,training_pool,1,5.22,5.22,5.22,False,False,0.0,1.0
XYJRRWLTAHUBBF,training_pool,1,5.58,5.58,5.58,False,False,0.0,1.0
XYKWNRUXCOIMFZ,training_pool,1,5.54,5.54,5.54,False,False,0.0,1.0
XYNOMYGVSOXKJX,training_pool,1,6.85,6.85,6.85,False,False,1.0,1.0
XYOHSAWSBRCVQI,training_pool,1,4.34,4.34,4.34,False,False,0.0,0.0
XYPOZNYKHAQGHD,training_pool,1,7.89,7.89,7.89,False,False,1.0,1.0
XYPUMFPZCABHTQ,training_pool,1,7.0,7.0,7.0,False,False,1.0,1.0
XZBCHXZIDAPGAW,training_pool,1,5.19,5.19,5.19,False,False,0.0,1.0
XZBMGAHQZOBBRS,training_pool,1,6.97,6.97,6.97,False,False,1.0,1.0
XZIOETBWVABBKJ,training_pool,1,6.35,6.35,6.35,False,False,1.0,1.0
XZLYASGIHCSKRD,training_pool,1,5.89,5.89,5.89,False,False,0.0,1.0
XZMUAWZFCCLAKL,training_pool,1,4.79,4.79,4.79,False,False,0.0,0.0
XZPZMCTWLAHJGB,training_pool,1,6.0,6.0,6.0,False,False,1.0,1.0
XZSFYXSOXKNBOD,training_pool,1,6.05,6.05,6.05,False,False,1.0,1.0
XZTIZOUPEBFRAS,training_pool,1,6.01,6.01,6.01,False,False,1.0,1.0
XZUBHAPSWGFXBW,training_pool,1,6.77,6.77,6.77,False,False,1.0,1.0
YAGVGZRCFDSMDV,training_pool,1,7.7,7.7,7.7,False,False,1.0,1.0
YALPORKUDWSYAM,training_pool,1,6.92,6.92,6.92,False,False,1.0,1.0
YAXHUWQGNUAREZ,training_pool,1,7.22,7.22,7.22,False,False,1.0,1.0
YBEGHAAVDAFSSE,training_pool,1,6.0,6.0,6.0,False,False,1.0,1.0
YBEPJTWBUDUYLF,training_pool,1,5.82,5.82,5.82,False,False,0.0,1.0
YBGCHNHODLJXPR,training_pool,1,7.03,7.03,7.03,False,False,1.0,1.0
YBGWDAGTANJKFP,training_pool,1,6.98,6.98,6.98,False,False,1.0,1.0
YBHLBHNOYSSMNT,training_pool,1,6.0,6.0,6.0,False,False,1.0,1.0
YBNBDNHSPNKSSM,training_pool,1,5.04,5.04,5.04,False,False,0.0,1.0
YBOFONPCAOMXPE,training_pool,1,7.44,7.44,7.44,False,False,1.0,1.0
YBOWAHQKNFIXBD,training_pool,2,8.26,8.0,8.52,False,False,1.0,1.0
YBTJEHRYMDVKAS,training_pool,1,8.25,8.25,8.25,False,False,1.0,1.0
YBUPKAFNJNXZCU,training_pool,3,7.72,6.82,8.1,False,False,1.0,1.0
YCCKDSXKAGIMNB,training_pool,1,5.46,5.46,5.46,False,False,0.0,1.0
YCCMRLJQVUFDES,training_pool,1,5.66,5.66,5.66,False,False,0.0,1.0
YCIPLRSQHFHPRU,training_pool,1,6.6,6.6,6.6,False,False,1.0,1.0
YCMQQDZQXUJCTD,training_pool,2,5.93,5.29,6.57,True,False,,1.0
YCVNAUDTLXBCJV,training_pool,1,5.24,5.24,5.24,False,False,0.0,1.0
YCVTYVYKSXADCO,training_pool,1,6.94,6.94,6.94,False,False,1.0,1.0
YCWRMFSXKNKRJK,training_pool,1,6.54,6.54,6.54,False,False,1.0,1.0
YCYGZTICSDRPAA,training_pool,1,5.75,5.75,5.75,False,False,0.0,1.0
YCZXGDRTZAULOW,training_pool,2,7.785,7.68,7.89,False,False,1.0,1.0
YDMYRRCKEOBXBV,training_pool,1,6.92,6.92,6.92,False,False,1.0,1.0
YDQYCQZPMXCGMM,training_pool,1,8.7,8.7,8.7,False,False,1.0,1.0
YDUPYYYSVNHBLL,training_pool,1,7.96,7.96,7.96,False,False,1.0,1.0
YEBLHQOXFSBDCM,training_pool,1,5.13,5.13,5.13,False,False,0.0,1.0
YECHQKZCAQFYMA,training_pool,1,4.05,4.05,4.05,False,False,0.0,0.0
YECOEALYOOMIEB,training_pool,1,7.66,7.66,7.66,False,False,1.0,1.0
YEJIZZJWJVYPPH,training_pool,1,8.0,8.0,8.0,False,False,1.0,1.0
YENYLEHQSZUOSY,training_pool,1,4.4,4.4,4.4,False,False,0.0,0.0
YEOOLIYKRBVUQL,training_pool,1,5.71,5.71,5.71,False,False,0.0,1.0
YEPGGYKOTCQGAU,training_pool,1,5.64,5.64,5.64,False,False,0.0,1.0
YEZNLOUZAIOMLT,training_pool,1,6.06,6.06,6.06,False,False,1.0,1.0
YFAWAYVKXZMWDT,training_pool,1,6.92,6.92,6.92,False,False,1.0,1.0
YFBISEKFVQLWPM,training_pool,1,6.68,6.68,6.68,False,False,1.0,1.0
YFBWPRUJQLEPTP,training_pool,1,7.02,7.02,7.02,False,False,1.0,1.0
YFCGIQMBTPELFJ,training_pool,1,7.05,7.05,7.05,False,False,1.0,1.0
YFEMRANIMKQPFX,training_pool,1,4.85,4.85,4.85,False,False,0.0,0.0
YFFAOTPADVEMBQ,training_pool,1,4.74,4.74,4.74,False,False,0.0,0.0
YFMMHFHWFUWCJA,training_pool,1,5.83,5.83,5.83,False,False,0.0,1.0
YFRJCYZCCDXDIT,training_pool,1,6.6,6.6,6.6,False,False,1.0,1.0
YFUHWDPSKXJUAK,training_pool,1,8.15,8.15,8.15,False,False,1.0,1.0
YFULQFFHNIVGPN,training_pool,1,5.03,5.03,5.03,False,False,0.0,1.0
YFVCSEXMOBEPQB,training_pool,1,5.72,5.72,5.72,False,False,0.0,1.0
YFXSAUMWPSSGLV,training_pool,1,7.89,7.89,7.89,False,False,1.0,1.0
YFYONHYUUJDOCL,training_pool,1,6.57,6.57,6.57,False,False,1.0,1.0
YFZQQBMUCPICOL,training_pool,1,5.04,5.04,5.04,False,False,0.0,1.0
YGFBHDLSZNZFIU,training_pool,1,7.33,7.33,7.33,False,False,1.0,1.0
YGFFBRXSEYPYNM,training_pool,1,5.96,5.96,5.96,False,False,0.0,1.0
YGFVMPRTUQKSCQ,training_pool,1,4.24,4.24,4.24,False,False,0.0,0.0
YGHFZEZZKUHQNG,training_pool,1,6.55,6.55,6.55,False,False,1.0,1.0
YGLJCPOBGVXDAD,training_pool,1,8.15,8.15,8.15,False,False,1.0,1.0
YGQSRWNMPUCVQV,training_pool,1,5.44,5.44,5.44,False,False,0.0,1.0
YGUWQCXGKFZOKT,training_pool,1,7.37,7.37,7.37,False,False,1.0,1.0
YHDSJYBBYJMCFY,training_pool,1,5.96,5.96,5.96,False,False,0.0,1.0
YHEBRAZTFGKCIL,training_pool,1,4.96,4.96,4.96,False,False,0.0,0.0
YHNIVIBBBLJCNF,training_pool,2,6.085,5.75,6.42,False,False,1.0,1.0
YHPIWFZVGYDONZ,training_pool,1,7.72,7.72,7.72,False,False,1.0,1.0
YHXZNEINGMVCBQ,training_pool,1,6.45,6.45,6.45,False,False,1.0,1.0
YIBBBUDMCSMNAO,training_pool,1,8.74,8.74,8.74,False,False,1.0,1.0
YIBHJUMHARNOOU,training_pool,1,5.17,5.17,5.17,False,False,0.0,1.0
YIDYOKGMLNVNKI,training_pool,1,7.0,7.0,7.0,False,False,1.0,1.0
YIIBICVDALWFPD,training_pool,1,4.35,4.35,4.35,False,False,0.0,0.0
YIIHMGNSGVYAOP,training_pool,1,7.0,7.0,7.0,False,False,1.0,1.0
YILCZFTZYAVJRF,training_pool,1,7.87,7.87,7.87,False,False,1.0,1.0
YINJPFCODKLEMT,training_pool,1,5.4,5.4,5.4,False,False,0.0,1.0
YIUDBBNIBASXOU,training_pool,1,6.81,6.81,6.81,False,False,1.0,1.0
YJCAZHSMJLTVQV,training_pool,1,4.91,4.91,4.91,False,False,0.0,0.0
YJQZWOJTRNXAMW,training_pool,1,6.56,6.56,6.56,False,False,1.0,1.0
YJSRDKHRWVOMER,training_pool,1,7.22,7.22,7.22,False,False,1.0,1.0
YJVDVVFPGPAHQX,training_pool,1,8.3,8.3,8.3,False,False,1.0,1.0
YJWCINRCZMXFBH,training_pool,1,6.05,6.05,6.05,False,False,1.0,1.0
YJYSCNDZLULXLM,training_pool,1,4.31,4.31,4.31,False,False,0.0,0.0
YKAPJCGZRGXSIP,training_pool,1,4.34,4.34,4.34,False,False,0.0,0.0
YKLBIEVEUQEIAV,training_pool,1,6.41,6.41,6.41,False,False,1.0,1.0
YKNCJERKGJVFOO,training_pool,1,7.0,7.0,7.0,False,False,1.0,1.0
YKNCVASLEMNJKB,training_pool,1,5.54,5.54,5.54,False,False,0.0,1.0
YKPQHYRJQNJFCP,training_pool,1,7.0,7.0,7.0,False,False,1.0,1.0
YKTQNXNBVRMYNF,training_pool,2,4.62,4.42,4.82,False,False,0.0,0.0
YKUSTIQXVZWLMF,training_pool,1,5.14,5.14,5.14,False,False,0.0,1.0
YLBJTUDFZJHTNI,training_pool,1,8.7,8.7,8.7,False,False,1.0,1.0
YLFBPUKBMRJHLM,training_pool,1,7.22,7.22,7.22,False,False,1.0,1.0
YLFNWMQTBJLEDF,training_pool,1,6.52,6.52,6.52,False,False,1.0,1.0
YLFXZYOUOHNWMF,training_pool,1,5.04,5.04,5.04,False,False,0.0,1.0
YLMNREJKXSQVHX,training_pool,1,6.68,6.68,6.68,False,False,1.0,1.0
YLMZYVZMVKJGOT,training_pool,1,5.58,5.58,5.58,False,False,0.0,1.0
YLVLFSASFDTMCP,training_pool,1,7.75,7.75,7.75,False,False,1.0,1.0
YLYYXIMYACYRSP,training_pool,1,5.7,5.7,5.7,False,False,0.0,1.0
YLZWWUMOLYNALY,training_pool,2,9.43,9.43,9.43,False,False,1.0,1.0
YMBXTVYHTMGZDW,training_pool,1,4.87,4.87,4.87,False,False,0.0,0.0
YMFGAYPNXNJNBI,training_pool,1,5.92,5.92,5.92,False,False,0.0,1.0
YMNRYTSZOBEQFB,training_pool,2,6.42,6.42,6.42,False,False,1.0,1.0
YMPKIQOJDRNKEG,training_pool,1,6.52,6.52,6.52,False,False,1.0,1.0
YMWNFIHEAZVLNY,training_pool,1,6.96,6.96,6.96,False,False,1.0,1.0
YMXUABAWYDXQKS,training_pool,1,5.3,5.3,5.3,False,False,0.0,1.0
YNCFJJJQCGMSHY,training_pool,1,9.7,9.7,9.7,False,False,1.0,1.0
YNDJJNHPVFHAAJ,training_pool,1,4.35,4.35,4.35,False,False,0.0,0.0
YNDQHILWWBPAPR,training_pool,1,6.16,6.16,6.16,False,False,1.0,1.0
YNIHZRKWZCFFTF,training_pool,1,6.34,6.34,6.34,False,False,1.0,1.0
YNJHCNYGWCDCLK,training_pool,1,5.98,5.98,5.98,False,False,0.0,1.0
YNOSXIZNGZQQRP,training_pool,1,4.28,4.28,4.28,False,False,0.0,0.0
YNVJOQCPHWKWSO,flora,1,4.1,4.1,4.1,False,False,0.0,0.0
YOARICMECKZMHY,training_pool,1,6.4,6.4,6.4,False,False,1.0,1.0
YOGQJMOYNJOFNY,training_pool,1,4.16,4.16,4.16,False,False,0.0,0.0
YOHLWAAJAOZBKF,training_pool,1,4.0,4.0,4.0,False,False,0.0,0.0
YOSHOKIEDPKMGI,training_pool,1,7.75,7.75,7.75,False,False,1.0,1.0
YOSNNHRQINRFKF,training_pool,1,7.68,7.68,7.68,False,False,1.0,1.0
YOULWLUHEYHUJF,training_pool,1,7.0,7.0,7.0,False,False,1.0,1.0
YOUTVOXKKLOMJX,training_pool,1,5.62,5.62,5.62,False,False,0.0,1.0
YOZCXTOUYGNYMT,training_pool,2,6.43,6.16,6.7,False,False,1.0,1.0
YPCSGGZXXWFVCH,training_pool,1,6.66,6.66,6.66,False,False,1.0,1.0
YPEWWAVXGZAWDT,training_pool,1,6.48,6.48,6.48,False,False,1.0,1.0
YPFONUSMUPFYJD,training_pool,1,6.66,6.66,6.66,False,False,1.0,1.0
YPUKGRYHGPSOGX,training_pool,1,4.25,4.25,4.25,False,False,0.0,0.0
YPUUGRNXIVFRLY,training_pool,1,4.7,4.7,4.7,False,False,0.0,0.0
YQBGIYDQROGXLK,training_pool,1,4.87,4.87,4.87,False,False,0.0,0.0
YQFNXPINIXDIAQ,training_pool,2,9.22,9.22,9.22,False,False,1.0,1.0
YQLWJESVKCCSDD,training_pool,1,5.33,5.33,5.33,False,False,0.0,1.0
YQNWZWMKLDQSAC,training_pool,1,8.51,8.51,8.51,False,False,1.0,1.0
YQRPRWFATMATGD,training_pool,1,6.0,6.0,6.0,False,False,1.0,1.0
YQUVCSBJEUQKSH,flora,1,4.59,4.59,4.59,False,False,0.0,0.0
YQZKPKHQPNXSRE,training_pool,1,6.66,6.66,6.66,False,False,1.0,1.0
YRRFIBPGPRSMJJ,training_pool,1,5.96,5.96,5.96,False,False,0.0,1.0
YRRUTSUZUKXGPX,training_pool,1,5.92,5.92,5.92,False,False,0.0,1.0
YRVHNSYUGHFPFQ,training_pool,1,6.32,6.32,6.32,False,False,1.0,1.0
YRWKQWGTCAXBFL,training_pool,1,5.2,5.2,5.2,False,False,0.0,1.0
YRXUTRCJAKQRSC,training_pool,1,7.01,7.01,7.01,False,False,1.0,1.0
YRZASYCIZSWCKB,training_pool,1,6.13,6.13,6.13,False,False,1.0,1.0
YSDJBKAMQOFRPG,training_pool,1,5.71,5.71,5.71,False,False,0.0,1.0
YSDPUYIVKPNWKQ,training_pool,1,6.64,6.64,6.64,False,False,1.0,1.0
YSDXJYVHLQVWIJ,training_pool,1,4.14,4.14,4.14,False,False,0.0,0.0
YSGYFZBBGKJFAX,training_pool,1,8.52,8.52,8.52,False,False,1.0,1.0
YSHOSOFOQHTGID,training_pool,1,6.07,6.07,6.07,False,False,1.0,1.0
YSURFXWLBHUJCR,training_pool,1,5.3,5.3,5.3,False,False,0.0,1.0
YSWMQMATRUHISF,training_pool,1,6.57,6.57,6.57,False,False,1.0,1.0
YSXFNZPBPMYXPS,training_pool,1,7.22,7.22,7.22,False,False,1.0,1.0
YTBLECXKSMVWCS,training_pool,1,4.6,4.6,4.6,False,False,0.0,0.0
YTGFYNXDNGRMJW,training_pool,1,5.57,5.57,5.57,False,False,0.0,1.0
YTKFYCHTDASIFK,training_pool,1,5.2,5.2,5.2,False,False,0.0,1.0
YTLPYUWXEWWKRU,training_pool,1,6.28,6.28,6.28,False,False,1.0,1.0
YTNHWMAMOKUYFM,training_pool,1,4.48,4.48,4.48,False,False,0.0,0.0
YTNZISQQBNNUST,training_pool,1,4.89,4.89,4.89,False,False,0.0,0.0
YTRYVMRCTNOCOL,training_pool,4,7.46,5.88,7.9,True,False,,1.0
YUCVUYSGTNTGJI,training_pool,1,5.79,5.79,5.79,False,False,0.0,1.0
YUDKAOHWTPCIOC,training_pool,1,8.17,8.17,8.17,False,False,1.0,1.0
YUKFGRIPFDJCKB,training_pool,1,5.24,5.24,5.24,False,False,0.0,1.0
YUQYZDNMEBIRGT,training_pool,1,7.68,7.68,7.68,False,False,1.0,1.0
YUSDGTLMDWWCOF,training_pool,1,5.96,5.96,5.96,False,False,0.0,1.0
YUVRVXXCTMNNES,training_pool,1,5.74,5.74,5.74,False,False,0.0,1.0
YUYGIQKCRIEWAR,training_pool,1,7.44,7.44,7.44,False,False,1.0,1.0
YUZMNCZTMNCGHZ,training_pool,1,6.34,6.34,6.34,False,False,1.0,1.0
YVAOFGAOVRXLLB,training_pool,1,7.51,7.51,7.51,False,False,1.0,1.0
YVHLXYXUEUOZHQ,training_pool,1,6.04,6.04,6.04,False,False,1.0,1.0
YVIRRQDZMKKAFR,training_pool,1,6.31,6.31,6.31,False,False,1.0,1.0
YVLZYNAQMBQWED,training_pool,1,5.21,5.21,5.21,False,False,0.0,1.0
YVNMRWQDSVWHMD,training_pool,1,4.18,4.18,4.18,False,False,0.0,0.0
YVNZYSGUYVVTLL,training_pool,1,6.48,6.48,6.48,False,False,1.0,1.0
YVZIBNGIENXYSE,training_pool,3,7.05,6.81,8.4,False,False,1.0,1.0
YWBZGZZNQWUVMQ,training_pool,1,5.22,5.22,5.22,False,False,0.0,1.0
YWDUVKQPUCLVMM,training_pool,1,6.66,6.66,6.66,False,False,1.0,1.0
YWDYCQQNTKFACX,training_pool,1,5.16,5.16,5.16,False,False,0.0,1.0
YWHWGDCPWAFBRB,training_pool,1,6.4,6.4,6.4,False,False,1.0,1.0
YWNMUTDKQGUXKF,training_pool,1,7.41,7.41,7.41,False,False,1.0,1.0
YWSQVXZPIBFORJ,training_pool,1,5.7,5.7,5.7,False,False,0.0,1.0
YWSSLJSKQSNJGB,training_pool,1,6.55,6.55,6.55,False,False,1.0,1.0
YWWQYMDBKBDPFA,training_pool,1,5.46,5.46,5.46,False,False,0.0,1.0
YWZUVFJMGDYLJE,training_pool,1,5.28,5.28,5.28,False,False,0.0,1.0
YXBUCRSHFHMBDH,training_pool,1,6.98,6.98,6.98,False,False,1.0,1.0
YXKFALZVRFVXFA,training_pool,2,4.275,4.18,4.37,False,False,0.0,0.0
YXKRBFIZRCEMLB,training_pool,1,4.79,4.79,4.79,False,False,0.0,0.0
YYALXWOCHMHYLS,training_pool,1,6.85,6.85,6.85,False,False,1.0,1.0
YYHFBBQMCXAWJV,training_pool,1,5.75,5.75,5.75,False,False,0.0,1.0
YYJHAFQQJASDAC,training_pool,1,4.84,4.84,4.84,False,False,0.0,0.0
YYLCQCOYNBBSIA,training_pool,1,6.92,6.92,6.92,False,False,1.0,1.0
YYLKPOUGGOCMAO,training_pool,1,6.68,6.68,6.68,False,False,1.0,1.0
YYMYDMNJOINLFF,training_pool,1,7.41,7.41,7.41,False,False,1.0,1.0
YYWVASBFSBFKTN,training_pool,1,7.8,7.8,7.8,False,False,1.0,1.0
YYYKMCPSKNHGLP,training_pool,1,4.36,4.36,4.36,False,False,0.0,0.0
YZEOAYHOGOIEAH,training_pool,1,5.56,5.56,5.56,False,False,0.0,1.0
YZIAGKVBNGLJFM,training_pool,1,5.42,5.42,5.42,False,False,0.0,1.0
YZIGYMKTOVATDO,training_pool,1,6.16,6.16,6.16,False,False,1.0,1.0
YZIJAVCWPFPPRX,training_pool,1,6.09,6.09,6.09,False,False,1.0,1.0
YZJFWAWKNOUEIF,training_pool,1,5.95,5.95,5.95,False,False,0.0,1.0
YZJMHVHSNRSMQJ,training_pool,1,6.79,6.79,6.79,False,False,1.0,1.0
YZVGEGYNFZFQAF,training_pool,2,5.95,5.2,6.7,True,False,,1.0
YZZFMPHREKDPSY,training_pool,1,5.47,5.47,5.47,False,False,0.0,1.0
ZAEJFCCEYBSYJM,training_pool,3,7.37,6.72,8.05,False,False,1.0,1.0
ZAEMKGJZZJJJLD,training_pool,1,7.35,7.35,7.35,False,False,1.0,1.0
ZAHZHUSIOKPGKQ,training_pool,1,6.35,6.35,6.35,False,False,1.0,1.0
ZAIXJKNFYYBUFG,training_pool,1,6.69,6.69,6.69,False,False,1.0,1.0
ZAKGJKWKBNFHGZ,training_pool,1,7.05,7.05,7.05,False,False,1.0,1.0
ZAYNPLZXLYWIHO,training_pool,1,7.0,7.0,7.0,False,False,1.0,1.0
ZAZUDKHSTOUOPN,training_pool,1,6.55,6.55,6.55,False,False,1.0,1.0
ZBDNKMRXKULILB,training_pool,2,7.265,6.68,7.85,False,False,1.0,1.0
ZBJJNBPLSVMNMG,training_pool,1,4.66,4.66,4.66,False,False,0.0,0.0
ZBLNPPNIIAMDSB,training_pool,1,4.44,4.44,4.44,False,False,0.0,0.0
ZBLZPYUIJXDMGS,training_pool,1,5.22,5.22,5.22,False,False,0.0,1.0
ZBPLOVFIXSTCRZ,training_pool,1,8.32,8.32,8.32,False,False,1.0,1.0
ZBQFFZVOKTYLJC,training_pool,1,6.17,6.17,6.17,False,False,1.0,1.0
ZCFFHFGLYPYSQU,training_pool,1,7.05,7.05,7.05,False,False,1.0,1.0
ZCHIJNKLPIPVGQ,training_pool,1,5.46,5.46,5.46,False,False,0.0,1.0
ZCXRNCPOMRHOOA,training_pool,1,8.0,8.0,8.0,False,False,1.0,1.0
ZCZLIYWRGVQCHR,training_pool,1,5.67,5.67,5.67,False,False,0.0,1.0
ZDBBOXFYCRHCTR,training_pool,1,7.0,7.0,7.0,False,False,1.0,1.0
ZDCHDHYSTSFAJZ,training_pool,1,4.3,4.3,4.3,False,False,0.0,0.0
ZDDKHRKLEOTZPZ,training_pool,1,4.61,4.61,4.61,False,False,0.0,0.0
ZDDWMWKQAQNCBL,training_pool,3,7.33,5.92,7.33,True,False,,1.0
ZDEUQFHYPHDVBF,training_pool,1,5.0,5.0,5.0,False,False,0.0,1.0
ZDGVPKZJIGWQDS,training_pool,1,7.85,7.85,7.85,False,False,1.0,1.0
ZDMLFZWVZFDYRA,training_pool,1,6.59,6.59,6.59,False,False,1.0,1.0
ZDRRWJXUUKAASS,training_pool,1,4.45,4.45,4.45,False,False,0.0,0.0
ZDXQQVFMMXIXCD,training_pool,1,5.62,5.62,5.62,False,False,0.0,1.0
ZDXZUUFMRKCDHG,training_pool,1,7.0,7.0,7.0,False,False,1.0,1.0
ZEBIMMKAOCYZJL,training_pool,1,5.19,5.19,5.19,False,False,0.0,1.0
ZEFPPDBVBWXRHW,training_pool,2,6.25,5.8,6.7,False,False,1.0,1.0
ZEIPMXOYYDKCBK,training_pool,1,5.12,5.12,5.12,False,False,0.0,1.0
ZENLKSOEGFDYPR,training_pool,1,6.77,6.77,6.77,False,False,1.0,1.0
ZEPSKEOLPCAHFB,training_pool,1,6.5,6.5,6.5,False,False,1.0,1.0
ZEXKREHQAIROAG,training_pool,1,6.85,6.85,6.85,False,False,1.0,1.0
ZEYBKQCMDLYKBH,training_pool,1,6.8,6.8,6.8,False,False,1.0,1.0
ZFAFMYDDTIQEFO,training_pool,1,7.0,7.0,7.0,False,False,1.0,1.0
ZFAKGXCOCAOOIN,training_pool,1,5.4,5.4,5.4,False,False,0.0,1.0
ZFFQDPLDTMMAKO,training_pool,1,5.96,5.96,5.96,False,False,0.0,1.0
ZFFYQVIHYPYXPI,training_pool,1,6.89,6.89,6.89,False,False,1.0,1.0
ZFGDWLLTWNEVMB,training_pool,1,7.52,7.52,7.52,False,False,1.0,1.0
ZFKBWSREWJOSSJ,training_pool,4,7.135,6.52,8.0,False,False,1.0,1.0
ZFLCZLYDQTUWIG,training_pool,1,7.49,7.49,7.49,False,False,1.0,1.0
ZFNUYYFTMQCDOW,training_pool,4,6.595,6.06,7.5,False,False,1.0,1.0
ZFPOIPOXORZJQP,training_pool,1,7.44,7.44,7.44,False,False,1.0,1.0
ZFUXYBWWXNLJPZ,training_pool,1,6.34,6.34,6.34,False,False,1.0,1.0
ZFYZGEYHPXPYJH,training_pool,1,8.15,8.15,8.15,False,False,1.0,1.0
ZFZXPLMIWRTNJE,training_pool,1,6.09,6.09,6.09,False,False,1.0,1.0
ZGCJSQLGNBMGHW,training_pool,1,5.49,5.49,5.49,False,False,0.0,1.0
ZGNRKLLCRYGEIK,training_pool,1,6.08,6.08,6.08,False,False,1.0,1.0
ZGPJDLWDSKSSOK,training_pool,1,7.3,7.3,7.3,False,False,1.0,1.0
ZGQDYDMRFRTLDT,training_pool,1,5.82,5.82,5.82,False,False,0.0,1.0
ZGTWJOMVUWCMCB,training_pool,1,5.3,5.3,5.3,False,False,0.0,1.0
ZGXAXMFPKWHSLB,training_pool,1,6.75,6.75,6.75,False,False,1.0,1.0
ZGZOFFQVDKSXOD,training_pool,1,7.85,7.85,7.85,False,False,1.0,1.0
ZHJUHIJQNZYCGP,training_pool,1,6.42,6.42,6.42,False,False,1.0,1.0
ZHMOINGVJXOCSX,training_pool,1,5.75,5.75,5.75,False,False,0.0,1.0
ZHRMSIDYCXFKFH,training_pool,1,6.92,6.92,6.92,False,False,1.0,1.0
ZHSBUNIACINLPW,training_pool,1,6.89,6.89,6.89,False,False,1.0,1.0
ZHWIKUYCPQHTGA,training_pool,1,6.68,6.68,6.68,False,False,1.0,1.0
ZHWWUJBSFGQKFM,training_pool,1,5.22,5.22,5.22,False,False,0.0,1.0
ZHXUEUKVDMWSKV,training_pool,1,7.0,7.0,7.0,False,False,1.0,1.0
ZICPVCHQEIJFKO,training_pool,1,6.92,6.92,6.92,False,False,1.0,1.0
ZIDKZLBDQFHPQK,training_pool,1,6.78,6.78,6.78,False,False,1.0,1.0
ZIGJZGKTSLOROP,training_pool,1,5.21,5.21,5.21,False,False,0.0,1.0
ZIIIHHMJLGPTGC,training_pool,1,7.62,7.62,7.62,False,False,1.0,1.0
ZIJAAKWZKQPLAE,training_pool,1,4.12,4.12,4.12,False,False,0.0,0.0
ZINNGAUEQDMHNV,training_pool,1,8.0,8.0,8.0,False,False,1.0,1.0
ZIZIGBUCTVIVFX,training_pool,1,4.16,4.16,4.16,False,False,0.0,0.0
ZJFXWSPUWDWLPL,training_pool,1,5.77,5.77,5.77,False,False,0.0,1.0
ZJIBDVBTKQSZQZ,training_pool,1,5.12,5.12,5.12,False,False,0.0,1.0
ZJOUYQCSZYKGKU,training_pool,2,5.75,5.73,5.77,False,False,0.0,1.0
ZJPPZVINJMKZKM,training_pool,1,6.4,6.4,6.4,False,False,1.0,1.0
ZJVLLPBQBFOBLZ,training_pool,1,5.41,5.41,5.41,False,False,0.0,1.0
ZJZXSQPHUQUHIV,training_pool,1,5.72,5.72,5.72,False,False,0.0,1.0
ZKESDPLLYKBBLM,training_pool,5,6.9,4.79,9.73,True,True,,
ZKFAYVVTTIQICE,training_pool,1,5.37,5.37,5.37,False,False,0.0,1.0
ZKILPRZDEJXKRJ,training_pool,1,5.17,5.17,5.17,False,False,0.0,1.0
ZKPFBHQYHSRHPJ,training_pool,1,4.26,4.26,4.26,False,False,0.0,0.0
ZKTVARMORRKSIG,training_pool,2,5.63,4.96,6.3,True,True,,
ZKVANJICKZJPBB,training_pool,1,5.59,5.59,5.59,False,False,0.0,1.0
ZKWRDUJVZQZRNO,training_pool,1,6.06,6.06,6.06,False,False,1.0,1.0
ZKYGSXURZRZQTM,training_pool,1,6.1,6.1,6.1,False,False,1.0,1.0
ZLBIPLGWXXVSQN,training_pool,1,6.41,6.41,6.41,False,False,1.0,1.0
ZLHDOXPADGPKBN,training_pool,1,6.17,6.17,6.17,False,False,1.0,1.0
ZLKXJTFNFOFRKW,training_pool,1,6.48,6.48,6.48,False,False,1.0,1.0
ZLOZBOGSCGGPFN,training_pool,1,5.68,5.68,5.68,False,False,0.0,1.0
ZLPLTSNTIYEDAR,training_pool,1,6.27,6.27,6.27,False,False,1.0,1.0
ZLQPWAYREUZUCL,training_pool,1,6.26,6.26,6.26,False,False,1.0,1.0
ZLVGYQMTSKBKPJ,training_pool,1,6.39,6.39,6.39,False,False,1.0,1.0
ZLXJXNJHBCFWAG,training_pool,1,7.52,7.52,7.52,False,False,1.0,1.0
ZMFSXHRXWHOFMK,training_pool,1,8.7,8.7,8.7,False,False,1.0,1.0
ZMIZKLFUKIHSJC,training_pool,1,8.1,8.1,8.1,False,False,1.0,1.0
ZMLUOAZYIYQODN,training_pool,1,6.01,6.01,6.01,False,False,1.0,1.0
ZMMGBIJMLCNSOV,training_pool,1,4.96,4.96,4.96,False,False,0.0,0.0
ZMNXGVYYPJHENT,training_pool,1,6.17,6.17,6.17,False,False,1.0,1.0
ZMPUWAPOGIXWRT,training_pool,6,7.595000000000001,6.02,8.1,False,False,1.0,1.0
ZMTBKJLVXKBVKB,training_pool,1,6.08,6.08,6.08,False,False,1.0,1.0
ZMUUYQXIXHEHKH,training_pool,1,5.72,5.72,5.72,False,False,0.0,1.0
ZMVLYDKEZITCJX,training_pool,1,7.62,7.62,7.62,False,False,1.0,1.0
ZMVPHFSLFGRDGO,training_pool,1,4.96,4.96,4.96,False,False,0.0,0.0
ZMWBEISUOBDPDI,training_pool,1,4.5,4.5,4.5,False,False,0.0,0.0
ZMWWNFQOZWABTB,training_pool,1,7.4,7.4,7.4,False,False,1.0,1.0
ZMYJUSYWUVNOFR,training_pool,1,4.34,4.34,4.34,False,False,0.0,0.0
ZMZLLFAAVADZCJ,training_pool,1,5.81,5.81,5.81,False,False,0.0,1.0
ZNAORRVNWNZCTM,training_pool,1,5.68,5.68,5.68,False,False,0.0,1.0
ZNAQBURSZATEMA,training_pool,1,7.13,7.13,7.13,False,False,1.0,1.0
ZNAULGVROLOSBS,training_pool,1,5.65,5.65,5.65,False,False,0.0,1.0
ZNBMTIXROHIRAA,training_pool,1,7.0,7.0,7.0,False,False,1.0,1.0
ZNEVPYGKWWPPTJ,training_pool,1,4.64,4.64,4.64,False,False,0.0,0.0
ZNFSHPJLOPXBFG,training_pool,1,5.64,5.64,5.64,False,False,0.0,1.0
ZNJHGPCAFLJJHW,training_pool,1,6.77,6.77,6.77,False,False,1.0,1.0
ZNJRBVAMCQZUKX,training_pool,1,7.24,7.24,7.24,False,False,1.0,1.0
ZNPJOGPQEBUNPJ,training_pool,1,4.32,4.32,4.32,False,False,0.0,0.0
ZNRYVLKGZXYUQQ,training_pool,1,4.85,4.85,4.85,False,False,0.0,0.0
ZNVUJYPWKVCMTI,training_pool,1,4.36,4.36,4.36,False,False,0.0,0.0
ZNXSFNBTINUVRA,training_pool,1,6.22,6.22,6.22,False,False,1.0,1.0
ZOFDQTHDCXJKRU,training_pool,1,5.3,5.3,5.3,False,False,0.0,1.0
ZOIFEYWRVOGYAD,training_pool,1,6.19,6.19,6.19,False,False,1.0,1.0
ZOKIDNXTWRYXKQ,training_pool,1,7.52,7.52,7.52,False,False,1.0,1.0
ZOKYIFYCPTXDCW,training_pool,1,5.23,5.23,5.23,False,False,0.0,1.0
ZOMDFMPSBXKRHT,training_pool,1,5.14,5.14,5.14,False,False,0.0,1.0
ZOQVLQVBHRNIBH,training_pool,1,4.7,4.7,4.7,False,False,0.0,0.0
ZPGOVRVZJPRHSS,training_pool,1,6.62,6.62,6.62,False,False,1.0,1.0
ZPIGMVKWDIWIQJ,training_pool,1,6.81,6.81,6.81,False,False,1.0,1.0
ZPMVBXDFUCFRLF,training_pool,2,6.715,6.51,6.92,False,False,1.0,1.0
ZPNDWRYYRUUXLA,training_pool,1,5.15,5.15,5.15,False,False,0.0,1.0
ZPPWPZZIZWEACX,training_pool,1,4.75,4.75,4.75,False,False,0.0,0.0
ZPZIQDHHEVEXGH,training_pool,1,6.24,6.24,6.24,False,False,1.0,1.0
ZQCVEBOKAYTOSA,training_pool,2,6.275,6.25,6.3,False,False,1.0,1.0
ZQEHZAHAGRPBGR,training_pool,1,6.47,6.47,6.47,False,False,1.0,1.0
ZQEPLKZXXPIWGS,training_pool,1,5.19,5.19,5.19,False,False,0.0,1.0
ZQKAMOJUSKAPGV,training_pool,1,6.14,6.14,6.14,False,False,1.0,1.0
ZQNACYCKMYUNKS,training_pool,2,7.550000000000001,7.05,8.05,False,False,1.0,1.0
ZQRHHQIODRUYCQ,training_pool,2,7.16,6.47,7.85,False,False,1.0,1.0
ZQRNLKDRXSNLKR,training_pool,1,7.1,7.1,7.1,False,False,1.0,1.0
ZQXWJNKNBQBBRU,training_pool,1,4.18,4.18,4.18,False,False,0.0,0.0
ZQYQLJFVZSLMDC,training_pool,1,5.17,5.17,5.17,False,False,0.0,1.0
ZRCURVJXQGLLOZ,training_pool,2,7.109999999999999,6.22,8.0,False,False,1.0,1.0
ZREJIIOBZSTEQN,training_pool,1,4.3,4.3,4.3,False,False,0.0,0.0
ZRFRMAUYISSNTM,training_pool,2,6.175,5.39,6.96,True,False,,1.0
ZRRYXKCNPQIHJZ,training_pool,2,7.215,7.14,7.29,False,False,1.0,1.0
ZRSHKDZUYUYVFH,training_pool,1,5.0,5.0,5.0,False,False,0.0,1.0
ZRSXGYXDZFHAOC,training_pool,1,6.72,6.72,6.72,False,False,1.0,1.0
ZRTXBRQDUJYTDR,training_pool,1,8.15,8.15,8.15,False,False,1.0,1.0
ZRVUJXDFFKFLMG,training_pool,10,6.095000000000001,4.15,7.28,True,True,,
ZRXNNNLXDZLQEL,training_pool,1,6.81,6.81,6.81,False,False,1.0,1.0
ZRYAKPZQCKODEV,training_pool,1,6.16,6.16,6.16,False,False,1.0,1.0
ZSGDYNVQAVIADC,training_pool,1,6.44,6.44,6.44,False,False,1.0,1.0
ZSGGGXOVUUUNHS,training_pool,2,8.85,8.85,8.85,False,False,1.0,1.0
ZSJUWFAOKZZZMO,training_pool,1,5.98,5.98,5.98,False,False,0.0,1.0
ZSNBFKKVERDHJL,training_pool,1,6.52,6.52,6.52,False,False,1.0,1.0
ZSNUMVKUUMGBTC,training_pool,1,7.3,7.3,7.3,False,False,1.0,1.0
ZSRPJFBRCNQTJM,training_pool,1,9.0,9.0,9.0,False,False,1.0,1.0
ZSRXMFICNOWRSH,training_pool,1,5.89,5.89,5.89,False,False,0.0,1.0
ZSTWDXWFIBXBEX,training_pool,1,7.6,7.6,7.6,False,False,1.0,1.0
ZSYGHBADRJNZOU,training_pool,2,6.925,6.89,6.96,False,False,1.0,1.0
ZTHCJOHRDXMFFI,training_pool,1,5.82,5.82,5.82,False,False,0.0,1.0
ZTJJIBURSBTUAR,training_pool,1,5.68,5.68,5.68,False,False,0.0,1.0
ZTNJGPMPPIESGP,training_pool,1,7.38,7.38,7.38,False,False,1.0,1.0
ZTUDKEZTBWCJFR,training_pool,1,6.8,6.8,6.8,False,False,1.0,1.0
ZTVIHGRUQNQRLC,training_pool,1,5.94,5.94,5.94,False,False,0.0,1.0
ZTYYHSDNSPVFDS,training_pool,1,5.8,5.8,5.8,False,False,0.0,1.0
ZUBVNAVETYHORI,training_pool,1,6.85,6.85,6.85,False,False,1.0,1.0
ZUQJQFADPPEZJX,training_pool,1,6.18,6.18,6.18,False,False,1.0,1.0
ZUQYDCQSXURQRE,training_pool,1,5.12,5.12,5.12,False,False,0.0,1.0
ZUSLJHHXDFIEBK,training_pool,1,7.52,7.52,7.52,False,False,1.0,1.0
ZUXFXWDXFWYXHI,training_pool,1,5.16,5.16,5.16,False,False,0.0,1.0
ZUYRLXUNPGJIIF,training_pool,1,7.52,7.52,7.52,False,False,1.0,1.0
ZUZQTKJXIWLYMU,training_pool,1,7.16,7.16,7.16,False,False,1.0,1.0
ZUZSBORTLQISNS,training_pool,1,6.72,6.72,6.72,False,False,1.0,1.0
ZWGAYYADLYCXQH,training_pool,1,5.12,5.12,5.12,False,False,0.0,1.0
ZWVSYSXUDJDCDL,training_pool,1,7.37,7.37,7.37,False,False,1.0,1.0
ZXIRUKJWLADSJS,training_pool,1,5.6,5.6,5.6,False,False,0.0,1.0
ZXRFRLBOBZPLJO,training_pool,1,6.43,6.43,6.43,False,False,1.0,1.0
ZXTUGALSRNGGLP,training_pool,1,4.99,4.99,4.99,False,False,0.0,0.0
ZXUOLRALFCWKSB,training_pool,2,10.155000000000001,10.15,10.16,False,False,1.0,1.0
ZXXGWBFIRIBKFF,training_pool,1,6.55,6.55,6.55,False,False,1.0,1.0
ZYDUBOOUNWAWNT,training_pool,1,6.65,6.65,6.65,False,False,1.0,1.0
ZYLPOYUYQWAKTF,training_pool,1,6.14,6.14,6.14,False,False,1.0,1.0
ZYQXVDBRPIHOGV,training_pool,1,5.52,5.52,5.52,False,False,0.0,1.0
ZYTBAYUXHYASOF,training_pool,1,5.82,5.82,5.82,False,False,0.0,1.0
ZYTIHFAJQBSZLE,training_pool,1,4.95,4.95,4.95,False,False,0.0,0.0
ZZBKFGAUXXMYNA,training_pool,1,6.62,6.62,6.62,False,False,1.0,1.0
ZZBNNRPALBXCAW,training_pool,1,7.03,7.03,7.03,False,False,1.0,1.0
ZZCBOUGLBWORTF,training_pool,1,5.82,5.82,5.82,False,False,0.0,1.0
ZZHPMCXUYDLUON,training_pool,2,5.904999999999999,5.85,5.96,False,False,0.0,1.0
ZZKLXJXTFZOFCI,training_pool,1,5.6,5.6,5.6,False,False,0.0,1.0
ZZOVZYIULUZEHF,training_pool,1,5.7,5.7,5.7,False,False,0.0,1.0
ZZPGKCHSCRXXCO,training_pool,1,7.12,7.12,7.12,False,False,1.0,1.0
ZZPPQIWDRXQLSS,training_pool,1,5.97,5.97,5.97,False,False,0.0,1.0
ZZQUGEBYEPDCHR,training_pool,1,5.08,5.08,5.08,False,False,0.0,1.0
ZZVUBXIMHCRPKZ,training_pool,1,6.56,6.56,6.56,False,False,1.0,1.0
