layer,smiles,predicted_probability,nn_similarity,in_domain_0.4,in_domain_0.3
KZJWDPNRJALLNS,CCC(CCC(C)C1CCC2C3CC=C4CC(O)CCC4(C)C3CCC12C)C(C)C,0.745,0.1809,False,False
IPCSVZSSVZVIGE,CCCCCCCCCCCCCCCC(=O)O,0.5075,0.325,False,True
ZQPPMHVWECSIRJ,CCCCCCCCC=CCCCCCCCC(=O)O,0.6269,0.3182,False,True
OYHQOLUKZRVURQ,CCCCCC=CCC=CCCCCCCCC(=O)O,0.6086,0.3509,False,True
QIQXTHQIDYTFRH,CCCCCCCCCCCCCCCCCC(=O)O,0.5075,0.325,False,True
HCXVJBMSMIARIN,CC[C@H](/C=C/[C@@H](C)[C@H]1CC[C@H]2[C@@H]3CC=C4C[C@@H](O)CC[C@]4(C)[C@H]3CC[C@]12C)C(C)C,0.6699,0.172,False,False
NPNUFJAVOOONJE,C=C1CCC=C(C)CCC2C1CC2(C)C,0.5983,0.2063,False,False
TUNFSRHWOTWDNC,CCCCCCCCCCCCCC(=O)O,0.5075,0.325,False,True
CDOSHBSSFJOMGT,C=CC(C)(O)CCC=C(C)C,0.4586,0.2113,False,False
REFJWTPEDVJJIY,O=c1c(O)c(-c2ccc(O)c(O)c2)oc2cc(O)cc(O)c12,0.4537,0.4167,True,True
XMGQYMWWDOXHJM,C=C(C)C1CC=C(C)CC1,0.4253,0.2041,False,False
BOTWFXYSPFMFNR,CC(=CCO)CCCC(C)CCCC(C)CCCC(C)C,0.6683,0.2105,False,False
NVEQFIOZRFFVFW,C=C1CCC2OC2(C)CCC2C1CC2(C)C,0.6786,0.2167,False,False
WQZGKKKJIJFFOK,OCC1OC(O)C(O)C(O)C1O,0.5004,0.2593,False,False
WRYLYDPHFGVWKC,CC1=CCC(O)(C(C)C)CC1,0.3787,0.1667,False,False
WUOACPNHFRMFPN,CC1=CCC(C(C)(C)O)CC1,0.352,0.18,False,False
GRWFGVWFFZKLTI,CC1=CCC2CC1C2(C)C,0.6117,0.18,False,False
VLXDPFLIRFYIME,CC1=CCC2C3C(C(C)C)CCC2(C)C13,0.63,0.1905,False,False
FQTLCLSUCSAZDY,C=CC(C)(O)CCC=C(C)CCC=C(C)C,0.5983,0.3061,False,True
FAMPSKZZVDUYOS,C/C1=C\CC/C(C)=C/CC(C)(C)/C=C/C1,0.645,0.1613,False,False
WEEGYLXZBRQIMU,CC12CCC(CC1)C(C)(C)O2,0.6,0.1569,False,False
WTARULDDTDQWMU,C=C1CCC2CC1C2(C)C,0.5919,0.2041,False,False
SGNBVLSWZMBQTH,CC(C)C(C)CCC(C)C1CCC2C3CC=C4CC(O)CCC4(C)C3CCC12C,0.7567,0.1868,False,False
UAHWPYUMFXYFJY,C=CC(=C)CCC=C(C)C,0.5088,0.2727,False,False
LNTHITQWFMADLM,O=C(O)c1cc(O)c(O)c(O)c1,0.1927,0.64,True,True
MQYXUWHLBZFQQO,C=C(C)C1CCC2(C)CCC3(C)C(CCC4C5(C)CCC(O)C(C)(C)C5CCC43C)C12,0.75,0.2706,False,False
DTOSIQBPPRVQHS,CCC=CCC=CCC=CCCCCCCCC(=O)O,0.6007,0.2917,False,False
HFPZCAJZSCWRBC,Cc1ccc(C(C)C)cc1,0.36,0.2667,False,False
IHPKGUQCSIINRJ,C=CC(C)=CCC=C(C)C,0.3161,0.2222,False,False
YKFLAYDHMOASIY,CC1=CCC(C(C)C)=CC1,0.5288,0.1636,False,False
ITYNGVSTWVVPIC,C=C1CCC2C(C3C(C)CCC13)C2(C)C,0.6219,0.25,False,False
AYXPYQRXGNDJFU,CC1CCC2C1C1C(CCC2(C)O)C1(C)C,0.5667,0.1957,False,False
GAIBLDCXCZKKJE,C=C1C=CC(C(C)C)CCC(C)=CCC1,0.4619,0.1594,False,False
IYRMWMYZSQPJKC,O=c1c(O)c(-c2ccc(O)cc2)oc2cc(O)cc(O)c12,0.432,0.4068,True,True
GLZPCOQZEFWAFX,CC(C)=CCCC(C)=CCO,0.6154,0.375,False,True
POULHZVOKOAJMA,CCCCCCCCCCCC(=O)O,0.5075,0.325,False,True
RRAFCDWBNXTKKO,C=CCc1ccc(O)c(OC)c1,0.2738,0.4,True,True
IKGXIBQEEMLURG,CC1OC(OCC2OC(Oc3c(-c4ccc(O)c(O)c4)oc4cc(O)cc(O)c4c3=O)C(O)C(O)C2O)C(O)C(O)C1O,0.6667,0.5342,True,True
VKOBVWXKNCXXDE,CCCCCCCCCCCCCCCCCCCC(=O)O,0.5075,0.325,False,True
WRHGORWNJGOVQY,C=C1CCC(C(C)C)C2C=C(C)CCC12,0.4506,0.1639,False,False
FRMCCTDTYSRUBE,C=C1CCC2C(C3C1CCC3(C)O)C2(C)C,0.545,0.2456,False,False
MOYAFQVGZZPNRA,CC1=CCC(=C(C)C)CC1,0.4983,0.1591,False,False
LPYXWGMUVRGUOY,OC[C@H](O)c1oc(O)c(O)c1O,0.35,0.1714,False,False
LHYHMMRYTDARSZ,CC1=CC2C(C(C)C)CCC(C)(O)C2CC1,0.4973,0.1875,False,False
NDVASEGYNIMXJL,C=C1CCC2(C(C)C)CC12,0.4572,0.1765,False,False
FLIACVVOZYBSBS,CCCCCCCCCCCCCCCC(=O)OC,0.5186,0.2889,False,False
FUCYIEXQVQJBKY,CC1=CC2C(=C(C)CCC2C(C)C)CC1,0.4506,0.1803,False,False
OPFTUNCRGUEPRZ,C=CC1(C)CCC(C(=C)C)CC1C(=C)C,0.5017,0.1757,False,False
QAIPRVGONGVQAS,O=C(O)C=Cc1ccc(O)c(O)c1,0.1146,0.5349,True,True
CRPUJAZIXJMDBK,C=C1C2CCC(C2)C1(C)C,0.6119,0.1837,False,False
QMAYBMKBYCGXDH,CC1=CC2C(CC1)C(C)=CCC2C(C)C,0.4867,0.1636,False,False
OGLDWXZKYODSOB,CC1=CCC(C(C)C)C=C1,0.4917,0.1475,False,False
DSSYKIVIOFKYAU,CC12CCC(CC1=O)C2(C)C,0.5712,0.1923,False,False
KQAZVFVOEIRWHN,CC1=CCC2(C(C)C)CC12,0.4186,0.1538,False,False
YHQGMYUVUMAZJR,CC1=CC=C(C(C)C)CC1,0.475,0.15,False,False
DTGKSKDOIYIVQL,CC1(C)C2CCC1(C)C(O)C2,0.5604,0.1951,False,False
CRDAMVZIKSXKFV,CC(C)=CCCC(C)=CCCC(C)=CCO,0.6238,0.3659,False,True
XZRVRYFILCSYSP,C=C(CCC=C(C)C)C1CC=C(C)CC1,0.562,0.25,False,False
HUMNYLRZRPPJDN,O=Cc1ccccc1,0.2417,0.3125,False,True
KGEKLUUHTZCSIP,CC(=O)OC1CC2CCC1(C)C2(C)C,0.6183,0.2542,False,False
OZQAPQSEYFAMCY,C=C(C)C1CCC2(C)CCC=C(C)C2C1,0.6117,0.2063,False,False
YOVSPTNQHMDJAG,C=C(C)C1CCC2(C)CCCC(=C)C2C1,0.6083,0.2154,False,False
IQPNAANSBPBGFQ,O=c1cc(-c2ccc(O)c(O)c2)oc2cc(O)cc(O)c12,0.485,0.3725,False,True
PFTAWBLQPZVEMU,Oc1cc(O)c2c(c1)OC(c1ccc(O)c(O)c1)C(O)C2,0.2467,0.4561,True,True
WTTJVINHCBCLGX,CCCCCC=CCC=CCCCCCCCC(=O)OC,0.6523,0.3617,False,True
BQOFWKZOCNGFEC,CC1=CCC2C(C1)C2(C)C,0.5754,0.1636,False,False
WQEPLUUGTLDZJY,CCCCCCCCCCCCCCC(=O)O,0.5075,0.325,False,True
CBFCDTFDPHXCNY,CCCCCCCCCCCCCCCCCCCC,0.5118,0.3636,False,True
JSNRRGGBADWTMC,C=CC(=C)CCC=C(C)CCC=C(C)C,0.5954,0.3333,False,True
RECUKUPTGUEGMW,Cc1ccc(C(C)C)cc1O,0.445,0.2571,False,False
DCAYPVUWAIABOU,CCCCCCCCCCCCCCCC,0.5118,0.3636,False,True
BRHDDEIRQPDPMG,C=CC1(C)CCC(C(C)(C)O)O1,0.5867,0.1803,False,False
WTEVQBCEXWBHNA,CC(C)=CCCC(C)=CC=O,0.5204,0.3571,False,True
MIJYXULNPSFWEK,CC1(C)CCC2(C(=O)O)CCC3(C)C(=CCC4C5(C)CCC(O)C(C)(C)C5CCC43C)C2C1,0.83,0.7586,True,True
GYHFUZHODSMOHU,CCCCCCCCC=O,0.5868,0.275,False,False
YMBFCQPIMVLNIU,CC(C)=CCCC1(C)C2CC=C(C)C1C2,0.6738,0.225,False,False
XIRNKXNNONJFQO,CCCCCCCCCCCCCCCC(=O)OCC,0.5019,0.2791,False,False
GHVNFZFCNZKVNT,CCCCCCCCCC(=O)O,0.5075,0.325,False,True
XUEHVOLRMXNRKQ,CC1=CCC23C(C)CCC(C(C)C)C2C13,0.5061,0.1935,False,False
HIGQPQRQIQDZMP,CC(=O)OCC=C(C)CCC=C(C)C,0.4904,0.3864,False,True
CWVRJTMFETXNAD,O=C(C=Cc1ccc(O)c(O)c1)OC1CC(O)(C(=O)O)CC(O)C1O,0.3717,0.4138,True,True
GVJHHUAWPYXKBD,Cc1c(C)c2c(c(C)c1O)CCC(C)(CCCC(C)CCCC(C)CCCC(C)C)O2,0.7292,0.2319,False,False
GXEGJTGWYVZSNR,CC1=CCC(=C(C)C)CCC(C)=CCC1,0.5117,0.1552,False,False
MGSRCZKZVOBKFT,Cc1ccc(C(C)C)c(O)c1,0.4017,0.2683,False,False
YYGNTYWPHWGJRM,CC(C)=CCC/C(C)=C/CC/C(C)=C/CC/C=C(\C)CC/C=C(\C)CCC=C(C)C,0.5538,0.3947,False,True
KZNIFHPLKGYRTM,O=c1cc(-c2ccc(O)cc2)oc2cc(O)cc(O)c12,0.44,0.4167,True,True
VPDZRSSKICPUEY,C/C1=C\[C@H]2[C@@H](CC/C(C)=C/CC1)C2(C)C,0.5383,0.1833,False,False
MBDOYVRWFFCFHM,CCCC=CC=O,0.5517,0.2368,False,False
LFJQCDVYDGGFCH,C=C1C=CC(C(C)C)CC1,0.4125,0.18,False,False
FSRZGYRCMPZNJF,C=C1CCC23C(C)CCC(C(C)C)C2C13,0.6105,0.2414,False,False
ZYEMGPIYFIJGTP,C=CCc1ccc(OC)c(OC)c1,0.3787,0.3784,False,True
BOPIMTNSYWYZOC,C=C1CCC[C@]2(C)CC[C@@H](C(C)(C)O)C[C@@H]12,0.545,0.2121,False,False
HYBBIBNJHNGZAN,O=Cc1ccco1,0.4588,0.2857,False,False
QGJZLNKBHJESQX,C=C(C)[C@@H]1CC[C@]2(C(=O)O)CC[C@]3(C)[C@H](CC[C@@H]4[C@@]5(C)CC[C@H](O)C(C)(C)[C@@H]5CC[C@]43C)[C@@H]12,0.8033,0.3077,False,True
QTGAEXCCAPTGLB,CC1=CCC(C)(C)C=CCC2(C)OC2CC1,0.682,0.1781,False,False
UFLHIIWVXFIJGU,CCC=CCCO,0.5175,0.2105,False,False
OVSQVDMCBVZWGM,O=c1c(OC2OC(CO)C(O)C(O)C2O)c(-c2ccc(O)c(O)c2)oc2cc(O)cc(O)c12,0.652,0.6,True,True
JARKCYVAAOWBJS,CCCCCC=O,0.5133,0.25,False,False
CXENHBSYCFFKJS,C=CC(C)=CCC=C(C)CCC=C(C)C,0.5188,0.3556,False,True
MUBZPKHOEPUJKR,O=C(O)C(=O)O,0.49,0.1667,False,False
OENHQHLEOONYIE,CC(C=CC=C(C)C=CC1=C(C)CCCC1(C)C)=CC=CC=C(C)C=CC=C(C)C=CC1=C(C)CCCC1(C)C,0.6683,0.1449,False,False
GFJIQNADMLPFOW,C=CC1(C)CCC(C(C)(C)O)CC1C(=C)C,0.46,0.1852,False,False
UKMSUNONTOPOIO,CCCCCCCCCCCCCCCCCCCCCC(=O)O,0.5075,0.325,False,True
PVNIIMVLHYAWGP,O=C(O)c1cccnc1,0.3655,0.5143,True,True
KSEBMYQBYZTDHS,COc1cc(C=CC(=O)O)ccc1O,0.1418,0.6667,True,True
UWKAYLJWKGQEPM,C=CC(C)(CCC=C(C)C)OC(C)=O,0.4236,0.2308,False,False
COGPRPSWSKLKTF,CC1=CC2C(C(C)C)CCC(C)C2(O)CC1,0.5173,0.2131,False,False
QYDYPVFESGNLHU,CCCCCCCCC=CCCCCCCCC(=O)OC,0.6623,0.3556,False,True
BQSLMQNYHVFRDT,C=CC1(C)CCC(=C(C)C)CC1C(=C)C,0.5888,0.1833,False,False
WHWDWIHXSPCOKZ,CC(=O)CCCC(C)CCCC(C)CCCC(C)C,0.5908,0.2745,False,False
KSMVZQYAVGTKIV,CCCCCCCCCC=O,0.5868,0.275,False,False
HPEUJPJOZXNMSJ,CCCCCCCCCCCCCCCCCC(=O)OC,0.5186,0.2889,False,False
YIRAHEODBQONHI,C=C1CC[C@@H]2[C@H]1[C@H]1[C@H](C(C)C)CC[C@]12C,0.5622,0.2031,False,False
JFSHUTJDVKUMTJ,CC1(C)CCC2(C)CCC3(C)C(=CCC4C5(C)CCC(O)C(C)(C)C5CCC43C)C2C1,0.7933,0.5645,True,True
WKOLLVMJNQIZCI,COc1cc(C(=O)O)ccc1O,0.1703,0.6333,True,True
YOMSJEATGXXYPX,C=Cc1ccc(O)c(OC)c1,0.1933,0.5,True,True
XEKOWRVHYACXOJ,CCOC(C)=O,0.2367,0.2571,False,False
CYFXRGFESOFDNS,O=c1c(O)cc2c(O)oc3c(=O)c(O)cc4c(O)oc1c2c43,0.3033,0.3077,False,True
LRBQNJMCXXYXIU,O=C(OCC1OC(OC(=O)c2cc(O)c(O)c(OC(=O)c3cc(O)c(O)c(O)c3)c2)C(OC(=O)c2cc(O)c(O)c(OC(=O)c3cc(O)c(O)c(O)c3)c2)C(OC(=O)c2cc(O)c(O)c(OC(=O)c3cc(O)c(O)c(O)c3)c2)C1OC(=O)c1cc(O)c(O)c(OC(=O)c2cc(O)c(O)c(O)c2)c1)c1cc(O)c(O)c(OC(=O)c2cc(O)c(O)c(O)c2)c1,0.6075,0.283,False,False
KXSDPILWMGFJMM,CC(C)C12CCC(C)(O)C1C2,0.5053,0.2195,False,False
QEBNYNLSCGVZOH,C=C(C)C1CCC2=CCCC(C)C2(C)C1,0.6003,0.2459,False,False
YAHNGTQFNICUIJ,C=C(C)C1C=CC(C)C(=O)C1,0.3372,0.2075,False,False
JPUKWEQWGBDDQB,O=c1c(OC2OC(CO)C(O)C(O)C2O)c(-c2ccc(O)cc2)oc2cc(O)cc(O)c12,0.6387,0.5938,True,True
BGHCVCJVXZWKCC,CCCCCCCCCCCCCC,0.5118,0.3636,False,True
NDJKXXJCMXVBJW,CCCCCCCCCCCCCCCCC,0.5118,0.3636,False,True
IUJAMGNYPWYUPM,CCCCCCCCCCCCCCCCCCCCCCCCCCCCCCC,0.5118,0.3636,False,True
WVDDGKGOMKODPV,OCc1ccccc1,0.3288,0.3846,False,True
HOWGUJZVBDQJKV,CCCCCCCCCCCCCCCCCCCCCC,0.5118,0.3636,False,True
CZMRCDWAGMRECN,OC[C@H]1O[C@@](CO)(O[C@H]2O[C@H](CO)[C@@H](O)[C@H](O)[C@H]2O)[C@@H](O)[C@@H]1O,0.5538,0.2676,False,False
MWOOGOJBHIARFG,COc1cc(C=O)ccc1O,0.1083,0.5385,True,True
WMOPMQRJLLIEJV,CC1=C2CC(C(C)(C)O)CCC2(C)CCC1,0.5967,0.1806,False,False
VMYXUZSZMNBRCN,CC(C)=CCCC(C)c1ccc(C)cc1,0.4867,0.2857,False,False
ODSSDTBFHAYYMD,C=C(C)C1CCC2(C)CCC3(C)C(CCC4C5(C)CCC(OC(C)=O)C(C)(C)C5CCC43C)C12,0.7567,0.3103,False,True
OSWPMRLSEDHDFF,COC(=O)c1ccccc1O,0.5167,0.4722,True,True
NPJICTMALKLTFW,CCC(CCC(C)C1CCC2C3CC=C4CC(OC5OC(CO)C(O)C(O)C5O)CCC4(C)C3CCC12C)C(C)C,0.7089,0.2308,False,False
SESFRYSPDFLNCH,O=C(OCc1ccccc1)c1ccccc1,0.4184,0.4595,True,True
DTUQWGWMVIHBKE,O=CCc1ccccc1,0.32,0.3103,False,True
SECPZKHBENQXJG,CCCCCCC=CCCCCCCCC(=O)O,0.6269,0.3182,False,True
IKMDFBPHZNJCSN,O=c1c(O)c(-c2cc(O)c(O)c(O)c2)oc2cc(O)cc(O)c12,0.4379,0.5185,True,True
LQERIDTXQFOHKA,CCCCCCCCCCCCCCCCCCC,0.5118,0.3636,False,True
RXBQNMWIQKOSCS,CC1(C)C2CC=C(CO)C1C2,0.5867,0.1803,False,False
WRMNZCZEMHIOCP,OCCc1ccccc1,0.3383,0.4286,True,True
HNZUNIKWNYHEJJ,CC(=O)CCC=C(C)CCC=C(C)C,0.6054,0.425,True,True
YKNWIILGEFFOPE,CCCCCCCCCCCCCCCCCCCCCCCCC,0.5118,0.3636,False,True
NGSWKAQJJWESNS,O=C(O)C=Cc1ccc(O)cc1,0.1695,0.4359,True,True
RZJRJXONCZWCBN,CCCCCCCCCCCCCCCCCC,0.5118,0.3636,False,True
UHEPJGULSIKKTP,CC(=O)CCC=C(C)C,0.5004,0.359,False,True
WWZKQHOCKIZLMA,CCCCCCCC(=O)O,0.5075,0.325,False,True
WPYMKLBDIGXBTP,O=C(O)c1ccccc1,0.3153,0.44,True,True
BAVONGHXFVOKBV,C=C(C)C1CC=C(C)C(O)C1,0.4967,0.1579,False,False
IZXYHAXVIZHGJV,CC(C)C1C=CC(C)(O)CC1,0.5319,0.1636,False,False
PSQYTAPXSHCGMF,CC(=O)C=CC1=C(C)CCCC1(C)C,0.65,0.1915,False,False
IAIHUHQCLTYTSF,CC12CCC(C1)C(C)(C)C2O,0.4688,0.225,False,False
REZQBEBOWJAQKS,CCCCCCCCCCCCCCCCCCCCCCCCCCCCCCO,0.5582,0.3462,False,True
SPCXZDDGSGTVAW,CC1=C2C(CC1)C(C)CCC1C2C1(C)C,0.67,0.1818,False,False
IGGUPRCHHJZPBS,CCCCCCCCCCCCCCCCCCCCCCCCCCCCC,0.5118,0.3636,False,True
YCOZIPAWZNQLMR,CCCCCCCCCCCCCCC,0.5118,0.3636,False,True
BJQWYEJQWHSSCJ,CCCCCCCCCCCCCCCCCCCCCCCCCCC,0.5118,0.3636,False,True
VSMOENVRRABVKN,C=CC(O)CCCCC,0.5267,0.2424,False,False
FNAZRRHPUDJQCJ,CCCCCCCCCCCCCCCCCCCCC,0.5118,0.3636,False,True
POOSGDOYLQNASK,CCCCCCCCCCCCCCCCCCCCCCCC,0.5118,0.3636,False,True
FSLPMRQHCOLESF,CC1CCC2(C)CCC3(C)C(=CCC4C5(C)CCC(O)C(C)(C)C5CCC43C)C2C1C,0.755,0.4143,True,True
DVWSXZIHSUZZKJ,CCC=CCC=CCC=CCCCCCCCC(=O)OC,0.655,0.3061,False,True
KKOXKGNSUHTUBV,CC(C)=CCCC(C)C1C=CC(C)=CC1,0.6283,0.24,False,False
QMVPMAAFGQKVCJ,CC(C)=CCCC(C)CCO,0.58,0.2128,False,False
IGODOXYLBBXFDW,CC(=O)OC(C)(C)C1CC=C(C)CC1,0.3803,0.197,False,False
KBPLFHHGFOOTCA,CCCCCCCCO,0.5582,0.3462,False,True
ZFMSMUAANRJZFM,C=CCc1ccc(OC)cc1,0.3338,0.375,False,True
ADIDQIZBYUABQK,C=C(C)C1CCC(C)C2=C(C1)C(C)CC2,0.4867,0.1803,False,False
XNGIFLGASWRNHJ,O=C(O)c1ccccc1C(=O)O,0.2417,0.4333,True,True
HVYWMOMLDIMFJA,CC(C)CCCC(C)C1CCC2C3CC=C4CC(O)CCC4(C)C3CCC12C,0.7583,0.2267,False,False
FBUKVWPVBMHYJY,CCCCCCCCC(=O)O,0.5075,0.325,False,True
KRKNYBCHXYNGOX,O=C(O)CC(O)(CC(=O)O)C(=O)O,0.4383,0.1795,False,False
OXGUCUVFOIWWQJ,C[C@@H]1O[C@@H](Oc2c(-c3ccc(O)c(O)c3)oc3cc(O)cc(O)c3c2=O)[C@H](O)[C@H](O)[C@H]1O,0.6417,0.619,True,True
YCIMNLLNPGFGHC,Oc1ccccc1O,0.2217,0.3125,False,True
PHWISBHSBNDZDX,C=C1C=CC(C(C)CCC=C(C)C)CC1,0.5823,0.2703,False,False
WBYWAXJHAXSJNI,O=C(O)C=Cc1ccccc1,0.2082,0.4722,True,True
LCYXQUJDODZYIJ,C=C1C(O)CC2CC1C2(C)C,0.5304,0.2115,False,False
WTWBUQJHJGUZCY,CC(C)c1ccc(C=O)cc1,0.34,0.3061,False,True
CUUMXRBKJIDIAY,CC1=CCC(C(C)C)c2cc(C)ccc21,0.4567,0.2167,False,False
JMSVCTWVEWCHDZ,COc1cc(C(=O)O)cc(OC)c1O,0.09,0.84,True,True
XLPDVYGDNRIQFV,Cc1ccc(C(C)(C)O)cc1,0.3867,0.2941,False,False
IRAQOCYXUMOFCW,CC1=CCC23CC1C(C)(C)C2CCC3C,0.6869,0.2222,False,False
ZSIAUFGUXNUGDI,CCCCCCO,0.5582,0.3462,False,True
RRBYUSWBLVXTQN,CC1(C)C2CC3C(C2)C31C,0.5667,0.1746,False,False
FXHGMKSSBGDXIY,CCCCCCC=O,0.5868,0.275,False,False
FIGVVZUWCLSUEI,CCCCCCCCCCCCCCCCCCCCCCC,0.5118,0.3636,False,True
AUNGANRZJHBGPY,Cc1cc2nc3c(=O)[nH]c(=O)nc-3n(C[C@H](O)[C@H](O)[C@H](O)CO)c2cc1C,0.6183,0.1852,False,False
MXDMETWAEGIFOE,C=CC1(C)CCC(C(C)C)=CC1C(=C)C,0.5987,0.1806,False,False
UFWIBTONFRDIAS,c1ccc2ccccc2c1,0.3367,0.3125,False,True
CDAISMWEOUEBRE,OC1C(O)C(O)C(O)C(O)C1O,0.2888,0.1042,False,False
FMMOOAYVCKXGMF,CCCCCC=CCC=CCCCCCCCC(=O)OCC,0.6279,0.3279,False,True
NOEGNKMFWQHSLB,O=Cc1ccc(CO)o1,0.3808,0.2,False,False
NUJGJRNETVAIRJ,CCCCCCCC=O,0.5868,0.275,False,False
QZZGJDVWLFXDLK,CCCCCCCCCCCCCCCCCCCCCCCC(=O)O,0.5075,0.325,False,True
DOIRQSBPFJWKBE,CCCCOC(=O)c1ccccc1C(=O)OCCCC,0.2167,0.4545,True,True
FCSRUSQUAVXUKK,CC1=CCCC2(C)CCC(C(C)(C)O)CC12,0.56,0.2063,False,False
NOOLISFMXDJSKH,CC1CCC(C(C)C)C(O)C1,0.3824,0.1698,False,False
TWVJWDMOZJXUID,C[C@H]1CC[C@@H](C(C)(C)O)CC2=C1CC[C@@H]2C,0.3717,0.1803,False,False
LKDRXBCSQODPBY,OCC1(O)OCC(O)C(O)C1O,0.5271,0.1957,False,False
FJKROLUGYXJWQN,O=C(O)c1ccc(O)cc1,0.2653,0.3611,False,True
AAWZDTNXLSGCEK,O=C(O)C1(O)CC(O)C(O)C(O)C1,0.3921,0.2051,False,False
YGSDEFSMJLZEOE,O=C(O)c1ccccc1O,0.4417,0.4815,True,True
RUVINXPYWBROJD,CC=Cc1ccc(OC)cc1,0.2633,0.6154,True,True
FVWJYYTZTCVBKE,C=C(C)[C@@H]1CC[C@]2(CO)CC[C@]3(C)[C@H](CC[C@@H]4[C@@]5(C)CC[C@H](O)C(C)(C)[C@@H]5CC[C@]43C)[C@@H]12,0.7567,0.2584,False,False
LEXWWQVRWFGKCF,CC1=C2CC(C(=O)C1)C2(C)C,0.4589,0.2245,False,False
RGZSQWQPBWRIAQ,CC(C)=CCCC(C)(O)C1CC=C(C)CC1,0.505,0.2692,False,False
BXWNKGSJHAJOGX,CCCCCCCCCCCCCCCCO,0.5582,0.3462,False,True
WTVHAMTYZJGJLJ,CC(C)=CCCC(C)C1(O)CC=C(C)CC1,0.617,0.2208,False,False
FUZZWVXGSFPDMH,CCCCCC(=O)O,0.4338,0.3077,False,True
WCGUUGGRBIKTOS,C[C@H]1[C@H](C)CC[C@]2(C(=O)O)CC[C@]3(C)C(=CC[C@@H]4[C@@]5(C)CC[C@H](O)C(C)(C)[C@@H]5CC[C@]43C)[C@H]12,0.805,0.5294,True,True
ZYGHJZDHTFUPRJ,O=c1ccc2ccccc2o1,0.2867,0.2895,False,False
YSTPAHQEHQSRJD,CC1=CC(=O)C(C(C)C)CC1,0.5032,0.2245,False,False
FTVWIRXFELQLPI,O=C1CC(c2ccc(O)cc2)Oc2cc(O)cc(O)c21,0.3298,0.5,True,True
ISWSIDIOOBJBQZ,Oc1ccccc1,0.1769,0.4348,True,True
LQZZUXJYWNFBMV,CCCCCCCCCCCCO,0.5582,0.3462,False,True
CCEFMUBVSUDRLG,C=C(C)C1CCC2(C)OC2C1,0.6567,0.2154,False,False
YHBUQBJHSRGZNF,CC(C)=CCC=C(C)C1CC=C(C)CC1,0.4669,0.2157,False,False
OFMXGFHWLZPCFL,CC1C(=O)CC[C@H]2[C@]3(C)CC[C@@]4(C)[C@@H]5CC(C)(C)CC[C@]5(C)CC[C@]4(C)[C@H]3CC[C@]12C,0.6091,0.2778,False,False
WWRCMNKATXZARA,Cc1ccccc1C(C)C,0.4567,0.25,False,False
RHCTXHCNRLCYBN,CC1=CCCC(C)(O)C=CC(C(C)C)CC1,0.5369,0.2031,False,False
NEHNMFOYXAPHSD,CC(C)=CCCC(C)CC=O,0.5517,0.2292,False,False
YQUVCSBJEUQKSH,O=C(O)c1ccc(O)c(O)c1,0.2403,0.4333,True,True
XGQJZNCFDLXSIJ,CCCCCCCCCCCCCCC=O,0.5868,0.275,False,False
KMRMUZKLFIEVAO,CC1(C)C2CC=C(C=O)C1C2,0.6683,0.1887,False,False
VKCYHJWLYTUGCC,CCCCCCCC(C)=O,0.5204,0.3077,False,True
DIOQZVSQGTUSAI,CCCCCCCCCC,0.5118,0.3636,False,True
QTBSBXVTEAMEQO,CC(=O)O,0.2267,0.2,False,False
NFLGAXVYCFJBMK,CC1CCC(C(C)C)C(=O)C1,0.3533,0.2083,False,False
ZCHHRLHTBGRGOT,CCCC=CCO,0.4983,0.2778,False,False
MMFCJPPRCYDLLZ,CCCCCCCC=CC=O,0.6715,0.3095,False,True
NWKFECICNXDNOQ,c1ccc(-c2ccc3ccccc3[o+]2)cc1,0.4,0.2564,False,False
XMOCLSLCDHWDHP,Oc1cc(O)c2c(c1)OC(c1cc(O)c(O)c(O)c1)C(O)C2,0.3201,0.4211,True,True
RTATXGUCZHCSNG,CC1OC(OCC2OC(Oc3c(-c4ccc(O)cc4)oc4cc(O)cc(O)c4c3=O)C(O)C(O)C2O)C(O)C(O)C1O,0.6433,0.5278,True,True
MWKFXSUHUHTGQN,CCCCCCCCCCO,0.5582,0.3462,False,True
ICKWICRCANNIBI,CC(C)(C)c1ccc(O)c(C(C)(C)C)c1,0.36,0.3478,False,True
IJFPVINAQGWBRJ,CC(C)CCCCCOC(=O)c1ccccc1C(=O)OCCCCCC(C)C,0.4344,0.4375,True,True
CCRCUPLGCSFEDV,COC(=O)C=Cc1ccccc1,0.1437,0.3913,False,True
ZNVPDAPIKJFTLK,CC1OCC(=O)C(=O)C1O,0.3067,0.1923,False,False
FBPFZTCFMRRESA,OCC(O)C(O)C(O)C(O)CO,0.3283,0.12,False,False
IIYFAKIEWZDVMP,CCCCCCCCCCCCC,0.5118,0.3636,False,True
LHGVFZTZFXWLCP,COc1ccccc1O,0.19,0.3824,False,True
UHUFTBALEZWWIH,CCCCCCCCCCCCCC=O,0.5868,0.275,False,False
RSJKGSCJYJTIGS,CCCCCCCCCCC,0.5118,0.3636,False,True
ROWKJAVDOGWPAT,CC(=O)C(C)O,0.2709,0.2143,False,False
IRHTZOCLLONTOC,CCCCCCCCCCCCCCCCCCCCCCCCCCO,0.5582,0.3462,False,True
OKKJLVBELUTLKV,CO,0.2667,0.0909,False,False
PGTJIOWQJWHTJJ,Cc1ccc2c(c1)C(C(C)C)CCC2C,0.465,0.2115,False,False
DRNXTXNIVVMGME,CCCCC=CC=CCC=O,0.495,0.2826,False,False
KJPRLNWUNMBNBZ,O=CC=Cc1ccccc1,0.3717,0.2857,False,False
NAAJVHHFAXWBOK,CC(C)=CC(=O)CC(C)c1ccc(C)cc1,0.2638,0.3023,False,True
DUYRYUZIBGFLDD,C=C(C)C1C=C2C(C)CCC2C(C)CC1,0.4517,0.1897,False,False
UPVZPMJSRSWJHQ,C=C1CCC2C3C(C(C)C)CCC2(C)C13,0.6005,0.2222,False,False
JUQGWBAOQUBVFP,CC1=CC2C(=CC1)C(C)CCC2C(C)C,0.4276,0.1692,False,False
BJQHLKABXJIVAM,CCCCC(CC)COC(=O)c1ccccc1C(=O)OCC(CC)CCCC,0.4867,0.3148,False,True
ZWRUINPWMLAQRD,CCCCCCCCCO,0.5582,0.3462,False,True
KYWIYKKSMDLRDC,CCCCCCCCCC(C)=O,0.5204,0.3077,False,True
XMRKUJJDDKYUHV,C=C(C)C1CC=C(C)CCC=C(C)CC1,0.44,0.1887,False,False
QUEDXNHFTDJVIY,Cc1c(O)cc2c(c1C)O[C@](C)(CCC[C@H](C)CCC[C@H](C)CCCC(C)C)CC2,0.7328,0.2609,False,False
MVLVMROFTAUDAG,CCCCCCCCCCCCCCCCCC(=O)OCC,0.5019,0.2791,False,False
KMXFZRSJMDYPPG,CCCCCCCCCCCCCCCCCCCCCCCCCCCCCCCCCCCCCCCCCCCC,0.5118,0.3636,False,True
PDSNLYSELAIEBU,C=C1C2CCC3C2C(C)(C)CCCC13C,0.6119,0.2333,False,False
TZDMGBLPGZXHJI,C=C1C(=O)CC2CC1C2(C)C,0.6402,0.2708,False,False
USDOQCCMRDNVAH,CC1=CCC2C(C)=CCC(C(C)C)C2C1,0.6133,0.1333,False,False
JZRWCGZRTZMZEH,Cc1ncc(C[n+]2csc(CCO)c2C)c(N)n1,0.6983,0.1739,False,False
FEWJPZIEWOKRBE,O=C(O)C(O)C(O)C(=O)O,0.4067,0.2222,False,False
CSCPPACGZOOCGX,CC(C)=O,0.225,0.1613,False,False
CNNRPFQICPFDPO,CCCCCCCCCCCCCCCCCCCCCCCCCCCCO,0.5582,0.3462,False,True
KEMQGTRYUADPNZ,CCCCCCCCCCCCCCCCC(=O)O,0.5075,0.325,False,True
IRCZVRWQUNZGSH,C=C1CC[C@H]2[C@@H]1[C@H]1[C@@H](CC[C@H]2C)C1(C)C,0.5686,0.25,False,False
VLKZOEOYAKHREP,CCCCCC,0.4067,0.3333,False,True
WONIGEXYPVIKFS,CC1=CC(O)C2CC1C2(C)C,0.585,0.1864,False,False
SRBFZHDQGSBBOR,OC1COC(O)C(O)C1O,0.4938,0.1395,False,False
LVGKNOAMLMIIKO,CCCCCCCCC=CCCCCCCCC(=O)OCC,0.6345,0.3191,False,True
HPOHAUWWDDPHRS,CC1=CC(O)C(C(C)C)CC1,0.3897,0.2245,False,False
GQVMHMFBVWSSPF,CC=C(C)C=CC=C(C)C,0.3521,0.1304,False,False
MMSLOZQEMPDGPI,C=C(C)c1ccc(C)cc1,0.2767,0.3235,False,True
YHAJBLWYOIUHHM,C=C(C)C1CCC(C)=C2CCC(C)C2C1,0.4883,0.1875,False,False
NZGWDASTMWDZIW,CC(C)=C1CCC(C)CC1=O,0.4103,0.1897,False,False
JOZKFWLRHCDGJA,CC(=O)OCCC(C)CCC=C(C)C,0.505,0.2353,False,False
LFQSCWFLJHTTHZ,CCO,0.2883,0.1739,False,False
SGEWCQFRYRRZDC,O=c1cc(-c2ccc(O)cc2)oc2c([C@@H]3O[C@H](CO)[C@@H](O)[C@H](O)[C@H]3O)c(O)cc(O)c12,0.3867,0.4237,True,True
LRHPLDYGYMQRHN,CCCCO,0.3867,0.28,False,False
PHTQWCKDNZKARW,CC(C)CCO,0.4667,0.2,False,False
YGHRJJRRZDOVPD,CC(C)CC=O,0.3133,0.1714,False,False
HVQAJTFOCKOKIN,O=c1c(O)c(-c2ccccc2)oc2ccccc12,0.3267,0.5,True,True
RODXRVNMMDRFIK,COc1cc2ccc(=O)oc2cc1O,0.3817,0.4667,True,True
HFJRKMMYBMWEAD,CCCCCCCCCCCC=O,0.5868,0.275,False,False
ZGIGZINMAOQWLX,CC(=O)OCC=C(C)CCC=C(C)CCC=C(C)C,0.5071,0.3778,False,True
USMNOWBWPHYOEA,CC1C(=O)CC2(C(C)C)CC12,0.4537,0.1765,False,False
LHXDLQBQYFFVNW,CC12CCC(C1)C(C)(C)C2=O,0.5506,0.1887,False,False
DPQYOKVMVCQHMY,C=C(C)C1CCC2(C)CCCC(C)(O)C2C1,0.605,0.1867,False,False
QPJVMBTYPHYUOC,COC(=O)c1ccccc1,0.3787,0.4412,True,True
AEMOLEFTQBMNLQ,O=C(O)C1OC(O)C(O)C(O)C1O,0.3369,0.2727,False,False
LTUMRKDLVGQMJU,CC(=O)CC/C=C(\C)CC/C=C(\C)CCC=C(C)C,0.6054,0.425,True,True
WGTRJVCFDUCKCM,CC1=C2CC[C@@H](C)[C@H]2[C@H]2[C@@H](CC1)C2(C)C,0.6078,0.2131,False,False
KONGRWVLXLWGDV,CC(C)C1CCC(C)C23CCC(C)(O)C2C13,0.5603,0.2069,False,False
COLNVLDHVKWLRT,NC(Cc1ccccc1)C(=O)O,0.3054,0.3478,False,True
FATBGEAMYMYZAF,CCCCCCCCC=CCCCCCCCC(N)=O,0.6504,0.3182,False,True
NIDGCIPAMWNKOA,C=CC(=C)CCCC(C)CCCC(C)CCCC(C)C,0.6383,0.2143,False,False
RUJPNZNXGCHGID,C=C(C)C1CCC(C)(O)CC1,0.5083,0.1961,False,False
OEYIOHPDSNJKLS,C[N+](C)(C)CCO,0.474,0.1471,False,False
PEDCQBHIVMGVHV,OCC(O)CO,0.315,0.1273,False,False
JXTPJDDICSTXJX,CCCCCCCCCCCCCCCCCCCCCCCCCCCCCC,0.5118,0.3636,False,True
SNRUBQQJIBEYMU,CCCCCCCCCCCC,0.5118,0.3636,False,True
POIARNZEYGURDG,CC=CC(=O)C1=C(C)C=CCC1(C)C,0.5167,0.2097,False,False
WHUUTDBJXJRKMK,NC(CCC(=O)O)C(=O)O,0.5354,0.2632,False,False
YXFVVABEGXRONW,Cc1ccccc1,0.2033,0.3571,False,True
ANVAOWXLWRTKGA,CC1=CCCC(C)(C)[C@H]1/C=C/C(C)=C/C=C/C(C)=C/C=C/C=C(C)/C=C/C=C(C)/C=C/C1=C(C)CCCC1(C)C,0.67,0.175,False,False
XNMPFDIYAMOYRM,C=C(C)C1=CC=C(C)CC1,0.3987,0.1429,False,False
VEVZSMAEJFVWIL,Oc1cc(O)c2cc(O)c(-c3ccc(O)c(O)c3)[o+]c2c1,0.3962,0.2889,False,False
SVURIXNDRWRAFU,C[C@@H]1CC[C@H]2C(C)(C)[C@H]3C[C@@]12CC[C@@]3(C)O,0.5903,0.2333,False,False
GIBQERSGRNPMEH,CC(C)=C1CCC(C)C2=C(C1)C(C)CC2,0.37,0.1695,False,False
BPLQKQKXWHCZSS,C=CCc1cc(OC)c(OC)c(OC)c1,0.5021,0.5714,True,True
XCYJPXQACVEIOS,Cc1cccc(C(C)C)c1,0.4633,0.3056,False,True
DKPFZGUDAPQIHT,CCCCOC(C)=O,0.26,0.35,False,True
JKHRCGUTYDNCLE,Oc1cc(O)c2cc(O)c(-c3cc(O)c(O)c(O)c3)[o+]c2c1,0.3822,0.25,False,False
PLAPMLGJVGLZOV,O=c1cc(-c2ccc(O)c(O)c2)oc2c([C@@H]3O[C@H](CO)[C@@H](O)[C@H](O)[C@H]3O)c(O)cc(O)c12,0.4083,0.3934,False,True
ZAZKJZBWRNNLDS,CCCCCCCCCCCCCC(=O)OC,0.5186,0.2889,False,False
IEMMBWWQXVXBEU,CC(=O)c1ccco1,0.4554,0.3111,False,True
GLKQAHXBJLGAFT,CC1CCC2C1C1C(CC3OC32C)C1(C)C,0.7552,0.1833,False,False
SWXVUIWOUIDPGS,CC(=O)CC(C)(C)O,0.395,0.2,False,False
MGWAVDBGNNKXQV,CC(C)COC(=O)c1ccccc1C(=O)OCC(C)C,0.31,0.3404,False,True
HMSWAIKSFDFLKN,CCCCCCCCCCCCCCCCCCCCCCCCCC,0.5118,0.3636,False,True
XPFVYQJUAUNWIW,OCc1ccco1,0.48,0.3256,False,True
SIKJAQJRHWYJAI,c1ccc2[nH]ccc2c1,0.3017,0.3077,False,True
BKATZVAUANSCKN,CC(=O)OCC1=CCC2CC1C2(C)C,0.5686,0.2121,False,False
BJEPYKJPYRNKOW,O=C(O)CC(O)C(=O)O,0.3967,0.2571,False,False
HEDRZPFGACZZDS,ClC(Cl)Cl,0.4517,0.0645,False,False
STRABSCAWZINIF,CC(C)=C1CCC2(C)CCCC(C)(O)C2C1,0.6183,0.1719,False,False
IMKHDCBNRDRUEB,CC1(C)CCCC2(C)OC(=O)C=C12,0.6737,0.2167,False,False
KBPHJBAIARWVSC,CC(C=CC=C(C)C=CC1=C(C)CC(O)CC1(C)C)=CC=CC=C(C)C=CC=C(C)C=CC1C(C)=CC(O)CC1(C)C,0.62,0.1515,False,False
CCCMONHAUSKTEQ,C=CCCCCCCCCCCCCCCCC,0.6151,0.275,False,False
MDFQXBNVOAKNAY,C=C1C(O)CC2(C(C)C)CC12,0.4253,0.1852,False,False
GQEZCXVZFLOKMC,C=CCCCCCCCCCCCCCC,0.6151,0.275,False,False
ZRSNZINYAWTAHE,COc1ccc(C=O)cc1,0.2267,0.5185,True,True
RNDFUOKDULDZPR,C=C1C=C2C(C(C)C)CCC(C)C2CC1,0.5937,0.1724,False,False
OBNCKNCVKJNDBV,CCCC(=O)OCC,0.3067,0.2791,False,False
SHZGCJCMOBCMKK,CC1OC(O)C(O)C(O)C1O,0.3471,0.2308,False,False
JYYFMIOPGOFNPK,CC/C=C\C/C=C\C/C=C\CCCCCCCC(=O)OCC,0.6438,0.2745,False,False
XBGUIVFBMBVUEG,CC(C)=CCCC(C)=C1CC=C(C)CC1,0.5871,0.2692,False,False
FERIUCNNQQJTOY,CCCC(=O)O,0.36,0.2333,False,False
KWIUHFFTVRNATP,C[N+](C)(C)CC(=O)[O-],0.4767,0.1628,False,False
FPXSXMFOYWRHDX,OC1CCC2C(CCC3C4CCCC4CCC23)C1,0.39,0.1552,False,False
SUJUOAZFECLBOA,CCCCCCCCCCCCCCCCCCCCCCCCCCCCCCCCC,0.5118,0.3636,False,True
CNVZJPUDSLNTQU,CCCCCCCCCCCC=CCCCCC(=O)O,0.6269,0.3182,False,True
KMOUJOKENFFTPU,O=c1cc(-c2ccc(O)cc2)oc2cc(OC3OC(CO)C(O)C(O)C3O)cc(O)c12,0.6187,0.4267,True,True
GWVDBZWVFGFBCN,CCCCCCCCCCCCCCCCCCCCCCCCCCCCCCCCCC,0.5118,0.3636,False,True
CATSNJVOTSVZJV,CCCCCC(C)=O,0.4288,0.2895,False,False
ULCZGKYHRYJXAU,CCCCCCCCCCCCCCCCCCCCCCCCCCCO,0.5582,0.3462,False,True
NGIVKZGKEPRIGG,CC(C)=CCC[C@@H](C)C1=CC=C(C)CC1,0.6133,0.2182,False,False
NHLUYCJZUXOUBX,C=CCCCCCCCCCCCCCCCCC,0.6151,0.275,False,False
YIWUKEYIRIRTPP,CCCCC(CC)CO,0.475,0.2188,False,False
PCMORTLOPMLEFB,COc1cc(C=CC(=O)O)cc(OC)c1O,0.2491,0.4571,True,True
QIVBCDIJIAJPQS,NC(Cc1c[nH]c2ccccc12)C(=O)O,0.265,0.4262,True,True
HBEDSQVIWPRPAY,c1ccc2c(c1)CCO2,0.3003,0.2642,False,False
BBMCTIGTTCKYKF,CCCCCCCO,0.5582,0.3462,False,True
MOQGCGNUWBPGTQ,CC1=C(C=O)C(C)(C)CCC1,0.7633,0.1695,False,False
MKPMHJQMNACGDI,C=C(C)C1C=CC(C)(O)CC1,0.5933,0.1786,False,False
NPFVOOAXDOBMCE,CCC=CCCOC(C)=O,0.4592,0.2766,False,False
RKQDKXOBRXTSFS,CC1=CCCC2(C)OC2CC(C)(C)C=CC1,0.7083,0.194,False,False
LAFYUFZYMDYGLR,CC(C)(O)CC[C@@H](O)[C@](C)(O)[C@H]1CC[C@@]2(O)C3=C(CC[C@]12C)[C@@]1(C)C[C@H](O)[C@H](O)CC1C(=O)C3,0.6279,0.1905,False,False
DBCAVZSSFGIHQZ,CC1(C)CCC2(C)CC=C3C(C)(CCC4C3(C)CCC3C(C)(C)C(=O)CCC34C)C2C1,0.6828,0.2703,False,False
MXXWOMGUGJBKIW,O=C(C=CC=Cc1ccc2c(c1)OCO2)N1CCCCC1,0.3308,0.371,False,True
NDFKTBCGKNOHPJ,[H]C(C=O)=CCCCC,0.545,0.2727,False,False
ZCTQGTTXIYCGGC,O=C(OCc1ccccc1)c1ccccc1O,0.42,0.4146,True,True
LIKYNOPXHGPMIH,C=CCc1cc2c(c(OC)c1OC)OCO2,0.4667,0.2727,False,False
CSKINCSXMLCMAR,CC1CCC2=C1CC1CCC2(C)C1(C)C,0.7202,0.1746,False,False
XCDQFROEGGNAER,CC1C(O)CCC2C1(C)CCC1C2(C)CCC2(C)C3CC(C)(C)CCC3(C)CCC12C,0.67,0.2857,False,False
KWOLFJPFCHCOCG,CC(=O)c1ccccc1,0.277,0.4167,True,True
NNWHUJCUHAELCL,CC=Cc1ccc(OC)c(OC)c1,0.24,0.6333,True,True
QUKGYYKBILRGFE,CC(=O)OCc1ccccc1,0.1621,0.4737,True,True
OOCCDEMITAIZTP,OC/C=C/c1ccccc1,0.3383,0.2727,False,False
FQMZVFJYMPNUCT,CC(C)=CCCC(C)=CCOC=O,0.6188,0.3864,False,True
WLAMNBDJUVNPJU,CCC(C)C(=O)O,0.28,0.3235,False,True
WNRBYZQFEBIUGD,CC1=CCCC2(C)CCC(=C(C)C)CC12,0.64,0.1935,False,False
UWHZIFQPPBDJPM,CCCCCCC=CCCCCCCCCCC(=O)O,0.6269,0.3182,False,True
VZCYOOQTPOCHFL,O=C(O)C=CC(=O)O,0.2817,0.2286,False,False
QDUJKDRUFBJYSQ,C=CC1(C)CCC(=C(C)C)C=C1C(C)C,0.6267,0.1833,False,False
VHQQPFLOGSTQPC,CCCCCCCCCCCCCCCCCCCCCCCCCCCCCCCCCCC,0.5118,0.3636,False,True
ZMQAAUBTXCXRIC,C=CCc1ccc2c(c1)OCO2,0.3824,0.3333,False,True
XDTMQSROBMDMFD,C1CCCCC1,0.3739,0.0968,False,False
DYLPEFGBWGEFBB,C=C1CC[C@@]23C[C@@H]1C(C)(C)[C@@H]2CC[C@H]3C,0.7006,0.2456,False,False
AMQJEAYHLZJPGS,CCCCCO,0.4433,0.32,False,True
NUKZAGXMHTUAFE,CCCCCC(=O)OC,0.4363,0.2703,False,False
ODBRNZZJSYPIDI,O=c1cc(-c2ccc(O)c(O)c2)oc2cc(O)c([C@@H]3O[C@H](CO)[C@@H](O)[C@H](O)[C@H]3O)c(O)c12,0.535,0.3051,False,True
NLZUEZXRPGMBCV,Cc1cc(C(C)(C)C)c(O)c(C(C)(C)C)c1,0.2183,0.4375,True,True
OSELKOCHBMDKEJ,CC=C(CCC(C)C1CCC2C3CC=C4CC(O)CCC4(C)C3CCC12C)C(C)C,0.7467,0.1935,False,False
TZBJGXHYKVUXJN,O=c1c(-c2ccc(O)cc2)coc2cc(O)cc(O)c12,0.55,0.2969,False,False
VFPFQHQNJCMNBZ,CCOC(=O)c1cc(O)c(O)c(O)c1,0.3717,0.4118,True,True
ZYURHZPYMFLWSH,CCCCCCCCCCCCCCCCCCCCCCCCCCCC,0.5118,0.3636,False,True
CHWNEIVBYREQRF,CCc1ccc(O)c(OC)c1,0.4604,0.5172,True,True
OILXMJHPFNGGTO,CC(C)[C@@H](C)/C=C/[C@@H](C)[C@H]1CC[C@H]2[C@@H]3CC=C4C[C@@H](O)CC[C@]4(C)[C@H]3CC[C@]12C,0.74,0.1591,False,False
TUSDEZXZIZRFGC,O=C(O[C@@H]1O[C@@H]2COC(=O)c3cc(O)c(O)c(O)c3-c3c(cc(O)c(O)c3O)C(=O)O[C@H]([C@H]1O)[C@@H]2O)c1cc(O)c(O)c(O)c1,0.7167,0.5059,True,True
ACOBBFVLNKYODD,COC(=O)/C=C(\C)CCC=C(C)C,0.5671,0.3556,False,True
KMPQYAYAQWNLME,CCCCCCCCCCC=O,0.5868,0.275,False,False
XCPQUQHBVVXMRQ,C=C1CC2CCC1C2(C)C,0.6536,0.1837,False,False
WLNGPDPILFYWKF,C=C1CCCC(C)(C)C12CC=C(C)CC2,0.6537,0.2063,False,False
OIGWAXDAPKFNCQ,CC(C)c1ccc(CO)cc1,0.4386,0.3529,False,True
HJOVHMDZYOCNQW,CC1=CC(=O)CC(C)(C)C1,0.5903,0.25,False,False
NMRPBPVERJPACX,CCCCCC(O)CC,0.5406,0.2667,False,False
XMLSXPIVAXONDL,CC/C=C\CC1=C(C)CCC1=O,0.6133,0.1875,False,False
NIOYUNMRJMEDGI,CCCCCCCCCCCCCCCC=O,0.5868,0.275,False,False
KDYFGRWQOYBRFD,O=C(O)CCC(=O)O,0.3233,0.2162,False,False
ORHBXUUXSCNDEV,O=c1ccc2ccc(O)cc2o1,0.2536,0.2903,False,False
DNVPQKQSNYMLRS,CC(C)[C@@H](C)/C=C/[C@@H](C)[C@H]1CC[C@H]2C3=CC=C4C[C@@H](O)CC[C@]4(C)[C@H]3CC[C@]12C,0.6569,0.1687,False,False
HNDVDQJCIGZPNO,NC(Cc1c[nH]cn1)C(=O)O,0.4517,0.3333,False,True
ROHFNLRQFUQHCH,CC(C)CC(N)C(=O)O,0.2683,0.5,True,True
URLKBWYHVLBVBO,Cc1ccc(C)cc1,0.22,0.2963,False,False
LPMXVESGRSUGHW,CC1OC(OC2CC(O)C3(CO)C4C(O)CC5(C)C(C6=CC(=O)OC6)CCC5(O)C4CCC3(O)C2)C(O)C(O)C1O,0.7525,0.2121,False,False
YNQLUTRBYVCPMQ,CCc1ccccc1,0.4383,0.3429,False,True
AZOCECCLWFDTAP,C=C(C)C1CCC(C)C(=O)C1,0.3801,0.1864,False,False
NDTYTMIUWGWIMO,C=C(C)C1CC=C(CO)CC1,0.5591,0.2083,False,False
MLFHJEHSLIIPHL,CC(=O)OCCC(C)C,0.3833,0.2791,False,False
JELGPLUONQGOHF,CCCCCCC=CCCCCCCCC(=O)OCC,0.6345,0.3191,False,True
BDLLSHRIFPDGQB,CCCCC=CCCCCCCCCCCCC(=O)O,0.5699,0.3261,False,True
ZXEKIIBDNHEJCQ,CC(C)CO,0.32,0.1875,False,False
KYOFIJXMVNQYFC,CCC(CCC(C)C1CCC2C3CC=C4CC(=O)CCC4(C)C3CCC12C)C(C)C,0.7326,0.1771,False,False
KUKRLSJNTMLPPK,CC12C=CC(CC1)C2(C)C,0.5669,0.1636,False,False
ZYTMANIQRDEHIO,C=C(C)C1CCC(C)CC1O,0.3767,0.1731,False,False
YLYBTZIQSIBWLI,CCCCCCCCOC(C)=O,0.3945,0.4,True,True
SCCDQYPEOIRVGX,C=CCc1ccc(OC(C)=O)c(OC)c1,0.3021,0.3542,False,True
KJIOQYGWTQBHNH,CCCCCCCCCCCO,0.5582,0.3462,False,True
YYZUSRORWSJGET,CCCCCCCC(=O)OCC,0.5019,0.2791,False,False
CTQNGGLPUBDAKN,Cc1ccccc1C,0.2867,0.3,False,True
QIGBRXMKCJKVMJ,Oc1ccc(O)cc1,0.1517,0.3636,False,True
QNGQIURXCUHNAT,CC1=CC=CC(C)(C)CC1=O,0.5417,0.2,False,False
FPIPGXGPPPQFEQ,CC1=C(/C=C/C(C)=C/C=C/C(C)=C/CO)C(C)(C)CCC1,0.6717,0.1644,False,False
MDXYRLOGARYUFV,CC(C)C1=CCC(=O)CC1,0.4937,0.22,False,False
SJWFXCIHNDVPSH,CCCCCCC(C)O,0.5968,0.3,False,True
PBWRFXQNNGSAQG,C=C1C(OC(C)=O)CC2(C(C)C)CC12,0.4889,0.2459,False,False
XBDQKXXYIPTUBI,CCC(=O)O,0.3872,0.25,False,False
BTFJIXJJCSYFAL,CCCCCCCCCCCCCCCCCCCCO,0.5582,0.3462,False,True
UAUDZVJPLUQNMU,CCCCCCCCC=CCCCCCCCCCCCC(N)=O,0.6504,0.3182,False,True
FPDXMWHJGOCDQJ,CCOC(=O)CC[C@@H](C)[C@H]1CC[C@H]2[C@@H]3[C@H](O)C[C@@H]4C[C@H](O)CC[C@]4(C)[C@H]3C[C@H](O)[C@]12C,0.6717,0.2268,False,False
JXOHGGNKMLTUBP,O=C(O)C1=C[C@@H](O)[C@@H](O)[C@H](O)C1,0.4204,0.1852,False,False
CUFNKYGDVFVPHO,c1ccc2cccc-2cc1,0.4567,0.375,False,True
RYYVLZVUVIJVGH,Cn1c(=O)c2c(ncn2C)n(C)c1=O,0.5367,0.1818,False,False
YRHYCMZPEVDGFQ,CCCCCCCCCC(=O)OC,0.5186,0.2889,False,False
YDLYQMBWCWFRAI,CCCCCCCCCCCCCCCCCCCCCCCCCCCCCCCCCCCC,0.5118,0.3636,False,True
DOUMFZQKYFQNTF,O=C(C=Cc1ccc(O)c(O)c1)OC(Cc1ccc(O)c(O)c1)C(=O)O,0.3467,0.52,True,True
ZSBOMYJPSRFZAL,CCCC(=O)OC/C=C(\C)CCC=C(C)C,0.5533,0.383,False,True
SGAWOGXMMPSZPB,CC1=C(C=O)C(C)(C)CC=C1,0.685,0.1818,False,False
XFRVVPUIAFSTFO,CCCCCCCCCCCCCO,0.5582,0.3462,False,True
OUYCCCASQSFEME,NC(Cc1ccc(O)cc1)C(=O)O,0.3704,0.359,False,True
CKLJMWTZIZZHCS,NC(CC(=O)O)C(=O)O,0.4217,0.2778,False,False
GSANOGQCVHBHIF,C[Si]1(C)O[Si](C)(C)O[Si](C)(C)O[Si](C)(C)O[Si](C)(C)O[Si](C)(C)O[Si](C)(C)O1,0.3833,0.0938,False,False
XZYQCFABZDVOPN,CC1=CC[C@@]2(C)CC[C@H](C(C)C)[C@@]2(O)CC1,0.512,0.1905,False,False
XPGWKKLDFXNBPJ,CC1CCC2C1C1C(CCC23CO3)C1(C)C,0.6219,0.1719,False,False
XBWACJDEQIZTPR,CC(C)C1CCC2(C)C3CC4C(C13)C42C,0.6486,0.1757,False,False
DPUOLQHDNGRHBS,CCCCCCCCC=CCCCCCCCCCCCC(=O)O,0.6269,0.3182,False,True
NGDNVOAEIVQRFH,CCCCCCCC(C)O,0.5968,0.3,False,True
PXRCIOIWVGAZEP,CC1(C)C2CCC(C2)C1(C)O,0.5217,0.18,False,False
REIUXOLGHVXAEO,CCCCCCCCCCCCCCCO,0.5582,0.3462,False,True
YSKVBPGQYRAUQO,CCC(CCC(C)C1CCC2C3=CCC4CC(O)CCC4(C)C3CCC21C)C(C)C,0.6933,0.1978,False,False
SZHOJFHSIKHZHA,CCCCCCCCCCCCC(=O)O,0.5075,0.325,False,True
FLKPEMZONWLCSK,CCOC(=O)c1ccccc1C(=O)OCC,0.1667,0.3902,False,True
IZQSVPBOUDKVDZ,COc1cc(-c2oc3cc(O)cc(O)c3c(=O)c2O)ccc1O,0.5333,0.4118,True,True
XFZJEEAOWLFHDH,Oc1cc(O)c2c(c1)OC(c1ccc(O)c(O)c1)C(O)C2c1c(O)cc(O)c2c1OC(c1ccc(O)c(O)c1)C(O)C2,0.5,0.4583,True,True
IRDFGGRWKUKANK,CC(C)=CCCC(C)C12CCC(C)(O)C1C2,0.6419,0.2778,False,False
RUMOYJJNUMEFDD,C=C(C)C1CC=C(C=O)CC1,0.48,0.1702,False,False
BSAIUMLZVGUGKX,CCCCCCC=CC=O,0.6715,0.3095,False,True
GGGUGZHBAOMSFJ,CC1(C)CCC2(C)CC=C3C(C)(CCC4C3(C)CCC3C(C)(C)C(O)CCC43C)C2C1,0.7083,0.3286,False,True
MDHYEMXUFSJLGV,CC(=O)OCCc1ccccc1,0.105,0.4737,True,True
RKWHWFONKJEUEF,OCC1OC(Oc2cc3c(O)cc(O)cc3[o+]c2-c2ccc(O)c(O)c2)C(O)C(O)C1O,0.5446,0.35,False,True
BJDRPQVYYLFRJI,CCCCCCCCCCCCCCCC(=O)OC[C@H](O)c1oc(O)c(OC(=O)CCCCCCCCCCCCCCC)c1O,0.6455,0.2456,False,False
PDEQKAVEYSOLJX,CC(=CCCC1(C)C2CC3C(C2)C31C)CO,0.6733,0.2459,False,False
XHXUANMFYXWVNG,CC(=O)OC1CC(C)CCC1C(C)C,0.4573,0.2759,False,False
PANBRUWVURLWGY,CCCCCCCC/C=C/C=O,0.6715,0.3095,False,True
DFMBJBXEHZSTJQ,C=C1CCC=C(C)CCC2C1CC2(C)CO,0.5683,0.209,False,False
RKFAZBXYICVSKP,CC=Cc1cc(OC)c(OC)cc1OC,0.34,0.3429,False,True
WJSDHUCWMSHDCR,CC(=O)OCC=Cc1ccccc1,0.255,0.3137,False,True
QQRSPHJOOXUALR,C=CCc1cc(OC)c2c(c1OC)OCO2,0.5083,0.3208,False,True
BJIOGJUNALELMI,CC=Cc1ccc(O)c(OC)c1,0.1217,0.5641,True,True
WGVKWNUPNGFDFJ,Cc1cc(O)c(C)c2c1O[C@](C)(CCC[C@H](C)CCC[C@H](C)CCCC(C)C)CC2,0.7308,0.2571,False,False
SLKPBCXNFNIJSV,Cc1ccc(C2(C)CCCC2(C)C)cc1,0.5317,0.2619,False,False
BYCHQEILESTMQU,CCC(=O)OCC=C(C)CCC=C(C)C,0.5667,0.3617,False,True
JGHZJRVDZXSNKQ,CCCCCCCC(=O)OC,0.5186,0.2889,False,False
NNRLDGQZIVUQTE,CC(C)=C1CCC(C)(O)CC1,0.565,0.18,False,False
DTCCTIQRPGSLPT,[H]C(C=O)=CCC,0.44,0.1351,False,False
HZYHMHHBBBSGHB,CCC=CCCC=CC=O,0.6133,0.1667,False,False
SHZIWNPUGXLXDT,CCCCCC(=O)OCC,0.4248,0.2619,False,False
HGBOYTHUEUWSSQ,[H]C(C=O)CCC,0.4067,0.2381,False,False
RWCCWEUUXYIKHB,O=C(c1ccccc1)c1ccccc1,0.5206,0.5,True,True
JZVFJDZBLUFKCA,CCC(C=CC(C)C1CCC2C3=CCC4CC(O)CCC4(C)C3CCC21C)C(C)C,0.5958,0.1889,False,False
UQDUPQYQJKYHQI,CCCCCCCCCCCC(=O)OC,0.5186,0.2889,False,False
HNVRRHSXBLFLIG,C=CC(C)(C)O,0.349,0.1463,False,False
WQGWDDDVZFFDIG,Oc1cccc(O)c1O,0.3933,0.3,False,True
MTZQAGJQAFMTAQ,CCOC(=O)c1ccccc1,0.3601,0.4419,True,True
SPURMHFLEKVAAS,C=CCCCCCCCCCCCCCCCCCCCC,0.6151,0.275,False,False
CYIFVRUOHKNECG,CCCCCCCCCCCC(C)=O,0.5204,0.3077,False,True
FOHXFLPXBUAOJM,O=c1c(OC2OC(CO)C(O)C(O)C2O)c(-c2cc(O)c(O)c(O)c2)oc2cc(O)cc(O)c12,0.68,0.7288,True,True
FZZNNPQZDRVKLU,CC(C)[C@@H]1CC[C@H](C)[C@@H]2CC[C@H](C)C[C@H]21,0.4988,0.1143,False,False
ONQRKEUAIJMULO,CC(C)=CCC[C@@H](C)[C@H]1CC[C@@]2(C)[C@@H]3CC[C@H]4C(C)(C)[C@@H](O)CC[C@@]45C[C@@]35CC[C@]12C,0.77,0.5072,True,True
OVBPIULPVIDEAO,Nc1nc(=O)c2nc(CNc3ccc(C(=O)NC(CCC(=O)O)C(=O)O)cc3)cnc2[nH]1,0.605,0.3056,False,True
GWYFCOCPABKNJV,CC(C)CC(=O)O,0.33,0.2647,False,False
KXKVLQRXCPHEJC,COC(C)=O,0.2467,0.2143,False,False
DFPMSGMNTNDNHN,C[C@@H]1O[C@@H](O[C@H]2[C@H](Oc3cc(O)c4c(c3)O[C@H](c3ccc(O)cc3)CC4=O)O[C@H](CO)[C@@H](O)[C@@H]2O)[C@H](O)[C@H](O)[C@H]1O,0.5038,0.4177,True,True
AZQWKYJCGOJGHM,O=C1C=CC(=O)C=C1,0.2581,0.2,False,False
ZGJKNMPTVDDRRH,CCCCCCCCCCCCCCCCCCCCCCCCCCCCCCCCCCCCCO,0.5582,0.3462,False,True
ZJSIKVDEOWWVEH,C=C1CCCC(C)(C)C2C=C(C)CCC12,0.5603,0.2188,False,False
MYXNWGACZJSMBT,O=c1cc(-c2ccc(O)cc2)oc2cc(O)c([C@@H]3O[C@H](CO)[C@@H](O)[C@H](O)[C@H]3O)c(O)c12,0.5017,0.3231,False,True
MQIUGAXCHLFZKX,CCCCCCCCOC(=O)c1ccccc1C(=O)OCCCCCCCC,0.3481,0.4667,True,True
HLZKNKRTKFSKGZ,CCCCCCCCCCCCCCO,0.5582,0.3462,False,True
XUDJZDNUVZHSKZ,CCCCCCCCCCCCCCCCCCCCCCCC(=O)OC,0.5186,0.2889,False,False
OPJZLUXFQFQYAI,O=c1c(O[C@@H]2O[C@H]([C@H](O)CO)[C@H](O)[C@H]2O)c(-c2ccc(O)c(O)c2)oc2cc(O)cc(O)c12,0.642,0.5507,True,True
PGECIBNDMVQPHQ,CC(Oc1ccc(Cl)cc1Cl)C(=O)Nc1ccc(C(=O)O)cc1,0.5757,0.3871,False,True
CIISBNCSMVCNIP,O=C1CCCC1=O,0.2908,0.2188,False,False
LCZUOKDVTBMCMX,Cc1cnc(C)cn1,0.3697,0.25,False,False
JXSVIVRDWWRQRT,CC1CCC2(C(=O)O)CCC3(C)C(=CCC4C5(C)CC(O)C(O)C(C)(CO)C5CCC43C)C2C1C,0.8133,0.4342,True,True
LXNHXLLTXMVWPM,Cc1ncc(CO)c(CO)c1O,0.4317,0.1897,False,False
WXYXERHRDKEISL,O=C(C(O)CO)C(O)CO,0.36,0.1667,False,False
MBNGWHIJMBWFHU,COc1ccc(-c2cc(=O)c3c(O)cc(O)cc3o2)cc1O,0.515,0.434,True,True
RZVHIXYEVGDQDX,O=C1c2ccccc2C(=O)c2ccccc21,0.1733,0.3462,False,True
VZWGRQBCURJOMT,CCCCCCCCCCCCOC(C)=O,0.3945,0.4,True,True
ZDPHROOEEOARMN,CCCCCCCCCCC(=O)O,0.5075,0.325,False,True
HFDVRLIODXPAHB,C=CCCCCCCCCCCCC,0.6151,0.275,False,False
VEGYMPQCXPVQJY,CC1=C2C=C(C(C)C)CCC2(C)CCC1,0.607,0.1562,False,False
BKIMMITUMNQMOS,CCCCCCCCC,0.5118,0.3636,False,True
FWWQKRXKHIRPJY,CCCCCCCCCCCCCCCCCC=O,0.5868,0.275,False,False
BGEHHAVMRVXCGR,CCCCCCCCCCCCC=O,0.5868,0.275,False,False
FKRCODPIKNYEAC,CCOC(=O)CC,0.3167,0.2927,False,False
ONIBWKKTOPOVIA,O=C(O)C1CCCN1,0.4452,0.1818,False,False
MTCFGRXMJLQNBG,NC(CO)C(=O)O,0.3517,0.2857,False,False
KEVYVLWNCKMXJX,C=CC(C)(O)CCCC(C)CCCC(C)CCCC(C)C,0.63,0.2105,False,False
BNWJOHGLIBDBOB,C=CCc1cc(OC)c2c(c1)OCO2,0.3571,0.2927,False,False
BLCUZCCTSBVFSV,CCCCCCCCCCCCCCCC/C=C/CCCCCCCCCCCCCCCCC,0.6182,0.3611,False,True
IVSZLXZYQVIEFR,Cc1cccc(C)c1,0.37,0.3235,False,True
FBSFWRHWHYMIOG,COC(=O)c1cc(O)c(O)c(O)c1,0.3717,0.5,True,True
WLJVXDMOQOGPHL,O=C(O)Cc1ccccc1,0.4317,0.4412,True,True
ODKSFYDXXFIFQN,N=C(N)NCCCC(N)C(=O)O,0.5167,0.2292,False,False
WXTMDXOMEHJXQO,O=C(O)c1cc(O)ccc1O,0.415,0.6154,True,True
CJPNOLIZCWDHJK,CCCCCCCCCCCCCC(C)=O,0.5204,0.3077,False,True
VBICKXHEKHSIBG,CCCCCCCCCCCCCCCCCC(=O)OCC(O)CO,0.5531,0.24,False,False
JUWUWIGZUVEFQB,CC(=O)OC1C2(C)CCC(C2)C1(C)C,0.5333,0.2373,False,False
BCOXBEHFBZOJJZ,CCC=CCCOC(=O)c1ccccc1,0.5517,0.3462,False,True
RWNHLTKFBKYDOJ,CC1(C)CC[C@]2(C(=O)O)CC[C@]3(C)C(=CC[C@@H]4[C@@]5(C)C[C@@H](O)[C@H](O)[C@@](C)(CO)[C@@H]5CC[C@]43C)[C@@H]2C1,0.8183,0.6061,True,True
XENHPQQLDPAYIJ,OCC1OC(Oc2cc3c(O)cc(O)cc3[o+]c2-c2cc(O)c(O)c(O)c2)C(O)C(O)C1O,0.5562,0.3418,False,True
SUSQOBVLVYHIEX,N#CCc1ccccc1,0.3767,0.3,False,True
YLRXAIKMLINXQY,COc1ccc2c(c1O)-c1c(O)c(OC)cc3c1[C@H](C2)[N+](C)(C)CC3,0.4635,0.2857,False,False
OUDFNZMQXZILJD,Cc1ccc(C=O)o1,0.2533,0.25,False,False
LSHVYAFMTMFKBA,O=C(OC1Cc2c(O)cc(O)cc2OC1c1ccc(O)c(O)c1)c1cc(O)c(O)c(O)c1,0.4908,0.6,True,True
YVBAUDVGOFCUSG,CCCCCc1ccco1,0.54,0.3636,False,True
XUPYJHCZDLZNFP,CCCCOC(=O)CCC,0.3183,0.3091,False,True
HCRBXQFHJMCTLF,CCOC(=O)C(C)CC,0.3517,0.2857,False,False
JIGCTXHIECXYRJ,CC(=O)OCC=C(C)CCCC(C)CCCC(C)CCCC(C)C,0.5817,0.2295,False,False
KMZHZAAOEWVPSE,CC(=O)OCC(O)CO,0.32,0.2174,False,False
WAKCWJNDXBPEBP,COC(=O)CCCCCCCCCCCCC(C)C,0.5529,0.2453,False,False
XIUXKAZJZFLLDQ,CCCCCCCCCCCCCCC(=O)OC,0.5186,0.2889,False,False
FIAAVMJLAGNUKW,O=c1cc(-c2ccc(O)cc2)oc2c(C3OC(CO)C(O)C(O)C3O)c(O)c(C3OC(CO)C(O)C(O)C3O)c(O)c12,0.3733,0.3333,False,True
JXZQZARENYGJMK,CC(C)=CCCC(C)C1=CCC(C)=CC1,0.6167,0.2182,False,False
PGBNIHXXFQBCPU,C=C1C2CCC(C2)C1(C)CCC=C(C)C,0.6081,0.2432,False,False
DYUSFBWNOCHOFP,C=C1CCC2(C(C)CCC=C(C)C)CC12,0.6503,0.2533,False,False
YWJXCIXBAKGUKZ,COc1c(O)cc2c(c1O)[C@@H]1O[C@H](CO)[C@@H](O)[C@H](O)[C@H]1OC2=O,0.6267,0.2698,False,False
GCRTVIUGJCJVDD,CC1CC[C@H](C(C)C)CC1=O,0.4645,0.2115,False,False
IUMSDRXLFWAGNT,C[Si]1(C)O[Si](C)(C)O[Si](C)(C)O[Si](C)(C)O[Si](C)(C)O[Si](C)(C)O1,0.3833,0.0938,False,False
MMKRHZKQPFCLLS,CCCCCCCCCCCCCC(=O)OCC,0.5019,0.2791,False,False
MQPHVIPKLRXGDJ,CC1C(=O)CC2CC1C2(C)C,0.5491,0.2115,False,False
YTHRBOFHFYZBRJ,C=C(C)C1CC=C(C)C(OC(C)=O)C1,0.5283,0.2222,False,False
LVBXEMGDVWVTGY,CCCCCC=CC=O,0.61,0.2857,False,False
LRMRNURCSDFQJJ,CC=CC=CCC=O,0.365,0.1538,False,False
XOCANRBEOZQNAQ,CC(C)=CC(=O)CC(C)C1C=CC(C)=CC1,0.5203,0.2881,False,False
CETWDUZRCINIHU,CCCCCC(C)O,0.5217,0.2759,False,False
BBNYCLAREVXOSG,CCCCCCCCCCCCCCCC(=O)OC(CO)CO,0.5664,0.2553,False,False
YEJRWHAVMIAJKC,O=C1CCCO1,0.3533,0.1667,False,False
FUQAYSQLAOJBBC,CC12CCCC(O)(C1)C1CC(C)(C)C1CC2,0.6717,0.1774,False,False
GLDOVTGHNKAZLK,CCCCCCCCCCCCCCCCCCO,0.5582,0.3462,False,True
VAMFXQBUQXONLZ,C=CCCCCCCCCCCCCCCCCCC,0.6151,0.275,False,False
WMBWREPUVVBILR,O=C(OC1Cc2c(O)cc(O)cc2OC1c1cc(O)c(O)c(O)c1)c1cc(O)c(O)c(O)c1,0.5104,0.678,True,True
HAVYZKHVTLAPDZ,C=C1CC=CC(C)(C)CC=C(C)CCC1,0.652,0.1667,False,False
RGIBXDHONMXTLI,C=CCc1ccc(O)cc1,0.3104,0.3667,False,True
PEYUIKBAABKQKQ,c1cc2c(cc1C1OCC3C(c4ccc5c(c4)OCO5)OCC13)OCO2,0.3172,0.3571,False,True
LMCRYOCEDDKMQA,CC(C)[C@H]1C=C[C@H](C)[C@]23CC[C@](C)(O)C2[C@H]13,0.5303,0.1774,False,False
RGHHSNMVTDWUBI,O=Cc1ccc(O)cc1,0.1567,0.3846,False,True
NAJCQAAOHKVCES,CC(C)=CCCC(C)C1CCC2(C)C3CCC4C(C)(C)C(=O)CCC45CC35CCC12C,0.7437,0.5,True,True
JVTAAEKCZFNVCJ,CC(O)C(=O)O,0.2933,0.3077,False,True
GHOKWGTUZJEAQD,CC(C)(CO)C(O)C(=O)NCCC(=O)O,0.5017,0.2,False,False
TZMFJUDUGYTVRY,CCC(=O)C(C)=O,0.4067,0.2045,False,False
BYGQBDHUGHBGMD,CCC(C)C=O,0.36,0.1892,False,False
XNLICIUVMPYHGG,CCCC(C)=O,0.3,0.2286,False,False
CLUWOWRTHNNBBU,CSCCC=O,0.545,0.1622,False,False
IKHGUXGNUITLKF,CC=O,0.305,0.1333,False,False
PPXUHEORWJQRHJ,CCOC(=O)CC(C)C,0.3033,0.2955,False,False
AOGQPLXWSUTHQB,CCCCCCOC(C)=O,0.3945,0.4,True,True
XINCECQTMHSORG,CC(C)CCOC(=O)CC(C)C,0.415,0.2727,False,False
IMQLKJBTEOYOSI,O=P(O)(O)OC1C(OP(=O)(O)O)C(OP(=O)(O)O)C(OP(=O)(O)O)C(OP(=O)(O)O)C1OP(=O)(O)O,0.5167,0.1111,False,False
JMFRWRFFLBVWSI,COc1cc(C=CCO)ccc1O,0.2633,0.561,True,True
RTBLDXVIGWSICW,CC1=C2C[C@H]3CC[C@@H](C)[C@]2(CC1)C3(C)C,0.655,0.2281,False,False
OWHRWZYNUQDQEF,CCC1C2CCN(C)C1c1c([nH]c3ccccc13)C2COC(C)=O,0.5252,0.2442,False,False
MCWVPSBQQXUCTB,C/C=C(/CC[C@@H](C)[C@H]1CC[C@H]2C3=CC[C@H]4C[C@@H](O)CC[C@]4(C)[C@H]3CC[C@]12C)C(C)C,0.705,0.2111,False,False
WWNNZCOKKKDOPX,C[n+]1cccc(C(=O)O)c1,0.412,0.2857,False,False
IIGLVVZHSDZGOL,Cc1oc(C)c(O)c1O,0.265,0.2581,False,False
LGWNRNDWDZHUNP,CC(C)CCCC(C)CCCC(C)CCCC1(C)CCC(=O)O1,0.7238,0.2459,False,False
QGBRLVONZXHAKJ,CCCCCCCCCCCCCCCCCCCC(=O)OC,0.5186,0.2889,False,False
KNXMUFRWYNVISA,CCCCCCCCCCCCCCCCC(=O)OCC,0.5019,0.2791,False,False
PMOWTIHVNWZYFI,O=C(O)C=Cc1ccccc1O,0.2621,0.3571,False,True
IWDCLRJOBJJRNH,Cc1ccc(O)cc1,0.19,0.3462,False,True
WYJAKKNMIDWZKG,CC1(C)CCC2(C(=O)O)CCC3(C)C(=CCC4C5(C)CC(O)C(O)C(C)(O)C5=CCC43C)C2C1,0.7817,0.5072,True,True
RDFLLVCQYHQOBU,OC[C@H]1O[C@@H](Oc2cc3c(O[C@@H]4O[C@H](CO)[C@@H](O)[C@H](O)[C@H]4O)cc(O)cc3[o+]c2-c2ccc(O)c(O)c2)[C@H](O)[C@@H](O)[C@@H]1O,0.5779,0.35,False,True
ILEDWLMCKZNDJK,O=c1ccc2cc(O)c(O)cc2o1,0.3033,0.3158,False,True
QHMGJGNTMQDRQA,CCCCCCCCCCCCCCCCCCCCCCCCCCCCCCCC,0.5118,0.3636,False,True
RNKMOGIPOMVCHO,O=C(OC[C@H]1O[C@@H](OC(=O)c2cc(O)c(O)c(O)c2)[C@H](O)[C@@H](OC(=O)c2cc(O)c(O)c(O)c2)[C@@H]1O)c1cc(O)c(O)c(O)c1,0.5783,0.2933,False,False
MDZKJHQSJHYOHJ,CC1(C)CC[C@]2(C(=O)O)CC[C@]3(C)C(=CC[C@@H]4[C@@]5(C)C[C@@H](O)[C@H](O)C(C)(C)[C@@H]5CC[C@]43C)[C@@H]2C1,0.825,0.7,True,True
XEZVDURJDFGERA,CCCCCCCCCCCCCCCCCCCCCCC(=O)O,0.5075,0.325,False,True
IGJQUJNPMOYEJY,CC(=O)c1ccc[nH]1,0.2283,0.25,False,False
XMHIUKTWLZUKEX,CCCCCCCCCCCCCCCCCCCCCCCCCC(=O)O,0.5075,0.325,False,True
TYWMIZZBOVGFOV,CCCCCCCCCCCCCCCCCCCCCCCCO,0.5582,0.3462,False,True
QOEHNLSDMADWEF,CCCCCCCCCCCCCCCCCCCCCCCCCCCCCCCCO,0.5582,0.3462,False,True
AEMRFAOFKBGASW,O=C(O)CO,0.37,0.1875,False,False
HXEACLLIILLPRG,O=C(O)C1CCCCN1,0.5019,0.1875,False,False
JGUZGNYPMHHYRK,COc1cc(O)c2c(=O)c(O)c(-c3ccc(O)c(O)c3)oc2c1,0.4908,0.3433,False,True
LGJMUZUPVCAVPU,CCC(CCC(C)C1CCC2C3CCC4CC(O)CCC4(C)C3CCC12C)C(C)C,0.7436,0.2069,False,False
DOFJNFPSMUCECH,COc1ccc(-c2cc(=O)c3c(O)c(OC)c(OC)c(OC)c3o2)cc1OC,0.37,0.5098,True,True
SQIFACVGCPWBQZ,C=C1CCC(C(C)(C)O)CC1,0.49,0.1731,False,False
NOPLRNXKHZRXHT,C=CC(=C)CC/C=C(\C)CC/C=C(\C)C=O,0.6167,0.2549,False,False
JLIDVCMBCGBIEY,C=CC(=O)CC,0.341,0.1842,False,False
BFCBRSFYYLSTAA,CC(=O)OC1(C(C)C)CC=C(C)CC1,0.36,0.2125,False,False
SCZVLDHREVKTSH,COc1cc(-c2cc(=O)c3c(O)cc(O)cc3o2)ccc1O,0.545,0.4792,True,True
DZNVIZQPWLDQHI,CC(C)=CCCC(C)CCOC=O,0.5417,0.2115,False,False
AUJXJFHANFIVKH,COC(=O)C=Cc1ccc(O)c(OC)c1,0.09,0.6923,True,True
SWYRVCGNMNAFEK,CC1=CC(=O)CC(C)(C)C1(O)C=CC(C)OC1OC(CO)C(O)C(O)C1O,0.6427,0.236,False,False
JVXZRQGOGOXCEC,O=c1cc(-c2ccc(O)cc2)oc2cc(O)c(O)c(O)c12,0.5117,0.5526,True,True
GCTNBVHDRFKLLK,CC(C)[C@@]12CC[C@@H](C)C1C2,0.4805,0.1481,False,False
AYFVYJQAPQTCCC,CC(O)C(N)C(=O)O,0.4067,0.2895,False,False
KZSNJWFQEVHDMF,CC(C)C(N)C(=O)O,0.515,0.3714,False,True
AEVLWICMAHGAMS,CC(C)C1CC=C(C=O)CC1,0.5217,0.1923,False,False
DANYIYRPLHHOCZ,COc1ccc(-c2cc(=O)c3c(O)cc(O)cc3o2)cc1,0.4633,0.5,True,True
ZTMZUYHXZPUDRF,CC(C)(C)C1=CC2(C=C(C(C)(C)C)C1=O)CCC(=O)O2,0.4687,0.2545,False,False
APJYDQYYACXCRM,NCCc1c[nH]c2ccccc12,0.345,0.4375,True,True
ONVABDHFQKWOSV,C=C1CC23CCC4C(C)(C)CCCC4(C)C2CCC1C3,0.7186,0.2273,False,False
XLSMFKSTNGKWQX,CC(=O)CO,0.265,0.1795,False,False
KDXKERNSBIXSRK,NCCCCC(N)C(=O)O,0.5233,0.25,False,False
FFEARJCKVFRZRR,CSCCC(N)C(=O)O,0.4983,0.275,False,False
XMUJIPOFTAHSOK,CCCCCCCCCC(C)O,0.5968,0.3,False,True
LGOFSGDSFQNIAT,CC1=C2CCC(C)C2CC(C(C)(C)O)CC1,0.415,0.1667,False,False
OAIJSZIZWZSQBC,CC(C)=CCC/C(C)=C/C=C/C(C)=C/C=C/C(C)=C/C=C/C=C(C)/C=C/C=C(C)/C=C/C=C(\C)CCC=C(C)C,0.5504,0.3261,False,True
IZFGRAGOVZCUFB,CCCCCCC=CCCCCCCCC(=O)OC,0.6623,0.3556,False,True
PPBRXRYQALVLMV,C=Cc1ccccc1,0.32,0.3333,False,True
VMOJIHDTVZTGDO,Cc1ccc2c(C)ccc(C(C)C)c2c1,0.5183,0.2167,False,False
PZZRDJXEMZMZFD,O=c1c(OC2OCC(O)C(O)C2O)c(-c2ccc(O)c(O)c2)oc2cc(O)cc(O)c12,0.612,0.5538,True,True
ULBTUVJTXULMLP,CCCCCCCCCCCCCCCCCC(=O)OCCCC,0.4948,0.3051,False,True
UDXDFWBZZQHDRO,CC(=O)OC1CCC2(C)C(CCC3(C)C2CC=C2C4C(C)C(C)CCC4(C)CCC23C)C1(C)C,0.77,0.4324,True,True
AUHZEENZYGFFBQ,Cc1cc(C)cc(C)c1,0.2667,0.2424,False,False
LCTONWCANYUPML,CC(=O)C(=O)O,0.4567,0.1852,False,False
NCYCYZXNIZJOKI,CC(C=CC=C(C)C=CC1=C(C)CCCC1(C)C)=CC=O,0.655,0.1528,False,False
PVVODBCDJBGMJL,CCCCCCC=CCCCCCCCCCC(=O)OC,0.6623,0.3556,False,True
BHHGXPLMPWCGHP,NCCc1ccccc1,0.3771,0.3103,False,True
UMRPOGLIBDXFNK,CC(=O)OC1CCC2(C)C(CCC3(C)C2CC=C2C4CC(C)(C)CCC4(C)CCC23C)C1(C)C,0.8217,0.5758,True,True
SSNZFFBDIMUILS,CCCCCCCCC/C=C/C=O,0.6715,0.3095,False,True
NOWZBRLFRHWZOY,CC1=CC(=O)C(=C(C)C)C/C=C(\C)CCC1,0.6176,0.1957,False,False
PNVTXOFNJFHXOK,C=C1CCC(C(=C)C)CC1O,0.3591,0.1864,False,False
HKZQJZIFODOLFR,CC1=CC(=O)C(=C(C)C)CC1,0.4159,0.1951,False,False
WYUFTYLVLQZQNH,CCOC1OC(CO)C(O)C(O)C1O,0.4754,0.2769,False,False
YKYONYBAUNKHLG,CCCOC(C)=O,0.225,0.3,False,True
MAEBCGDGGATMSC,CC1(C=O)CCC23COC4(CCC5C6(C)CCC(OC7OCC(OC8OCC(O)C(O)C8O)C(OC8OC(CO)C(O)C(O)C8O)C7OC7OC(CO)C(O)C(O)C7OC7OC(CO)C(O)C(O)C7O)C(C)(C)C6CCC5(C)C4(C)CC2O)C3C1,0.8156,0.3933,False,True
QNAYBMKLOCPYGJ,CC(N)C(=O)O,0.3217,0.3125,False,True
BTSIZIIPFNVMHF,CCC=CCO,0.5158,0.1892,False,False
IPNWLABTDCELLG,O=C(C(O)C(O)CO)C(O)C(O)CO,0.3507,0.1765,False,False
MMDUKUSNQNWVET,O=c1cc(-c2ccc(O)cc2)oc2c(C3OCC(O)C(O)C3O)c(O)c(C3OC(CO)C(O)C(O)C3O)c(O)c12,0.45,0.2958,False,False
UHDGCWIWMRVCDJ,Nc1ccn(C2OC(CO)C(O)C2O)c(=O)n1,0.6017,0.2055,False,False
HSEMFIZWXHQJAE,CCCCCCCCCCCCCCCC(N)=O,0.529,0.3,False,True
DVBSKQAFCDJNSL,C=C(C)C1CCC(C)C12CC=C(C)CC2,0.4637,0.2167,False,False
KWFJIXPIFLVMPM,CC(C)=CCCC1(C)C2CC3C(C2)C31C,0.6433,0.2576,False,False
ZCIAZFSKBUFPBI,C=C(C)C1CC=C2CC(=O)CC(C)C2(C)C1,0.697,0.2459,False,False
VAMXMNNIEUEQDV,COC(=O)c1ccccc1N,0.3967,0.4048,True,True
UUIQMZJEGPQKFD,CCCC(=O)OC,0.3217,0.2632,False,False
WFMIUXMJJBBOGJ,CC(=O)Oc1cc(C)ccc1C(C)C,0.3533,0.3333,False,True
GUBGYTABKSRVRQ,OCC1OC(OC2C(CO)OC(O)C(O)C2O)C(O)C(O)C1O,0.5817,0.2647,False,False
NVIPUOMWGQAOIT,O=C1CCCCCC=CCCCCCCCCO1,0.4621,0.1887,False,False
CIIYOYPOMGIECX,C=C1CCC2C(CC2(C)C)C(=C)CCC1O,0.6122,0.2333,False,False
UCQHFDKBUHCAFR,CC(C)=CCCC(C)C12CC=C(C)C1C2,0.6086,0.2295,False,False
HDJLSECJEQSPKW,COC(=O)c1ccco1,0.4888,0.2955,False,False
NPNNKDMSXVRADT,COc1cc(C=CC(=O)NCCc2ccc(O)cc2)ccc1O,0.2417,0.6596,True,True
LGNSZMLHOYDATP,CC1C=CC2C(C1)C2(C)C,0.5244,0.1923,False,False
BVOSSZSHBZQJOI,C=CC(O)CCC,0.5083,0.1714,False,False
VRSGYUIZSVSWIY,CC1(C)CCCC23C4CC(CC412)C3(C)C,0.5704,0.1522,False,False
TUSIZTVSUSBSQI,C=C(C)C1CCC(C)C(OC(C)=O)C1,0.5317,0.3273,False,True
DUNCVNHORHNONW,C=CC(=C)CCCC(C)(C)O,0.4667,0.1458,False,False
KFZMGEQAYNKOFK,CC(C)O,0.2733,0.1786,False,False
ZTQSAGDEMFDKMZ,CCCC=O,0.3967,0.1944,False,False
UIDGLYUNOUKLBM,COc1cc(-c2oc3cc(O)cc(O)c3c(=O)c2O[C@@H]2O[C@H](CO[C@@H]3O[C@@H](C)[C@H](O)[C@@H](O)[C@H]3O)[C@@H](O)[C@H](O)[C@H]2O)ccc1O,0.69,0.4872,True,True
NQPDZGIKBAWPEJ,CCCCC(=O)O,0.4167,0.3448,False,True
YXOLAZRVSSWPPT,O=c1c(O)c(-c2ccc(O)cc2O)oc2cc(O)cc(O)c12,0.4187,0.4032,True,True
XBZYWSMVVKYHQN,CC1(C)CC[C@]2(C(=O)O)CC[C@]3(C)C(=CC[C@@H]4[C@@]5(C)CC[C@H](O)[C@@](C)(COS(=O)(=O)O)[C@@H]5CC[C@]43C)[C@@H]2C1,0.78,0.6143,True,True
VCMMXZQDRFWYSE,CC1=CC(=O)c2c(O)cccc2C1=O,0.445,0.2745,False,False
OJISWRZIEWCUBN,CC(C)=CCC/C(C)=C/CC/C(C)=C/CC/C(C)=C/CO,0.6238,0.3659,False,True
SOSLMHZOJATCCP,CC1OC(Oc2c(-c3ccc(O)cc3)oc3cc(O)cc(O)c3c2=O)C(O)C(O)C1O,0.62,0.6129,True,True
NOPFSRXAKWQILS,CCCCCCCCCCCCCCCCCCCCCCO,0.5582,0.3462,False,True
KVFIJIWMDBAGDP,CCc1cnccn1,0.5571,0.2553,False,False
OIRDTQYFTABQOQ,Nc1ncnc2c1ncn2[C@@H]1O[C@H](CO)[C@@H](O)[C@H]1O,0.5321,0.1975,False,False
GRBHNQFQFHLCHO,C=C(C)C1CCC2(C)CCC3(C)C(CCC4C5(C)CCC(=O)C(C)(C)C5CCC43C)C12,0.7059,0.2333,False,False
HFGSQOYIOKBQOW,C[C@H]1[C@H](C)CC[C@]2(C(=O)O)CC[C@]3(C)C(=CC[C@@H]4[C@@]5(C)C[C@@H](O)[C@H](O)C(C)(C)[C@@H]5CC[C@]43C)[C@H]12,0.8033,0.5,True,True
HUNLTIZKNQDZEI,C=C(CC[C@@H](C)[C@H]1CC[C@@]2(C)[C@@H]3CC[C@H]4[C@H](C)[C@@H](O)CC[C@@]45C[C@@]35CC[C@]12C)C(C)C,0.745,0.3924,False,True
CKDDRHZIAZRDBW,CCCCCCCCCCCCCCCCCCCCC(=O)O,0.5075,0.325,False,True
HMMVBUVVQLUGQA,CC[C@H](CC[C@@H](C)[C@H]1CC[C@H]2[C@@H]3CC(=O)C4CC(=O)CC[C@]4(C)[C@H]3CC[C@]12C)C(C)C,0.6818,0.1781,False,False
IBVJWOMJGCHRRW,CC1=CC2C(CC1)C2(C)C,0.5087,0.193,False,False
PETRWTHZSKVLRE,COc1cc(C)ccc1O,0.215,0.4324,True,True
GZSOSUNBTXMUFQ,COc1ccc(-c2cc(=O)c3c(O)cc(O[C@@H]4O[C@H](CO[C@@H]5O[C@@H](C)[C@H](O)[C@@H](O)[C@H]5O)[C@@H](O)[C@H](O)[C@H]4O)cc3o2)cc1O,0.6437,0.3196,False,True
SNICXCGAKADSCV,CN1CCC[C@H]1c1cccnc1,0.5905,0.25,False,False
LQJBNNIYVWPHFW,CCCCCCCCCC/C=C\CCCCCCCC(=O)O,0.6269,0.3182,False,True
RGXWDWUGBIJHDO,CCCCCCCCCC(=O)OCC,0.5019,0.2791,False,False
ZJIQIJIQBTVTDY,C=CC(C)(O)CC=CC(=C)C,0.4621,0.15,False,False
CRSBERNSMYQZNG,C=CCCCCCCCCCC,0.6151,0.275,False,False
ZPVFWPFBNIEHGJ,CCCCCCC(C)=O,0.5204,0.3077,False,True
AIONOLUJZLIMTK,COc1ccc([C@@H]2CC(=O)c3c(O)cc(O)cc3O2)cc1O,0.3148,0.4348,True,True
CAWHJQAVHZEVTJ,Cc1cnccn1,0.3371,0.2381,False,False
DCXYFEDJOCDNAF,NC(=O)CC(N)C(=O)O,0.475,0.2703,False,False
DHMQDGOQFOQNFH,NCC(=O)O,0.4567,0.2667,False,False
KRCZYMFUWVJCLI,C=C(C)C1CCC(C)C(O)C1,0.5233,0.1923,False,False
UDBAGFUFASPUFS,C=C1C(OC(C)=O)CC2CC1C2(C)C,0.6017,0.2881,False,False
WXQGPFZDVCRBME,CC1=CC[C@]2(C)CCCC(C)(C)[C@@]23C[C@@H]13,0.64,0.1613,False,False
HPSSZFFAYWBIPY,CCCCCCCCC1=C(CCCCCCC(=O)O)C1,0.5685,0.3429,False,True
FIPPFBHCBUDBRR,CCCCCCCCCCCCCCCCCCCCCO,0.5582,0.3462,False,True
QHZLMUACJMDIAE,CCCCCCCCCCCCCCCC(=O)OCC(O)CO,0.5531,0.24,False,False
PJLHTVIBELQURV,C=CCCCCCCCCCCCCC,0.6151,0.275,False,False
PEFNSGRTCBGNAN,O=c1cc(-c2ccc(O)c(O)c2)oc2cc(OC3OC(CO)C(O)C(O)C3O)cc(O)c12,0.647,0.3797,False,True
UCPNHIPCCLLQGA,O=C1CCCCCCCCCCCCCC1O,0.346,0.3095,False,True
OTMSDBZUPAUEDD,CC,0.3267,0.0526,False,False
SOGKSNZFDBFKCV,C[Si]1(C)O[Si](C)(C)O[Si](C)(C)O[Si](C)(C)O[Si](C)(C)O[Si](C)(C)O[Si](C)(C)O[Si](C)(C)O[Si](C)(C)O[Si](C)(C)O[Si](C)(C)O[Si](C)(C)O1,0.3833,0.0938,False,False
BXGVVQADPFXGHD,CC1(C)CCC[C@@]2(C)CC[C@](C)(O)CC=C12,0.59,0.1667,False,False
ZQSIJRDFPHDXIC,O=c1c(-c2ccc(O)cc2)coc2cc(O)ccc12,0.5783,0.3036,False,True
AGPKZVBTJJNPAG,CCC(C)C(N)C(=O)O,0.3267,0.4412,True,True
PKBVGJFKBPLWOD,CCCCCCCCCCCCCCCCCCCCCCCCCCCCCCCCCCCCCCCCCCC,0.5118,0.3636,False,True
LMTKWIQCTSKTDN,CCc1ccc2nc3ccccc3cc2c1,0.6617,0.2857,False,False
GWHJZXXIDMPWGX,Cc1ccc(C)c(C)c1,0.4017,0.2857,False,False
QSJXEFYPDANLFS,CC(=O)C(C)=O,0.2367,0.1935,False,False
LABTWGUMFABVFG,CC=CC(C)=O,0.2633,0.1628,False,False
QSQLTHHMFHEFIY,CCCCCCCCCCCCCCCCCCCCCC(=O)OC,0.5186,0.2889,False,False
RHLVCLIPMVJYKS,CCCCCC(=O)CC,0.4614,0.2683,False,False
HBTHUBMUAHAWBC,CC1=CCC2(CC1=O)C(C)CCC2C(C)C,0.4831,0.2131,False,False
DJYWGTBEZVORGE,C=C1C(O)CC23CC1C(C)(C)C2CCC3C,0.6536,0.2787,False,False
HGCIXCUEYOPUTN,C1=CCCCC1,0.4102,0.1351,False,False
DMASLKHVQRHNES,CC1=C(/C=C/C(C)=C/C=C/C(C)=C/C=C/C=C(C)/C=C/C=C(C)/C=C/C2=C(C)C[C@@H](O)CC2(C)C)C(C)(C)CCC1,0.6883,0.1558,False,False
XXHDAWYDNSXJQM,CCC=CCC(=O)O,0.5025,0.186,False,False
XULHFMYCBKQGEE,CCCCCCCCC(CO)CCCCCC,0.5849,0.2903,False,False
CAHGCLMLTWQZNJ,CC(C)=CCC[C@@H](C)[C@H]1CC[C@@]2(C)C3=C(CC[C@]12C)[C@@]1(C)CC[C@H](O)C(C)(C)[C@@H]1CC3,0.7136,0.35,False,True
IQDXAJNQKSIPGB,C=CC(C)(O)CCC=C(C)CCC=C(C)CCC=C(C)C,0.5983,0.3061,False,True
FNTJVYCFNVUBOL,O=C(O)C1OC(Oc2c(-c3ccc(O)cc3)oc3cc(O)cc(O)c3c2=O)C(O)C(O)C1O,0.6637,0.8214,True,True
GHMLBKRAJCXXBS,Oc1cccc(O)c1,0.3033,0.3704,False,True
BYVWXQRJRYELNP,O=C1C(O)c2c(O)cc(O)cc2OC1c1ccc(O)c(O)c1,0.3201,0.3725,False,True
ZCHOPXVYTWUHDS,CCC=CCCOC(=O)CCC,0.5275,0.2353,False,False
KBEBGUQPQBELIU,CCOC(=O)/C=C/c1ccccc1,0.1533,0.5952,True,True
SMQUZDBALVYZAC,O=Cc1ccccc1O,0.2483,0.3056,False,True
VQOXUMQBYILCKR,C=CCCCCCCCCCCC,0.6151,0.275,False,False
RHMXXJGYXNZAPX,Cc1cc(O)c2c(c1)C(=O)c1cc(O)cc(O)c1C2=O,0.4233,0.275,False,False
OJEFBZMKKJTKKK,CC(C)=CC(=O)C=C(C)C1CC=C(C)CC1,0.4337,0.2,False,False
WTLLIAVPAMWKOT,CC(C)=C1CC(=O)C(C)CCCC(C)CC1=O,0.4831,0.1818,False,False
OJYKYCDSGQGTRJ,C=C1C2CCC(C2)C1(C)CCC=C(C)CO,0.6317,0.2388,False,False
JIJQKFPGBBEJNF,C=C1C=CC(C(C)CC(=O)C=C(C)C)CC1,0.4356,0.2419,False,False
QFMNRAYIDITSCI,CC(=O)c1c(O)[nH]c(Cc2c[nH]c3cccc(CC=C(C)C)c23)c1O,0.7007,0.2769,False,False
QUCQEUCGKKTEBI,COc1cc2c(cc1OC)-c1cc3ccc(OC)c(OC)c3c[n+]1CC2,0.6417,0.2982,False,False
YGCZTXZTJXYWCO,O=CCCc1ccccc1,0.36,0.3077,False,True
CIPXOBMYVWRNLL,CC(C)=C1C=CC(C)CC1,0.3817,0.1887,False,False
GVOWHGSUZUUUDR,CNc1ccccc1C(=O)OC,0.4517,0.5,True,True
SAOKZLXYCUGLFA,CCCCC(CC)COC(=O)CCCCC(=O)OCC(CC)CCCC,0.5491,0.2143,False,False
VWWCDVHRHSFKKK,C=CC1(C)Cc2occ(C)c2C(=O)C1=C(C)C,0.5837,0.2,False,False
QJYNZEYHSMRWBK,O=C(OC[C@H]1O[C@@H](OC(=O)c2cc(O)c(O)c(O)c2)[C@H](OC(=O)c2cc(O)c(O)c(O)c2)[C@@H](OC(=O)c2cc(O)c(O)c(O)c2)[C@@H]1OC(=O)c1cc(O)c(O)c(O)c1)c1cc(O)c(O)c(O)c1,0.6067,0.3014,False,True
YWJGYBXHXATAQY,CC(=O)O[C@H]1CC[C@]2(C)[C@H]3CC[C@]4(C)C(=CC[C@@]5(C)CCC(C)(C)C[C@H]54)[C@]3(C)CC[C@H]2C1(C)C,0.74,0.3514,False,True
XKJMJYZFAWYREL,C[Si]1(C)O[Si](C)(C)O[Si](C)(C)O[Si](C)(C)O[Si](C)(C)O[Si](C)(C)O[Si](C)(C)O[Si](C)(C)O1,0.3833,0.0938,False,False
ZPPQIOUITZSYAO,OC[C@H]1O[C@@H](Oc2cc3c(O)cc(O)cc3[o+]c2-c2ccc(O)c(O)c2)[C@H](O[C@@H]2OC[C@@H](O)[C@H](O)[C@H]2O)[C@@H](O)[C@@H]1O,0.5512,0.2766,False,False
WQLVFSAGQJTQCK,CC1CCC2(OC1)OC1CC3C4CC=C5CC(O)CCC5(C)C4CCC3(C)C1C2C,0.7452,0.1875,False,False
APAPGJJZPJQKJJ,C=C(CC)CC/C=C(\C)CCC=C(C)C,0.6483,0.3333,False,True
PQLMXFQTAMDXIZ,CCCC(=O)OCCC(C)C,0.4417,0.2222,False,False
IZEUIYYDWBKERE,CC[C@H](/C=C/[C@@H](C)[C@H]1CC[C@H]2[C@@H]3CC=C4C[C@@H](OC(C)=O)CC[C@]4(C)[C@H]3CC[C@]12C)C(C)C,0.6463,0.1923,False,False
SBZWTSHAFILOTE,Oc1cc(O)c2c(c1)OC(c1ccc(O)c(O)c1)C(O)C2O,0.2705,0.3878,False,True
MBRLOUHOWLUMFF,COc1ccc2ccc(=O)oc2c1CC=C(C)C,0.0638,0.6939,True,True
MMXKVMNBHPAILY,CCCCCCCCCCCC(=O)OCC,0.5019,0.2791,False,False
HXTFHSYLYXVTHC,CC1OC(OCC2OC(Oc3cc(O)c4c(c3)OC(c3ccc(O)cc3)CC4=O)C(O)C(O)C2O)C(O)C(O)C1O,0.5375,0.4026,True,True
KCMPNSMMFORCER,CC(C)=C1CCC(C)C(=O)C1,0.3006,0.2041,False,False
VFLDPWHFBUODDF,COc1cc(C=CC(=O)CC(=O)C=Cc2ccc(O)c(OC)c2)ccc1O,0.045,0.8857,True,True
QEVHRUUCFGRFIF,COC(=O)C1[C@H]2C[C@@H]3c4[nH]c5cc(OC)ccc5c4CCN3C[C@H]2C[C@@H](OC(=O)c2cc(OC)c(OC)c(OC)c2)[C@@H]1OC,0.7337,0.2421,False,False
AEDDIBAIWPIIBD,O=c1c2cc(O)c(O)cc2oc2cc(O)c([C@@H]3O[C@H](CO)[C@@H](O)[C@H](O)[C@H]3O)c(O)c12,0.6567,0.3333,False,True
FBWMYSQUTZRHAT,CCCCCC=CCC=CCCCCCCCC(=O)Cl,0.6754,0.3448,False,True
JVTZFYYHCGSXJV,COc1ccc(C=O)cc1O,0.1183,0.5,True,True
RDWUNORUTVEHJF,CC1(C)C2CCC1(C)C(OC=O)C2,0.6367,0.1818,False,False
CHFHDTRINHGRJJ,C=C1CCC2C(C1)[C@](O)(C(C)C)C1CC21C,0.6053,0.197,False,False
ZDWSNKPLZUXBPE,CC(C)(C)c1cc(O)cc(C(C)(C)C)c1,0.2967,0.2759,False,False
WNXJIVFYUVYPPR,C1COCO1,0.3504,0.0952,False,False
KCFDNMFGSCHGFW,CC1OC(C)(O)C(=O)C1=O,0.5058,0.2407,False,False
FXLOVSHXALFLKQ,Cc1ccc(C=O)cc1,0.2367,0.3636,False,True
ZHYZQXUYZJNEHD,CC(C)=CCCC(C)=CC(=O)O,0.6121,0.381,False,True
RXKJFZQQPQGTFL,O=C(CO)CO,0.3183,0.15,False,False
OALYTRUKMRCXNH,CCCCCC1CCC(=O)O1,0.4808,0.2128,False,False
MFLJAIATZVGFPM,CCCCCCCCCCCCCC(CC(CC)CC)CC(CC)CC,0.5865,0.2424,False,False
ISFMXVMWEWLJGJ,CC1=C[C@@]2(O)O[C@@]3(CC2=C(C)C)[C@@H](C)CC[C@@H]13,0.6283,0.1875,False,False
RFFOTVCVTJUTAD,CC(C)C12CCC(C)(CC1)O2,0.5188,0.1475,False,False
JRTBBCBDKSRRCY,CCC(C)(O)CCC=C(C)C,0.455,0.2319,False,False
MDDYCNAAAZKNAJ,CC(C)C12CCC(=O)C1C2,0.3789,0.2097,False,False
ZVRMGCSSSYZGSM,CCCCCCCCCCCCC/C=C/C(=O)O,0.635,0.3256,False,True
HZRFVTRTTXBHSE,CC1CCC2C(C)(C)C3CC12CC1OC13C,0.7252,0.2097,False,False
LCOSCMLXPAQCLQ,CC1=CC2C(=C(C)CCCC2(C)C)CC1,0.6007,0.1935,False,False
JOCWPECWTZZSSX,CC1=CC[C@@H]2C(=C1)[C@@H](C(C)C)CC[C@H]2C,0.5667,0.1594,False,False
QPRQEDXDYOZYLA,CCC(C)CO,0.2867,0.1944,False,False
WTFXTQVDAKGDEY,C=C(O[C@@H]1C=C(C(=O)O)C=C[C@H]1O)C(=O)O,0.62,0.2075,False,False
JPIJQSOTBSSVTP,O=C(O)C(O)C(O)CO,0.4483,0.2045,False,False
BDERNNFJNOPAEC,CCCO,0.33,0.2083,False,False
QNLHEWJMIGRIHL,CCCCCCCCCC=CCCc1c(O)c(O)cc(O)c1O,0.6647,0.4222,True,True
VPGMLKKMTSJVRG,C=C1C(=O)c2cccc(O)c2C(=O)C1=c1ccc2c(O)c(=C)cc(O)c2c1O,0.5737,0.2456,False,False
MJWYDQFQTPDRBO,CC12C(=O)c3cccc(O)c3C(=O)C1=Cc1c2c(O)c2c(O)cccc2c1O,0.6317,0.2308,False,False
IUOFQMYQDUARQU,CCCCC/C=C\C(C)CCCCCCOC(C)=O,0.6304,0.2909,False,False
IQTMIKSIMGHIIR,CCCCCC/C=C/C/C=C/CCCCCCC(=O)OC,0.6523,0.3617,False,True
GKHCBYYBLTXYEV,OCC1OC(OCc2ccccc2)C(O)C(O)C1O,0.4888,0.3433,False,True
MUENRDYXOADTOC,CC12CCC3c4ccccc4CCC3C1CCC2O,0.6142,0.2286,False,False
KVIWYYOMPLJRMC,CCCCCC/C=C/C=C\CCCCCCCC(=O)OC,0.7173,0.3404,False,True
YCAQPZXDWPHYBD,CC1=CCC2C(C1O)C2(C)C,0.5817,0.1833,False,False
KPGXRSRHYNQIFN,O=C(O)CCC(=O)C(=O)O,0.5407,0.2,False,False
FXCDESKKWMGGON,CCCCCCCCC=CCCCCCC(=O)OC,0.6623,0.3556,False,True
DYRLWKBVSWPUST,N=C(N)NCCCCCCC(=O)NC(=O)C(O)NCCCCNCCCN,0.6756,0.2055,False,False
JIZCYLOUIAIZHQ,CCCCCCCCCCCCCCCCCCCCCC(=O)OCC,0.5019,0.2791,False,False
ZUSMXUXZJCOSPV,CCCCCCCCC(CCCCCC)CCCCCCCC,0.5818,0.2857,False,False
BNHKXOIJKIMOJH,COC(=O)CCCCCCCCCCCCCC(C)C,0.5529,0.2453,False,False
OKXAFOJPRGDZPB,CCCCCCCCCCCCCCCCCCO[P+](=O)OCCCCCCCCCCCCCCCCCC,0.4905,0.2424,False,False
IMTCMWSWXFQQDL,CCCCC(C)CCCC(C)CCCC(C)C,0.6033,0.1875,False,False
YMXLTDXXQGMDPS,COC(=O)CCCCCCCCC(C)CCC(C)C,0.6285,0.2182,False,False
USMAGXMGZXKLHT,CCC=CCC=CCC=CCCCCCC=O,0.5907,0.2667,False,False
LKKDASYGWYYFIK,CC(C)(O)[C@@H]1CC[C@@]2(C)CCC[C@@](C)(O)[C@@H]2C1,0.5367,0.2029,False,False
FAARLWTXUUQFSN,COc1c(O)cc2c(=O)oc3c(O)c(O)cc4c(=O)oc1c2c34,0.2817,0.4375,True,True
CHBITXAMNKHJCR,O=C1OC[C@@H](O)[C@H]([C@@H]2OC(=O)c3cc(O)c(O)c(O)c3-c3c(O)c(O)c(O)c4c3C(=O)O[C@H]2[C@@H]4O)OC(=O)c2cc(O)c(O)c(O)c2-c2c1cc(O)c(O)c2O,0.7333,0.3864,False,True
ZLPSOQFIIQIIAX,O=c1cc(-c2ccc(O)c(O)c2)oc2c(C3OC(CO)C(O)C(O)C3O)c(O)c(C3OC(CO)C(O)C(O)C3O)c(O)c12,0.4017,0.3231,False,True
VHOCUJPBKOZGJD,CCCCCCCCCCCCCCCCCCCCCCCCCCCCCC(=O)O,0.5075,0.325,False,True
PBWOIPCULUXTNY,CCC(CCC(C)C1CCC2C3CC=C4CC(OC(C)=O)CCC4(C)C3CCC12C)C(C)C,0.7233,0.1932,False,False
OXQOBQJCDNLAPO,Cc1nccnc1C,0.3467,0.2162,False,False
QJKAJTLWEOMUGZ,CC(/C=C/C=C(\C)CC=C1C(C)C(=O)C(=O)CC1(C)C)=C\C=C\C=C(C)\C=C\C=C(/C)CC=C1C(C)C(=O)C(=O)CC1(C)C,0.627,0.1625,False,False
YBJHBAHKTGYVGT,O=C(O)CCCC[C@@H]1SC[C@@H]2NC(=O)N[C@@H]21,0.4517,0.2069,False,False
MUPFEKGTMRGPLJ,OC[C@H]1O[C@H](OC[C@H]2O[C@H](O[C@]3(CO)O[C@H](CO)[C@@H](O)[C@@H]3O)[C@H](O)[C@@H](O)[C@@H]2O)[C@H](O)[C@@H](O)[C@H]1O,0.5704,0.2468,False,False
OULAJFUGPPVRBK,CCCCCCCCCCCCCCCCCCCCCCCCCCCCCCCCCCO,0.5582,0.3462,False,True
FUGYGGDSWSUORM,C=Cc1ccc(O)cc1,0.209,0.3793,False,True
LOOYOTLEOHYYOV,CC12C=CC(CC1)C(C)(C)O2,0.51,0.1724,False,False
BGEBZHIAGXMEMV,COc1c2ccoc2cc2oc(=O)ccc12,0.465,0.34,False,True
NUPSHWCALHZGOV,CCCCCCCCCCOC(C)=O,0.3945,0.4,True,True
WAQIIHCCEMGYKP,C=CC(C)(CCC=C(C)C)OC(=O)CC,0.4802,0.25,False,False
FVWQAXRELOCFSV,C/C1=C/C/C=C(/C)CCC(C)(C)/C=C\C1,0.6687,0.1639,False,False
AFFLGGQVNFXPEV,C=CCCCCCCCC,0.6151,0.275,False,False
VHVMXWZXFBOANQ,C=CC(O)CC,0.3354,0.1842,False,False
BTANRVKWQNVYAZ,CCC(C)O,0.2683,0.2333,False,False
HKOLRKVMHVYNGG,CCCCCCCCCCCC(C)O,0.5968,0.3,False,True
LXEVSYZNYDZSOB,COc1ccc(-c2cc(=O)c3c(O)c(OC)c(OC)c(OC)c3o2)cc1,0.2917,0.5625,True,True
JBFHTYHTHYHCDJ,CCC1CCC(=O)O1,0.3927,0.2326,False,False
BTCSSZJGUNDROE,NCCCC(=O)O,0.5067,0.2439,False,False
RMZHSBMIZBMVMN,C=C1CCC[C@]2(C)CCC(=C(C)C)C[C@@H]12,0.6467,0.2031,False,False
ZWEHNKRNPOVVGH,CCC(C)=O,0.295,0.25,False,False
PTEYJUIKYIKULL,CCCCCCCCCCCCCCC(=O)OCC,0.5019,0.2791,False,False
NYHBQMYGNKIUIF,Nc1nc(=O)c2ncn([C@@H]3O[C@H](CO)[C@@H](O)[C@H]3O)c2[nH]1,0.5387,0.1728,False,False
JRSMRFHLUZKHCR,C=C[C@]1(C)OC(C)(C)CC[C@@H]1O,0.4804,0.2045,False,False
LSQXNMXDFRRDSJ,COc1cc(C)ccc1C(C)C,0.3983,0.2955,False,False
AYJXHIDNNLJQDT,CC1=CC(=O)CC(C)(C)C1=O,0.617,0.2045,False,False
NLAWPKPYBMEWIR,COc1ccc([C@@H]2CC(=O)c3c(O)cc(O[C@@H]4O[C@H](CO)[C@@H](O)[C@H](O)[C@H]4O[C@@H]4O[C@@H](C)[C@H](O)[C@@H](O)[C@H]4O)cc3O2)cc1,0.5121,0.369,False,True
FQEXRDMYDXBXEO,CC1=CCC(C(C)(C)O)C=C1,0.4167,0.1538,False,False
XJWZDXFFNOMMTD,CC(C)C1=CCC(C)(O)CC1,0.5353,0.1875,False,False
MGMBZNCFUFRSSP,CC1=CCC2(C)CCC(C(C)C)=C2CC1,0.5687,0.16,False,False
WQOXQRCZOLPYPM,CSSC,0.4683,0.1071,False,False
NUQDPKOFUKFKFD,CC1CCC2C(C3=C1CCC3C)C2(C)C,0.6219,0.1803,False,False
PJVWKTKQMONHTI,CC(=O)CC(c1ccccc1)c1c(O)c2ccccc2oc1=O,0.4004,0.3469,False,True
LOUPRKONTZGTKE,C=CC1CN2CCC1CC2C(O)c1ccnc2ccc(OC)cc12,0.5917,0.2442,False,False
LUKBXSAWLPMMSZ,Oc1ccc(C=Cc2cc(O)cc(O)c2)cc1,0.1383,0.6667,True,True
PQRKPYLNZGDCFH,CCCCCCCCC1=C(CCCCCCCC(=O)O)C1,0.5685,0.3429,False,True
SLTLKLCDQWGISZ,C=C1CCC2CC3C(C)CCC13C2(C)C,0.6319,0.2295,False,False
AVCYGYFZVWNDGB,CCCCC/C=C\C/C=C\CCCCCO,0.6282,0.3571,False,True
QRJSGJWTKHSNMK,CCCC/C=C/CCCCCCCCCCCCCC,0.6165,0.3514,False,True
IOUVKUPGCMBWBT,O=C(CCc1ccc(O)cc1)c1c(O)cc(O)cc1O[C@@H]1O[C@H](CO)[C@@H](O)[C@H](O)[C@H]1O,0.629,0.3766,False,True
XWMMEBCFHUKHEX,C=C1CC[C@]2(C)CC[C@]3(C)[C@H](CC[C@@H]4[C@@]5(C)CC[C@H](O)C(C)(C)[C@@H]5CC[C@]43C)[C@H]2[C@@H]1C,0.7253,0.236,False,False
GDVRUDXLQBVIKP,O=C(O[C@@H]1O[C@H](CO)[C@@H](O)[C@H](O)[C@H]1O)c1cc(O)c(O)c(O)c1,0.5383,0.3056,False,True
DNVZSDMHLPWULM,CC(=O)N(C)[C@H](C)[C@@H]1CC[C@@H]2[C@H]3CC=C4C[C@@H](N(C)C)CC[C@@]4(C)[C@@H]3CC[C@]21C,0.59,0.1948,False,False
DWANKGPRCZFGFO,C=C(C)C1CC=C(C)C(OC(=O)C(C)(C)C)C1,0.5803,0.1739,False,False
HSNQNPCNYIJJHT,CCCCCCCC/C=C/CCCCCCCC,0.6182,0.3611,False,True
RBHIUNHSNSQJNG,CC1(C2CCC3(C)OC3C2)CO1,0.6802,0.2,False,False
QZIBYWPRLPFUFP,C=C1C(O)CC2CC13C(C)(C)CCCC23C,0.6,0.2034,False,False
ULTBCADWJVQRCF,CC1=CC2=C(CC1)[C@@H](C)CC[C@@H]2C(C)C,0.4945,0.1642,False,False
LKQMMFFQYMYQOJ,C=CC1(C)CCC2C(C1C(=C)C)C2(C)C,0.5417,0.1875,False,False
ABTUXHHGWUMMDY,CCCCCC/C=C/C/C=C/C/C=C/C/C=C/CCCCC(=O)OC,0.6523,0.3617,False,True
HMMGMWAXVFQUOA,C[Si]1(C)O[Si](C)(C)O[Si](C)(C)O[Si](C)(C)O1,0.3833,0.0938,False,False
GGYKPYDKXLHNTI,CCC(C)CCCC(C)CCCC(C)CCCC(C)C,0.6108,0.1765,False,False
PLVPPLCLBIEYEA,O=C(O)C=Cc1c[nH]c2ccccc12,0.1703,0.4468,True,True
HRHOWZHRCRZVCU,CCCC=CCOC(C)=O,0.3967,0.3043,False,True
HETWPUJFGKDFMN,CC1C2OC2C23CC1C(C)(C)C2CCC3C,0.7383,0.1833,False,False
IVTQSEFLDHBCDZ,CC1CCC2C(C)(C)CC=CC2(C)O1,0.6272,0.1774,False,False
UHOVQNZJYSORNB,c1ccccc1,0.3067,0.2308,False,False
IAYPIBMASNFSPL,C1CO1,0.3452,0.1026,False,False
FONXOARHSFUBAN,CC(C)CCCCC(C)CCCC(C)C,0.6058,0.1875,False,False
BEBPORIYFVRVCP,CCCCCCCCCCCCCCCCCCCCCCCCC(C)C,0.6251,0.2759,False,False
RXORHYFDDNAOQS,C=CCCCCCC/C=C\CCCCCCCC=O,0.5418,0.1739,False,False
VPSXZUORXQYBAT,Cc1cc(C)c2ccc3ccccc3c2n1,0.5033,0.2414,False,False
QFPVVMKZTVQDTL,CCCCCCC=CCCCCCCCC=O,0.6032,0.3171,False,True
HHZIOLLKZWLCOX,CCCCCCCC=CCCCCCCCCC(=O)OC,0.6623,0.3556,False,True
OFSVCCCZZQKHKQ,COC(C(=O)CO)[C@H](O)[C@H](O)CO,0.5067,0.2321,False,False
TWWSXAKLFHYWQT,C/C=C/CCCCCCCCCCCCCC=O,0.5282,0.2045,False,False
JPFCOVZKLAXXOE,COc1c(O)cc(C2Oc3c(c(O)cc(O)c3[C@H]3c4c(O)cc(O)cc4O[C@H](c4ccc(O)cc4)[C@@H]3O)C[C@H]2O)cc1O,0.5685,0.4487,True,True
ASUAYTHWZCLXAN,CC(C)=CCO,0.4271,0.2222,False,False
PHXATPHONSXBIL,CCCCCCCC1CCC(=O)O1,0.5101,0.225,False,False
IOJUPLGTWVMSFF,c1ccc2scnc2c1,0.6333,0.3,False,True
MYLXGCVCCZCOHU,CC1=C[C@]2(CC1)[C@H](C)CC[C@@H](C(C)C)[C@H]2O,0.426,0.2154,False,False
SDMLCXJKAYFHQM,C/C1=C/C[C@@H](C(C)(C)O)CC/C(C)=C\CC1,0.3633,0.1667,False,False
PUWNTRHCKNHSAT,CC1=CC2C(CC1)C(C)=CCCC2(C)C,0.5687,0.1967,False,False
CRZQGDNQQAALAY,COC(=O)Cc1ccccc1,0.2917,0.4737,True,True
YFVGIJBUXMQFOF,COc1ccc(-c2cc(=O)c3c(O)cc(O[C@@H]4O[C@H](CO[C@@H]5O[C@@H](C)[C@H](O)[C@@H](O)[C@H]5O)[C@@H](O)[C@H](O)[C@H]4O)cc3o2)cc1,0.6303,0.3889,False,True
JUJWROOIHBZHMG,c1ccncc1,0.34,0.2059,False,False
JBOONPKUPONSIB,C=C1CCC(=O)[C@]2(C)CC[C@@H](C(C)C)[C@@H]2C1,0.6609,0.2344,False,False
JOOXCMJARBKPKM,CC(=O)CCC(=O)O,0.3767,0.25,False,False
BLJFSPZWKBTYHR,CCCCCCCC/C=C\CCCCCC=O,0.6032,0.3171,False,True
BDJRBEYXGGNYIS,O=C(O)CCCCCCCC(=O)O,0.3804,0.3333,False,True
VZPAURMDJZOGHU,CC(=O)OC[C@H](Cc1ccccc1)NC(=O)C(Cc1ccccc1)NC(=O)c1ccccc1,0.3711,0.4576,True,True
CQLRUIIRRZYHHS,COc1cc(-c2oc3cc(O)cc(O)c3c(=O)c2OC2OC(CO)C(O)C(O)C2O)ccc1O,0.6783,0.5352,True,True
OCWLYWIFNDCWRZ,CCC(C)C(=O)OC,0.385,0.3333,False,True
QWRTXOOFEHOROQ,CC1CCC2(O)C(C)CCC3C(C12)C3(C)C,0.6383,0.2143,False,False
KRCLQJBBBGFWTC,C=C(C)C1CCC2(C(=O)O)CCC3(C)C(CCC4C5(C)CCC(OC(=O)CN(OC)C6OC(CO)C(O)C(O)C6O)C(C)(C)C5CCC43C)C12,0.8056,0.2818,False,False
PHIQHXFUZVPYII,C[N+](C)(C)CC(O)CC(=O)[O-],0.495,0.1591,False,False
LBVRQJWOZIMWNY,C=C1C=CC2(C(C)C)CC12,0.4869,0.2766,False,False
IGGWKHQYMAJOHK,C=CC1(C)CCC2C(C)(CCC3C(C)(C)CCCC32C)O1,0.6533,0.2154,False,False
KSKXSFZGARKWOW,CC(=O)C=CC=C(C)C,0.3454,0.1818,False,False
AMZWKSYAMHGGSR,CC1=CC=C[C@@]2(C)CC[C@@H](C(C)(C)O)C[C@@H]12,0.6138,0.1935,False,False
RTUMCNDCAVLXEP,Cc1ccc2c(c1)C=CCC2(C)C,0.72,0.25,False,False
WIIMVXRNTVGXEQ,OCC1OC(OCC2OC(Oc3cc4c(O)cc(O)cc4[o+]c3-c3cc(O)c(O)c(O)c3)C(O)C(O)C2O)C(O)C(O)C1O,0.5862,0.3176,False,True
KZMACGJDUUWFCH,COc1cc(-c2[o+]c3cc(O)cc(O)c3cc2O)cc(OC)c1O,0.45,0.3659,False,True
IJXHLVMUNBOGRR,CCCCCCCCC(=O)OC,0.5186,0.2889,False,False
XVFMGWDSJLBXDZ,Oc1ccc(-c2[o+]c3cc(O)cc(O)c3cc2O)cc1,0.3978,0.2927,False,False
AFOLOMGWVXKIQL,COc1cc(-c2[o+]c3cc(O)cc(O)c3cc2O)cc(O)c1O,0.4433,0.3571,False,True
JKQXZKUSFCKOGQ,CC1=C(/C=C/C(C)=C/C=C/C(C)=C/C=C/C=C(C)/C=C/C=C(C)/C=C/C2=C(C)C[C@@H](O)CC2(C)C)C(C)(C)C[C@H](O)C1,0.6204,0.1667,False,False
GZIFEOYASATJEH,Cc1cc(O)cc2c1OC(C)(CCCC(C)CCCC(C)CCCC(C)C)CC2,0.6857,0.2609,False,False
AOHCBEAZXHZMOR,C[N+](C)(C)C(Cc1c[nH]c2ccccc12)C(=O)[O-],0.32,0.3881,False,True
AXISYYRBXTVTFY,CCCCCCCCCCCCCC(=O)OC(C)C,0.5582,0.2667,False,False
JLIDBLDQVAYHNE,CC(C=CC1(O)C(C)=CC(=O)CC1(C)C)=CC(=O)O,0.5852,0.2388,False,False
ZNJOCVLVYVOUGB,CCCCCCCCCCCCCCCCCCI,0.644,0.2963,False,False
KWGRBVOPPLSCSI,CN[C@@H](C)[C@H](O)c1ccccc1,0.475,0.3514,False,True
XOJVVFBFDXDTEG,CC(C)CCCC(C)CCCC(C)CCCC(C)C,0.6042,0.1915,False,False
BLGXFZZNTVWLAY,COC(=O)C1C(O)CCC2CN3CCc4c([nH]c5ccccc45)C3CC21,0.6737,0.2817,False,False
VBUYCZFBVCCYFD,O=C(O)C(=O)C(O)C(O)C(O)CO,0.5717,0.1633,False,False
GRTOGORTSDXSFK,COC(=O)C1=COC(C)C2CN3CCc4c([nH]c5ccccc45)C3CC12,0.6883,0.2703,False,False
XKKCQTLDIPIRQD,Cc1cn(C2CCC(CO)O2)c(=O)[nH]c1=O,0.5953,0.25,False,False
SEKOYQMPSNVSSG,N#Cc1c(Br)n(Cc2ccc(Cl)c(Cl)c2)c2ncnc(N)c12,0.6483,0.2308,False,False
VYWVUOKQLPBMAE,COc1cc(CO)cc2c1OC1C2C(C(=O)NCCO)=CC(N(Cc2ccc(Cl)cc2)C(=O)C2CC2)C1O,0.77,0.2708,False,False
MMQXBTULXAEKQE,O=C(OC1COC(=O)c2cc(O)c(O)c(O)c2-c2c(cc(O)c(O)c2O)C(=O)OC1C1OC(=O)c2cc(O)c(O)c(O)c2-c2c(O)c(O)c(O)c3c2C(=O)OC1C3O)c1cc(O)c(O)c(O)c1,0.7717,0.4556,True,True
OVMFOVNOXASTPA,O=c1cc(-c2ccc(O)cc2)oc2c(C3OC(CO)C(O)C(O)C3O)c(O)c(C3OCC(O)C(O)C3O)c(O)c12,0.45,0.2958,False,False
RSDDHGSKLOSQFK,CC(C)=CCC/C(C)=C/COc1ccc2ccc(=O)oc2c1,0.5,0.3462,False,True
WHOZNOZYMBRCBL,CCCCCCCCCCCC=CC=O,0.6715,0.3095,False,True
PREBVFJICNPEKM,O=C(C=Cc1ccc(O)cc1)CC(=O)C=Cc1ccc(O)cc1,0.0925,0.6286,True,True
KQNPFQTWMSNSAP,CC(C)C(=O)O,0.2733,0.32,False,True
TVTCXPXLRKTHAU,CCCCCCCCCCCCCCCC(C)=O,0.5204,0.3077,False,True
VZCCETWTMQHEPK,CCCCC/C=C\C/C=C\C/C=C\CCCCC(=O)O,0.5538,0.3571,False,True
UIERETOOQGIECD,CC=C(C)C(=O)O,0.4817,0.1905,False,False
TWYYVOVDSNRIJM,OCC1OC(Oc2cc3c(O)cc(O)cc3[o+]c2-c2cc(O)c(O)c(O)c2)C(OC2OCC(O)C(O)C2O)C(O)C1O,0.5796,0.2688,False,False
ABLPGPHZENVRRH,C=CC1(C)CC(=O)C(=C(C)C)CC1C(=C)C,0.5187,0.2,False,False
GAODWSYPSJBKGB,CCCCCCCC/C=C\CCCCCCCC(=O)O[Si](C)(C)C,0.6485,0.3061,False,True
NTIZESTWPVYFNL,CC(=O)CC(C)C,0.2783,0.2558,False,False
YBHILYKTIRIUTE,COc1ccc2cc3[n+](cc2c1OC)CCc1cc2c(cc1-3)OCO2,0.6567,0.2778,False,False
VAJVDSVGBWFCLW,OCCCc1ccccc1,0.3217,0.3333,False,True
MVULGCSHGFLUBH,O=S(CC1C(c2ccccc2)C1c1ccccc1)c1ccccc1,0.4417,0.2128,False,False
WRXVPTMENPZUIZ,CC1OC(OCC2OC(Oc3c(-c4ccc(O)cc4)oc4cc(O)cc(O)c4c3=O)C(OC3OC(C)C(O)C(O)C3O)C(O)C2O)C(O)C(O)C1O,0.595,0.4684,True,True
RIXNFYQZWDGQAE,CC(=O)O[C@H]1CC[C@]2(C)[C@H]3CC=C4[C@@H]5CC(C)(C)CC[C@]5(C(=O)O)CC[C@@]4(C)[C@]3(C)CC[C@H]2C1(C)C,0.84,0.7258,True,True
HBVOEGGRCJCMLG,C=C(CCC=C(C)CO)C1CC=C(C)CC1,0.6187,0.2615,False,False
PMMYEEVYMWASQN,O=C(O)C1CC(O)CN1,0.354,0.1724,False,False
OMOYQLRHKFGVGN,COc1ccc2ccc(=O)oc2c1CC(=O)C(C)C,0.295,0.5357,True,True
LKMNXYDUQXAUCZ,COc1ccc(-c2cc(=O)c3c(OC)c(OC)c(OC)cc3o2)cc1OC,0.5783,0.4681,True,True
ULSUXBXHSYSGDT,COc1ccc(-c2cc(=O)c3c(OC)c(OC)c(OC)c(OC)c3o2)cc1,0.395,0.5435,True,True
PFSTYGCNVAVZBK,C=CC(C)=CCC=C(C)CCC=C(C)C=O,0.5903,0.2807,False,False
GXANMBISFKBPEX,CCC=CCC=O,0.4092,0.1842,False,False
CWRKZMLUDFBPAO,CCCCCC=CCCC=O,0.5367,0.2857,False,False
XHCADAYNFIFUHF,O=c1ccc2cc(O[C@@H]3O[C@H](CO)[C@@H](O)[C@H](O)[C@H]3O)c(O)cc2o1,0.592,0.3289,False,True
MLRYPOCSLBIUHY,CCCCCCCCCC=CCO,0.6499,0.35,False,True
IRZQJXCCKXGQFV,CC(C)C1=CCC(CO)=CC1,0.5308,0.1897,False,False
WVTKBKWTSCPRNU,COc1ccc2cc1Oc1ccc(cc1)CC1c3cc(c(OC)cc3CCN1C)Oc1c(OC)c(OC)cc3c1C(C2)N(C)CC3,0.6054,0.2222,False,False
CJDRUOGAGYHKKD,CCC1C2CC3C4N(C)c5ccccc5C45CC(C2C5O)N3C1O,0.5974,0.1948,False,False
WYTGDNHDOZPMIW,COC(=O)C1=COC(C)C2C[n+]3ccc4c([nH]c5ccccc54)c3CC12,0.612,0.2237,False,False
XMVBHZBLHNOQON,CCCCCCC(CO)CCCC,0.5882,0.2812,False,False
XAPCMTMQBXLDBB,CCCCCCOC(=O)CCC,0.4373,0.3276,False,True
KLIDCXVFHGNTTM,COc1cccc(OC)c1O,0.2302,0.5333,True,True
YPWHZCPMOQGCDQ,O=c1c(O)c(-c2ccc(O)cc2)oc2cc(O[C@@H]3O[C@H](CO)[C@@H](O)[C@H](O)[C@H]3O)cc(O)c12,0.6237,0.4366,True,True
WCXZJNBNVYUXJV,CC=CC=CCC(C)=O,0.3867,0.1702,False,False
YDNJTOFCQOCRQJ,C/C1=C\CC(C)(C)/C=C/C(=O)C(C)C=CC1,0.6833,0.197,False,False
QMPXNYCITMPSIE,C=Cc1c2[nH]c(c1C)C=C1N=C(C3=C(C(=O)OC)C(=O)c4c3[nH]c(c4C)C=c3[nH]c(c(C=O)c3CC)=C2)C(CCC(=O)OCC=C(C)CCCC(C)CCCC(C)CCCC(C)C)C1C,0.7317,0.1694,False,False
LXCFILQKKLGQFO,COC(=O)c1ccc(O)cc1,0.362,0.3902,False,True
KAESVJOAVNADME,c1cc[nH]c1,0.3167,0.1364,False,False
IQLMHLRIRXSXLQ,C=C1C(C)=CCC2C(C)(C)CCCC12C,0.6733,0.2712,False,False
OSORMYZMWHVFOZ,O=C(OCCc1ccccc1)c1ccccc1,0.3834,0.4651,True,True
MDKCFLQDBWCQCV,S=C=NCc1ccccc1,0.5571,0.2941,False,False
HEQIXMZUXYFWJS,CC(=O)OCC1C(C)(O)CCC(CC=C(C)C)C1(C)C,0.5021,0.25,False,False
FKWGCEDRLNNZOZ,CC(C)=CCCC(C)c1ccc(C)c(O)c1,0.55,0.3061,False,True
AYQPVPFZWIQERS,CCCCCC=CCO,0.5717,0.325,False,True
KUPLEGDPSCCPJI,CCCCCCCCCCCCCCCCCCCCCCCCCCCCCCCCCCCCCCCC,0.5118,0.3636,False,True
WHXUZXDWQKUIJL,CC1=CCCC2(C)CCC3C(C)(C)CC132,0.722,0.2632,False,False
LHJZSWVADJCBNI,CC=Cc1ccc(OC)c(O)c1,0.1133,0.5294,True,True
ZXNBBWHRUSXUFZ,CCC(C)C(C)O,0.315,0.2647,False,False
WVYWICLMDOOCFB,CC(C)CC(C)O,0.2783,0.2353,False,False
KWFAQPWLROZBAY,C12=C3C4C1=C1C2C3C14,0.4483,0.1,False,False
KFYISTOZYAKAPV,C=C1CCC(C(C)C)c2cc(C)ccc21,0.4387,0.25,False,False
PKBSGDQYUYBUDY,CCCCCCCCCCCCCCCCCCCCCCCCCCCCCO,0.5582,0.3462,False,True
ONBWJWYUHXVEJS,Oc1ccc2c3c1O[C@H]1[C@@H](O)C=C[C@H]4[C@@H](C2)NCC[C@@]341,0.6217,0.2,False,False
BHLYRWXGMIUIHG,COc1ccc(C[C@H]2c3cc(O)c(OC)cc3CCN2C)cc1O,0.4633,0.2698,False,False
CAPCBAYULRXQAN,CCN(CC)CCCC(C)N,0.4926,0.1905,False,False
IUNJCFABHJZSKB,O=Cc1ccc(O)cc1O,0.2303,0.3636,False,True
XHIUFYZDQBSEMF,CCC(C)COC(C)=O,0.35,0.25,False,False
AYWJSCLAAPJZEF,CCCCOC(=O)CC(C)C,0.3067,0.2712,False,False
BILPUZXRUDPOOF,CCCCCCCCCCCCCCCCCCOC(=O)CCCCCCCCCCCCCCC,0.4928,0.3051,False,True
XCECESCTONFGLP,C=CC=CC1=C(C)CC(=O)CC1(C)C,0.6783,0.1719,False,False
PMRYVIKBURPHAH,Cn1cc[nH]c1=S,0.57,0.1695,False,False
OQAGVSWESNCJJT,COC(=O)CC(C)C,0.3283,0.2703,False,False
JIMGVOCOYZFDKB,CC(C)CC(=O)OCCc1ccccc1,0.1917,0.4043,True,True
ACWQBUSCFPJUPN,C/C=C(\C)C=O,0.2817,0.1429,False,False
KRGDFVQWQJIMEK,COc1cc2oc(-c3ccc(O)cc3O)c(CC=C(C)C)c(=O)c2c(O)c1/C=C/C(C)C,0.5319,0.5775,True,True
QBLQLKNOKUHRCH,O=C1CC(c2ccc(O)cc2O)Oc2cc(O)cc(O)c21,0.363,0.375,False,True
MUMCCPUVOAUBAN,O=C1c2ccccc2-c2c3c(cc4ccnc1c24)OCO3,0.4658,0.2769,False,False
ORNBQBCIOKFOEO,CC(=O)C1CCC2C3CC=C4CC(O)CCC4(C)C3CCC12C,0.67,0.2179,False,False
WDYDKISHUOKLST,C=c1cc(O)c2c(O)ccc(=C3C=CC(=O)C4=C3C(=O)C(C)=CC4=O)c2c1O,0.5983,0.2034,False,False
YUPNHTWYVBHLMG,C[C@@H]1CC(=O)c2c(O)cccc2[C@@H]1O,0.3553,0.2963,False,False
YKPXIWHBRBFRQM,CC1=CC(=O)c2c(O)ccc(O)c2C1=O,0.3636,0.25,False,False
SGNALGPYOOQHOT,CC(CC(=O)O)C(=O)c1cccc(O)c1O,0.5383,0.4348,True,True
IJFXRHURBJZNAO,O=C(O)c1cccc(O)c1,0.4603,0.3947,False,True
BIQKRILZMDQPHI,CCCCCCC/C=C/CCCCCCCC,0.6182,0.3611,False,True
UIAMCVSNZQYIQS,CCCCCCCCC=CCCCCCCCC#N,0.6594,0.2955,False,False
FELCJAPFJOPHSD,C=C(C)[C@@H]1CC[C@]2(C=O)CC[C@]3(C)[C@H](CC[C@@H]4[C@@]5(C)CC[C@H](O)C(C)(C)[C@@H]5CC[C@]43C)[C@@H]12,0.7417,0.2727,False,False
RZIGKFTVXWUUCX,CN1C(=O)C(=O)c2cc3c(c4c2c1cc1ccccc14)OCO3,0.4983,0.2857,False,False
XPCTZQVDEJYUGT,Cc1occc(=O)c1O,0.295,0.2973,False,False
FWMPKHMKIJDEMJ,C=CCc1cc(OC)c(O)c(OC)c1,0.2338,0.3824,False,True
FFWOKTFYGVYKIR,COc1cc(O)c2c(c1)C(=O)c1cc(C)cc(O)c1C2=O,0.47,0.3333,False,True
CUFLZUDASVUNOE,COC(=O)c1ccc(O)c(O)c1,0.367,0.4211,True,True
IBGBGRVKPALMCQ,O=Cc1ccc(O)c(O)c1,0.1167,0.4167,True,True
GGNPJEDYBWMUJF,CC[C@@H](C)CCCCC#CCCCCCCCO,0.7061,0.2075,False,False
DSZTYVZOIUIIGA,CCCCCCCCCCCCCCC1CO1,0.5684,0.2424,False,False
RPNUMPOLZDHAAY,NCCNCCN,0.4854,0.14,False,False
ZTMADXFOCUXMJE,Cc1c(O)cccc1O,0.3983,0.3077,False,True
MNSWPRRRHUHTHI,C/C=C/C(C)CCCCCCCCCOC(=O)CC,0.5297,0.2182,False,False
FWIBCWKHNZBDLS,O=C1OCCC1O,0.2417,0.2083,False,False
YGCGPCUUTAKOEU,CCCCCCCCCCCCCCCCCCCCCCCCCCC(C)C,0.6251,0.2759,False,False
CWMPPVPFLSZGCY,CCCCC/C=C/C(=O)O,0.5729,0.3023,False,True
MXAXYEGDUFNYRX,CN(C)CCOC(=O)CCC1CCCC1,0.3378,0.2714,False,False
GTGDSXQRKKKXQC,O=C1OC(CO)C(O)CC1O,0.3983,0.2083,False,False
SWELIMKTDYHAOY,Nc1cc(=O)[nH]c(N)n1,0.4717,0.1961,False,False
MCCQBYWXEBKFOS,CCCCCCCCCCCCC=CCCCC=O,0.6138,0.3415,False,True
PFZHJLRINUFWNV,COC(=O)CCCCCCCCCCCCC1CCCC1,0.4032,0.2857,False,False
ASJSAQIRZKANQN,O=CC[C@H](O)[C@H](O)CO,0.3233,0.1538,False,False
FWWOMPFHMRPXIH,CC/C=C/CCCCCCCCCC(=O)O,0.6207,0.2826,False,False
YBKSMWBLSBAFBQ,CCCCCCCCCCCCCCCCCCCC(=O)OCC,0.5019,0.2791,False,False
FJKIXWOMBXYWOQ,C=COCC,0.329,0.2051,False,False
PMHBGORIEUVGTQ,CCS(=O)(=O)Cc1ccccc1O,0.6362,0.3091,False,True
ZMXDDKWLCZADIW,CN(C)C=O,0.3083,0.1351,False,False
RHDKKTYWDZUSCS,CCCCCCCCCCCC(C)CCCC(C)C,0.6851,0.2424,False,False
MBGYSHXGENGTBP,CCCCC(CC)COC(=O)CCCCC(=O)O,0.5837,0.2407,False,False
RACNRUFXUGWSBR,CC/C=C\C/C=C\C/C=C\CCCC/C=C\CCCC(=O)OC,0.6177,0.3231,False,True
QNXSRVCJDFTLOI,CCC1(C)NCCO1,0.603,0.1818,False,False
PQCYCHFQWMNQRJ,CCCCCCCCOC(=O)C(C)C,0.4388,0.3158,False,True
CBMDQVNFHVUOIB,CC[n+]1cccc2ccccc21,0.3983,0.2105,False,False
QEALYLRSRQDCRA,CCCCCCCCCCCCCC(N)=O,0.529,0.3,False,True
JYVXNLLUYHCIIH,CC1(O)CCOC(=O)C1,0.5062,0.26,False,False
WVVSZNPYNCNODU,C[C@@H](CO)NC(=O)C1C=C2c3cccc4[nH]cc(c34)C[C@H]2N(C)C1,0.5753,0.2262,False,False
SLCKJKWFULXZBD,OCC1OC(Oc2cc3c(OC4OC(CO)C(O)C(O)C4O)cc(O)cc3[o+]c2-c2ccc(O)cc2)C(O)C(O)C1O,0.5707,0.4,True,True
XCTGXGVGJYACEI,OC[C@H]1O[C@@H](Oc2cc3c(O[C@@H]4O[C@H](CO)[C@@H](O)[C@H](O)[C@H]4O)cc(O)cc3[o+]c2-c2cc(O)c(O)c(O)c2)[C@H](O)[C@@H](O)[C@@H]1O,0.5979,0.3418,False,True
DXDRHHKMWQZJHT,O=C(C=Cc1ccc(O)cc1)c1ccc(O)cc1O,0.3708,0.4423,True,True
UDWUZPSSUIWBKB,COc1c(O)cc2c(=O)oc3c(OC)c(O[C@@H]4OC[C@@H](O)[C@H](O)[C@H]4O)cc4c(=O)oc1c2c34,0.455,0.3333,False,True
ZELMDXUEWHBWPN,O=c1oc2c(O)c(O)ccc2c2c(O)c(O)c(O)cc12,0.4833,0.439,True,True
SJSOFNCYXJUNBT,COc1cc(C(=O)O)cc(OC)c1OC,0.3707,0.6429,True,True
UTOPWMOLSKOLTQ,CCCCCCCCCCCCCCCCCCCCCCCCCCCC(=O)O,0.5075,0.325,False,True
SYBYTAAJFKOIEJ,CC(=O)C(C)C,0.2943,0.2222,False,False
ALYNCZNDIQEVRV,Nc1ccc(C(=O)O)cc1,0.3737,0.4444,True,True
YLQBMQCUIZJEEH,c1ccoc1,0.3883,0.1143,False,False
FNMHEHXNBNCPCI,C[C@@H]1O[C@@H](O[C@@H]2[C@@H](O)[C@H](OCCc3ccc(O)c(O)c3)O[C@H](COC(=O)C=Cc3ccc(O)c(O)c3)[C@H]2O)[C@H](O)[C@H](O)[C@H]1O,0.475,0.4225,True,True
AWOGQCSIVCQXBT,COc1ccc(C2OCC3C(c4ccc5c(c4)OCO5)OCC23)cc1OC,0.3653,0.3607,False,True
HGXBRUKMWQGOIE,COc1cc([C@H]2OC[C@H]3[C@@H]2CO[C@@H]3c2ccc(O)c(OC)c2)ccc1O,0.1583,0.4545,True,True
LUSZGTFNYDARNI,Oc1ccc2c(c1)OCO2,0.24,0.4167,True,True
LRSASMSXMSNRBT,Cc1c[nH]c(=O)nc1N,0.3933,0.2115,False,False
RSWGJHLUYNHPMX,CC(C)C1=CC2=CCC3C(C)(C(=O)O)CCCC3(C)C2CC1,0.6727,0.2632,False,False
QYSXJUFSXHHAJI,C=C1CC[C@H](O)C/C1=C/C=C1\CCC[C@]2(C)[C@@H]([C@H](C)CCCC(C)C)CC[C@@H]12,0.718,0.2174,False,False
FDGQSTZJBFJUBT,O=c1[nH]cnc2[nH]cnc12,0.4467,0.1569,False,False
LCFUUGFUQQAYMY,CC[C@H](CC[C@@H](C)[C@H]1CC[C@H]2C3C(=O)C=C4C=CCC[C@]4(C)[C@H]3CC[C@]12C)C(C)C,0.7639,0.175,False,False
LRFVTYWOQMYALW,O=c1[nH]c(=O)c2[nH]cnc2[nH]1,0.5067,0.1897,False,False
DGZBGCMPRYFWFF,C=C1CCC2CC1C2(C)CCC=C(C)C,0.6754,0.24,False,False
SCWPFSIZUZUCCE,C=C1CC=C(C(C)C)CC1,0.4825,0.1667,False,False
AWJUIBRHMBBTKR,c1ccc2cnccc2c1,0.3205,0.2895,False,False
OUXAABAEPHHZPC,CC1(C)C2CCC3(CO3)C1C2,0.5867,0.16,False,False
FWFSEYBSWVRWGL,O=C1C=CCCC1,0.3609,0.1875,False,False
ABRWCGWMRMPLID,C=C1CC2(C)C(CCC3C2CCC2(C)C(C(C)CCCC(C)C)CCC32)CC1O,0.7736,0.2267,False,False
NXJCRELRQHZBQA,COc1cc(OC)c2ccc(=O)oc2c1,0.37,0.3636,False,True
OOKSPQLCQUBEKU,C/C(=C\COc1c2ccoc2cc2oc(=O)ccc12)CCC1OC1(C)C,0.6058,0.2778,False,False
OLOOJGVNMBJLLR,CC(C)=CCOc1c2occc2cc2ccc(=O)oc12,0.4333,0.3729,False,True
LSZONYLDFHGRDP,COc1ccc2ccc(=O)oc2c1C[C@@H]1OC1(C)C,0.4267,0.4483,True,True
MRIAQLRQZPPODS,COc1ccc(-c2cc(=O)c3c(OC)c(OC)c(OC)c(OC)c3o2)cc1OC,0.4783,0.4898,True,True
GJQIMXVRFNLMTB,CCCCCCCCCOC(C)=O,0.3945,0.4,True,True
QTAGQHZOLRFCBU,CC1(C)OC1COc1c2ccoc2cc2oc(=O)ccc12,0.5517,0.2432,False,False
CZCBTSFUTPZVKJ,CC(C)=CC1CC(C)CCO1,0.4033,0.1667,False,False
PJKDZBIZDKARAM,C=C1C[C@@H](O)[C@H](C(C)C)[C@H]2C(C(C)=O)CC[C@H]12,0.4325,0.2131,False,False
CMKQOKAXUWQAHG,CCC(=O)OC(C)(C)C1CC=C(C)CC1,0.4637,0.2239,False,False
CZVXBFUKBZRMKR,C=C(C)[C@H](CO)CC=C(C)C,0.38,0.1778,False,False
AWJFCAXSGQLCKK,C=CCCCCCCCCCCCCCCCCC=C,0.5303,0.15,False,False
MVUBTHCFXXRGIJ,CC(C)=C1C=CC(C=O)CC1,0.3983,0.1905,False,False
YNPDFBFVMJNGKZ,CC(=O)c1cc(C)ccc1O,0.4267,0.375,False,True
NSMIMJYEKVSYMT,C=CC(C)(O)CC/C=C(\C)CO,0.5219,0.2281,False,False
OAYXUHPQHDHDDZ,CCCCOCCOCCO,0.4717,0.3095,False,True
QKTFNIWYLYTNIS,CC/C=C\CCCCCCCCCC,0.6982,0.3684,False,True
GNKZMNRKLCTJAY,CC(=O)c1ccc(C)cc1,0.3017,0.3939,False,True
GJYKUZUTZNTBEC,CC1C=CC2(C(C)C)CC12,0.4938,0.1429,False,False
FTSINDMZMFBWFS,C=C1CCC2C(=C(C(C)C)CCC2C)C1,0.5686,0.1695,False,False
GAMYVSCDDLXAQW,COc1cc(-c2cc(=O)c3c(O)cc(OC4OC(CO)C(O)C(O)C4O)cc3o2)ccc1O,0.6583,0.375,False,True
DDTBPAQBQHZRDW,C1CCCCCCCCCCC1,0.3739,0.0968,False,False
PFRGXCVKLLPLIP,C=CCSSCC=C,0.4823,0.1163,False,False
DULCUDSUACXJJC,CCOC(=O)Cc1ccccc1,0.38,0.3913,False,True
QUQPHWDTPGMPEX,COc1ccc([C@@H]2CC(=O)c3c(O)cc(O[C@@H]4O[C@H](CO[C@@H]5O[C@@H](C)[C@H](O)[C@@H](O)[C@H]5O)[C@@H](O)[C@H](O)[C@H]4O)cc3O2)cc1O,0.5242,0.3571,False,True
JZIARAQCPRDGAC,C=CC(C)(CCC=C(C)C)OC(=O)C(C)C,0.4983,0.2203,False,False
PBMHTGOFWRRJFS,CC1(C)CCCC2(C)C(C=O)C3CCC2C31,0.5564,0.1905,False,False
DLIKSSGEMUFQOK,O=C1CC(c2ccc(O)cc2)Oc2cc(OC3OC(CO)C(O)C(O)C3O)cc(O)c21,0.5703,0.4667,True,True
ARGKVCXINMKCAZ,COc1ccc([C@@H]2CC(=O)c3c(O)cc(O[C@@H]4O[C@H](CO)[C@@H](O)[C@H](O)[C@H]4O[C@@H]4O[C@@H](C)[C@H](O)[C@@H](O)[C@H]4O)cc3O2)cc1O,0.4988,0.3721,False,True
QBJWYMFTMJFGOL,CCCCCCCCCCCCCCCCC1CO1,0.5684,0.2424,False,False
WTXBCFKGCNWPLS,C=C(C)C1CC=C(COC(C)=O)CC1,0.5283,0.2121,False,False
KLAQSPUVCDBEGF,Cc1cc(C)c(C)c(O)c1C,0.4733,0.2424,False,False
YRCWQPVGYLYSOX,CNCC(O)c1ccc(O)cc1,0.315,0.2857,False,False
ZJUDTXCEVUJEOX,CC1=C[C@H]2C[C@@H](C1)C2(C)C,0.595,0.1667,False,False
AHLPHDHHMVZTML,NCCCC(N)C(=O)O,0.5,0.2564,False,False
ZTYHGIAOVUPAAH,CC1=CCC(C(C)CO)CC1,0.4287,0.2115,False,False
GOQRXDTWKVYHJH,C=C1CCC(C(=C)C)CC1,0.5067,0.1818,False,False
YGMNGQDLUQECTO,C=C(C)C1CC(=O)C2(C)OC2C1,0.687,0.2545,False,False
QRTVDKVXAFJVRU,CCCCCCCCCCC/C=C\CCCCC(=O)OC,0.6623,0.3556,False,True
AIQLNKITFBJPFO,CC/C=C\CCOC(=O)CC(C)C,0.4842,0.2667,False,False
RLSSMJSEOOYNOY,Cc1cccc(O)c1,0.365,0.2927,False,False
YWHLKYXPLRWGSE,CSSSC,0.4633,0.1,False,False
VXTDUGOBAOLMED,CC=C1CN2C3CC1C(CO)C2Cc1c3[nH]c2ccccc12,0.56,0.2319,False,False
WUADCCWRTIWANL,COc1ccc(-c2coc3cc(O)cc(O)c3c2=O)cc1,0.6167,0.3478,False,True
YAPQBXQYLJRXSA,Cn1cnc2c1c(=O)[nH]c(=O)n2C,0.5583,0.1831,False,False
QCTMYNGDIBTNSK,C[C@@H]1CC[C@@]2(NC1)O[C@H]1C[C@H]3[C@@H]4CC=C5C[C@@H](O[C@@H]6O[C@H](CO)[C@H](O)[C@H](O[C@@H]7O[C@H](CO)[C@@H](O)[C@H](O)[C@H]7O)[C@H]6O[C@@H]6O[C@@H](C)[C@H](O)[C@@H](O)[C@H]6O)CC[C@]5(C)[C@H]4CC[C@]3(C)[C@H]1[C@@H]2C,0.6983,0.2699,False,False
VOBBUADSYROGAT,C=C1[C@@H]2CC[C@H]3[C@@H]2[C@@H](C(C)C)CC[C@@]13C,0.6072,0.2069,False,False
PUCQCSJZQDEHAI,CCCCCCC1CCCCC1[N+](=O)[O-],0.5704,0.2063,False,False
QGFSQVPRCWJZQK,C=CCCCCCCCCO,0.5684,0.1591,False,False
ZLIOPNROBPMBFI,CCCCCCCCC(CCCCCCCC)CCCCCCCC,0.5818,0.2857,False,False
KVWWIYGFBYDJQC,CCCCCC1C(=O)CCC1CC(=O)OC,0.4234,0.2453,False,False
RUNWDIHBXBYUGE,CC=CCCC=CCCC=CCCC=CCCC=CCCC=CC,0.4317,0.1395,False,False
FNNJDMUEVPSMJN,CC/C=C/C/C=C/C/C=C/CCCCCCCC(=O)OCC(CO[Si](C)(C)C)O[Si](C)(C)C,0.711,0.2469,False,False
IEPGNWMPIFDNSD,CCCCC/C=C\C/C=C\CCCCCCCC(=O)OC(CO)CO,0.6479,0.3091,False,True
TYMQXPHAFNHDNL,C[C@]12CC(=O)C3[C@@H](CC[C@H]4C[C@H](O[Si](C)(C)C)CC[C@]34C)[C@@H]1CC/C2=N\OCc1ccccc1,0.6878,0.1928,False,False
MKQWTWSXVILIKJ,O=CC(NC(=O)N(CCCl)N=O)[C@@H](O)[C@H](O)[C@H](O)CO,0.4776,0.1519,False,False
JEJLGIQLPYYGEE,CCCCCCCCCCCCCCCC(=O)OCC(CO)OC(=O)CCCCCCCCCCCCCCC,0.627,0.2308,False,False
XGFDHKJUZCCPKQ,CCCCCCCCCCCCCCCCCCCO,0.5582,0.3462,False,True
DCYOADKBABEMIQ,C[C@@H]1O[C@@H](Oc2c(-c3cc(O)c(O)c(O)c3)oc3cc(O)cc(O)c3c2=O)[C@H](O)[C@H](O)[C@H]1O,0.66,0.7544,True,True
SQVRNKJHWKZAKO,CC(=O)NC1C(O)CC(O)(C(=O)O)OC1C(O)C(O)CO,0.6619,0.1757,False,False
YIYQJOMDMPTKEL,CCCC/C=C/CCCCCCCCCCCC,0.6165,0.3514,False,True
UVLKUUBSZXVVDZ,CCCCCCCC/C=C/CCCCCCCCCC,0.6182,0.3611,False,True
KDQIFKKWPMBNOH,COC(=O)CCCCCCCCCCCCCCC(C)C,0.5529,0.2453,False,False
DUOCBVNCDAEWTB,CCC=CCC=CCC=CCCCCCC(=O)OC,0.655,0.3061,False,True
AXNVHPCVMSNXNP,C/C=C(/C)C(=O)O[C@H]1[C@H](OC(C)=O)[C@@]2(CO)C(CC1(C)C)C1=CCC3[C@@]4(C)CC[C@H](O[C@@H]5OC(C(=O)O)[C@@H](O[C@@H]6O[C@H](CO)[C@@H](O)[C@H](O)[C@H]6O)[C@H](O)[C@H]5O[C@@H]5O[C@H](CO)[C@@H](O)[C@H](O)[C@H]5O)[C@](C)(CO)C4CC[C@@]3(C)[C@]1(C)C[C@H]2O,0.7956,0.4194,True,True
WAAGDSRYOTWUKB,C=C1C(O)CCC2(C)C3CCC12CC3(C)C,0.6354,0.2667,False,False
GOQYKNQRPGWPLP,CCCCCCCCCCCCCCCCCO,0.5582,0.3462,False,True
DZIILFGADWDKMF,C#CCCCCCCCCCCCCCCCC(=O)O,0.5314,0.325,False,True
OXZSUQJHKQOGOK,CC(=O)Oc1cc(C(C)C)ccc1C,0.385,0.3269,False,True
OXHNLMTVIGZXSG,Cn1cccc1,0.3633,0.1562,False,False
AKTLQTMAOYZJGI,CC/C=C/CCCCCCCCCCCCCCCC,0.6982,0.3684,False,True
SQNZJJAZBFDUTD,Cc1cc(C)c(C)cc1C,0.455,0.2188,False,False
YVLHTQPPMZOCOW,COc1cc(C(C)C)ccc1C,0.4483,0.2927,False,False
JLQNHALFVCURHW,S1SSSSSSS1,0.4067,0.0526,False,False
PPDWQLSRZNCMRA,CC(=O)OCC(=O)C1(O)C(C)CC2C3CC=C4CC(=O)C=CC4(C)C3(F)C(O)CC21C,0.6593,0.2115,False,False
YQPPJEIGDVXTHE,CCCCC=CCC=CCCCCCCCC(=O)OC,0.612,0.34,False,True
VGEREEWJJVICBM,O=C(CCc1ccc(O)cc1)c1c(O)cc(O)cc1O,0.3987,0.3611,False,True
TUBKRNYLIIIOAU,C=C(C)c1cc(O)c(C)cc1O,0.385,0.2128,False,False
YLOBZQJVNNUEPZ,C/C1=C\CC/C(C)=C/CC(C)(CO)/C=C/C1,0.6317,0.2,False,False
XNGKCOFXDHYSGR,CC(C)=CCCc1ccoc1,0.505,0.3061,False,True
QQWUXXGYAQMTAT,C=C1C2CCC3(C)C(C2)C(C)CCC13C,0.6752,0.2131,False,False
YRRAGUMVDQQZIY,O=c1c(O)c(-c2ccc(O)c(O)c2)oc2c(O)c(O)cc(O)c12,0.4133,0.3261,False,True
RTWBFGUVCAVDFO,CCCCCCCCCC(C)CI,0.689,0.2424,False,False
WECGLUPZRHILCT,CCCCCC=CCC=CCCCCCCCC(=O)OCC(O)CO,0.6231,0.2941,False,False
YBYIRNPNPLQARY,C1=Cc2ccccc2C1,0.3217,0.2703,False,False
YTEZFSISGHYOLJ,CN1C(=O)N([Si](C)(C)C)C(C2=CC(O[Si](C)(C)C)C(O[Si](C)(C)C)C=C2)(c2ccccc2)C1=O,0.6367,0.1972,False,False
WTJKUFMLQFLJOT,CCCCCCCCC(=O)CCCCCCCC,0.5189,0.3103,False,True
IGOWHGRNPLFNDJ,CCCCCCCCC=CCCCCCCCCCCCCC,0.6182,0.3611,False,True
SWGKAHCIOQPKFW,O=C(C=Cc1ccc(O)c(O)c1)OC(C(=O)O)C(O)C(=O)O,0.3867,0.5208,True,True
RSZZMVPSHLKFQY,O=C(CO)c1ccco1,0.4288,0.2979,False,False
ZFXYFBGIUFBOJW,Cn1c(=O)c2[nH]cnc2n(C)c1=O,0.4717,0.2045,False,False
VPUAYOJTHRDUTK,CCn1cccc1,0.397,0.1778,False,False
VUQPJRPDRDVQMN,CCCCCCCCCCCCCCCCCCCl,0.6281,0.2963,False,False
CIGFWENQAXVDOM,CCCC(C)CCCC(C)CCCC(C)CCCC(C)C,0.6292,0.1765,False,False
ZZEQNXPBKOFTBG,CCC(C)CCCCC(C)CCCC(C)CCCC(C)C,0.6125,0.1731,False,False
ZPVOLGVTNLDBFI,CC1CCCC(C)(C)C1=O,0.6039,0.2157,False,False
WZGQIDWFBFDMLE,CCCCCCCCCCCCC(C)Br,0.6143,0.2581,False,False
QKPITXQYXIOHTB,CCC(C)CCC(CO)C(C)C,0.51,0.1667,False,False
MLKZKPUBHSWMNA,CCCCCCCCCCCCCCCCCCC(C)C,0.6251,0.2759,False,False
IANQTJSKSUMEQM,c1ccc2occc2c1,0.4133,0.2308,False,False
ATEVSBMADMDGKS,C=Cc1c2[nH]c(c1C)C=C1N=C(C3=C(C(=O)OC)C(=O)c4c3[nH]c(c4C)C=c3[nH]c(c(C)c3CC)=C2)C(CCC(=O)OCC=C(C)CCCC(C)CCCC(C)CCCC(C)C)C1C,0.7267,0.175,False,False
FNUQJWPIADDMRS,CCCCCCC(C)CC(C)CCC,0.6738,0.2812,False,False
VHBFFQKBGNRLFZ,O=c1cc(-c2ccccc2)oc2ccccc12,0.3117,0.4651,True,True
MPDGHEJMBKOTSU,CC1(C(=O)O)CCC2(C)CCC3(C)C(=CC(=O)C4C5(C)CCC(O)C(C)(C)C5CCC43C)C2C1,0.7454,0.3636,False,True
PWATWSYOIIXYMA,CCCCCc1ccccc1,0.375,0.5769,True,True
KLSLBUSXWBJMEC,CCCc1ccc(O)cc1,0.3367,0.6667,True,True
JUVIOZPCNVVQFO,C=C(C)[C@H]1Cc2c(ccc3c2O[C@@H]2COc4cc(OC)c(OC)cc4C2C3=O)O1,0.6053,0.2273,False,False
PYNOHHMFQYUSDD,OCCSc1nc2ccccc2s1,0.5867,0.434,True,True
HLPIHRDZBHXTFJ,CCc1ccco1,0.5233,0.3256,False,True
VJYWBLDDQZIGJI,CCCCCC(C)OC(C)=O,0.6007,0.3023,False,True
FCWYQRVIQDNGBI,CC1OCCC1=O,0.3067,0.1837,False,False
YRXUQYBLFBZHNE,CC=CCC(C)=O,0.38,0.1818,False,False
SHOJXDKTYKFBRD,CC(=O)C=C(C)C,0.2967,0.1818,False,False
HPXRVTGHNJAIIH,OC1CCCCC1,0.3256,0.1591,False,False
BFAGLVWBOUDHBS,CCCCCCCCCCC(C)CCCCCCCCC,0.6601,0.2759,False,False
LYRFLYHAGKPMFH,CCCCCCCCCCCCCCCCCC(N)=O,0.529,0.3,False,True
WFNDDSQUKATKNX,CCCC(=O)OCCc1ccccc1,0.2033,0.413,True,True
KIYUVQCUDDMZRE,CCCC(CCC)COC(=O)c1ccccc1C(=O)OCC(CCC)CCC,0.515,0.3137,False,True
BNXIGQHDTCPKMN,CCCCCCC1CC1C1CC1CCCCCCCC(=O)OC,0.5614,0.25,False,False
YONHOSLUBQJXPR,C=C(C)C1CC=C2CCCC(C)C2(C)C1,0.6123,0.2462,False,False
QYPPJABKJHAVHS,N=C(N)NCCCCN,0.5193,0.2453,False,False
SEOVTRFCIGRIMH,O=C(O)Cc1c[nH]c2ccccc12,0.4883,0.4681,True,True
LEHOTFFKMJEONL,O=c1[nH]c(=O)c2[nH]c(=O)[nH]c2[nH]1,0.41,0.1698,False,False
ISYWECDDZWTKFF,CCCCCCCCCCCCCCCCCCC(=O)O,0.5075,0.325,False,True
FYIJLTSMNXUNLT,O=C(O[C@@H]1O[C@@H]2COC(=O)c3cc(O)c(O)c(O)c3-c3c(cc(O)c(O)c3O)C(=O)O[C@H]2[C@H](O)[C@H]1O)c1cc(O)c(O)c(O)c1,0.7167,0.5238,True,True
MBIPADCEHSKJDQ,CC1CCC=C2CCC3C(C3(C)C)C21C,0.6139,0.2203,False,False
KJCVRFUGPWSIIH,Oc1cccc2ccccc12,0.35,0.2895,False,False
JYVLIDXNZAXMDK,CCCC(C)O,0.5217,0.2121,False,False
AQIXEPGDORPWBJ,CCC(O)CC,0.3111,0.1765,False,False
MNWFXJYAOYHMED,CCCCCCC(=O)O,0.5075,0.325,False,True
WCEIQUQVIOGRBF,CC1(C)CCCC2(C)C3CC4C(C31)C42C,0.63,0.1667,False,False
PRNJXUQTUSFYLV,C=CC(C)(CCC=C(C)CCC=C(C)C)OC(C)=O,0.5433,0.3208,False,True
VYOZKWKETGHHDW,C=C(C)C1CCC(C)(O)C2CCC(C)C2C1,0.59,0.2031,False,False
SRHDLIDOZXPROB,CC1CCCC2(C)CCC(C(C)(C)O)C=C12,0.4883,0.2,False,False
ZQGDEJAPCUGBRH,C=CC(C=C(C)C)C(=C)C,0.3964,0.1818,False,False
HRQKOYFGHJYEFS,CC(C)=CCC/C(C)=C/C=C/C(C)=C/C=C/C(C)=C/C=C/C=C(C)/C=C/C=C(C)/C=C/C1=C(C)CCCC1(C)C,0.7083,0.2462,False,False
HMKKIXGYKWDQSV,CCCCCC(C=O)=Cc1ccccc1,0.6219,0.3617,False,True
VONGZNXBKCOUHB,CCCC(=O)OCc1ccccc1,0.2454,0.4634,True,True
GLYJVQDYLFAUFC,CCCCCCCCCCCCCCCC(=O)OCCCC,0.4948,0.3051,False,True
FPRYGNYXOFHMLF,CC1=C2CCC(C)(O)C2C2C(CC1)C2(C)C,0.5153,0.1837,False,False
FPMPOFBEYSSYDQ,CC(C)CNC(=O)C=CC=CCCCCCC/C=C/c1ccc2c(c1)OCO2,0.5688,0.3472,False,True
SATCULPHIDQDRE,O=Cc1ccc2c(c1)OCO2,0.2435,0.3947,False,True
FPLNRAYTBIFSFW,CCCCCCCCCCCCCCCCCCCCCCCO,0.5582,0.3462,False,True
ABDKAPXRBAPSQN,COc1ccccc1OC,0.1533,0.4,True,True
IEDKVDCIEARIIU,CCCCCCCCCCCCCCCCCC(C)=O,0.5204,0.3077,False,True
XEVQXKKKAVVSMW,CC1(C)CC(O)CC2(C)OC(=O)C=C12,0.6837,0.2453,False,False
BBFYUPYFXSSMNV,O=c1c(O)c(-c2ccc(O)c(O)c2)oc2cc(OC3OC(CO)C(O)C(O)C3O)cc(O)c12,0.6387,0.4444,True,True
QNVRIHYSUZMSGM,CCCCC(C)O,0.4867,0.2414,False,False
GOENJWUGVSLZDQ,C/C=C(/C)C(=O)OC1CCN2CC=C(COC(=O)/C(=C/C)CO)C12,0.5958,0.1948,False,False
CQUAYTJDLQBXCQ,CC1(C)C2=CCCC(C)(C)C23CCC1C3,0.555,0.1833,False,False
MTBNHGFRLZSOTC,C=C(C)C12CCCC3(C)C1CCC3(C)C2,0.6367,0.1892,False,False
ZIIAJIWLQUVGHB,COc1cc2oc(-c3ccc(O)cc3)cc(=O)c2c(O)c1OC,0.3517,0.6364,True,True
ZDXPYRJPNDTMRX,NC(=O)CCC(N)C(=O)O,0.5304,0.2564,False,False
GPQLHGCIAUEJQK,COc1ccc(-c2cc(=O)c3c(O)c(OC)c(O)cc3o2)cc1,0.4367,0.52,True,True
XUJNEKJLAYXESH,NC(CS)C(=O)O,0.3633,0.2778,False,False
JMLYDLZRFNYHHO,COC(=O)CCCCCCCC=O,0.563,0.25,False,False
NKMPAKAWSKYIQV,CC1=C2C3C(C(=O)C1)C2(C)CCCC3(C)C,0.4964,0.2097,False,False
IVHQIMJNEKWLSS,COC(=O)CCCCCCCCCCCCCCCCC(C)C,0.5529,0.2453,False,False
IKIIZLYTISPENI,O=C(O)C1OC(Oc2cc3oc(-c4ccccc4)cc(=O)c3c(O)c2O)C(O)C(O)C1O,0.4837,0.4638,True,True
HKEAFJYKMMKDOR,O=c1c(-c2ccc(O)cc2)coc2c([C@@H]3O[C@H](CO)[C@@H](O)[C@H](O)[C@H]3O)c(O)ccc12,0.605,0.2667,False,False
DUBCCGAQYVUYEU,O=C(O)C1OC(Oc2c(-c3ccc(O)c(O)c3)oc3cc(O)cc(O)c3c2=O)C(O)C(O)C1O,0.6787,0.8246,True,True
JKKGTSUICJWEKB,CC/C=C\CCOC(=O)C(C)CC,0.5542,0.2075,False,False
CVZOZPYAZUVIDT,C[C@H]1C[C@H]2[C@@H]3CC=C4CC(=O)C=C[C@]4(C)[C@@]3(Cl)[C@@H](O)C[C@]2(C)[C@@]1(O)C(=O)CO,0.697,0.2024,False,False
KLTVSWGXIAYTHO,C=CC(=O)CCCCC,0.512,0.2708,False,False
KWVISVAMQJWJSZ,C[C@@H]1CC[C@@]2(NC1)O[C@H]1C[C@H]3[C@@H]4CC=C5C[C@@H](O)CC[C@]5(C)[C@H]4CC[C@]3(C)[C@H]1[C@@H]2C,0.7317,0.1852,False,False
OQICPBQOOGGDLS,CCC/C=C\CCCCCCCCCC=O,0.5538,0.2558,False,False
IFYYFLINQYPWGJ,CCCCCCC1CCC(=O)O1,0.5101,0.225,False,False
ICWHTQRTTHCUHW,CC1=CCCC(C)C12CCC(C(C)(C)O)C2,0.4817,0.2951,False,False
OGCGGWYLHSJRFY,CC1=CC[C@H](CC=O)C1(C)C,0.5753,0.2273,False,False
USIUVYZYUHIAEV,c1ccc(Oc2ccccc2)cc1,0.1733,0.3438,False,True
LYRIITRHDCNUHV,CCCC(O)CC(=O)OCC,0.4867,0.2745,False,False
XVSZRAWFCDHCBP,CCCCCC(=O)OCCC(C)C,0.5171,0.2344,False,False
JNDDPBOKWCBQSM,CCCCCCCCCCCCC(=O)OC,0.5186,0.2889,False,False
ZRINCZUYERVHLK,C=C(C)C(C)CC1=C(C)CCCC1(C)CC,0.6917,0.1642,False,False
GFFGJBXGBJISGV,Nc1ncnc2[nH]cnc12,0.4333,0.1667,False,False
ODHCTXKNWHHXJC,O=C1CCC(C(=O)O)N1,0.3789,0.2128,False,False
NJWGQARXZDRHCD,Cc1ccc2c(c1)C(=O)c1ccccc1C2=O,0.2883,0.2941,False,False
ATHGHQPFGPMSJY,NCCCCNCCCN,0.571,0.1961,False,False
DRLFMBDRBRZALE,COc1ccc2[nH]cc(CCNC(C)=O)c2c1,0.3037,0.6364,True,True
OPLQDSJPOHPOSZ,CCCCC=CCCCCCCCCCCCC(=O)OC,0.617,0.3333,False,True
KOWMJRJXZMEZLD,COc1cc(C2OCC3C(c4cc(OC)c(O)c(OC)c4)OCC23)cc(OC)c1O,0.2182,0.3514,False,True
RHDHXBLZBVAPTL,CCCCCCCCC(CCC)c1ccccc1,0.6082,0.3243,False,True
BDAGIHXWWSANSR,O=CO,0.2784,0.1333,False,False
HOVAGTYPODGVJG,CO[C@H]1O[C@H](CO)[C@@H](O)[C@H](O)[C@H]1O,0.5104,0.2857,False,False
DLFVBJFMPXGRIB,CC(N)=O,0.265,0.2,False,False
ROOBHHSRWJOKSH,CCCCCCCCCCCCCCCCCCCCCCCCCCCCCCCO,0.5582,0.3462,False,True
UWEJZLPARNBCBM,C=CC1(C)CCCC(=C)CC1C=C(C)C,0.545,0.2154,False,False
YMWUJEATGCHHMB,ClCCl,0.4533,0.0909,False,False
MQWIFDHBNGIVPO,CC1CCC=C2CCC(C(C)(C)O)CC21C,0.537,0.254,False,False
OLKBYNHEDMHHQA,C/C1=C/C(O)CC(C)/C=C/C(C)(C)CCC1,0.6904,0.2154,False,False
JDSHMPZPIAZGSV,Nc1nc(N)nc(N)n1,0.4436,0.2,False,False
MLUCVPSAIODCQM,C/C=C/C=O,0.4217,0.1163,False,False
OCBGWPJNUZMLCA,COc1cc([C@H]2Oc3c(OC)cc4ccc(=O)oc4c3O[C@@H]2CO)ccc1O,0.485,0.3065,False,True
USNPULRDBDVJAO,C[C@@H]1O[C@@H](OC[C@H]2O[C@@H](Oc3cc4c(O)cc(O)cc4[o+]c3-c3ccc(O)c(O)c3)[C@H](O)[C@@H](O)[C@@H]2O)[C@H](O)[C@H](O)[C@H]1O,0.5592,0.3049,False,True
HTDJPCNNEPUOOQ,C[Si]1(C)O[Si](C)(C)O[Si](C)(C)O1,0.3833,0.0938,False,False
HUEBIMLTDXKIPR,CCCCCCCCCCCCCCCCC(=O)OC,0.5186,0.2889,False,False
XNCNNDVCAUWAIT,CCCCCCC(=O)OC,0.5186,0.2889,False,False
DZAUWHJDUNRCTF,O=C(O)CCc1ccc(O)c(O)c1,0.3783,0.3913,False,True
RMAHPRNLQIRHIJ,COC(=N)N,0.4633,0.2353,False,False
SERHXTVXHNVDKA,CC1(C)COC(=O)C1O,0.462,0.22,False,False
ABVCUBUIXWJYSE,OCC1OC(Oc2cc3c(O)cc(O)cc3[o+]c2-c2ccc(O)cc2)C(O)C(O)C1O,0.5307,0.3947,False,True
XFDQJKDGGOEYPI,COc1cc(-c2[o+]c3cc(O)cc(O)c3cc2O)ccc1O,0.4942,0.3878,False,True
NBIIXXVUZAFLBC,O=P(O)(O)O,0.42,0.12,False,False
YVLPJIGOMTXXLP,CC(C)=CCC/C(C)=C/CC/C(C)=C/CC/C(C)=C/C=C/C=C(\C)CC/C=C(\C)CC/C=C(\C)CCC=C(C)C,0.6138,0.3902,False,True
PBGYWCDUYHJYFV,CC(C)C1=CC2C(C)(O)CCCC2(C)CC1,0.529,0.1857,False,False
ADOBXTDBFNCOBN,C=CCCCCCCCCCCCCCCC,0.6151,0.275,False,False
YFHFHLSMISYUAQ,CCC(C)CCCC(C)CCCC(C)C,0.6108,0.1765,False,False
BYWLLSQTJBXAPV,COc1cc2oc(-c3ccc(O)c(O)c3)c(OC)c(=O)c2c(O)c1OC,0.5433,0.5102,True,True
PJQLSMYMOKWUJG,COc1ccc(-c2oc3cc(OC)c(OC)c(O)c3c(=O)c2OC)cc1O,0.5567,0.5102,True,True
YHMJZIJXVNRXIN,C[Si](C)(C)c1ccccc1[Si](C)(C)C,0.333,0.2759,False,False
LQGUBLBATBMXHT,Cc1cc(O)c2c(c1)C(=O)c1cccc(O)c1C2=O,0.4833,0.2708,False,False
NNJPGOLRFBJNIW,CN[C@H]1CCc2cc(OC)c(OC)c(OC)c2-c2ccc(OC)c(=O)cc21,0.5525,0.3,False,True
ISXOGOLHEGHGQF,C[Si]1(C)O[Si](C)(C)O[Si](C)(C)O[Si](C)(C)O[Si](C)(C)O[Si](C)(C)O[Si](C)(C)O[Si](C)(C)O[Si](C)(C)O1,0.3833,0.0938,False,False
VCSJECZJBQVELG,CC(C)(C)[Si]1(C(C)(C)C)[Se][Si](C(C)(C)C)(C(C)(C)C)[Si]1(C(C)(C)C)C(C)(C)C,0.4417,0.0811,False,False
ONLMUMPTRGEPCH,CCCCCCCCCCCCCCCCCCCCCCCCCCCCCCC(=O)O,0.5075,0.325,False,True
UNXHWFMMPAWVPI,OCC(O)C(O)CO,0.335,0.125,False,False
ZENZJGDPWWLORF,CCCCCCCCC=CCCCCCCCC=O,0.6032,0.3171,False,True
RZRNAYUHWVFMIP,CCCCCCCC/C=C\CCCCCCCC(=O)OCC(O)CO,0.6364,0.2778,False,False
IECBDTGWSQNQID,CC1=CCC2C(=O)C1C2(C)C,0.6086,0.1961,False,False
HICAMHOOTMOHPA,C=CC1(C)Cc2occ(C)c2CC1C(=C)C,0.6233,0.1692,False,False
QJVXKWHHAMZTBY,COc1cc(/C=C/CO)cc(OC)c1O[C@@H]1O[C@H](CO)[C@@H](O)[C@H](O)[C@H]1O,0.6454,0.3699,False,True
FWXKCXJPHSAYMK,CCCCCCCCCCCCC(C)CC,0.6534,0.2581,False,False
HVLGGQYBXOJMLO,C=C1CCC2SC1C1C(C(C)C)CCC21C,0.6005,0.1935,False,False
TZVDWGXUGGUMCE,C[C@H]1[C@H](C)CC[C@]2(C)CC[C@]3(C)C4=CC[C@H]5C(C)(C)[C@@H](O)CC[C@]5(C)[C@H]4CC[C@@]3(C)[C@H]12,0.7821,0.3649,False,True
KXOOHHMDCDXCBV,CCCCCCCCCC=CCCCCCCC(=O)OC,0.6623,0.3556,False,True
HKNNSWCACQFVIK,CCCCCCCCCCCCCCCC(=O)O[Si](C)(C)C,0.5413,0.2667,False,False
BITHHVVYSMSWAG,CCCCCCCCC=CCCCCCCCCCC(=O)O,0.6269,0.3182,False,True
SDIVYZXRQHWCKF,O=c1c2ccccc2nc2n1CC[C@@H]2O,0.6333,0.4286,True,True
KURWKDDWCJELSV,Cn1c2c3ccccc3nc-2cc2ccccc21,0.635,0.2766,False,False
IGCRLEDEQRIISS,O=C1CCN2Cc3ccccc3NC12,0.2831,0.2258,False,False
UFWDRRVOOAWQCM,O=C1CCN2Cc3cc(O)ccc3NC12,0.2939,0.2338,False,False
SFVVQRJOGUKCEG,CC(C)C(O)(C(=O)OCC1=CCN2CCC(O)C12)C(C)O,0.4556,0.2152,False,False
QOPYYRPCXHTOQZ,CCCCCCCC=CCO,0.6499,0.35,False,True
RYEFFICCPKWYML,CC(C)(O)[C@H]1C2C(=O)O[C@H]1[C@H]1OC(=O)[C@@]34O[C@@H]3C[C@]2(O)[C@@]14C,0.71,0.2143,False,False
HJJPJSXJAXAIPN,COC(=O)C1=CCCN(C)C1,0.585,0.2364,False,False
FQGBGNHGEUOZIW,COc1cc(O)c2c(c1)O[C@H](c1ccc(O)cc1O)CC2=O,0.3973,0.3623,False,True
YWUVFGZTDLJVCR,CC(C)=CCc1c(O)cc2oc(-c3ccc(O)cc3O)cc(=O)c2c1O,0.4117,0.4754,True,True
PDAPABBBKRHCMD,C/C=C/C=C/C(OCC)OCC,0.3452,0.2222,False,False
BDCFWIDZNLCTMF,CC(C)(O)c1ccccc1,0.3917,0.2609,False,False
IOBHVJHSBREPFR,CC/C=C\CC(OCC)OCC,0.4092,0.2564,False,False
QQVFHQRLBXCRMC,Nc1c(S(=O)(=O)O)cc(S(=O)(=O)Nc2ccccc2)c2c1C(=O)c1ccccc1C2=O,0.4353,0.2593,False,False
SXJVFYZNUGGHRG,CCC(CCC(C)C1CCC2C3C(O)C=C4CC(O)CCC4(C)C3CCC12C)C(C)C,0.7333,0.1875,False,False
FXCIQPDJVYFUQG,CC(=CCCC(C)c1ccc(C)cc1)CO,0.5183,0.2712,False,False
FOEWNRTZASNZJY,CCCCCCC=CCCCCOC(C)=O,0.529,0.3617,False,True
BYEVBITUADOIGY,CCCCCCCCC(=O)OCC,0.5019,0.2791,False,False
FUDUFCLRGSEHAJ,CC=CSSC,0.4433,0.1111,False,False
SLSIBLKBHNKZTB,COc1ccc2c(OC)c3ccoc3nc2c1OC,0.6233,0.2714,False,False
IFIQVSCCFRXSJV,CC1(C)CCC2(C(=O)O)CCC3(C)C(=CCC4C5(C)CC(O)C(O)C(C)(CO)C5CCC43C)C2C1O,0.7917,0.4459,True,True
BCTBAGTXFYWYMW,C=CC1(C)CCC(O)C(C)(C)O1,0.5021,0.2045,False,False
NRBFEAZFHRHFFQ,CC(C)=CC(O)CC(C)c1ccc(C)cc1,0.4419,0.2708,False,False
KTLUHRSHFRODPS,O=C(O[C@@H]1[C@@H](c2c(O)cc(O)c3c2O[C@H](c2ccc(O)c(O)c2)[C@H](OC(=O)c2cc(O)c(O)c(O)c2)C3)c2c(O)cc(O)cc2O[C@@H]1c1ccc(O)c(O)c1)c1cc(O)c(O)c(O)c1,0.79,0.873,True,True
DPEZTQNZBJBTSI,CC(=O)c1ccc2ccccc2c1OC(=O)c1ccccc1,0.5779,0.2727,False,False
DNJFTXKSFAMXQF,CN1CCC=C(C(=O)O)C1,0.5367,0.2308,False,False
VWDLOXMZIGUBKM,CC[C@H](/C=C/[C@@H](C)[C@H]1CC[C@H]2[C@@H]3CC=C4C[C@@H](O[C@@H]5O[C@H](CO)[C@@H](O)[C@H](O)[C@H]5O)CC[C@]4(C)[C@H]3CC[C@]12C)C(C)C,0.6517,0.2138,False,False
LIIFBMGUDSHTOU,CC1(C)CCC2(C)CCC3(C)C(=CCC4C5(C)CCC(=O)C(C)(C)C5CCC43C)C2C1,0.7713,0.4848,True,True
JGINTSAQGRHGMG,CC1=CCC2CC1C2(C)CC/C=C(/C)CO,0.705,0.2537,False,False
WXUOSNJWDJOHGW,COc1cc(OC/C=C(\C)CCC=C(C)C)c2ccc(=O)oc2c1,0.4621,0.3538,False,True
TWCNAXRPQBLSNO,C=C(C)C1C=CC(C)CC1,0.4261,0.1509,False,False
UYCWETIUOAGWIL,COc1ccc(-c2cc(=O)c3c(OC)cc(OC)c(OC)c3o2)cc1OC,0.4917,0.48,True,True
CKVNYTRYOFXVGM,CC=CSSSCCC,0.4376,0.1628,False,False
NAYBZOUJGHGOLI,CC(=CCCCCc1ccc(C)cc1)CO,0.61,0.3421,False,True
DFEKLJOGUPRZDV,CC(=O)CC(c1ccc(Cl)cc1)c1c(OC(=O)OC2CC(C)CCC2C(C)C)c2ccccc2oc1=O,0.6461,0.2529,False,False
VXIXUWQIVKSKSA,O=c1cc(O)c2ccccc2o1,0.2767,0.4722,True,True
UBDIXSAEHLOROW,CCCCCCC=CCCCCCC,0.6182,0.3611,False,True
VHBFBNCERXCECQ,Cc1ccc(Cl)cc1S(=O)(=O)Cl,0.775,0.2955,False,False
XXROGKLTLUQVRX,C=CCO,0.364,0.15,False,False
BEKZXQKGTDVSKX,CCCCCCCCCCCCCCCC(=O)OCCC,0.4808,0.2941,False,False
RATQVALKDAUZBW,O=C(OC[C@H]1O[C@@H](OC(=O)c2cc(O)c(O)c(O)c2)[C@H](OC(=O)c2cc(O)c(O)c(O)c2)[C@@H](OC(=O)c2cc(O)c(O)c(O)c2)[C@@H]1O)c1cc(O)c(O)c(O)c1,0.6083,0.2933,False,False
CJHYKSSBQRABTM,CC1(C)CCC2(C(=O)OC3OC(CO)C(O)C(O)C3O)CCC3(C)C(=CCC4C5(C)CC(O)C(O)C(C)(CO)C5CCC43C)C2C1,0.8506,0.4884,True,True
PKXRNOWQMDUXFI,C=CC1CN2CCc3c([nH]c4ccc(OC)cc34)C2CC1CCOC(C)=O,0.55,0.2791,False,False
LDUCAYFXHYLHLP,C[Si](C)(C)OCC(=O)C(O[Si](C)(C)C)C(O[Si](C)(C)C)C(CO[Si](C)(C)C)O[Si](C)(C)C,0.4733,0.1667,False,False
GMBQZIIUCVWOCD,CC1CCC2(OC1)OC1CC3C4CCC5CC(O)CCC5(C)C4CCC3(C)C1C2C,0.7278,0.1558,False,False
KZPHKFAQEJZHNO,CCCCCC/C=C/C/C=C/CCCCCCCCC(=O)OC,0.6523,0.3617,False,True
SBSXXCCMIWEPEE,CC(C)C(C)C(O)C(O)C(C)C1CCC2C3CC(=O)C4CC(O)CCC4(C)C3CCC12C,0.6483,0.2048,False,False
PWVUXRBUUYZMKM,CCCCCCCCCCCCCCCCCC(=O)OCCOCCO,0.617,0.2727,False,False
JDFWAYHAYKODRR,CCCCCC(CC)OC(=O)c1ccccc1C(=O)OC(CC)CCCCC,0.61,0.3725,False,True
UUGLJVMIFJNVFH,CCCCCCOC(=O)c1ccccc1,0.4963,0.4054,True,True
FTIUMRBREVALKG,CCCCC=CC=CCC(=O)NCC(C)C,0.607,0.2545,False,False
WFHKESPONQXPGD,C=C1CC[C@H](C(C)C)[C@H]2C=C(C)C[C@@H](O)[C@H]12,0.5006,0.1905,False,False
LQEIDFGJVUFQAZ,CCCCCCCC=CCCc1c(O)c(O)cc(O)c1O,0.6647,0.4222,True,True
VSFHYKIILWBKOH,CCCC=C=CC(C)(C)C=O,0.5026,0.1639,False,False
YYWZKGZIIKPPJZ,CC1(O)CCC2CC1C2(C)C,0.5333,0.1951,False,False
IPBFYZQJXZJBFQ,CCCCC1CCC(=O)O1,0.4367,0.2105,False,False
OMSUIQOIVADKIM,CCOC(=O)CC(C)O,0.2883,0.2917,False,False
VHOMAPWVLKRQAZ,CCC(=O)OCc1ccccc1,0.2633,0.4872,True,True
MCVVUJPXSBQTRZ,CC=CC(=O)OC,0.265,0.2143,False,False
MTYDACZSYUGMLT,Nc1nc(C=CC(=O)O)c[nH]1,0.3785,0.2449,False,False
SKBIQKQBLQHOSU,CCCCCCCC/C=C/CO,0.6499,0.35,False,True
BMRSEYFENKXDIS,O=C(C=Cc1ccc(O)cc1)OC1CC(O)(C(=O)O)CC(O)C1O,0.3911,0.3051,False,True
FHQCFGPKNSSISL,CCCCCCCCCCCCCCI,0.644,0.2963,False,False
PXUQTDZNOHRWLI,COc1cc(-c2[o+]c3cc(O)cc(O)c3cc2O[C@@H]2O[C@H](CO)[C@@H](O)[C@H](O)[C@H]2O)cc(OC)c1O,0.5703,0.3293,False,True
CGBYBGVMDAPUIH,CC(C(=O)O)=C(C)C(=O)O,0.5033,0.1786,False,False
ASCBRLGHWVZBMG,COc1cc2oc(-c3ccc(OC4OC(CO)C(O)C(O)C4O)cc3)c(OC)c(=O)c2c(O)c1OC,0.6353,0.3846,False,True
KRSPMDOGSDBDBB,CCC=Cc1oc(O)c2c1CCC=C2,0.4506,0.1818,False,False
BVTAIXWVSMPSFL,Cc1ccoc1CC1OC1(C)C,0.5917,0.1915,False,False
HJTVQHVGMGKONQ,COc1cc(C=CC(=O)CC(=O)C=Cc2ccc(O)cc2)ccc1O,0.005,1.0,True,True
LGSKOQUJWNADCQ,CC1(C)C2=CC(=O)CC(C)(C)C23CCC1C3,0.6075,0.2034,False,False
KTRRXJQAOOYSDA,O=C(CCc1ccc(O)cc1)CC(=O)CCc1ccc(O)cc1,0.3583,0.4194,True,True
AJSPSRWWZBBIOR,COc1cc2occc2c2oc(=O)ccc12,0.3767,0.3235,False,True
DGMKFQYCZXERLX,CCCN(CCC)C(=O)C(CCC(=O)O)NC(=O)c1ccccc1,0.5467,0.3191,False,True
DYPLDWLIOGXSSE,COC(=O)C1=CCCNC1,0.4103,0.2414,False,False
KWKVAGQCDSHWFK,CC=CC=CC(=O)OC,0.3633,0.2,False,False
QFJIQUOMKJNYLI,O=C(O)c1cc(O)c2c(O)c3c(O[C@@H]4O[C@H](CO)[C@@H](O)[C@H](O)[C@H]4O)cccc3c(-c3c4cc(C(=O)O)cc(O)c4c(O)c4c(O[C@@H]5O[C@H](CO)[C@@H](O)[C@H](O)[C@H]5O)cccc34)c2c1,0.5955,0.3095,False,True
AXHHVVBUOKYKJO,C=CCc1ccc(OC(C)=O)cc1,0.3121,0.4,True,True
BYLJEQIUXOYKOB,C=CC(C)(C)/C=C/C(=C)C,0.4752,0.1228,False,False
PZKFYTOLVRCMOA,C=CC(O)CCCC,0.495,0.2286,False,False
NFAVNWJJYQAGNB,CCCCCCCCCC(C)C=O,0.5937,0.2353,False,False
PDDMWQFBZZFOQR,CC1=CC2C(=CC1O)C(C)CCC2C(C)C,0.3803,0.1818,False,False
DIYWRNLYKJKHAM,O[C@H]1OC[C@H](Cc2ccc3c(c2)OCO3)[C@H]1Cc1ccc2c(c1)OCO2,0.3581,0.2941,False,False
YDPXEIXLONTGCJ,CCC(C)/C=C/C=C(C)C,0.4154,0.1628,False,False
FIAKMTRUEKZMNO,CC1=CC2=C(C(C)C)CCC(C)C2CC1,0.5476,0.2075,False,False
NQRYJNQNLNOLGT,C1CCNCC1,0.5314,0.125,False,False
PXIMKGPYTINFRY,CC1=C2CC2(C(C)C)C(=O)C1,0.427,0.1778,False,False
KNWVMRVOBAFFMH,COc1cc2c(cc1O)[C@@H]1Cc3ccc(OC)c(O)c3CN1CC2,0.475,0.2742,False,False
CPGCVOVWHCWVTP,CCCCCCCCCCCCCCCCCCC[C@@H](O)CCCCCCCCC,0.5884,0.3103,False,True
IXHACUTUTOCSJE,C=C(C)[C@@H](C)CC[C@@H](C)[C@H]1CC[C@@]2(C)[C@@H]3CC[C@H]4C(C)(C)[C@@H](O)CC[C@@]45C[C@@]35CC[C@]12C,0.7583,0.4,True,True
LINHZVMHXABQLB,COc1cc2c(cc1O)C[C@H]1c3c(cc(OC)c(O)c3-2)CCN1C,0.48,0.2692,False,False
XQYZDYMELSJDRZ,COc1ccc(Cc2nccc3cc(OC)c(OC)cc23)cc1OC,0.6538,0.2857,False,False
FQXXSQDCDRQNQE,COC1=CC=C2[C@H]3Cc4ccc(OC)c5c4[C@@]2(CCN3C)[C@H]1O5,0.555,0.1951,False,False
JKPISQIIWUONPB,COc1cc2c(cc1O)[C@@H]1Cc3ccc(O)c(OC)c3CN1CC2,0.5533,0.3115,False,True
JPTLXYYSWLLUOV,CC(CCCC(C)C1CCC2C3C(O)CC4CC(O)CCC4(C)C3CCC12C)C(=O)NCCS(=O)(=O)O,0.6439,0.202,False,False
ZWFHAOFPXOMOQV,COC1Oc2ccccc2O1,0.3866,0.2653,False,False
RRZWKUGIZRDCPB,CCCCCC(=O)OCC(O)CO,0.4897,0.2245,False,False
NFGIENSPALNOON,COn1cc(C=O)c2ccccc21,0.4917,0.3333,False,True
IHEARZCPQSZIPL,Cc1cc(OC(C)C)cc(OC(C)C)c1,0.4938,0.2245,False,False
SYIAVNZMBYAGGJ,COc1ccc(C2CC(=O)c3c(O)cc(O)cc3O2)c(O)c1,0.343,0.3448,False,True
IIFCLXHRIYTHPV,COC(=O)c1ccc(O)cc1O,0.4086,0.4865,True,True
DQBQWWSFRPLIAX,CC(=O)C1=NCCC1,0.4225,0.2444,False,False
AUNQXXJGFDKEMS,CSC(C)C(C)C,0.46,0.1176,False,False
NATOOCTZNLKFIB,C=C1CC[C@H](O)C/C1=C/C=C1\CCC[C@@]2(C)C1CC[C@@H]2[C@H](C)CCC(F)(F)C(O)(CC)CC,0.7027,0.2,False,False
BNDCTQVWCQSGSJ,C/C(=C\c1ccccc1)COC1OC(C(=O)O)C(O)C(O)C1O,0.5252,0.3043,False,True
AXLKYJXAYKGUBW,Cc1c(C=CC(=O)O)oc(CCCCC(=O)O)c1C,0.6681,0.2364,False,False
JOONGVOZZFDPKD,COC1C(=O)CC(O)(CO)C(=O)C1O,0.4762,0.2131,False,False
KRZBCHWVBQOTNZ,O=C(C=Cc1ccc(O)c(O)c1)O[C@@H]1CC(O)(C(=O)O)C[C@@H](OC(=O)C=Cc2ccc(O)c(O)c2)C1O,0.3333,0.4364,True,True
JSASXSHMJYRPCM,CCCC(CCO)SC,0.625,0.1765,False,False
BCNUXXXHEIUHJB,C=C1C=Nc2ccccc21,0.5133,0.2143,False,False
UGKYJAWJZICPEX,NC(=O)C(=O)CCC(=O)O,0.5283,0.1818,False,False
LKHNXBFRIJOJJG,CCCCCCCCC#CCC#CCCCCC(=O)OC,0.6609,0.3333,False,True
OUGMRQJTULXVDC,NC1c2ccccc2-c2ccccc21,0.3433,0.2564,False,False
MICNQLKUSOVNNG,Nc1nc(=O)c2ncn(COCC(=O)O)c2[nH]1,0.5037,0.25,False,False
OIPILFWXSMYKGL,CC(=O)OCC[N+](C)(C)C,0.3417,0.2791,False,False
WUGMRIBZSVSJNP,CC(N)C(=O)NC(Cc1c[nH]c2ccccc12)C(=O)O,0.3433,0.5238,True,True
CQOVPNPJLQNMDC,NCCC(=O)NC(Cc1c[nH]cn1)C(=O)O,0.5683,0.4265,True,True
VQVDMHKSWDUCTO,Cc1ccc2c(c1)OC(=O)CC2(C)C,0.7058,0.2549,False,False
XXBSUZSONOQQGK,O=C1OCC(O)C(O)C1O,0.375,0.2,False,False
XAUDJQYHKZQPEU,Nc1ncn([C@H]2C[C@H](O)[C@@H](CO)O2)c(=O)n1,0.6033,0.2,False,False
VGONTNSXDCQUGY,O=c1[nH]cnc2c1ncn2[C@H]1C[C@H](O)[C@@H](CO)O1,0.5917,0.1892,False,False
SHUSJJZZTZAKPD,COc1ccc(-n2cnc3ccc(OC)cc3c2=O)c(CO)c1,0.5633,0.2836,False,False
MQFAJBBHEYTHKF,COC(=O)C1=CO[C@@H](C)C(C=O)[C@@H]1CC(=O)O,0.505,0.2297,False,False
SSQPWTVBQMWLSZ,CCC=CCC=CCC=CCC=CCC=CCCCC(=O)OCC,0.527,0.2742,False,False
IWJBVMJWSPZNJH,CCO[C@@H]1OC(C(=O)O)[C@@H](O)[C@H](O)[C@H]1O,0.3619,0.322,False,True
IEMIRSXOYFWPFD,COc1cc(C=CC(=O)O)ccc1O[C@@H]1O[C@H](CO)[C@@H](O)[C@H](O)[C@H]1O,0.5959,0.3966,False,True
YCXWJNAAXGVFED,CCCSSCc1ccco1,0.5783,0.2745,False,False
OVUOUFPIPZJGME,CC(=CC(=O)CC(C)C(=O)O)C1C[C@H](O)[C@@]2(C)C3=C(C(=O)C[C@]12C)[C@@]1(C)CCC(=O)C(C)(C)[C@@H]1C[C@@H]3O,0.625,0.2041,False,False
GZVRDNACRGJZNW,CC(=O)c1cc2c(cc(O)c3c(=O)c4ccccc4n(C)c32)o1,0.6833,0.3167,False,True
AKDNVAKNWZMAKY,COC1C=C2C(CCC(OC3OCC(O)C(O)C3O)C2(C)C)C2(C)CCC3(C)C(C(C)CCC=C(C)C)C(O)CC3(C)C12,0.7885,0.2647,False,False
GJRQTCIYDGXPES,CC(=O)OCC(C)C,0.3233,0.2444,False,False
KEBDNKNVCHQIJU,CC(C)COC(=O)CC(C)C,0.38,0.283,False,False
WVIGZMYXVSPZIR,COc1ccc(-c2cc(=O)c3c(O)cc(OC)c([C@@H]4OC(CO)[C@H](O)[C@H](O)C4O)c3o2)cc1,0.4967,0.4444,True,True
MLLAPOCBLWUFAP,CC(C)CCOC(=O)c1ccccc1,0.4876,0.3721,False,True
VFTGLSWXJMRZNB,CC(C)CCOC(=O)C(C)C,0.4267,0.2667,False,False
BDHFFHBFJUZSBF,NC(Cn1ccc(=O)o1)C(=O)O,0.44,0.2609,False,False
NBKYPRRBTKRGLE,CCC(=O)Oc1c(C)occc1=O,0.467,0.2545,False,False
BYWJNFQCWYEWHX,Cc1cc(O)cc(O)c1C(=O)O[C@@H]1C[C@]2(C)[C@H]3[C@@H](O)C(C)(C)C[C@@]3(O)C=C(C=O)[C@]12O,0.6253,0.2048,False,False
JNURPEZKOSMRMZ,COC(=O)CC(C)(C)O,0.4933,0.3,False,True
ZUSGUMUEURTZOS,CN(C)CCCCCCOCc1ccccc1,0.42,0.3158,False,True
JOUIQRNQJGXQDC,O=C([O-])c1ccc[n+](C2OC(COP(=O)(O)O)C(O)C2O)c1,0.66,0.2152,False,False
TXIKDCCKEBXQGU,O=C(C=Cc1ccc(O)cc1)O[C@H]1[C@H](O)[C@@H](O)[C@H](OCCc2ccc(O)cc2)O[C@@H]1CO,0.5039,0.3385,False,True
JKRZOJADNVOXPM,CCCCOC(=O)C(=O)OCCCC,0.2817,0.2857,False,False
KNWCDYSKJSREAQ,O=C(O)C1NCCO1,0.4452,0.1702,False,False
PGMYKACGEOXYJE,CCCCCOC(C)=O,0.319,0.375,False,True
LSJMDWFAADPNAX,CCCOC(=O)CC(C)C,0.27,0.2727,False,False
MCSINKKTEDDPNK,CCCOC(=O)CC,0.3117,0.2593,False,False
COTJHRWDWDQJRQ,CCCc1ccc2cccnc2c1,0.5486,0.2609,False,False
LKAJKIOFIWVMDJ,C[C@]12Cc3c[nH]nc3C[C@@H]1CC[C@@H]1[C@@H]2CC[C@@]2(C)[C@H]1CC[C@]2(C)O,0.6827,0.1667,False,False
LPQZKKCYTLCDGQ,C[C@]1(Cn2ccnn2)C(C(=O)O)N2C(=O)C[C@H]2S1(=O)=O,0.6527,0.1884,False,False
NEZDQSKPNPRYAW,O=c1oc2c(O)c(O)ccc2c2cc(O)c(O)cc12,0.3867,0.4737,True,True
BDIAUFOIMFAIPU,CC(=O)OCC1=CO[C@@H](OC(=O)CC(C)C)[C@H]2C1=C[C@H](OC(=O)CC(C)C)[C@]21CO1,0.6306,0.2405,False,False
MDLUYFYDCNUJHX,CC1C(C)C2SC1S2=O,0.4817,0.122,False,False
KEIIIPKLVSSAEI,CC(C)=CCc1c(-c2ccc(O)cc2O)oc2cc(O)cc(O)c2c1=O,0.37,0.6333,True,True
VPKBRABQIHPIEA,CC1(C)C=Cc2c(O)cc(C=Cc3ccc(O)cc3O)cc2O1,0.4589,0.3971,False,True
STGFGEJCRVJFFB,C/C(=C\Cc1c(O)cc2oc(-c3ccc(O)cc3)cc(=O)c2c1O)CO,0.4817,0.3939,False,True
VOCATNAJXJSCLN,COc1cc(O)c2c(=O)cc(-c3ccc(O)cc3O)oc2c1,0.4517,0.4231,True,True
AXHZIEAQVMBUKO,CC(C)=CC1Oc2cc(O)ccc2-c2oc3cc(O)c(C=CC(C)C)c(O)c3c(=O)c21,0.5817,0.411,True,True
MUUDYSFWQUSAOO,CC(C)=CCc1c(O)cc2oc(-c3ccc(O)cc3O)c(CC=C(C)C)c(=O)c2c1O,0.495,0.6667,True,True
WOXYXFWUFXHROX,Oc1ccc2c(c1)O[C@H]1c3c(O)cc(O)cc3O[C@H]2C1O,0.5167,0.3396,False,True
LXEJWVDCRDILQQ,CC1(C)C=Cc2c(cc3oc(-c4ccc(O)cc4O)cc(=O)c3c2O)O1,0.5833,0.5938,True,True
OZHIKCIPCFAOPM,COc1cc(C=CC(=O)OC/C(C)=C\Cc2c(O)ccc(C(=O)C=Cc3ccc(O)cc3)c2O)ccc1O,0.075,0.8393,True,True
BEALEKDGCXYWLB,CC(C)/C=C/c1c(O)cc2oc(-c3ccc(O)cc3O)cc(=O)c2c1O,0.4923,0.4062,True,True
LHPRYOJTASOZGJ,Oc1cc(O)cc(-c2cc3ccc(O)cc3o2)c1,0.3517,0.4318,True,True
QURFFFCYNQXLCU,CCCCCOC(=O)CC(C)C,0.3523,0.2833,False,False
ZSYPIPFQOQGYHH,O=c1cc(-c2ccc(O)cc2O)oc2cc(O)cc(O)c12,0.411,0.3488,False,True
VMKPDXOZTSISIW,Nc1ccccc1C(O)=NO,0.3817,0.25,False,False
ZZIALNLLNHEQPJ,O=c1oc2cc(O)ccc2c2oc3cc(O)ccc3c12,0.4703,0.3256,False,True
FWNZEKQVBDXWKA,CC(C)C(C)CCC(C)C1CCC2C3CC=C4CC(OC5OC(CO)C(O)C(O)C5O)CCC4(C)C3CCC12C,0.6956,0.2208,False,False
FFDULTAFAQRACT,COc1cc([C@H]2OC[C@H]3[C@@H]2CO[C@@H]3c2cc(OC)c(O[C@@H]3O[C@H](CO)[C@@H](O)[C@H](O)[C@H]3O)c(OC)c2)cc(OC)c1O[C@@H]1O[C@H](CO)[C@@H](O)[C@H](O)[C@H]1O,0.6115,0.3247,False,True
UCMIRNVEIXFBKS,NCCC(=O)O,0.42,0.225,False,False
SBVRPBAVNZNLKX,COc1cc2c3c(OC)cc4c(c3c[n+](C)c2c2cc3c(cc12)OCO3)OCO4,0.6317,0.2429,False,False
XFDNFSFFQFVZGJ,C/C=C1/C=CC2NCCC3OC123,0.6289,0.1935,False,False
QLPYUGJILSEKQD,C[C@@]1(O)[C@H]2[C@H](O[C@@H]3O[C@H](CO)[C@@H](O)[C@H](O)[C@H]3O)OC=C[C@@]2(O)[C@@H]2O[C@@H]21,0.5767,0.2317,False,False
RPCJTZNNAZELOQ,CCCCCCCCCCCCCCCCCCC(O)CCCCCCCCCCCCCCCC,0.5884,0.3103,False,True
NJPSQBXYMKTWBI,CCCCCCCCCCCCCCCCCCCCCCCCCCCCCCCC(C)=O,0.5204,0.3077,False,True
AJSCLJOGICXEJM,CCCCCCCCCCCCCCCCCCCCCCCCCCCCCCC(=O)CC,0.5362,0.2903,False,False
SVCXYYKEVJJKMX,CCCCCCCCCCCCCCCCCCCCCCCCCCCCCC(=O)CCCCC,0.5189,0.3103,False,True
CQWYAXCOVZKLHY,CC(C)(C)CBr,0.4309,0.1111,False,False
IYKVLICPFCEZOF,NC(N)=[Se],0.38,0.2308,False,False
JPMUGBUFRGFFCT,CC1(C)CC[C@]2(C(=O)O)CC[C@]3(C)C(=CC[C@@H]4[C@@]5(C)CC[C@H](O[C@@H]6OC[C@H](O)[C@H](O)[C@H]6O[C@@H]6OC[C@@H](O)[C@H](O)[C@H]6O)[C@@](C)(CO)[C@@H]5CC[C@]43C)[C@@H]2C1,0.8683,0.5375,True,True
FRASJONUBLZVQX,O=C1C=CC(=O)c2ccccc21,0.2717,0.2759,False,False
RUFPHBVGCFYCNW,Nc1cccc2ccccc12,0.4,0.2609,False,False
RFOBAKWGJRIIMU,CC1OC(Oc2cc3c(O)cc(O)cc3[o+]c2-c2ccc(O)cc2)C(O)C(O)C1O,0.487,0.3971,False,True
KKVZAVRSVHUSPL,COc1ccccc1/C=C/C=O,0.3733,0.4872,True,True
LGIKFBYSSJHCQR,CC1=C(/C=C/C(C)=C/C=C/C2=C(C=O)CCCC2)C(C)(C)CCC1,0.6483,0.1447,False,False
WGXGAUQEMYSVJM,CCCCCCCCCCCCCCCC#N,0.598,0.2667,False,False
QRMZSPFSDQBLIX,COc1cc(CC(=O)O)ccc1O,0.4521,0.4318,True,True
FPTOZTNWJXTXES,CCCCCCCCCCCCCCCCC(Br)C=O,0.5771,0.2286,False,False
BHVJSLPLFOAMEV,CC1(C)[C@@H](O)CC[C@]2(C)C3=C(CC[C@@H]12)[C@@]1(C)CC[C@@]2(C)CC[C@](C)(C(=O)O)C[C@H]2[C@]1(C)CC3,0.7433,0.2532,False,False
JXYLQEMXCAAMOL,O=C(O)C(=O)CS(=O)O,0.6074,0.1538,False,False
ISRSZKBAZAXNDY,CNc1ncnc2c1c(C#N)c(N)n2Cc1cccc([N+](=O)[O-])c1,0.685,0.3,False,True
SDVXSCSNVVZWDD,O=C(O)CCC(=O)NC(CCCC(=O)C(=O)O)C(=O)O,0.6707,0.2653,False,False
HTTJABKRGRZYRN,CC(=O)NC1C(O)OC(COS(=O)(=O)O)C(OC2OC(C(=O)O)C(OC3OC(CO)C(OC4OC(C(=O)O)C(O)C(O)C4OS(=O)(=O)O)C(OS(=O)(=O)O)C3NS(=O)(=O)O)C(O)C2OS(=O)(=O)O)C1O,0.6883,0.1681,False,False
XQMKOBSKWGMZQO,C[C@H](NC(=O)OC(C)(C)C)[C@@H](O)c1ccccc1,0.4583,0.3333,False,True
MDIBXLWYZGZAKL,CCOC(C)CC(OCC)OCC,0.3983,0.225,False,False
YAKJLGHDDRZRSJ,CCCCC(CC)C(OCC)OCC,0.4667,0.1905,False,False
JQCXWCOOWVGKMT,CCCCCCCOC(=O)c1ccccc1C(=O)OCCCCCCC,0.3481,0.4667,True,True
OJCHCFRXISZPDM,C=NC(Cc1ccccc1)c1ccccc1,0.4408,0.25,False,False
KEQUNHIAUQQPAC,OCC1(O)COC(O)(CO)CO1,0.405,0.175,False,False
LWLOKSXSAUHTJO,CC1OC(=O)OC1C,0.3283,0.1778,False,False
ZJCCRDAZUWHFQH,CCC(CO)(CO)CO,0.5233,0.1379,False,False
RYYWWFXWFMYKJM,COc1cc(O)c2c(c1)OCC(c1ccc(O)cc1OC)C2=O,0.4273,0.3279,False,True
ZAGUSKAXELYWCE,OCC1OCCO1,0.3233,0.1842,False,False
CNHDIAIOKMXOLK,Cc1cc(O)ccc1O,0.3183,0.2812,False,False
PWSKHLMYTZNYKO,NCCCCCCCN,0.5021,0.1458,False,False
IWBOPFCKHIJFMS,NCCOCCOCCN,0.4983,0.125,False,False
BMVXCPBXGZKUPN,CCCCCCN,0.5754,0.2963,False,False
IUDGNRWYNOEIKF,O=C(O)CCCCCCCCCCBr,0.4883,0.2927,False,False
ZATQPXMWZUQMDP,O=C1OC(C2OCCO2)C2CC=CC12,0.5733,0.2115,False,False
QPAXLFLXGNXWKR,CC(=O)Nc1nc(N)nn1C(N)=O,0.535,0.2364,False,False
HOLDJZBOPVYISO,Oc1ccc(O)n1O,0.29,0.2,False,False
UXOOFPWRVRBLIY,CCS/C(C)=C/C(=O)SC(C)C,0.3717,0.1961,False,False
AKYAUBWOTZJUBI,CCCC#CC(=O)O,0.6633,0.2857,False,False
NGZZLIAPDNPURO,CCC(=O)OCCOC(C)C,0.4167,0.25,False,False
OCNGNEIDNFJFKV,CCCCCCCCCCCC#CC(=O)SCCNC(=O)CCNC(=O)C(O)C(C)(C)CO,0.7574,0.2192,False,False
FCXPVFLEDIQLLO,CCCCCCCCCCCC(C)c1ccccc1,0.5382,0.3333,False,True
PPDFQRAASCRJAH,CC1CCCS1(=O)=O,0.3436,0.1509,False,False
CUZLJOLBIRPEFB,COCC(C)=O,0.2783,0.2105,False,False
OTBHHUPVCYLGQO,NCCCNCCCN,0.5254,0.1569,False,False
SSYDTHANSGMJTP,OC1COCC1O,0.3354,0.1333,False,False
QAMHNBFRAXJYEI,CC1CC2(CC(C)OC2=O)C(=O)O1,0.3493,0.2292,False,False
BIWOSRSKDCZIFM,OC1CCCNC1,0.422,0.1389,False,False
JRUGFHHEKLYFPC,N#CCCC1CCC(C#N)c2ccccc21,0.5173,0.1887,False,False
VAOGBZQGOFYUSV,C=CC(C)O[Si](C)(C)C(C)(C)C,0.5117,0.14,False,False
BLPPMRPCYSNRGW,CCCC1SC(C)NC(C)S1,0.4367,0.1143,False,False
LFZIDDCQUQUHSM,C=CCC(/C(=N\N(C)C)C(C)(C)O)C(C)O,0.58,0.1754,False,False
FCBBRODPXVPZAH,CCCCC(O)CCCC,0.4733,0.25,False,False
ZAQZICGOYPRHCK,CCCCCCC(=O)CCCCC,0.5189,0.3103,False,True
FVGLKDNCBWAFST,COc1ccc(C(=N)N)cn1,0.4517,0.2679,False,False
BBJUQSUKHMQMSH,CCCCCCC#CCCCCCCCCO,0.6994,0.3182,False,True
UWBHMRBRLOJJAA,NC(=O)NC(=O)C(=O)O,0.5833,0.1905,False,False
CMSJVJMAKIPPIX,CC(N)C1NC(=O)C1(C)C,0.5159,0.1719,False,False
AYKYOOPFBCOXSL,N#CCc1ccc(O)cc1,0.395,0.3667,False,True
XPYKOJLMORBJQP,Cc1ccc(C(C)CCC=O)cc1,0.485,0.2381,False,False
IXEBJCKOMVGYKP,CO[13CH]1O[C@H](COCc2ccccc2)[C@@H](OCc2ccccc2)[C@H](OCc2ccccc2)[C@H]1OCc1ccccc1,0.5117,0.2609,False,False
XFTRTWQBIOMVPK,C[C@](O)(CC(=O)O)C(=O)O,0.4083,0.175,False,False
AQTSKIOUXRDZMS,CCCCOC(=O)OC(C)CCC,0.57,0.2353,False,False
CFJYNSNXFXLKNS,CC1CCC(C(C)C)CC1,0.4972,0.1667,False,False
AMMHVZAJNHFTCZ,CCC(C)(C)CC(CCC1CCCCC1)C1CCCCC1,0.5164,0.2623,False,False
NEHPIUGJDUWSRR,CC(C)C1CCC(C(C)O)CC1,0.4586,0.1667,False,False
JBDGXWZXMAXBLS,CCCCCCCCC1CC1CCCCCCCCCCCCCC(=O)OC,0.5252,0.2568,False,False
ZTLKOYAJKRWSKL,CCCCCCCCCCCC(CCCCCCCCCC)CCCCCCCCCC,0.5818,0.2857,False,False
WBNQDOYYEUMPFS,CCN(CC)N=O,0.3917,0.14,False,False
PAAZPARNPHGIKF,BrCCBr,0.3958,0.1111,False,False
BKURQRFQHBUAHF,CCP(F)(F)(F)F,0.4294,0.119,False,False
DNDNWOWHUWNBCK,O=S(=O)(O)O/N=C(/Cc1c[nH]c2ccccc12)S[C@@H]1O[C@H](CO)[C@@H](O)[C@H](O)[C@H]1O,0.63,0.2644,False,False
BJZTVKVVAXBPRT,CCCCCCCCCCC=CC=CCC(=O)OC,0.6818,0.3404,False,True
FXHOOIRPVKKKFG,CC(=O)N(C)C,0.2367,0.1591,False,False
ZYRLCOGVOHEKBK,CC(C)NC(=O)CCc1ccccc1,0.3637,0.3542,False,True
WYICQDPLCKBBCM,COc1c(C(N)=O)ncn1C1OC(CO)C(O)C1O,0.6271,0.2568,False,False
WCDSHELZWCOTMI,CCC(=O)C(CCN1CCCCC1)(c1ccccc1)c1ccccc1,0.4056,0.3091,False,True
APOJFXVGPPNEEB,CCCCCCCCCCCCCCCCCC(=O)OCCN(C)CCO,0.5558,0.2319,False,False
MQGTZMCASHTGBJ,CCCC(O)C(=O)OCC,0.4833,0.2917,False,False
QPCDCPDFJACHGM,O=C(O)CN(CCN(CC(=O)O)CC(=O)O)CCN(CC(=O)O)CC(=O)O,0.2924,0.1591,False,False
AHXXIALEMINDAW,COCc1ccc(O)cc1,0.3038,0.4286,True,True
QVXMBAFMKZTZTD,CC(O)(c1ccccc1)C(F)F,0.3533,0.2571,False,False
AHCSHBOAPHEPDO,CCCCCCCCOP(=O)(OCC)OCC,0.5641,0.2444,False,False
OBCUTHMOOONNBS,FP(F)(F)(F)F,0.4183,0.0571,False,False
YEMNTFVVXRRILD,CCCCCCCC/C=C/COC(=O)c1ccccc1C(=O)OCC(C)C,0.5347,0.3509,False,True
QLNJFJADRCOGBJ,CCC(N)=O,0.3633,0.2059,False,False
MBHINSULENHCMF,CCC(=O)N(C)C,0.3017,0.1961,False,False
SIYAMXBNJITGLS,CCCCCCOS(=O)OCC(CC)CCCC,0.6139,0.1857,False,False
AKXFYSSXNQQBNT,CCCCCCCCCCCCCCCCCCCCCCCC(=O)OCC,0.5019,0.2791,False,False
YNNTYKYGOBKPFT,CCCCCCCCCCCCCCCCCCCCCCCCOC(C)=O,0.3945,0.4,True,True
BJIUDNXPLSJWKE,CCC(C)CCCCCCCCCCC(=O)OC,0.593,0.2222,False,False
FZAPQDQLDZNXGM,C=CCCCCCCCCC/C=C\CCCCCOC(C)=O,0.4383,0.3696,False,True
MJSGKSOAYQWXBA,CC1(C)C2CCC1(C)C(O[Si](C)(C)[Si](C)(C)C)C2,0.7172,0.1571,False,False
IGRLIBJHDBWKNA,O[C@@H]1C=C[C@H](O)C1,0.2554,0.1277,False,False
SXZYCXMUPBBULW,O=C1OC(C(O)CO)C(O)C1O,0.4453,0.1569,False,False
NBUWNZPAMFDSKZ,CC(=O)O[Si](C)(C)C(C)(C)C,0.465,0.1778,False,False
UFWHTSBKDGUFOX,CC1(C)Oc2ccc(-c3oc4cc(O)cc(O)c4c(=O)c3O)cc2CC1O,0.5628,0.3514,False,True
QCLBGWSAIHOGCA,COc1c(-c2ccccc2)oc2c3c(ccc2c1=O)OC(C)(C)C=C3,0.5241,0.3562,False,True
AWUHBUKNSPYYTJ,C[C@H]1[C@H](C)CC[C@]2(C)CC[C@]3(C)C(=CC=C4[C@@]5(C)CCC(=O)C(C)(C)[C@@H]5CC[C@]43C)[C@H]12,0.7483,0.2051,False,False
XFADQGUJWIMYJI,C/C(=C\CO)CC[C@@]1(O)[C@H](C)CC[C@H]2C(C)(C)CCC[C@@]21C,0.7153,0.25,False,False
FSVMLWOLZHGCQX,Oc1ccc(C2Oc3cc(O)cc(O)c3C(O)C2O)cc1,0.2912,0.4792,True,True
MDAXKAUIABOHTD,C1CNCCNCCCNCCNC1,0.4669,0.125,False,False
PSZDOEIIIJFCFE,CC1(C)CC[C@]2(CO)CC[C@]3(C)C(=CC[C@@H]4[C@@]5(C)CC[C@H](O)C(C)(C)[C@@H]5CC[C@]43C)[C@@H]2C1,0.805,0.5303,True,True
FURUXTVZLHCCNA,O=C1C[C@@H](c2ccc(O)cc2)Oc2cc(O)ccc21,0.3945,0.4167,True,True
SJJCQDRGABAVBB,O=C(O)c1ccc2ccccc2c1O,0.3102,0.3143,False,True
PXJJKVNIMAZHCB,O=Cc1ccc(C=O)o1,0.2774,0.2143,False,False
NZCULBURCGAPSF,C[C@H]1[C@H](C)CC[C@]2(C(=O)O)CC[C@]3(C)C(=CC[C@@H]4[C@@]5(C)CC[C@H](O)[C@@](C)(CO)[C@@H]5CC[C@]43C)[C@H]12,0.8117,0.4595,True,True
BYIMYSSYXBYIBJ,C=C(CC[C@@H](C)[C@H]1CC[C@@]2(C)[C@@H]3CC[C@H]4C(C)(C)[C@@H](OC(C)=O)CC[C@@]45C[C@@]35CC[C@]12C)C(C)C,0.755,0.3951,False,True
AEUDOPZBDNUKIV,C=CC(=C)CCCC(C)CCCC(C)C,0.6383,0.2143,False,False
CKJZKFPVVUQBMB,CC(C)[C@@H](C)C=C[C@@H](C)[C@H]1CC[C@@H]2[C@]1(C)CC[C@H]1[C@]23C=C[C@]2(C[C@@H](O[C@@H]4O[C@H](CO)[C@@H](O)[C@H](O)[C@H]4O)CC[C@]12C)OO3,0.7356,0.2308,False,False
GQVCGTRDXSDAHC,CO[C@@H]1C=C2[C@@H]3CC[C@H]([C@H](C)/C=C/[C@H](C)C(C)C)[C@@]3(C)CC[C@@H]2[C@@]2(C)CC[C@H](O)C[C@]12O,0.6993,0.2022,False,False
YIKKMWSQVKJCOP,CC(C)CCC[C@@H](C)[C@H]1CC[C@H]2C3C(=O)C=C4C[C@@H](O)CC[C@]4(C)[C@H]3CC[C@]12C,0.7356,0.2368,False,False
WQRBJFZKPWPIJD,CCCCOC(CCC)OCCCC,0.4517,0.2115,False,False
BPAOAXAAABIQKR,O=C(O)c1cc(O)c(O)c(O)c1Oc1cc2c(=O)oc3c(O)c(O)cc4c(=O)oc(c1O)c2c34,0.4317,0.2745,False,False
YOQAQNKGFOLRGT,CC1(C)C[C@@H](O)[C@]2(C)CC[C@]3(C)C(=CC[C@@H]4[C@@]5(C)CC[C@H](O)[C@](C)(CO)[C@@H]5CC[C@]43C)[C@@H]2C1,0.7917,0.4429,True,True
FFLGORGANMRISQ,CC[C@H](CC[C@@H](C)[C@H]1CC[C@H]2[C@@H]3C[C@H](O)[C@H]4C[C@@H](O)CC[C@]4(C)[C@H]3CC[C@]12C)C(C)C,0.6869,0.2235,False,False
RZIWMSJDPYUACC,O=C(c1ccc2c(c1)OCO2)C1CO[C@H](c2ccc3c(c2)OCO3)[C@H]1CO,0.4647,0.4038,True,True
RJBGVAIXGHZIDY,CC(=O)c1occc1C,0.45,0.2381,False,False
YEJCGTMYOCNYLT,CSSCC(C)=O,0.495,0.1795,False,False
SOHDSQABHDUSEP,CCCCCC=CC=CCC=O,0.5783,0.2955,False,False
WAVOLMBVDCRBGR,CCc1cnc(CC)cn1,0.5642,0.2791,False,False
LMZFZIZLHLTPPP,CC(C)=CCCc1ccc2c(O)c3ccccc3c(O)c2c1,0.4606,0.3137,False,True
FBSKJMQYURKNSU,CC1OC(OC2C(O)C(OCCc3ccc(O)c(O)c3)OC(CO)C2OC(=O)C=Cc2ccc(O)c(O)c2)C(O)C(O)C1O,0.4917,0.3784,False,True
DBZAKQWXICEWNW,CC(=O)c1cnccn1,0.5467,0.25,False,False
IDVRYIVYDAOHSS,C[C@H]1O[C@H](O[C@@H]2[C@@H](O)[C@H](O)O[C@H](CO)[C@H]2OC(=O)C=Cc2ccc(O)c(O)c2)[C@@H](O)[C@@H](O)[C@@H]1O,0.4717,0.3636,False,True
DORPKYRPJIIARM,CC1OC(OC2C(O)C(CO)OC(OCCc3ccc(O)c(O)c3)C2O)C(O)C(O)C1O,0.4883,0.3243,False,True
WLDSVYQTJXGHOT,COc1cc2oc(-c3ccc(O)c(O)c3)cc(=O)c2c(O)c1O[C@@H]1O[C@H](CO)[C@@H](O)[C@H](O)[C@H]1O,0.5603,0.4062,True,True
NIBVDXPSJBYJFT,OC[C@H]1O[C@H](OC[C@H]2O[C@@](CO)(O[C@H]3O[C@H](CO)[C@@H](O)[C@H](O)[C@H]3O)[C@@H](O)[C@@H]2O)[C@H](O)[C@@H](O)[C@H]1O,0.5638,0.25,False,False
KYQCOXFCLRTKLS,c1cnccn1,0.32,0.1562,False,False
KQRXQIPRDKVZPW,Oc1cc2c(cc1[C@H]1OC[C@H]3[C@@H]1CO[C@@H]3c1ccc3c(c1)OCO3)OCO2,0.3353,0.3725,False,True
HVDZWQPYIXKSCL,OCC1OC(Oc2cc3c(cc2C2OCC4C(c5ccc6c(c5)OCO6)OCC24)OCO3)C(O)C(O)C1O,0.5972,0.375,False,True
ZZMNWJVJUKMZJY,c1cc2c(cc1O[C@H]1OC[C@H]3[C@@H]1CO[C@@H]3c1ccc3c(c1)OCO3)OCO2,0.451,0.2879,False,False
OJVGWDJIYBTWDS,COc1cc(O[C@H]2OC[C@H]3[C@@H]2CO[C@@H]3c2ccc3c(c2)OCO3)ccc1O,0.3974,0.3226,False,True
LAOVEVDFIVNYLQ,OC[C@H]1O[C@H](OC[C@H]2O[C@H](OC[C@H]3O[C@@](CO)(O[C@H]4O[C@H](CO)[C@@H](O)[C@H](O)[C@H]4O)[C@@H](O)[C@@H]3O)[C@H](O)[C@@H](O)[C@H]2O)[C@H](O)[C@@H](O)[C@H]1O,0.5704,0.2468,False,False
HJBWJAPEBGSQPR,COc1ccc(/C=C/C(=O)O)cc1OC,0.2185,0.5882,True,True
JGXFMIJHKASCIZ,COc1cc(-c2cc(=O)c3c(O)cc(O[C@@H]4O[C@H](CO)[C@@H](O)[C@H](O)[C@H]4O)cc3o2)cc(OC)c1O,0.562,0.3548,False,True
JCIFZANQIXZLGH,COc1cc(-c2cc(=O)c3c(O)c([C@@H]4O[C@H](CO)[C@@H](O)[C@H](O)[C@H]4O)c(OC)cc3o2)ccc1O,0.5367,0.375,False,True
KIGVXRGRNLQNNI,COc1c(O)cc2oc(-c3ccc(O)c(O)c3)c(OC)c(=O)c2c1O,0.5567,0.4151,True,True
HNEGQIOMVPPMNR,C/C(=C\C(=O)O)C(=O)O,0.5839,0.1818,False,False
XBGYTZHKGMCEGE,O=c1cc(-c2ccc(O)c(O)c2)oc2c([C@H]3OC[C@H](O)[C@H](O)[C@H]3O)c(O)c([C@@H]3O[C@H](CO)[C@@H](O)[C@H](O)[C@H]3O)c(O)c12,0.46,0.3,False,True
SFCOOUKNSXBTFD,COc1cc(-c2cc(=O)c3c(O)cc(OC)c(C4OC(CO)C(O)C(O)C4O)c3o2)ccc1O,0.535,0.4219,True,True
DLVLXOYLQKCAME,COc1cc2oc(-c3ccc(O)c(O)c3)cc(=O)c2c(O)c1[C@@H]1O[C@H](CO)[C@@H](O)[C@H](O)[C@H]1O,0.5033,0.3594,False,True
ABRULANJVVJLFI,COc1cc2oc(-c3ccc(O)cc3)cc(=O)c2c(O)c1[C@@H]1O[C@H](CO)[C@@H](O)[C@H](O)[C@H]1O,0.445,0.371,False,True
YQABHAHJGSNVQR,COc1cc(O)cc2oc(-c3ccc(O)cc3)cc(=O)c12,0.4383,0.4314,True,True
CFWKEIXHBVWGIW,COc1cc(-c2cc(=O)c3c(O)cc(O[C@H]4OC(C(=O)O)[C@H](O)[C@H](O)[C@H]4O[C@@H]4O[C@@H](C)[C@H](O)[C@@H](O)[C@H]4O)cc3o2)cc(OC)c1O,0.5453,0.4146,True,True
QTUUQMSYZBNFDW,CC1=CC[C@@H]2C(C(C)C)CCC(C)(O[C@H]3O[C@@H](CO[C@H]4O[C@@H](CO)[C@H](O)[C@@H](O)[C@@H]4O)[C@H](O)[C@@H](O)[C@@H]3O)[C@H]2C1,0.6372,0.2569,False,False
BTBFUBUCCJKJOZ,c1coc(Cn2cccc2)c1,0.5333,0.2708,False,False
UNRFDARCMOHDBJ,CCCCCCCCCCCCCCCC(=O)CCCCCCCCCCCCCCC,0.5189,0.3103,False,True
XJPBRODHZKDRCB,C=CC(C)=CCCC(=C)C,0.55,0.1915,False,False
XCTSDLUOCRRDLZ,C=CC(C)(O)CC/C=C(\C)CCC/C=C/C(=C)C,0.6117,0.1739,False,False
BBAMLNIPVMLTSQ,CC1=C[C@H]2[C@@H](CC1)[C@](C)(O)CCCC2(C)C,0.5003,0.2222,False,False
DQOVXHMHLOWECL,C=C1CCC2C3C1C2(C)CCCC3(C)C,0.6286,0.2097,False,False
YKWVCZPTAAKDIY,C=C1CCC(C(C)C)C2C1CCC2C(C)=O,0.4339,0.2188,False,False
VCOCESNMLNDPLX,CC1(C)C2C(=O)CCC(C)(C)[C@@]23CC[C@@H]1C3,0.5639,0.1864,False,False
WDJHALXBUFZDSR,CC(=O)CC(=O)O,0.49,0.2424,False,False
PJANXHGTPQOBST,C(=C\c1ccccc1)/c1ccccc1,0.245,0.3333,False,True
RBNWAMSGVWEHFP,CC1(O)CCC(C(C)(C)O)CC1,0.455,0.2,False,False
XNYZHCFCZNMTFY,N=C(N)c1ccc(N=NNc2ccc(C(=N)N)cc2)cc1,0.4567,0.2273,False,False
IHYJTAOFMMMOPX,CC(=O)NC(C(=O)O)C(C)C,0.4467,0.4688,True,True
DEZFNHCVIZBHBI,CC(=O)c1c(O)c(C)c(O)c(Cc2c(O)c3c(c(C(=O)/C=C/c4ccccc4)c2O)OC(C)(C)C=C3)c1O,0.7433,0.2907,False,False
DQFBYFPFKXHELB,O=C(/C=C/c1ccccc1)c1ccccc1,0.6817,0.4,True,True
LBJCUHLNHSKZBW,COC[C@@H]1Cc2cc(OC)c3c(c2[C@H](c2ccc(OC)c(OC)c2)[C@H]1COC)OCO3,0.5367,0.2532,False,False
FZWLAAWBMGSTSO,c1cscn1,0.4767,0.125,False,False
HLOUDBQOEJSUPI,C=Cc1cccc(C)c1C,0.514,0.2895,False,False
OJLMARCQPSGYNE,CC(C)=CCC=C(C)CC=O,0.3238,0.2444,False,False
LIIALPBMIOVAHH,COc1ccc2ccc(=O)oc2c1,0.2967,0.3768,False,True
KGGUASRIGLRPAX,COc1ccc2ccc(=O)oc2c1C[C@H](O)C(C)(C)O,0.1583,0.4667,True,True
MGYMHQJELJYRQS,CC(C)C12C=CC(C)(CC1)OO2,0.5369,0.1579,False,False
DBMJZOMNXBSRED,CC(C)=CCC/C(C)=C/COc1c2ccoc2cc2oc(=O)ccc12,0.5504,0.3333,False,True
BEWYHVAWEKZDPP,CC12CCC(CC1)C2(C)C,0.5286,0.1458,False,False
HQKQRXZEXPXXIG,CC(=O)O[C@]1(C)CC[C@@]23C[C@@H]1C(C)(C)[C@@H]2CC[C@H]3C,0.5869,0.2308,False,False
KJDXYWIMMJVFLH,C/C(=C\COc1ccc2ccc(=O)oc2c1)CCC1OC1(C)C,0.5883,0.3293,False,True
YBKJFYRRNMFOPP,C=COC/C=C(\C)CCC=C(C)C,0.5171,0.3261,False,True
ZCZSIDMEHXZRLG,CCCCCCCOC(C)=O,0.3945,0.4,True,True
IGWDEVSBEKYORK,CC(C)=CCOc1c2ccoc2cc2oc(=O)ccc12,0.4071,0.3966,False,True
DFMAXQKDIGCMTL,COc1c2ccoc2c(OC)c2oc(=O)ccc12,0.4217,0.303,False,True
PEWFWDOPJISUOK,CC(C)(O)[C@H](O)COc1c2ccoc2cc2oc(=O)ccc12,0.4202,0.2742,False,False
AJSJXSBFZDIRIS,C=C(C)C1=CCC(C)CC1,0.377,0.1765,False,False
MYCFGFMJUUNKBN,CC(=O)OC1(C)CCC2(C(C)C)CC12,0.5223,0.1875,False,False
VZJHQHUOVIDRCF,CC1(C)CCCC2(C)C(CO)C3CCC2C31,0.6394,0.2063,False,False
VMUNAKQXJLHODT,CCCCCCCCCC/C=C/C=O,0.6715,0.3095,False,True
DNZRKQBGTHPGSL,CCCCCCC=CC=CCC=O,0.6365,0.3182,False,True
SUBUEDOPXXGMKP,CCCCCC1CC1,0.425,0.25,False,False
UPQOJPOSKCDZFM,C=C1C=C2[C@@H](CC1)[C@@H](C)CCCC2(C)C,0.697,0.2381,False,False
SFCYLKIUQMBSEF,CC(C)C1CCC2(C)CCC(=O)CC2C1,0.6873,0.2,False,False
QEWSAPKRFOFQIU,COc1ccc(-c2cc(=O)c3c(O)c(OC)c(OC)cc3o2)cc1OC,0.43,0.6222,True,True
STNJBCKSHOAVAJ,C=C(C)C=O,0.3117,0.1471,False,False
RJBMCDMYQFLWQQ,CCCCCCCCCC=CCc1cc(O)oc1O,0.6521,0.3673,False,True
QQZOPKMRPOGIEB,CCCCC(C)=O,0.3983,0.3,False,True
YGZVAQICDGBHMD,CCCC(C)CCO,0.5283,0.1562,False,False
SEPQTYODOKLVSB,CC(C)=CC=O,0.3438,0.1765,False,False
FDPIMTJIUBPUKL,CCC(=O)CC,0.3026,0.1818,False,False
URSUMOWUGDXZHU,COc1ccc(-c2cc(=O)c3c(OC)c(OC)c(OC)cc3o2)cc1,0.5183,0.4681,True,True
ZXJJBDHPUHUUHD,COc1ccc(-c2cc(=O)c3c(OC)cc(OC)cc3o2)cc1,0.5317,0.3944,False,True
SAMBWAJRKKEEOR,COc1c(OC)c(O)c2c(=O)cc(-c3ccc(O)cc3)oc2c1OC,0.25,0.5745,True,True
DYDFNKUHYXHWFM,COc1cc(-c2cc(=O)c3c(OC)c(OC)c(OC)cc3o2)cc(OC)c1OC,0.4383,0.5116,True,True
CLXVBVLQKLQNRQ,COc1cc(OC)c2c(=O)cc(-c3ccc(OC)c(OC)c3)oc2c1,0.6083,0.371,False,True
HIUKQMVQSJHRNC,COc1ccc(-c2cc(=O)c3c(O)cc(OC)c(OC)c3o2)cc1OC,0.39,0.6042,True,True
PWVVSODTBMUEAL,CCCCCCC#CCCCCCCC,0.6713,0.325,False,True
MCJGNVYPOGVAJF,Oc1cccc2cccnc12,0.5567,0.4167,True,True
AFBPFSWMIHJQDM,CNc1ccccc1,0.3783,0.5,True,True
WBSWYVBUGLBCOV,CCOC(=O)c1ccccc1NC,0.3383,0.3913,False,True
POPNTVRHTZDEBW,CCC(=O)OCCC(C)CCC=C(C)C,0.55,0.2222,False,False
SFLMUHDGSQZDOW,COc1cc(C=CCO)ccc1OC1OC(CO)C(O)C(O)C1O,0.6204,0.4028,True,True
LMGZGXSXHCMSAA,C1CCCCCCCCC1,0.3739,0.0968,False,False
UCIYGNATMHQYCT,C1=C\CCCCCCCC/1,0.445,0.1395,False,False
GUOSBMCHCJXBMH,C[C@@H]1CCCC[C@H](C)CC1,0.3848,0.1579,False,False
SFGYZTPBAOYZTF,C/C1=C(\C)CCCCCC1,0.4473,0.225,False,False
SBHXYTNGIZCORC,O=C1C[C@@H](c2ccc(O)c(O)c2)Oc2cc(O)cc(O)c21,0.3168,0.5,True,True
WDAXFOBOLVPGLV,CCOC(=O)C(C)C,0.2817,0.3,False,True
XHEFDIBZLJXQHF,O=c1c(O)c(-c2ccc(O)c(O)c2)oc2cc(O)ccc12,0.4583,0.3696,False,True
SHPPXMGVUDNKLV,C[C@@H]1O[C@@H](O[C@H]2[C@H](Oc3cc(O)c4c(=O)cc(-c5ccc(O)c(O)c5)oc4c3)O[C@H](CO)[C@@H](O)[C@@H]2O)[C@H](O)[C@H](O)[C@H]1O,0.6003,0.3152,False,True
FDHNLHLOJLLXDH,COc1ccc(/C=C/C(=O)c2c(O)cc(O[C@@H]3O[C@H](CO[C@@H]4O[C@@H](C)[C@H](O)[C@@H](O)[C@H]4O)[C@@H](O)[C@H](O)[C@H]3O)cc2OC)cc1O,0.6252,0.3577,False,True
FTODBIPDTXRIGS,COc1cc([C@@H]2CC(=O)c3c(O)cc(O)cc3O2)ccc1O,0.3048,0.5143,True,True
QURCVMIEKCOAJU,COc1ccc(/C=C/C(=O)O)cc1O,0.1625,0.5116,True,True
KBDSLGBFQAGHBE,CC1(C)O[C@H]2CC(=O)OC[C@]23[C@H]2CC[C@@]4(C)[C@H](c5ccoc5)OC(=O)C5O[C@]54[C@]2(C)C(=O)C[C@@H]13,0.7663,0.1649,False,False
NEFQWEGQYZRALY,C[C@@H]1O[C@@H](O[C@H]2[C@H](Oc3cc(O)c4c(c3)O[C@H](c3ccc(O)cc3)CC4=O)O[C@H](COC(=O)CC(C)(O)CC(=O)O)[C@@H](O)[C@@H]2O)[C@H](O)[C@H](O)[C@H]1O,0.5715,0.3656,False,True
YQHMWTPYORBCMF,O=C(C=Cc1ccc(O)cc1)c1c(O)cc(O)cc1O,0.363,0.4857,True,True
VCCNKWWXYVWTLT,COc1ccc(-c2cc(=O)c3c(O)cc(O[C@@H]4O[C@H](CO)[C@@H](O)[C@H](O)[C@H]4O[C@@H]4O[C@@H](C)[C@H](O)[C@@H](O)[C@H]4O)cc3o2)cc1O,0.597,0.3103,False,True
ITVGXXMINPYUHD,COc1ccc(CCC(=O)c2c(O)cc(O[C@@H]3O[C@H](CO)[C@@H](O)[C@H](O)[C@H]3O[C@@H]3O[C@@H](C)[C@H](O)[C@@H](O)[C@H]3O)cc2O)cc1O,0.5503,0.3262,False,True
RMCRQBAILCLJGU,COc1ccc([C@@H]2CC(=O)c3c(O)cc(O[C@@H]4O[C@H](CO[C@@H]5O[C@@H](C)[C@H](O)[C@@H](O)[C@H]5O)[C@@H](O)[C@H](O)[C@H]4O)cc3O2)cc1,0.5475,0.3537,False,True
KPDOJFFZKAUIOE,CC(=O)O[C@H]1CC(=O)OC(C)(C)[C@@H]2CC(=O)[C@]3(C)[C@H](CC[C@@]4(C)[C@H](c5ccoc5)OC(=O)C5O[C@]543)[C@@]12C,0.7736,0.2088,False,False
MAYJEFRPIKEYBL,CC1(C)OC(=O)C=C[C@]2(C)[C@H]3CC[C@@]4(C)[C@H](c5ccoc5)OC(=O)C5O[C@]54[C@]3(C)C(=O)C[C@@H]12,0.7983,0.1772,False,False
PWLNAUNEAKQYLH,CCCCCCCCOC(=O)CCC,0.4373,0.3276,False,True
RPMNUQRUHXIGHK,C[C@@H]1O[C@@H](O[C@H]2[C@H](Oc3cc(O)c4c(=O)cc(-c5ccc(O)cc5)oc4c3)O[C@H](CO)[C@@H](O)[C@@H]2O)[C@H](O)[C@H](O)[C@H]1O,0.567,0.3523,False,True
XJHDMGJURBVLLE,CC1=C2C3OC(=O)C(C)C3CCC2(C)C=CC1=O,0.6645,0.2759,False,False
CMUNUTVVOOHQPW,C[N+]1(C)CCCC1C(=O)[O-],0.4333,0.1887,False,False
WYURNTSHIVDZCO,C1CCOC1,0.3719,0.122,False,False
VWUGAIMYTMQVFJ,C[C@H]1[C@H](C)CC[C@]2(CO)CC[C@]3(C)C(=CC[C@@H]4[C@@]5(C)CCCC(C)(C)[C@@H]5CC[C@]43C)[C@H]12,0.7744,0.36,False,True
GIJHDGJRTUSBJR,O=c1ccc2c(O)c3ccoc3cc2o1,0.4217,0.2955,False,False
OMQADRGFMLGFJF,C[C@@H]1O[C@@H](OC[C@H]2O[C@@H](Oc3cc(O)c4c(c3)O[C@H](c3ccc(O)c(O)c3)CC4=O)[C@H](O)[C@@H](O)[C@@H]2O)[C@H](O)[C@H](O)[C@H]1O,0.5458,0.3976,False,True
NJLNIOKPXKKALD,C=C(C)C1C=CC(C)=CC1,0.505,0.1579,False,False
RQGIFUXHHWOXNT,C=C(C)C1CCC1C(=C)C,0.3217,0.1569,False,False
YIWKBKBHKZAWQV,C=C(C)C1CCC(C)C2CCC(C)=C2C1,0.635,0.1864,False,False
BOJKULTULYSRAS,C=C1CC[C@@H]2[C@](C)(CO)[C@H](O)CC[C@@]2(C)[C@@H]1C/C=C1/C(=O)OC[C@H]1O,0.7133,0.2405,False,False
YJOGCMRDEUBRJD,CC=CSC,0.4683,0.0909,False,False
GPSFYJDZKSRMKZ,Cc1cscc1C,0.5633,0.2667,False,False
WILLVGWOOMVDNT,C=C1CCC2C(C3C1=CCC3C)C2(C)C,0.6272,0.2623,False,False
ZEEUIOBUKGZKPS,CC1=C2C(CC1=O)C(C)CC[C@@H]1C2C1(C)C,0.672,0.2241,False,False
HYNGAVZPWWXQIU,C=C(C)C(CC=C(C)C)COC(C)=O,0.345,0.2115,False,False
OZNHATCGPKOFBH,CC1CCC23OC2(C)CCC2C(C13)C2(C)C,0.6069,0.1695,False,False
MNNFKQAYXGEKFA,CC1(C)CCCC2(C)C3CCC2(C)[C@@H](O)C31,0.515,0.2203,False,False
VNTMXJLNIJFLIF,O=c1cc(-c2ccc(O)c(O[C@@H]3O[C@H](CO)[C@@H](O)[C@H](O)[C@H]3O)c2)oc2cc(O)cc(O)c12,0.6433,0.3919,False,True
BAHMQESJBKGPTE,CC1=CC(=O)C2=C(C)CC3OC(=O)C(C)=C3C=C12,0.6103,0.2188,False,False
MRIXVKKOHPQOFK,COc1ccc(C(=O)O)c(O)c1,0.2333,0.4,True,True
AIFRHYZBTHREPW,c1ccc2c(c1)[nH]c1cnccc12,0.305,0.2766,False,False
RYMNVEAAYOFGCI,C=C[C@@H](CO)[C@H]1CCN2CCc3c([nH]c4ccccc34)[C@@H]2C1,0.5736,0.3077,False,True
AMBQHHVBBHTQBF,COC(=O)C1=COC(OC2OC(CO)C(O)C(O)C2O)C2C1CC(O)C2C,0.6487,0.2273,False,False
FXNFHKRTJBSTCS,O=c1cc(-c2ccccc2)oc2cc(O)c(O)c(O)c12,0.4917,0.5526,True,True
YKPUWZUDDOIDPM,COc1cc(CNC(=O)CCCC/C=C/C(C)C)ccc1O,0.6071,0.3559,False,True
CMKFQVZJOWHHDV,CCC1=C[C@@H]2CN3CCc4c([nH]c5ccccc45)[C@@](C(=O)OC)(C2)[C@@H]13,0.692,0.274,False,False
QWCNQXNAFCBLLV,C=C[C@@H](O)C#CC#C[C@@H](O)/C=C\CCCCCCC,0.6311,0.2692,False,False
QXNWVJOHUAQHLM,CC(C)c1cc2c(cc1O)[C@@]1(C)CCCC(C)(C)[C@@H]1CC2,0.645,0.3281,False,True
RERZNCLIYCABFS,COc1ccc2c3c([nH]c2c1)C(C)=NCC3,0.54,0.3333,False,True
GOMNOOKGLZYEJT,O=c1c(-c2ccccc2)coc2ccccc12,0.5767,0.439,True,True
LZEPVVDVBJUKSG,c1ccc2c(c1)OC1c3ccccc3OCC21,0.5133,0.2931,False,False
KRNURAJANZKGQN,C/C=C(\C)C(=O)OC/C=C/c1ccccc1,0.3605,0.2909,False,False
CHPPVUVCPHVDAQ,C=c1cc(O)c2c(O)c(=C3C=CC4=C(C(=O)C=C(C)C4=O)C3=O)ccc2c1O,0.585,0.2034,False,False
MXTLAHSTUOXGQF,COc1cc2c(cc1O)CC[n+]1cc3c(OC)c(OC)ccc3cc1-2,0.54,0.2903,False,False
VJCACQIAMIDZAG,CC[C@H](C[C@@H](O)[C@@H](C)[C@H]1CCC2=C3CC(=O)C4[C@H](C)[C@@H](OC(=O)c5ccccc5)CC[C@]4(C)C3CC[C@@]21C)C(C)C,0.6609,0.2523,False,False
KRQDMAXNTWLTDZ,C[C@@H]1CC[C@@]2(NC1)O[C@H]1C[C@H]3[C@@H]4CC=C5C[C@@H](O[C@@H]6O[C@H](CO)[C@@H](O[C@@H]7O[C@@H](C)[C@H](O)[C@@H](O)[C@H]7O)[C@H](O)[C@H]6O)CC[C@]5(C)[C@H]4CC[C@]3(C)[C@H]1[C@@H]2C,0.71,0.2625,False,False
ZGVSETXHNHBTRK,C[C@H]1CC[C@@H]2[C@@H](C)[C@H]3[C@H](C[C@H]4[C@@H]5CC=C6C[C@@H](O[C@@H]7O[C@H](CO)[C@H](O)[C@H](O[C@@H]8O[C@H](CO)[C@@H](O)[C@H](O)[C@H]8O)[C@H]7O[C@H]7O[C@@H](C)[C@H](O)[C@@H](O)[C@H]7O)CC[C@]6(C)[C@H]5CC[C@]34C)N2C1,0.7139,0.2812,False,False
CCPPLLJZDQAOHD,CCCCCC1OC1CC=CCCCCCCCC(=O)O,0.6415,0.2456,False,False
ZAJNGDIORYACQU,CCCCCCCCC(C)=O,0.5204,0.3077,False,True
ZJYAVUPWMNHHEU,O=c1c(O)c(-c2cc(O)c(O)c(O[C@@H]3O[C@H](CO)[C@@H](O)[C@H](O)[C@H]3O)c2)oc2cc(O)cc(O)c12,0.622,0.5692,True,True
DNIAPMSPPWPWGF,CC(O)CO,0.4083,0.2333,False,False
HOHBDLSNJIZNTQ,CCCCCCCC/C=C\CCCCCO,0.6465,0.35,False,True
RIERBYNHXFKVQP,CCCCCCCCCCC=CCCCCCCCCCCC,0.6182,0.3611,False,True
UQLOJDJIDRLJJE,CCCCCCCCCCCCCCC=CC=O,0.6715,0.3095,False,True
MTIJDFJGPCJFKE,CCCCCC/C=C/CCO,0.6299,0.35,False,True
XVOLIFYNNVCOPB,C/C=C/CCCCCCCCCCCCC=O,0.5282,0.2045,False,False
OJSGBVYEXVVNLN,CCCCCCCCCCCCCCCCCCC(C)(CC)C(=O)OC,0.4948,0.2619,False,False
ALSTYHKOOCGGFT,CCCCCCCC/C=C\CCCCCCCCO,0.6465,0.35,False,True
RNHWYOLIEJIAMV,CCCCCCCCCCCCCCCl,0.6281,0.2963,False,False
MURWRBWZIMXKGC,CCCCCCCCOC(=O)c1ccccc1C(=O)OCCCC,0.3631,0.4565,True,True
NWNDCIXVALUZHH,CCCCCCCC/C=C/CCCCCCCC(=O)OCC(CO[Si](C)(C)C)O[Si](C)(C)C,0.683,0.2564,False,False
RBKMRGOHCLRTLZ,CCCCCCCCC=CCCCCCCCCCC(=O)OC,0.6623,0.3556,False,True
KRIMXCDMVRMCTC,CCCCC(C)(C)O,0.41,0.2414,False,False
HYYFMTHLPBTTPM,CC(=O)C=CC1=C(C)CC(C)(C)C=C1,0.54,0.1875,False,False
JCKCKIGYQKMCHR,CC/C=C/C/C=C/C/C=C/CCCCCCCC(=O)OC(CO[Si](C)(C)C)CO[Si](C)(C)C,0.6845,0.2597,False,False
ISGNBHKSNFKMFU,Cc1c(C)c(O)c(C=C[C@](C)(O)CCC[C@H](C)CCC[C@H](C)CCCC(C)C)c(C)c1O,0.6452,0.197,False,False
QQNROWCMALTXCD,CC/C=C/C/C=C/C/C=C/CCCCCCCC(=O)OCCCC,0.6518,0.3077,False,True
DASOUCLGLBPXLC,CC(C)CCCC(C)C1CCC2C3CC=C4C(C)(C)C(O)CCC4(C)C3CCC12C,0.78,0.2267,False,False
YJHVMPKSUPGGPZ,C[C@@H]1CCC[C@]2(C)CC[C@@H](C(C)(C)O)C[C@@H]12,0.5583,0.175,False,False
IGUHGJGBPJUSFP,CCCCCCCCCCCCCOC(=O)c1ccccc1C(=O)OCCCC,0.3631,0.4565,True,True
PXOYOCNNSUAQNS,C=C1C(=O)O[C@@H]2C[C@@]3(C)CCC[C@H](C)C3=C[C@H]12,0.6708,0.3333,False,True
WPGQYOCOEWUCGS,CO[C@H]1O[C@@H]2COB(C)O[C@H]2[C@H](O[Si](C)(C)C)[C@H]1NC(C)=O,0.7137,0.1618,False,False
COVFEVWNJUOYRL,O=C(O)c1cc(O)c(O)c(OC(=O)c2cc(O)c(O)c(O)c2)c1,0.3415,0.6129,True,True
MQYYTNPXQXSQGM,COc1cc(O)cc(-c2cc3ccc(O)cc3o2)c1C/C=C(\C)CCC=C(C)C,0.5421,0.375,False,True
GVUMSYCSEREXHD,CC1(C)C[C@H]2C3=CC[C@@H]4[C@@]5(C)CC[C@H](O)C(C)(C)[C@@H]5CC[C@@]4(C)[C@]3(C)C[C@@H](O)[C@@]23C[C@@H]1OC3=O,0.7783,0.4079,True,True
UQZIYBXSHAGNOE,OC[C@H]1O[C@H](OC[C@H]2O[C@H](OC[C@H]3O[C@H](O[C@]4(CO)O[C@H](CO)[C@@H](O)[C@@H]4O)[C@H](O)[C@@H](O)[C@@H]3O)[C@H](O)[C@@H](O)[C@H]2O)[C@H](O)[C@@H](O)[C@H]1O,0.5704,0.2468,False,False
FLUADVWHMHPUCG,OC[C@H]1O[C@H](OC[C@H]2O[C@H](OC[C@H]3O[C@H](OC[C@H]4O[C@H](O[C@]5(CO)O[C@H](CO)[C@@H](O)[C@@H]5O)[C@H](O)[C@@H](O)[C@@H]4O)[C@H](O)[C@@H](O)[C@H]3O)[C@H](O)[C@@H](O)[C@H]2O)[C@H](O)[C@@H](O)[C@H]1O,0.5704,0.2468,False,False
OUGNWRCWQLUXHX,COc1cc(C)c2c(=O)cc(C[C@H](C)O)oc2c1[C@@H]1O[C@H](CO)[C@@H](O)[C@H](O)[C@H]1OC(=O)C=Cc1ccc(O)cc1,0.5983,0.3049,False,True
XQXPVVBIMDBYFF,O=C(O)Cc1ccc(O)cc1,0.4917,0.4118,True,True
JTSPVWIYQLSMER,C=C(C)C(CO)CC=C(C)CCC=C(C)C,0.5867,0.3061,False,True
UVIVWIFUPKGWGF,CCCCOC(=O)c1ccccc1C(=O)OCC(C)C,0.345,0.3922,False,True
OMBXNSHDJUALCV,CC/C=C/CCCCCCCCC,0.6982,0.3684,False,True
GHASVSINZRGABV,O=c1[nH]cc(F)c(=O)[nH]1,0.41,0.1765,False,False
FOBXOZMHEKILEY,CC1CCCC2=CCC3C(C3(C)C)C21C,0.6039,0.2031,False,False
PXMJCECEFTYEKE,COC(=O)CCc1cc(C(C)(C)C)c(O)c(C(C)(C)C)c1,0.2817,0.4091,True,True
QYYKWTUUCOTGNS,C/C(=C\COc1ccc2ccc(=O)oc2c1)CC[C@@H](O)C(C)(C)O,0.455,0.3214,False,True
IUSBVFZKQJGVEP,C/C=C\c1ccc(OC(C)=O)c(OC)c1,0.17,0.5,True,True
BHQCQFFYRZLCQQ,C[C@H](CCC(=O)O)[C@H]1CC[C@H]2[C@@H]3[C@H](O)C[C@@H]4C[C@H](O)CC[C@]4(C)[C@H]3C[C@H](O)[C@]12C,0.6637,0.2824,False,False
YOQFOABVDRBYCG,C=C1C=CC2CC1C2(C)C,0.5119,0.25,False,False
QGZKDVFQNNGYKY,N,0.3617,0.027,False,False
KFBCTNNQFGONHB,COc1c2ccoc2nc2c(OC)cccc12,0.6467,0.2857,False,False
YYPNJNDODFVZLE,CC(C)=CC(=O)O,0.4433,0.2,False,False
AWNPSYCZIWLZRX,CC(C)=CCCC1(C)OCC1CC=C(C)C,0.5841,0.2297,False,False
AQBXRWJMJJJCLI,CCC#CCCCCCCCCCCCCCCCC,0.688,0.3023,False,True
CLFYLNSQRWCJAY,C#CC=CCC,0.4063,0.15,False,False
UAELIRBOLQZEAT,COc1cc(-c2cc(=O)c3c(OC)c(OC)c(OC)c(OC)c3o2)cc(OC)c1OC,0.345,0.4894,True,True
WZUODJNEIXSNEU,COc1ccc(C=O)c(O)c1,0.1669,0.4412,True,True
XMSXQFUHVRWGNA,C[Si]1(C)O[Si](C)(C)O[Si](C)(C)O[Si](C)(C)O[Si](C)(C)O1,0.3833,0.0938,False,False
BMCICASJEGCJIS,CCCCCCCCC1CC1C,0.5601,0.2424,False,False
ARIRLMOIPLAKEK,CC1CCC(C(C)C)C(OC(=O)C=[N+]=[N-])C1,0.5153,0.1739,False,False
HOBAELRKJCKHQD,CCCCC/C=C\C/C=C\C/C=C\CCCCCCC(=O)O,0.6086,0.3509,False,True
CPTJXGLQLVPIGP,COc1ccc2c(c1)OC(C)(C)C=C2,0.637,0.3111,False,True
KNKRKFALVUDBJE,CC(Cl)CCl,0.4883,0.1429,False,False
VYBREYKSZAROCT,C=CC(=C)CCCC(=C)C,0.4204,0.1458,False,False
LMWNQPUYOLOJQP,COC[C@@H](O)[C@H](OC)[C@H](OC)C(C=O)OC,0.385,0.1579,False,False
HKQYGTCOTHHOMP,COc1ccc(-c2coc3cc(O)ccc3c2=O)cc1,0.625,0.434,True,True
KXQNNBUXFKDSAX,CCC/C=C/C/C=C/CCCCCCCCCC(=O)OC,0.6088,0.3182,False,True
LASHFHLFDRTERB,CCCC(CO)CCC,0.515,0.1667,False,False
HIGGFWFRAWSMBR,CCCC(=O)C(C)C,0.39,0.2273,False,False
QENGPZGAWFQWCZ,Cc1ccsc1,0.5683,0.2727,False,False
SBTJQRLWWVYRND,CCC1SSSC(CC)S1,0.4592,0.1231,False,False
OHRPDNHRQKOLGN,CCCCCc1oc(C)c(OC)c(=O)c1O,0.5467,0.3478,False,True
ZOJBYZNEUISWFT,C=CCN=C=S,0.6154,0.2581,False,False
ULIKDJVNUXNQHS,C=CCS,0.3857,0.122,False,False
AYMYWHCQALZEGT,O=C(C=Cc1ccc(O)c(O)c1)c1ccc(O)cc1O,0.3856,0.4444,True,True
JYMHODZXTIGVPA,CC1CS(=O)CC(C(=O)O)N1,0.4069,0.2,False,False
CDNNKGWZSNSADW,C[Si]1(C)O[Si](C)(C)O[Si](C)(C)O[Si](C)(C)O[Si](C)(C)O[Si](C)(C)O[Si](C)(C)O[Si](C)(C)O[Si](C)(C)O[Si](C)(C)O1,0.3833,0.0938,False,False
LEVWYRKDKASIDU,NC(CSSCC(N)C(=O)O)C(=O)O,0.4,0.2703,False,False
UBAXRAHSPKWNCX,C=CCSSSCC=C,0.4626,0.1111,False,False
RWSXRVCMGQZWBV,NC(CCC(=O)NC(CS)C(=O)NCC(=O)O)C(=O)O,0.6167,0.36,False,True
UXZNAWMXEJTQCC,COC(=O)CCCCCCC(C)C,0.5529,0.2453,False,False
HKJBUPVMFYBSHI,CCCCCCCC/C=C\CCCCCCCC(=O)OCCCCCCCCCCCCCCCCCCCC,0.6231,0.3125,False,True
VWXMLZQUDPCJPL,CC1=CC(=O)CC(C)(C)\C1=C/C=C(C)/C=C/C=C(C)/C=C/C=C/C(C)=C/C=C/C(C)=C/C=C1/C(C)=CC(=O)CC1(C)C,0.637,0.1833,False,False
FLESKWMKPOBWDE,COC(=O)CCCCCCCCCCC(C)C,0.5529,0.2453,False,False
DBRXOUCRJQVYJQ,CC1=C(CO)C(=O)O[C@@H]([C@@H](C)[C@H]2CC[C@H]3[C@@H]4C[C@H]5O[C@]56[C@@H](O)C=CC(=O)[C@]6(C)[C@H]4CC[C@]23C)C1,0.7192,0.2188,False,False
ZHCPVYWHSOILQL,C=C1C/C=C\C(C)(C)C/C=C(/C)CC[C@H]1O,0.6937,0.209,False,False
XUINKEIPBTYUJP,C=CC(C)=CC(=O)C=C(C)C,0.304,0.1786,False,False
ACUZDYFTRHEKOS,CCCCCCCCC(C)O,0.5968,0.3,False,True
YZWOKWMEQQCMRN,C=CC(=C)CCC(=O)C(=C)C,0.4883,0.1633,False,False
HRYLQFBHBWLLLL,C=C1C(=O)O[C@@H]2/C=C(\C)CC/C=C(\C)CC[C@@H]12,0.54,0.2881,False,False
BTXSROVNGICYFE,CC(C)=CCCC(C)c1ccc(C)cc1O,0.5533,0.283,False,False
KUQGJFOIULVBKJ,COC(=O)c1ccc(C(=O)O)cc1C(=O)OC,0.482,0.3659,False,True
OILAIQUEIWYQPH,O=C1CCCCC1=O,0.3581,0.1915,False,False
OVCHQRXVZXVQNQ,CC(C)C(=O)C(C)(C)C,0.335,0.2,False,False
DQBHJILNHNRDTM,CC1(O)C=C(C(C)(C)C)C(=O)C(C(C)(C)C)=C1,0.4783,0.2222,False,False
AYKYXWQEBUNJCN,CC1=CC(=O)OC1=O,0.3533,0.2286,False,False
AZVSIHIBYRHSLB,O=Cc1ccoc1,0.4888,0.2222,False,False
OZWRGFMVGUCVJF,CC(=O)CC(C)(C)c1ccc(O[Si](C)(C)C)cc1,0.535,0.25,False,False
MCFZBCCYOPSZLG,O=C1C=CC(=O)C1,0.325,0.2,False,False
XSVBIOHFPGTLKZ,CCC1CC(=O)C(=O)C1,0.3396,0.2,False,False
QJJDJWUCRAPCOL,C=COCCCCCCCCCCCCCCCCCC,0.4852,0.2424,False,False
CUOZRGBQTOSWAY,CC1(C)CC[C@]2(C(=O)O[C@@H]3O[C@H](CO)[C@@H](O)[C@H](O)[C@H]3O)CC[C@]3(C)C(=CC[C@@H]4[C@@]5(C)C[C@@H](O)[C@H](O)C(C)(C)[C@@H]5CC[C@]43C)[C@@H]2[C@@H]1O,0.8222,0.4074,True,True
CMZFNIMQBCBHEX,CC1(C)CC[C@]2(C(=O)O[C@@H]3O[C@H](CO)[C@@H](O)[C@H](O)[C@H]3O)CC[C@]3(C)C(=CC[C@@H]4[C@@]5(C)C[C@@H](O)[C@H](O)[C@@](C)(CO)[C@@H]5CC[C@]43C)[C@@H]2[C@@H]1O,0.8106,0.4161,True,True
BSCCSDNZEIHXOK,NC(=O)Oc1ccccc1,0.2067,0.3333,False,True
COZMWVAACFYLBI,O=C(O)CC(C(=O)O)C1c2c(cc(O)c(O)c2O)C(=O)OC1C(=O)O,0.5256,0.2742,False,False
OLWPUTPKEBKCOC,O=C1C2CCCCC2CC2CCCCN12,0.4533,0.2037,False,False
LLENXGNWVNSBQG,O=C(OC[C@H]1O[C@@H](OC(=O)c2cc(O)c(O)c(O)c2)[C@H](OC(=O)c2cc(O)c(O)c(O)c2)[C@@H](O)[C@@H]1O)c1cc(O)c(O)c(O)c1,0.555,0.2933,False,False
VXZBFBRLRNDJCS,CCCCCCCCCCCCCCCCCCCCCCCCCCC(=O)O,0.5075,0.325,False,True
FRTKXRNTVMCAKI,C[Si](C)(C)OC1C(O[Si](C)(C)C)C(O[Si](C)(C)C)C(O[Si](C)(C)C)C(O[Si](C)(C)C)C1O[Si](C)(C)C,0.55,0.1364,False,False
HITOXZPZGPXYHY,O=C1C=C[C@H]2COC1O2,0.5158,0.1875,False,False
SKNLUADAGHCXKF,O=CC1OC(=O)c2cc(O)c(O)c(O)c2-c2c(cc(O)c(O)c2O)C(=O)OC1C1OC(=O)c2cc(O)c(O)c(O)c2-c2c(O)c(O)c3oc(=O)c4c(c(O)c(O)c5oc(=O)c2c3c54)-c2c(cc(O)c(O)c2O)C(=O)OCC1O,0.75,0.31,False,True
ZJVUMAFASBFUBG,O=C1O[C@H]2[C@@H]3OC(=O)c4cc(O)c(O)c(O)c4-c4c(O)c(O)c5oc(=O)c6c(c(O)c(O)c7oc(=O)c4c5c76)-c4c(cc(O)c(O)c4O)C(=O)OC[C@H]3OC(O)[C@@H]2OC(=O)c2cc(O)c(O)c(O)c2-c2c1cc(O)c(O)c2O,0.7217,0.3763,False,True
IQHIEHIKNWLKFB,O=C1OCC2OC(O)C(O)C(O)C2OC(=O)c2cc(O)c(O)c(O)c2-c2c(O)c(O)c3oc(=O)c4c(c(O)c(O)c5oc(=O)c2c3c54)-c2c1cc(O)c(O)c2O,0.725,0.3402,False,True
HGJXAVROWQLCTP,O=C(O)CC1C(=O)OC2C3COC(=O)c4cc(O)c(O)c(O)c4-c4c(cc(O)c(O)c4O)C(=O)OC2C(OC(=O)c2cc(O)c(O)c4c2C1C(O)C(=O)O4)C(OC(=O)c1cc(O)c(O)c(O)c1)O3,0.8483,0.9114,True,True
YGVHOSGNOYKRIH,O=C(O)CC1C(=O)O[C@H]2[C@H](OC(=O)c3cc(O)c(O)c(O)c3)[C@@H](OC(=O)c3cc(O)c(O)c4c3[C@H]1C(O)C(=O)O4)[C@H](OC(=O)c1cc(O)c(O)c(O)c1)O[C@@H]2COC(=O)c1cc(O)c(O)c(O)c1,0.79,0.6154,True,True
RLLPVAHGXHCWKJ,CC1(C)C(C=C(Cl)Cl)C1C(=O)OCc1cccc(Oc2ccccc2)c1,0.4917,0.3077,False,True
UPJFTVFLSIQQAV,CCCCC1OC(=O)C2=CCCCC21,0.4661,0.2059,False,False
ZYXFMIIERMWLTR,O=C(/C=C/c1ccccc1OCCCCBr)c1ccccc1,0.6926,0.377,False,True
SWRFKGRMQVLMKA,O=C(OC1OC2COC(=O)c3cc(O)c(O)c(O)c3-c3c(cc(O)c(O)c3O)C(=O)OC2C2OC(=O)c3cc(O)c(O)c(O)c3-c3c(cc(O)c(O)c3O)C(=O)OC12)c1cc(O)c(O)c(O)c1,0.7383,0.5949,True,True
WWUVJRULCWHUSA,C=C(C)CCC,0.4083,0.2143,False,False
JPFTUUXPCFNLIX,Cc1ccc2[nH]c(-c3ccccc3)cc2c1,0.5567,0.375,False,True
GEAGRKQCZVLNAU,O=C1OC2C(O)OC(CO)C(O)C2OC(=O)c2cc(O)c(O)c(O)c2-c2c1cc(O)c(O)c2O,0.6533,0.2889,False,False
OBETXYAYXDNJHR,CCCCC(CC)C(=O)O,0.4517,0.2593,False,False
GBGPVUAOTCNZPT,Cc1cc2ccccc2o1,0.3,0.3333,False,True
LEEDMQGKBNGPDN,CCCCCCCCCCCCCCCCCC(C)C,0.6251,0.2759,False,False
VDAVEASVPZDNQB,CCCC(C)CCCC(C)CC,0.6175,0.1515,False,False
QQWXDSCYXKZATG,CCCCC(C)CCCC(C)CC,0.5917,0.1875,False,False
BROCWTPIHSSSRF,COC1=C(C2=C(N3CCCCC3)C(=O)c3cccc(OC)c3C2=O)C(=O)c2c(OC)cccc2C1=O,0.3683,0.3036,False,True
SKIHGKNFJKJXPX,C=CCCN=C=S,0.6519,0.3226,False,True
SQKZZFHVQCSUHZ,CCCCCCCCCC(C)CCCC,0.6601,0.2667,False,False
FCKJYANJHNLEEP,C=C1CCC(O)CC1=CC=C1CCCC2(C)C1CCC2C(C)CCC(O)C(C)(C)O,0.7077,0.2234,False,False
JPDORDSJPIKURD,COc1cc(C2OC(c3ccc4c(c3)OCO4)C(C)C2C)ccc1O,0.3191,0.3281,False,True
XSJKUWVPNAAKPD,Cc1ccc(C(C)C)c(O[Si](C)(C)C(C)(C)C)c1,0.4772,0.2295,False,False
QUUDZINXVRFXLB,C[Si](C)(C)OC(=O)CCC(=O)O[Si](C)(C)C,0.365,0.2,False,False
WTBZNVRBNJWSPF,CC(=O)OC(C)(C)/C=C/C(=O)[C@](C)(O)[C@H]1[C@H](O)C[C@@]2(C)[C@@H]3CC=C4[C@@H](CC(=O)C(O)C4(C)C)[C@]3(C)C(=O)C[C@]12C,0.6956,0.2062,False,False
BGTOWKSIORTVQH,O=C1CCCC1,0.3578,0.1892,False,False
HCPORNAVHSWTOJ,CCC(=O)c1ccco1,0.41,0.3261,False,True
USBJDBWAPKNPCK,C[Si](C)(C)OCC(O[Si](C)(C)C)C(O[Si](C)(C)C)C(O[Si](C)(C)C)C(CO[Si](C)(C)C)O[Si](C)(C)C,0.4817,0.119,False,False
UDESWCQJPWPMKY,CCCCCCCCCCCCCCCCCOC(=O)CCCl,0.5785,0.3115,False,True
JKYGPAJMFOJYKA,CN1CCC(c2ccc(O)c(O)c2)CC1,0.25,0.3556,False,True
BUYNWUMUDHPPDS,CCCCCC(=O)OCCc1ccccc1,0.3689,0.3878,False,True
ZEACOKJOQLAYTD,Oc1cc(O)c2c(c1)O[C@H](c1cc(O)c(O)c(O)c1)[C@@H](O)[C@H]2O,0.3368,0.3906,False,True
BWGNRRGTNFKGQK,O=C1C=CC(=O)c2c1c(O)c1c(NCCNCCO)ccc(NCCNCCO)c1c2O,0.5683,0.1935,False,False
KGRVJHAUYBGFFP,Cc1cc(Cc2cc(C)cc(C(C)(C)C)c2O)c(O)c(C(C)(C)C)c1,0.32,0.35,False,True
OVZDPVSNAWTXPC,C=Cc1c2[nH]c(c1C)C=C1N=C(C3=CC(=O)c4c3[nH]c(c4C)C=c3[nH]c(c(C)c3CC)=C2)C(CCC(=O)O)[C@@H]1C,0.665,0.1684,False,False
RHGHBLSDPQFOTE,CCCCCCCCCCCC(C)(CC)CO,0.5783,0.2647,False,False
DWWPSRGTSZHWME,COC(=O)C1(C)C(=O)CCC2(C)C1CCC1(C)C2CC=C2C3C(C)C(C)CCC3(C)CCC21C,0.7693,0.4026,True,True
JFVKWCYZKMUTLH,C=C(C)[C@H]1Cc2c(ccc3c2O[C@@H]2COc4cc(OC)c(OC)cc4[C@]2(O)C3=O)O1,0.6953,0.2222,False,False
ORDAZKGHSNRHTD,COc1cc2c(cc1OC)C1C(=O)c3ccc4c(c3O[C@@H]1CO2)C=CC(C)(C)O4,0.6417,0.2747,False,False
HUKSJTUUSUGIDC,Oc1ccc2c(c1)OC[C@H]1c3cc4c(cc3O[C@@H]21)OCO4,0.482,0.2698,False,False
AQBZCCQCDWNNJQ,COc1cc2c(cc1OC)[C@]1(O)C(=O)c3ccc4c(c3O[C@@H]1CO2)C=CC(C)(C)O4,0.6921,0.2826,False,False
CFFZDZCDUFSOFZ,O=C(O)Cc1ccc(O)c(O)c1,0.4538,0.4054,True,True
RWPICVVBGZBXNA,CCCCC(CC)COC(=O)c1ccc(C(=O)OCC(CC)CCCC)cc1,0.5733,0.2708,False,False
MIKKTERVKUURCM,CCCCCCCCCC(C)CCCCCCCCC,0.6601,0.2759,False,False
VIHAEDVKXSOUAT,O=C1C=CCO1,0.43,0.1951,False,False
VQKFNUFAXTZWDK,Cc1ccco1,0.3583,0.3143,False,True
SCBBSJMAPKXHAH,COC1C(O)C(O)OC(CO)C1O,0.4888,0.283,False,False
UAGJVSRUFNSIHR,COC(=O)CCC(C)=O,0.3767,0.2564,False,False
TWPSDSBUCWTKIS,CCOC(=O)CCCCCCCCCCCCC(C)CC,0.5961,0.25,False,False
DWJZKGYQNOQQEZ,O=C(C(O)CO)C(O)C(O)CO,0.4117,0.1667,False,False
AJGYLNFUYLRZFR,CC1(O)C(O)C(O)C(O)C(O)C1O,0.4371,0.2,False,False
HGVVOUNEGQIPMS,Oc1cc(O)c2c(c1)OC(c1ccc(O)c(O)c1)C(OC1(c3ccc(O)c(O)c3)Oc3cc(O)cc(O)c3C(O)C1O)C2,0.3292,0.4167,True,True
ZSKGQVFRTSEPJT,O=Cc1ccc[nH]1,0.295,0.2051,False,False
RWRDLPDLKQPQOW,C1CCNC1,0.5102,0.1282,False,False
XCLIHDJZGPCUBT,C[Si](C)(O)O,0.285,0.1176,False,False
DUPDJVDPPBFBPL,C=C1C=CCC(C)(C)C12CCC(C)O2,0.6652,0.2,False,False
ANOXEUSGZWSCQL,COc1cc2c3c(c1OC)Oc1ccc(cc1)C[C@@H]1c4c(cc(OC)c(OC)c4Oc4ccc(cc4)C[C@H]3N(C)CC2)CCN1C,0.5854,0.2597,False,False
PWNNNPNYRQKGND,COC(C(=O)C(O)CO)C(O)C(=O)O,0.5017,0.2321,False,False
SXNBVULTHKFMNO,CCCCCCCCCCCCCCCCC(O)(O)C(=O)O,0.4376,0.2647,False,False
XKGDWZQXVZSXAO,CCCCCC[C@@H](O)C/C=C\CCCCCCCC(=O)OC,0.7054,0.2909,False,False
DFPAKSUCGFBDDF,NC(=O)c1cccnc1,0.4038,0.4595,True,True
WBHHMMIMDMUBKC,CCCCCC[C@@H](O)C/C=C\CCCCCCCC(=O)O,0.6769,0.2593,False,False
OLBNOBQOQZRLMP,COC1=CC(=O)C=C(OC)C1=O,0.5519,0.6957,True,True
BJRNKVDFDLYUGJ,OC[C@H]1O[C@@H](Oc2ccc(O)cc2)[C@H](O)[C@@H](O)[C@@H]1O,0.532,0.4833,True,True
JNNGEAWILNVFFD,C[C@@H]1[C@H]2[C@H](O[C@@H]3O[C@H](CO)[C@@H](O)[C@H](O)[C@H]3O)OC=C(C(=O)O)[C@H]2C[C@@H]1O,0.6133,0.2326,False,False
WKSNGSPNQSMRBC,CC[C@H]1[C@@H]2CCN3CC[C@@]4(C(=Nc5ccccc54)C2C(=O)OC)[C@@H]13,0.596,0.2381,False,False
VOXZDWNPVJITMN,CC12CCC3c4ccc(O)cc4CCC3C1CCC2O,0.59,0.2424,False,False
PCWGTDULNUVNBN,CC(C)CCCO,0.5217,0.2195,False,False
DVBQHEGQMJLCBQ,CC(=O)C[C@@]1(O)C(=O)C=C2C(=O)O[C@H]3[C@H](OC(=O)c4cc(O)c(O)c(O)c4)O[C@@H]4COC(=O)c5cc(O)c(O)c(O)c5-c5c(cc(O)c(O)c5O)C(=O)O[C@H]3[C@@H]4OC(=O)c3cc(O)c(O)c4c3C2[C@]1(O)O4,0.7867,0.5,True,True
FBUBVLUPUDBFME,COc1cc(O)c(C(C)=O)c(OC)c1,0.4519,0.3889,False,True
ZAASYBLGJDURHX,CC(C)C1CCC2(C)C=CC(=O)CC2(C)C1,0.7712,0.2131,False,False
BATOPAZDIZEVQF,CC=CC=CC=O,0.455,0.1111,False,False
VCLWSWMAOCDYJR,C/C=C/CC/C=C/CC/C=C/CO,0.4883,0.1489,False,False
QCDWFXQBSFUVSP,OCCOc1ccccc1,0.34,0.4138,True,True
MJYUBUQHKCAJQR,CC1(C)CC2C(C1)C1(C)CCCC2(C)C1O,0.5383,0.1951,False,False
OHEFFKYYKJVVOX,CC(C)=CCCC(C)O,0.5517,0.2273,False,False
DHKHKXVYLBGOIT,CCOC(C)OCC,0.2954,0.2353,False,False
ORILYTVJVMAKLC,C1C2CC3CC1CC(C2)C3,0.3772,0.1034,False,False
NCDCLPBOMHPFCV,CCCCCCOC(=O)CCCCC,0.4928,0.3051,False,True
NBZANZVJRKXVBH,CC1=CCCC(C)(C)[C@H]1/C=C/C(C)=C/C=C/C(C)=C/C=C/C=C(C)/C=C/C=C(C)/C=C/C1=C(C)C[C@@H](O)CC1(C)C,0.6438,0.1625,False,False
RGACQXBDYBCJCY,CC/C=C\CCOC(=O)CCCCC,0.6006,0.2692,False,False
BIWLELKAFXRPDE,CC(C)=CCCC(C)=CCCC(C)=CC=CC(C)=CC=CC=C(C)C=CC=C(C)CCC=C(C)CCC=C(C)C,0.5854,0.3404,False,True
XDSYKASBVOZOAG,C=C[C@@]1(C)C=C2CC[C@H]3C(C)(C)CCC[C@]3(C)[C@H]2CC1,0.6595,0.2388,False,False
UEOKCUGZTJHPBW,C/C=C1/C(=O)O[C@]23C=C[C@@H]4C(C(=O)OC)[C@@H](O)O[C@H](O[C@@H]12)[C@@H]43,0.6383,0.1944,False,False
BAVPUWMUHDMCAA,C=CCCC(=O)C=CC1=C(C)CCCC1(C)C,0.7067,0.2239,False,False
NQBWNECTZUOWID,O=C(/C=C/c1ccccc1)OC/C=C/c1ccccc1,0.2623,0.4444,True,True
WBJINCZRORDGAQ,CCOC=O,0.3483,0.2051,False,False
FRISMOQHTLZZRP,CC(C)=CC1CC(C)=CCO1,0.4474,0.1618,False,False
MJQVZIANGRDJBT,O=C(C=Cc1ccccc1)OCCc1ccccc1,0.1507,0.7179,True,True
NGFFRJBGMSPDMS,CC1=CCC2(C)CCC3(C)C(CCC4C5(C)CCC(O)C(C)(C)C5CCC43C)C2C1C,0.75,0.25,False,False
HJFZAYHYIWGLNL,Cc1cncc(C)n1,0.4317,0.2162,False,False
MRWLZECVHMHMGI,CCc1cnc(C)c(CC)n1,0.6133,0.2115,False,False
MKUWVMRNQOOSAT,C=CC(C)O,0.2988,0.2162,False,False
KAYVDASZRFLFRZ,O=C(C=CC=CCC/C=C/c1ccc2c(c1)OCO2)N1CCCCC1,0.4631,0.3382,False,True
WFKAJVHLWXSISD,CC(C)C(N)=O,0.3117,0.2188,False,False
RPOYGOULCHMVBB,CC(C)CNC(=O)C=CC=CCCCC/C=C/c1ccc2c(c1)OCO2,0.5586,0.3521,False,True
PKLGRWSJBLGIBF,O=C(/C=C/CCCC/C=C/c1ccc2c(c1)OCO2)N1CCCCC1,0.4786,0.3433,False,True
GQIJYUMTOUBHSH,O=C(/C=C/C=C/c1ccc2c(c1)OCO2)N1CCCC1,0.3486,0.3607,False,True
KPQMCAKZRXOZLB,CC1=CC(=O)CC(C)(C)[C@@]1(O)/C=C/[C@@H](C)O,0.5189,0.1791,False,False
VVCHIOKYQRUBED,CC(C)=CCCC(C)C1C=CC(C)(O)CC1,0.6603,0.3056,False,True
OVKDFILSBMEKLT,C=C(C)C1(O)CC=C(C)CC1,0.4137,0.1639,False,False
NTPLXRHDUXRPNE,COc1ccc(C(C)=O)cc1,0.2337,0.4651,True,True
ARULVMGJDAAVBD,CCCCCCCCC#CCCCCCCCCCC,0.6713,0.325,False,True
VABYUUZNAVQNPG,COc1cc(/C=C/C(=O)N2CCC=CC2=O)cc(OC)c1OC,0.4169,0.3824,False,True
URFYPQQKBYOWIX,CC(C)CCC/C=C/CCCCNC(=O)/C=C/C=C\c1ccc2c(c1)OCO2,0.6009,0.3065,False,True
VLNRAGRUEHHINT,CC1C(=O)CC[C@H]2[C@]3(C)CC[C@@]4(C)[C@@H]5CC(C)(C)[C@H](O)C[C@]5(C)CC[C@]4(C)[C@H]3CC[C@]12C,0.5675,0.2152,False,False
OCPAULKJMZLXQF,O=C1O[C@H]2[C@@H]3OC(=O)c4cc(O)c(O)c(O)c4-c4c(cc(O)c(O)c4O)C(=O)OC[C@H]2O[C@@H](OC(=O)c2cc(O)c(O)c(O)c2)[C@@H]3OC(=O)c2cc(O)c(O)c3c2C2=C1CC(=O)[C@](O)(O3)C2(O)O,0.715,0.5,True,True
WAPNOHKVXSQRPX,CC(O)c1ccccc1,0.2633,0.3929,False,True
NTOPKICPEQUPPH,COc1nccnc1C(C)C,0.4683,0.1875,False,False
ZOASGOXWEHUTKZ,CCCSC,0.4467,0.2059,False,False
GJYMQFMQRRNLCY,CC=CC(C)O,0.3417,0.1628,False,False
NSFWLHKFTGZFBP,C=CC(O)CCCCCCC,0.5951,0.2647,False,False
IMNFDUFMRHMDMM,CCCCCCC,0.5118,0.3636,False,True
JXIDLTMFZFVXNT,CCC=CC=CCC=O,0.3683,0.1538,False,False
KSJHEGGDTGLBND,C=C1CC[C@H]2[C@@](C)(CC[C@H]3C(C)(C)CCC[C@@]32C=O)[C@@H]1CCC(C)=O,0.6094,0.2078,False,False
ALTSDDHTSDGUCM,CCCCC=COC(=O)c1ccccc1,0.5031,0.4082,True,True
LMWNGLDCJDIIBR,CCC(=O)C=CC1=C(C)CCCC1(C)C,0.6833,0.2,False,False
PANKHBYNKQNAHN,CC(/C=C/C=C(\C)C(=O)O)=C\C=C\C=C(C)\C=C\C=C(/C)C(=O)O,0.5167,0.16,False,False
VWRCAQBZONAKSC,CCCCCCCCCCCCCCC(=O)C(=O)OC,0.5592,0.2889,False,False
HGTCGIXAQAYYBS,CCCCCCCC/C=C/CCCCCCCCCCCCCCCC,0.6182,0.3611,False,True
VJVMMXUPZGOBSN,C=CC(C)=CC[C@H]1C(=C)CC[C@H]2C(C)(C)CCC[C@]12C,0.595,0.2286,False,False
RTIXKCRFFJGDFG,O=c1cc(-c2ccccc2)oc2cc(O)cc(O)c12,0.3793,0.5333,True,True
YSPASYBIZCABDF,CCCCCCCCCCCCCCCCCOC(=O)C(Cl)Cl,0.5441,0.2881,False,False
VCCRNZQBSJXYJD,O=c1c(O)c(-c2ccccc2)oc2cc(O)cc(O)c12,0.368,0.4237,True,True
KKFZXXATNGJPJS,CC(C)CCCC(C)CCCCC(C)CCCC(C)C,0.6058,0.1875,False,False
YSOYXLPARMWZFY,C=C(C)[C@H]1/C=C(\C)CC/C=C(\C)CCC1,0.4772,0.2,False,False
ATUOYWHBWRKTHZ,CCC,0.3133,0.1429,False,False
UVKRXNQETSWQQS,C=C1CC(CC=C(C)C)CC(C)(C)C1CO,0.6737,0.2586,False,False
GVVFZRMBPSZJPL,CC=Cc1cccc(O)c1OC,0.4983,0.3404,False,True
GRFNBEZIAWKNCO,Oc1cccnc1,0.3005,0.3333,False,True
BVJSUAQZOZWCKN,OCc1ccc(O)cc1,0.3921,0.4231,True,True
YZXBAPSDXZZRGB,CCCCC/C=C\C/C=C\C/C=C\C/C=C\CCCC(=O)O,0.5387,0.3818,False,True
CVULDJMCSSACEO,O=C(NC(Cc1ccccc1)C(=O)OC[C@H](Cc1ccccc1)NC(=O)c1ccccc1)c1ccccc1,0.4012,0.4211,True,True
DOWAMUFNFMVVFD,CO[C@@H]1OC[C@@H](O)[C@@H](OC(C)=O)[C@H]1O,0.5648,0.1905,False,False
KIULDMFHZZHYKZ,CC(C)CCC[C@@H](C)[C@H]1CC[C@H]2[C@@H]3C=CC4=C[C@@H](O)CC[C@]4(C)[C@H]3CC[C@]12C,0.7436,0.2267,False,False
SFVWPXMPRCIVOK,OC1CCCCCCCCCCC1,0.3256,0.1591,False,False
ATEFPOUAMCWAQS,O=c1ccc2ccc(O)c(O)c2o1,0.305,0.4054,True,True
SHDKPHGPBNHILS,CCCCCCCCCCCCCCCCCCCCCCCCCCCCl,0.6281,0.2963,False,False
CLWAXFZCVYJLLM,CCCCCCCCCCCCCCCCCl,0.6281,0.2963,False,False
KIDQUNOGEXTBNB,CC1=C(CCC(C)CO)OC2CC3C4CC=C5CC(O)CCC5(C)C4CCC3(C)C12,0.7617,0.2045,False,False
IMPKVMRTXBRHRB,OC1[C@@H](O)[C@H](O)C[C@@H](O)[C@@H]1O,0.324,0.1333,False,False
JMFWYRWPJVEZPV,COc1cc(-c2oc3cc(O)cc(O)c3c(=O)c2OC2OC(CO)C(O)C(O)C2O)cc(OC)c1O,0.6667,0.6061,True,True
CLFDIFDNDWRHJF,Cc1ccc(C(C)CO)cc1,0.2989,0.2703,False,False
HKONUBJUASBFSN,CC(C)=CCC/C(C)=C\C/C=C(\C)CC=O,0.5438,0.3864,False,True
LOUIMJFJROISMD,CCOC/C=C(\C)CCC=C(C)C,0.5604,0.3333,False,True
YPSAOPXJHSESSR,CCN1CC2(C)CCC(OC)C34C5CC6CCC(O)(C5C(=O)O6)C(C(O)C23)C14,0.6933,0.1778,False,False
JZOCDHMHLGUPFI,C=CC(C)(CCC=C(C)C)OC=O,0.4583,0.2105,False,False
YYJWBYNQJLBIGS,CC=C(C)C(=O)OC,0.4263,0.2051,False,False
OTKJDMGTUTTYMP,CCCCCCCCCCCCCCC[C@@H](O)[C@@H](N)CO,0.64,0.25,False,False
JZQNTAVPVKXDHG,CCC(C)CCCCCCCCCCCCCCCCCCCCCCCCC(=O)O,0.587,0.2826,False,False
UELRAKDBDJRXST,COc1ccnc(C(=O)O)c1,0.6,0.3962,False,True
MEEONOMPSMYAQO,CCCCCCCC/C=C\CCCCCCCC(=O)OC[C@H]1O[C@@H](O[C@H]2CC[C@@]3(C)C(=CC[C@H]4[C@@H]5CC[C@H]([C@H](C)CC[C@H](CC)C(C)C)[C@@]5(C)CC[C@@H]43)C2)[C@H](O)[C@@H](O)[C@@H]1O,0.7297,0.2459,False,False
MGYPWVCKENORQX,CON=C(C(=O)NC1C(=O)N2C(C(=O)OC(C)OC(=O)C(C)(C)OC)=C(COC(N)=O)CS[C@H]12)c1ccco1,0.6551,0.2054,False,False
QZJDYFVPLXBWTK,CCCCCCCCCCCCCCCCCC(=O)OCCN(CC)CC,0.5246,0.24,False,False
NZSLQDJARYZBJR,CC(C)CC1NC(=O)C(NC(=O)C(CC(C)C)N(C)C)[C@@H](C(C)C)Oc2ccc(cc2)/C=C\NC1=O,0.5117,0.2299,False,False
KHVMAMXQPVHXTJ,O=C(O)C1O[C@@H](Oc2c(O)cc(O)c3c(=O)c(O)c(-c4ccc(O)c(O)c4)oc23)[C@H](O)[C@@H](O)[C@@H]1O,0.6187,0.5522,True,True
GXJXATAYZOLJHQ,CC1NC(=O)c2ccccc2NC(=O)C(Cc2ccc(O)cc2)N(C)C(=O)C(C(C)C)NC(=O)C(Cc2ccccc2)N(C)C1=O,0.5223,0.241,False,False
JRVFYHGCYUUHNE,COc1c(C)[nH]c(CCCCCCCCCC[C@@H](C)O)cc1=O,0.6075,0.2456,False,False
JFXBEKISTKFVAB,COc1ccc2cc1Oc1cc3c(cc1OC)CC[N+](C)(C)[C@H]3Cc1ccc(cc1)Oc1c(OC)c(OC)cc3c1[C@@H](C2)[N+](C)(C)CC3,0.6783,0.2063,False,False
YBCPYHQFUMNOJG,COc1cc2c(cc1OC)C(CCc1ccc(Cl)cc1)N(C)CC2,0.7167,0.2676,False,False
PEFASEPMJYRQBW,C[C@@H]1O[C@@H](OC[C@H]2O[C@@H](Oc3c(-c4ccc(O)cc4)oc4cc(O[C@@H]5O[C@@H](C)[C@H](O)[C@@H](O)[C@H]5O)cc(O)c4c3=O)[C@H](O)[C@@H](O)[C@H]2O)[C@H](O)[C@H](O)[C@H]1O,0.6617,0.4605,True,True
ITMCEJHCFYSIIV,O=S(=O)(O)C(F)(F)F,0.5467,0.1818,False,False
YUSWMAULDXZHPY,O=c1cc(-c2ccc(O)c(-c3c(O)cc(O)c4c(=O)cc(-c5ccc(O)cc5)oc34)c2)oc2cc(O)cc(O)c12,0.4683,0.4138,True,True
GWCSSLSMGCFIFR,COc1cc([C@H]2Oc3c(OC)cc(/C=C/C=O)cc3[C@@H]2CO)ccc1O,0.48,0.3548,False,True
OCNYGKNIVPVPPX,COC(=O)C=Cc1ccc(O)c(O)c1,0.1217,0.5476,True,True
AMIMRNSIRUDHCM,CC(C)C=O,0.3667,0.1429,False,False
KCDXJAYRVLXPFO,COc1cc(C=O)cc(OC)c1O,0.1917,0.45,True,True
GHBSPIPJMLAMEP,CCCCCC1CCCC(=O)O1,0.4681,0.2097,False,False
VLUMOWNVWOXZAU,CC(C=O)=Cc1ccccc1,0.36,0.3611,False,True
GDOPTJXRTPNYNR,CC1CCCC1,0.3732,0.1622,False,False
TWXUTZNBHUWMKJ,C=CCOC(=O)CCC1CCCCC1,0.3748,0.2419,False,False
SIBCECUUMHIAAM,CC1=CC[C@@]2(CC1)C(C)=CCCC2(C)C,0.5837,0.2069,False,False
XSIFPSYPOVKYCO,CCCCOC(=O)c1ccccc1,0.3897,0.4286,True,True
ACFCPKXNISJZKZ,C=C/C=C/C1=C(C)C=CCC1(C)C,0.69,0.1695,False,False
ZFDIRQKJPRINOQ,C/C=C/C(=O)OCC,0.2533,0.3409,False,True
VTSFIPHRNAESED,CCC=CCC(=O)OCC,0.4592,0.2553,False,False
TVQGDYNRXLTQAP,CCCCCCC(=O)OCC,0.5019,0.2791,False,False
YIKYNHJUKRTCJL,CCc1occc(=O)c1O,0.4283,0.2439,False,False
GYCKQBWUSACYIF,CCOC(=O)c1ccccc1O,0.3833,0.4524,True,True
OJIBJRXMHVZPLV,CCCCCCCCCCCCCCCC(=O)OCC(C)C,0.5531,0.2553,False,False
XDEGQMQKHFPBEW,CC=C(C)C(=O)OCC(C)C,0.428,0.22,False,False
XUGNVMKQXJXZCD,CCCCCCCCCCCCCCCC(=O)OC(C)C,0.5582,0.2667,False,False
DDMCDMDOHABRHD,CCC(O)C(=O)OC,0.4017,0.2973,False,False
LDLDJEAVRNAEBW,COC(=O)CC(C)O,0.3183,0.2632,False,False
OIUBYZLTFSLSBY,O=c1c(O)c(-c2ccc(O[C@@H]3O[C@H](CO)[C@@H](O)[C@H](O)[C@H]3O)c(O)c2)oc2cc(O)cc(O)c12,0.6157,0.5072,True,True
OTXNTMVVOOBZCV,CC(C)=CCC/C(C)=C/CC/C(C)=C/CC[C@]1(C)CCc2cc(O)c(C)c(C)c2O1,0.7253,0.3226,False,True
GLDQAMYCGOIJDV,O=C(O)c1cccc(O)c1O,0.475,0.4,True,True
QAOWNCQODCNURD,O=S(=O)(O)O,0.3617,0.1786,False,False
UCFQYMKLDPWFHZ,C/C=C(\C)C(=O)OCCC(C)CCC=C(C)C,0.5725,0.2329,False,False
VEXZGXHMUGYJMC,Cl,0.3533,0.0303,False,False
HAVWRBANWNTOJX,COc1cc2ccc(=O)oc2c(O)c1O,0.295,0.4186,True,True
OHOBPOYHROOXEI,CC1OC(OC2C(Oc3c(-c4ccc(O)cc4)oc4cc(O)cc(O)c4c3=O)OC(CO)C(O)C2O)C(O)C(O)C1O,0.5883,0.4805,True,True
VYJUHRAQPIBWNV,COc1cc2c(cc1O)C[C@@H]1NCCc3cc4c(c-2c31)OCO4,0.4956,0.2319,False,False
YTPVQABXWSESFQ,C=CC#CCCCCCCCCCCO,0.5611,0.1538,False,False
XVFFSHOUXDIMLE,CC(=O)Cc1occc1C,0.5233,0.25,False,False
ILEDHMVFQOCEJU,CC(=O)OC1CCC23CC1(C)CCC2C(C)(C)CC3OC(C)=O,0.6217,0.209,False,False
PBOSTUDLECTMNL,C=CC(=O)OCCCCCCCCCCCC,0.5309,0.2889,False,False
GMFXFQNMVCGMRB,CC(C)=C1C=CC(C(=O)O)C2CCC(=O)CC12,0.457,0.2241,False,False
BNJOQKFENDDGSC,O=C(O)CCCCCCCCCCCCCCCCC(=O)O,0.3804,0.3333,False,True
FLDNEOWDJOPXSX,CCCCCCCC/C=C\CCCCCCCCOC(=O)C(F)(F)F,0.6346,0.3,False,True
VDNXOMXXJXUGHQ,CCCCCCCCCOC(=O)c1ccccc1C(=O)OCCCC,0.3631,0.4565,True,True
SYHDSBBKRLVLFF,CCN(CC)CCOc1ccc(C(O)(Cc2ccc(Cl)cc2)c2ccc(C)cc2)cc1,0.5317,0.2807,False,False
MKYUCBXUUSZMQB,CC/C=C\CC(O)C(O)/C=C/C(O)CCCCCCCC(=O)O,0.6494,0.2241,False,False
WLGDDELKYAWBBL,O=CCCCCCCCC(=O)O,0.5201,0.2791,False,False
JJRYPZMXNLLZFH,CC(=O)/C=C/[C@@]1(O)C(C)=CC(=O)CC1(C)C,0.55,0.193,False,False
RNVUDWOQYYWXBJ,O=c1c(OC2OCC(O)C(O)C2O)c(-c2ccc(O)cc2)oc2cc(O)cc(O)c12,0.6137,0.5469,True,True
YUULFXAQUWEYNP,O=C(O[C@@H]1Cc2c(O)cc(O)cc2O[C@@H]1c1cc(O)c(O)c(O)c1-c1c([C@H]2Oc3cc(O)cc(O)c3C[C@H]2OC(=O)c2cc(O)c(O)c(O)c2)cc(O)c(O)c1O)c1cc(O)c(O)c(O)c1,0.5708,0.5373,True,True
JLFHSPGTENNODT,O=C(O[C@@H]1Cc2c(O)cc(O)cc2O[C@@H]1c1cc(O)c(O)cc1-c1c([C@H]2Oc3cc(O)cc(O)c3C[C@H]2OC(=O)c2cc(O)c(O)c(O)c2)cc(O)c(O)c1O)c1cc(O)c(O)c(O)c1,0.6219,0.507,True,True
MHXCIKYXNYCMHY,COc1cc(C[C@H]2CO[C@H](c3ccc(O)c(OC)c3)[C@H]2CO)ccc1O,0.3321,0.4386,True,True
LWEHRPZXRYZMDC,COc1cc(O)ccc1O[C@@H]1O[C@H](CO)[C@@H](O)[C@H](O)[C@H]1O,0.6137,0.3971,False,True
RXGUTQNKCXHALN,O=C(C=Cc1ccc(O)cc1)NCCc1ccc(O)cc1,0.2902,0.4717,True,True
SBLZVJIHPWRSQQ,COc1cc([C@H]2Oc3c(OC)cc(CCCO)cc3[C@@H]2CO)ccc1O,0.465,0.3125,False,True
PGVOXXHNGYYHHB,CCCCCCCCCC(CC)c1ccccc1,0.5949,0.3243,False,True
QYGTVPFTIUUDSL,C/C1=C/CC2C(CC2(C)C)C(C)CCC1O,0.7033,0.197,False,False
GUUHFMWKWLOQMM,CCCCCC/C(C=O)=C\c1ccccc1,0.6664,0.375,False,True
QUZRLHPXXNPHDI,CCC(C)(C)CCCC(C)(CC)CCCC(C)CCC(C)=O,0.6508,0.1905,False,False
UNJNVKPKKZTPPR,CCCCCCCCCCC/C=C/CO,0.6499,0.35,False,True
WLXJHVQYKOJBBN,CC(=O)C1CC[C@@H]2[C@@H]1[C@H](C(C)C)CC[C@@]2(C)O,0.5173,0.1818,False,False
DMHADBQKVWXPPM,CC1=CCC=C(C)CCC=C(C)CCC(C(C)C)C=C1,0.4486,0.1714,False,False
WHIJSULEEDNKPD,C=CC(C)(CCC=C(C)C)OC(=O)c1ccccc1N,0.4767,0.2419,False,False
OWFXIOWLTKNBAP,CC(C)CCON=O,0.5788,0.1667,False,False
GEWDNTWNSAZUDX,CC/C=C\CC1C(=O)CC[C@@H]1CC(=O)OC,0.4665,0.2143,False,False
YDQSIJGWNRTVJC,C=CCC(CC(O)COCC(C)C)C(=O)NN,0.5467,0.2241,False,False
GUUDUUDWUWUTPD,CCc1ccc(C(C)C)cc1,0.5503,0.3421,False,True
WVBWGEUOGUDKGD,C=CC1(C)CCC(COC(C)=O)C(C)(C)C1C(=C)C,0.5317,0.2075,False,False
RQYNNIWGGJJGDH,CC(=O)OC(C)(CCC=C(C)C)C1CC=C(C)CC1,0.4833,0.25,False,False
NQFUSWIGRKFAHK,CC1(C)C2CC3OC3(C)C1C2,0.6833,0.1455,False,False
WGRUHPKMWSWYFL,CCCC=CC=CCC=O,0.4968,0.25,False,False
XEAIHUDTEINXFG,CCC=CCC(=O)OC,0.4892,0.2683,False,False
MBNMGGKBGCIEGF,CCOC(CC)OCC,0.295,0.2286,False,False
DJDSLBVSSOQSLW,CCCCC(CC)COC(=O)c1ccccc1C(=O)O,0.5233,0.2931,False,False
JTHNLKXLWOXOQK,C=CC(=O)CCC,0.3508,0.2222,False,False
GNDZIPKHRPMHPA,O=C(CCc1ccccc1OCc1ccccc1)c1ccccc1,0.7028,0.375,False,True
TYEPJNKESLRTEJ,CCCC/C=C/C/C=C/CCCCCCCCC(=O)OC,0.612,0.34,False,True
KISVAASFGZJBCY,C=CCCCCCCCCC(=O)OC,0.5587,0.2444,False,False
BZUNJUAMQZRJIP,O=C(O)CCCCCCCCCCCCCCO,0.4618,0.3,False,True
FUZABTYGEVJEPT,CC1CCC2C(C)(C)C3CC12CC=C3CO,0.6653,0.2462,False,False
PZAPVPGZDHJUTO,CCC(C)C(=O)C(C)C,0.3183,0.2432,False,False
WFBRXMMODZGJPF,CC1=CCCC(C)(C)C1CO,0.6033,0.2456,False,False
BHRZNVHARXXAHW,CCC(C)N,0.3583,0.25,False,False
OMKNAWLMVVVCLD,CCCC=CCC(C)=O,0.4717,0.2667,False,False
FNEJQOIAGPBETK,Cc1ccc(O)o1,0.21,0.2703,False,False
LFPHMXIOQBBTSS,O=c1c(O)c(-c2ccc(O)cc2)oc2cc(O)c(O)c(O)c12,0.535,0.439,True,True
XLEUIYGDSWMLCR,CC[C@@H](C)[C@@H]1O[C@@]2(C=C[C@H]1C)C[C@@H]1C[C@@H](CC=C(C)[C@@H](O)[C@@H](C)C=CC=C3CO[C@@H]4[C@H](O)C(C)=CC(C(=O)O1)[C@@]34O)O2,0.7067,0.1837,False,False
ZKMZBAABQFUXFE,Oc1ccc(-c2ccc3c(O)cc(O)cc3[o+]2)cc1,0.3637,0.2927,False,False
RIGYMJVFEJNCKD,COc1ccc(-c2oc3cc(OC)c(OC)c(O)c3c(=O)c2OC)cc1OC,0.56,0.5208,True,True
PCSMJKASWLYICJ,O=CCCC=O,0.385,0.1613,False,False
GYFFKZTYYAFCTR,O=C(C=Cc1ccc(O)c(O)c1)OC1[C@H](O)CC(O)(C(=O)O)C[C@H]1O,0.3567,0.4364,True,True
GGBJHURWWWLEQH,CCCCC1CCCCC1,0.3815,0.32,False,True
ZIXLDMFVRPABBX,CC1CCCC1=O,0.2811,0.2927,False,False
DKMROQRQHGEIOW,CCOC(=O)CCC(=O)OCC,0.3,0.2927,False,False
LEUHYTKFUDEERH,CCOC(=O)[C@]1(O)C[C@@H](O)[C@@H](O)[C@H](OC(=O)C=Cc2ccc(O)c(O)c2)C1,0.4567,0.3968,False,True
PIICEJLVQHRZGT,NCCN,0.39,0.1081,False,False
NLDDIKRKFXEWBK,CCCCC[C@H](O)CC(=O)CCc1ccc(O)c(OC)c1,0.5571,0.3966,False,True
RBNPOMFGQQGHHO,O=C(O)C(O)CO,0.3817,0.2143,False,False
NEHDRDVHPTWWFG,CCCCCCCCOC(=O)CCCCC(=O)OCCCCCCCC,0.4928,0.3051,False,True
ZPFXBGIJKDANBP,O=c1c(O)c(-c2cc(O)c(O)c(O)c2)oc2c(O)c(O)cc(O)c12,0.3419,0.3333,False,True
FYQLKIUMCHVQQI,O=c1c(OC2OC(CO)C(O)C(O)C2O)c(-c2cc(O)c(O)c(O)c2)oc2c(O)c(O)cc(O)c12,0.5833,0.5385,True,True
JYXSWDCPHRTYGU,CC1OC(Oc2cc(O)c3c(=O)c(OC4OC(CO)C(O)C(O)C4O)c(-c4ccc(O)cc4)oc3c2)C(O)C(O)C1O,0.6583,0.473,True,True
IFTRFNLCKUZSNG,CC(C)=CCC/C(C)=C/C=C/C(C)=C/C=C/C(C)=C/C=C/C=C(C)/C=C/C=C(C)/C=C/C=C(\C)CC/C=C(\C)CO,0.6054,0.2941,False,False
ZIYVHBGGAOATLY,CC(C(=O)O)C(=O)O,0.2474,0.3077,False,True
LMVSBYPDMNAXPF,CCCCCCCCCC(=O)NCCO,0.661,0.3158,False,True
BNSCASRSSGJHQH,O=c1c(OC2OC(CO)C(O)C(O)C2O)c(-c2ccc(O)c(O)c2)oc2cc(OC3OC(CO)C(O)C(O)C3O)cc(O)c12,0.67,0.5217,True,True
VSJGJMKGNMDJCI,C=C[C@H]1[C@H](O[C@@H]2O[C@H](CO)[C@@H](O)[C@H](O)[C@H]2O)OC=C2C(=O)OCC[C@H]21,0.5558,0.2558,False,False
SGMJBNSHAZVGMC,O=C1OCC(O)C1O,0.2917,0.2093,False,False
CMPNIWQMRYYTMK,Oc1cc(O)c2ccc(-c3cc(O)c(O)c(O)c3)[o+]c2c1,0.3287,0.2727,False,False
XTXRWKRVRITETP,C=COC(C)=O,0.2473,0.2162,False,False
HVGRZDASOHMCSK,CCCCC/C=C\C/C=C\CCCCCCCCCCCC(=O)O,0.6086,0.3509,False,True
FKUQOQPBCHJHAP,CCCCCCCCCCCI,0.644,0.2963,False,False
FWXWZVBDHSMBHR,CCCCCCCCCCCCCCCCCCCCCCCCCCCOC(=O)C(F)(F)C(F)(F)C(F)(F)F,0.5551,0.2656,False,False
RGTIBVZDHOMOKC,CCCCCCCCC#CCCCCCCCC(=O)O,0.652,0.3478,False,True
BLUAFEHZUWYNDE,CC1C(=O)O[C@@H]2O[C@@]3(C)CC[C@H]4[C@H](C)CC[C@@H]1[C@@]24OO3,0.7486,0.2,False,False
ZZWPMFROUHHAKY,COc1cc(-c2[o+]c3cc(O)cc(O)c3cc2O[C@@H]2O[C@H](CO)[C@@H](O)[C@H](O)[C@H]2O)ccc1O,0.59,0.3333,False,True
ASHGTJPOSUFTGB,COc1cccc(O)c1,0.2983,0.4375,True,True
SWAJPHCXKPCPQZ,O=C1CC(c2ccccc2)Oc2cc(O)ccc21,0.3995,0.3651,False,True
KIDHWZJUCRJVML,NCCCCN,0.4633,0.1489,False,False
QOYPSYSMHXCWMR,COC(=O)c1cc2c(cc1COC(C)=O)-c1ccccc1-2,0.3533,0.3265,False,True
KCXVZYZYPLLWCC,O=C(O)CN(CCN(CC(=O)O)CC(=O)O)CC(=O)O,0.2999,0.1628,False,False
NIBUJHLMVJZODW,CC(C)C1=CCC(C=O)=CC1,0.4969,0.1923,False,False
YUECNVSODFDKOQ,CCCCCCOC(=O)C(C)CC,0.4819,0.3051,False,True
JFCQEDHGNNZCLN,O=C(O)CCCC(=O)O,0.335,0.2703,False,False
PFNFFQXMRSDOHW,NCCCNCCCCNCCCN,0.5476,0.1765,False,False
YAPXSYXFLHDPCK,C/C1=C\CCC(C)(O)/C=C/C(C(C)C)CC/C(C)=C/CC1,0.5436,0.197,False,False
XBNHWTBTLQIXHU,CCCCC(C#N)(CCC1(c2ccccc2)OCCO1)OOC(C)=O,0.625,0.2742,False,False
AZSKHRTUXHLAHS,CC(C)(C)c1ccc(OP(=O)(Oc2ccc(C(C)(C)C)cc2C(C)(C)C)Oc2ccc(C(C)(C)C)cc2C(C)(C)C)c(C(C)(C)C)c1,0.5433,0.3077,False,True
UGJAEDFOKNAMQD,C=C[C@@H](O)C#CC#CC/C=C\CCCCCCC,0.6794,0.2545,False,False
UHNXUSWGOJMEFO,O=c1cc(-c2ccc(OC3OC(CO)C(O)C(O)C3O)c(O)c2)oc2cc(O)cc(O)c12,0.632,0.411,True,True
WEPBGSIAWZTEJR,COc1c(-c2ccc(O)c(O)c2)oc2cc(O)cc(O)c2c1=O,0.515,0.4516,True,True
NICZNXKVFBZQPQ,COc1c(=O)ccc2c(O)c3c(=O)cc4c(c3n(C)c12)=CCC(C)(C)O4,0.6033,0.2769,False,False
DROMNWUQASBTFM,CCCCCCCCCOC(=O)c1ccccc1C(=O)OCCCCCCCCC,0.3481,0.4667,True,True
YHYBNVZCQIDLSQ,CCCCCCCCCCCCF,0.58,0.2963,False,False
PKLGTKSKHJFCIX,C=CCCCCCCCCC(=O)OCCCCCCCC,0.6177,0.2687,False,False
QQRKGLQLQDQGQI,CCCC/C=C/C(C)CCCCCCCC/C=C/CO,0.6815,0.2549,False,False
DPZNOMCNRMUKPS,COc1cccc(OC)c1,0.44,0.4231,True,True
ZROGCCBNZBKLEL,CC1OC(OC2C(=O)c3c(O)cc(O)cc3OC2c2ccc(O)c(O)c2)C(O)C(O)C1O,0.2712,0.5231,True,True
DTSSSGMZZNOCNU,C=CCCC(C)OC(=O)c1ccccc1C(=O)OC(C)CCC=C,0.5724,0.3208,False,True
YFCGDEUVHLPRCZ,C[Si](C)(C)O[Si](C)(C)O[Si](C)(C)O[Si](C)(C)C,0.39,0.1143,False,False
MYKPFQFCUJYEOQ,BrCCCCCCCCCCCCCCCCCCCCCCCCCCCCCCCCCCCCCCCCCCCCCCCCCCCCCCBr,0.481,0.2286,False,False
HBILMYFNYGGWLO,CCCC(C)CCCCCC(C)C,0.6774,0.1765,False,False
WARCRYXKINZHGQ,NNC(=O)c1ccccc1,0.4087,0.5185,True,True
CINVEFJGNNNBJX,CCCCOC(=O)C(=O)OCCC,0.2817,0.2727,False,False
CJHBVBNPNXOWBA,C/C=C(\C)C(=O)O[C@H]1C[C@@H](OC(C)=O)[C@@]2(C)CO[C@H]3[C@H]4O[C@@H]5C[C@@H](c6ccoc6)C(C)=C5[C@@]4(C)[C@H](CC(=O)OC)[C@]1(C)[C@@H]32,0.7917,0.1845,False,False
OLQJQHSAWMFDJE,O=[N+]([O-])C(CO)(CO)CO,0.4783,0.1739,False,False
PSESUFHNSONVFL,CC1=CCCC2(C)C1CCC1(C)C2CC=C2C3C(C)C(C)CCC3(C)CCC21C,0.7569,0.32,False,True
AKCKWBLFZNXDLY,CCCCCCCC/C=C/C/C=C/CCCCC(=O)OC,0.6523,0.3617,False,True
UXDDRFCJKNROTO,CC(=O)OCC(CO)OC(C)=O,0.46,0.2449,False,False
FJZCFGKQFDPNHS,CCCCCCCCCCCCCCCCCCCCC=O,0.5868,0.275,False,False
OHQGIWOBGITZPC,CC/C=C\C/C=C\C/C=C\C/C=C\CCCCCCC(=O)OC,0.655,0.3061,False,True
MASZVQKLIMRPFY,COC(=O)CCCCCCCCCCCCCCCC(C)C,0.5529,0.2453,False,False
NIKHGUQULKYIGE,C=C1C[C@@]23CC[C@H]4[C@@](C)(CCC[C@@]4(C)C(=O)O)[C@@H]2CC[C@@H]1C3,0.6817,0.2368,False,False
HBOQXIRUPVQLKX,CCCCC/C=C\C/C=C\CCCCCCCC(=O)OCC(COC(=O)CCCCCCC/C=C\C/C=C\CCCCC)OC(=O)CCCCCCC/C=C\C/C=C\CCCCC,0.6648,0.2985,False,False
HRGUSFBJBOKSML,COc1cc(-c2cc(=O)c3c(O)cc(O)cc3o2)cc(OC)c1O,0.4143,0.4783,True,True
BDHQMRXFDYJGII,C=C(CC[C@@H](C)[C@H]1CC[C@@]2(C)[C@@H]3CC[C@H]4C(C)(C)[C@@H](O)CC[C@@]45C[C@@]35CC[C@]12C)C(C)C,0.745,0.3947,False,True
HHXYJYBYNZMZKX,C=C(C)[C@H]1CC[C@]2(C)[C@H]3CC[C@@H]4[C@@]5(C)CCCC(C)(C)[C@@H]5CC[C@@]4(C)[C@]3(C)CC[C@@H]12,0.7433,0.2239,False,False
MMNYKQIDRZNIKT,C=C(CC[C@@H](C)[C@H]1CC[C@@]2(C)C3=C(CC[C@]12C)[C@@]1(C)CC[C@H](O)[C@@H](C)[C@@H]1CC3)C(C)C,0.7269,0.25,False,False
HNBDRPTVWVGKBR,CCCCC(=O)OC,0.4274,0.2727,False,False
OGJKMZVUJJYWKO,COc1cc2c3c(c1OC)C1(C=CC(=O)C=C1)CC3NCC2,0.6075,0.2639,False,False
YVVYKVTYSAQXSB,CCOC(=O)N1CC(O[Si](C)(C)C)=C2CCCCC2N1C(=O)OCC,0.618,0.2464,False,False
JMMFJOSHQBBMTP,CCCCCCCCCCCCC(CC)OC(=O)C(F)(F)F,0.6732,0.2353,False,False
YSOIFBQBQKWBAM,CCCCCCCCCCC(CC)OC(=O)C(F)(F)F,0.6732,0.2353,False,False
IUNYGQONJQTULL,C[C@]12CC(=O)C3[C@@H](CC[C@@H]4C[C@H](O)CC[C@]34C)[C@@H]1CCC2=O,0.5911,0.2254,False,False
RWTNPBWLLIMQHL,CC(C)(C(=O)O)c1ccc(C(O)CCCN2CCC(C(O)(c3ccccc3)c3ccccc3)CC2)cc1,0.5611,0.2632,False,False
OTAFHZMPRISVEM,O=c1ccoc2ccccc12,0.3717,0.35,False,True
SJWWTRQNNRNTPU,CC(=O)O[C@H]1CC(C)(C)C(=C=C/C(C)=C/C=C/C(C)=C/C=C/C=C(C)/C=C/C=C(\C)C(=O)C[C@@]23O[C@]2(C)C[C@@H](O)CC3(C)C)[C@](C)(O)C1,0.7725,0.1636,False,False
CTAPFRYPJLPFDF,c1cnoc1,0.4285,0.1282,False,False
DKHHQUXEXCKMMT,CC(=O)OCC(=O)[C@@]1(O)CC[C@H]2[C@@H]3CC=C4CC(=O)C=C[C@]4(C)[C@H]3[C@@H](O)C[C@@]21C,0.715,0.1939,False,False
BVAPLXADYUAHTI,CCCCCC(C=CC1=C(CC=CCCCC(=O)OC)C(=O)CC1)OC(C)=O,0.6516,0.2466,False,False
ASOUKQDZWGOCBR,C=C(C)[C@@H]1CC[C@]2(C)[C@H](CC=C3[C@@H]4C[C@@](C)(C(=O)O)CC[C@]4(C)CC[C@]32C)[C@@]1(C)CCC(=O)O,0.79,0.3974,False,True
GSSOWCUOWLMMRJ,O=c1c(-c2ccc(O)cc2O)coc2cc(O)cc(O)c12,0.5677,0.2836,False,False
JAAYVMHPQAMBJS,COC(=O)c1cn(OC)c2ccccc12,0.6067,0.3443,False,True
QKGJTGWGJZVMFE,C[C@@H](O)C=CC1=C(CO[C@@H]2O[C@H](CO)[C@@H](O)[C@H](O)[C@H]2O)CC(=O)CC1(C)C,0.6706,0.25,False,False
ZIHBFCOMWAZDMQ,CC1=C2CC2(C(C)C)C=C1,0.4793,0.1818,False,False
LSBDFXRDZJMBSC,NC(=O)Cc1ccccc1,0.38,0.3226,False,True
QOXPZVASXWSKKU,CC(C)C(C)C=CC(C)C1CCC2C3=CCC4CC(O)CCC4(C)C3CCC21C,0.6589,0.1786,False,False
QIPICQCNJGOBHW,C[C@@H]1CCC=C2CC(=O)C3[C@@H](C3(C)C)[C@]21C,0.5436,0.2381,False,False
DWUYGFWOANEJRE,C=C1CCC(O)C(C)=CCC2C1CC2(C)C,0.6533,0.194,False,False
BMGSSZITOGSORO,C=C(C)[C@@H]1CC[C@@]2(C)C(=O)CC[C@H](C)[C@]2(O)C1,0.6412,0.2667,False,False
JUCOQIYAKWHGSZ,CCCCCCCCCCCCCCCCCCCCOC(C)=O,0.3945,0.4,True,True
DOOTYTYQINUNNV,CCOC(=O)CC(O)(CC(=O)OCC)C(=O)OCC,0.4967,0.25,False,False
PUGBZUWUTZUUCP,CC(C)[C@@H](C)CC[C@@H](C)[C@H]1CC[C@H]2C3=CC[C@H]4C[C@@H](O)CC[C@]4(C)[C@H]3CC[C@]12C,0.6972,0.2045,False,False
QIAFMBKCNZACKA,O=C(O)CNC(=O)c1ccccc1,0.457,0.4667,True,True
HJIXDFZKWWWXSC,CC1(C)C2=CCCC(C)(C)C23CC1CC3=O,0.5467,0.1833,False,False
CGZBLYYTRIVVTD,C=C1[C@H]2C[C@H]3[C@@H](C(C)C)CC[C@]1(C)[C@H]3C2,0.5672,0.2031,False,False
QEFRNWWLZKMPFJ,CS(=O)CCC(N)C(=O)O,0.5006,0.2683,False,False
OYIFNHCXNCRBQI,NC(CCCC(=O)O)C(=O)O,0.515,0.25,False,False
GGJRAQULURVTAJ,CCC=CCC=CCC=CCCCCCCCC(=O)OCC(O)CO,0.6316,0.2414,False,False
KPMKEVXVVHNIEY,O=C1CC2CCC1C2,0.4358,0.1951,False,False
HNZKNOLXYOCLIC,CCCCCCCCCCCCCCCCCCCCCCCCCCCCOC(C)=O,0.3945,0.4,True,True
MOJZMWJRUKIQGL,Oc1cc(O)c2c(c1)OC(c1ccc(O)c(O)c1)C(O)C2c1c(O)cc(O)c2c1OC(c1ccc(O)c(O)c1)C(O)C2c1c(O)cc(O)c2c1OC(c1ccc(O)c(O)c1)C(O)C2,0.5083,0.4722,True,True
CKUQXDUZAWSPOV,CC(C)=CCC/C(C)=C/Cc1occc1C,0.62,0.3878,False,True
HDVXJTYHXDVWQO,CC(C)[C@H]1CC[C@@]2(C)CCCC(=O)[C@@]2(C)C1,0.6936,0.2,False,False
KUFXJZXMWHNCEH,C=C(C)[C@@H]1CC[C@@]2(C)CCC(=O)C(C)=C2C1,0.6437,0.2097,False,False
ZCJQJJWNFDNQGZ,CC1=CCCC2(C)C3CCC12CC3(C)C,0.6233,0.2712,False,False
XZFDKWMYCUEKSS,CC1(C)C2CCC(=O)C1C2,0.4983,0.2041,False,False
YPZQHCLBLRWNMJ,C=C[C@]1(C)CC[C@@H](C(C)C=O)O1,0.6436,0.1892,False,False
UBCKYWKJKPMKAA,OCc1cc(O)c2c(O)c3c(O)cccc3c([C@@H]3O[C@H](CO)[C@@H](O)[C@H](O)[C@H]3O)c2c1,0.5754,0.2439,False,False
ARVSCQUZFFSNKF,CCCCCC(=O)OC/C=C(\C)CCC=C(C)C,0.6169,0.36,False,True
GJYJYFHBOBUTBY,C=C(CCC=C(C)C)C1CC=C(CCC=C(C)C)CC1,0.5989,0.2414,False,False
YJRWQNIRFXVBRB,COc1ccc2cc1Oc1ccc(cc1)C[C@H]1c3c(cc(OC)c(O)c3Oc3cc4c(cc3OC)CCN(C)[C@H]4C2)CCN1C,0.4933,0.2179,False,False
ZONYXWQDUYMKFB,O=C1CC(c2ccccc2)Oc2ccccc21,0.4537,0.2903,False,False
QPUYECUOLPXSFR,Cc1cccc2ccccc12,0.415,0.2778,False,False
WDRGNJZPWVRVSN,CC(C)CCCC(C)C1CCC2C3CC=C4CC(Br)CCC4(C)C3CCC12C,0.7717,0.2105,False,False
XVOHELPNOXGRBQ,CC1=CC(=O)c2c(C)coc2CC(C)=CCC1,0.5559,0.1964,False,False
YHAROSAFXOQKCZ,Oc1cc2ccccc2o1,0.3583,0.3333,False,True
MUYJSOCNDLUHPJ,COc1cc(C=CC(=O)CC(=O)CCc2ccc(O)c(OC)c2)ccc1O,0.2517,0.6739,True,True
TZCSIFOYBLPUIF,C=C1CCC2C(C)(C)CCCC2(C)C1CC=C(C=O)CC=O,0.675,0.2297,False,False
DAUDFKSHOYLOOB,CC(C)=C1C[C@H]2C(=C(C)CC1=O)CC[C@]2(C)O,0.5833,0.1905,False,False
TXIKNNOOLCGADE,CC(C)=C1C[C@H]2[C@@H](CC[C@@]2(C)O)[C@@](C)(O)CC1=O,0.4908,0.2203,False,False
YQRPMHOVGJPHAM,CC(C)=CCCC(C)C1=CCC(=O)CC1,0.5832,0.2321,False,False
WMLCQKGEQPLDKK,CC(C)=CCC(C)(C)/C=C\C(=O)C=C(C)C,0.3914,0.2,False,False
IYABWNGZIDDRAK,C=C=C,0.4067,0.04,False,False
FINHMKGKINIASC,Cc1nc(C)c(C)nc1C,0.4917,0.2857,False,False
YHRUHBBTQZKMEX,CC(C)=CCC/C(C)=C/CC/C(C)=C/C=O,0.5704,0.3721,False,True
NXXYKOUNUYWIHA,Cc1cccc(C)c1O,0.465,0.303,False,True
AALLCALQGXXWNA,CC12CC(c3ccoc3)OC(=O)C1CCC1(C)C2C2C=CC1(O)C(=O)O2,0.6925,0.2051,False,False
LDWAIHWGMRVEFR,CC1(C)[C@@H]2CC[C@H](CO)[C@H]1C2,0.585,0.1791,False,False
JFRWATCOFCPIBM,CCCCCC=CCC=CCC=CCCCCC(=O)OC,0.5975,0.3651,False,True
RAHRTJHAYXOITA,CC1(C)C2C=C(C=O)CCC21,0.5183,0.1803,False,False
UZFHAWHYOKNKPK,OC1C2CC3CC(C2)C(Br)C1C3,0.4826,0.1186,False,False
NGHOLYJTSCBCGC,O=C(/C=C/c1ccccc1)OCc1ccccc1,0.1966,0.5116,True,True
NDNUANOUGZGEPO,CCCC1CCCCN1,0.5598,0.2105,False,False
GIZCSQLWVMDAOE,CCCCCCCCCCCCCCCCCCOC(=O)CSCC(=O)OCCCCCCCCCCCCCCCCCC,0.5448,0.2951,False,False
RHZNXHJLYYEIDG,CCCC[C@@H]1CC2=C(C(=O)OC2=O)[C@H]([C@@H](CCCC)OC(=O)c2ccc([N+](=O)[O-])cc2)CC2=C1C(=O)OC2=O,0.7422,0.2535,False,False
OMDQUFIYNPYJFM,OC[C@H]1O[C@H](OC[C@H]2O[C@@H](O)[C@@H](O)[C@@H](O)[C@@H]2O[C@@H]2O[C@H](CO)[C@@H](O)[C@H](O)[C@@H]2O)[C@H](O)[C@@H](O)[C@H]1O,0.5954,0.2466,False,False
KVNYFPKFSJIPBJ,CCc1ccccc1CC,0.5867,0.3429,False,True
WXBXVVIUZANZAU,CCCCCCC/C=C/C(=O)O,0.635,0.3256,False,True
IGVGCQGTEINVOH,CCCCCCC(C)CO,0.6482,0.2812,False,False
NPAWGLOPXKCTCV,CCCCCCCC(CCCC)c1ccccc1,0.5999,0.3333,False,True
VJJZJBUCDWKPLC,COc1c(-c2ccc(O)cc2)oc2cc(O)cc(O)c2c1=O,0.5,0.4426,True,True
GZXPCBAETDEQAX,COc1cc([C@H]2Oc3c(OC)cc4ccc(=O)oc4c3O[C@@H]2CO)cc(OC)c1O,0.4827,0.3014,False,True
WJGWSAFQLZSBBV,C[Si]1(C)O[Si](C)(C)O[Si]2(Cc3cccc4cccc2c34)O[Si](C)(C)O1,0.4683,0.1667,False,False
NHYSRKKHKHCRGR,CC(=O)OC/C=C(\C)CC/C=C(\C)CC/C=C(\C)CCC=C(C)C,0.5071,0.3778,False,True
DMBHHRLKUKUOEG,c1ccc(Nc2ccccc2)cc1,0.5183,0.9231,True,True
TWLLPUMZVVGILS,CCOC(=O)c1ccccc1N,0.255,0.3478,False,True
OBKKEZLIABHSGY,C[C@@H]1O[C@@H](O[C@H]2[C@H](Oc3cc(O)c4c(c3)O[C@H](c3ccc(O)c(O)c3)CC4=O)O[C@H](CO)[C@@H](O)[C@@H]2O)[C@H](O)[C@H](O)[C@H]1O,0.5088,0.3793,False,True
KVQOADNSNSUAJT,CC1=CCC2CC3C(C)CCC13C2(C)C,0.622,0.2131,False,False
GGHMUJBZYLPWFD,C[C@H]1CC[C@@]2(O)C(C)(C)[C@@H]3CC[C@@]2(C)[C@H]1C3,0.595,0.2143,False,False
AEJKOZRRMKOBQS,CC1C(O)CC23CC1C(C)(C)C2CCC3C,0.6436,0.2131,False,False
HZHJGFRDKJPQPV,C=CC(C)(O)CCC(O)C(=C)C,0.4983,0.1731,False,False
ZTLIRKGRXLVPOF,CC1(C)CC[C@]2(C)CC[C@]3(C)C(=CC[C@@H]4[C@@]5(C)CCCC(C)(C)[C@@H]5CC[C@]43C)[C@@H]2C1,0.7922,0.4844,True,True
CNOPDZWOYFOHGN,CC1=C(/C=C/C(C)O)C(C)(C)CCC1,0.682,0.1538,False,False
DCFAEXKJEMZTKR,CC/C=C\C/C=C\C/C=C\CCCCCCCC(=O)O[Si](C)(C)C,0.6806,0.2857,False,False
ZRVCKPDUOGAPSZ,CCCCCCCCCCCCCC(=O)O[Si](C)(C)C,0.5413,0.2667,False,False
IMXDCJPVYKXJPD,C/C=C(\C)CC/C=C(\C)CC/C=C(\C)CC/C=C(\C)CCC=C(C)C,0.5688,0.375,False,True
HHXMOTDTSDYYEI,O=C(O)CCCCCCCC(=O)CCC(=O)O,0.4218,0.2927,False,False
MSXVEPNJUHWQHW,CCC(C)(C)O,0.355,0.1778,False,False
ZBLGFUHEYYJSSE,C1CCCCCCCCCCCCCCCCCCC1,0.3739,0.0968,False,False
TUTWLYPCGCUWQI,CCCCCCCCCC(N)=O,0.529,0.3,False,True
BYYSDIVQNQXVHL,CCOC(=O)CCCCCCCCCCCC(C)C,0.5662,0.26,False,False
YJXDGWUNRYLINJ,CC(=O)O[C@@H]1C[C@H]2C(C)(C)C(=O)C=C[C@]2(C)[C@H]2CC[C@@]3(C)[C@H](c4ccoc4)OC(=O)C4O[C@]43[C@@]21C,0.765,0.2111,False,False
NFVSFLUJRHRSJG,C[Si](C)(C)O[Si](C)(C)O[Si](C)(C)O[Si](C)(C)O[Si](C)(C)O[Si](C)(C)O[Si](C)(C)C,0.39,0.1143,False,False
QZGNEODXJZDIBK,CCO[Si](OCC)(O[Si](C)(C)C)O[Si](C)(C)C,0.662,0.1818,False,False
YVDXIVLWTCSVDW,CCCCCCCC/C=C\CCCCCCCC(=O)OC1CC[C@@]2(C)C(=CC[C@H]3[C@@H]4CC[C@H]([C@H](C)CC[C@@H](CC)C(C)C)[C@@]4(C)CC[C@@H]32)C1,0.773,0.271,False,False
USFSDFMFEDELDX,CC(C)(C)[Si](C)(C)O[As](O[Si](C)(C)C(C)(C)C)O[Si](C)(C)C(C)(C)C,0.4283,0.1316,False,False
HEBKCHPVOIAQTA,OCC(O)C(O)C(O)CO,0.325,0.12,False,False
URXZXNYJPAJJOQ,CCCCCC/C=C\CCCCCCCCCCCC(=O)O,0.6269,0.3182,False,True
JBYXPOFIGCOSSB,CCCCCC/C=C/C=C/CCCCCCCC(=O)O,0.6903,0.3043,False,True
JGMYDQCXGIMHLL,CCCCC=CCCCCCCCCCC(=O)O,0.5699,0.3261,False,True
DJAYTQZJAJXFDU,CC1=CCC2C(C3C(C)CCC13)C2(C)C,0.6667,0.1774,False,False
MMKQEVQTCAAXTI,COc1cc(OC)c2c(c1)OC(c1ccc3c(c1)OCO3)C(O)C2,0.4589,0.3043,False,True
JJRUZTXRDDMYGM,CCCCCCCC(C)CC,0.6534,0.2581,False,False
IJCWCJRLHJAVFD,COc1cc(OC)c2c(c1)O[C@H](c1ccc(O)c(OC)c1)[C@H](O)C2,0.382,0.325,False,True
OCWUCHKZAHTZAB,CCCCCCCCCCCCCCCCCCCCCCCCCCCCCCCCCCCCCCCCCCCCCCCCCCCCCCCCCCCC,0.5118,0.3636,False,True
OPRWEYHEIDHWGM,CCCCCCCCCCCCCCCCCCCCCCCCCCCCCCCCCCCCCCCCCCCCCCCCCCCCCC,0.5118,0.3636,False,True
IUDWIAICWHVSQF,CC(C)=CCC1CC=C(C)C(CO)C1(C)C,0.6603,0.2167,False,False
HULMNSIAKWANQO,CC1OC(OC2CCC3(C=O)C4CCC5(C)C(C6=CC(=O)OC6)CCC5(O)C4CCC3(O)C2)C(O)C(O)C1O,0.6858,0.2234,False,False
LFPVZIIPFONRSW,C=C(C)C1CCC2(C)C1CCC1(C)C2CCC2C3(C)CCC(O)C(C)(C)C3CCC21C,0.745,0.2469,False,False
UASZOTVHPVEMQR,CC(=O)OC1C2CC=C(C)C1C2(C)C,0.6842,0.2419,False,False
QWCKQJZIFLGMSD,CCC(N)C(=O)O,0.2383,0.3939,False,True
XIMXJQOPHNZJDD,CC1=C2N=C(C=C3N=C(C(C)=C4NC(C(CC(N)=O)C4(C)CCC(=O)NCC(C)OP(=O)(O)OC4C(CO)OC(n5cnc6cc(C)c(C)cc65)C4O)C4(C)N=C1C(CCC(N)=O)C4(C)CC(N)=O)C(CCC(N)=O)C3(C)C)C(CCC(N)=O)C2(C)CC(N)=O,0.7156,0.1645,False,False
HDTRYLNUVZCQOY,OC[C@H]1O[C@H](O[C@H]2O[C@H](CO)[C@@H](O)[C@H](O)[C@H]2O)[C@H](O)[C@@H](O)[C@@H]1O,0.4604,0.2951,False,False
MAIIZFGSYSUIIV,CC[C@H](CC[C@@H](C)[C@H]1CC[C@H]2C3=CC[C@H]4C[C@@H](OC(C)=O)CC[C@]4(C)[C@H]3CC[C@]12C)C(C)C,0.6967,0.2083,False,False
JOBAYBRAHVTSSW,CC(=O)O[C@H]1CC[C@@]2(C)C(=CC[C@H]3[C@@H]4CC[C@H]([C@H](C)CC[C@@H](C)C(C)C)[C@@]4(C)CC[C@@H]32)C1,0.7117,0.2,False,False
XUGISPSHIFXEHZ,CC(=O)O[C@H]1CC[C@@]2(C)C(=CC[C@H]3[C@@H]4CC[C@H]([C@H](C)CCCC(C)C)[C@@]4(C)CC[C@@H]32)C1,0.7117,0.2375,False,False
UDPIGEIYWVCFED,CC=C(C)C=CC=CC(C)C(C)C(C)C(C)CCc1oc2c(O)c(OC)cc(OC)c2c(=O)c1C,0.5885,0.2899,False,False
HLKXYZVTANABHZ,NC(=O)NC(CC(=O)O)C(=O)O,0.4067,0.3721,False,True
CUVLOCDGQCUQSI,CCCCCCCCC/C=C/CCC(=O)O,0.6369,0.3182,False,True
SECXISVLQFMRJM,CN1CCCC1=O,0.2848,0.2162,False,False
GWHCXVQVJPWHRF,CCCCCCCC/C=C\CCCCCCCCCCCCCC(=O)O,0.6269,0.3182,False,True
CXMXRPHRNRROMY,O=C(O)CCCCCCCCC(=O)O,0.3804,0.3333,False,True
WXUAQHNMJWJLTG,CC(CC(=O)O)C(=O)O,0.3717,0.2647,False,False
TYFQFVWCELRYAO,O=C(O)CCCCCCC(=O)O,0.3804,0.3333,False,True
ISAKRJDGNUQOIC,O=c1cc[nH]c(=O)[nH]1,0.288,0.2,False,False
HPNSFSBZBAHARI,COc1c(C)c2c(c(O)c1CC=C(C)CCC(=O)O)C(=O)OC2,0.5483,0.3418,False,True
UFCLZKMFXSILNL,O=C(C=Cc1ccc(O)c(O)c1)O[C@@H]1[C@H](O)C[C@@](O)(C(=O)O)C[C@H]1OC(=O)C=Cc1ccc(O)c(O)c1,0.395,0.4068,True,True
AFDXODALSZRGIH,COc1ccc(/C=C/C(=O)O)cc1,0.253,0.6154,True,True
YDQWDHRMZQUTBA,O=C1c2cccc(O)c2C(=O)c2c(O)cc(CO)cc21,0.51,0.283,False,False
MMANMJCGIGNJGH,COC(=O)C12CC3CC(C(C)O)C1N(CCC1(O)C2=Nc2ccc(OC)cc21)C3,0.72,0.2432,False,False
FCDLCPWAQCPTKC,O=C(O)c1cc(O)c2c(c1)C(=O)c1cccc(O)c1C2=O,0.4367,0.3415,False,True
UJBBVYYPLDKALG,CC(=O)OCC(OC(C)=O)C(OC(C)=O)C(OC(C)=O)C(=O)C#N,0.56,0.1833,False,False
RLHIRZFWJBOHHD,CC(C)CCC[C@@H](C)[C@H]1CC[C@H]2[C@@H]3CC=C4C=CCC[C@]4(C)[C@H]3CC[C@]12C,0.7867,0.2105,False,False
NVVDQMVGALBDGE,CCC1CC2CN3CCc4c([nH]c5ccccc45)C(C(=O)OC)(C2)C13,0.6699,0.2778,False,False
VXRAIAAMNNTQES,C/C=C1\CN2C3C[C@H]1C(C(=O)OC)[C@H]2Cc1c3[nH]c2ccccc12,0.6167,0.24,False,False
NKTORRNHKYVXSU,C/C=C1/CN[C@H]2Cc3c([nH]c4ccccc34)C(=O)C[C@@H]1C2C(=O)OC,0.6333,0.2571,False,False
XUSTZFGBQSSEAX,CC[C@]12C=CCN3CC[C@]4(C(=Nc5ccccc54)C(C(=O)OC)C1)[C@@H]32,0.6322,0.2143,False,False
LPZCCMIISIBREI,C/C=C(/CC[C@@H](C)[C@H]1CC[C@H]2C3=CC[C@H]4[C@H](C)[C@@H](O)CC[C@]4(C)[C@H]3CC[C@]12C)C(C)C,0.735,0.2111,False,False
XFYYJHYSDXQMAE,O=c1[nH]c2ccccc2c2cc3c(cc12)OC(Cc1ccc(O)cc1)CO3,0.5143,0.2812,False,False
IYGOTFHCAGRISA,COc1cc2c[n+]3c4c(cc([O-])cc4c2cc1OC)CC3,0.6333,0.2203,False,False
XGVJWXAYKUHDOO,O[C@H]1[C@H]2c3cc4c(cc3CN3CCC(=C[C@@H]1O)[C@H]23)OCO4,0.4857,0.2097,False,False
FCWYNTDTQPCVPG,C=C1CCC2C(C)(C)C(O)CCC2(C)C1COc1ccc2ccc(=O)oc2c1,0.59,0.2967,False,False
SLJWCCMDGTZEGQ,O=C1CC(=O)c2ccccc2C1=O,0.255,0.3111,False,True
DFQOXFIPAAMFAU,Oc1cc2c3c(c1)c1cc4c(cc1c[n+]3CC2)OCO4,0.4728,0.2241,False,False
YGPRSGKVLATIHT,CO[C@H]1C=C[C@@]23c4cc5c(cc4CN(C[C@@H]2O)[C@H]3C1)OCO5,0.7217,0.2,False,False
RDROOFQFFWIIDK,C=CC(C)(C)c1c2c(c(O)c3ccc(=O)oc13)C(=O)CC(C)(C)O2,0.4503,0.2152,False,False
JOCIRBSYAYKMEF,CC1(C)CC[C@]2(C)CC[C@]3(C)C(=C2C1)CC[C@@H]1[C@@]2(C)CC[C@H](O)C(C)(C)[C@@H]2CC[C@]13C,0.7588,0.3194,False,True
PIMZUZSSNYHVCU,C=C(C)[C@H]1C2C(=O)O[C@H]1[C@H]1OC(=O)[C@@]34O[C@@H]3C[C@]2(O)[C@@]14C,0.73,0.2143,False,False
UDEWPOVQBGFNGE,CCCOC(=O)c1ccccc1,0.3631,0.4,True,True
QTDZOWFRBNTPQR,O=C(O)C1=CCCNC1,0.3803,0.2143,False,False
FTNJWQUOZFUQQJ,CC=C(C)C(=O)OC1CC(OC(C)=O)C2(C(=O)OC)COC3C2C12COC(O)(C(=O)OC)C2C(C)(C12OC1(C)C1CC2OC2OC=CC21O)C3O,0.7783,0.1765,False,False
ATSKDYKYMQVTGH,O=C(O)C1=C/C(=C/C=[N+]2c3cc(O)c(O[C@@H]4O[C@H](CO)[C@@H](O)[C@H](O)[C@H]4O[C@@H]4OC(C(=O)O)[C@@H](O)[C@H](O)[C@H]4O)cc3CC2C(=O)[O-])CC(C(=O)O)N1,0.6228,0.2358,False,False
WHWHCFYJQUUYCS,CC1(C)CC2C3=CCC4[C@]5(C)CCC(OC6OC(C(=O)O)[C@@H](O)[C@@H](O)[C@H]6O[C@H]6O[C@@H](CO)[C@H](O)C(O)[C@H]6O[C@H]6O[C@@H](CO)[C@H](O)C(O)[C@H]6O)[C@](C)(CO)C5CC[C@]4(C)C3(C)CC[C@]2(C)[C@H](OC2OC[C@@H](O)C(O[C@H]3OC[C@@H](O)[C@@H](O)[C@H]3O)[C@H]2O)[C@H]1O,0.8289,0.4966,True,True
FGYKUFVNYVMTAM,CC(C)=CCC/C(C)=C/CC/C(C)=C/CC[C@]1(C)CCc2c(C)c(O)cc(C)c2O1,0.7383,0.32,False,True
CVWWNYPTZYQCSE,CC(C)=C1CC[C@H](C)[C@](C)(COc2ccc3ccc(=O)oc3c2)[C@H]1CCC(=O)O,0.6887,0.3187,False,True
FWYSBEAFFPBAQU,CC(C)(O)C1Cc2cc3ccc(=O)oc3cc2O1,0.4833,0.2273,False,False
SCWGDYORLGVQND,COC1(C)CCC2(C(C)C)CC12,0.5636,0.1667,False,False
TYROIZSRPIPTQK,CCOC(C(=O)OCC1CCCN1C)(c1ccccc1)c1ccccc1,0.5533,0.3067,False,True
SDXKZPQOVUDXIY,COc1cc(O)cc(CCc2ccc(OC)c(O)c2)c1,0.2403,0.5385,True,True
VYQXIUVIYICVCM,COc1cc(O)cc(CCc2cccc(O)c2)c1,0.2767,0.5833,True,True
LPDBXIILKCOZBR,CC(C)=CCCC(C)C1CC=C(C)CC1=O,0.5394,0.2667,False,False
NVOXRHIABFKYOT,O=c1[nH]c2ccccc2c2cc3c(cc12)OCO3,0.345,0.3636,False,True
MLTULPRRIKTZBN,CCCCCCCCCCCC/C=C/C=O,0.6715,0.3095,False,True
KLJFYXOVGVXZKT,CCCCCCCCCCCCCC=CC=O,0.6715,0.3095,False,True
UBTAPPWQYRWQOH,CC1(C)C=Cc2c(c(C=O)cc3c2[nH]c2ccccc23)O1,0.6171,0.2308,False,False
KPUDOJPVQQJLGI,CC1(C)CC[C@]2(C)CC[C@]3(C)C(=C2C1)CC[C@@H]1[C@@]2(C)CCC(=O)C(C)(C)[C@@H]2CC[C@]13C,0.7577,0.2667,False,False
DMFHLLHXYQJPJS,COc1cc2c(cc1OC)[C@@H]1Cc3ccc(OC)c(OC)c3C(=O)N1CC2,0.5117,0.2623,False,False
SEEZIOZEUUMJME,CCCCCc1cc(O)c(CC=C(C)CCC=C(C)C)c(O)c1C(=O)O,0.7021,0.6078,True,True
NIGRJVWIKNICMW,C=CC1(C)CC2C=C(C)CCC2C(C)(C)O1,0.6683,0.194,False,False
GDFVLFBHNREYBP,CC1COC2(OC3CC4C5CC(O)C6CC(O)CCC6(C)C5CCC4(C)C3C2C)C(O)C1,0.6669,0.1711,False,False
AWCUZBLYCWUTRL,O=C(OCC1(O)C(O)C=CC(OC(=O)c2ccccc2)C1O)c1ccccc1,0.5288,0.2683,False,False
MPYHGNAJOKCMAQ,COc1ccc(CC2c3cc(OC)c(OC)cc3CCN2C)cc1O,0.4717,0.2698,False,False
KGPAYJZAMGEDIQ,COc1ccc(C[C@H]2c3cc(OC)c(OC)cc3CCN2C)cc1OC,0.4967,0.3091,False,True
AKNNEGZIBPJZJG,COc1ccc2c(c1OC)C(=O)OC2C1c2c(cc3c(c2OC)OCO3)CCN1C,0.612,0.2405,False,False
NCWLTPKGFNPAMP,Cc1c(O)cc2oc3c(c(=O)c2c1O)-c1ccc(O)cc1OC3O,0.5703,0.3289,False,True
JUHFTROMPGJNSA,CC(=CC(=O)O)Cc1ccccc1,0.59,0.3333,False,True
BJLPWUCPFAJINB,CC(C)=CCC/C(C)=C/CC/C(C)=C/CC/C(C)=C/COCC(O)COP(=O)(O)O,0.645,0.3036,False,True
SOVNCTNQAWWYAQ,CC(C)=CCC/C(C)=C/COc1c2occc2cc2ccc(=O)oc12,0.5567,0.3239,False,True
SUVIGLJNEAMWEG,[H]SCCC,0.3767,0.16,False,False
XFYYZBJXMSDKCV,COc1ccc(-c2cc(=O)c3c(OC)c(OC)c(OC)c(OC)c3o2)cc1O,0.3517,0.551,True,True
DDGJUTBQQURRGE,COc1ccc(-c2cc(=O)c3c(OC)cc(OC)c(OC)c3o2)cc1,0.4333,0.5102,True,True
OQCBJFYTNWYVQJ,CCC(C)SSCC=COS(C)=O,0.5233,0.1525,False,False
RBSQCQCFXKACSX,CCCSSC(CC)SC,0.5333,0.1628,False,False
ALVPFGSHPUPROW,CCCSSCCC,0.4683,0.2121,False,False
SOTUFGKJQVSOCT,C/C(=C\COc1ccc2ccc(=O)oc2c1)CC/C=C(\C)CCC(O)C(C)(C)O,0.565,0.3068,False,True
IOVUOUZQSDBAQN,C/C=C/SSC(C)CC,0.365,0.1628,False,False
QTWKINKGAHTPFJ,CCC(C)SSC(C)CC,0.3483,0.1667,False,False
STBYJWOIDOZITH,CC(=O)OC(CC=C(C)C)/C(C)=C/C(O)C/C(C)=C/COc1cccc2ccc(=O)oc12,0.465,0.3375,False,True
IANTXARIIJNAIU,CC(C)=CCC/C(C)=C/[C@@H](O)C/C(C)=C/COc1ccc2ccc(=O)oc2c1,0.5486,0.314,False,True
MCTDXPDDZLFJHR,CC1=CCC2C(C)(C)C(O)CCC2(C)C1COc1ccc2ccc(=O)oc2c1,0.66,0.2967,False,False
WNANPKYNOALKIV,CC1(C)[C@H](O)CC[C@]2(C)[C@@H](COc3ccc4ccc(=O)oc4c3)[C@](C)(O)CC[C@@H]12,0.5883,0.3034,False,True
WLYRUZQGIVCRDD,C=C1CCC2C(C)(C)[C@H](O)CC[C@@]2(C)[C@@H]1COc1cc(=O)oc2ccccc12,0.492,0.3457,False,True
XXKXCRGLMFAXTK,C=C1CC[C@H](O)C(C)(C)[C@@H]1CC/C(C)=C/COc1ccc2ccc(=O)oc2c1,0.4953,0.2872,False,False
OCHZHKVSLMBEJP,C/C(=C\COc1ccc2ccc(=O)oc2c1)CC[C@@H]1C(C)(C)[C@H]2CC[C@]1(C)O2,0.605,0.375,False,True
XYUJBOZUFFMPGO,CC1C(=O)CC[C@H]2[C@](C)(COc3ccc4ccc(=O)oc4c3)[C@H](C)C[C@@H](O)[C@]12C,0.5849,0.2826,False,False
COYAPIDJCSAGJF,COc1ccc2c(c1)N(C(C)=O)C1C3C(OC(C)=O)OCC=C4CN5CCC21C5CC43,0.7183,0.2262,False,False
MKIFOPBVDBXRTO,O=C(O)CCCCC/C=C/CCCCCCCCO,0.5832,0.2609,False,False
XJMPAUZQVRGFRE,COC(=O)C1=COC(OC2OC(CO)C(O)C(O)C2O)C2C1C=CC2(O)CO,0.6183,0.236,False,False
MOILFCKRQFQVFS,CC1(C)C2CC(O)C(C)(O)C1C2,0.5488,0.225,False,False
YDRJRZATXHNIOV,O=C(Oc1cccc(F)c1)C1CCCCC1,0.4674,0.3284,False,True
WTYGAUXICFETTC,CCC1(C2=CCCCC2)C(=O)NC(=O)NC1=O,0.4515,0.2308,False,False
XSLLXOBLMRISRI,CCC(c1ccc(O)cc1)C(CC)c1ccc(OC(=O)C(F)(F)F)cc1,0.4318,0.3019,False,True
NTIIOWKIWLOHAR,COc1cc2c(C)nccc2cc1O,0.47,0.375,False,True
RRUFTPKJXNXMAE,C=Cc1cc2c(cc1OC)OC(C)(C)C=C2,0.6403,0.28,False,False
ZAJTXVHECZCXLH,CC(=O)c1ccc2c(c1)C=CC(C)(C)O2,0.6592,0.4186,True,True
DKEXFJVMVGETOO,CC(C)CC(NC(=O)CN)C(=O)O,0.6083,0.5676,True,True
AAPBYIVJOWCMGH,CC=CSSCCC,0.435,0.1707,False,False
MUZIZEZCKKMZRT,C1CSSC1,0.4219,0.0732,False,False
XUHLIQGRKRUKPH,C=CCS(=O)CC(N)C(=O)O,0.5688,0.24,False,False
KBXOGESWPIVMNJ,C=CCSSC=CC,0.4719,0.1429,False,False
IXELFRRANAOWSF,C=CCSSC=CCS(=O)CC=C,0.5769,0.1273,False,False
SUZLPERYXSOGNY,C[Si](C)(C)OCC(O[Si](C)(C)C)C(O[Si](C)(C)C)C(CO[Si](C)(C)C)O[Si](C)(C)C,0.4767,0.119,False,False
BGLUXFNVVSVEET,CC1C=CC(=O)O1,0.3567,0.2245,False,False
AADVZSXPNRLYLV,O=C(O)C1C(O)CCC2CN3CCc4c([nH]c5ccccc45)C3CC21,0.6537,0.3182,False,True
FGWJRZQNNZVCHR,COC(=O)C1=COC(C)C2CN3CCc4c([nH]c5cc(OC)c(OC)cc45)C3CC12,0.695,0.2,False,False
VFXXNAVZODKBIW,CC=C1C(=O)OC23C=CC4C(C(=O)OC)=COC(OC12)C43,0.595,0.2235,False,False
OJISWUQNQQWEND,CSC(=O)OCC1=CC2OC(=O)C3=COC(OC4OC(CO)C(O)C(O)C4O)C1C32,0.65,0.25,False,False
PVLTXPSAODCUJM,C=CCc1cc(C)c(C)c(C)c1,0.4421,0.2955,False,False
SVYKBKUULVTNPZ,CCCC(CCCCCCCCCCCC(=O)OC)O[Si](C)(C)C(C)(C)C,0.653,0.2031,False,False
ITYGLICZKGWOPA,CCC(C=CC(C)C1CCC2C3=CCC4CC(OC5OC(CO)C(O)C(O)C5O)CCC4(C)C3CCC21C)C(C)C,0.6207,0.2166,False,False
NARIBLVZTLPQJB,Cc1cccc(C(C)(C)O)c1,0.4117,0.2558,False,False
NDKYEUQMPZIGFN,CCCCCCCCCCCC(=O)OCCCC,0.4948,0.3051,False,True
BTMVHUNTONAYDX,CCCCOC(=O)CC,0.3433,0.2909,False,False
FTBUKOLPOATXGV,CCCCCCCCCCCC(=O)OCCC,0.4808,0.2941,False,False
DPBVJRXPSXTHOL,CCCCCCCCCCCCCC(=O)OCCC,0.4808,0.2941,False,False
NGXNAIZTJAUMGV,CC(C)(C)C1C=CC(O)CC1,0.2283,0.18,False,False
XEYIWOWYMLEPSD,CCCCCCCCCC(=O)OCC(CC)CCCC,0.6115,0.2353,False,False
AQVXTKFYDNDQTE,CC1=CCC2(C=C1)C(C)CCC2C(C)(C)O,0.58,0.1875,False,False
MTOMOICLIZNIAM,Cc1ccc2c(c1)C(C(C)C)CCC2(C)O,0.545,0.2381,False,False
CXISHLWVCSLKOJ,ON=CCc1ccccc1,0.3617,0.3125,False,True
HZQODNRPUJAVLV,CC(C)[C@]1(O)CC[C@@]2(C)[C@H](O)CC[C@](C)(O)[C@@H]2C1,0.5369,0.234,False,False
ZMJBYMUCKBYSCP,O=C(O)CC(O)(C(=O)O)C(O)C(=O)O,0.4417,0.1905,False,False
SXYMMDGPXYVCER,OCC1OC(OC2C(Oc3cc4c(O)cc(O)cc4[o+]c3-c3ccc(O)c(O)c3)OC(CO)C(O)C2O)C(O)C(O)C1O,0.4962,0.3103,False,True
PJJDXGUZICJPQG,CC(C)C(O)(C(=O)OCC1=CCN2CCC(O)C12)C(C)OC(=O)C=Cc1ccccc1,0.4669,0.2597,False,False
KXEISHUBUXWXGY,CC(C)C(O)(C(=O)O)C(C)O,0.3433,0.225,False,False
UPYLKTQCLCBJQP,COC(C)C(O)(C(=O)OCC1=CC[N+]2([O-])CCC(O)C12)C(C)(C)O,0.4787,0.2,False,False
HJSJELVDQOXCHO,OCC1=CCN2CCC(O)C12,0.4308,0.1587,False,False
VUMAFSXBFDKENO,[O-][N+]12CC=C(CO)[C@@H]1[C@@H](O)CC2,0.4729,0.1719,False,False
QSTHEUSPIBEICI,COC(C)C(O)(C(=O)OCC1=CC[N+]2([O-])CCC(O)C12)C(C)C,0.4934,0.2025,False,False
UODZHRGDSPLRMD,[H]C([H])(N)CCCNCCCC([H])([H])N,0.5326,0.2,False,False
QHOZSLCIKHUPSU,C/C=C(/C)C(=O)O[C@H]1CCN2CC=C(COC(=O)[C@@](O)([C@H](C)OC)C(C)(C)O)[C@H]12,0.5609,0.2135,False,False
AABILZKQMVKFHP,C/C=C(/C)C(=O)O[C@H]1CC[N+]2([O-])CC=C(COC(=O)[C@@](O)([C@H](C)OC)C(C)(C)O)[C@H]12,0.5847,0.1809,False,False
LOFDEIYZIAVXHE,OCC1CCN2CCCC12,0.5183,0.1905,False,False
NBQPHANHNTWDML,O=C(O)CC(=O)OCC1OC(Oc2c(-c3ccc(O)c(O)c3)oc3cc(O)cc(O)c3c2=O)C(O)C(O)C1O,0.7267,0.5694,True,True
SHTBSFAQXXAZMU,O=C(O)C(=O)C(=O)CCc1ccc(O)cc1,0.5317,0.3824,False,True
QVYFJAXRWMQCHB,COC1=CC2=C(C1=O)C1C(NC(C)=O)CCc3cc(OC)c(OC)c(OC)c3C21,0.7242,0.25,False,False
OWWLUIWOFHMHOQ,CC(=O)O[C@H]1C[C@@H]2CC[C@@H]3[C@H](CC[C@@]4(C)[C@H]3C[C@H](N3CC[N+](C)(C)CC3)[C@@H]4OC(C)=O)[C@@]2(C)C[C@@H]1N1CC[N+](C)(C)CC1,0.7183,0.2222,False,False
WIQOUTANBFOBPB,C=C(C)C(=O)O[C@H]1CC2=C[C@@H](C[C@@]3(C)O[C@@H]3[C@H]3OC(=O)C(=C)[C@@H]31)OC2=O,0.7983,0.378,False,True
HSKWDASEQYSGDS,C=C1C(=O)O[C@H]2[C@H]1[C@@H](OC(=O)/C(C)=C/C)C=C(C)CC(=O)C=C(C)[C@@H]2O,0.625,0.2927,False,False
GFERNZCCTZEIET,C=C(C)[C@H]1Cc2c(ccc3c(=O)c4c(oc23)COc2cc(OC)c(OC)cc2-4)O1,0.5787,0.2535,False,False
XYZHAMCXFBMVLL,CC1=C2C3C(C(C)C)CCC2(C)C3C(=O)C1,0.5084,0.2,False,False
WDFLKCAWQQMJCA,C=C(C)C1CCC2(C)CC(=O)C=C(C)C2(O)C1,0.6637,0.2174,False,False
UITDBHSAZAFMFR,CC[C@H](C)[C@@]1(C)C(=O)O[C@@]2(C)c3cc(C)cc(O)c3C3=C(C(=O)c4c(O[C@H]5C[C@@H](O)[C@@H](O)[C@H](C)O5)cccc4C3=O)N21,0.6685,0.2062,False,False
LKKGCXYYEAXNEB,CSc1nc(C)cc(C(=O)N(C)Cc2ccc(F)cc2)n1,0.7156,0.2727,False,False
MRNPHCMRIQYRFU,CO[C@H]1CC[C@]2(C)C3=CC[C@@]4(C)[C@@H]5CC[C@H](C(C)C)[C@@]5(C)CC[C@]4(C)[C@H]3CC[C@H]2C1(C)C,0.755,0.2222,False,False
KUJKCZZRNAACDH,C=C1CC[C@H]2C(C)(C)CCC[C@]2(C)[C@H]1C/C=C(/C=O)CC(OC)OC,0.6456,0.2338,False,False
JGNVYAOXQBLSNQ,CC1=CC(=O)C(=C(C)C)CC(=O)C(C)CCC1,0.5012,0.2321,False,False
ISIMGBQRFXXNON,COc1cc(C=CC(=O)C=Cc2ccc(O)c(OC)c2)ccc1O,0.0533,0.6842,True,True
HUZJLWLCLJEXEL,CC(=O)CC[C@@H]1[C@H]2CC(=C(C)C)C(=O)C[C@@]12C,0.6233,0.1905,False,False
RCFGRZLLBGMERD,C=C1C2CCC(C2)C1(C)CCC=C(C)COC(C)=O,0.5738,0.2222,False,False
PWMWNFMRSKOCEY,OCC(O)c1ccccc1,0.3183,0.2812,False,False
OTYVBQZXUNBRTK,C=CC(C)(C)C(=O)C=C(C)C,0.454,0.1739,False,False
PTJFJXLGRSTECQ,O=C(O)CCC[C@H](O)\C=C/C=C/C=C/[C@H](O)C/C=C\CCCCCO,0.6722,0.1803,False,False
BRSOYKIAEJTKCP,CCCCCCCCCC(=O)CCCCCCCCCCCCCCC(C)CCCCC,0.6506,0.2553,False,False
PHKYYUQQYARDIU,Cc1ccc2[nH]c3ccccc3c2c1,0.31,0.4419,True,True
JGUUOJGEJWRPMA,C=c1cc(O)c2c(c1O)-c1ccccc1N=2,0.4617,0.2182,False,False
RIFSGUJLMACJMI,C=C(C)CCC/C(C)=C/CO,0.4933,0.193,False,False
ZUXCVSSOFQSXFF,CC(C)=CCC/C(C)=C/C=C/C=C(\C)CCC=C(C)C,0.5654,0.375,False,True
ZQPCOAKGRYBBMR,CC1=CCC(C(C)(C)S)CC1,0.5037,0.2041,False,False
WKKJGHCXVKEJNU,C=C1CCC(O)C2(C)CCC(C(C)C)C(O)C12,0.6024,0.2121,False,False
QXKHYNVANLEOEG,COc1c2occc2cc2ccc(=O)oc12,0.4367,0.3333,False,True
XBPCUCUWBYBCDP,C1CCC(NC2CCCCC2)CC1,0.441,0.2368,False,False
ADFWQBGTDJIESE,CCCCCCCCCCCCCCCc1cccc(O)c1C(=O)O,0.7841,0.4634,True,True
JOLVYUIAMRUBRK,C=CC/C=C\C/C=C\CCCCCCCc1cccc(O)c1,0.6371,0.3333,False,True
JJWIOXUMXIOXQN,C1CCCCCCCCCCCCCCC1,0.3739,0.0968,False,False
XQINTCORIZHGFD,COc1ccc2c(c1O)-c1c(OC)c(OC)cc3c1C(C2)[N+](C)(C)CC3,0.5267,0.2667,False,False
QJZFVYJIGWEKIR,C[Si](C)(C)OCC1OC(O[Si](C)(C)C)C(O[Si](C)(C)C)C(O[Si](C)(C)C)C1OC1OC(CO[Si](C)(C)C)C(O[Si](C)(C)C)C(O[Si](C)(C)C)C1O[Si](C)(C)C,0.6533,0.125,False,False
OITVFMRNHJZOHF,C[Si](C)(C)OC(=O)C=CC(=O)O[Si](C)(C)C,0.365,0.1795,False,False
PPTMWEDTYQRQBC,C[Si](C)(C)OCC(O[Si](C)(C)C)C(O[Si](C)(C)C)C(O[Si](C)(C)C)C(C=O)O[Si](C)(C)C,0.5083,0.1364,False,False
PPFHNIVPOLWPCF,C[Si](C)(C)OCC1OC(O[Si](C)(C)C)C(O[Si](C)(C)C)C(O[Si](C)(C)C)C1O[Si](C)(C)C,0.6467,0.1324,False,False
YQFZNYCPHIXROS,C[Si](C)(C)OCC1OC(OC2OC(CO[Si](C)(C)C)C(O[Si](C)(C)C)C(O[Si](C)(C)C)C2O[Si](C)(C)C)C(O[Si](C)(C)C)C(O[Si](C)(C)C)C1O[Si](C)(C)C,0.6283,0.1304,False,False
ZBEJHGUYYNELJI,CON=CC(O[Si](C)(C)C)C(O[Si](C)(C)C)C(CO[Si](C)(C)C)O[Si](C)(C)C,0.565,0.1212,False,False
GTYBQDCOPQDAPP,CC(O[Si](C)(C)C)C(N[Si](C)(C)C)C(=O)O[Si](C)(C)C,0.535,0.2128,False,False
OHBQPCCCRFSCAX,COc1ccc(OC)cc1,0.1883,0.5,True,True
OJBPXSILEFOOQD,C=CCSC(C)C,0.3975,0.1778,False,False
KWAMDQVQFVBEAU,CC(=O)O[C@@H]1C[C@H]2C(C)(C)C(=O)C=C[C@]2(C)[C@H]2CC[C@]3(C)C(=CC(=O)C3c3ccoc3)[C@@]21C,0.7902,0.2209,False,False
JZIQWNPPBKFOPT,COC(=O)CC1C2(C)C3=C(C)C(c4ccoc4)CC3OC2C2OC(=O)C3(C)C=CC(=O)C1(C)C23,0.7517,0.2159,False,False
GDMYRVKWBYREMU,CC(=O)OC1C(O)C2C(C)(C)C(=O)C=CC2(C)C2CCC3(C)C(=CCC3c3ccoc3)C12C,0.7952,0.2079,False,False
KXNFNEAZTWCHIL,CCC(C)CC(C)C(C)(C)C,0.3417,0.175,False,False
OWPWFVVPBYFKBG,CC1CC(O)C2(O)OC3CC4(C=O)C(CCC5C4CCC4(C)C(C6=CC(=O)OC6)CCC54O)CC3OC2O1,0.7767,0.1818,False,False
AYDKOFQQBHRXEW,CC1(C)CC2C3=CCC4C5(C)CCC(O)C(C)(C)C5CCC4(C)C3(C)CC(O)C2(CO)C(O)C1O,0.8017,0.411,True,True
LKZDFKLGDGSGEO,O=c1c(O[C@@H]2O[C@H](CO)[C@@H](O)[C@H](O)[C@H]2O[C@@H]2O[C@H](CO)[C@H](O)[C@H](O)[C@H]2O)c(-c2ccc(O)cc2)oc2cc(O)cc(O)c12,0.5887,0.5211,True,True
RTEDIEITOBJPNI,Oc1cc(O)c2c(c1)O[C@H](c1cc(O)c(O)c(O)c1)[C@@H](O)[C@@H]2c1c(O)cc(O)c2c1O[C@H](c1cc(O)c(O)c(O)c1)[C@H](O)C2,0.5518,0.5606,True,True
VNLOLXSJMINBIS,C[C@@H]1O[C@@H](OC[C@H]2O[C@@H](Oc3c(-c4ccc(O)cc4)oc4cc(O)cc(O)c4c3=O)[C@H](O[C@@H]3O[C@H](CO)[C@@H](O)[C@H](O)[C@H]3O)[C@@H](O)[C@@H]2O)[C@H](O)[C@H](O)[C@H]1O,0.6033,0.4458,True,True
WOVCTJQWXIZFAK,CCCCCc1cc(O)c(-c2cc(C)ccc2O)c(O)c1,0.3983,0.4722,True,True
YOVRGSHRZRJTLZ,CCCCCc1cc(O)c2c(c1)OC(C)(C)[C@@H]1CCC(C(=O)O)=C[C@@H]21,0.5521,0.3091,False,True
LIUSWWYGMWHXRD,CCCCC=c1cc2c(c(O)c1C(=O)O)=CCC(C)(CCC=C(C)C)O2,0.6621,0.2683,False,False
QHMBSVQNZZTUGM,C=C(C)[C@@H]1CCC(C)=C[C@H]1c1c(O)cc(CCCCC)cc1O,0.382,0.3778,False,True
WVOLTBSCXRRQFR,C=C(C)[C@@H]1CCC(C)=C[C@H]1c1c(O)cc(CCCCC)c(C(=O)O)c1O,0.5438,0.2698,False,False
CZXWOKHVLNYAHI,C=C(C)[C@@H]1CCC(C)=C[C@H]1c1c(O)cc(CCC)c(C(=O)O)c1O,0.4383,0.2361,False,False
JVOHLEIRDMVLHS,CCCCCc1cc2c(c(O)c1C(=O)O)C1C3C(CCC3(C)O2)C1(C)C,0.6433,0.2615,False,False
KXKOBIRSQLNUPS,CCCCCc1cc2c(c(O)c1C(=O)O)-c1cc(C)ccc1C(C)(C)O2,0.705,0.2787,False,False
YEGSYHNTNPSTNB,CCCCCc1cc2c(c(O)c1C(=O)O[C@H]1C[C@H]3CC[C@@]1(C)C3(C)C)[C@@H]1C=C(C)CC[C@H]1C(C)(C)O2,0.7438,0.2405,False,False
ZROLHBHDLIHEMS,CCCc1cc(O)c2c(c1)OC(C)(C)[C@@H]1CCC(C)=C[C@@H]21,0.5667,0.2333,False,False
KQBVSIZPUWODNU,CC1OC(OC2CCC3(C=O)C4CCC5(C)C(C6=CC(=O)OC6)CCC5(O)C4CCC3(O)C2)CC(O)C1OC1OC(CO)C(O)C(O)C1O,0.7164,0.2289,False,False
JBFOLLJCGUCDQP,O=C(O)C1O[C@@H](Oc2cc(O)c3c(=O)cc(-c4ccc(O)cc4)oc3c2)[C@H](O)[C@@H](O)[C@@H]1O,0.6103,0.5152,True,True
LADIAAQZFHPJSX,COc1ccc(-c2cc(=O)c3c(O)cc(O[C@@H]4O[C@H](CO)[C@@H](O)[C@H](O)[C@H]4OC(C)=O)cc3o2)cc1,0.6233,0.4045,True,True
AMSCMASJCYVAIF,CC1NC2CCCCCCCC(=O)OC3CCC(CCCCCCCC(=O)OC1CC2)NC3C,0.4495,0.2034,False,False
HZYCAKGEXXKCDM,COC(=O)CSC,0.435,0.2564,False,False
JOSNYUDSMPILKL,COC(=O)C(O)CC(C)C,0.3617,0.375,False,True
XCXKZBWAKKPFCJ,CCCCCCCCCCCCCCC(C)=O,0.5204,0.3077,False,True
RRXOQHQFJOQLQR,C/C=C/c1cc(OC)c(OC)c(OC)c1,0.505,0.5,True,True
JCBPETKZIGVZRE,CCC(N)CO,0.315,0.2222,False,False
NMXWTQFCMCVSFH,C=CCC(=NO)SC1OC(CO)C(O)C(O)C1O,0.568,0.1948,False,False
JSLDLCGKZDUQSH,COC(=O)C1CC23C=CCN4CCC5(c6ccccc6NC15C2C)C43,0.6117,0.2135,False,False
JRJGKUTZNBZHNK,CC(=O)OCCCc1ccccc1,0.1333,0.45,True,True
XUNMWLWTZWWEIE,O=C(O)C=CCCCCCCC(=O)O,0.5898,0.2609,False,False
WLJVNTCWHIRURA,O=C(O)CCCCCC(=O)O,0.3804,0.3333,False,True
BTZVDPWKGXMQFW,O=C(O)CCCCCCCCCCCCCC(=O)O,0.3804,0.3333,False,True
XLLIQLLCWZCATF,COCCOC(C)=O,0.2333,0.2927,False,False
RFCSGMIUBXUYSE,CC1(O)CCC2C(C(=O)O)=COC(OC3OC(CO)C(O)C(O)C3OC(=O)c3ccc(O)cc3)C21,0.6703,0.2371,False,False
FFVRRQMGGGTQRH,CCC1CN(C)C2Cc3c([nH]c4ccccc34)C(=O)CC1C2C(=O)OC,0.6908,0.2676,False,False
OYMQKBZMKFJPMH,COC(=O)C12CC3CC(C(C)O)C1N(CCc1c2[nH]c2ccc(OC)cc12)C3,0.6174,0.2674,False,False
MMMDVGMDEBDBOH,CCC1CC2CC3(C(=O)OC)c4[nH]c5ccccc5c4CCN(C2=O)C13,0.5767,0.2877,False,False
PZNPHSFXILSZTM,CC1CCC2(OC1)OC1CC3C4CC(O)C5CC(O)CCC5(C)C4CCC3(C)C1C2C,0.7028,0.1733,False,False
YEWUMIMAJWFDQG,CC(CCC1(O)OC2CC3C4CCC5CC(N)CCC5(C)C4CCC3(C)C2C1C)COC1OC(CO)C(O)C(O)C1O,0.7453,0.1829,False,False
WXMARHKAXWRNDM,C[C@@H]1CC[C@@]2(OC1)O[C@H]1C[C@H]3[C@@H]4CC=C5C[C@@H](O[C@@H]6O[C@H](CO)[C@@H](O)[C@H](O)[C@H]6O)CC[C@]5(C)[C@H]4CC[C@]3(C)[C@H]1[C@@H]2C,0.6975,0.2264,False,False
XJLZCPIILZRCPS,C=C(CCC(C)C1CCC2(C)C3=C(CCC12C)C1(C)CCC(O)C(C)(C)C1CC3)C(C)C,0.7403,0.2529,False,False
OLBAYJUQWFSQAY,C=CCc1ccc(OC(C)=O)c(OC(C)=O)c1,0.2838,0.3778,False,True
MDXYNRAMDATLBT,CC=Cc1ccc(O)c(O)c1,0.1217,0.4146,True,True
UZGQDPUKGCHYDI,CC=Cc1cccc(O)c1O,0.415,0.2609,False,False
TZLTUMDXQSXWJG,C=CCc1cccc(OC(C)=O)c1OC(C)=O,0.6467,0.4091,True,True
FWKQNCXZGNBPFD,Cc1ccc(C(C)C)cc2c(C)ccc1-2,0.4833,0.2927,False,False
ZCLWBGXLYWCXHJ,C=CC[C@]12C=C(OC)C(=O)C([C@@H](c3ccc(O)c(OC)c3)[C@@H]1C)[C@@H]2OC(C)=O,0.4302,0.2935,False,False
IIZCEIWXLSJQFP,CC(C)C1CCC(C)(O)CC1O,0.484,0.2093,False,False
PIYHDSUVUSVLGU,COc1cc(C[C@H]2COC(O)[C@@H]2Cc2cc(OC)c(OC)c(OC)c2)cc(OC)c1OC,0.5281,0.4103,True,True
FDHFWHRGVDRJIK,COc1cc(C[C@@H](CO)[C@H](CO)Cc2ccc3c(c2)OCO3)cc(OC)c1OC,0.6203,0.3636,False,True
QKIQAUSGMKJYFS,CC1=C[C@@H](O)[C@@]23O[C@]2(C)C[C@@H]2OC(=O)C(C)=C2C[C@@H]13,0.6504,0.2308,False,False
BFDODNWEBMWJIS,COc1cc(C[C@H]2COC(=O)C2Cc2cc(OC)c3c(c2)OCO3)cc(OC)c1OC,0.6209,0.3333,False,True
IJEQILWOWKTLML,CC1=C2C(=O)CC(C)C2=CC2=C(C)C(=O)O[C@H]2C1,0.5592,0.2154,False,False
QFFURUDOUPSWTF,COc1ccc(C[C@H]2COC(=O)C2Cc2cc(OC)c(OC)c(OC)c2)cc1OC,0.6553,0.3721,False,True
IAJBQAYHSQIQRE,COc1cc(OC)c(OC)cc1C=O,0.3067,0.3143,False,True
UADJTDURPOSPRM,C=CCC(C=O)CC,0.3967,0.1667,False,False
PSBKJPTZCVYXSD,CCC(=O)CC(C)CC,0.3993,0.2308,False,False
SOCNBZCAGNYAED,COc1cc(CC2C(Cc3ccc4c(c3)OCO4)COC2O)cc(OC)c1OC,0.5726,0.32,False,True
ASAWUXMEXFAFMU,CC(=O)O[C@@H]1[C@H]2O[C@H]2[C@H]2O[C@@]2(COC(=O)c2ccccc2)[C@H]1OC(C)=O,0.7448,0.2593,False,False
JKCVMTYNARDGET,OC[C@H](Cc1ccc2c(c1)OCO2)[C@H](CO)Cc1ccc2c(c1)OCO2,0.3936,0.3409,False,True
PPKABVGOUVBEEX,CCOc1cc(C[C@H]2COC(O)[C@@H]2Cc2cc(OC)c(OC)c(OC)c2)cc2c1OCO2,0.5595,0.3148,False,True
WCERJEZPIONOJU,COc1cc(OC)c(C2C(C)C(C)C2c2cc(OC)c(OC)cc2OC)cc1OC,0.4067,0.3226,False,True
DDWGQGZPYDSYEL,O=C1OC[C@H](Cc2ccc3c(c2)OCO3)C1Cc1ccc2c(c1)OCO2,0.4831,0.3404,False,True
HHRGVAZECZEYPH,COc1cc(CC2COC(=O)C2Cc2ccc3c(c2)OCO3)cc(OC)c1OC,0.6423,0.3333,False,True
PCFGXGDGOLIQTE,O=C(OCC1(O)C=CC(OC(=O)c2ccccc2)C(O)C1O)c1ccccc1,0.593,0.2651,False,False
GMLDZDDTZKXJLU,COc1cc(CC2C(=O)OC[C@@H]2Cc2ccc3c(c2)OCO3)cc(OC)c1OC,0.6423,0.3333,False,True
UAJHVFUBIKCODA,CC1C=C2C(CC1)[C@@H](C)CC[C@]2(O)C(C)C,0.4408,0.2,False,False
YWPRRALOHVWEQD,CC(C)[C@@H]1CC[C@@H](C)[C@H]2CCC(C)C23OC13,0.6055,0.1667,False,False
VCIZOTXPSIGTKG,CN1CC2c3cc4c(cc3CC1c1cc3c(cc12)OCO3)OCO4,0.5772,0.2462,False,False
NOUDABILYBTVKT,CCCCCCCCCCCCCCCCCCCC(O)CCCC1CCCCC1,0.5267,0.3333,False,True
BWUQAWCUJMATJS,COc1cc2c(cc1O)C[C@H]1c3cc(O)c(OC)cc3CCN1C2,0.3933,0.2553,False,False
ICGJAAVPMLXDHF,COc1ccc2c(c1O)C(=O)O[C@@H]2[C@H]1c2c(cc3c(c2OC)OCO3)CCN1C,0.5953,0.2667,False,False
KDFKJOFJHSVROC,COc1cc2c(cc1O)[C@@H]1Cc3ccc(OC)c(OC)c3CN1CC2,0.5333,0.2698,False,False
ZALYXKJOOUDZCC,COc1ccc(CC2=[N+](C)CCc3cc(OC)c(O)cc32)cc1O,0.54,0.2787,False,False
YXWQTVWJNHKSCC,COc1ccc(CC2NCCc3cc(OC)c(OC)cc32)cc1OC,0.4704,0.3023,False,True
IZTUINVRJSCOIR,c1ccc(Cc2nccc3ccccc23)cc1,0.3954,0.2632,False,False
ZDGQZOCAKDGPRA,COc1ccc2c3c1O[C@H]1[C@@H](O)C=C[C@H]4[C@@H](C2O)N(C)CC[C@@]341,0.5433,0.2055,False,False
YLUOVOKBMSLYGX,COc1cc2c(cc1O)C1OC(OC)c3c(ccc4c3OCO4)C1NCC2,0.6367,0.2466,False,False
UFCVPEFVGGMGSE,COc1cc2c(cc1OC)C(=O)C(=O)c1ccc3c(c1CN(C)CC2)OCO3,0.5367,0.2836,False,False
JWRBBXQUYVJOLN,CC(C)=C(C=O)c1ccco1,0.425,0.2549,False,False
LLSADFZHWMEBHH,COC1=C[C@]23CCN(C)[C@@H](Cc4ccc(OC)c(O)c42)C3=C[C@@H]1O,0.42,0.2308,False,False
GKDSKCYMUUXQLA,COc1ccc2ccc3ccc(OC)c(O)c3c2c1,0.3017,0.3774,False,True
SKBDLRWFSRLIPP,COc1cc(C(=O)O)c(C(=O)O)cc1OC,0.2583,0.4828,True,True
INYZHMFILKJYAJ,CCCCCCCCCCCCCCCCCCCCCCCCCC(C)CCC,0.6899,0.2581,False,False
RUPUUZZJJXCDHS,COc1cc(CC2c3cc(O)c(OC)cc3CCN2C)ccc1O,0.4683,0.3036,False,True
ZKISAEBFBKQQID,CCCCCCCCCCCCCCCCCCC(=O)CCCCCC,0.5189,0.3103,False,True
HYBRYAPKQCZIAE,COc1ccc2c(c1OC)CN(C)CCc1cc3c(cc1C(=O)C2)OCO3,0.6383,0.2838,False,False
CJYNYVSDQZLRSG,COc1cc2c(cc1OC)[C@@H]1O[C@@H](O)c3c(ccc(OC)c3OC)[C@H]1N(C)CC2,0.5917,0.2656,False,False
BZKUYNBAFQJRDM,CN1CCc2cccc3c2C1Cc1ccccc1-3,0.3853,0.25,False,False
XPDJLGHACUMTKU,c1ccc2c(c1)cnc1c3ccccc3ccc21,0.4267,0.2456,False,False
VZTUIEROBZXUFA,COc1ccc2c(c1OC)CN1CCc3cc4c(cc3C1C2)OCO4,0.6037,0.25,False,False
OKORHWXYDBSYNO,COc1cc2c(cc1O)[C@H](Cc1ccc(OC)c(OC)c1)N(C)CC2,0.465,0.2833,False,False
OROGSEYTTFOCAN,COc1ccc2c3c1O[C@H]1[C@@H](O)C=C[C@H]4[C@@H](C2)N(C)CC[C@@]341,0.545,0.2027,False,False
XYYVYLMBEZUESM,COc1ccc2c3c1OC1C(=O)C=CC4[C@@H](C2)N(C)CC[C@]314,0.55,0.2192,False,False
WHFUDAOCYRYAKQ,COc1ccc2c(c1O)-c1c(O)c(OC)cc3c1[C@H](C2)N(C)CC3,0.4752,0.26,False,False
SWBXJEKOHMOEFV,COc1c2c(cc3c1C(=O)Cc1ccc4c(c1CN(C)CC3)OCO4)OCO2,0.5867,0.2361,False,False
XPOJSWHIKCNLEQ,COc1cc2c(cc1OC)C(=O)Cc1ccc3c(c1CN(C)CC2)OCO3,0.6183,0.2838,False,False
HCUKNXBLSIDEJS,C=C(C)[C@@H](C)CC[C@@H](C)[C@H]1CC[C@@]2(C)[C@@H]3CC[C@H]4C(C)(C)C(=O)CC[C@@]45C[C@@]35CC[C@]12C,0.7437,0.3846,False,True
CIUHLXZTZWTVFL,CN1Cc2c(ccc3c2OCO3)-c2ccc3cc4c(cc3c21)OCO4,0.5533,0.2787,False,False
STJFYCWYHROASW,COc1cc2c(cc1OC)C1OC(OC)c3c(ccc4c3OCO4)C1N(C)CC2,0.6483,0.2439,False,False
WZRCQWQRFZITDX,Oc1ccc(CC2NCCc3cc(O)c(O)cc32)cc1,0.4069,0.2462,False,False
XXANNZJIZQTCBP,COc1c2c(cc3c1OCO3)CCN(C)C2,0.5633,0.2373,False,False
YYCRAERBSFHMPL,COc1ccc2c3c1OC1C(=O)C=C[C@@]4(O)[C@@H](C2)N(C)CC[C@]314,0.6267,0.2159,False,False
UFHGABBBZRPRJV,Cn1c(=O)c2c3c(ccc2c2ccc4cc5c(cc4c21)OCO5)OCO3,0.5439,0.2759,False,False
RQCOQZNIQLKGTN,COc1cc2c3c(c1O)-c1c(cccc1OC)C[C@@H]3N(C)CC2,0.4873,0.2632,False,False
ZEGRKMXCOCRTCS,O=C(O)c1cc(=O)c(O)c(C(=O)O)o1,0.2873,0.3077,False,True
ORFFGRQMMWVHIB,COc1ccc2c(c1OC)C(=O)OC2,0.46,0.3478,False,True
BQJCRHHNABKAKU,CN1CC[C@]23c4c5ccc(O)c4O[C@H]2[C@@H](O)C=C[C@H]3[C@H]1C5,0.5287,0.2113,False,False
AMAPEXTUMXQULJ,C[N+]1([O-])CC[C@]23c4c5ccc(O)c4O[C@H]2[C@@H](O)C=C[C@H]3[C@H]1C5,0.6483,0.1918,False,False
DEMFUFJSZCRLRV,O=C1C2=C(CCCC2)C(=O)N1c1ccc(Br)cc1,0.4973,0.2727,False,False
DPRSKEMBOBQDJV,COc1cc2c(cc1O)C1OC(O)c3c(ccc4c3OCO4)C1N(C)CC2,0.6033,0.2414,False,False
DEXMFYZAHXMZNM,COc1ccc(C(=O)Cc2c(CCN(C)C)cc3c(c2OC)OCO3)c(C(=O)O)c1OC,0.5483,0.2299,False,False
ZJEHXADDXGVOCX,COc1ccc2c(c1OC)C(=O)N=C2Cc1c(CCN(C)C)cc2c(c1OC)OCO2,0.54,0.2439,False,False
HXFMRYFLZVSZMP,COc1ccc(C(=O)C(=O)c2c(CCN(C)C)cc3c(c2OC)OCO3)c(C(=O)O)c1OC,0.5333,0.2353,False,False
LMGZCSKYOKDBES,COc1ccc2c(c1OC)C(=O)O[C@@H]2[C@H]1c2c(cc3c(c2O)OCO3)CCN1C,0.562,0.2667,False,False
NNDKZTBFZTWKLA,COc1ccc2c3c1O[C@H]1[C@@H](O)CC=C4[C@@H](C2)N(C)CC[C@]431,0.555,0.1975,False,False
CNXVDVMAYXLWPD,c1cc2c(cnc3c4cc5c(cc4ccc23)OCO5)c2c1OCO2,0.5169,0.2586,False,False
ZKLXUUYLEHCAMF,COC1=CC=C2[C@H]3Cc4ccc(O)c5c4[C@@]2(CCN3C)[C@H]1O5,0.5217,0.2078,False,False
GLKPKUBRBLNOSC,CNCCc1cc2c(c(OC)c1CC(=O)c1ccc(OC)c(OC)c1C(=O)O)OCO2,0.62,0.2738,False,False
MTJSWIPYMFUEPW,COc1ccc(Cc2nccc3cc(OC)c(OC)cc23)cc1O,0.6154,0.2982,False,False
QJTBIAMBPGGIGI,COc1ccc(C(=O)c2nccc3cc(OC)c(OC)cc23)cc1OC,0.715,0.3462,False,True
GPTFURBXHJWNHR,CN1CCc2cc3c(cc2C(=O)Cc2ccc4c(c2C1)OCO4)OCO3,0.595,0.2787,False,False
FOJYFDFNGPRXDR,CN1CC[C@]23c4c5cc(-c6cc7c8c(c6O)O[C@H]6[C@@H](O)C=C[C@H]9[C@@H](C7)N(C)CC[C@@]896)c(O)c4O[C@H]2[C@@H](O)C=C[C@H]3[C@H]1C5,0.522,0.16,False,False
GVTRUVGBZQJVTF,COC1=C[C@]23CCN(C)[C@H](Cc4ccc(OC)c(O)c42)C3=CC1=O,0.52,0.2278,False,False
INVGWHRKADIJHF,C[n+]1cc2c3c(ccc2c2ccc4cc5c(cc4c21)OCO5)OCO3,0.555,0.2679,False,False
UWEHVAXMSWXKRW,COc1cc2c(cc1OC)C1Cc3ccc4c(c3CN1CC2)OCO4,0.542,0.2632,False,False
JQGBUIZIHWUPHT,COC1=CC=C2C3Cc4ccc(OC)c5c4C2(CC(C2=CC4(O)C6Cc7ccc(O)c8c7C4(CCN6C)C(O8)C2=O)N3C)C1O5,0.6417,0.211,False,False
PMXUJDPQAVEYII,COC1=CC=C2[C@H]3Cc4ccc(OC)c5c4[C@@]2(CC[N+]3(C)[O-])[C@H]1O5,0.645,0.2027,False,False
CPYIEKQJQMBWIB,CN1CC[C@]23c4c5c(-c6cc(O)c7c8c6C[C@@H]6[C@@H]9C=C[C@H](O)[C@H](O7)[C@]89CCN6C)cc(O)c4O[C@H]2[C@@H](O)C=C[C@H]3[C@H]1C5,0.637,0.1757,False,False
NPUAGQSOGDMMPN,CN1CCC23c4c5ccc(Oc6cc(O)c7c8c6CC6C9C=CC(O)C(O7)C89CCN6C)c4OC2C(O)C=CC3C1C5,0.6267,0.1771,False,False
NJMOXXXFTFWKLU,CN1CC[C@]23c4c5ccc(O)c4O[C@H]2C=C[C@H](O)[C@H]3[C@H]1C5,0.615,0.2113,False,False
WCZUJRMWTGFSNK,Cc1ccc(C(=O)Nc2ccccc2-c2n[nH]c(C(C)C)n2)cn1,0.4767,0.2933,False,False
GBZDALHFANHWOF,CCCCCCCCCCCCCCCCC(C)C(=O)O,0.5458,0.283,False,False
ZYLPVUZBZNMVMR,CCCCC/C=C\C/C=C\CCCCCCCCCC(=O)O[C@H](COCCCCCCCCCCCCCCCC)COP(=O)(O)OCC[N+](C)(C)C,0.7351,0.2472,False,False
GCAIEHBYLQNGAF,COC1=CC(=O)C(c2coc3cc(O)ccc3c2=O)=CC1=O,0.7,0.3559,False,True
QUZPNFFHZPRKJD,[GeH4],0.405,0.0323,False,False
PENVZDGQEYSJEF,COC(=O)CCCCCCCCCCCCCCCOC(=O)/C=C/c1ccc(OC)c(OC)c1,0.3052,0.4259,True,True
OSLLYIQENKMWKD,O=S(=O)(O)c1ccc(Nc2nc(Cl)nc(Nc3ccc(C=Cc4ccc(Nc5nc(Cl)nc(Nc6ccc(S(=O)(=O)O)cc6)n5)cc4S(=O)(=O)O)c(S(=O)(=O)O)c3)n2)cc1,0.6546,0.3492,False,True
KWMAWXWUGIEVDG,COc1cc2oc(-c3ccc(O)cc3)c(O)c(=O)c2c(O)c1OC,0.4733,0.5319,True,True
MKLGKAZZVGHUDD,CCCCCCCCCCCCCCC=CCC1=[N+](CCO)CCN1CC,0.6499,0.2542,False,False
PCGKIWPTIJPQHI,CCC(C)CCCCCCCCCCCCCCC(=O)O,0.587,0.2826,False,False
RGOMDWSYUHJZOA,C[n+]1c2c(cc3c1CCCC3)CCCC2,0.4706,0.1667,False,False
MQAHKRVNVQQRHE,COC(=O)OC1Oc2cc(O)ccc2-c2c1oc1cc(O)c(O)c(O)c1c2=O,0.5933,0.3276,False,True
JNELGWHKGNBSMD,O=c1c2ccccc2oc2ccccc12,0.3317,0.5667,True,True
TXTGITRXQUOAJM,COC1Oc2ccccc2-c2c1oc1cc(O)c(C)c(O)c1c2=O,0.5683,0.3036,False,True
IRFJPHPNKCAISA,Cc1c(O)cc2oc3c(=O)oc4cc(O)ccc4c3c(=O)c2c1O,0.5653,0.34,False,True
YVVDYYFGAWQOGB,Cc1c(O)cc2oc3c(c(=O)c2c1O)-c1ccccc1OC3O,0.5953,0.3148,False,True
ZVSXALWTWGTZSP,COc1cc2c(c(O)c1C)C(=O)[C@]1(O)c3cccc(O)c3OC[C@H]1O2,0.57,0.3088,False,True
ZESAOJOQKPXOPG,COC1Oc2cc(O)ccc2-c2c1oc1cc(O)c(C)c(O)c1c2=O,0.5633,0.3038,False,True
SRHRAINFNPVRDF,COc1cc2oc3c(c(=O)c2c(O)c1C)-c1ccccc1OC3OC,0.5533,0.3621,False,True
JJUNZBRHHGLJQW,O=c1c2cc(O)ccc2oc2cc(O)cc(O)c12,0.4383,0.4043,True,True
KDXFPEKLLFWHMN,O=c1c2cc(O)ccc2oc2cccc(O)c12,0.5,0.4043,True,True
BVOVBAKSGLOABW,C=C1CCCC(C)(C)C1(/C=C/C(O)CCO)OO,0.6183,0.2113,False,False
WZKQNLDTOKZTTR,CCC/C=C/C=C/C=C/C=C/C=C/C(=O)OC1C(C)C2(O)C(C=C(CO)CC3(O)C(=O)C(C)=CC32)C2C(C)(C)C12OC(C)=O,0.835,0.398,False,True
CCWCTGKXUGACDY,CCCCCCCCC=CC=CCC(=O)NCC(C)C,0.6965,0.2727,False,False
ULSDRNDLXFVDED,CCCCCCCCCCCCCC/C(C(=O)O)=C(\C)C(=O)O,0.6325,0.2826,False,False
KYNSBQPICQTCGU,C1=Cc2ccccc2OC1,0.5017,0.2766,False,False
UMHSTRUKUXAWBA,CCCCCCC1=C(CC(=O)O)C(=O)OC1=O,0.6027,0.3077,False,True
IRBHZQLYNSNFLQ,CC/C=C/C/C=C/C/C=C/CCCCCCCC(=O)OC1COC(c2ccccc2)OC1,0.7021,0.2687,False,False
BBFQZRXNYIEMAW,COc1cccc2c1cc([N+](=O)[O-])c1c(C(=O)O)cc3c(c12)OCO3,0.5167,0.2667,False,False
JPHVROHPIMQMJI,C=C(CO)C1CCC2(C)CC(O)C=C(C)C2C1,0.6554,0.2029,False,False
FAQZFJDTUMBJQS,CCCCCC1CC1CC1CC1CC1CC1CC1CC1CCCC(=O)OC,0.5076,0.2179,False,False
IMZMKUWMOSJXDT,O=C(O)c1cc(=O)c2c(OCC(O)COc3cccc4oc(C(=O)O)cc(=O)c34)cccc2o1,0.3506,0.35,False,True
SOFMPBOQLPVEQZ,CC/C=C\C/C=C\C/C=C\C/C=C\C/C=C\C/C=C\CCC(=O)OCC(COC(=O)CC/C=C\C/C=C\C/C=C\C/C=C\C/C=C\C/C=C\CC)OC(=O)CC/C=C\C/C=C\C/C=C\C/C=C\C/C=C\C/C=C\CC,0.5961,0.2241,False,False
GJPVEZJRYIBIOD,C=CC(C)(CC/C=C(\C)CCC=C(C)C)OC=O,0.5867,0.2963,False,False
ZXPWFWWSCFIFII,CCCCCCCCCCCCCCCCC#N,0.598,0.2667,False,False
VIEJMRGNZBJDOV,CCCCC/C=C\C/C=C\CC(C)(O)/C=C/C1OC1CCCCC(C)(C)C(=O)O,0.5841,0.2317,False,False
SGJIYESRGDTFSD,CC(C)=CCC1(CC=C(C)C)C(=O)C(=O)C(C(=O)CC(C)C)C1=O,0.5383,0.5625,True,True
XEIOPEQGDSYOIH,CCCCC/C=C\C/C=C\CCCCCCCC(=O)OC(C)C,0.6336,0.3235,False,True
ZCVMWBYGMWKGHF,CN1CCC(=C2c3ccccc3CC(=O)c3sccc32)CC1,0.4853,0.2727,False,False
AOAFVSVYRSUDBN,CCC(C)CCCCCCCCCCCCC(=O)OC,0.593,0.2222,False,False
MVDGSHXQMOKTDJ,CCCCCCCCCCCCCCCCCCC#N,0.598,0.2667,False,False
CSQGINGXEBQJPA,COc1cc(CC(=O)CO)ccc1O,0.4038,0.413,True,True
YBDIZQWDBBOOFB,O=C1CC(c2ccc(O)cc2)Oc2cc(O)c(-c3c(O)cc(O)c4c3OC(c3ccc(O)cc3)CC4=O)c(O)c21,0.4081,0.5246,True,True
ODNZGWQSPYLHGS,C=CC1(C)CC2OC(=O)C(C)=C2CC1C(=C)C(=O)OC,0.6283,0.2174,False,False
NPESYAPJIHBZLW,Cc1nc2sc(C(=O)c3ccc(Br)cc3)c(N)c2c(C)c1C,0.7586,0.3519,False,True
HUKORALUZFKSIC,COC1=NC23CCC4C5CCC(=O)C5(C)CCC4(S1)C2(C)CCC(=O)C3,0.7467,0.2078,False,False
WHMXLRRVANEOOG,CC(C)=CCC/C(C)=C/CC/C(C)=C/CC/C(C)=C/COCC(COP(=O)(O)O)OC/C=C(\C)CC/C=C(\C)CC/C=C(\C)CCC=C(C)C,0.6217,0.2712,False,False
VELNJBNYLCFDCI,O=C(O)CC(=O)OC[C@H]1O[C@@H](Oc2cc3c(O)cc(O)cc3[o+]c2-c2cc(O[C@@H]3O[C@H](COC(=O)/C=C/c4ccc(O[C@@H]5O[C@H](COC(=O)/C=C/c6ccc(O[C@@H]7O[C@H](CO)[C@@H](O)[C@H](O)[C@H]7O)cc6)[C@@H](O)[C@H](O)[C@H]5O)cc4)[C@@H](O)[C@H](O)[C@H]3O)c(O)c(O[C@@H]3O[C@H](COC(=O)/C=C/c4ccc(O[C@@H]5O[C@H](COC(=O)/C=C/c6ccc(O[C@@H]7O[C@H](CO)[C@@H](O)[C@H](O)[C@H]7O)cc6)[C@@H](O)[C@H](O)[C@H]5O)cc4)[C@@H](O)[C@H](O)[C@H]3O)c2)[C@H](O)[C@@H](O)[C@@H]1O,0.7193,0.3366,False,True
SIVINWHAEBFOIY,O=C([O-])CC(=O)OC[C@H]1O[C@@H](Oc2cc3c(O)cc(O)cc3[o+]c2-c2cc(O[C@@H]3O[C@H](COC(=O)/C=C/c4ccc(O[C@@H]5O[C@H](CO)[C@@H](O)[C@H](O)[C@H]5O)cc4)[C@@H](O)[C@H](O)[C@H]3O)c(O)c(O[C@@H]3O[C@H](COC(=O)/C=C/c4ccc(O[C@@H]5O[C@H](COC(=O)/C=C/c6ccc(O[C@H]7O[C@@H](CO)[C@H](O)[C@@H](O)[C@@H]7O)cc6)[C@@H](O)[C@H](O)[C@H]5O)cc4)[C@@H](O)[C@H](O)[C@H]3O)c2)[C@H](O)[C@@H](O)[C@@H]1O,0.6904,0.3333,False,True
BXNSJSZTRNGMSP,O=C([O-])CC(=O)OC[C@H]1O[C@@H](Oc2cc3c(O)cc(O)cc3[o+]c2-c2cc(O[C@@H]3O[C@H](COC(=O)/C=C/c4ccc(O[C@@H]5O[C@H](COC(=O)C=Cc6ccc(O)cc6)[C@@H](O)[C@H](O)[C@H]5O)cc4)[C@@H](O)[C@H](O)[C@H]3O)c(O)c(O[C@@H]3O[C@H](COC(=O)/C=C/c4ccc(O[C@@H]5O[C@H](COC(=O)C=Cc6ccc(O)cc6)[C@@H](O)[C@H](O)[C@H]5O)cc4)[C@@H](O)[C@H](O)[C@H]3O)c2)[C@H](O)[C@@H](O)[C@@H]1O,0.6738,0.3333,False,True
CJBDUOMQLFKVQC,O=C(O)CCc1ccccc1O,0.6417,0.3171,False,True
WLDGLUYONPYMAV,COc1cc(Cc2c(-c3ccc(O)cc3OC)c3cc(OC)c(=O)c(OC)c3c3cc4cc(O)c(O)cc4oc23)ccc1O,0.595,0.3803,False,True
VPGIGLKLCFOWDN,COc1ccc2c(c1)O[C@H]1c3ccc(OC)cc3OC[C@@H]21,0.4637,0.2985,False,False
CMMUMPUVMQKMLU,C=C(C)[C@@H]1CC[C@]2(C)CC[C@]3(C)[C@H](CC[C@@H]4[C@@]5(C)CCCC(C)(C)[C@@H]5CC[C@]43C)[C@@H]12,0.7583,0.2299,False,False
YLZYAUCOYZKLMA,COc1ccc2c(c1)OC[C@H]1c3cc4c(cc3O[C@@H]21)OCO4,0.5053,0.3231,False,True
VLEUZFDZJKSGMX,COc1cc(C=Cc2ccc(O)cc2)cc(OC)c1,0.67,0.8889,True,True
BRRYCACXNRWJMT,COc1c(O)cc2c(O)c3c(c(O)c2c1O)=CCCC=3,0.4603,0.2857,False,False
WPNYFKJDYXQIGA,COc1cc(O)ccc1-c1c(Cc2ccc(O)c(O)c2)c2oc3cc(O)c(O)cc3cc2c2c(OC)c(=O)c(OC)cc12,0.6067,0.3662,False,True
SHEUEEZGXLCROM,C/C(C=O)=C\CCC1(C)C2CC3C(C2)C31C,0.6486,0.2429,False,False
NZSCHTYUGUVLHG,C/C(=C\CCC1(C)C2CC3C(C2)C31C)C(=O)O,0.7233,0.3125,False,True
ZHWZEHFYKZGQFR,CC1=CCC([C@H](C)CC/C=C(/C)CO)=CC1,0.6336,0.2381,False,False
RAPKQMZFSCMPDF,C\C=C/C=C\C=C/C=C\CCCCCCO,0.6649,0.2128,False,False
QFHNVRXMVIWOFO,CCCCCCCCCCCCCCCC(=O)CCCCCC(O)CCCCCCCCC,0.6156,0.2553,False,False
VJYFMQREUJXCQV,CC1=CCC(C(C)CC=O)CC1,0.4237,0.2,False,False
AWXTUFPUJSQYGO,C=C(CCC=C(C)C)[C@@H]1CC=C(CO)CC1,0.6237,0.2414,False,False
FUCSWNUANQRDFQ,C/C(=C/CCC1(C)C2CCC1(C)C(O)C2)CO,0.6217,0.24,False,False
LZBXPXAOYQVZEC,CC(C)=CCC/C(C)=C/CCc1ccoc1,0.645,0.3333,False,True
HVAVUZLEYSAYGE,C[C@H]1CCC[C@@]2(C)CC[C@@H]3C[C@]12OC3(C)C,0.6252,0.2069,False,False
LDSSHHGVKDZTIX,CC1(CC(=O)O)C2CC3C(C2)C31C,0.58,0.2029,False,False
LSIXBBPOJBJQHN,CC1=C(C)C2CCC1C2,0.4753,0.2581,False,False
XVULBTBTFGYVRC,C=C[C@](C)(O)CC[C@@H]1[C@@]2(C)CCCC(C)(C)[C@@H]2CC[C@@]1(C)O,0.6428,0.2113,False,False
ZWUWJJHLJNLVDD,CC1(CO)C2CC3C(C2)C31C,0.5367,0.1707,False,False
VENIIVIRETXKSV,CCCCCC/C=C/C#CCCCCCCCC(=O)O,0.6949,0.2632,False,False
BPKXTDIRERUUAY,CC1(CCC=C(CO)CO)C2CC3C(C2)C31C,0.665,0.2295,False,False
QHDPITNBVDSMQH,CC1(C(=O)O)C2CC3C(C2)C31C,0.6003,0.2121,False,False
YFOIGZMLDYUPOI,C=C1C2CCC(C2)C1(C)CC/C=C(/C)C=O,0.6044,0.2174,False,False
GDUPVLWBFYDTHE,C=C1[C@H]2CC[C@H](C2)[C@]1(C)CCC=C(CO)CO,0.617,0.2273,False,False
PMCPDNGTLRPFQQ,C=C1C2CCC(C2)C1(C)CC/C=C(/C)C(=O)O,0.665,0.2857,False,False
WYGLLWYGQRUNLF,C/C1=C\C=C(\C(C)C)CC/C(C)=C/CC1,0.515,0.15,False,False
NCBOXCFFSWALMZ,COc1c(OC(C)=O)cc2c(c1OC(C)=O)[C@@H]1O[C@H](COC(C)=O)[C@@H](OC(C)=O)[C@H](OC(C)=O)[C@H]1OC2=O,0.6867,0.2549,False,False
TVRDYVMRUJAIJL,COc1c(-c2ccc(O)c(O)c2)oc2c(CC=C(C)C)c3c(cc2c1=O)C=CC(C)(C)O3,0.5333,0.4375,True,True
ZMEIKTTXONUYNX,CC1(C)CC[C@]2(C(=O)O)[C@H](O)C[C@]3(C)C(=CC[C@@H]4[C@@]5(C)CC[C@H](O[C@@H]6OC[C@H](O)[C@H](O)[C@H]6O[C@@H]6OC[C@H](O)[C@H](O)[C@H]6O[C@@H]6OC[C@H](O)[C@H](O[C@@H]7O[C@H](CO)[C@@H](O)[C@H](O)[C@H]7O)[C@H]6O)C(C)(C)[C@@H]5CC[C@]43C)[C@@H]2C1,0.8322,0.5074,True,True
NRGDUDNBWFMMIW,CC(C)=CCc1c2c(cc3c(=O)c(O)c(-c4ccc(O)c(O)c4)oc13)C=CC(C)(C)O2,0.5283,0.4416,True,True
KFALHTDSQSJCFC,CC1(C)CC[C@]2(C(=O)O)CC[C@]3(C)C(=CC[C@@H]4[C@@]5(C)CC[C@H](O)C(C)(C)[C@@H]5CC[C@]43C)[C@@H]2[C@@H]1O,0.785,0.5455,True,True
PKHBEGZTQNOZLP,C=C/C=C/C/C=C/C,0.485,0.1395,False,False
ULDNZNZTSYZQKK,CCCCCCCCCCCCCCCC(=O)N1CCCC1,0.4351,0.2653,False,False
BDQNKCYCTYYMAA,O=C=Nc1cccc2ccccc12,0.43,0.2308,False,False
GNIPXJDNOQXMGJ,CC(C)CCCCCc1ccc(O)o1,0.5948,0.3469,False,True
DMDPGPKXQDIQQG,COCCOCCOCCOCCOCCOC,0.4117,0.1538,False,False
SMNDYUVBFMFKNZ,O=C(O)c1ccco1,0.3883,0.3182,False,True
XOHIHZHSDMWWMS,CC(C)COc1ccc2ccccc2c1,0.4017,0.3269,False,True
LJLKMTOXPHGJMQ,CCCCCCCCCCCCCCCCCCc1ccco1,0.6252,0.3939,False,True
VHWTVINEPPOCLA,C[C@@]1(CO)CCC[C@@]2(C)[C@H]1CC[C@H]1C[C@@H]3C[C@@]12CC[C@]3(O)CO,0.6614,0.1831,False,False
ZPBYVFQJHWLTFB,Cn1cnc(=N)c2[nH]cnc21,0.4083,0.1579,False,False
KXYNLLGPBDUAHW,OCc1ccnc2ccccc12,0.4017,0.25,False,False
XVAIDCNLVLTVFM,COc1ccc(NC(C)=O)cc1,0.1917,0.4722,True,True
XEVCTBKORYCFCZ,COc1ccc(/C=C/C(=O)c2ccc3c(c2O)C=CC(C)(C)O3)cc1,0.5922,0.3582,False,True
CGVSVWWXNAFRRH,C=Cc1ccc(O)cc1O,0.2823,0.3636,False,True
RDADUROBQIJEIM,O=[N+]([O-])C1([N+](=O)[O-])COCOC1,0.4469,0.1633,False,False
SFXXRVSPZSOREJ,CCOc1nc(N)nc2[nH]cnc12,0.5456,0.1967,False,False
IOIKXLOQSXQCSI,COc1cc(O)c2c(=O)cc(-c3ccc4c(c3)OCO4)oc2c1,0.5128,0.4035,True,True
JMMMWKAJHBCSAV,CC(=CC(C)C(=O)C[C@H](O)CC1CC(=O)NC(=O)C1)[C@@H]1OC(=O)/C=C/CC/C=C/CC[C@@H]1C,0.5908,0.225,False,False
MPDDBIZPSZZTPG,CCC(O)/C=C(\C)c1cc(OC)c(C)c(=O)o1,0.4054,0.3019,False,True
DZBUGLKDJFMEHC,c1ccc2nc3ccccc3cc2c1,0.49,0.2895,False,False
HAUGRYOERYOXHX,O=c1[nH]c(=O)c2nc3ccccc3nc2[nH]1,0.48,0.3091,False,True
QRUDEWIWKLJBPS,c1ccc2[nH]nnc2c1,0.435,0.2444,False,False
ZIMMLBWISNFYGV,CN(C)[C@H]1C[C@@]23CC[C@@]4(O2)C(=CC3=C[C@@H]1O)CC[C@]1(C)[C@@H](c2ccc3ccncc3c2)CC[C@H]14,0.7302,0.1753,False,False
CPEVXYSYBVNBGN,CC(C)=CCCC1(C)C=Cc2c(ccc(C(=O)C=Cc3cc(O)ccc3O)c2O)O1,0.5958,0.4458,True,True
VVPRQWTYSNDTEA,CCCCCC(=O)OC(CC(=O)[O-])C[N+](C)(C)C,0.6537,0.2364,False,False
PTLYOYNZZDSYSJ,CC(C)=CCCC1(C)C=Cc2c(ccc(C(=O)C=Cc3ccc(O)cc3)c2O)O1,0.561,0.4203,True,True
HJXJVORILFDIOT,NC(=O)c1nc(=O)[nH]c(=O)[nH]1,0.4933,0.22,False,False
MMXZSJMASHPLLR,O=C(O)c1cc(C(=O)O)c2c(n1)C(=O)C(=O)c1cc(C(=O)O)[nH]c1-2,0.565,0.2154,False,False
ZUEGEPDZNAILQJ,C=C(C)C#Cc1cc(O)ccc1O,0.385,0.25,False,False
YVUJATOOBNWJDN,COC(=O)c1ccccc1NC(=O)C(NC(=O)c1cnc2c(n1)c(=O)[nH]c(=O)n2C)[C@@H](C)O,0.6433,0.2632,False,False
KWVQNVMZUOEYMN,CC(C)C(O)(Cc1c(O)c(C(=O)C=CC2[C@H]3CCCC[C@@H]3C=C[C@@H]2C)c(O)n1C)C(=O)O,0.6518,0.1948,False,False
KFLQGJQSLUYUBF,COC[C@@H](Cc1ccc(OC)c(OC)c1)[C@@H](COC)Cc1ccc(OC)c(OC)c1,0.4754,0.3429,False,True
UZUCFTVAWGRMTQ,CC12CC3CC(CC(C3)C1)C2,0.5869,0.1714,False,False
DWPLEOPKBWNPQV,COc1ccccc1C(C)=O,0.1917,0.3913,False,True
DQGZGGZXMOFHLB,C=CC(=C)CCC1OC1(C)C,0.5833,0.1607,False,False
KXDDDNKGVUBFQS,CC(C)=CCCC1(C)OC1C=O,0.5754,0.2791,False,False
YGFGZTXGYTUXBA,CC(C)=CCCC(C)C=O,0.5767,0.25,False,False
XONDRGRALZTVKD,O=C(O)[C@@](O)(CO)[C@H](O)[C@H](O)CO,0.4467,0.1591,False,False
KQZAHMIZMBERJX,C=C(C)CCCC(C)CC=O,0.56,0.1724,False,False
HSJZJYCOXHKDBJ,COc1cc(OCC=C(C)C)c2ccc(=O)oc2c1,0.3175,0.4211,True,True
OQHQALGVQDTJDN,COc1c2occc2c(OC/C=C(\C)CCC=C(C)C)c2ccc(=O)oc12,0.5104,0.3433,False,True
NIZFPIBTGJOVRT,OC12CCC(CC1)C2,0.5369,0.1622,False,False
PKRPFNXROFUNDE,COc1c2ccoc2c(OC[C@@H](O)C(C)(C)O)c2oc(=O)ccc12,0.4617,0.2785,False,False
ORBITTMJKIGFNH,COc1c2ccoc2c(OC[C@H]2OC2(C)C)c2oc(=O)ccc12,0.57,0.2564,False,False
SGAYOTORECIFCJ,CC(C)=CCCC1(C)C2CCC1(C)[C@H](O)C2,0.5933,0.2857,False,False
HJMDOAWWVCOEDW,CC(C)=CCOc1c2ccoc2c(OCC=C(C)C)c2oc(=O)ccc12,0.4221,0.3559,False,True
JMFFUDMJDZXYCT,CCCCC/C=C/OC(C)=O,0.529,0.3478,False,True
SCBBUPSCKNUDCO,C=C(C)C1=CCC(C)=CC1,0.4667,0.1556,False,False
ZFLPOPCZMXGUOJ,COC(=O)CC(C)CCC=C(C)C,0.5433,0.2407,False,False
XYNXVLJULQJJED,CCCCC=CC=COC=O,0.5633,0.2708,False,False
BMLZFLQMBMYVHG,COc1c2ccoc2c(OCC=C(C)C)c2oc(=O)ccc12,0.4354,0.4068,True,True
YTZKOQUCBOVLHL,CC(C)(C)c1ccccc1,0.3283,0.2857,False,False
QYCGBAJADAGLLK,C1=C(C2=CCCCCC2)CCCCC1,0.529,0.3611,False,True
WPMKLOWQWIDOJN,C=C(C)C1CCC(C)CC1,0.4217,0.1455,False,False
LGVJRKCQQHOWAU,O=C1CC[C@H]2CCCC[C@@H]2C1,0.4676,0.18,False,False
HZWSAUOBLMSNPL,COc1cc(OC)c2c(c1)O[C@H](c1ccc(OC)c(OC)c1OC)CC2=O,0.522,0.3421,False,True
JABYJIQOLGWMQW,CCC/C=C/CCCCCC,0.6271,0.3421,False,True
GHBKCPRDHLITSE,C/C=C/CC(C)C,0.4033,0.1356,False,False
VPEGROOEBNSCCL,CCCCC/C=C\CC/C=C/C=O,0.6133,0.2727,False,False
RKSXBPZEKYUCII,CCCCC/C=C\CCCCC=O,0.535,0.2927,False,False
HJCIVWWOKIXNOJ,CCCCCCCC/C=C\CCCC=O,0.6138,0.3415,False,True
HCWUCGFGFTYIIJ,CCCCCCC/C=C\CCCCC=O,0.6032,0.3171,False,True
MXYKXSMSECVABY,CCCCCC/C=C\CCCC=O,0.6138,0.3415,False,True
PSZBPDGPFVFTSW,C=C(C)/C=C/C(C)C(=C)C,0.35,0.1333,False,False
AVJYNJQKPDKJBG,C1COCCOOCCO1,0.4136,0.119,False,False
RYHBNJHYFVUHQT,C1COCCO1,0.3486,0.1282,False,False
DHLQCLRZNQGXIE,C=CCC/C=C/CC/C=C/CCC=C,0.4669,0.1163,False,False
SSNXCWDNBOVHEB,Cc1cc(NC2CCC(N(C)C)CC2)[nH]c(=NC(=N)Nc2ccc(Cl)cc2)n1,0.8041,0.2469,False,False
MDILNYKBPZYLLP,CCCCCCCCCCC#CCCCCCCCCCCCCCC,0.6713,0.325,False,True
XCRISFHOPWXTMT,COc1cc(OC)c2c(=O)cc(-c3ccc(OC)c(OC)c3OC)oc2c1,0.47,0.3846,False,True
MZPDTOMKQCMETI,CC=C(C)CCC=C(C)C,0.5221,0.359,False,True
JQJGNXSIVDDAEF,COc1cc(OC)c2c(c1)OC(c1ccc(OC)c(OC)c1)C(=O)C2O,0.5058,0.2676,False,False
JDVPHCLYMGBZLE,COc1ccc(-c2oc3c(OC)c(OC)c(OC)c(O)c3c(=O)c2OC)cc1OC,0.5,0.3818,False,True
DUTKEQCBGLKZRI,COc1cc(OC)c2c(=O)c(OC)c(-c3ccc(OC)c(O)c3)oc2c1,0.5458,0.4182,True,True
SDDQNZKSVASSFO,C=C1CCC(C(=C)CO)CC1,0.5833,0.1667,False,False
MSJCWIFRXCLULX,COc1cc(Br)c(/C=C/C(=O)O)cc1OC,0.4325,0.4255,True,True
GGOZBGQCWVKOSB,CC12CCC3C(C1O2)C3(C)C,0.6186,0.1875,False,False
YKNMBTZOEVIJCM,C/C=C/CCCCCCC,0.6282,0.3333,False,True
PFNHSEQQEPMLNI,CCCC(C)CO,0.515,0.1613,False,False
ZASFWGOMAIPHLN,C=C1CC2CCC1(C)C2(C)C,0.5886,0.1923,False,False
ZXTLGJAARBNQGK,Cc1ccccc1NC=O,0.42,0.3514,False,True
HXUXMDQJDDDOIJ,CC1(C)C2CCC(C2)C1O,0.5521,0.2,False,False
KJRCEJOSASVSRA,CC(C)S,0.51,0.1786,False,False
CVUAHQAQHICPSF,COc1ccc(C)cc1C(C)C,0.475,0.3571,False,True
VIKQYIINCNAGJW,CCCCCCC=C(C=O)CCCCC,0.7419,0.2653,False,False
GIKVSFNAEBQLGB,COc1cc(OC)c2c(=O)cc(-c3cc(OC)c(OC)c(OC)c3)oc2c1,0.4783,0.4468,True,True
CHXSDKWBSFDZEU,COc1ccc(-c2oc3cc(OC)c(OC)c(OC)c3c(=O)c2OC)cc1OC,0.6517,0.4038,True,True
BLFLHTDGUMLULY,CCOc1cc(C=NNC(=O)C(=O)Nc2cccc(Cl)c2)ccc1O,0.73,0.4219,True,True
DHNXISVLIUCUHP,C=C1CC2C(CC1OC(=O)CC(C)=O)C2(C)C,0.6304,0.2462,False,False
SSXJHQZOHUYEGD,COc1ccc(-c2oc3c(OC)c(OC)c(OC)c(OC)c3c(=O)c2OC)cc1OC,0.6317,0.3585,False,True
XBZIUXVIWRAJKB,COc1ccc(-c2oc3c(OC)c(OC)cc(OC)c3c(=O)c2OC)cc1OC,0.605,0.3519,False,True
SJNALLRHIVGIBI,C=CCC#N,0.4802,0.1277,False,False
DCFDVJPDXYGCOK,O=CC1CC=CCC1,0.41,0.2,False,False
SEZSXMSQCRWUAS,CCOP(=O)(OCC)/C(C#N)=C\c1ccccc1,0.6083,0.2708,False,False
UPVGDGITFOERJA,O=CCC1CC=CCC1,0.54,0.2632,False,False
SYGUVOLSUJYPPS,COc1c(O)c(OC)c2oc(-c3ccc(O)cc3)cc(=O)c2c1O,0.3,0.5745,True,True
FTFPXINQVCVDEY,COc1cc(O)c2c(=O)cc(-c3ccc(O)cc3)oc2c1OC,0.3033,0.6522,True,True
IECRXMSGDFIOEY,COc1c(OC)c(OC)c2c(=O)cc(-c3ccc(O)cc3)oc2c1OC,0.2617,0.6,True,True
GANPPQWRXGYBCV,COC(=O)c1[nH]cc(-c2ccccc2Cl)c1N1CCOCC1,0.537,0.2927,False,False
YSLBFFIVJGJBSA,CCc1ccc(CO)cc1,0.5603,0.3429,False,True
KKJQZEWNZXRJFG,CC1CNC(C(=O)O)C1,0.3569,0.1897,False,False
QVGFPTYGKPLXPK,COc1c2c(cc3oc(C)cc(=O)c13)O[C@H](C(C)(C)O[C@@H]1O[C@H](CO)[C@@H](O)[C@H](O)[C@H]1O)C2,0.4587,0.3788,False,True
RBHVONZOSZWABM,CCCCCN=C1c2ccccc2C(=O)C(=O)C1NC(=O)CCl,0.57,0.254,False,False
HCAGTMLWEWVIJA,COc1cc(-c2oc3c(OC)c(OC)c(OC)c(O)c3c(=O)c2OC)ccc1O,0.5083,0.4259,True,True
LYLDPYNWDVVPIQ,COc1ccc(-c2cc(=O)c3c(OC)c(OC)c(OC)cc3o2)cc1O,0.4783,0.5,True,True
KEBPSQKPIAKRAT,COc1ccc([C@@H]2CC(=O)c3c(OC)c(OC)c(OC)c(OC)c3O2)cc1,0.4886,0.3269,False,True
KDAYBJYBUBBFCG,COc1ccc(C2CC(=O)c3c(OC)cc(OC)c(OC)c3O2)cc1OC,0.5883,0.3699,False,True
XRHHDQSPFPQKMS,COc1cc(-c2cc(=O)c3c(O)c(OC)c(O)c(OC)c3o2)ccc1O,0.4183,0.5294,True,True
PVRYOKQFLBSILA,CC(=O)c1ccc(C)nc1,0.535,0.3333,False,True
UBZBPKARIHPOEC,COc1cc(-c2cc(=O)c3c(O)c(OC)c(OC)c(OC)c3o2)ccc1O,0.3817,0.5294,True,True
HHGPYJLEJGNWJA,COc1cc(O)c2c(=O)c(OC)c(-c3ccc(OC)c(OC)c3)oc2c1,0.5692,0.4182,True,True
NPMMYTVKEWLZKD,COc1ccc(-c2oc3c(OC)c(OC)cc(O)c3c(=O)c2OC)cc1OC,0.5117,0.4074,True,True
AJMNTEFGXPRZHG,COc1ccccc1-c1cc(=O)c2c(O)cc(OC)c(OC)c2o1,0.2683,0.6042,True,True
UFULDTPDHIRNGS,C=CCCCCCO,0.5684,0.1591,False,False
DFMQEEUDLFLPFL,COc1ccc(-c2oc3cc(O)c(OC)c(OC)c3c(=O)c2OC)cc1OC,0.6017,0.4902,True,True
LIHVLVGTXLTMAQ,COc1ccc(-c2oc3c(OC)c(O)c(OC)c(OC)c3c(=O)c2OC)cc1OC,0.5517,0.3818,False,True
XGOWVPRWNRKCSL,COc1ccc(-c2cc(=O)c3c(OC)c(OC)c(O)c(OC)c3o2)cc1OC,0.365,0.5098,True,True
QKNDCRMJDZLFEG,COc1ccc2c(=O)cc(-c3ccccc3)oc2c1,0.3767,0.4583,True,True
IDWULKZGRNHZNR,COC(C)(C)CCCC(C)CC=O,0.5483,0.1875,False,False
MUZGQHWTRUVFLG,CCCC/C=C\CCCCCCOC(C)=O,0.4633,0.3913,False,True
MWVKBWOAAKHSGS,C=CCCCC(=C)CCC(C)=O,0.5967,0.2,False,False
VQUFSEQEIRRWLD,CC(=O)OC(C)(C)C1C=C(C)CCC1,0.3031,0.2407,False,False
JGQFVRIQXUFPAH,C=C(C)CCCC(C)CCO,0.58,0.1607,False,False
NJZUUYADLXBQPA,C=C1CC2CC1CC2(C)C,0.6433,0.2157,False,False
WLAYVQKPZABXSY,CCCCCCCCCCOC(=O)CCl,0.5183,0.322,False,True
JHELBXAAAYUKCT,CC(=O)Cc1cc(=O)c2c(C)cc(O)cc2o1,0.4219,0.3864,False,True
UPWUDJZKOSQIRQ,CC(C)=C1C2CCCCC12,0.334,0.1778,False,False
UATVIVWPWXCCFM,CCCCCCCCCCCCOC(=O)Nc1ccccc1,0.3816,0.5273,True,True
AZZCHVHSWUYCQA,CCCCCCCCCCOC(=O)Cl,0.5391,0.2881,False,False
ULJXKUJMXIVDOY,CC(C)[C@@H]1CC[C@@H](C)[C@H](O)C1,0.5274,0.1923,False,False
AXXQQGBQPBSIBA,COc1cc(-c2cc(=O)c3c(O)c([C@@H]4OC(CO)[C@@H](O)[C@H](O)C4O)c(O)c([C@@H]4OC(CO)[C@@H](O)[C@H](O)C4O)c3o2)ccc1O,0.4583,0.381,False,True
LTRBUBSPQISFFL,COc1ccc(C2CC(=O)c3c(OC)c(OC)c(OC)c(OC)c3O2)cc1OC,0.5117,0.3562,False,True
VADSVXSGIFBZLI,C=CCc1ccc(O[C@@H]2O[C@H](CO)[C@@H](O)[C@H](O)[C@H]2O)c(OC)c1,0.6304,0.3467,False,True
LZVXYGLCVNPQDY,CCC(C)C1NC(=O)C(CC(C)C)NC(=O)C(Cc2ccccc2)NC(=O)C(C(C)O)NC(=O)CNC(=O)C(C(C)O)NC(=O)C(C)NC1=O,0.496,0.2152,False,False
JXSBDUVWEXYABO,CC(C)CC1NC(=O)C2CCCN2C(=O)C(CO)NC(=O)CNC(=O)C(Cc2ccc(O)cc2)NC(=O)C2CCCN2C(=O)C(CC(C)C)NC1=O,0.53,0.2683,False,False
TUWQBPAEPPGNFV,CCCCC1CCC1CC,0.4092,0.2188,False,False
IKDAAKTZPNAEIT,C=CC1(O)CCCCCCCCCCC1,0.3947,0.1364,False,False
NZXWDTCLMXDSHY,CC1(C)C2CC3C1C3(C)C2,0.5669,0.2097,False,False
OLZFGHOLNXRJEC,CC(C)=C1CCC(C)CC1,0.3617,0.1667,False,False
VYPSYNLAJGMNEJ,O=[Si]=O,0.3533,0.0833,False,False
LWYKRZJSOCUPJG,C=CC1=C(C)CCCC1(C)C,0.6983,0.1864,False,False
WJTCGQSWYFHTAC,C1CCCCCCC1,0.3739,0.0968,False,False
SRONXYPFSAKOGH,C1CCCCCCCCCCCCCC1,0.3739,0.0968,False,False
OZOFRBKHLATMMU,CC(C)(O)C1CC(=O)C2(C)C(CCC3(C)C(c4ccoc4)OC(=O)C4OC432)C1(C)C(O)CC(=O)O,0.7611,0.2079,False,False
GEFQDWALEWZTAR,COc1ccc(-c2cc(=O)c3c(O)c([C@@H]4O[C@H](CO)[C@@H](O)[C@H](O)[C@H]4O)c(O)c([C@@H]4O[C@H](CO)[C@@H](O)[C@H](O)[C@H]4O)c3o2)cc1O,0.4383,0.3731,False,True
ADVFPEKLSDNTRV,COc1ccc(-c2cc(=O)c3c(O)c([C@@H]4O[C@H](CO)[C@@H](O)[C@H](O)[C@H]4O)c(O)cc3o2)cc1O,0.555,0.3385,False,True
WKUHPOMCLBLCOV,COc1ccc(-c2cc(=O)c3c(O)cc(O[C@@H]4O[C@H](CO)[C@@H](O)[C@H](O)[C@H]4O)cc3o2)cc1O,0.6403,0.3571,False,True
SNSAFZXASVXYNM,CCCCCCCC=CCC(C)=O,0.6286,0.3261,False,True
UPFVGSHGRMQLTG,CCCCCCCCCCC=Cc1cc(O)oc1O,0.6925,0.5,True,True
BIUSXTISNNLMOR,CC(=O)C1(C)CC=C(C)CC1,0.4803,0.2034,False,False
MRYCLZJCWIDCIH,CC(=O)C1=C(C)C1,0.33,0.2105,False,False
ATJVZXXHKSYELS,CCOC(=O)C=Cc1ccc(O)c(OC)c1,0.1071,0.6279,True,True
FOISHGXCIBGQJU,CCOC(=O)CC(=O)C12CC3CC(CC(C3)C1)C2,0.5925,0.25,False,False
AVBRYQRTMPHARE,CCCCCCCCOC=O,0.4838,0.2424,False,False
DRQALSJOSDMKCR,COc1ccc(C2CC(=O)c3c(O)cc(O[C@@H]4OC(C(=O)O)[C@@H](O)[C@H](O)[C@H]4O)cc3O2)cc1O[C@@H]1OC(C(=O)O)[C@@H](O)[C@H](O)[C@H]1O,0.5091,0.3933,False,True
PPZQNMKLQDFNHE,COc1ccc(C2CC(=O)c3c(OC(C)=O)cc(O)cc3O2)cc1OC(C)=O,0.3621,0.4231,True,True
ZQVILTAOARXDIT,COc1ccc(C2CC(=O)c3c(cc(O[C@@H]4O[C@H](COC(=O)c5ccccc5)[C@@H](OC(=O)c5ccccc5)[C@H](OC(=O)c5ccccc5)[C@H]4OC(=O)c4ccccc4)cc3O[C@@H]3O[C@H](COC(=O)c4ccccc4)[C@@H](OC(=O)c4ccccc4)[C@H](OC(=O)c4ccccc4)[C@H]3OC(=O)c3ccccc3)O2)cc1OC(C)=O,0.6507,0.3113,False,True
QSLBWGKNSBMTJL,COc1ccc([C@@H]2CC(=O)c3c(O[C@@H]4O[C@H](CO)[C@@H](O)[C@H](O)[C@H]4O)cc(O)cc3O2)cc1O,0.5403,0.3864,False,True
ADSYMQORONDIDD,COc1ccc([C@@H]2CC(=O)c3c(O)cc(O[C@@H]4O[C@H](CO)[C@@H](O)[C@H](O)[C@H]4O)cc3O2)cc1O,0.5387,0.3929,False,True
JMGZKUMTFGHNRS,CC1=CCC2C(=C1)C(C)(C)CCCC2C,0.685,0.2131,False,False
GNNAZOFNKOMONV,CC(C)(O)[C@@H]1CC(=O)[C@]2(C)[C@H](CC[C@@]3(C)[C@H](c4ccoc4)OC(=O)C4O[C@]432)[C@]12COC(=O)C[C@@H]2O,0.7394,0.1835,False,False
LYEFRAMOOLOUKA,CC1C(=O)OC[C@H]2[C@@H]1CC[C@@H]2C,0.4617,0.1837,False,False
WRZOUWHPDDOJNR,COc1ccc(-c2coc3cc(O)c(OC)c(O)c3c2=O)cc1O,0.6833,0.4182,True,True
HEKGWBIGPAUHQK,CC1(C)O[C@@H](CC(=O)O)[C@]2(C)[C@H]3CC[C@@]4(C)[C@H](c5ccoc5)OC(=O)C5O[C@]54[C@]3(C)C(=O)C[C@@H]12,0.6719,0.1951,False,False
QHLKSZBFIJJREC,COc1cc(-c2oc3cc(O)cc(O)c3c(=O)c2O[C@@H]2O[C@H](CO)[C@@H](O)[C@H](O)[C@H]2O[C@@H]2O[C@@H](C)[C@H](O)[C@@H](O)[C@H]2O)ccc1O,0.635,0.4458,True,True
FKIYLTVJPDLUDL,C[C@@H]1O[C@@H](OC[C@H]2O[C@@H](Oc3cc(O)c4c(=O)cc(-c5ccc(O)cc5)oc4c3)[C@H](O)[C@@H](O)[C@@H]2O)[C@H](O)[C@H](O)[C@H]1O,0.6153,0.3297,False,True
HMUJXQRRKBLVOO,COc1ccc([C@@H]2CC(=O)c3c(O)cc(O)cc3O2)cc1,0.3214,0.4308,True,True
GLAAQZFBFGEBPS,COc1cc(-c2cc(=O)c3c(O)c(OC)c(O)cc3o2)ccc1O,0.4883,0.5102,True,True
VUEGXHXUMOZKKN,C=CC1(C)CCC(C(C)CO)O1,0.6286,0.2027,False,False
XWALNWXLMVGSFR,C[C@]12C=CC(=O)C=C1CC[C@@H]1[C@@H]2CC[C@@]2(C)[C@H]1CC[C@]2(C)O,0.6404,0.1944,False,False
GUMSHIGGVOJLBP,COc1ccc([C@@H]2CC(=O)c3c(O)cc(O[C@@H]4O[C@H](CO[C@@H]5O[C@@H](C)[C@H](O)[C@@H](O)[C@H]5O)[C@@H](O)[C@H](O)[C@H]4O)cc3O2)cc1OC,0.5308,0.3684,False,True
YMNFLKTYCUPAKF,COc1c(OC)c(OC)c2c(=O)c(OC)c(-c3ccc(O)cc3)oc2c1OC,0.4867,0.3654,False,True
UPHVLMVJLBLXON,COc1c(OC)c(OC)c2c(=O)c(OC)c(-c3ccccc3)oc2c1O,0.4817,0.4314,True,True
RXYUGYYRVYJRAU,Cc1cccc(C(=O)Nc2ccc(Br)cc2C(=O)c2ccccc2Cl)c1,0.6625,0.3393,False,True
GTXWEBMMAVTOOJ,C1CC2CCC3CCC23C1,0.4802,0.1129,False,False
QMIBIXKZPBEGTE,CCCCCCCCCCCCCC1CO1,0.5684,0.2424,False,False
QUHIXSUMNSRNNP,CC(=O)OCC(C)C1CC=C(C)CC1,0.407,0.2297,False,False
YRPQTVNCCVPGFA,CCCCCC/C=C\CCCCCCCC(N)=O,0.6504,0.3182,False,True
POLXRFRYTQZPCR,O=C1C(=O)c2cc([N+](=O)[O-])cc(Br)c2-c2ccc([N+](=O)[O-])cc21,0.6567,0.383,False,True
WEJVHFVGNQBRGH,Cc1cc(C)c(O)c(C)c1C,0.5467,0.2286,False,False
DUGOZIWVEXMGBE,COC(=O)C(c1ccccc1)[C@H]1CCCCN1,0.4623,0.36,False,True
IAFONZHDZMCORS,CC(C)C1CCC2(C)OC2C1=O,0.592,0.2182,False,False
HEPHYCJJLAUKSB,CC(C=O)Cc1ccccc1,0.325,0.3191,False,True
YXHFXGHAELQJGK,COc1cc(-c2cc(=O)c3c(O)cc(O)c([C@@H]4O[C@H](CO)[C@@H](O)[C@H](O)[C@H]4O)c3o2)ccc1O,0.47,0.4444,True,True
RIDRQWKYWXHAOD,CC1(C)C=Cc2c(O)ccc(-c3coc4cc(O)cc(O)c4c3=O)c2O1,0.605,0.3836,False,True
JYTLIKVWYWOQTK,CC1OC(=O)C(=O)C1C,0.3867,0.2128,False,False
LRIUTQPZISVIHK,C=C/C=C/CCCCCCCCCC,0.7304,0.3095,False,True
DZVXRFMREAADPP,CC1C(O)CC2(C(C)C)CC12,0.4419,0.1698,False,False
VVXGFIWLFZMBCJ,COc1c(-c2ccc(O)cc2)oc2cc(O)c(CC=C(C)C)c(O)c2c1=O,0.5517,0.5161,True,True
RVUPULHIJGOIJB,C1CC2CC(C1)C1CCC21,0.3719,0.1143,False,False
MGYTWJLNNBMMOZ,CCSC(SCC)C(O)C(O)C(CNC(C)=O)NC(C)=O,0.4658,0.1754,False,False
RUMHNRJFLJGRNU,C=CC/C=C\C=C/C/C=C\CCCCCCCCC,0.6449,0.3043,False,True
CWZGKTMWPFTJCS,O=C1CCCC1C1CCCC1,0.2838,0.25,False,False
QXYAJPQXTGQWRU,CCCCCC/C=C\CCCCCCO,0.6465,0.35,False,True
AVHNDAZRNRAYTP,CCCCCC/C=C\CCCCCC=O,0.6032,0.3171,False,True
PBNXUEQZNAEDOI,CC(C)=CC[C@@H]1O[C@]1(C)C1CC=C(C)CC1,0.6628,0.2308,False,False
IXXIEBPQRNRTQY,C=C[C@]1(C)CC=C(C(C)C)C[C@H]1C(=C)C,0.5804,0.1791,False,False
DGPHAUBUAGDZCS,COc1cccc(-c2oc3c(OC)c(OC)c(OC)c(OC)c3c(=O)c2OC)c1OC,0.53,0.3091,False,True
VHVOLFRBFDOUSH,C/C=C/c1ccc2c(c1)OCO2,0.2731,0.3415,False,True
UIMAEYMKYMNCGW,C=C(CO)C1CC=C(C)CC1,0.507,0.1967,False,False
OGMSGZZPTQNTIK,C=C(C)c1ccccc1C,0.34,0.3333,False,True
IJALWSVNUBBQRA,Cc1cc(O)ccc1C(C)C,0.445,0.25,False,False
JQNFKXWEJORMGJ,CCCC[C@H]1O[C@@H]1/C=C/C=O,0.465,0.175,False,False
HIOMEXREAUSUBP,CCCCC[C@@H]1O[C@H]1/C=C/C=O,0.505,0.1707,False,False
ZYDXKAHTGWQVMS,CCCCCCC[C@H]1O[C@@H]1/C=C/C=O,0.5704,0.1905,False,False
OJBWHTRRQQNRBF,C=C(C)[C@@H]1C=CC[C@@H](C)C1,0.4783,0.1455,False,False
GFDFIMKBMBRKCK,O=[N+]([O-])c1ccc(C(c2ccc([N+](=O)[O-])cc2)c2ccc([N+](=O)[O-])cc2)cc1,0.6067,0.3939,False,True
JGKMDLIITSKWAD,CC1=CC2OC(C)(C)[C@@H]3CC[C@@H](C)[C@]23CC1,0.7506,0.2308,False,False
FOTVZLOJAIEAOY,Oc1cccc(OCc2ccccc2)c1,0.585,0.6207,True,True
SXOZDDAFVJANJP,O=C1CCCCCCCCC1,0.3954,0.1842,False,False
QBCRVYRADYXNOW,CC(=O)OCc1ccc(C(C)C)cc1,0.3553,0.359,False,True
MRLXFQWCSNFUCF,CCC(C)SSC/C=C/S(C)=O,0.5767,0.1404,False,False
QAKDINZUNLASCF,C/C=C/Sc1ccccc1,0.4533,0.2857,False,False
RQJHRMSZZCHSHY,C/C=C/SSSC(CC)SC,0.5217,0.1489,False,False
OGKCJWOOFUPRSV,CCC(SC)SSC,0.5567,0.1224,False,False
AXDUSIRSMKTCSD,CC(C)(O)c1ccc2c(c1)C=C[C@H]1[C@](C)(C(=O)O)CCC[C@]21C,0.7233,0.2424,False,False
MAVVDCDMBKFUES,Cc1csc(C)c1C,0.685,0.1892,False,False
HGJOFJDIHKHKAU,CC1(C)CS1,0.4852,0.1429,False,False
IJRCRFQMYAJPPO,CCC(C)SC,0.4133,0.1622,False,False
JNQZEVXCRPIXDB,CCC(C)SSCC=CSC,0.51,0.1273,False,False
QEYJAENSRLNDFW,CCCCSSCC,0.5373,0.2432,False,False
UERQNAZBAUOZKO,CCCCSSSC,0.4829,0.2308,False,False
VITWKRWSBFUVDT,CCCCSSCCC,0.4653,0.25,False,False
YIXRPTDEXMQJOQ,CCC(C)SSSSC(C)CC,0.4783,0.1579,False,False
WMXCDAVJEZZYLT,CC(C)(C)S,0.4267,0.1176,False,False
BDJJRCFSZXNBSM,Cc1sc(COS(C)=O)c(C)c1C,0.5819,0.1579,False,False
ZHSGKMPXEWBKBM,Cc1sc(C(=O)O)c(C)c1C,0.4617,0.2308,False,False
MSWJSDLNPCSSNW,CC(C)c1ccc2c(c1)C(=O)C[C@H]1[C@](C)(C(=O)O)CCC[C@]21C,0.6698,0.2639,False,False
KYEKMLQQOXNBSD,CC(=O)O[C@H]1C[C@@H](C)[C@]23OC(C)(C)[C@H](C[C@H](OC(=O)c4ccccc4)[C@]2(C)[C@H]1OC(C)=O)[C@H]3OC(=O)c1ccccc1,0.7303,0.2727,False,False
RTONMYLSQISFQA,C=C1CC[C@]2(C)C[C@H]1[C@]1(C)CCC[C@]21C,0.7086,0.2097,False,False
QJJDNZGPQDGNDX,CC(=O)CCC1=C(C)CCCC1(C)C,0.6783,0.2,False,False
NFXNEAJDYTXPLG,CC(C)=CCC(O)/C(C)=C/C(O)C/C(C)=C/COc1ccc2ccc(=O)oc2c1,0.3969,0.3068,False,True
FDKWXRYTMNZMOF,CC1=C(CC/C(C)=C\COc2ccc3ccc(=O)oc3c2)C(C)(C)C(O)CC1,0.5437,0.2979,False,False
DPUIHKUQXKLJMN,C=C1C[C@@H](O)[C@@H]2C(C)(C)[C@H](O)CC[C@@]2(C)[C@H]1COc1ccc2ccc(=O)oc2c1,0.68,0.2935,False,False
CKPWNMFJQJVNER,C=C1[C@H](O)[C@@H](O)[C@@H]2C(C)(C)[C@@H](OC(C)=O)CC[C@@]2(C)[C@H]1COc1ccc2ccc(=O)oc2c1,0.7133,0.3021,False,True
BKCNDTDWDGQHSD,CC(C)(C)SSC(C)(C)C,0.4167,0.1471,False,False
IWJREBWESWBLJL,FC(F)(F)C(SSSC(C(F)(F)F)(C(F)(F)F)C(F)(F)F)(C(F)(F)F)C(F)(F)F,0.61,0.0889,False,False
AHZBXSSTBLMSKB,CCOC(=O)N1CCC2(CC1)OC21c2ccc(Cl)cc2CCc2cccnc21,0.8133,0.2651,False,False
HUDBDWIQSIGUDI,CCOC(=O)Cc1c[nH]c2ccccc12,0.38,0.4426,True,True
STNWZOBISHHDCD,C=CC(=O)C#CC#CC(O)/C=C\CCCCCCC,0.6481,0.2414,False,False
KHAGBBCUTFISAU,CC(=O)O[C@@H]1CC[C@]2(C)C(COc3ccc4ccc(=O)oc4c3)=C(C)CC(=O)C2C1(C)C,0.5586,0.3152,False,True
IHIHSGANYYVZAE,C=C1C(C)=CC(=O)C2C(C)(C)C(=O)CC[C@@]12C,0.6674,0.2344,False,False
MGYFDYDNOJDWGH,C=C1C(C)=CC(=O)C2C(C)(C)[C@H](O)CC[C@@]12C,0.6758,0.2698,False,False
BWFNZIXETJNOGM,CC[C@@](O)(C(=O)Oc1ccc(/C=C/C(=O)NCCCNCCCCNC(=O)C=Cc2ccc(O)cc2)cc1)c1cc2n(c(=O)c1COC(C)=O)Cc1cc3ccccc3nc1-2,0.6308,0.2736,False,False
IQVBYJOWGYNMIL,CC1=C(COc2ccc3ccc(=O)oc3c2)[C@]2(C)CC[C@@H](O)C(C)(C)C2C(=O)C1,0.4686,0.3034,False,True
XLTBPTGNNLIKRW,CCSSC,0.5,0.125,False,False
LWKZASDDSMSRFV,COC(=O)CC[C@H]1C(=C(C)C)CC[C@H](C)[C@]1(C)COc1ccc2ccc(=O)oc2c1,0.657,0.3118,False,True
XRHGYUZYPHTUJZ,O=C(O)c1ccc(Cl)cc1,0.7056,0.4667,True,True
SJTUFGGNSOBUCB,CC(=O)OC1CC(C)C2CC1C2(C)C,0.6054,0.4038,True,True
AXGGCYIGMFOQQW,CC(C)c1cc2c(cc1O)[C@@]1(C)CCC[C@@]3(C)C(=O)OC(=C31)C2=O,0.6287,0.2388,False,False
FKTIVUFKTFDYDD,C=C1CC[C@]2(C)C(C)(C)[C@@H](OC(C)=O)CC[C@]2(C)[C@H]1COc1ccc2ccc(=O)oc2c1,0.815,0.3118,False,True
KHTNPVYWCGRQEA,CCCSSC(C)CC,0.4433,0.1707,False,False
AIILTVHCLAEMDA,CCC(=O)SC,0.5433,0.2162,False,False
BHRGGWSNTHQGED,CC1=CC(=O)[C@@]2(C)C1=CC(=O)[C@@]13CO[C@@]4(C)C1C(=O)O[C@H]4[C@H](O)[C@H]23,0.5821,0.1948,False,False
DMYGEKAQMJACKL,CS/C=C/CSSC/C=C/SC,0.5,0.1277,False,False
BCVHNJRRKGCIDI,CC1=C(COc2ccc3ccc(=O)oc3c2)[C@]2(C)CCC(=O)C(C)(C)C2C(=O)C1,0.4986,0.3068,False,True
CWUAKNMXNCKRQK,COc1ccc2c(c1)N(C(C)=O)[C@H]1[C@@H]3[C@H](O)OCC=C4CN5CC[C@]21[C@@H]5C[C@@H]43,0.696,0.2209,False,False
RCEFXZXHYFOPIE,C/C=C1/CN2[C@H]3Cc4c([nH]c5ccccc45)[C@@H]2C[C@@H]1[C@]3(CO)C(=O)OC,0.6117,0.2405,False,False
FACXQEOSOVJIPD,C=Cc1cncc2c(=O)n3c(cc12)-c1[nH]c2ccccc2c1CC3,0.7133,0.5273,True,True
XISKMNBBUQQBBE,C/C=C1/CN2CC[C@@]34c5ccccc5N5/C=C6/[C@H]7C[C@@H]8N(CC[C@@]89c8ccccc8N(/C=C(/[C@H]1C[C@H]23)[C@H]54)[C@@H]69)C/C7=C/C,0.62,0.1707,False,False
RRKTZKIUPZVBMF,COc1cc2c(cc1OC)[C@@]13CCN4CC5=CCO[C@H]6CC(=O)N2[C@H]1[C@H]6[C@H]5C[C@H]43,0.6769,0.1889,False,False
MJGLQDXKEOEIFB,COC(=O)c1cncc2c1C[C@H](O)[C@@H]2C,0.6633,0.25,False,False
LUZUHPHTXSGDDD,CC(C)[C@H]1CC[C@@H]2[C@]1(C)CC[C@]1(C)C3=C(CC[C@@]21C)[C@@]1(C)CC[C@H](O)C(C)(C)[C@@H]1CC3,0.7336,0.1975,False,False
AVWSKQPXKPSIFK,CC=C1CN2CCc3c4n(c5ccccc35)C(CO)C1CC42,0.5783,0.2192,False,False
POLBLONFVZXVPI,COc1cc2c(cc1OC)[C@@]13CCN(C)CC4=CCO[C@H]5CC(=O)N2[C@H]1[C@H]5[C@H]4CC3=O,0.695,0.2069,False,False
BYHWAEAVIGYEBJ,CC[C@H]1CN2CCc3c([nH]c4ccccc34)[C@@H]2C[C@@H]1C[C@H]1NCCc2c1[nH]c1ccccc21,0.6735,0.2941,False,False
WPRCHZNIQPXBQO,CC[C@H]1CN2CCC3c4ccccc4NC3[C@H]2C[C@@H]1C[C@@H]1NCCc2c1[nH]c1ccccc21,0.7514,0.2532,False,False
QMGVPVSNSZLJIA,O=C1C[C@@H]2OCC=C3CN4CC[C@]56c7ccccc7N1[C@H]5[C@H]2[C@H]3C[C@H]46,0.6789,0.1944,False,False
HICMXDKNSCMBDU,C/C=C1\CN2CC[C@]34C=C(CO)[C@H]1C[C@]23Nc1ccccc14,0.5383,0.175,False,False
HSHNITRMYYLLCV,Cc1cc(=O)oc2cc(O)ccc12,0.3853,0.2857,False,False
ZACSSZNPODCJNA,COC(C)(C)/C=C/C[C@@H](C)[C@H]1CC[C@@]2(C)[C@@H]3[C@@H](O)C=C4[C@@H](CC[C@H](O)[C@]4(C)CO)[C@]3(C)CC[C@]12C,0.6736,0.2245,False,False
AVFNYXHRDYAHNF,CC(C)=C[C@H](O)C[C@@H](C)[C@H]1CC[C@@]2(C)[C@@H]3[C@@H](O)C=C4[C@@H](CC[C@H](O)[C@]4(C)CO)[C@]3(C)CC[C@]12C,0.6445,0.25,False,False
FDSDTBUPSURDBL,CC1=C(/C=C/C(C)=C/C=C/C(C)=C/C=C/C=C(C)/C=C/C=C(C)/C=C/C2=C(C)C(=O)CCC2(C)C)C(C)(C)CCC1=O,0.6367,0.1515,False,False
QRYRORQUOLYVBU,CC(C)c1cc2c(c(O)c1O)[C@@]1(C(=O)O)CCCC(C)(C)C1CC2,0.56,0.2535,False,False
XUSYGBPHQBWGAD,CC(C)c1cc2c(c(O)c1O)[C@@]13CCCC(C)(C)[C@@H]1C[C@@H]2OC3=O,0.6259,0.2836,False,False
GPLGAQQQNWMVMM,C[C@H]1[C@H]2CC[C@H]3[C@@H]4CC=C5C[C@@H](N(C)C)CC[C@]5(C)[C@H]4CC[C@]23CN1C,0.6302,0.16,False,False
ILRYLPWNYFXEMH,NC(CCSCC(N)C(=O)O)C(=O)O,0.6,0.2381,False,False
XXFACTAYGKKOQB,CC(CO)CCNc1ncnc2[nH]cnc12,0.537,0.2188,False,False
WRFTYMHHWSAKSK,Cc1cc(O)c2c(c1)C(=O)C(c1c(C)cc3c(c1O)C(=O)C=CC3=O)=CC2=O,0.6133,0.2,False,False
DGMPVYSXXIOGJY,CCCCc1ccc(C(=O)O)nc1,0.575,0.3784,False,True
JNLNPCNGMHKCKO,O=C1C(c2c(O)[nH]c3ccccc23)=Nc2ccccc21,0.4817,0.3396,False,True
MXYATHGRPJZBNA,C=C[C@@]1(C)CC[C@H]2C(=CC[C@@H]3[C@]2(C)CCC[C@@]3(C)C(=O)O)C1,0.6538,0.2597,False,False
JOTBJXJGDRSICD,C[C@@H]1N[C@H](CCCCCCCCCCC2=CC(CCCCCCCCCC[C@@H]3CC[C@H](O)[C@H](C)N3)C3CCCN3C2)CC[C@@H]1O,0.6075,0.1778,False,False
MTYMFIWYWSHNSU,CO[C@H]1C=C2[C@@H](CC[C@H](O)C2(C)C)[C@]2(C)CC[C@]3(C)[C@@H]([C@H](C)C[C@@H](O)C=C(C)C)CC[C@@]3(C)[C@H]12,0.7153,0.2637,False,False
DEMKZLAVQYISIA,O=C1C[C@@H](c2ccc(O[C@@H]3O[C@H](CO)[C@@H](O)[C@H](O)[C@H]3O)cc2)Oc2cc(O)ccc21,0.622,0.4286,True,True
GNRIZKKCNOBBMO,COc1c(O)cc2oc3cc(O)c(CC=C(C)C)c(O)c3c(=O)c2c1CC=C(C)C,0.58,0.6296,True,True
SZUJJDLBXJCDNT,CCCCCCCCCCCCCC[C@@H](O)[C@@H](O)[C@@H](CO)NC(C)=O,0.6451,0.2264,False,False
UMIJNJJRYSRDPG,CCC(C)C(=O)c1c(O)cc(O)cc1OC/C=C(\C)CCC=C(C)C,0.6236,0.4138,True,True
IOYHCQBYQJQBSK,O=c1c(-c2ccc(O)c(O)c2)coc2cc(O)cc(O)c12,0.585,0.3191,False,True
KHZSFBNUQVEEQR,COc1c(O)c(OC)c2oc(-c3ccc(O)cc3)c(OC)c(=O)c2c1O,0.46,0.3519,False,True
SEBFKMXJBCUCAI,COc1cc([C@H]2Oc3cc(C4Oc5cc(O)cc(O)c5C(=O)C4O)ccc3O[C@@H]2CO)ccc1O,0.3091,0.3258,False,True
KXGVEGMKQFWNSR,C[C@H](CCC(=O)O)[C@H]1CC[C@H]2[C@@H]3CC[C@@H]4C[C@H](O)CC[C@]4(C)[C@H]3C[C@H](O)[C@]12C,0.7067,0.2706,False,False
ZRVDANDJSTYELM,CC(C)c1c(O)ccc2c1CC[C@H]1C(C)(C)CCC[C@]21C,0.6307,0.3934,False,True
XUARCIYIVXVTAE,C[C@H]1[C@H](C)CC[C@]2(CO)CC[C@]3(C)C(=CC[C@@H]4[C@@]5(C)CC[C@H](O)C(C)(C)[C@@H]5CC[C@]43C)[C@H]12,0.7733,0.411,True,True
UBORTCNDUKBEOP,O=c1[nH]c(=O)c2ncn([C@@H]3O[C@H](CO)[C@@H](O)[C@H]3O)c2[nH]1,0.5321,0.1928,False,False
XDUAWRGACWSYDV,CCC(C)C(=O)OC1C(=O)O[C@@H]2CC3C(C)CC(=O)C(=O)[C@]3(C)[C@H]3[C@@]4(O)OC[C@@]23[C@@H]1[C@@H](C)[C@H]4O,0.714,0.2245,False,False
HAMNKKUPIHEESI,N=C(N)NN,0.5067,0.4286,True,True
LPFQFJKAHSGCFJ,COc1cc(/C=C/CO)cc(OC)c1O[C@@H]1O[C@H](CO)[C@@H](O)[C@H](O[C@@H]2OC[C@](O)(CO)[C@H]2O)[C@H]1O,0.6804,0.2637,False,False
OQQPVKBRTSQMEC,CCC(C)C(=O)OC1C(=O)O[C@@H]2C[C@H]3C(C)=C[C@H](O)[C@@H](O)[C@]3(C)[C@H]3[C@@]4(O)OC[C@]32[C@@H]1[C@@H](C)[C@H]4O,0.7417,0.2453,False,False
YJIBLZYQKYKXFP,CC1=CC(O)C(O)C2(C)C1CC1OC(=O)C(O)C3C(C)C(O)C4(O)OCC13C42,0.6883,0.2432,False,False
CYHOTEDWAOHQLA,C/C(=C\CC[C@@H](C)[C@H]1CC[C@@]2(C)[C@@H]3CC[C@H]4C(C)(C)[C@@H](O)CC[C@@]45C[C@@]35CC[C@]12C)C(=O)O,0.7757,0.4865,True,True
ZQIULKXWJGSFAC,C=C(CO)C1CCC2(C)CCC3(C)C(=CCC4C5(C)C=CC(=O)C(C)(C)C5CCC43C)C12,0.7433,0.2892,False,False
OTQXVFUSICVTHA,CC1=C2CC[C@H]3[C@@H]4CC=C5CC(=O)C=C[C@]5(C)[C@H]4[C@H](O)C[C@]23CO1,0.7303,0.2078,False,False
BWYUMYLJWMAUHZ,C[C@@H]1NC(=O)[C@]23C[C@@H](O)[C@H]4[C@@H](CC=C5CC(=O)C=C[C@@]54C)[C@@H]2CC[C@H]13,0.7312,0.2,False,False
KDPQTPZDVJHMET,CC(=O)Oc1ccc2c(c1)CC[C@@H]1[C@@H]2CC[C@]2(C)C(=O)CC[C@@H]12,0.63,0.3043,False,True
HURNRRVYMOWJIY,CC1=C2C3[C@@H](C(=O)C1)[C@]2(C)CC[C@@H]3C(C)(C)O[C@@H]1O[C@H](CO)[C@@H](O)[C@H](O)[C@H]1O,0.5185,0.25,False,False
HRLFUIXSXUASEX,COc1cc([C@H]2OC[C@H]3[C@@H]2CO[C@@H]3c2cc(OC)c(OC)c(OC)c2)cc(OC)c1OC,0.5022,0.3824,False,True
IRRHFODGOMSPEE,C[C@H]1CC[C@H]([C@@H](C)[C@H]2[C@H](O)C[C@H]3[C@@H]4CC=C5C[C@@H](O)CC[C@]5(C)[C@H]4CC[C@]23C)NC1,0.685,0.1591,False,False
VNONINPVFQTJOC,C[C@@H]1CC[C@@]2(OC1)O[C@H]1C[C@H]3[C@@H]4CC=C5C[C@@H](O[C@@H]6O[C@H](CO)[C@@H](O[C@@H]7O[C@@H](C)[C@H](O)[C@@H](O)[C@H]7O)[C@H](O)[C@H]6O[C@@H]6O[C@@H](C)[C@H](O)[C@@H](O)[C@H]6O)CC[C@]5(C)[C@H]4CC[C@]3(C)[C@H]1[C@@H]2C,0.7208,0.275,False,False
LVTJOONKWUXEFR,C[C@H](CC[C@@]1(O)O[C@H]2C[C@H]3[C@@H]4CC=C5C[C@@H](O[C@@H]6O[C@H](CO)[C@@H](O[C@@H]7O[C@@H](C)[C@H](O)[C@@H](O)[C@H]7O)[C@H](O)[C@H]6O[C@@H]6O[C@@H](C)[C@H](O)[C@@H](O)[C@H]6O)CC[C@]5(C)[C@H]4CC[C@]3(C)[C@H]2[C@@H]1C)CO[C@@H]1O[C@H](CO)[C@@H](O)[C@H](O)[C@H]1O,0.745,0.2771,False,False
JVKYZPBMZPJNAJ,C[C@H]1CC[C@@H]2[C@@H](C)[C@H]3[C@H](C[C@H]4[C@@H]5CC=C6C[C@@H](O)CC[C@]6(C)[C@H]5CC[C@]34C)N2C1,0.7333,0.1667,False,False
WLNFGKOLWOXXAF,CCCCC(=O)OC/C=C(\C)CC/C=C(\C)CCC=C(C)C,0.6149,0.36,False,True
XFACLYNWBJYMCK,CCC(=O)OC/C=C(\C)CC/C=C(\C)CCC=C(C)C,0.585,0.3542,False,True
IAKSWXAQVICMSZ,CC(=O)OCCC(C)CC/C=C(\C)CCC=C(C)C,0.5933,0.3269,False,True
USYAGNRXEGBFEX,O=C1CCC/C=C\CCCCCCCCO1,0.4151,0.1887,False,False
MAAMIILYYYQTQW,CCCCCCCCCC/C=C/OC(C)=O,0.6007,0.3404,False,True
FWGYRFWKBWPRJD,CC1=COCC1,0.3093,0.1633,False,False
IAGBQBDKOCVGCC,CCCCCCCC/C=C\CCCCOC(C)=O,0.529,0.3617,False,True
RYAXHZWMBKQVPF,C=[C](C[C@]1(O)CC[C@@]2(C)C(=CC[C@@H]3[C@@]4(C)CCC[C@]32OC4=O)C1)[Sn]([CH3])([CH3])[CH3],0.7067,0.2078,False,False
CFWRDBDJAOHXSH,CC(=O)OCC(COP(=O)(O)OCCN)OC(C)=O,0.6333,0.2167,False,False
OOOOFOPLSIWRAR,CC(C)=CCC/C(C)=C/CCC(C)CCO,0.6683,0.3125,False,True
NEYFHTHRJVQMPA,CCCCCCC(=O)OCC(C)CC,0.5556,0.2708,False,False
ZWMQVDONBUJJLL,CCCCCC(=O)OCC(C)CC,0.515,0.2553,False,False
RSDDTPVXLMVLQE,CCCCCCOC(=O)CC(C)C,0.4173,0.3,False,True
GOKKOFHHJFGZHW,CCCCCCOC(=O)CC,0.467,0.3103,False,True
VGIRHYHLQKDEPP,CCC(C)C(=O)OCCC(C)C,0.4933,0.25,False,False
RJTJMEBWCASFKZ,CCCCCCCCCC/C=C/C=C/OC(C)=O,0.6507,0.3265,False,True
UECPLNNAVLEZGO,CCCCCCCCCCCC/C=C/OC(C)=O,0.6007,0.3404,False,True
HVGNSPLLPQWYGC,CC(C)c1ccc(=O)c(O)c(O)c1,0.3489,0.3077,False,True
WKFVGAYXXLSWRG,O=C1CCCCC(=O)O[C@]2(CCCCC2=O)CC1,0.5042,0.193,False,False
WMPDMQCCFFSRIM,CC(C)=CCC/C(C)=C/CC/C(C)=C/CO[Si](C)(C)C,0.5667,0.3191,False,True
COEMCKKNQLRLNH,C=C1CCC2C(C)=CC[C@H](C(C)C)C2C1,0.5033,0.1587,False,False
NISBQKZXGCOUOU,CC1=CC[C@@H]([C@@H](C)[C@H]2CC[C@@]3(C)[C@@H]4CC[C@H]5[C@@](C)(C(=O)O)[C@@H](O[C@@H]6O[C@H](CO)[C@@H](O)[C@H](O)[C@H]6O[C@@H]6O[C@H](CO)[C@@H](O)[C@H](O)[C@H]6O)CC[C@@]56C[C@@]46CC[C@]23C)OC1=O,0.7131,0.2866,False,False
LIOOOHDVCJZSIK,CCOc1ccc(CNCC2(c3ccccc3)CCCC2)cc1OC,0.4838,0.2581,False,False
DTSDBGVDESRKKD,NCCCNCCN,0.5571,0.1538,False,False
ZENJJKDYBBKFAI,CCCCCCCCCCCCCCCCC1CCCC1C1CCCC1,0.5076,0.2,False,False
HTAJGGVKBBSFJG,CCCCCCC1([N+](=O)[O-])CCCCC1,0.6336,0.225,False,False
XTXRYZLZPWMJBM,CNCCCCCCCCCCCC(=O)O,0.3907,0.3333,False,True
FUDDLSHBRSNCBV,O=C1CC(O)CO1,0.3521,0.1837,False,False
RXDFVNWKKAAOSK,O[C@H]1[C@@H]2O[C@@H]2C2OC[C@H]1O2,0.5933,0.1579,False,False
HAFVOINCFBIHOU,CC1(O)CCC2C=C1C2(C)C,0.4433,0.1852,False,False
WSARSRSCPCZLEH,CCCCCCCCCCCCCCCOC(=O)C(C)Br,0.4492,0.3051,False,True
HVBCGALXCDNBPH,Nc1nc(CSCc2ccccc2)nc(N2CCOCC2)n1,0.6919,0.3636,False,True
LHBLJDHSSGIEFY,CC1CCC(C(C)C)C(OC(=O)Cn2c(-c3ccc(Cl)cc3)[n+](C)c3ccccc32)C1,0.7236,0.2436,False,False
OBYSASJZICHTJD,O=C1CCCCN1CCCCBr,0.4313,0.2,False,False
MUEIBZIYMWAANR,C=C(C)C(=O)OCCOCCOCCOc1ccc(C(C)(C)c2ccc(OCCOCCOCCOC(=O)C(=C)C)cc2)cc1,0.4783,0.2459,False,False
BAYUSCHCCGXLAY,COc1cccc(C(C)=O)c1,0.4437,0.3922,False,True
PFDUUKDQEHURQC,COc1cc(CC(N)C(=O)O)ccc1O,0.3321,0.3878,False,True
RPKLZQLYODPWTM,C[C@H](CCC(=O)O)[C@H]1CC[C@H]2[C@@H]3CC[C@@H]4CCCC[C@]4(C)[C@H]3CC[C@]12C,0.7224,0.2716,False,False
SRDMWNSAYUVWEY,CC(C)CCC(C)CCCC(C)CCCCCO,0.6599,0.1636,False,False
KUIVBKLNBPVAJK,CCCC(O)CC(C)CCCC(C)C,0.5942,0.1892,False,False
MECGTBYRHVMKNU,COc1c(O)cc(C2=Cc3cc(O)c(OC)c(OC)c3OC2)c(O)c1OC,0.635,0.2759,False,False
QHOMPCGOCNNMFK,CCCCC/C=C/CCCCCC,0.6182,0.3611,False,True
HLWWZTHFGHFZMB,CCCCCCCC/C=C/CCCCCCCCl,0.6814,0.3171,False,True
MJTPMXWJHPOWGH,CC(C)C(=O)OCCOc1ccccc1,0.2117,0.3529,False,True
CZCIKBSVHDNIDH,CNC(Cc1c[nH]c2ccccc12)C(=O)O,0.205,0.5,True,True
QHYCRZRGMHHJHD,COc1cc2c(cc1OC)OCC(c1cc(O)c(OC)c(OC)c1O)=C2,0.5917,0.3148,False,True
ZTHBDTFPZQZYPQ,COc1cc2c(c(OC)c1OC)OCC(c1cc(O)c(OC)c(OC)c1O)=C2,0.6617,0.3036,False,True
HHQJBWYXBWOFJY,CC1(C)[C@H](O)CC[C@]2(C)[C@H]3CC=C4[C@@H]5C[C@@]6(C)C[C@H](OC6=O)[C@]5(C)CC[C@@]4(C)[C@]3(C)CC[C@@H]12,0.7583,0.4521,True,True
IPIKCTWGPWLVBN,CC1=CC[C@@H]([C@@H](C)[C@H]2CC[C@@]3(C)[C@@H]4CC[C@H]5[C@](C)(C(=O)O)[C@@H](O)CC[C@@]56C[C@@]46CC[C@]23C)OC1=O,0.6926,0.2889,False,False
CJHYXUPCGHKJOO,CC1=CC[C@@H]([C@@H](C)[C@H]2CC[C@@]3(C)[C@@H]4CC[C@H]5[C@](C)(C(=O)O)[C@@H](O[C@@H]6O[C@H](CO)[C@@H](O)[C@H](O)[C@H]6O)CC[C@@]56C[C@@]46CC[C@]23C)OC1=O,0.7003,0.2667,False,False
RZVSMVLFEPDAOP,CCSC(CC)(c1ccccc1)c1ccccc1,0.5067,0.2432,False,False
ICZUVYVOFBMBPM,Cc1ccccc1SCSc1ccccc1C,0.2919,0.2895,False,False
MGPBMQMFPKAALA,Cc1ccc(SCSc2ccc(C)cc2)cc1,0.2967,0.2619,False,False
FOUJWBXBKVVHCJ,CC(C)=CCC[C@@H](C)[C@H]1CC[C@H]2C3=C(CC[C@]12C)[C@@]1(C)CC[C@H](O)[C@@H](C)C1CC3,0.7619,0.3012,False,True
HBEWKQFSPOXTPI,CC(=O)O[C@@]12CC[C@H]3[C@@H]4CC[C@H]([C@H](C)CCCC(C)C)[C@@]4(C)CC[C@@H]3[C@@]1(C)CC[C@H](O)C2,0.7424,0.2283,False,False
JOGSEXPLVUGVOJ,CCCCCCc1ccc(/C=C/C(OC)OC)cc1,0.5924,0.4595,True,True
GSAAJQNJNPBBSX,CCCC/C=C\CCCCCCCCO,0.5882,0.3171,False,True
CUGOOMPOAPXGEE,CCCCCCCCCCCCCCCC(C1CCCC1)C1CCCC1,0.5998,0.2281,False,False
NSZDIELRLJXNCU,CCCCCCCCC(=O)C(=O)OC,0.5592,0.2889,False,False
PPQZFLDZTSSJBT,CCCCCCCCCCC/C=C/C(C)O,0.5682,0.3256,False,True
YAOSHAWMYFELSJ,CCCCCCCCCCC(CCCCCCCCCC)C(CC)CC,0.6263,0.2581,False,False
NHEBEMJQYBPWNA,CCCCCCCCCCC(O)C(=O)OC,0.5859,0.2609,False,False
JVBYMEHKMMCQBG,CCCC(C)(CC)C(=O)OC,0.38,0.1957,False,False
KIDWQBQBVJXTPW,C[n+]1cccc(C(=O)Oc2c([O-])cc(C(=O)O)cc2O)c1,0.5925,0.3265,False,True
DWZYELZGJMFEMJ,CC(Cc1ccc(C(C)(C)C)cc1)C(=O)O,0.4517,0.4,True,True
DOYXDCAHTUMXDF,CCCCCCCOCCC,0.5114,0.2667,False,False
AHASBSBKTYISEV,C1=CC2CC1C1CC21CCSc1ccccc1,0.5808,0.1964,False,False
JTBGJQZJEYVBJZ,CC1(C)[C@@H](O)CC[C@]2(C)[C@H]3CC=C4[C@@H]5C[C@](C)(C(=O)O)C[C@H](O)[C@]5(C)CC[C@@]4(C)[C@]3(C)CC[C@@H]12,0.7772,0.5373,True,True
YGHAIPJLMYTNAI,CC/C=C\CCCCCCCCCCO,0.6574,0.2857,False,False
LIWMQSWFLXEGMA,CC(N)C(=O)NC(C(=O)O)C(C)C,0.495,0.5625,True,True
MYTMJEOPCWWJTO,OC1CCCC12OC21CCCC1,0.3971,0.1698,False,False
ZYNDJIBBPLNPOW,CCCCCCCC/C=C/CCCCCCCCCCCC(=O)OC,0.6623,0.3556,False,True
KLLNFFKNGWISHH,C=CCCCCCCCCCCCCCCCC(=O)OC,0.5587,0.2444,False,False
CHSGGAJXIJVXGW,C1=CC=CC(c2ccc[nH]2)C=C1,0.4117,0.1515,False,False
NKGKIFOCXVXIJW,C=C1C=C(C)OC2(C)CCCC(C)(C)C12OO,0.6417,0.1912,False,False
WQXVVZSHNNEYJB,C=CC(C)C1CC2CCC1C2,0.4853,0.137,False,False
FJCQUJKUMKZEMH,CC1=C(C/C=C(\C)C=O)C(C)(C)CCC1,0.6387,0.1781,False,False
ZIOOKYHAOBSYOH,CCCC/C=C\CCCCCCCC/C=C\C(C)CO,0.5915,0.2766,False,False
YRSIFCHKXFKNME,CCC(C)C(C)(C)O,0.3317,0.186,False,False
GGYOTCZVVQRMSK,CC1CCCC2(C)CC3OC(=O)C(CNCCN(C)C)C3C3OC132,0.6941,0.1928,False,False
SFUCGABQOMYVJW,CC(O)CCc1ccc(O)cc1,0.65,0.4667,True,True
POVUXBMNAVCSAW,COCOC(C)C#CC(C)O,0.3483,0.1591,False,False
VZOZQVDEQVGXKC,CCCCCCCCCCCCCCCCCCOC(=O)CCC1=C(C)/C2=C(\C)c3[nH]c(c(C(C)O)c3C)/C=C3\NC(/C=c4\[nH]c5c(c4C)C(=O)CC=5C1N2)C(CC)=C3C,0.7817,0.1892,False,False
WCNKDAQXZUTLNI,CC(=O)OCC1=CC2CC(=O)CC(C)C2(O)C2=CC(C)C(=O)C2(O)C1,0.5953,0.3827,False,True
LTGXPINWZFIICV,c1ccc(Cc2ccc(Cc3ccccc3)cc2)cc1,0.3454,0.3462,False,True
XMJYSMLLWRQQAE,Cc1cccc(CO)c1OCC(C)N,0.7467,0.2653,False,False
CGUXJLVEFQACKH,CC1(C)C2C=CC3(CCOCO3)C1C2,0.6036,0.1525,False,False
SVGGKWILBMPIJV,CCCCC/C=C\C/C=C\CCCCCCCC(=O)OCCCC,0.6193,0.3284,False,True
PUAQLLVFLMYYJJ,CC(N)C(=O)c1ccccc1,0.3537,0.4,True,True
WSVAMWHCPDAWFM,CCCCC[C@@H]1CC1CC1C[C@H]1CCCCCCCC(=O)OC,0.5677,0.2468,False,False
CZZYITDELCSZES,c1ccc(Cc2ccccc2)cc1,0.2804,0.36,False,True
JVJVENQWWSMNNJ,COc1cccc(OC)c1OC=O,0.4517,0.3077,False,True
JVDQSLGGEZTKFI,CCCCCCCCCCCCCCOC(=O)/C=C/C(=O)OCCN(C)C,0.472,0.254,False,False
QIONXNDQGIJPJY,COC(=O)CNC(=O)CC[C@@H](C)[C@H]1CC[C@H]2[C@@H]3CC[C@@H]4C[C@H](O[Si](C)(C)C)CC[C@]4(C)[C@H]3CC[C@]12C,0.7753,0.2414,False,False
MWCNHMCWNUTFFY,N=C(NCCN1CCCCCCC1)NO[N+](=O)[O-],0.4404,0.3019,False,True
ACGDKVXYNVEAGU,N=C(N)NCCN1CCCCCCC1,0.3566,0.2558,False,False
DABQEGBONFPKKP,CC(=O)C#CC1(O)CC(C)CCC1C(C)C,0.4756,0.1818,False,False
NALRCAPFICWVAQ,CO[C@H]1O[C@H](CO)[C@@H](O)[C@H]1O,0.5054,0.2885,False,False
ATDWJOOPFDQZNK,CC(=O)NCCc1ccc(O)cc1,0.4508,0.4773,True,True
KMMMHHCNFVYPIJ,COc1ccccc1CC(C)NC(C)=O,0.6683,0.3261,False,True
HWJHZLJIIWOTGZ,CC(=O)NCO,0.45,0.25,False,False
LRJHOBBNMAGOIG,CCCCCCCCCC(CC)(CCCCCCC)CCCCCCCC,0.5484,0.2667,False,False
UXXMYQVAUQQYNE,O=C1CCCCCC(=O)OCCCC1,0.4348,0.1731,False,False
QWZBEFCPZJWDKC,CCCCCCCCCCCCCCCC(=O)OC(=O)CCCCCCCCCCCCCCC,0.5519,0.2927,False,False
IISBACLAFKSPIT,CC(C)(c1ccc(O)cc1)c1ccc(O)cc1,0.2733,0.3636,False,True
DTAPQAJKAFRNJB,CNC(=O)Oc1cc(C)cc(C(C)C)c1,0.42,0.2623,False,False
HNYCERSRPLOVHC,CCCCCOC(=O)c1ccccc1C(=O)OCC(C)CC,0.4137,0.4231,True,True
LKVQWLUFJXBHKH,CCCCCCOC(=O)c1ccccc1C(=O)OCCCC,0.3631,0.4565,True,True
MTYBJKMGPVGKGM,CCCCOC(=O)c1ccccc1C(=O)OCCCC(C)C,0.4567,0.3922,False,True
MZLKGKRQKLIVBS,CCC(C)COC(=O)c1ccccc1C(=O)OCC(C)CC,0.3553,0.3469,False,True
VUZMWXPSHBFURN,CCCCCCCCOC(=O)c1ccccc1C(=O)OCC(C)C,0.4331,0.4038,True,True
IASDKZHJAXIYKC,CCCc1n[nH]c(CCC)c1CC,0.5117,0.1579,False,False
JRMKRTNHXOMLAA,CC(C)C1CCC2(C)C(CO)C1C(CO)C21CO1,0.6236,0.1806,False,False
OHCRVIYCXACEBO,C=C1C2CC3N(CCC34c3ccccc3N(C(C)=O)C14)CC2(O)CC,0.7017,0.2125,False,False
REARGUUVUPUXPW,CC[C@H](CC[C@@H](C)[C@H]1CC[C@H]2[C@@H]3CC=C4CC(O[C@@H]5OC(C(=O)O)[C@@H](O)[C@H](O)[C@H]5O)CC[C@]4(C)[C@H]3CC[C@]12C)C(C)C,0.6933,0.22,False,False
WTUHOIGITYWFSU,CO[C@@H]1O[C@H](CO[Si](C)(C)C)[C@@H]2OB(C)O[C@@H]2[C@H]1O[Si](C)(C)C,0.6817,0.1449,False,False
AESHPAQQBZWZMS,CCCCCCCC/C=C\C/C=C\C/C=C\CCCC(=O)OC,0.6323,0.381,False,True
CVUANYCQTOGILD,C=C1C(=O)O[C@@H]2C[C@@]3(C)CCCC(=C)[C@@H]3C[C@H]12,0.7017,0.5102,True,True
SRSXLGNVWSONIS,O=S(=O)(O)c1ccccc1,0.3586,0.375,False,True
WMIPXFSQLLVMKU,C=C1[C@@H]2CCC3[C@]4(C)C(CC[C@@]5(C)C(=O)O[C@H](O)[C@@H]45)[C@H](O)[C@]3(C2)[C@H]1OC1OC(CO)C(O)C(O)C1O,0.6883,0.2299,False,False
VSRVRBXGIRFARR,C[C@@H]1O[C@@H](O[C@@H]2[C@@H](O)[C@H](O)[C@@H](CO)O[C@H]2O)[C@H](O)[C@H](O)[C@H]1O,0.5238,0.2903,False,False
QYNRIDLOTGRNML,OC1O[C@H](CO[C@@H]2OC[C@@H](O)[C@H](O)[C@H]2O)[C@@H](O)[C@H](O)[C@H]1O,0.575,0.2656,False,False
JVLGDDNDVOSMSI,COc1cc2c(cc1OC)C(CO)NCC2,0.41,0.2683,False,False
CFKXWTNHIJAFNL,CC1(C)C[C@H]2C3=CC[C@@H]4[C@@]5(C)CC[C@H](O)C(C)(C)[C@@H]5CC[C@@]4(C)[C@]3(C)C[C@@H](O)[C@@]2(C(=O)O)C[C@@H]1O,0.805,0.4928,True,True
AMHZZVCMERHTFM,CC1(C)C[C@H]2C3=CC[C@@H]4[C@@]5(C)CC[C@H](O)C(C)(C)[C@@H]5CC[C@@]4(C)[C@]3(C)CC[C@@]2(C(=O)O)C[C@@H]1O,0.815,0.625,True,True
KYVBNYUBXIEUFW,CN(C)C(=N)N(C)C,0.405,0.1143,False,False
ASOKPJOREAFHNY,On1nnc2ccccc21,0.425,0.2667,False,False
MJIVRKPEXXHNJT,O=C(O)c1ccnc(C(=O)O)c1,0.6183,0.3,False,True
FCPHVJQWZFNNKD,CN(C)C(=S)NN,0.6167,0.3889,False,True
KKIGUVBJOHCXSP,NNC(=S)Nc1ccccc1,0.615,0.4583,True,True
ZGXJTSGNIOSYLO,NCC(=O)CCC(=O)O,0.545,0.2222,False,False
CJIJXIFQYOPWTF,O=c1ccc2cc(O)ccc2o1,0.2953,0.2653,False,False
MGZOXZPZHVOXQB,CC(=O)Oc1ccc2ccc(=O)oc2c1,0.2933,0.4032,True,True
QACRJXSXSVUOFZ,CC(=O)Cc1cc(=O)c2c(C)cc(O)c([C@@H]3O[C@H](CO)[C@@H](O)[C@H](O)[C@H]3OC(=O)C=Cc3ccc(O)cc3)c2o1,0.5567,0.2755,False,False
HKIKAXXIWJHWLY,CC(=O)Cc1cc(=O)c2c(C)cc(O)c([C@@H]3O[C@H](CO)[C@@H](O)[C@H](O)[C@H]3O)c2o1,0.515,0.2667,False,False
YDDGKXBLOXEEMN,O=C(C=Cc1ccc(O)c(O)c1)OC(C(=O)O)C(OC(=O)C=Cc1ccc(O)c(O)c1)C(=O)O,0.24,0.5682,True,True
YSOBQIMODQOGKQ,COC(=O)C1=CO[C@@H](O[C@@H]2O[C@H](CO)[C@@H](O)[C@H](O)[C@H]2O)[C@@H]2C(COC(C)=O)=C[C@H](O)[C@H]12,0.6483,0.2472,False,False
JGFZNNIVVJXRND,CCN(C(C)C)C(C)C,0.3694,0.1667,False,False
ZJDOESGVOWAULF,O=C(O)C1=CO[C@@H](O[C@@H]2O[C@H](CO)[C@@H](O)[C@H](O)[C@H]2O)[C@@H]2C(CO)=CC[C@H]12,0.675,0.2326,False,False
UDTUCCXZNVRBEJ,Cc1cc(=O)c2c(O)cc(O)c([C@@H]3O[C@H](CO)[C@@H](O)[C@H](O)[C@H]3O)c2o1,0.3183,0.3529,False,True
KKSDGJDHHZEWEP,O=C(O)/C=C/c1cccc(O)c1,0.34,0.4444,True,True
HPWWQPXTUDMRBI,O=C(O)C1=CO[C@@H](O[C@@H]2O[C@H](CO)[C@@H](O)[C@H](O)[C@H]2O)[C@H]2[C@@H]1C=C[C@]2(O)CO,0.6183,0.2299,False,False
ZVXWFPTVHBWJOU,O=C(O)C1=CO[C@@H](O[C@@H]2O[C@H](CO)[C@@H](O)[C@H](O)[C@H]2O)[C@@H]2C(CO)=C[C@@H](O)[C@H]12,0.665,0.241,False,False
VPAOSFFTKWUGAD,O=c1ccc2ccc(O[C@@H]3O[C@H](CO)[C@@H](O)[C@H](O)[C@H]3O)cc2o1,0.5271,0.375,False,True
DXYUAIFZCFRPTH,COc1cc2c(=O)c(-c3ccc(O)cc3)coc2cc1O,0.6233,0.48,True,True
DAUAQNGYDSHRET,COc1ccc(C(=O)O)cc1OC,0.232,0.5667,True,True
HFGFPUPROHHWFT,O=[N+]([O-])c1cccc(N=Cc2ccccc2)c1,0.75,0.5814,True,True
IJKVSODAGYUPNR,C/C(C=O)=C\CCCCC=O,0.5919,0.1754,False,False
BGXFQDFSVDZUIW,CC1(C)Oc2cc3oc(=O)ccc3cc2C[C@@H]1O,0.5983,0.2329,False,False
IBMAYSYTZAVZPY,CC1CCCC(C)CCC(C(C)C)CC1,0.5122,0.1569,False,False
YJKHOUIVWKQRSL,COc1cc(OC)cc(C(C)=O)c1,0.415,0.3548,False,True
WICCRSLJPMTZJK,CC(=O)CCC1(C)C(=O)C2OC2C(=O)C1(C)C,0.63,0.193,False,False
ZXABMDQSAABDMG,C=CCOC=C,0.3154,0.1818,False,False
MHPSRBCSYUVTLI,C=CCOc1ccc(C2N3CC4(CCC)CN2CC(CCC)(C3)C4=O)cc1,0.555,0.25,False,False
YLHGGYGTNOJPMU,CC(C)c1cc(=O)c(O)ccc1O,0.3989,0.359,False,True
HYBLHNGOEIJQDA,C=C/C(C)=C/C=C/C(C)(C)O,0.509,0.1343,False,False
IVLCENBZDYVJPA,C/C=C\CC1=C(C)CCC1=O,0.565,0.1731,False,False
LVRFTAZAXQPQHI,CC(C)CC(O)C(=O)O,0.2883,0.3429,False,True
BRRGTLLRWUMHPU,CC(C)Oc1ccccc1O[Si](C)(C)C,0.3967,0.2553,False,False
WFRBDWRZVBPBDO,CCCC(C)(C)O,0.375,0.1731,False,False
WJQOZHYUIDYNHM,CC(C)(C)c1ccccc1O,0.27,0.3261,False,True
JLSZBVZNFYZXGA,CCCC/C=C\[Se]P(=O)(OCCCC)OCCCC,0.5717,0.2453,False,False
OCKCCFAPMYQFLZ,CC/C=C/CCCCCCCCCCCCCC,0.6982,0.3684,False,True
PTFIPECGHSYQNR,CCCCCCCCCCCCCCCc1cccc(O)c1,0.579,0.6552,True,True
ITQLVLWNPZVVMT,C=C1CC(OC(C)=O)C2(C(C)C)CC12,0.5556,0.2381,False,False
WAEOXIOXMKNFLQ,C=CCc1ccc(C)cc1,0.3488,0.3023,False,True
XEIYDTUADLFFTM,CCC/C=C/CCCCCCCCC,0.6271,0.3421,False,True
IHMQOBPGHZFGLC,COc1cc2c(cc1OC)C(=O)CC2,0.6,0.4222,True,True
YMAQXOPPAMCPRY,CC(C)=C(/C=C/C(C)O)C(C)C,0.4083,0.1277,False,False
SNIFAVVHRQZYGO,CCCC/C=C/CCCCCCCC,0.6165,0.3514,False,True
ANYFZDNBRIMCPS,C=C1C2CC(=O)C(C2)C1(C)C,0.5008,0.2449,False,False
DZGHBGLILAEHOR,CCCCC/C=C/CCCCC,0.54,0.3333,False,True
RJHXEPLSJAVTFW,Cc1ccc2c(c1)C(=O)CCO2,0.4245,0.3023,False,True
JZPUSPPFVAJNGY,CCCCCC/C=C\CCCCCCCC,0.6182,0.3611,False,True
ANJAOCICJSRZSR,CCCC/C=C\CCCCCCCC=O,0.5432,0.2955,False,False
MDJJOJZGNNCGHU,CC1=CCC(C2(C)CCCC2(C)C)=CC1,0.66,0.1695,False,False
BBEIOODQYCQKAB,COC(=O)c1ccc2c(c1)c1c(n2CCCOc2nc(C)cc(C)n2)CCCC1,0.6762,0.338,False,True
QRFDENJATPJOKG,COc1ccc(C(O)CNC(=O)/C=C/c2ccccc2)cc1,0.3064,0.4746,True,True
RPCNLCCJBWCUHQ,CC(C)=CCOc1ccc(CC=NC(=O)/C=C/c2ccccc2)cc1,0.532,0.2903,False,False
QSSXJPIWXQTSIX,Cc1ccccc1Br,0.4237,0.2571,False,False
LQNUZADURLCDLV,O=[N+]([O-])c1ccccc1,0.5533,0.4,True,True
GMRQFYUYWCNGIN,C=C1/C(=C\C=C2/CCC[C@]3(C)[C@@H]([C@H](C)CCCC(C)(C)O)CC[C@@H]23)C[C@@H](O)C[C@@H]1O,0.6927,0.2211,False,False
FFSXTYIBUNXZMF,CN(N=O)C(=O)Oc1cccc2ccccc12,0.4417,0.3103,False,True
NFVQIKZNWVPHPO,C[Si](C)(C)Oc1ccccc1O,0.2967,0.2667,False,False
MUCTUDCCUKHAPU,CC1(C)CCCC2(C)C(CO[Si](C)(C)OCC3C4CCC5C4C(C)(C)CCCC35C)C3CCC2C31,0.7028,0.1912,False,False
AKJHMTWEGVYYSE,CC1=C(/C=C/C(C)=C/C=C/C(C)=C/C(=O)Nc2ccc(O)cc2)C(C)(C)CCC1,0.6783,0.2353,False,False
FUXBKWOAAPDDGE,Oc1ccc(-c2cnc(-c3cccnc3)o2)cc1,0.5083,0.3654,False,True
PBBGSZCBWVPOOL,CC[C@H](c1ccc(O)cc1)[C@@H](CC)c1ccc(O)cc1,0.25,0.3667,False,True
UXZIDIYMFIBDKT,C=C(C)C1C=C(C)CCC1,0.4359,0.2245,False,False
RAOWOXJDGFFKKD,COc1ccc(CCNC(=O)c2ccccc2)cc1,0.4317,0.5366,True,True
CKZQZHKPLHXPCT,C/C(=C\CO[Si](C)(C)C)CCCC(C)CCCC(C)CCCC(C)C,0.6183,0.2097,False,False
ZCCUUQDIBDJBTK,O=c1ccc2cc3ccoc3cc2o1,0.41,0.2615,False,False
VWRLEYGMSWVWBQ,CC1=CCCC(C)(C)C12CC1(C)OC12C,0.6117,0.2131,False,False
LHPVEDYVSCTZAY,CCCC/C=C\CCCCCCCCCCCCC,0.6165,0.3514,False,True
FUYIIAJEXUJNFA,CCCCSc1ccc(C)cc1,0.3353,0.359,False,True
MRBKEAMVRSLQPH,COc1ccc(O)c(C(C)(C)C)c1,0.2283,0.3714,False,True
ZYVSOIYQKUDENJ,COC1C(O)CC(OC2CC(Oc3cc4cc5c(c(O)c4c(O)c3C)C(=O)C(OC3CC(OC4CC(OC6CC(C)(O)C(OC(C)=O)C(C)O6)C(O)C(C)O4)C(O)C(C)O3)[C@H](C(OC)C(=O)C(O)C(C)O)C5)OC(C)C2OC(C)=O)OC1C,0.7817,0.1805,False,False
LXCYSACZTOKNNS,CCO[P+](=O)OCC,0.3933,0.1622,False,False
VHHHONWQHHHLTI,ClC(Cl)(Cl)C(Cl)(Cl)Cl,0.57,0.0732,False,False
XQULQGQTCWDDGX,CCCCCCCCC/C=C/COC(=O)C(F)(F)C(F)(F)F,0.6986,0.2885,False,False
LXUTYOVUICAOGH,CC(C#N)C#N,0.39,0.1429,False,False
WFJQGQNVERCLOQ,C=C(C)/C=C/C(C)C,0.385,0.1698,False,False
PMJHHCWVYXUKFD,C=C/C=C/C,0.5619,0.0976,False,False
XRVCFZPJAHWYTB,CCC(CC)(CO)CO,0.5167,0.1379,False,False
HEKIGGFOVMNILV,OC1C2CCC1c1ccccc12,0.3471,0.2439,False,False
IWIDILFDSIIOSB,C#CCCC#CCCCC,0.58,0.2727,False,False
FVXDNACXXMHWSB,C#CCCC#CC,0.4933,0.2,False,False
RSPZSDWVQWRAEF,C#CCCCC#C,0.5075,0.2647,False,False
SPWJYVWGTHWHOX,C#CCCCC=C,0.5719,0.2195,False,False
UMZKXSVTCVSMGD,CCCCC/C=C\C/C=C\CCCCCCCC(=O)OCC(CO)O[Si](C)(C)C,0.7196,0.3158,False,True
PRDUMDXCZMTBIV,CC12CCC3C(CCC45CC4CCC35CO)C1CCC2=O,0.6532,0.2113,False,False
TUWARWGEOHQXCO,COc1ccc2[nH]cc(C=O)c2c1,0.2935,0.3729,False,True
HXEKEMXHIRHCED,CCOc1cc(C)[nH]n1,0.4785,0.2414,False,False
MITIYLBEZOKYLX,CC1(C)CCc2ccccc2O1,0.5037,0.2941,False,False
PJEOOBRBALZZSL,C1=CCC2=C(C1)CCC2,0.3406,0.1765,False,False
LNCOYAGAIDDTKZ,CCC=C=C(C)C,0.3225,0.1591,False,False
CGWYUYIPFMWCKE,COC(=O)/C(C)=C/CC/C(C)=C\C=O,0.6022,0.2549,False,False
APICSZROLYCQOB,O=c1c2[nH]c3cnn(-c4ccccc4)c(=O)c3c2cnn1-c1ccccc1,0.5017,0.3559,False,True
XVUPLGQCVPXQRM,Nc1cccc(OCC(O)c2ccccc2)c1OCC(O)c1ccccc1,0.5117,0.2414,False,False
OSWDNIFICGLKEE,CC(=O)C1CCCC1=O,0.2404,0.3256,False,True
BZKFMUIJRXWWQK,O=C1C=CCC1,0.3542,0.1622,False,False
HGRCCVXNFMETEC,C=C(CC)C(/C=C/C(=O)OC)C1CC1,0.4383,0.1923,False,False
RBGLEUBCAJNCTR,CC(=O)CCCC(C)CCCC(C)C,0.5908,0.2745,False,False
VMUXSMXIQBNMGZ,O=C1CCc2ccccc2O1,0.3451,0.2683,False,False
XICLZVQOVIQOBV,COc1cc2oc(=O)cc(C)c2cc1O,0.34,0.4565,True,True
XJPZRYVYHCCNBD,CC1(C)CCc2cc3c(nc2C1)CC(C)(C)CC3,0.6636,0.193,False,False
YOXGDVVRKJDLCI,CCC=C=CCCC,0.5267,0.175,False,False
QAMJLJHOJKMLEU,C=C=CC(C)(C)C=O,0.4826,0.1373,False,False
WGJPGMJLARWHRK,CC(=O)c1cc(C(C)(C)C)c(O)c(C(C)(C)C)c1,0.3083,0.4865,True,True
STJIISDMSMJQQK,OCc1ccoc1,0.5504,0.3333,False,True
OPZULQHRFNTFFZ,C#CC(C)CCC,0.6467,0.1463,False,False
SLQBCWSRVWZOFU,COc1cc(-c2cc(=O)c3c(OC)c(OC)c(OC)c(OC)c3o2)cc(O)c1OC,0.2383,0.5625,True,True
JMESIDOADDYLBB,C=CCn1c(-c2cccnc2)n[nH]c1=S,0.6867,0.3077,False,True
YONIOJQXOFZEDM,O=C1CCCc2nonc21,0.4803,0.1667,False,False
LSQJQNQEWMPLAG,COc1c(N)ccc2nc(C)cc(C)c12,0.6417,0.2459,False,False
BWEGRKPOJXNZSK,COc1ccc2c(ccc[n+]2[O-])c1,0.5483,0.3478,False,True
PANSNGZQOBWBMJ,ClC1C2CC=CCC12,0.4769,0.1111,False,False
ZWAJLVLEBYIOTI,C1CCC2OC2C1,0.4282,0.1778,False,False
UVXPSADHTPFBBB,NN1[C@@H]2CC/C=C\CC[C@@H]21,0.4319,0.1455,False,False
UTPZTNSPDTWUBY,CCCCCCCC/C=C/CCCCCCCCC,0.6182,0.3611,False,True
IQLKFKMUIAAVNB,COc1cc2c(cc1OC)OC(C)(C)C(C1CC(C)(C)Oc3cc(OC)c(OC)cc31)=C2,0.57,0.2368,False,False
NQHVGEQCFZFRTI,C=Cc1cc2c(cc1OC)OCC=C2,0.4933,0.2381,False,False
FVEINXLJOJPHLH,CC(C)(C)c1ccc(CO)cc1,0.495,0.3158,False,True
YQNTWNOXMQOVET,O=C(Nc1cccc(Cl)c1)C1C2CC/C=C\CC/C=C/CCC21,0.6717,0.3559,False,True
SQRJDNBTPJGQFK,C=CC1=CC2CC1C2,0.4446,0.1538,False,False
WOMHOBHWESQOKV,C=C1C2CCCC12,0.4269,0.1489,False,False
ICLDCDANPSUIFZ,OCC1C2CCC(C3CC3)CC12,0.59,0.1607,False,False
MUDRFXBMCDULFP,C=C1C2CCCCCC12,0.4685,0.1818,False,False
BWWSIEMFINALMD,O=C1CCC2C(=O)CCCCCCCCCCC12,0.3521,0.25,False,False
CRBWFYUUQIATHW,C=CC1(C)CC(=C)CCC2C1CC2(C)C,0.585,0.1905,False,False
OEXALAMXNMPTIE,C#CC(C)OB(CC)CC,0.4387,0.1522,False,False
IAHFWCOBPZCAEA,N#CCCC#N,0.5067,0.125,False,False
XEAPYYUMYBEJQV,CCCCCCCCCCCCCCCCCCOC(=O)OCC(Cl)(Cl)Cl,0.6386,0.2615,False,False
VEDQBZWFMDUFHU,C=C1CCC(CO)CC1,0.475,0.1897,False,False
XUSXTHMTOSFZII,NCC1(O)CCCCC1,0.4628,0.1818,False,False
VEALHWXMCIRWGC,CC1CCC(O)C1,0.3154,0.1622,False,False
YVHAIVPPUIZFBA,O=C(O)CC1CCCC1,0.3359,0.2264,False,False
AZGBUFPIKVKSCD,C=CC1(C)C=C1,0.5583,0.1538,False,False
KUQPQYWNBDCSDN,COc1cc2c(cc1C(C)=O)CCC(C)(C)O2,0.6183,0.3433,False,True
FUDNBFMOXDUIIE,C=CC(C)CCC=C(C)C,0.58,0.25,False,False
WXVLCNREBFDEKS,COc1cc2c(cc1C(C)=O)C=CC(C)(C)O2,0.6603,0.3,False,True
YVOFPTMROPMBQF,COc1cc2c(cc1C(C)O[C@H](C)c1cc3c(cc1OC)OC(C)(C)C=C3)C=CC(C)(C)O2,0.687,0.2745,False,False
YPFLOZZPZVKXBX,COc1cc(-c2cc(=O)c3c(OC)c(OC)c(OC)c(OC)c3o2)cc2c1OCO2,0.3767,0.4035,True,True
CLUPGZSGAYZSJD,C=C(C)C1C=C(C(C)C)C(C)(C)O1,0.6083,0.1791,False,False
NVRVNSHHLPQGCU,O=C(O)CCCCCBr,0.4883,0.2927,False,False
VBFPOKFDDDQSGP,CCCCCCCCCCCCCC(O)C(=O)OC,0.5859,0.2609,False,False
MLCMZHMBYZSXCC,COC(=O)CCCCCCc1ccco1,0.5482,0.3148,False,True
OAADXJFIBNEPLY,COP(c1ccccc1)c1ccccc1,0.3483,0.25,False,False
CFPIZMWTMRWZRO,CCN(CC)c1ccc([N+](=O)[O-])cc1,0.57,0.4211,True,True
KQQWWXIMBLYXKO,CN1C2C=CC1CC2,0.3838,0.1463,False,False
LRCXRAABFLIVAI,NCC(O)c1cccc(O)c1,0.4617,0.2609,False,False
MVZZUMCHPFHUOS,CC1CCC23C(C)CCC(CC12)C3(C)C,0.6419,0.1754,False,False
ZZZRZBIPCKQDQR,Cc1cc(C(C)(C)C)cc(C(C)(C)C)c1O,0.5183,0.3778,False,True
PTIDGSWTMLSGAH,COc1cc2c(cc1OC)OC(C)(C)C=C2,0.6258,0.3256,False,True
CXHUKRKXPXTKLK,COc1ccc(O)c(-c2ccncn2)c1,0.4833,0.3023,False,True
BVXPOAYLAHDJDI,O=C(O)C1CCC23CCC12CC3,0.4702,0.1754,False,False
LRBNYMQUUAIWST,COc1cc(-c2cc(=O)c3c(OC)c(OC)c(OC)cc3o2)cc(OC)c1O,0.335,0.5682,True,True
MEEXAGCANINTIG,CC1(C)CC(=O)C[C@H]2CCCC2C(=O)C1,0.4542,0.193,False,False
QWKBBKCFVDLGOM,COc1cccc(C2(C#N)CCC(OC(C)=O)CC2)c1,0.5867,0.2597,False,False
ZMQPULSGBXIVGC,COc1cc2c(cc1C(C)O)C=CC(C)(C)O2,0.6203,0.3,False,True
LKUJKDQDJLCGCT,COc1c(OC)c(OC)c2c(=O)cc(-c3ccc4c(c3)OCO4)oc2c1OC,0.395,0.4528,True,True
MDLIBZVLOURDCL,CC(CBr)CSc1ccccc1,0.4014,0.2766,False,False
AQWPITGEZPPXTJ,COC[C@H]1O[C@H](O)[C@H](OC)[C@@H](OC)[C@@H]1OC,0.4836,0.2097,False,False
ODMIEGVTNZNSLD,Oc1ccc2c(c1)O[C@H]1c3ccc(O)cc3OC[C@@H]21,0.4153,0.2982,False,False
WGLLPAPKWFDHHV,CO[C@@H]1C(C(=O)O)O[C@@H](O)[C@H](O)[C@H]1O,0.4,0.2258,False,False
MGMNPSAERQZUIM,O=C(O)c1ccccc1CO,0.5767,0.3514,False,True
SSAXPGYDNCGRHY,NC(=O)c1cn([C@H]2C[C@H](O)[C@@H](CO)O2)c2ncnc(N)c12,0.705,0.1829,False,False
RMLYXMMBIZLGAQ,NC(CC(O)(Cc1c[nH]c2ccccc12)C(=O)O)C(=O)O,0.3567,0.3667,False,True
ODTGLDLGRKWIAI,C/C=C\S(=O)C(CC)SS/C=C/C,0.4817,0.1667,False,False
JILNKNABRWICHH,CC(=O)C=CC(C)CCC=C(C)C,0.5717,0.2449,False,False
ABXMBMQLMGNKES,C=CCSSS/C=C/C,0.4719,0.1373,False,False
OPRAONAUWNNOOV,CC1CCc2c(C=O)cncc21,0.5312,0.2308,False,False
PIZARWYEACWLJN,Cc1cc2c(c(C)c1CCCl)C(=O)C(C)(CO)C2,0.7925,0.2,False,False
PCGDBWLKAYKBTN,C1=CSSC1,0.435,0.0816,False,False
IGXLUUGBGJGNDG,CCC1SC(=N)NN=C1c1ccccc1,0.5355,0.2553,False,False
WQADWIOXOXRPLN,C1CSCSC1,0.4688,0.0833,False,False
VKZBKCJAWXBYBF,CC1OCCCS1,0.4036,0.1087,False,False
NIXVNZNYHSLXMV,O=S1Cc2ccccc2CO1,0.2833,0.2075,False,False
LOZWAPSEEHRYPG,C1CSCCS1,0.4186,0.102,False,False
WDGGKRGJJOBJCZ,C=CC(=O)c1ccc2n1CCC2,0.5385,0.2444,False,False
GHCFSQGBRCMQNQ,C=CCCC(C)CCCCC,0.627,0.1944,False,False
AJPADPZSRRUGHI,CC(=O)C(O)C(O)COP(=O)(O)O,0.5059,0.1887,False,False
PUZPWTIAQVGQNY,C=CCCC(=O)N(C)N,0.4,0.1897,False,False
MNATWANKXQBXHW,CCC(C)C(=O)OCCCCCCCCCCCl,0.5461,0.24,False,False
DZXBZPMJYIXTTI,C=CCCCCCCCCCCCCOC(C)=O,0.4169,0.3953,False,True
IPUAJEKTYUPFEU,CC1(C)CCCC2(C)C1=CCC1(C)OCCCC12,0.67,0.2121,False,False
GXWFZUXIOYANKF,COC(=O)/C(CCC=C(C)C)=C1/C(OC(C)=O)CC2(C)C1CC(=O)C1C3(C)CCC(=O)C(C)C3CCC12C,0.7481,0.2427,False,False
UVRVNMDNGVIBGM,Cc1ccc2c(c1)C(C)CC2,0.4967,0.3077,False,True
IWHKMCQFAMHMSX,Cc1ccc(C)c2c1CCC2,0.4017,0.2812,False,False
RFXBCGVZEJEYGG,Cc1ccc2c(c1)CCC2,0.4537,0.3143,False,True
WTJKGGKOPKCXLL,CCCCCCCC/C=C\CCCCCCCC(=O)O[C@H](COC(=O)CCCCCCCCCCCCCCC)COP(=O)([O-])OCC[N+](C)(C)C,0.7268,0.2113,False,False
LPDGUCIMNBNWEJ,CC/C=C\C/C=C\C/C=C\CCCCCCCC(=O)OC[C@H](COP(=O)([O-])OCC[N+](C)(C)C)OC(=O)CCCCCCC/C=C\CCCCCCCC,0.7351,0.2273,False,False
XDRGCZAFSAFSLR,O=Cc1ccc2n1CCC2,0.3403,0.2381,False,False
CPULIKNSOUFMPL,Cc1csc(C)c1,0.6083,0.2,False,False
HEONUJXIZOQNOR,C/C=C/SSC(C)/C=C(\C)C=O,0.3836,0.1667,False,False
HEQOJEGTZCTHCF,NCC(=O)c1ccccc1,0.4353,0.3667,False,True
DTMWSKSAMRZGQH,CC12CCC3c4cc(O)c(OS(=O)(=O)O)cc4CCC3C1CCC2=O,0.6483,0.2222,False,False
RCQKLWAPRHHRNN,C=CCC(C)C=O,0.39,0.2,False,False
KUQQYMIMELKQHJ,C=CCC(=C)C=O,0.3557,0.1522,False,False
SNOBYLKVQZUQSL,C=CCSSC(CC)S(=O)CC=C,0.565,0.1404,False,False
CNUDBTRUORMMPA,O=Cc1cccs1,0.6083,0.3043,False,True
SIZZLUKBSIWVMD,C=CC1SCCCS1,0.4271,0.1053,False,False
VNWDIRWAEAIXKU,CC1=CSC(S)C1C,0.55,0.1489,False,False
XUKBDTUPIIADOP,C=CC1SC=CCS1,0.4574,0.1154,False,False
BCWSVRKZMCXABS,Cc1ccc(/C=C2\C=NCC2)o1,0.4854,0.2245,False,False
RGRUUTLDBCWYBL,CCCC(O)C(C)C,0.49,0.1667,False,False
JBWUENDATZQNBX,CC1=CC(=S)CC1,0.565,0.1622,False,False
UQXHSMWBRGWFBK,C=CC1C=CCSS1,0.5138,0.1333,False,False
WKJYTIFWOMZIGZ,Cc1ccc(Cc2cc[nH]c2)o1,0.5104,0.2121,False,False
BEQKKSZSPWBAQF,CC1=C(CCCO)c2cc3nc(cc4[nH]c(cc4C)cc4[nH]c(cc1n2)cc4C)C(C)(C)C3CCCO,0.6569,0.1707,False,False
QUBJDMPBDURTJT,Clc1ccsc1,0.6833,0.22,False,False
XIGHAQIRKIFLFB,CCCCCCCCCCCCCCCC(O)CC(=O)OC,0.5873,0.25,False,False
NLHCAGKOLUBCBZ,C=CC1CC=CSS1,0.489,0.1148,False,False
XGAVJWARXUCCJQ,CC(C)C(C)/C=C/C(C)C1CCC2C3=CC(O)C45CC4CCC5(C)C3=CCC21C,0.6272,0.1667,False,False
HIAJCGFYHIANNA,C[C@H](CCC(=O)O)[C@H]1CC[C@H]2[C@@H]3CC=C4C[C@@H](O)CC[C@]4(C)[C@H]3CC[C@]12C,0.7533,0.25,False,False
CIFRDUBVGCEDOT,CCCCC/C=C/C(C)CC,0.5967,0.2727,False,False
XSSDYIMYZONMBL,O=C(O)c1ccc(O[C@@H]2O[C@H](CO)[C@@H](O)[C@H](O)[C@H]2O)cc1,0.5603,0.3676,False,True
MBYUXUPOTRBMDQ,CC1CSSS1,0.4133,0.1163,False,False
RDUJRVXKAIVTDH,O=S(=O)(O)c1ccc(N=Nc2c(O)ccc3ccccc23)cc1,0.4433,0.4091,True,True
YIHDDWFPRQQFCP,C1=CSSSC1,0.4615,0.0833,False,False
IVFDVOATXVTNHJ,CCC1SSSSC(CC)S1,0.3753,0.1231,False,False
RSWIYWDWUHQXIZ,c1coc(C2=NCCC2)c1,0.4747,0.3077,False,True
COCNDHOPIHDTHK,COc1ccc2[nH]cc(CC(=O)O)c2c1,0.47,0.5179,True,True
MUHSSCIXCFPQHS,CC1CSSSS1,0.4433,0.1111,False,False
PUNOCEUUYUXUGR,CCCCCCCCCCCCCCCCCCCc1cc(O)cc(O)c1,0.4573,1.0,True,True
RVULYTKQCSDUEK,CC1=C(C)CC2COCC=C2C1,0.4583,0.1475,False,False
DFWFIQKMSFGDCQ,CC(C)Nc1nc(N)nc(Cl)n1,0.6671,0.3137,False,True
DRXCJDFWEJKJFR,CC1C=CC(O)CN1Cc1ccccc1,0.4833,0.2642,False,False
LUYISICIYVKBTA,Cc1ccc2ncccc2c1,0.4933,0.2667,False,False
GUERJZANQPLUCC,Cc1nn2c(=S)[nH]nc2n1N,0.6703,0.2034,False,False
VYFSOVMGRZVLMP,CCCC=CCC=CCCCCCCCC(=O)OC,0.6088,0.3182,False,True
JDLKFOPOAOFWQN,C=CCSS(=O)CC=C,0.55,0.12,False,False
NVLPQIPTCCLBEU,C=CCSC,0.5207,0.1364,False,False
BHIKXWJMZCALEK,C=CCSSSSC,0.524,0.1224,False,False
JGMPRNFEEAJLAJ,C=CCSSSC,0.5207,0.125,False,False
FCSSPCOFDUKHPV,C=CCSSCCC,0.55,0.2,False,False
JMLIYQJQKZYHDQ,C=CCSCCC,0.5133,0.2051,False,False
IXJMGVJLUBBAQW,C=CCSSSCCC,0.4923,0.1905,False,False
OKGXJRGLYVRVNE,N=C(N)N=C(N)S,0.5083,0.1633,False,False
FYGHSUNMUKGBRK,Cc1cccc(C)c1C,0.485,0.4138,True,True
HILAULICMJUOLK,CCc1cc(C)cc(CC)c1,0.4683,0.4,True,True
YXTHBZLABLYGEE,CC(C)c1ccc(CBr)cc1,0.4167,0.3143,False,True
QUBBAXISAHIDNM,CCc1cccc(C)c1C,0.7467,0.3947,False,True
ZLCSFXXPPANWQY,CCc1cccc(C)c1,0.5217,0.3684,False,True
SVIHJJUMPAUQNO,C=CCc1ccccc1C,0.6117,0.3,False,True
QUEBYVKXYIKVSO,CCCc1cccc(C)c1,0.42,0.2857,False,False
BEZDDPMMPIDMGJ,Cc1cc(C)c(C)c(C)c1C,0.5628,0.1765,False,False
APVNJYLNHAHELF,C[Si](C)(C)OC(=O)c1c(O[Si](C)(C)C)cccc1O[Si](C)(C)C,0.47,0.2545,False,False
CKHSUZOTJQWRKZ,CCCCC(=O)O[C@]1(C(=O)CO)[C@@H](C)C[C@H]2[C@@H]3CC=C4CC(=O)C=C[C@]4(C)[C@@]3(F)[C@@H](O)C[C@@]21C,0.7176,0.219,False,False
SZZALKHHJLTNEF,CCCCOC(=O)CCCCC(C)C,0.5216,0.254,False,False
SGYMGUGIGTWWLU,N=C(NOCCC(N)C(=O)O)NC(CC(=O)O)C(=O)O,0.515,0.2857,False,False
CXWASNUDKUTFPQ,CC/C=C\C/C=C\C/C=C\C/C=C\C/C=C\C/C=C\CCC(=O)OCCO,0.5233,0.25,False,False
JSJROSGORQZUFJ,CC(C)CCC[C@@H](C)[C@H]1CC[C@H]2C3=CC=C4C(C)(C)[C@@H](O)CC[C@]4(C)C3=CC[C@]12C,0.7003,0.2025,False,False
KJNJTCUBWIYXDS,CC(C)CCC[C@@H](C)[C@H]1CC[C@H]2[C@@H]3CC([N+](=O)[O-])[C@@]4(Cl)C[C@@H](Cl)CC[C@]4(C)[C@H]3CC[C@]12C,0.7303,0.2021,False,False
QXJJAJKLJQGYSE,COC1CCC2(C)C(C1)C(=O)C1=C(C)CC13C2CCC1(C)C(C(C)CCCC(C)C)CCC13,0.6933,0.1951,False,False
WBNNEYYTBIRMIS,O=C(O)C=NC(=O)CCc1ccccc1,0.4039,0.3111,False,True
ROQLTZUOXIQBDO,O=C(O)CC(=O)OC[C@H]1O[C@@H](Oc2cc3c(O)cc(O)cc3[o+]c2-c2ccc(O)c(O)c2)[C@H](O)[C@@H](O)[C@@H]1O,0.6642,0.2874,False,False
DPBBHCPPIMPENT,COc1ccc(C2(C(=O)Nc3ccc(C)c(Cl)c3)CCCCC2)cc1OC,0.5617,0.4062,True,True
FBBOXFRALFYLMY,CCCCCCCCCCCCC(CCC)OC(=O)C1CCCC1,0.5975,0.2698,False,False
PAJPWUMXBYXFCZ,NC1(C(=O)O)CC1,0.3067,0.2,False,False
VCYDUTCMKSROID,c1ccc([Si]2(c3ccccc3)O[Si](c3ccccc3)(c3ccccc3)O[Si](c3ccccc3)(c3ccccc3)O2)cc1,0.3883,0.2727,False,False
LQSMAOQNHULBNK,C/C=C(C)/C=C/c1cc(OC)c(C)c(=O)o1,0.2783,0.3265,False,True
AZGNIKZHFDJEPU,CC(=O)OC1CC2C(C)(C)C(=O)C3OC3C2(C)C2CCC3(C)C(c4ccoc4)OC(=O)C4OC43C12C,0.7517,0.2308,False,False
FHSDVOJKLYJNCQ,C/C=C\SS/C=C\C,0.3633,0.119,False,False
UBJVUCKUDDKUJF,C=CCSCC=C,0.5569,0.1163,False,False
TWYULKMKVIUSSQ,CC(C)CC1NC(C)SC(C)S1,0.5586,0.1346,False,False
NPNIZCVKXVRCHF,CSSSSC,0.4583,0.1,False,False
YSQZSPCQDXHJDJ,CCCCCSSCCCCC,0.5517,0.2778,False,False
DMBUODUULYCPAK,CCCCCCCCCCCCCCCCCCCCCC(=O)OCC(COC(=O)CCCCCCCCCCCCCCCCCCCCC)OC(=O)CCCCCCCCCCCCCCCCCCCCC,0.5906,0.2449,False,False
VMPHSYLJUKZBJJ,CCCCCCCCCCCC(=O)OCC(COC(=O)CCCCCCCCCCC)OC(=O)CCCCCCCCCCC,0.5906,0.2449,False,False
HPPSTURWGYFXQN,COc1cc(=O)[nH]c2c(OC)cccc12,0.5183,0.3478,False,True
SURZCVYFPAXNGN,CCOC(=O)NC,0.345,0.2619,False,False
POPFMWWJOGLOIF,CC1(C)O[C@@H]2C[C@H]3[C@@H]4C[C@H](F)C5=CC(=O)CC[C@]5(C)[C@H]4[C@@H](O)C[C@]3(C)[C@]2(C(=O)CO)O1,0.727,0.2268,False,False
RITKHVBHSGLULN,NC(CCC(=O)NC(CS)C(=O)O)C(=O)O,0.555,0.3261,False,True
DGEMPTLPTFNEHJ,CCC(CC)CCC(C)C,0.5017,0.1892,False,False
LBMZLLXZMSMJPJ,O=S1CCCCCC1,0.4606,0.1064,False,False
CMKWUYXJKXGQMH,CC(=O)OC(CC1C=C(C)C(=O)O1)C(C)C1CCC2C3(C)CCC(O)C(C)(C)C3CCC2(C)C12COC(=O)C2,0.6969,0.22,False,False
HDZGCSFEDULWCS,CNN,0.5217,0.2308,False,False
YSMODUONRAFBET,NC[C@H](O)CCC(N)C(=O)O,0.495,0.2439,False,False
HPOMATRGLHSHPK,CC(=O)/C(C)=C/C=C/C(C)=C/C=C\C=C(C)\C=C\C=C(C)/C=C/C12OC1(C)CC(O)CC2(C)C,0.64,0.1667,False,False
PQNFLJBBNBOBRQ,c1ccc2c(c1)CCC2,0.2587,0.2903,False,False
MBBOMCVGYCRMEA,OCCc1c[nH]c2ccccc12,0.3033,0.4667,True,True
OKYHUOHBRKWCQJ,C/C=C/S(=O)CC(N)C(=O)O,0.4733,0.25,False,False
NSDDRJXKROCWRZ,CC(C)CN=C=S,0.5683,0.3,False,True
WAAGBMYUYFBZIW,CCCSCC(N)C(=O)O,0.5217,0.2927,False,False
ZBJCYZPANVLBRK,CC(C)[C@@H]1CC[C@@H](C)CC12OCC(CO)O2,0.568,0.2167,False,False
QFHCMHAAXLGLGM,CC(=O)OCC12CC(=O)C3C(C4(CC5C(C)(C)C(OC(C)=O)CCC35C)SCCS4)C1(C)CCC2C(C)CCCC(C)C,0.708,0.2308,False,False
NWADXBLMWHFGGU,CCCCCCCCCCCC(=O)OC(=O)CCCCCCCCCCC,0.5519,0.2927,False,False
XBSQTYHEGZTYJE,C[C@H](CCC(=O)NCC(=O)O)[C@H]1CC[C@H]2[C@@H]3CC[C@@H]4C[C@H](O)CC[C@]4(C)[C@H]3CC[C@]12C,0.7936,0.2472,False,False
PZRFVAHZNWPPAC,CCCCCC/C=C\CCCCCCCCCC(=O)OC[C@@H](O)COP(=O)([O-])OCC[N+](C)(C)C,0.7309,0.2174,False,False
BBNHCUBQEQJHIG,CCCCC/C=C\C/C=C\C/C=C\CCCCCCC(=O)OC[C@@H](O)COP(=O)([O-])OCC[N+](C)(C)C,0.7192,0.241,False,False
GOMVPVRDBLLHQC,CC/C=C\C/C=C\C/C=C\C/C=C\CCCCCCC(=O)OC[C@@H](O)COP(=O)([O-])OCC[N+](C)(C)C,0.7188,0.1977,False,False
UEQANLFPOFICBH,C[Se](=O)O,0.2967,0.125,False,False
ZZLHPCSGGOGHFW,C[S@](=O)CC(N)C(=O)O,0.4717,0.2821,False,False
WPRUFZZPIFLBDG,CC=CSSSC,0.4717,0.1064,False,False
OTKFCIVOVKCFHR,CSCS(C)=O,0.54,0.1351,False,False
JVAMVFJAZPOUHO,C/C=C/SSSSC,0.4683,0.1042,False,False
XBLFUMKMXKPZCT,CCCC/C=C/CCCCCCCCCC(=O)OC,0.617,0.3333,False,True
ICELALIDSHZFMY,C=C=CCCCCCCCCCCC(=O)OC,0.6302,0.2292,False,False
XNZOTQPMYMCTBZ,C=CCSSC,0.504,0.1304,False,False
MYIOBINSHMEDEY,CSCSSC,0.4683,0.1,False,False
PUCHCUYBORIUSM,CCCSSC,0.49,0.1944,False,False
ZOYASYRPGHCQHW,CCCSSSC,0.5126,0.1842,False,False
IDIDJDIHTAOVLG,CSCC(N)C(=O)O,0.435,0.2973,False,False
JOECSEWRYOVAHM,CCC1OC2(CCC1C)CC1CC(C/C=C(\C)C(Cl)C(C)/C=C/C=C3\COC4C(=NO)C(C)=CC(C(=O)O1)C34O)O2,0.7233,0.1845,False,False
VLCDUOXHFNUCKK,CNC(=S)NC,0.5483,0.25,False,False
BYQQTWROSPBRIU,Oc1ccc(O)c(-[n+]2ccccc2)c1,0.3372,0.275,False,False
FZERHIULMFGESH,CC(=O)Nc1ccccc1,0.23,0.4324,True,True
RWQBIYBSFGBPOT,CC(=O)NCCCCC(N)C(=O)OCOC(=O)C(N)CCCCN,0.667,0.2698,False,False
FUTHBNRZCFKVQZ,C=CCSCC(NC(=O)CCC(N)C(=O)O)C(=O)O,0.665,0.2778,False,False
CVEIKEYTQKDDQK,FC(F)(F)C(F)(F)C(F)(F)C(F)(F)Br,0.4722,0.122,False,False
ZZEDZGTVMVSANT,CCCCCCCCCCCCC=CC=CCC(=O)O,0.6853,0.3043,False,True
VSIKJPJINIDELZ,c1ccc([Si]2(c3ccccc3)O[Si](c3ccccc3)(c3ccccc3)O[Si](c3ccccc3)(c3ccccc3)O[Si](c3ccccc3)(c3ccccc3)O2)cc1,0.3883,0.2727,False,False
VKJLHZZPVLQJKG,CC1(C)CC2C3=CCC4C5(C)CCC(O)C(C)(CO)C5CCC4(C)C3(C)CC(O)C2(CO)C(O)C1O,0.7933,0.3684,False,True
KRUPTJSJHZTJNA,CCCCCCCCCCCOC(=O)C(=O)OCC(C)C,0.4937,0.2951,False,False
YPZRWBKMTBYPTK,NC(CCC(=O)NC(CSSCC(NC(=O)CCC(N)C(=O)O)C(=O)NCC(=O)O)C(=O)NCC(=O)O)C(=O)O,0.6383,0.3529,False,True
SKWDCOTXHWCSGS,CCCCCCCCCCCCCCCC(=O)OC[C@H](COP(=O)(O)OCCN(C)C)OC(=O)CCCCCCCCCCCCCCC,0.6669,0.2188,False,False
BFCZPWYLRHFBNO,CC1(C)COC(=O)C1OC1OC(CO)C(O)C(O)C1O,0.5703,0.25,False,False
IZJDOKYDEWTZSO,S=C=NCCc1ccccc1,0.54,0.3529,False,True
CFHLWYSOOMXQBY,CCCCC(C)OC(=O)c1ccccc1C(=O)O,0.6167,0.3091,False,True
JSHHRSSTTZOZTF,CCCCOC(=O)c1ccccc1C(=O)OC(CC)CCC,0.5683,0.3636,False,True
CGZITCMVSSNQPE,NC(CCC(=O)NC(CS)C(=O)NC(CCC(=O)NC(CS)C(=O)NCC(=O)O)C(=O)O)C(=O)O,0.6283,0.3519,False,True
RXGUIWHIADMCFC,CC(C)COC(=O)C(C)C,0.3567,0.25,False,False
JZKMSAGUCSIIAH,CCCS(=O)CC(N)C(=O)O,0.5876,0.2857,False,False
BAZSXBOAXJLRNH,CCC=S=O,0.3608,0.1333,False,False
FTYMTYHJBHKLPD,CNC(=O)Nc1ccn(C2CCC(COC(=O)NC)O2)c(=O)n1,0.6567,0.2024,False,False
HGCYYFWMWRCDLT,C=CCSS(=O)CCC,0.5574,0.1818,False,False
FKSYNVLOSJKCKH,C=CCSS(=O)(=O)CC=C,0.6023,0.1607,False,False
ZFAHNWWNDFHPOH,C=CCSCC(N)C(=O)O,0.5983,0.2273,False,False
WIZBTKYLPUKXNY,C=CCS(=O)SCCC,0.5171,0.2093,False,False
VJOGZGLNDROOFS,CCCCCC(O)C(O)CC(O)C(O)CCCCCCCC(=O)O,0.6169,0.26,False,False
RJFAYQIBOAGBLC,C[Se]CCC(N)C(=O)O,0.4833,0.275,False,False
WBJCGTCMGYUEFL,COc1cc(C=CC(=O)N(CCCN)CCCCNCCCN)cc(OC)c1O,0.4438,0.3971,False,True
BHTRKEVKTKCXOH,C[C@H](CCC(=O)NCCS(=O)(=O)O)[C@H]1CC[C@H]2[C@@H]3[C@H](O)C[C@@H]4C[C@H](O)CC[C@]4(C)[C@H]3CC[C@]12C,0.6623,0.2211,False,False
AAQDYYFAFXGBFZ,CC(=O)OCC1CCCO1,0.4478,0.2462,False,False
RMKCQUWJDRTEHE,C=CCSSSSCC=C,0.469,0.1111,False,False
KGEWXJDJTHWPDM,CC1SC(C)(O)C(=O)C1=O,0.5517,0.2,False,False
IKFLLHVVKJTHAH,CC1CN=C(N)S1,0.4506,0.1569,False,False
NKIOTTYRINVYJZ,CCCCCCCCCCCCCCCOC(=O)C(Cl)(Cl)Cl,0.6125,0.2742,False,False
WUMVYUPLZXUOAQ,COC(=O)C12CCC(C)C(C)C1C1C(=O)C=C3C4(C)CCC(OC(C)=O)C(C)(C)C4CCC3(C)C1(C)CC2,0.84,0.2584,False,False
TXGGBGUKHROKOR,CC1CC(C(C)(O)C2CCC3(O)C4C5OC5C5(O)C=CCC(=O)C5(C)C4CCC23C)OC(=O)C1C,0.762,0.2209,False,False
GFPYBDNBWPSMNR,COCOC1CCC2(C)C(=CC=C3C2CCC2(C)C3CCC2C(C)CCC#C[Si](C)(C)C)C1,0.7383,0.16,False,False
MUFSTXJBHAEIBT,CC=CSCC(NC(=O)CCC(N)C(=O)O)C(=O)O,0.5825,0.3077,False,True
YEDWUBMTHRJVBV,C=CCN(C(=O)CCC(N)C(=O)O)C(CS)C(=O)O,0.6283,0.2037,False,False
XHHOHZPNYFQJKL,NC(CCC(=O)NC(Cc1ccccc1)C(=O)O)C(=O)O,0.6067,0.4444,True,True
IGPRYTURJRKOCT,CC(=O)CCC1=CCC2C(C1)C2(C)C,0.6141,0.2031,False,False
NMGJCQNNUTYSJJ,C=C1CC/C=C(/C)C/C=C\C(C)(C)CC1O,0.6157,0.194,False,False
MBZBBVTYLUNZPJ,C/C1=C\CCC(=O)C2CC(C)(C)C2CC1,0.5289,0.2,False,False
PLGPSDNOLCVGSS,O=C1C(c2ccccc2)=C(c2ccccc2)C(c2ccccc2)=C1c1ccccc1,0.224,0.4194,True,True
DJZHNAGRSWMVPA,C=C[C@]1(C)CC[C@@H](C(=C)C=O)C[C@H]1C(=C)C,0.565,0.1961,False,False
JEHIYVOUBGMLLX,CC(C)(O)C(O)CC[C@](C)(O)[C@H]1CC[C@@]2(O)C3=C(CC[C@]12C)[C@@]1(C)C[C@H](O)[C@H](O)CC1C(=O)C3,0.5846,0.2,False,False
GQHPGIGVRCOUNW,CC(C)(O)CC[C@@H](O)[C@](C)(O)[C@H]1CC[C@@]2(O)C3=C([C@H](O)C[C@]12C)[C@@]1(C)C[C@H](O)[C@H](O)CC1C(=O)C3,0.675,0.2,False,False
ASOIXDIITRKTOX,O=c1cc(-c2ccc(O)c(O)c2)oc2c(O)c(O)cc(O)c12,0.33,0.4894,True,True
XYOUNZFSPVHRGL,COc1ccc(C(=O)Cc2nc3[nH]c(N)nc(=O)c3[nH]c2=O)cc1,0.615,0.2923,False,False
HQCGSJRACGWHOF,CC/C=C\C/C=C\CC1OC1CCCCCCCCCCC,0.6015,0.2308,False,False
DWTTWVSWABJHAY,O=C(O)c1cc(O)c(O)c(O)c1-c1c(O)c(=O)c2oc(O)c3cc(O)c(=O)c4oc(O)c1c2c34,0.5333,0.2593,False,False
QFIWEFYCQONBBG,CCN1c2cccc3cccc(c23)NC1C1Nc2cccc3cccc(c23)N1CC,0.5783,0.1875,False,False
UJOKKSIUYZSZPY,C[Si](C)(C)O[Si](C)(C)O[Si](C)(O[Si](C)(C)C)O[Si](C)(C)C,0.445,0.1163,False,False
GJBXIPOYHVMPQJ,OCCCCCCCCCCCCCCCCO,0.4432,0.1538,False,False
MATDEYLPEMWHEN,Cn1c(=O)[nH]c(=O)c2c1nc1oc(-c3ccc([N+](=O)[O-])cc3)cn12,0.7867,0.2941,False,False
SMZQZJGUMZFBTR,CC(C)C1(c2ccccc2)C(c2ccccc2)=C1c1ccccc1,0.3867,0.3235,False,True
HTJMXYRLEDBSLT,c1nncnn1,0.395,0.0882,False,False
LPYUENQFPVNPHY,COc1cccc(O)c1O,0.3517,0.5,True,True
CEHPRGMPLPBMLL,CNC(=O)Oc1ccccc1O,0.2583,0.3095,False,True
AZHMYAOAMGOQQJ,CCCCOc1nsc2ccccc12,0.455,0.28,False,False
UVTNNPDFCBBJFC,O=C(O)C1C(c2ccc(Cl)cc2)Cc2nc3ccccc3n2C1C(=O)O,0.845,0.3286,False,True
UKQJDWBNQNAJHB,O=COCCO,0.3483,0.1481,False,False
ULAGGPJVDRGWTI,C1COCOCO1,0.3554,0.093,False,False
ZSWFCLXCOIISFI,C1=CCC=C1,0.3419,0.0667,False,False
YJPJOELHSKMFPG,C=c1oc(=O)oc1=C,0.3717,0.1471,False,False
DCTMXCOHGKSXIZ,CCCCCC(O)CCO,0.5267,0.25,False,False
DPHRUBLOILXMLF,COc1ccc(C2=NN(C)c3nnc(C)c(=O)n3N2)cc1,0.6433,0.322,False,True
RSVXEWNNIYHBNE,CC(C)(O)CCCCCCCO,0.4883,0.1695,False,False
FKJHJSJBXISMIR,CCC(=O)CN1CCCC1,0.3422,0.2115,False,False
NWEHWMKEOJZJGD,COc1ccc2cc3c(C=O)c(OC)ccc3c(C)c2c1,0.4667,0.32,False,True
BSZHDLCLIZIYRO,CN(C(=O)c1c(F)c(F)c(F)c(F)c1F)N(C(=O)c1c(F)c(F)c(F)c(F)c1F)C(=O)c1c(F)c(F)c(F)c(F)c1F,0.345,0.1633,False,False
KHTPWQRQGLXXTE,CC(C)C1CCC(C)(OC(=O)C(F)C(F)(F)C(F)(F)F)CC1,0.6539,0.1875,False,False
SHDPRTQPPWIEJG,CC1=CC1,0.3133,0.1613,False,False
KFDKNTQGTAEZGC,O=C(O)c1cccc2c1ccc1ccccc12,0.3567,0.35,False,True
MRZGGLIGGZHSBZ,CCCCCCCCCC(O)c1ccccc1,0.5715,0.3714,False,True
SJDSOBWGZRPKSB,C=CCCCCCCCCCCCCCCCCCCCCC,0.6151,0.275,False,False
YUPOCHDBBHTUBJ,CCCCCCCCCC(=O)CCCCCCCCC,0.5189,0.3103,False,True
GXIANPKKUSLVEE,CC1CCC2(C)C3(C)CCC(CC13)C2(O)CO,0.6111,0.1818,False,False
DWXQDZLJXMUGJN,Cc1ccc(C(N)=O)cc1NC(=O)CCNC(=O)C1CCN(C(C)C(=O)Nc2cc(C(=O)NC3CCCCC3)ccc2Cl)CC1,0.655,0.2809,False,False
ADDQXUZECUAIGS,C=CCCCCCCCCCCCCCCCCOC(C)=O,0.4169,0.3953,False,True
MOLKLIYWXFEEJM,O=Cc1c[nH]nn1,0.4589,0.1905,False,False
DUXQJVAWRJYWOK,CC1=NC(C(=O)O)CCCN1,0.5489,0.1905,False,False
XYHKNCXZYYTLRG,O=Cc1ncc[nH]1,0.41,0.1707,False,False
VTQMJCSAHXYXPJ,C=Cc1nn[nH]n1,0.4806,0.2,False,False
HGXVMCTWXVDSJU,CCN1CCCC1(CC)CC,0.4217,0.1455,False,False
QXKXYXNEOUCMIY,COc1ccc2c(c1)OC(C)(C)CC2=O,0.5383,0.38,False,True
QGUFSWLCKPYWSZ,CN1CCO[Si](c2ccccc2)(c2ccccc2)OCC1,0.345,0.25,False,False
DMDYVZNCLYDHDP,CC1OC1C1CCC(C)(C)C(=O)C1,0.6837,0.2182,False,False
ZSJCVZNRVUZSFU,CCCCC/C=C\C/C=C\CCCCCCCC(=O)OCC(CO[Si](C)(C)C)O[Si](C)(C)C,0.688,0.2949,False,False
NITFNAYSGQWPSY,CCOP(=O)(OCC)N1CCc2cc3c(cc2C(=O)C1)OCO3,0.5883,0.25,False,False
BGMLUCPALPKNOV,C1=NNCCC1,0.5631,0.125,False,False
FNTAZXXMBNVKBY,O=C1Nc2ccccc2C(=O)C1(Cc1ccccc1)C(=O)c1ccccc1,0.4253,0.234,False,False
YFQOVSGFCVQZSW,O=c1[nH]c(O)c(O)c(=O)[nH]1,0.3583,0.26,False,False
WFPLBHWRTMAFDE,CCC1(CC)C(=O)N(C)C1=O,0.34,0.1795,False,False
TWUFFCGNKVCYCF,O=C(Oc1ccc([N+](=O)[O-])cc1)c1ccc(F)cc1F,0.7104,0.3478,False,True
UIAFKZKHHVMJGS,O=C(O)c1ccc(O)cc1O,0.3183,0.4483,True,True
KRLIZBLAVMPMSE,COc1cc(OC)c2[nH]c3ccccc3c(=O)c2c1,0.4483,0.3846,False,True
LVPMQCOINYWQHX,CC(C)CCCC(C)CCCC(C)(O)CCCC(C)C,0.5883,0.2308,False,False
YLDBRBBKWVYCCQ,O=C(Oc1ccc([N+](=O)[O-])cc1)c1c(F)cccc1F,0.75,0.36,False,True
GAWTWQHLCRLUSW,CCC1(CCCCCCCCCCCCCCC(=O)O)OCC(C)(C)[N+]1=O,0.6851,0.2456,False,False
PWUMICWXPPYRCN,CC(C)=CC1CCCCC1=NO,0.474,0.1923,False,False
JBNSPFAQBCYGRI,O=C(Nc1ccncc1)OCCN1CCOC1=O,0.4042,0.303,False,True
UTCNFNFJDKDEIR,CC(O)C(C)[CH2][Sn]([CH3])([CH3])[CH3],0.4,0.1622,False,False
JBSLOWBPDRZSMB,CCCCOC(=O)/C=C\C(=O)OCCCC,0.2967,0.2667,False,False
XNMQEEKYCVKGBD,CC#CC,0.3833,0.1176,False,False
GGRHRUNKRMMATI,CCC(C=C1C(C)C(=O)CCC1(C)C)OC(C)=O,0.6233,0.2208,False,False
WGAVDEVFJDQIMZ,CC1CC(=O)C(=O)C1C,0.3906,0.1875,False,False
BTRNIAUTIJBXFZ,CCOc1ccccc1CC(C)N,0.5733,0.3137,False,True
KEFKTZLIAJYSDB,CCCC1CCC(CC)C1=O,0.3497,0.1875,False,False
FPFNOZQDAQHPOZ,O=CNc1ccccc1C(=O)c1ccccc1,0.5423,0.3611,False,True
RNUYQXXGCJJIPA,C=C(CCC(C)=O)C(C)C,0.385,0.1818,False,False
BVYUAISSKQVRJV,CC(=O)C(C)(O)CC(C)C,0.4017,0.2,False,False
QNMCWJOEQBZQHB,CCCCCCC(CO)CCCCCC,0.5849,0.2903,False,False
MIDXCONKKJTLDX,CC1CC(C)C(=O)C1=O,0.362,0.1778,False,False
IPBJFXHDCTZHTJ,COC(=O)CC1(C)OCCS1,0.597,0.2075,False,False
NVFTYSPOXDAKMQ,Cc1nc(C#N)co1,0.4967,0.24,False,False
ALVGHPMGQNBJRC,CCCCCCCCCCCCCC(C)O,0.5968,0.3,False,True
JIQXKYSNGXUDJU,CC(C)=NN,0.48,0.1351,False,False
VDHYNGYRJBUGFC,COC(=O)C1(C)CCC(=O)N1C,0.5937,0.2222,False,False
GYOXQZZYNAPKIQ,CC(C)(C)C1=NCCCC1,0.5136,0.1633,False,False
FOUCKPOQIHJBLQ,CC1CCN(C)C(C)O1,0.4557,0.1231,False,False
ZOVITZYQFFMXJG,O=c1cccc(O)o1,0.2533,0.2703,False,False
VGYKFEDOWJOOCJ,COc1cccc(/C=C2/Oc3cc(OC)ccc3C2=O)c1,0.7333,0.7209,True,True
LORDFXWUHHSAQU,CCC(COC(=O)c1cc(OC)c(OC)c(OC)c1)(c1ccccc1)N(C)C,0.5853,0.3404,False,True
KWGWLNMCSACDHC,C=CC(C)C(O)C(C)C=C,0.295,0.2308,False,False
WYKCHVNAGGCVFX,O=C1C2OC2C(=O)C2C3CCC(C3)C12,0.3167,0.2,False,False
KWXUWNXTRUZHNQ,NC(=O)c1sccc1Br,0.5367,0.24,False,False
IDMQBLFACWMOGD,CCCCC(CC)C(C)(C)O,0.5183,0.2424,False,False
VHGYYIXSLHYRBH,COc1cc(C(O)C#N)ccc1O,0.2837,0.3778,False,True
LGYVYDLYKHFUPM,COc1cccc(NC=O)c1,0.4667,0.4,True,True
GRGVQLWQXHFRHO,C#C/C(C)=C/C,0.4367,0.1538,False,False
ARNIBHATWCFIIK,CCCCCCCCCCCCOC(=O)CCS,0.467,0.2903,False,False
YYGSADLKVCTXSP,CC1(C)C(=O)OCC1C(=O)O,0.4139,0.2222,False,False
ZKMLYQNSZMQPHN,C[Si](C)(C)c1cnn([Si](C)(C)C)c1,0.5383,0.1569,False,False
AYYDIRTZCUFMDY,Nc1ccc(OS(=O)(=O)C(F)(F)F)cc1,0.5389,0.2917,False,False
QWMZUTWZFWGXCE,CCCCC1CC/C=C\CCC1=NO,0.3909,0.2381,False,False
ULMMKNHAYBDFPN,COc1cc(C2CC2)ccc1O,0.235,0.381,False,True
UTINOFCCXUSLQP,O=C(CC(O)(C(F)(F)F)C(F)(F)F)CC(O)(C(F)(F)F)C(F)(F)F,0.4283,0.1569,False,False
YCRIXHKHAODKFH,C=C(CC(C)(C)c1ccc(O[Si](C)(C)C)cc1)c1ccc(O[Si](C)(C)C)cc1,0.5717,0.2143,False,False
OOARNVHTYGBULA,CC1=CCOC=C1,0.465,0.1429,False,False
HKODIGSRFALUTA,C/C=C1/C[C@@H](C)[C@@](C)(O)C(=O)OCC2=CCN3CC[C@@H](OC1=O)[C@@H]23,0.6233,0.2267,False,False
PBIPRSPYQWVFOF,COc1cc(-c2cc(=O)c3c(O)c(O)c(OC)c(O)c3o2)ccc1O,0.4217,0.5,True,True
VOLZBKQSLGCZGC,COc1cc(CCCO)cc2cc(-c3ccc4c(c3)OCO4)oc12,0.5183,0.3077,False,True
MTEMDMUNZYLWSQ,NC(=O)c1ccc(Br)s1,0.4292,0.2308,False,False
ZRFRAWVAPUGQQF,O=Cc1cc(Cl)cc(Cl)c1OC(=O)c1c(F)cccc1C(F)(F)F,0.7038,0.2812,False,False
LOTLCPBGRTUUFL,Cn1c(=S)c2[nH]c(-c3ccccc3)nc2n(C)c1=O,0.5419,0.2836,False,False
PQYGSSYFJIJDFK,CCCCCCCC(=O)CCCCCCC,0.5189,0.3103,False,True
CTIDMPCTUFVTFC,C1=CCC(CC[Si]23OCCN(CCO2)CCO3)CC1,0.5236,0.2059,False,False
UAVUKNIZQRWINK,COC(=O)c1ccc(-c2c[nH]c3ccccc23)c2c1[nH]c1ccccc12,0.525,0.3333,False,True
RFENQGQGMLPVJM,COc1cc(C)c2c(=O)c3c(O)cc(O)cc3oc2c1,0.4496,0.3469,False,True
RRBZDBHWSABCEC,COc1cc2c(c(O)c1OC)N(C(C)=O)C1CCC34CCCN5CCC21C53OCC4,0.6086,0.2639,False,False
PVGXZQUPSBDLMU,Cc1ccc(Oc2cc(F)ccc2[N+](=O)[O-])cc1,0.5083,0.3774,False,True
RZLAHZWXEAROQW,COc1cc(CCN=C=S)cc(OC)c1OC,0.7,0.4848,True,True
UTCJVDFLMODHQX,C=CC1=C(C)C(Cc2[nH]c(Cc3[nH]c(CC4=NC(=O)C(=C)C4=CC)c(C)c3CCC(=O)O)c(CCC(=O)O)c2C)=NC1=O,0.6917,0.1765,False,False
HZHBCFVDQUBMPO,CON(C)CN(C)OC,0.3317,0.1429,False,False
FPYOWXFLVWSKPS,C[CH2][Bi]([CH2]C)[CH2]C,0.3639,0.12,False,False
NJMYQRVWBCSLEU,C=C(CCO)C(=O)O,0.6813,0.1515,False,False
IWBARWJSEWMOJH,COc1cc(CNC(=O)CCCC/C=C/C(C)C)ccc1O[Si](C)(C)C,0.66,0.321,False,True
SCWKRWCUMCMVPW,CNC(=O)Oc1ccccc1,0.22,0.3333,False,True
HRSIPKSSEVRSPG,COc1cc2c(cc1OC)C(C)N(C)CC2,0.4133,0.2564,False,False
HPQIRFXIDGVWBA,O=C(O)CC1C(=O)OC2C(CO)OC(OC(=O)c3cc(O)c(O)c(O)c3)C(OC(=O)c3cc(O)c(O)c4c3C1C(O)C(=O)O4)C2O,0.7917,0.6364,True,True
DZVIFFMYEULLBY,CC1(C)CC[C@]2(C(=O)O[C@@H]3O[C@H](CO)[C@@H](O)[C@H](O)[C@H]3O)CC[C@]3(C)C(=CC[C@@H]4[C@@]5(C)C[C@@H](O)[C@H](O)[C@@](C)(CO)[C@@H]5[C@H](O)C[C@]43C)[C@@H]2C1,0.85,0.4328,True,True
USDJJNZZCBONHN,C=C/C=C1/C=CC1,0.3295,0.1228,False,False
UCLFRCBBISWAPJ,O=CCC1CCCCCCCCCCC1,0.5204,0.1887,False,False
JNXNRLOWPYSNAY,CC(C)(C)COC1C=CCCC1,0.563,0.1887,False,False
UWXTYOJKSPHFNG,C1CCCCCCCCCCCCCCCCCCCCCCCCCCC1,0.3739,0.0968,False,False
MIMLVMHHSQXPAY,ON=C1CCCCCCCCCCCCCC1,0.4962,0.1556,False,False
OOXWYYGXTJLWHA,C1=CC1,0.3236,0.0741,False,False
NPTDXPDGUHAFKC,C#CC1CC1,0.4236,0.1,False,False
UEVXKGPJXXDGCX,C1CCCCCCCCCCCC1,0.3739,0.0968,False,False
LYGRISUQIZNHGM,O=C(OC[C@H]1O[C@@H](OC(=O)c2cc(O)c(O)c(O)c2)[C@H](O)[C@@H](O)[C@@H]1O)c1cc(O)c(O)c(O)c1,0.555,0.2899,False,False
GRRSDGHTSMJICM,CCCC(C(=O)OCC)C(=O)OCC,0.535,0.2791,False,False
JIHAOVFELMZZQA,CSSC(SC)c1ccccc1,0.3917,0.2571,False,False
HDYLMIWYXVQKDS,CCCCCCCCCCCCCCCCCCCCCCCCCCCCCCCCOC(=O)C(F)(F)C(F)(F)C(F)(F)F,0.5551,0.2656,False,False
JELHWUPDJFSSDO,CCCCCCCCCCCCCCCCCCCCOC(=O)C(F)(F)F,0.5451,0.2833,False,False
IAHUKWSQLBRAIN,CC(=O)C1OC1C,0.2967,0.1509,False,False
ANOXFMUKNSMTSM,CCOC(=O)CC1(C)Oc2ccccc2O1,0.6683,0.2963,False,False
IAWCIZWLKMTPLL,C#CF,0.47,0.1,False,False
JCGHAEBIBSEQAD,O=C(O[C@@H]1O[C@@H]2COC(=O)c3cc(O)c(O)c(O)c3-c3c(cc(O)c(O)c3O)C(=O)O[C@H]2[C@H](OC(=O)c2cc(O)c(O)c(O)c2)[C@H]1OC(=O)c1cc(O)c(O)c(O)c1)c1cc(O)c(O)c(O)c1,0.74,0.5059,True,True
XZBIXDPGRMLSTC,NNC=O,0.4967,0.1875,False,False
CNXRKLXHOVXWPA,COc1cc(C)ccc1C1(C)CCC(OCCOC2CCC(C)(c3ccc(C)cc3OC)O2)O1,0.6933,0.2381,False,False
YQYPBVVXPDWKMV,CCOCC(OCC)c1ccco1,0.3817,0.26,False,False
RSTXBAPMMFLNBL,O=C(O)c1cc(O)c(O)c(O)c1-c1c(O)c(=O)c2oc(O)c3c(-c4c(C(=O)O)cc(O)c(O)c4O)c(O)c(=O)c4oc(O)c1c2c34,0.4933,0.2917,False,False
ZJJXGWJIGJFDTL,Cc1cnc(C(=O)NCCc2ccc(S(=O)(=O)NC(=O)NC3CCCCC3)cc2)cn1,0.7503,0.3494,False,True
YBZSGIWIPOUSHY,CN(CC(=O)Nc1nc2ccc(OC(F)(F)F)cc2s1)C(=O)CNC(=O)CN,0.7171,0.3298,False,True
FEPAFOYQTIEEIS,O=C(OC[C@@H]1OC(O)[C@](O)(COC(=O)c2cc(O)c(O)c(O)c2)[C@H]1O)c1cc(O)c(O)c(O)c1,0.6,0.26,False,False
YPJUNDFVDDCYIH,O=C(O)C(F)(F)C(F)(F)C(F)(F)F,0.5033,0.1905,False,False
MSTLSCNJAHAQNU,CCCCCCCC1CCCCC1,0.4948,0.3077,False,True
BIWUZTZFFUMZIG,CC#CC(=O)CC,0.3817,0.225,False,False
PAKFICMSOWIPAA,CCCCCCCCCCCCCCCCCCCCCCCCCCOC(=O)C(F)(F)C(F)(F)F,0.5818,0.2742,False,False
PQLXHQMOHUQAKB,CCCCCCCCCCCCCCCCOP(=O)([O-])OCC[N+](C)(C)C,0.5975,0.2157,False,False
WUGKTJAKSVEAFG,COC(=O)CC(=O)CC(C)C,0.3883,0.2545,False,False
ZLTPDFXIESTBQG,c1cnsc1,0.4271,0.1346,False,False
LDCXVBUZHUHPAJ,COC(=O)CCc1ccc(I)cc1,0.4119,0.3043,False,True
PGJJHRBVVWPZRM,COC(=O)C(C)(C)N(C)OC,0.3717,0.2157,False,False
VOJNYENZTLYXOJ,CO[C@H]1O[C@@H](CO)[C@H](O)[C@@H](O)[C@@H]1NC(=O)CC(NC(=O)OCc1ccccc1)C(=O)O,0.6408,0.3889,False,True
BDWJRABOFNWETH,CC/C=C\CCCCCCCCCC(=O)OC,0.6633,0.2979,False,False
MSOALRYEOUDOTB,COC(=O)C1OC(=O)c2cc(O)c(O)c(O)c2C1C(CC(=O)O)C(=O)O[C@H]1[C@@H]2OC(=O)c3cc(O)c(O)c(O)c3-c3c(cc(O)c(O)c3O)C(=O)OC[C@H]1O[C@@H](OC(=O)c1cc(O)c(O)c(O)c1)[C@@H]2O,0.77,0.4486,True,True
RDHOOOLYXCLSDL,COC(=O)C1OC(=O)c2cc(O)c(O)c(O)c2C1C(CC(=O)O)C(=O)O[C@H]1[C@H](O)[C@@H](O)[C@H](OC(=O)c2cc(O)c(O)c(O)c2)O[C@@H]1CO,0.695,0.3364,False,True
KKDZPMDDYIYZJK,COC(=O)C1OC(=O)c2cc(O)c(O)c(O)c2C1C(CC(=O)O)C(=O)OC1C(COC(=O)c2cc(O)c(O)c(O)c2)OC(OC(=O)c2cc(O)c(O)c(O)c2)C(O)C1OC(=O)c1cc(O)c(O)c(O)c1,0.7,0.3186,False,True
TWIIRMSFZNYMQE,COC(=O)c1cnccn1,0.555,0.2812,False,False
VJPZTTLCVFONEM,O=C(CNC(=O)OCc1ccccc1)NCC(=O)Oc1ccc([N+](=O)[O-])cc1,0.685,0.6122,True,True
KMEUSKGEUADGET,CC1(C)CC(=O)CC(C)(C)N1O,0.5487,0.1837,False,False
VOMGOCKDGZMAJY,COc1ccc2c3c1OC1C(OC)CCC4(O)C(C2)N(CC2CCC2)CCC314,0.5783,0.1977,False,False
CNGASCWNLMKPPZ,CC(C)(C)C1CCC2(C)CCCCC2C1,0.5532,0.1452,False,False
QQZWEECEMNQSTG,CCON=O,0.4338,0.1875,False,False
YWJGNYMMXDJUCM,CCCCCCCCCCCCCCCCCCCCCCCCCCCCCCCCCCCCCCOC(=O)C(F)(F)C(F)(F)F,0.5818,0.2742,False,False
GILZFLFJYUGJLX,CC1CCCCCCCCCCCCCC(=O)O1,0.4509,0.2353,False,False
UXFNPDNBDMXQNY,CC1COC(=O)CCCCCCCCC(=O)C1,0.4646,0.1786,False,False
MZXNBLODHMOBEC,CCCCCCCCCCCCCCOC(=O)C(=O)OCC(C)C,0.4937,0.2951,False,False
YMXAGOUPXPGFLB,CCCC(C)(C)C=O,0.4058,0.15,False,False
ZZRQJJJPUWSDBN,CCCCCOC(=O)CO,0.3673,0.2931,False,False
HDEZJHSZOHUVHB,COc1cccc2ccc3ccccc3c12,0.49,0.3077,False,True
WONLVFYKXMHSIQ,COc1cc(C)cc(OC(C)=O)c1C/C=C(\C)CC/C=C(\C)CCC=C(C)C,0.4391,0.4528,True,True
YIDVLWDHYNWHMH,O=P(O)(O)c1ccc(O)cc1,0.38,0.2581,False,False
QEQFOCQMHWEPKJ,CN(C)NP(C)(F)=S,0.63,0.1296,False,False
ZAXDQMARDKFTCL,CCCCOC(=O)c1ccccc1C(=O)OC(CCC)CCC,0.5583,0.3774,False,True
FAPIFZJXPJMDIK,COC(=O)C1(C)CCC(=O)N1,0.592,0.2254,False,False
KKACJTWOOFIGAD,CCC(=O)NC(N)=O,0.4792,0.2162,False,False
VQPFPCLBOGBYSZ,O=Cc1ccc(OC(=O)CCCl)cc1,0.4651,0.3333,False,True
NMYFCINXTYVZIN,COc1ccc(C=Cc2nc3c(=O)n(C)c(=O)n(C)c3[nH]2)cc1OC,0.5567,0.4,True,True
CNXJJXFHGOKQSS,C/C=C/C1CC2OC3(OC)CCCC(=O)C3(C)CC2C(=O)O1,0.6687,0.2083,False,False
LHNXGCVOSABRQP,CC(=O)N1C=C(C2=NCCC2)CCC1,0.5767,0.2143,False,False
FSKYZRCACCHDGR,O=c1[nH]cnc2cccnc12,0.535,0.2791,False,False
CNYVJTJLUKKCGM,CC(C)=CCC/C(C)=C/C=C/C(C)=C/C=C/C(C)=C/C=C/C=C(C)/C=C/C=C(C)/C=C/C=C(\C)CCCC(C)(C)O,0.6133,0.2679,False,False
INGSNVSERUZOAK,O=C(O)C(c1ccccc1)C1CCCCN1,0.4873,0.2857,False,False
JODNYDRGCYHKRC,CSC(=O)C(C)C,0.3683,0.1935,False,False
STECJAGHUSJQJN,CN1[C@@H]2CC(OC(=O)C(CO)c3ccccc3)C[C@H]1[C@@H]1O[C@@H]12,0.6736,0.2586,False,False
CJXYVJHFYSFWFK,C/C=C/C[Si](F)(F)F,0.5017,0.119,False,False
ZBMZVLHSJCTVON,CC(C)NCC(O)c1ccc(NS(C)(=O)=O)cc1,0.4203,0.383,False,True
MDKGKXOCJGEUJW,CC(C(=O)O)c1ccc(C(=O)c2cccs2)cc1,0.7253,0.5714,True,True
YKDNTEQLKGYZHT,O=C(O[C@H]1[C@@H]2OC(=O)c3cc(O)c(O)c(O)c3-c3c(cc(O)c(O)c3O)C(=O)OC[C@H]2OC(O)[C@@H]1OC(=O)c1cc(O)c(O)c(O)c1)c1cc(O)c(O)c(O)c1,0.7533,0.4713,True,True
AFXDQNBFNKSGNN,O=C(OC[C@H]1OC(O)[C@H](O)[C@@H](O)[C@@H]1OC(=O)c1cc(O)c(O)c(O)c1-c1c(O)c(=O)c2oc(O)c3cc(O)c(=O)c4oc(O)c1c2c34)c1cc(O)c(O)c(O)c1,0.6733,0.2414,False,False
CCOUVFHNEXWUAW,CCCCCCCCCCCCCCCCCCCCCCCCOC(=O)C(F)(F)C(F)(F)C(F)(F)F,0.5551,0.2656,False,False
DGGUHEYSIUTPKS,CCCCCCCCCCCCCCCCCCCCCCCCCCCCCCCCCCOC(=O)C(F)(F)C(F)(F)C(F)(F)F,0.5551,0.2656,False,False
QBFFFTFVCVUCDO,CCCCCCCCCCCCCCCCCCCCCCCCCCCCCCCCCCOC(=O)C(F)(F)C(F)(F)F,0.5818,0.2742,False,False
XAGKEUMREIMUDZ,CCc1cnc2scc([N+](=O)[O-])c2c1,0.7867,0.2712,False,False
JSLLOANBUQPUSB,CCCCCCCCCCN(C)Cc1cccs1,0.7102,0.2683,False,False
KRGJABLVIDOYEE,O=C(O)C1=C[C@@H](OC(=O)c2cc(O)c(O)c(O)c2)[C@@H](OC(=O)c2cc(O)c(O)c(O)c2)[C@H](OC(=O)c2cc(O)c(O)c(O)c2)C1,0.5417,0.3571,False,True
WURBVZBTWMNKQT,CC(C)(C)C(=O)C(Oc1ccc(Cl)cc1)n1cncn1,0.735,0.2794,False,False
WJBCEVFPSUTMSD,CCCCCCCCCCCCCCCCCCCCCCCOC(=O)C(F)(F)C(F)(F)F,0.5818,0.2742,False,False
GLEVLJDDWXEYCO,Cc1c(C)c2c(c(C)c1O)CCC(C)(C(=O)O)O2,0.6402,0.2105,False,False
ZQZJKHIIQFPZCS,CCCNC(N)=O,0.3693,0.2609,False,False
XAZYJGRIISZODM,N#Cc1ccc(OC(=O)c2ccc(O)cc2)cc1,0.6228,0.3077,False,True
XDBKLFODBADBED,CCCCCCCCCC/C=C\CCCCC(C)C,0.6782,0.3023,False,True
UQEAIHBTYFGYIE,C[Si](C)(C)O[Si](C)(C)C,0.4217,0.125,False,False
VJCNEDVMYQCMBK,COC1=CC(=O)O[C@H](CCc2ccccc2)[C@@H]1O,0.5921,0.2778,False,False
SWKIMTSJFCDAEL,CC1(C)CCC2(C(=O)O)CCC3(C)C(=CCC4C5(C)CCC(O)C(CO)(CO)C5CCC43C)C2C1O,0.7833,0.5143,True,True
KVMYKLHJBYIOKD,CC(C)C(C)/C=C/C(C)C1CCC2C3=CC4OC45CC(O)CCC5(C)C3CCC21C,0.6676,0.1932,False,False
FOINLJRVEBYARJ,CC(C)(O)C(O)COc1c2occc2cc2ccc(=O)oc12,0.4585,0.2742,False,False
WTQGCUIIGTXDIX,CC1CCC2(C)CCC3(C)C(=CCC4C5(C)CCC(O[Si](C)(C)C)C(C)(C)C5CCC43C)C2C1C,0.7919,0.3867,False,True
HVCSXHFGNRDDQR,ClC(Cl)C(Cl)(Cl)C(Cl)Cl,0.5886,0.0769,False,False
IACJMSLMMMSESC,ClC1C(Cl)(Cl)C1(Cl)Cl,0.4333,0.0769,False,False
QPFMBZIOSGYJDE,ClC(Cl)C(Cl)Cl,0.4503,0.0667,False,False
PANVCEBTPSTUEL,ClC(Cl)C(Cl)C(Cl)Cl,0.4603,0.0698,False,False
FFPSHBBQUBAKPP,Ic1cnn(Cc2nc(-c3ccc4c(c3)OCO4)no2)c1,0.6933,0.3214,False,True
OQPNDCHKFIHPBY,CC(C)(Cl)CCl,0.5183,0.1667,False,False
PQBOTZNYFQWRHU,CCC(Cl)CCl,0.4983,0.1316,False,False
JZODKRWQWUWGCD,CC(C)(C)c1cc(O)c(C(C)(C)C)cc1O,0.165,0.3438,False,True
ICBJCVRQDSQPGI,CCCCCCOC,0.4619,0.2857,False,False
CXQGBMJSAAFWDF,Cn1cc(-c2ccccc2)c2ccccc21,0.5917,0.3725,False,True
MRQIXHXHHPWVIL,Oc1ccc2ccccc2c1N=Nc1ccccc1,0.4117,0.3077,False,True
MWVFCEVNXHTDNF,CCCC(=O)C(C)=O,0.3867,0.2162,False,False
KKQKZMHXOXZMTK,C[Si](C)(C)c1ccc(=O)cc([Si](C)(C)C)c1,0.5067,0.1837,False,False
QDWOWLUANUBTGE,CCc1cncc(CC)n1,0.5817,0.2174,False,False
ZNCOUMAUNDVFCZ,C=CCc1ccco1,0.4538,0.2766,False,False
LWHDEDPRANCGFI,Cc1ccc(Cc2ccco2)o1,0.4233,0.3333,False,True
YHGNXEIQSHICNK,c1coc(Cc2ccco2)c1,0.4333,0.375,False,True
ZQJMHGBPBQWGTC,CCCCCCCCCCC(C)OC(=O)C(F)(F)C(F)(F)C(F)(F)F,0.6593,0.2394,False,False
ZSBWUNDRDHVNJL,CC1=CCCC1=O,0.3712,0.2,False,False
GHWXKPRRVHJBAE,C=C(C)CCCC(C)(C)c1ccc(C)o1,0.3767,0.2157,False,False
MFGWMAAZYZSWMY,OCc1ccc2ccccc2c1,0.4954,0.3684,False,True
DSTJGYCTYZXZNH,C=C1C(=O)OC2CC3(C)CC(=O)CC(C)C3=CC12,0.6241,0.3621,False,True
KVQJVAOMYWTLEO,CCC(Cl)C(=O)Cl,0.475,0.2105,False,False
LTHQZRHTXDZWGX,CCCCCCCCC(CC)CO,0.5649,0.2727,False,False
JGHSBPIZNUXPLA,CCCCCCCCCCCCCCC(O)C(=O)O,0.5608,0.2647,False,False
JXTYHIJFKDXKHG,C[Si](C)(C)N1C(=O)CN=C(c2ccccc2)c2cc(Cl)ccc21,0.7993,0.3091,False,True
APDZRJZYGWLSEF,O=C1C=CC=CCC1,0.3276,0.1754,False,False
MNWRNDUNEWYXNI,CCCCO[Si](O[Si](C)(C)C)(O[Si](C)(C)C)O[Si](O[Si](C)(C)C)(O[Si](C)(C)C)O[Si](C)(C)C,0.545,0.2,False,False
XIXSHMBIZFSAOF,CC1CCC2(OC1)OC1CC3=C4CCC5CC(O)CCC5(C)C4C(=O)CC3(C)C1C2C,0.6073,0.2073,False,False
MODCFEJKGWZWCR,CC(C)O[Si](O[Si](C)(C)C)(O[Si](C)(C)C)O[Si](O[Si](C)(C)C)(O[Si](C)(C)C)O[Si](C)(C)C,0.605,0.125,False,False
UTKDCNDVTOWUHW,CCCC(C)(Cl)CC,0.5133,0.1333,False,False
JBNUARFQOCGDRK,NC(C(=O)O)C(O)CO,0.4433,0.2439,False,False
OREPYGSHKSWUCK,CCCCCCCCCCCCC(C)CCC,0.6899,0.2581,False,False
MAUCRURSQMOFGV,CCCc1ccc(C=O)cc1,0.3853,0.3438,False,True
HCNISNCKPIVZDX,CC(C)(C)c1cc(O)c(O)c(O)c1,0.3386,0.3043,False,True
GLLSQPBDLZULLK,CCCCCC(C)CCC(C)CCCCC,0.5983,0.2414,False,False
NEQMZJDCKGAJQW,COC12CCC3(CO1)C(CCC1(C)C(=O)CCC1OC(C)=O)C(=O)CCC3C2(C)C,0.6213,0.25,False,False
KMEKMXBMYZGGDT,CCCCCCCCC(O)CCCCCCC(=O)O,0.6025,0.2766,False,False
YAEYGVVYDUGVQH,CCOc1ccc2c(c1)C(=NO)c1cc(OCC)ccc1-2,0.425,0.3269,False,True
KJGPBYUQZLUKLL,COc1ccc(-c2coc3cc(O)c(OC)cc3c2=O)cc1,0.7067,0.4706,True,True
QWEPZKQWNVXKDO,CC(=O)O[C@H]1CC[C@@]2(C)C(=CC[C@H]3[C@@H]4CC[C@H](OC(C)=O)[C@@]4(C)CC[C@@H]32)C1(C)C,0.6767,0.2192,False,False
ARQZXHSZLQPAON,CC1c2ccccc2C(C)(C)c2ccccc21,0.6002,0.2609,False,False
OXEIAZBURAREAS,CC1(C)CC[C@]2(C(=O)O[C@@H]3O[C@H](CO)[C@@H](O)[C@H](O)[C@H]3O)CC[C@]3(C)C(=C2[C@@H]1O)CC(=O)C1[C@@]2(C)C[C@@H](O)[C@H](O)C(C)(C)[C@@H]2CC[C@]13C,0.7187,0.3082,False,True
XJMYUPJDAFKICJ,CC1(C)CC[C@]2(C(=O)O)CC[C@]3(C)C(=CC[C@@H]4[C@@]5(C)C[C@@H](O)[C@H](O)C(C)(C)[C@@H]5CC[C@]43C)[C@@H]2[C@@H]1O,0.7817,0.5147,True,True
FEBLWGGRRRMRIK,O=C(O[C@H]1[C@@H]2OC(=O)c3cc(O)c(O)c(O)c3-c3c(O)c(=O)c4oc(O)c5c(c(O)c(=O)c6oc(O)c3c4c56)-c3c(cc(O)c(O)c3O)C(=O)OC[C@H]2OC(O)[C@@H]1O)c1cc(O)c(O)c(O)c1,0.735,0.41,True,True
ZCMZJXOFFVFREZ,COc1ccc(C2CC(=O)c3c(OC)cc(OC)cc3O2)c(OC)c1,0.4533,0.3333,False,True
LIPMQXINDUTQPU,CC1(C)CN(Cc2ccccc2)C1c1ccccc1,0.4833,0.2963,False,False
VVWRIMSHBALFKN,CC1(C(=O)O)CCC2(C)CCC3(C)C(=CCC4C5(C)CCC(O)C(C)(CO)C5CCC43C)C2C1,0.7867,0.4658,True,True
JOLBWDQIEJSDDC,O=c1c2cc3c(=O)n(-c4ccccc4Cl)c(=O)c3cc2c(=O)n1-c1ccccc1Cl,0.5083,0.3696,False,True
UBHIYVHURJXNOQ,C[Si](C)(C)OC(=O)c1cc(O[Si](C)(C)C)ccc1O[Si](C)(C)C,0.4433,0.2593,False,False
KOHIWFMCWIWUFB,c1ccc(CCn2c(CSc3nc4ccccc4s3)nc3ccccc32)cc1,0.815,0.3846,False,True
RIEABXYBQSLTFR,CCCC(=O)OCC(O)CO,0.3917,0.2245,False,False
NIDRYBLTWYFCFV,CCCc1cc(=O)oc2c3c(c4c(c12)OC(C)(C)C=C4)O[C@@H](C)[C@H](C)[C@@H]3O,0.645,0.2738,False,False
SWIWTAJTJOYCTB,COc1cc(C=CC(=O)O[C@H]2CC[C@@]3(C)C(=CC[C@H]4[C@@H]5CC[C@H]([C@H](C)CC[C@@H](C)C(C)C)[C@@]5(C)CC[C@@H]43)C2)ccc1O,0.6667,0.3253,False,True
ACZWIDANLCXHBM,COCCOCC(CC1(C(=O)NC2CCC(C(=O)O)CC2)CCCC1)C(=O)O,0.5928,0.2,False,False
UDYKDZHZAKSYCO,O=C1OCC2OC(=O)c3cc(O)c(O)c(O)c3-c3c(O)c(O)c(O)c4c3C(=O)OC(C2OC(=O)c2cc(O)c(O)c(O)c2-c2c1cc(O)c(O)c2O)C1OC(=O)c2c-4c(O)c(O)c(O)c2C1O,0.7483,0.4091,True,True
WLCHQSHZHFLMJH,C=C(C)[C@@H]1CC[C@]2(C(=O)O)CC[C@]3(C)[C@H](CC[C@@H]4[C@@]5(C)C(C(=O)O)[C@H](O)C(C)(C)[C@@H]5CC[C@]43C)[C@@H]12,0.7536,0.2921,False,False
IAUDUEQNUVKNBT,COc1ccc(/C=C/C(=O)c2c(O)cc(OC)cc2OC)c(OC)c1,0.4777,0.4231,True,True
PXIKRTCSSLJURC,CCCc1ccc(O)c(OC)c1,0.295,0.4545,True,True
UGGUCACMQFGWAH,CC(C)C(=O)OCC(=O)[C@@]12O[C@H](C3CCCCC3)O[C@@H]1C[C@H]1[C@@H]3CC=C4CC(=O)C=C[C@]4(C)[C@H]3[C@@H](O)C[C@@]12C,0.732,0.1786,False,False
SPAFMWIHXVIIPF,CC(=O)OC(C)(C)/C=C/C(=O)[C@](C)(O)[C@H]1[C@H](O)C[C@@]2(C)[C@@H]3C=CC4C(CC(=O)C(=O)C4(C)C)[C@]3(C)C(=O)C[C@]12C,0.7067,0.1869,False,False
VNQNSLXVQALONT,c1ccc(C2CC(c3ccccc3)C2)cc1,0.325,0.2727,False,False
IJPHOLADYXPUAZ,c1ccc(N2[Si](c3ccccc3)(c3ccccc3)N(c3ccccc3)[Si]2(c2ccccc2)c2ccccc2)cc1,0.435,0.2571,False,False
PXGPZRZJDURYRY,CC1C(=O)OC(O/C=C2\C(=O)OC3C=CCC23)C1Sc1ccccc1,0.65,0.2027,False,False
DWTGGLMCGFIELV,C[Si](C)(C)OCC(O[Si](C)(C)C)C(O[Si](C)(C)C)C(C=O)O[Si](C)(C)C,0.4967,0.1385,False,False
IPKKHRVROFYTEK,CCCCCOC(=O)c1ccccc1C(=O)OCCCCC,0.2836,0.4773,True,True
UILPJVPSNHJFIK,COc1ccc(C(C)=O)c(O)c1,0.2253,0.4,True,True
BRVXVMOWTHQKHC,CC(=O)O[C@@H]1C[C@@H](OC(C)=O)C(C)(C)/C=C\[C@H](C)[C@H](OC(C)=O)[C@@]2(O)C[C@H](C)[C@H](OC(=O)c3ccccc3)[C@@H]2/C=C\1C,0.777,0.2673,False,False
CKOYRRWBOKMNRG,CC(=O)OCc1ccco1,0.4183,0.383,False,True
RERVSJVGWKIGTJ,CC(CC(=O)C[C@@H](C)[C@H]1C[C@H](O)[C@@]2(C)C3=C(C(=O)C[C@]12C)[C@@]1(C)CC[C@H](O)C(C)(C)[C@@H]1C[C@@H]3O)C(=O)O,0.6651,0.2211,False,False
ZCOLJUOHXJRHDI,O=c1c(-c2ccc(O)cc2)coc2cc(O[C@@H]3O[C@H](CO)[C@@H](O)[C@H](O)[C@H]3O)cc(O)c12,0.6737,0.4211,True,True
ZPWFUIUNWDIYCJ,CCCCCCCCCCCCCCCCCC(=O)OC(C)C,0.5582,0.2667,False,False
JAGZVXZVPUWAKA,CCC(=O)C(CC(C)[N+](C)(C)[O-])(c1ccccc1)c1ccccc1,0.535,0.2667,False,False
VNBZCSKDIGCTNO,COC(=O)C12CCC(C)(C)CC1=C1CCC3C4(C)CCC(OC(C)=O)C(C)(C)C4CCC3(C)C1(C)CC2,0.79,0.359,False,True
BTXWOKJOAGWCSN,COC(=O)[C@]12CCC(C)(C)C[C@H]1C1=CC[C@@H]3[C@@]4(C)CC[C@H](O)C(C)(C)[C@@H]4CC[C@@]3(C)[C@]1(C)CC2,0.87,0.6935,True,True
DHZWALZKPWZSMA,CCCCCCCC/C=C\CCCCCCCC(=O)OCCCCCCCCCCCCCC,0.6231,0.3125,False,True
JETFAOWLNCGULZ,C[Si](C)O[Si](C)(C)O[Si](C)(C)O[Si](C)(C)O[Si](C)(C)O[Si](C)(C)O[Si](C)(C)O[Si](C)C,0.5004,0.1081,False,False
KJPUWZVESPGSAG,CCCC1CCO1,0.4633,0.1569,False,False
BDKBBWGLLDEQEV,C[C@]1(O)C[C@H]2OC(=O)C(COC(=O)c3ccccc3)[C@H]2CC1=O,0.7017,0.2527,False,False
NVKLTRSBZLYZHK,CC(C)(C)c1cc2c(O)c(c1)Cc1cc(C(C)(C)C)cc(c1O)Cc1cc(C(C)(C)C)cc(c1O)Cc1cc(C(C)(C)C)cc(c1O)C2,0.535,0.2857,False,False
WGECXQBGLLYSFP,CCC(C)C(C)C,0.3667,0.2424,False,False
RPUJFMUHJUTCPN,CCCCOC(=O)c1ccccc1C(=O)OCCCCCCCCCl,0.4577,0.42,True,True
OQURWGJAWSLGQG,CCCN=C=O,0.4167,0.1875,False,False
CVGVUZQHVVQSRO,CCCCCCOCCC#N,0.6261,0.2292,False,False
XRJOSQBVAFAQLD,CCC(=O)c1ccccc1O[Si](C)(C)C,0.3333,0.3182,False,True
BWPIARFWQZKAIA,CNCCCC1c2ccccc2C=Cc2ccccc21,0.38,0.1961,False,False
FFVZHMNAMBAVDS,CC(C)c1nc(C(C)C)c(C(C)C)nc1C(C)C,0.4217,0.1628,False,False
BYBPEZLZCGOWIS,C1CC2CCC3CCCC4CCC(C1)C2C34,0.3486,0.12,False,False
PKESXWKAOMUZDM,CC(C)[C@H](C)C[C@@H](O)[C@@H](C)C1CC[C@H]2C3C(=O)C=C4C[C@@H](O)CC[C@]4(C)[C@H]3CC[C@]12C,0.6776,0.1905,False,False
XJPXMHCKQMRCLS,CC(C)c1ccccc1O[Si](C)(C)O[Si](C)(C)O[Si](C)(C)Oc1ccccc1C(C)C,0.44,0.25,False,False
CIBAPVLFORANSS,C[C@@H]1CC[C@@]2(OC1)O[C@H]1C[C@H]3[C@@H]4CC[C@@H]5CC(=O)CC[C@]5(C)[C@H]4CC[C@]3(C)[C@H]1[C@@H]2C,0.7414,0.1923,False,False
SLCBVFPDMGNJOZ,CC(=O)c1c(=O)o[nH][n+]1-c1ccccc1,0.3204,0.2708,False,False
XBOZAHFSVMUUOZ,O=C1OCC2OC(O)C3OC(=O)c4cc(O)c(O)c(O)c4-c4c(cc(O)c(O)c4O)C(=O)OC3C2OC(=O)c2cc(O)c(O)c(O)c2-c2c(O)c(=O)c3oc(O)c4cc(c(=O)c5oc(O)c2c3c45)Oc2c1cc(O)c(O)c2O,0.7317,0.3524,False,True
YWXUVZHHIMGRSU,C=C(C)[C@@H]1CC[C@]2(C(=O)O)CC[C@@]3(C)[C@]4(C)CC[C@H]5C(C)(C)[C@@H](O)CC[C@]5(C)[C@H]4CC[C@]3(O)[C@@H]12,0.7867,0.3077,False,True
ZZVJFOILOLRPMZ,C/C(=C\C(SC(=O)N(C)C)c1ccccc1)c1ccccc1,0.4758,0.3191,False,True
RJINLRBSXMOGAQ,O=C(OC[C@@H]1O[C@@H](O)[C@@H](OC(=O)c2cc(O)c(O)c(O)c2)[C@@H](OC(=O)c2cc(O)c(O)c(O)c2)[C@@H]1OC(=O)c1cc(O)c(O)c(O)c1)c1cc(O)c(O)c(O)c1,0.6067,0.3014,False,True
OOLUVSIJOMLOCB,c1cc2ccc1CCc1ccc(cc1)CC2,0.2856,0.1613,False,False
UIDVFSCIFIMDHO,CO[C@H]1O[C@H](CO[Si](C)(C)C)[C@@H](O[Si](C)(C)C)[C@H](O[Si](C)(C)C)[C@@H]1O[Si](C)(C)C,0.635,0.1449,False,False
DTNMLCLEKOLKGE,CC1(C)CCC2(C)CCC3(C)C(=CCC4C5(C)CCC(O[Si](C)(C)C)C(C)(C)C5CCC43C)C2C1,0.8236,0.5224,True,True
JWVXKUPKXPUEFC,COC[C@H]1O[C@@H](O[Si](C)(C)C)[C@H](O[Si](C)(C)C)[C@@H](O[Si](C)(C)C)[C@@H]1O[Si](C)(C)C,0.6583,0.1493,False,False
OVWYEQOVUDKZNU,Cc1cccc(C=O)c1,0.4233,0.4324,True,True
BICKLHZENLKHGI,COc1cc2c(c(O)c1C(=O)/C=C/c1ccccc1)[C@H]1[C@@H](O2)OC(C)(C)[C@@H]1OC(C)=O,0.7541,0.2989,False,False
QBEVDWJGVNNOGT,CC1(C)OC[C@H](c2c(O)ccc3c2O[C@H](c2ccccc2)CC3=O)[C@@H]1OC(=O)/C=C/c1ccccc1,0.6653,0.2653,False,False
BIKNREOOENVYGF,CC1(C)O[C@H]2Oc3ccc(C(=O)/C=C/c4ccccc4)c(O)c3[C@H]2[C@@H]1O,0.6422,0.2958,False,False
GJRSGESHUAFWMY,CC1(C)C=Cc2c(ccc3c2OC(c2ccccc2)CC3=O)O1,0.6189,0.3014,False,True
RVQNURJXQZPKEH,CO/C(=C\C(=O)c1ccccc1)c1ccccc1,0.6253,0.375,False,True
XTLSKKJNOIMMBK,COc1c(C(=O)CC(=O)c2ccccc2)ccc2occc12,0.563,0.3019,False,True
NQNOTBRHBRJKKH,O=c1cc(-c2ccccc2)oc2c1ccc1occc12,0.2978,0.3922,False,True
SKQPIWMUDPBWMV,COc1ccc2c(=O)cc(-c3ccccc3)oc2c1C1=CC(C)(C)OC1=O,0.4925,0.4138,True,True
XWTCRKNSJARUIU,COc1ccc2c(c1)OCc1c-2oc2cc3c(cc12)OCO3,0.5337,0.3125,False,True
ZIZYKBRERUNPAU,COc1ccc2c(c1)oc(=O)c1c3cc4c(cc3oc21)OCO4,0.5483,0.3333,False,True
OVAZJVLXWGEKHQ,COc1cc2c(=O)cc(-c3ccccc3)oc2c2ccoc12,0.275,0.4706,True,True
LKPQNZRGGNOPPU,COc1c(-c2ccccc2)oc2c(ccc3occc32)c1=O,0.445,0.3571,False,True
GWHQUBFEZSVTKH,COc1ccc2c(=O)cc(-c3ccccc3)oc2c1/C=C/C(C)(C)O,0.4038,0.431,True,True
HIMSTRVEHVBQCS,COc1cc2c(cc1-c1coc3cc(OCC=C(C)C)ccc3c1=O)OCO2,0.67,0.3529,False,True
AZSIHEYWWIVBPP,CO/C(=C\C(=O)c1ccc2occc2c1OC)c1ccccc1,0.676,0.2917,False,False
CHERCCPWQNZOOH,O=C1CC(=O)c2c(c(O)c3ccccc3c2O)C1=O,0.3417,0.2857,False,False
JAZVSCKRKREELH,COc1c(C(=O)/C=C/c2ccc(C)cc2)ccc2occc12,0.5952,0.3188,False,True
NEHCUOFNXQUQDO,COc1c(C(=O)/C(C)=C/c2ccccc2)ccc2occc12,0.5472,0.2917,False,False
XBKLVCYSINXGAW,CC1(C)O[C@@H]2Oc3ccc4c(=O)cc(-c5ccccc5)oc4c3[C@@H]2[C@H]1O,0.5939,0.3548,False,True
HAIRUBAWLBUWML,COc1cc(O)c(C(=O)/C=C/c2ccc3c(c2)OCO3)c(OC)c1,0.4783,0.4035,True,True
GSLOHPSPTJDYHS,COc1ccc2c(c1C1[C@@H](O)OC(C)(C)[C@H]1OC(C)=O)O[C@H](c1ccccc1)CC2=O,0.6922,0.2766,False,False
ZRCUMOBNOPSLKM,CCCN1CC=C(c2c[nH]c3ccc(Cl)cc23)CC1,0.6783,0.2727,False,False
GMVHFTVCPPCMGW,C=C(C)C1Cc2c(cc(O)c3c(=O)c4c(oc23)C(OC)Oc2cc(OC)c(OC)cc2-4)O1,0.525,0.2639,False,False
HVTQZHAAIRBKHO,C=C1CC[C@H]2C(C)(C)CCC[C@]2(C)[C@H]1/C=C/C1=CCOC1=O,0.6683,0.2237,False,False
JCJPVNDLAAXNEX,C=C(C)C1Cc2c(cc(O)c3c2OC2COc4cc(OC)c(OC)cc4C2(O)C3=O)O1,0.6337,0.2527,False,False
STFNGWNFASVBRR,C=C(C)[C@H]1Cc2c(cc(O)c3c(=O)c4c(oc23)COc2cc(OC)c(OC)cc2-4)O1,0.502,0.2676,False,False
NNRGXPSSXAAPIW,C=C(C)C1Cc2c(cc(O)c3c(=O)c4c(oc23)c(=O)oc2cc(OC)c(OC)cc24)O1,0.5637,0.3485,False,True
NYAXETYROCUVOQ,CC1(C)C(C)(C)C1(Cl)Cl,0.505,0.1176,False,False
BOHKBUQLBWTJBM,CCOC(C)OCCCCC1SCCCS1,0.4583,0.1818,False,False
RDTIFYBSPQERAS,Cc1ncn(C)c1C,0.4983,0.2273,False,False
AKAQZCPDRXZZJS,C=CC(F)(F)C(F)(F)C=C,0.5069,0.1364,False,False
JXZJRYDTSDCGLO,CC(=O)C(=O)c1ccco1,0.3921,0.2979,False,False
UJFCSWMLTAAESH,COc1ccc(/C=C\C(=O)NC(=S)Nc2sc3c(c2C#N)CCCC3)cc1OC,0.6886,0.3286,False,True
RNIDWJDZNNVFDY,CC(=O)c1ccsc1,0.576,0.2889,False,False
CZFCMVVMOZCJEE,CCCCC#CC1(F)CC1(C)C,0.6222,0.2264,False,False
FCSBKDJGLIURSH,CCCCCCCCCCCCCCC(C)CO,0.6482,0.2812,False,False
BNMMMLDHZYERBL,CC(CC(O)/C=C/c1ccccc1)[N+](=O)[O-],0.4783,0.2857,False,False
QMRFXMKGUXRTAK,CC1(C)CC(=O)C(CN2CCCCC2)C(C)(C)N1O,0.4796,0.194,False,False
IUHNMXNPPUIQHZ,C1=NN(c2ccccc2)CC1,0.4322,0.2683,False,False
BXXSGWWNGQIJGI,COc1cccc(C23CC(C(C)(C)C)(C2)C3)c1,0.4533,0.2642,False,False
WAQDJMLHOZJJPM,CCC#CCC#CCCCCCCCCCCC(=O)OC,0.6358,0.2593,False,False
ZYHFSUXBIVWHCX,CC#CCC#CCCCCCCCCCCCC(=O)OC,0.6174,0.2364,False,False
TWMAUAVEENQTOH,C#CCCCCCCCCCCCC(=O)OC,0.5624,0.3571,False,True
TZGIHUVVJVQDHY,COC(C=O)[C@@H](OC)[C@@H](CO)OC,0.3717,0.1607,False,False
IXLOVRRUGOPNHY,COC[C@@H](O)[C@@H](OC)C(C=O)OC,0.3667,0.1607,False,False
MFGALGYVFGDXIX,CC1=C(C)C(=O)OC1=O,0.2617,0.2667,False,False
GMJBWCVTVFLURZ,O=C1COCC(=O)C1O,0.3629,0.186,False,False
CLXWZFLIMLBJIS,Cc1cccc(=O)cc1,0.35,0.3333,False,True
OQYOLDLENQHHFM,CCC1(CC)C(=O)NC1=O,0.3917,0.1707,False,False
YKWDWSGYZBURDA,O=S(=O)(c1ccc(Cl)cc1)c1ccccc1Cl,0.75,0.4286,True,True
SIGZQOSGZJNAKB,O=C1CCCCC1CO,0.2567,0.3902,False,True
JJIHLJJYMXLCOY,CC(=O)NC(CO)C(=O)O,0.3383,0.3571,False,True
GBBKJNDQLLKTCX,CCCCCCCCCCCCC(Br)C(=O)O,0.5401,0.2571,False,False
NQBXSWAWVZHKBZ,CCCCOCCOC(C)=O,0.425,0.4048,True,True
FMLSQAUAAGVTJO,CC(C)CC(C)(C)O,0.3567,0.1698,False,False
IQGZCSXWIRBTRW,CC=C(C=O)CC,0.4933,0.1622,False,False
RNKXUVJWMOMTHV,OCc1cocc1CO,0.4417,0.1818,False,False
HHILOQLQBYEUTP,Cc1n[nH]c(C)c1CC(=O)O,0.59,0.2727,False,False
TUAMRELNJMMDMT,Cc1cc(C)cc(O)c1,0.18,0.3077,False,True
SDXAWLJRERMRKF,Cc1cc(C)[nH]n1,0.3919,0.225,False,False
BNYIQEFWGSXIKQ,Cc1ccoc1C(=O)O,0.5533,0.2821,False,False
WPZIFMBJWQZDIY,O=C1C=C2C=CCC2C1,0.5483,0.1395,False,False
AHHGVKNOSDJAQN,CC(=O)C=Cc1c(C)ccc(C)c1C,0.35,0.2708,False,False
ZVXQJTFLBBRAPN,O=Cc1ccc(Cc2ccco2)o1,0.4941,0.3137,False,True
LFWLUDLUCDRDAF,Cc1ccc(C=O)[nH]1,0.475,0.2,False,False
YTWWAIRQSVTBQA,CCOC1(C)CC=CCC1=O,0.5,0.24,False,False
NQYLXGZWPZIHHW,O=C1CCCC=CC2OC12,0.3077,0.2037,False,False
GPAPPPVRLPGFEQ,O=S(=O)(c1ccc(Cl)cc1)c1ccc(Cl)cc1,0.7167,0.4483,True,True
JIUWTCXNUNHEGP,C[C@]12CC[C@H]3[C@@H](CCC4CCCC[C@@]43C)[C@H]1CC[C@@H]2C1=CC(=O)OC1,0.7117,0.2055,False,False
KDWSWRXUIMELKF,CCC1CC1CC1CC1CC1CC1CCCCCCCC(=O)OC,0.5134,0.2,False,False
YSEKNCXYRGKTBJ,COC(=O)CC(O)C(=O)OC,0.4167,0.2821,False,False
OEIWPNWSDYFMIL,CCCCCCCCOC(=O)c1ccc(C(=O)OCCCCCCCC)cc1,0.4943,0.3793,False,True
LIWAQLJGPBVORC,CCNC,0.3674,0.1304,False,False
HCGFUIQPSOCUHI,CC(C)OCCO,0.375,0.186,False,False
VJOPNKODAZUCRH,CCOC(=O)CCCCCCCCCCC(=O)O,0.4529,0.3182,False,True
XIROXSOOOAZHLL,CC(=O)c1ccc(O)c(O)c1O,0.475,0.3125,False,True
BGBUNTANUVVMIQ,CCCCCCCCCCCCCCCCCOC(C)=O,0.3945,0.4,True,True
KUBCEEMXQZUPDQ,CN(C)CCc1ccc(O)cc1,0.305,0.4828,True,True
HPIGCVXMBGOWTF,CC(=O)c1occc1O,0.39,0.25,False,False
LBKFGYZQBSGRHY,COc1ccc(C(=O)O)cc1O,0.166,0.6333,True,True
CWRILEGKIAOYKP,CC(=O)OC[C@@H](O)COP(=O)(O)OCCN,0.6067,0.193,False,False
AASSBBIUTIYGDU,CCCCCCCCCCCC(C)OC(=O)COC,0.6456,0.24,False,False
SQBBBZZOPNKZOQ,CCCCCCCCCCCCC(C)CC(=O)OC,0.6342,0.2586,False,False
FFDQGRWCKILEIP,CN=C1CCCCC1,0.4823,0.1556,False,False
XTVISTYJWBIABF,C#C/C(=C/C#CC(C)(C)C)C(C)(C)C,0.5717,0.1458,False,False
HEWZVZIVELJPQZ,COC(C)(C)OC,0.4167,0.1471,False,False
GNUGVECARVKIPH,C=COC(C)C,0.4883,0.1463,False,False
ODLMAHJVESYWTB,CCCc1ccccc1,0.2583,0.3571,False,True
MYFZXSOYJVWTBL,Cn1cc(C=O)cn1,0.5433,0.2195,False,False
RFTMILUWMDIPHH,CC(=O)/C=C/C(=O)C=O,0.3319,0.1795,False,False
UQMZQVKOCCCWIL,COC(=O)CCC(C)CCCC(C)CCCC(C)C,0.6092,0.2364,False,False
IMNIMPAHZVJRPE,C1CN2CCN1CC2,0.3519,0.1053,False,False
CTIKAHQFRQTTAY,C[Si](C)(C)F,0.4917,0.1176,False,False
CLMTYVFXJOTEDJ,CCCCCCCCCCOC1OC(C(O)CO)C(O)C1O,0.5569,0.1957,False,False
ZSQBOIUCEISYSW,COC1OC(C(O)CO)C(O)C1O,0.5103,0.2241,False,False
KMKSVAGOBVUFRO,CCCCCCCCCSCCCCCCCCC,0.6597,0.2973,False,False
NEOZOXKVMDBOSG,CC(C)CCCCCCCCCCCCCCC(=O)OC(C)C,0.6035,0.2407,False,False
HBDHXDBPCVDGQN,CCCC/C=C\CCCCCCCC(=O)OC(C)C,0.5986,0.3137,False,True
ZLACZJGCNXVIAX,COC1=CC[C@]23CC(=O)N(C)[C@]2(C[C@H](O)c2ccc(OC)c(OC)c23)C1=O,0.5922,0.2281,False,False
YXEGRGRGBCJQIV,COc1c2c3c(c4c1OCO4)-c1c(ccc(O)c1OC)C[C@@H]3NCC2,0.6002,0.2615,False,False
KTRLYLXLXTXHPM,COC1=C(OC)[C@]23CCc4ccc(OC)c(O)c4[C@]2(CCN3)CC1=O,0.5,0.2623,False,False
XLWYWPDYNLZUJS,COC1=C(OC)[C@]23CCc4ccc(OC)c(O)c4[C@]2(CCN3C)CC1=O,0.4706,0.2381,False,False
LKLWVKCEYSPQHL,COc1cc2c(cc1O)[C@@H]1Cc3ccc(OC)c(O)c3C[N@+]1(C)CC2,0.445,0.2462,False,False
UTTZNWQGZHNUIG,COc1ccc2c(c1OC)C13CCN(C)C14CC2OC4(OC)C(OC)C(=O)C3,0.6117,0.1918,False,False
ZKHQJCUUEXSGCM,COc1ccc2cc1Oc1ccc(cc1)CC1=NCCc3cc(OC)c(OC)c(c31)Oc1cc3c(cc1OC)CCN(C)C3C2,0.6124,0.2292,False,False
IIQSJHUEZBTSAT,COc1ccc2cc1Oc1ccc(cc1)C[C@H]1c3cc(c(OC)cc3CCN1C)Oc1c(O)c(OC)cc3c1[C@H](C2)N(C)CC3,0.4933,0.2179,False,False
DXUSNRCTWFHYFS,COC1=C(OC)[C@]23CCc4ccc(OC)c(OC)c4[C@]2(CCN3C)CC1=O,0.5667,0.2615,False,False
VCOZOQJXGDDART,COC1=C(OC)C23CCc4ccc(O)c(OC)c4C2(CCN3C)CC1=O,0.5517,0.2464,False,False
FKHCVUFZOFEROS,COc1cc2c3cc1Oc1c(OC)c(OC)cc4c1C(=NCC4)Cc1ccc(cc1)Oc1cc(ccc1O)CC3N(C)CC2,0.6017,0.2323,False,False
VGXWMITWMBIILG,COc1ccc2c(c1OC)[C@]13CCC(=O)[C@]4(O)O[C@H]2C[C@]14N(C)CC3,0.5692,0.2209,False,False
RENGMXWYDJJRAP,CO[C@H]1[C@@H](OC(=O)c2ccccc2)CC23CC(=O)N(C)C24C[C@@H](OC14OC)c1cc2c(cc13)OCO2,0.6932,0.2644,False,False
WOJRBUGBSKAUMI,COC1=CCC23CCN(C)C2(CC(O)c2ccc(OC)c(OC)c23)C1=O,0.5933,0.2278,False,False
AFTBFIOTWHPFTG,COC1=CC[C@]23CCN(C)[C@]2(C[C@H](O)c2cc4c(cc23)OCO4)C1=O,0.5837,0.2289,False,False
CRHLDFQHFBGPOT,CN1CCC23CCC(=O)[C@@]4(O)O[C@H](CC124)c1cc2c(cc13)OCO2,0.594,0.2113,False,False
UEAPAHNNFSZHMW,COc1cccc2c1C[C@@H]1c3c(cc4c(c3-2)OCO4)CCN1C,0.502,0.2838,False,False
WOGSBUNWOTVHQN,COc1ccc2c(c1OC)C13CCN(C)C14CC2OC4(O)C(OC)C(O)C3,0.64,0.1972,False,False
MHGHFPQRNCAGQZ,CCCCC/C=C\C/C=C\CCCCCCCC(=O)O[C@H](COC(=O)CCCCCCCCC/C=C\CCCCCCCC)COP(=O)(O)OCCN,0.7437,0.2529,False,False
CNRQIGWFHQJJRO,COc1c(O)c(O)cc2ccc(=O)oc12,0.26,0.3673,False,True
ZJMVJDFTNPZVMB,C/C1=C\CC/C(C)=C/C2C(CC/C(C)=C/CC1)C2(C)C,0.5383,0.1833,False,False
PETSAYFQSGAEQY,COc1ccn(C)c(=O)c1C#N,0.3783,0.2462,False,False
WSWCOQWTEOXDQX,CC=CC=CC(=O)O,0.3542,0.2195,False,False
ZEMPKEQAKRGZGQ,CCCCCC[C@@H](O)C/C=C\CCCCCCCC(=O)OCC(COC(=O)CCCCCCC/C=C\C[C@H](O)CCCCCC)OC(=O)CCCCCCC/C=C\C[C@H](O)CCCCCC,0.7406,0.2419,False,False
VACHUYIREGFMSP,CCCCCCCC[C@@H](O)[C@H](O)CCCCCCCC(=O)O,0.6138,0.2766,False,False
MHASSCPGKAMILD,C/C=C1/CN2[C@H]3C[C@@H]1C(C=O)[C@@H]2Cc1c3[nH]c2ccccc12,0.5722,0.25,False,False
DRMGJVPVCAJMDJ,C/C=C1/[C@@H](O)N2[C@H]3C[C@@]45c6ccccc6N[C@H]4[C@@H]2C[C@@H]1C3[C@H]5OC(C)=O,0.6088,0.1875,False,False
SRISWFJLVRCABV,CC[C@H]1[C@@H]2C[C@H]3[C@@H]4N(C)c5ccccc5[C@]45C[C@@H](C2[C@H]5OC(C)=O)N3[C@@H]1O,0.6139,0.2048,False,False
MMVZFQGCDSDHSV,COC(=O)C1[C@@H](O)[C@H](O)C[C@@H]2CN3CCc4c([nH]c5ccccc45)[C@H]3C[C@H]12,0.6953,0.2778,False,False
HIOAYNMZFIHQNS,CC[C@H]1[C@@H]2C[C@H]3[C@@H]4Nc5ccccc5[C@]45C[C@@H]([C@H]2[C@H]5O)N3[C@@H]1O,0.5488,0.1772,False,False
ARVGMISWLZPBCH,CC[C@H](CC[C@@H](C)[C@H]1CC[C@H]2C3=CC=C4C[C@@H](O)CC[C@]4(C)[C@H]3CC[C@]12C)C(C)C,0.6853,0.1828,False,False
JLUFXYAXVHAFTF,CC[C@H]1[C@@H]2C[C@H]3[C@@H]4N(C)c5ccccc5[C@]45C[C@@H](C2C5=O)N3[C@@H]1O,0.5583,0.2179,False,False
DTDADHMBRZKXSC,COC(=O)C1=CO[C@@H](C)[C@@H]2CN3CCc4c([nH]c5ccc(OC)cc45)[C@@H]3C[C@H]12,0.6667,0.2674,False,False
CVBMAZKKCSYWQR,COC(=O)C1[C@H]2C[C@@H]3c4[nH]c5ccccc5c4CCN3C[C@H]2C[C@@H](OC(=O)c2cc(OC)c(OC)c(OC)c2)[C@@H]1OC,0.7517,0.2842,False,False
PQHNJDATPYXLIX,COc1cc(C=CC(=O)OC2C(O)C(CO)OC2(CO)OC2OC(CO)C(O)C(O)C2O)cc(OC)c1OC,0.6633,0.2989,False,False
LPAGFVYQRIESJQ,c1ccc2c(c1)CCN2,0.5317,0.2857,False,False
LVZCTOQMFLAKLI,C/C=C(/C)C(=O)OC[C@@H]1[C@H]2CCCN2C[C@@H]1O,0.625,0.2237,False,False
XIMPCXFLDSKALH,CC(=O)OC1C2C3CC4C5=Nc6ccccc6C51CC2N4C(C)C3CO,0.5683,0.1974,False,False
HJYHBSXUKUQLLJ,CC[C@@H]1CO[C@@H](O)[C@H]2[C@H]1C[C@@H]1N[C@H]2Cc2c1n(C)c1ccccc21,0.6171,0.2368,False,False
UGMYHMZSPHJQHL,COC(=O)C1[C@@H](O)[C@H](OC(=O)c2cc(OC)c(OC)c(OC)c2)C[C@@H]2CN3CCc4c([nH]c5ccccc45)[C@H]3C[C@H]12,0.7483,0.2872,False,False
PYYLUPQQQNZLDO,COC(=O)C1[C@H]2C[C@@H]3c4[nH]c5cc(OC)ccc5c4CCN3C[C@H]2C[C@@H](OC(=O)CCc2cc(OC)c(OC)c(OC)c2)[C@@H]1OC,0.75,0.2523,False,False
SZLZWPPUNLXJEA,COC(=O)C1[C@H]2C[C@@H]3c4[nH]c5cc(OC)ccc5c4CCN3C[C@H]2C[C@@H](OC(=O)/C=C/c2cc(OC)c(OC)c(OC)c2)[C@@H]1OC,0.695,0.2772,False,False
VRKGMHQUKPFVFT,COC(=O)C1[C@H]2C[C@@H]3c4[nH]c5cc(OC)ccc5c4CC[N+]3([O-])C[C@H]2C[C@@H](OC(=O)c2cc(OC)c(OC)c(OC)c2)[C@@H]1OC,0.722,0.2444,False,False
VLQAFTDOIRUYSZ,CC[C@]12CCCn3ccc(c31)-c1ccccc1NC(=O)CC2,0.5472,0.2239,False,False
VTVQHYQGTTVKDE,C/C=C1/CN2[C@H]3C[C@@H]1[C@@H](CO)[C@@H]2Cc1c3[nH]c2ccc(O)cc12,0.5833,0.2078,False,False
CSKKDSFETGLMSB,C=C[C@H]1[C@H](O[C@@H]2O[C@H](CO)[C@@H](O)[C@H](O)[C@H]2O)OC=C(C(=O)OC)[C@H]1CC=O,0.6386,0.236,False,False
MQLSOVRLZHTATK,C=C[C@H]1[C@H](O[C@@H]2O[C@H](CO)[C@@H](O)[C@H](O)[C@H]2O)OC=C(C(=O)OC)[C@H]1CC(=O)O,0.6369,0.2386,False,False
QWAUBSSAJRGKPX,C/C=C1\CN2CCc3c([nH]c4ccccc34)C2CC1C(Cc1c[n+]2c(c3[nH]c4ccccc4c13)CC1C(C(=O)OC)=COC(C)C1C2)C(=O)OC,0.7003,0.2066,False,False
MBXJCHZRHROMQA,C/C=C1/CN2CCc3c([nH]c4ccccc34)[C@@](CO)(C(=O)OC)[C@H]1CC2,0.6103,0.274,False,False
XBAMJZTXGWPTRM,C=C[C@H]1[C@H](O[C@@H]2O[C@H](CO)[C@@H](O)[C@H](O)[C@H]2O)OC=C(C(=O)OC)[C@H]1C[C@@H]1NCCc2c1[nH]c1ccccc21,0.6953,0.213,False,False
BSMWQZICWPFTBG,C[C@@H]1[C@H]2[C@H](O[C@@H]3O[C@H](CO)[C@@H](O)[C@H](O)[C@H]3O)OC=C(C(=O)O)[C@H]2C[C@H]1OC(=O)c1cccc(O)c1,0.6487,0.2727,False,False
NTVLUSJWJRSPSM,C/C=C(/C=O)[C@@H]1C[C@H]2c3[nH]c4ccccc4c3CCN2C=C1C(=O)OC,0.5783,0.2778,False,False
WYJAPUKIYAZSEM,CC[C@]12CCCN3CCc4c(n(c5ccccc45)C(=O)C1)[C@@H]32,0.557,0.2222,False,False
LBRPLJCNRZUXLS,C=C[C@H]1C(O[C@@H]2O[C@H](CO)[C@@H](O)[C@H](O)[C@H]2O)OC=C2C(=O)N3CCc4c([nH]c5ccccc45)[C@@H]3C[C@H]21,0.6083,0.2558,False,False
BERYBAUEDCRDKM,C/C=C1/[C@@H](O)N2[C@H]3C[C@@H]1C1[C@@H](OC(C)=O)[C@@]4(C[C@@H]12)C3=Nc1ccccc14,0.5783,0.191,False,False
RBALEJFQJCAPLN,C/C=C1/CN2[C@H]3C[C@@H]1[C@H](CO)[C@@H]2Cc1c3[nH]c2cc(OC)ccc12,0.5883,0.275,False,False
OWBTYPJTUOEWEK,CC(O)C(C)O,0.3183,0.1724,False,False
WLPYSOCRPHTIDZ,CCC#CCO,0.4367,0.2368,False,False
SOEACRLLVZHBKW,C/C=C\C1=NCCCC1,0.6481,0.1915,False,False
RHWSKVCZXBAWLZ,CN1[C@@H]2CCC[C@H]1CC(=O)C2,0.4369,0.2222,False,False
JIYPUEZSSJAXBO,O=C1CC2CCCC(C1)N2,0.3486,0.1607,False,False
HTZWHTQVHWHSHN,CN1C2CCCC1CC(N)C2,0.4503,0.1739,False,False
JFJWMFPFMLRLMI,O=C1CC(C(=O)O)c2c1oc(=O)c1cc(O)c(O)c(O)c21,0.439,0.3,False,True
DNXHEGUUPJUMQT,C[C@]12CC[C@@H]3c4ccc(O)cc4CC[C@H]3[C@@H]1CCC2=O,0.6133,0.2615,False,False
TYHJMEIBGDDCPA,CC(=O)CC1CCCCN1C,0.3561,0.2308,False,False
JEIZLWNUBXHADF,CC(=O)C[C@H]1CCCCN1,0.5764,0.2,False,False
DPBVYZVSXAZMAY,O=C(O[C@@H]1O[C@@H]2COC(=O)c3cc(O)c(O)c(O)c3-c3c(cc(O)c(O)c3O)C(=O)O[C@H]([C@H]1OC(=O)c1cc(O)c(O)c(O)c1)[C@@H]2OC(=O)c1cc(O)c(O)c(O)c1)c1cc(O)c(O)c(O)c1,0.7383,0.4884,True,True
CUXYLFPMQMFGPL,CCCC\C=C/C=C/C=C\CCCCCCCC(=O)O,0.6565,0.28,False,False
GFKFBLJVPWRDEL,C[C@H](O)C[C@@H]1CCCCN1,0.5187,0.2245,False,False
KCQFLGUEZXYOER,O=C(OCC1O[C@@H](O)C(O)(COC(=O)c2cc(O)c(O)c(O)c2)C1OC(=O)c1cc(O)c(O)c(O)c1)c1cc(O)c(O)c(O)c1,0.63,0.2604,False,False
ZQMDJECDLYTUCE,O=c1cc2oc(-c3cc(O)c(O)c(O)c3)c(O[C@@H]3O[C@H](CO)[C@@H](O)[C@H](O)[C@H]3O)cc-2c(O[C@@H]2O[C@H](CO)[C@@H](O)[C@H](O)[C@H]2O)c1,0.602,0.3699,False,True
ZQLAQUUTBNRDBN,C1CCC2=C(CC1)CCC2,0.4559,0.1714,False,False
WNHOMUCDFNTSEV,CCCCCC(OCC)OCC,0.4519,0.2188,False,False
UIOXNNAWANDJCZ,CCC(OC)OC,0.305,0.1852,False,False
FYHNWJNOEQBNGO,C1=CC2CCCCC2CC1,0.4591,0.1429,False,False
CXWXQJXEFPUFDZ,c1ccc2c(c1)CCCC2,0.3323,0.2647,False,False
OVTOUIPTRRPHCA,C1=CC2CCC=CC2CC1,0.3702,0.1321,False,False
YVCUGZBVCHODNB,CC1(C)OC2(C)CCC1CC2O,0.5583,0.1818,False,False
MGNZXYYWBUKAII,C1=CCCC=C1,0.3786,0.0784,False,False
RYOGZVTWMZNTGL,C/C1=C/CC/C(C)=C\CC1,0.3167,0.1765,False,False
UXIDQHJXTXQPNK,C1=C\CCC2OC2C/C=C\CC/1,0.5052,0.1786,False,False
ZITVKGIRQCDOSX,c1ccc2c3c(ccc2c1)C3,0.4667,0.2444,False,False
IIYGOARYARWJBO,CCCC(C)CC(C)(C)C,0.5633,0.1321,False,False
JOELYYRJYYLNRR,O=C(O)c1cc(O)cc(O)c1O,0.2167,0.4118,True,True
AUKVIBNBLXQNIZ,CCCC(C)CC(C)C,0.5067,0.2162,False,False
AQFCDVGUEQOTAC,CCc1ccc(CC)c(O)c1,0.4267,0.3171,False,True
UTBVIMLZIRIFFR,CSc1nc2ccccc2s1,0.685,0.3846,False,True
POAOYUHQDCAZBD,CCCCOCCO,0.4328,0.3171,False,True
ZGAISLUCRDPXPK,C/C=C\C(C)CCCCCC,0.6068,0.2286,False,False
JCCCMAAJYSNBPR,CCc1cccs1,0.6383,0.3256,False,True
BDFAOUQQXJIZDG,CC(C)CS,0.375,0.1613,False,False
LVVHLEIGMGTYJL,CCCCCC(=O)C=C(C)C,0.4791,0.2558,False,False
JWUJQDFVADABEY,CC1CCCO1,0.46,0.1429,False,False
XQQBUAPQHNYYRS,Cc1cccs1,0.55,0.2391,False,False
KLAGYIBJNXLDTL,COc1c(O)cc2c(=O)oc3c(OC)c(O)cc4c(=O)oc1c2c34,0.2483,0.4773,True,True
VEIYJWQZNGASMA,OCC1CC=CCC1,0.4883,0.2545,False,False
TYZFMFVWHZKYSE,CCCC(S)CCO,0.6367,0.1515,False,False
JUCARGIKESIVLB,CCCC(S)CCOC(C)=O,0.5817,0.25,False,False
NXTOCVYXABBSGX,CCCCC(=O)C(C)CC,0.4317,0.2571,False,False
LAIUFBWHERIJIH,CCCCC(C)CC,0.5783,0.2,False,False
FGLNIYXXYPEICN,CC(C)C#C/C=C/C(C)C,0.535,0.125,False,False
PLNRDADPGQMIIQ,CC=C1CCC2CCCCC12C,0.5974,0.2,False,False
MUXWALMJUFGNDY,C1=CC2=CC3=CC=C(C3)C2=C1,0.5083,0.1333,False,False
CAYSHAOATVWHSR,CCOc1cncs1,0.5735,0.2444,False,False
GOUILHYTHSOMQJ,CCC1C=CC(=O)O1,0.3122,0.1887,False,False
JYPYONFSJRKPQY,CC1=C(C)CC2CCCC=C2C1,0.3983,0.1923,False,False
RWNJOXUVHRXHSD,C=CCCCCC(=O)O,0.5033,0.2791,False,False
UGZAJZLUKVKCBM,OCCCCCCS,0.4749,0.1311,False,False
WQIRCLDVWQIBLO,CC(C)=CCCC(C)(O)c1ccc(C)cc1,0.54,0.2308,False,False
LUOZEWPJSYBORW,Cc1ccc2cccnc2c1O,0.6117,0.3095,False,True
GIZDDYRFNKGZNW,CC(=O)OCC12CCCCC1=CC(O)CC2,0.3671,0.2373,False,False
RPMUOZWNCOBJHH,O=c1c(O)cc2c(O)oc3c(=O)c(OC4OC(COC5OC(CO)C(O)C(O)C5O)C(O)C(O)C4O)cc4c(O)oc1c2c43,0.557,0.2892,False,False
BDCDNTVZSILEOY,O=c1c(O[C@@H]2O[C@@H](CO)[C@H](O)[C@H]2O)c(-c2ccc(O)c(O)c2)oc2cc(O)cc(O)c12,0.6537,0.5846,True,True
DTHZPEJKTHPMPF,C1=C\CCC2CCC2CCC/1,0.3636,0.1778,False,False
DMEGYFMYUHOHGS,C1CCCCCC1,0.3739,0.0968,False,False
SITNPFCTAOJHRR,C=C1CC[C@@H](C)[C@@H]1C,0.3919,0.1887,False,False
KTGXDHVCKICOMQ,CCC(=O)C(C)=CC1=C(C)CCCC1(C)C,0.7092,0.197,False,False
SUNVJLYYDZCIIK,Cc1c(C)c(O)c(C)c(C)c1O,0.3233,0.2,False,False
IXORZMNAPKEEDV,C=C1C[C@]23C[C@@]1(O)CC[C@H]2[C@@]12C=C[C@H](O)[C@@](C)(C(=O)O1)[C@H]2C3C(=O)O,0.6775,0.225,False,False
JLJLRLWOEMWYQK,C=C1C[C@]23C[C@@]1(O)CC[C@H]2[C@@]12CC[C@H](O)[C@@](C)(C(=O)O1)[C@H]2C3C(=O)O,0.7006,0.2338,False,False
RSQSQJNRHICNNH,C=C1C[C@]23C[C@H]1CC[C@H]2[C@@]12CC[C@H](O)[C@@](C)(C(=O)O1)[C@H]2C3C(=O)O,0.7422,0.2308,False,False
ZOWHLBOPCIHIHW,C=C1C[C@]23C[C@@]1(O)CC[C@H]2[C@@]12CC=C[C@@](C)(C(=O)O1)[C@H]2C3C(=O)O,0.7333,0.2162,False,False
XNBWKKYPKJHUKD,C=C1C[C@]23C[C@@]1(O)CC[C@H]2[C@@]12C[C@@H]4O[C@@H]4[C@@](C)(C(=O)O1)[C@H]2C3C(=O)O,0.7,0.2267,False,False
SEEGHKWOBVVBTQ,C=C1C[C@]23C[C@H]1CC[C@H]2[C@@]12C=C[C@H](O)[C@@](C)(C(=O)O1)[C@H]2C3C(=O)O,0.7208,0.2099,False,False
HHTRBFQBAMTIOP,CC1=C2C3=CC[C@@H]4[C@@]5(C)C[C@@H](O)[C@H](O)C(C)(C)[C@@H]5CC[C@@]4(C)[C@]3(C)CC[C@@]2(C(=O)O)CC[C@H]1C,0.8161,0.3718,False,True
QJOSZTCZZUNIRY,O=C(OC1COC(=O)c2cc(O)c(O)c(O)c2-c2c(cc(O)c(O)c2O)C(=O)OC1C1OC(=O)c2cc(O)c(O)c(O)c2-c2c(O)c(O)c(O)c3c2C(=O)OC1C3c1c(O)cc(O)c2c1OC(c1cc(O)c(O)c(O)c1)C(O)C2)c1cc(O)c(O)c(O)c1,0.7933,0.4545,True,True
MJTXEUZBYBMCSL,CC(=O)O[C@@]1(C)CC[C@]2(C(=O)O)CC[C@]3(C)C(=CC[C@@H]4[C@@]5(C)C[C@@H](O)[C@H](O)C(C)(C)[C@@H]5CC[C@]43C)[C@@H]2[C@H]1C,0.7987,0.48,True,True
DOMGXWDOTMOBEH,O=C1OC2C(c3c(O)cc(O)c4c3OC(c3ccc(O)c(O)c3)C(O)C4)C3=C1C1c4c(cc(O)c(O)c4OC1(O)C(O)(O)C3=O)C(=O)OC2C1OC(=O)c2cc(O)c(O)c(O)c2-c2c(cc(O)c(O)c2O)C(=O)OCC1OC(=O)c1cc(O)c(O)c(O)c1,0.7787,0.3679,False,True
RPZNIDVYYGUDPA,O=C1OCC2OC(Oc3cc(O)c(C(=O)c4ccccc4)c(O)c3)C(O)C(O)C2OC(=O)c2cc(O)c(O)c(O)c2-c2c1cc(O)c(O)c2O,0.7817,0.4316,True,True
UGOVFNFMFIIFLE,CC(=O)OC1COC(=O)c2cc(O)c(O)c(O)c2-c2c(cc(O)c(O)c2O)C(=O)OC1C1OC(=O)c2cc(O)c(O)c3c2C2=C4C(=O)OC1C(c1c(O)cc(O)c5c1OC(c1ccc(O)c(O)c1)C(O)C5)C4C(=O)C(O)(O)C2(O)O3,0.7283,0.2946,False,False
MFTSECOLKFLUSD,O=C(O)c1cc(O)c(O)c(O)c1-c1c(C(=O)O)cc(O)c(O)c1O,0.3767,0.4,True,True
HLHIVJRLODSUCI,C=C(C)[C@@H]1CC[C@@H](C)C[C@H]1OC(C)=O,0.3983,0.3036,False,True
MBPYHNAWMKVREM,O=C(O[C@@H]1O[C@H](CO)[C@@H](O)[C@@H]2OC(=O)c3cc(O)c(O)c(O)c3-c3c(cc(O)c(O)c3O)C(=O)O[C@@H]12)c1cc(O)c(O)c(O)c1,0.7117,0.4318,True,True
BWAXOYJGXIEEOE,CC1=CC2C(C)(C)C3CCC(C)C23CC1,0.7259,0.2167,False,False
FEVUQLLYZLSRLB,C[C@H]1[C@H](C)CC[C@]2(C(=O)O)CC[C@]3(C)C(=CCC4[C@@]5(C)C[C@@H](O)[C@H](OC(=O)C=Cc6ccc(O)cc6)C(C)(C)C5CC[C@]43C)[C@H]12,0.7433,0.4138,True,True
FLZGFQFYDGHWLR,O=C(O)c1cc(O)c(O)c2oc(=O)c3cc(O)c(O)c(O)c3c12,0.4469,0.3333,False,True
PQQIABJSQBQEFM,COC(=O)C12CCC(C)(C)CC1C1=CCC3C4(C)CC(O)C(O)C(C)(CO)C4CCC3(C)C1(C)CC2,0.8583,0.5571,True,True
WXTWDABXJFQNRI,COc1cc2ccc(=O)oc2cc1OCC(O)C(C)(C)O,0.3985,0.3165,False,True
IYMHVUYNBVWXKH,O=C1OC[C@H]2OC(O)[C@@H]3OC(=O)c4cc(O)c(O)c(O)c4-c4c(cc(O)c(O)c4O)C(=O)O[C@H]3[C@@H]2OC(=O)c2cc(O)c(O)c(O)c2-c2c1cc(O)c(O)c2O,0.7067,0.4268,True,True
YKTBUKYIRVZHPF,O=C1OCC2OC(=O)c3cc(O)c(O)c(O)c3-c3c(O)c(O)c(O)c4c3C(=O)OC(C2OC(=O)c2cc(O)c(O)c(O)c2-c2c1cc(O)c(O)c2O)C1OC(=O)C2C4C(=O)C(=O)C23Oc2cc(O)c4c(c2C13)OC(c1cc(O)c(O)c(O)c1)C(O)C4,0.7717,0.339,False,True
UWJIFXVGXDANMN,O=C1OCC2OC(=O)c3cc(O)c(O)c(O)c3-c3c(O)c(O)c(O)c4c3C(=O)OC(C2OC(=O)c2cc(O)c(O)c(O)c2-c2c1cc(O)c(O)c2O)C1OC(=O)C2C4C(=O)C(=O)C23Oc2c4c(cc(O)c2C13)OC(c1cc(O)c(O)c(O)c1)C(O)C4,0.7467,0.3504,False,True
JNCAJTFOOLCUIN,O=C(OC1COC(=O)c2cc(O)c(O)c(O)c2-c2c(cc(O)c(O)c2O)C(=O)OC1C1OC(=O)c2cc(O)c(O)c(O)c2C2C(=O)C(=O)C34Oc5cc(O)c6c(c5C3C1OC(=O)C24)OC(c1cc(O)c(O)c(O)c1)C(O)C6)c1cc(O)c(O)c(O)c1,0.7792,0.3824,False,True
VSPCKOOTYYLLDQ,O=C1OC2C3C4=C1C(c1c(O)c(O)c(O)c5c1C(=O)OC2C1OC(=O)c2cc(O)c(O)c(O)c2-c2c(cc(O)c(O)c2O)C(=O)OCC1OC(=O)c1cc-5c(O)c(O)c1O)C1(OC(=O)C2(O)C(=O)C=C(C5Oc6c(c(O)cc(O)c63)CC5O)C21)C4=O,0.7504,0.2868,False,False
XUZYVFYOPRXTRB,O=CC(OC(=O)c1cc(O)c(O)c(O)c1)[C@@H](OC(=O)c1cc(O)c(O)c(O)c1)[C@@H]1OC(=O)c2cc(O)c(O)c(O)c2-c2c(cc(O)c(O)c2O)C(=O)OC[C@H]1O,0.6717,0.375,False,True
DFBIFSIVSFAGEV,CC1(C)CC2C1CCC13CCC21CCC3O,0.5433,0.2045,False,False
IOUUIFSIQMVYKP,CCCCCCCCCCCCCCOC(C)=O,0.3945,0.4,True,True
IYNRVIKPUTZSOR,C=COC(=O)/C=C/C,0.2719,0.1667,False,False
KKYRQKLPCNUOOY,CC/C=C/CCC#CCCCCCCCC,0.7578,0.2653,False,False
GOSWTRUMMSCNCW,C/C(=C\CNc1ncnc2c1ncn2[C@@H]1O[C@H](CO)[C@@H](O)[C@H]1O)CO,0.6683,0.2,False,False
XDVDHFJMCJWDPI,CC1=CC[C@]2(CC1)[C@H](C)CC[C@H]2C(C)(C)O,0.4453,0.2063,False,False
HXSUWRNHJVTUAL,C=C1CCC(C(C)CO)CC1,0.5186,0.2041,False,False
DKGAVHZHDRPRBM,CC(C)(C)O,0.2767,0.1351,False,False
WEZDOYDDKIHCLM,C=C(C)[C@@H]1CC[C@@]2(C1)C(C)=CCC[C@H]2C,0.54,0.2881,False,False
JTOGFHAZQVDOAO,C=CCCCCCCCCCCCCCCCCCCC,0.6151,0.275,False,False
XFIOZCMKPNZOII,COC(=O)C1=CO[C@@H](O[C@@H]2O[C@H](CO)[C@@H](O)[C@H](O)[C@H]2O)[C@H]2[C@@H]1C=C[C@@]21C=C(CO)C(=O)O1,0.6817,0.2316,False,False
GGLAWDIODKKBQZ,C[C@H](O)C1=C[C@@]2(C=C[C@@H]3C(C(=O)O)=CO[C@@H](O[C@@H]4O[C@H](CO)[C@@H](O)[C@H](O)[C@H]4O)[C@@H]32)OC1=O,0.6542,0.2165,False,False
RMMPZDDLWLALLJ,COC1=CC(=O)C(OC)=CC1=O,0.435,0.4231,True,True
QERSHYZMPGXOIY,CCCCCC(=O)Oc1ccccc1OC,0.2963,0.439,True,True
XUHLCFAFTMPEKX,CC1CCC(C(C)C)C(OC(=O)C=Cc2ccccc2)C1,0.3852,0.3043,False,True
NRPFNQUDKRYCNX,COc1ccc(CC(=O)O)cc1,0.4933,0.475,True,True
XRFWKHVQMACVTA,C=CCOC(=O)CC,0.3504,0.2245,False,False
RANVDUNFZBMTBK,CCCCCOC(=O)c1ccccc1O,0.4517,0.4681,True,True
WIBFFTLQMKKBLZ,CCCCCCCC/C=C\CCCCCCCC(=O)OCCCC,0.626,0.3125,False,True
DFVXNZOMAOGTBL,C=C(C)C1CC=C(C)C(OC(=O)CC)C1,0.5967,0.1818,False,False
MMIYZAMZODWWEB,CCOC(=O)c1cccc(OC)c1OC,0.4504,0.3514,False,True
RFUJEBHESHKXKW,C/C=C/C=C1\C=Cc2c(C(=O)OC)coc(=O)c21,0.6267,0.25,False,False
OGJYXQFXLSCKTP,CC(C)=CCC/C(C)=C/COC(=O)C(C)C,0.5317,0.3617,False,True
TZXWLJYLYILFGM,CCCCCCCOC(=O)CCCCCCC,0.4928,0.3051,False,True
ADNADZOSMJDVIS,CCCCC(=O)OCC(C)C,0.479,0.2368,False,False
IRWLDXUJBJPFNV,C=C[C@@]1(C)CC[C@H](OC(C)=O)C(C)(C)O1,0.5633,0.2581,False,False
QKNZNUNCDJZTCH,CCCCCOC(=O)c1ccccc1,0.445,0.4167,True,True
DDMQLUJPAGWJOB,CCCCCCCCCC(=O)OCCc1ccccc1,0.4423,0.3846,False,True
PCXFODQCJDGIDX,CC(C)=CCC/C(C)=C\CCC(=O)Oc1ccccc1,0.4791,0.38,False,True
WPYIYVXSMXASQL,CC(C)[C@@H]1C[C@H](O)C[C@@H]2[C@H](C)CC[C@@H](C)N21,0.5757,0.1607,False,False
IBKHAIJVZGYPDV,COc1cc(OC2OC(CO)C(O)C(O)C2O)c2c(c1)OC(c1cc(OC)c(O)c(OC)c1)C(O)C2,0.6087,0.3704,False,True
AOPMSFXOYJXDNJ,COC(=O)C1=CO[C@@H](O[C@@H]2O[C@H](CO)[C@@H](O)[C@H](O)[C@H]2O)[C@H]2[C@@H]1C=C[C@@]21C=C([C@H](C)O)C(=O)O1,0.6469,0.2245,False,False
AFYIWKNGSIYXCQ,COC(=O)C1=COC(OC2OC(CO)C(O)C(O)C2O)C2C1C=CC21C=C(C(C)OC(=O)C=Cc2ccc(OC3OC(CO)C(O)C(O)C3O)cc2)C(=O)O1,0.6952,0.2804,False,False
SFEUTIOWNUGQMZ,C=C1CC[C@]2(C)CC[C@]3(C)[C@H](CC[C@@H]4[C@@]5(C)CC[C@H](OC(C)=O)C(C)(C)[C@@H]5CC[C@]43C)[C@H]2[C@@H]1C,0.747,0.2857,False,False
PUTCXBJUWNRWJH,OC1C=CC=CC1(O)O,0.4104,0.1538,False,False
UUNZIGRBVXAOSR,O=C(OCC1(O)C(=O)C=CC(OC(=O)c2ccccc2)C1O)c1ccccc1,0.5597,0.2738,False,False
LHPOSZYLQOYNDN,CC1=C(Cl)C(=O)c2c(O)cccc2C1=O,0.3917,0.2692,False,False
CRNGFKXWIYTEPH,Cc1cc(=O)c2c(C)cc(O)cc2o1,0.2319,0.5882,True,True
QXQGOKLIHLYAGX,CC1C(=O)C(=O)c2c(O)cccc2C1=O,0.3267,0.2745,False,False
OLNJUISKUQQNIM,O=Cc1c[nH]c2ccccc12,0.1717,0.4865,True,True
MKZIRHIVARSBHI,CC1(C)C=C[C@@]23CCC[C@@](C)(CC[C@@H]12)C3,0.7019,0.1967,False,False
QASPETTXGLRYFK,CCCCC=CC=CCC(=O)N1CCCC1,0.445,0.2593,False,False
ZJFZKWFGTZZRRT,CCCCCCCCCCCCC=CC=CCC(=O)NCC(C)C,0.6965,0.2727,False,False
DLKOUKNODPCIHZ,O=C(/C=C/C=C/C=C/c1ccc2c(c1)OCO2)N1CCCCC1,0.3375,0.3651,False,True
MIWPBXQTBYPJEF,O=C(CCCC/C=C/c1ccc2c(c1)OCO2)N1CCCCC1,0.4219,0.3158,False,True
DUCHBDMNWUYHGL,C=C/C(C)=C\C(O)C=C(C)C,0.4093,0.1778,False,False
GWCMUONZBWHLRN,C1=C\CCC/C=C\CCC/1,0.3769,0.125,False,False
KDISMIMTGUMORD,CC(=O)N1CCCCC1,0.3726,0.2683,False,False
WNZWJOJIVXVSGO,CCCCCCC=CC=CCC(=O)N1CCCC1,0.5632,0.2642,False,False
IAEGWXHKWJGQAZ,Cc1cnc(C)c(C)n1,0.4481,0.2222,False,False
OISVCGZHLKNMSJ,Cc1cccc(C)n1,0.53,0.2857,False,False
ADSOSINJPNKUJK,CCCCc1ccccn1,0.455,0.3056,False,True
JZBCTZLGKSYRSF,CCc1ncc(C)nc1C,0.5981,0.2245,False,False
LNIMMWYNSBZESE,CCc1nccnc1C,0.5283,0.2,False,False
OXCKCFJIKRGXMM,CCc1cnc(C)cn1,0.6008,0.25,False,False
RAFHQTNQEZECFL,CCc1cncc(C)n1,0.5933,0.2083,False,False
NRGGMCIBEHEAIL,CCc1ccccn1,0.5,0.2941,False,False
DYCPESWJKDONHC,CCCCCCCc1ccccn1,0.5551,0.3824,False,True
PFYPDUUXDADWKC,CC(C)c1ccccn1,0.36,0.2619,False,False
LFTULPAVNUDILJ,Cc1ccccc1C=CCO,0.4733,0.3488,False,True
QFQYZMGOKIROEC,O=C(O)/C=C/c1ccc2c(c1)OCO2,0.1863,0.4681,True,True
WHMWOHBXYIZFPF,CCc1nc(C)cnc1C,0.5492,0.2,False,False
NTSLROIKFLNUIJ,CCc1ccc(C)nc1,0.5786,0.2857,False,False
MVECHHOAGKYODO,CC1=CC=C(C(C)C)C(O)C1,0.4504,0.1818,False,False
QDAARMDLSCDBFU,O=C(C=CC=Cc1ccc(O)cc1)N1CCCCC1,0.2672,0.439,True,True
PUYWOMGLUNDEFM,COC1=CC(/C=C\C=C\C(=O)N2CCCCC2)=CCC1O,0.4783,0.3485,False,True
IUGIGWWOEYFTDM,COc1cc(C=CC=CC(=O)N2CCCCC2)ccc1O,0.24,0.5,True,True
OGHBUHJLMHQMHS,C/C=C(\C)C(=O)OC/C=C(\C)CCC=C(C)C,0.5809,0.3542,False,True
SLLMHZXMVHNZOR,CCC(=O)c1cc2c(cc1O)OCO2,0.28,0.3111,False,True
DEOQAXQDXRMPMZ,CC(=Cc1ccc(O)c(O)c1)C(=O)O,0.3833,0.381,False,True
FEWLNYSYJNLUOO,O=CN1CCCCC1,0.3378,0.2424,False,False
PHKYZFGDNGACRM,COc1c(OC)c(O)c2c3c(cc4ccccc42)NC(=O)c13,0.47,0.3036,False,True
FAXXHNWVMKTOFF,O=C(CCCCCC/C=C/c1ccc2c(c1)OCO2)N1CCCCC1,0.4438,0.3103,False,True
BPSWISYORIWKCT,CC(C)CNC(=O)C=CC=CCC/C=C/c1ccc2c(c1)OCO2,0.4969,0.3623,False,True
PAXQNYHJDFKFEU,CC(C)CNC(=O)/C=C/CCCC/C=C/c1ccc2c(c1)OCO2,0.5203,0.3676,False,True
NCSVIEQJHMEYFR,COc1cc2c(cc1/C=C/C=C/C(=O)N1CCCCC1)OCO2,0.3783,0.4355,True,True
ZEKAIRFOYPDZNC,COc1c(O)cc2c3c(cc4ccccc4c13)NC2=O,0.4242,0.3333,False,True
YHQIYHDLBZXUON,COc1cc2c3c(cc4ccccc4c3c1OC)NC2=O,0.435,0.3281,False,True
JGDZUWXHWYXMSD,COc1c(O)cc2c3c(cc4ccccc4c13)N(C)C(=O)C2=O,0.5392,0.322,False,True
MXOKGWUJNGEKBH,COc1cccc2c1cc1c3c(cc4c(c32)OCO4)C(=O)N1,0.4167,0.3,False,True
VZSXTYKGYWISGQ,CN1CCC(N(Cc2ccccc2)c2ccccc2)CC1,0.3908,0.2679,False,False
AFKGBLKLNRDQFN,COc1cc2c3c(cc4ccccc4c3c1OC)N(C)C(=O)C2=O,0.545,0.3385,False,True
KLXHCGFNNUQTEY,COC(=O)/C=C/c1cc(OC)c(OC)c(OC)c1,0.4217,0.4634,True,True
BAGGDUOPTSQTHD,COc1cc2c3c(cc4ccccc4c3c1OC)NC(=O)C2=O,0.44,0.3182,False,True
WHAAPCGHVWVUEX,CC(C)CNC(=O)/C=C/C=C/c1ccc2c(c1)OCO2,0.3538,0.3906,False,True
KBGNBPGXVKPRQI,COc1cc2c3c(cc4ccccc4c3c1O)NC2=O,0.3533,0.2979,False,False
BADLEYLQAILHPV,O=C(C=CC=CCCCC/C=C/c1ccc2c(c1)OCO2)N1CCCCC1,0.5142,0.3286,False,True
VBIRCRCPHNUJAS,COc1cc([C@H]2OC[C@@H]3[C@H]2CO[C@H]3c2ccc3c(c2)OCO3)ccc1O,0.2403,0.3774,False,True
APZYKUZPJCQGPP,O=C(CCCCc1ccc2c(c1)OCO2)N1CCCCC1,0.3746,0.3462,False,True
POKGESLRCWHPFR,C=C(C)[C@@H]1CC[C@]2(C)CC[C@]3(C)[C@H](CC[C@@H]4[C@@]5(C)[C@H](O)CC(=O)C(C)(C)[C@@H]5CC[C@]43C)[C@@H]12,0.7439,0.2989,False,False
VWYANPOOORUCFJ,CC(C)[C@H]1CC[C@H]2[C@@]1(C)CC[C@@]1(C)[C@@H]3CC[C@H]4C(C)(C)[C@@H](O)CC[C@]4(C)C3=CC[C@]21C,0.7317,0.2125,False,False
RAFHNDRXYHOLSH,O=C1C[C@@H](c2ccc(O)c(O)c2)Oc2cc(O[C@@H]3O[C@H](CO)[C@@H](O)[C@H](O)[C@H]3O)cc(O)c21,0.5603,0.4211,True,True
GOBKOABJVRFZJB,O=C1O[C@H]2[C@H](O)[C@@H](OC(=O)c3cc(O)c(O)c4c3C3=C1CC(=O)C(O)(O)C3(O)O4)[C@H](OC(=O)c1cc(O)c(O)c(O)c1)O[C@@H]2CO,0.7133,0.3551,False,True
DSLZVSRJTYRBFB,O=C(O)C(O)C(O)C(O)C(O)C(=O)O,0.425,0.2069,False,False
KZEYIYXACMUTRM,O=C(OC(C(=O)O)C(OC(=O)c1cc(O)c(O)c(O)c1)C1OC(=O)c2cc(O)c(O)c(O)c2-c2c(cc(O)c(O)c2O)C(=O)OCC1O)c1cc(O)c(O)c(O)c1,0.6756,0.3936,False,True
STHRNDDZYFUIDO,CC1(C)CC[C@]2(C=O)CC[C@]3(C)C(=CC[C@@H]4[C@@]5(C)CC[C@H](O)C(C)(C)[C@@H]5CC[C@]43C)[C@@H]2C1,0.775,0.5455,True,True
QCDYQQDYXPDABM,Oc1cc(O)cc(O)c1,0.117,0.381,False,True
CTFXYMMZXWWOFY,O=C1C=C2C=C[C@@H]3C[C@@]2(O1)[C@@H]1CCCCN1O3,0.6106,0.1765,False,False
LLGZUVBAGHLBQC,O=C1O[C@H]2[C@H](OC(=O)c3cc(O)c(O)c(O)c3)[C@@H](OC(=O)c3cc(O)c(O)c4c3C3=C1CC(=O)C(O)(O)C3(O)O4)[C@H](OC(=O)c1cc(O)c(O)c(O)c1)O[C@@H]2COC(=O)c1cc(O)c(O)c(O)c1,0.7217,0.3364,False,True
UHDJFCOJSFPKML,O=C(C(=O)[C@@](O)(C(=O)c1cc(O)c(O)c(O)c1)[C@](O)(C(=O)c1cc(O)c(O)c(O)c1)[C@H](O)[C@H](O)CO)c1cc(O)c(O)c(O)c1,0.5667,0.24,False,False
UZKQTCBAMSWPJD,C/C(=C\CNc1ncnc2[nH]cnc12)CO,0.585,0.209,False,False
TWBYWOBDOCUKOW,O=C(O)c1ccncc1,0.326,0.3714,False,True
LWRSYTXEQUUTKW,COc1ccc(C=O)c(OC)c1,0.2717,0.3778,False,True
OVOINWQJBHVFGP,C=C[C@@]1(C)C[C@@H](OC(C)=O)[C@H](C(C)(C)O)C[C@@H]1C(=C)C,0.545,0.25,False,False
QUUCYKKMFLJLFS,CC(C)c1ccc2c(c1)CC[C@H]1C(C)(C)CCC[C@]21C,0.6503,0.2969,False,False
PSFDQSOCUJVVGF,Cc1nccc2c1[nH]c1ccccc12,0.54,0.3191,False,True
KQFUXLQBMQGNRT,COc1cc(O)c2c(=O)c(OC)c(-c3ccc(O)c(OC)c3)oc2c1,0.5658,0.4444,True,True
MVQXXWLQNRLPCH,CCCCCCCCCCCCCCO[Si]1(CC)CCCCC1,0.581,0.2051,False,False
UXFSPRAGHGMRSQ,COc1nccnc1CC(C)C,0.4953,0.2308,False,False
OILUAKBAMVLXGF,CC(CC(=O)O)CC(C)(C)C,0.4233,0.2083,False,False
ZVUUAOZFEUKPLC,CCC1=C(C)C(=O)OC1=O,0.37,0.2162,False,False
HVXVNFNRJMVTAU,CC(C)CCC[C@@H](C)[C@H]1CCC2=C3CC[C@H]4C(C)(C)[C@@H](O)CC[C@]4(C)[C@H]3CC[C@@]21C,0.7453,0.2297,False,False
ZEBIACKKLGVLFZ,CN1CCC[C@@H]1CC(=O)C[C@@H]1CCCN1C,0.5783,0.2188,False,False
OIFBSDVPJOWBCH,CCOC(=O)OCC,0.3767,0.2564,False,False
IBFYXTRXDNAPMM,COC(=O)C1=CO[C@@H](O[C@@H]2O[C@H](CO)[C@@H](O)[C@H](O)[C@H]2O)[C@@H]2C(CO)=CC[C@H]12,0.685,0.2289,False,False
GYIMIATUXYPEHO,C=C1C(=CC)c2cc3[nH]c(cc4[nH]c5c(c4C)C(=O)C(C(=O)OC)c5c4nc(cc1n2)[C@@H](C)C4CCC(=O)OC)c(CC)c3C,0.67,0.1696,False,False
IUXMJLLWUTWQFX,CSC(=O)SC,0.4217,0.1892,False,False
OATSQCXMYKYFQO,CSC(C)=O,0.3383,0.2222,False,False
MFFMDFFZMYYVKS,N[C@@H](CC(=O)N1CCn2c(nnc2C(F)(F)F)C1)Cc1cc(F)c(F)cc1F,0.6167,0.2165,False,False
QOOXKCQTBVDROE,C[C@H]1O[C@H](O[C@H]2[C@H](O)[C@@H](O)[C@@H](OC(C(=O)C(O)CO)[C@H](O)CO)O[C@@H]2CO)[C@H](O)[C@@H](O)[C@@H]1N[C@H]1C=C(CO)[C@@H](O)[C@H](O)[C@H]1O,0.6986,0.2115,False,False
FNJYRTCQWWUNRH,C=C/C=C/CCCCCCCCCCO,0.7073,0.1957,False,False
XOGHDKRZGXPUEH,CC/C=C/C=CC=CCC=O,0.4,0.15,False,False
IPPGPVPRYJHZPW,CCSC(C)S,0.435,0.1714,False,False
FCRSULZJMFDBIK,CCCCCCCCCSC,0.6597,0.2895,False,False
DOJDQRFOTHOBEK,C=CC(CCCCC)OC(C)=O,0.5409,0.3043,False,True
NAOMHUDQUVEWEF,C=CC(O)CCCCCCCC,0.5951,0.2647,False,False
YPLVIGDBRXWBET,COc1cnc(C)c(C)n1,0.6583,0.2745,False,False
YXTRCOAFNXQTKL,COc1c(Br)cc(Br)cc1Br,0.5783,0.3448,False,True
ABKJVDAMVQXXSZ,CC(C)NC1CCOCC1,0.4695,0.2264,False,False
RUJVVAGDAGVHLC,CCCCC(=O)OCCCO,0.4368,0.2623,False,False
ZKKJPZNYRLRZLQ,CCCCCCCC(S)CCO,0.6932,0.2647,False,False
LCEHKIHBHIJPCD,CC(C)CCCCC=O,0.5917,0.1961,False,False
JLPUXFOGCDVKGO,C[C@H]1CCC[C@@]2(C)CCCC[C@]12O,0.495,0.2115,False,False
PPZSOILKWHVNNS,COc1cc(C(O)C(CO)Oc2ccccc2OC)ccc1O,0.3267,0.3269,False,True
CJRKEDMYNFITCQ,CC1(C)[C@@H]2[C@H]1CC[C@]1(C)CCC[C@](C)(O)[C@@H]21,0.5633,0.1957,False,False
YDXQPTHHAPCTPP,CCCCC=CCCO,0.4383,0.3095,False,True
GJFCONYVAUNLKB,C[C@@H]1C[C@H]2[C@@H]3CC=C4CC(=O)C=C[C@]4(C)[C@@]3(F)[C@@H](O)C[C@]2(C)[C@@]1(O)C(=O)CO,0.6713,0.2024,False,False
PZHNKNRPGLTZPO,CC(C)=CCC/C(C)=C/CC/C(C)=C/Cc1c(O)cc(C)cc1O,0.5783,0.5952,True,True
QSUQBXKPPUWLTH,CC(C)=C1CC=C2C=CC[C@@H](C)[C@]2(C)C1,0.69,0.1905,False,False
RQWWXOUTWRSURG,CC(C)CCCC(C)CCS,0.6292,0.1731,False,False
WHIUDXGNUHDGLA,C[C@H]1C2CC[C@](C)(O)[C@H]3C1CCC(C)(C)C23,0.4758,0.1818,False,False
ZZEQOHMDRQUMMH,COc1ccc(-c2oc3cc(OC)c(OC)c(O)c3c(=O)c2O)cc1O,0.545,0.5102,True,True
CYHBDKTZDLSRMY,CCCCCCOC(=O)C(C)C,0.4388,0.3158,False,True
PGTKHYGKDOAHEN,CC[C@H]1O[C@@H]1/C=C/C=O,0.4661,0.1364,False,False
KWCDIRFSULAMOC,O=C(CBr)C12CC3CC(CC(C3)C1)C2,0.3825,0.1875,False,False
PUFOBDWCLXCAPH,OCC12CC3CC(CC(C3)C1O)C2,0.429,0.1905,False,False
GJKBYUNILRRALK,C=C(C)/C=C\C12CCCCC1(C)O2,0.5733,0.1406,False,False
BJMPSYHNUKWPGQ,COc1cccc2c1OCO2,0.3567,0.3396,False,True
XMPNPHOXVSBURG,CNC(=O)C(O)c1ccc(OC)cc1,0.1683,0.3902,False,True
DXPPIEDUBFUSEZ,C=CC(=O)OCCCCCC(C)C,0.5766,0.26,False,False
VKGMVPAEGSTCFA,CCCCC(CC)CC(O)C(CC)CCCC,0.535,0.1842,False,False
XCZPDOCRSYZOBI,c1cnc2c(n1)CCCC2,0.5489,0.1905,False,False
ZNLSNAZJVYNXLN,COc1ccc(-c2cc(=O)c3c(O)c(OC)c(OC)c(O)c3o2)cc1,0.2717,0.5417,True,True
LZERJKGWTQYMBB,COc1ccc(-c2cc(=O)c3c(O)cc(OC)cc3o2)cc1,0.48,0.5152,True,True
GAHAVZIKRCECQH,COc1cc(C=O)cc(C(F)(F)F)c1,0.6533,0.3611,False,True
VKOSQMWSWLZQPA,COc1cc(-c2cc(=O)c3c(O)c(OC)c(OC)cc3o2)ccc1O,0.4517,0.6087,True,True
IMEYGBIXGJLUIS,COc1cc2oc(-c3ccc(O)c(O)c3)cc(=O)c2c(O)c1OC,0.4117,0.6087,True,True
BKMAMSPTJHLOJB,O=C(CO)C(O[C@@H]1O[C@H](CO)[C@H](O)[C@H](O)[C@H]1O)[C@H](O)CO,0.629,0.24,False,False
PHELOKYCCWVWFE,COC(OC)C(=O)O,0.27,0.2333,False,False
NBXLPPVOZWYADY,CCc1ccc(C)o1,0.4183,0.3514,False,True
JPMYFOBNRRGFNO,COc1cc(O)c2c(=O)cc(-c3ccc(O)cc3)oc2c1,0.4667,0.5,True,True
UTJJFHJHTZKQSW,CC1CCCC(C)CCC(C)(C)CCC1,0.5505,0.1765,False,False
FAFMZORPAAGQFV,CCC(=O)OC1CC2CCC1(C)C2(C)C,0.66,0.2667,False,False
IODGQWWTJYDCLN,COc1c(OC)c(O)c2c(=O)cc(-c3ccc(O)cc3)oc2c1O,0.24,0.5532,True,True
UUQJTIHOVGMQIH,COc1ccc(-c2cc(=O)c3c(O)c(O)c(OC)cc3o2)cc1,0.385,0.6047,True,True
URLZCHNOLZSCCA,CC(C)CC(NC(=O)C(Cc1ccccc1)NC(=O)CNC(=O)CNC(=O)C(N)Cc1ccc(O)cc1)C(=O)O,0.655,0.7143,True,True
OFOBLEOULBTSOW,O=C(O)CC(=O)O,0.4133,0.2121,False,False
KRFBMPVGAYGGJE,COc1ccc(-c2cc(=O)c3c(O)c(OC)c(O)c(OC)c3o2)cc1,0.3333,0.5625,True,True
DBDXTIAEVFSDNN,Oc1ccccc1-c1ccno1,0.4803,0.2857,False,False
ASAOSMVQLGTAQO,COc1ccc(-c2cc(=O)c3c(O)c(OC)c(O)c(O)c3o2)cc1,0.3433,0.5306,True,True
QCDYOIZVELGOLZ,COc1ccc(-c2cc(=O)c3c(O)c(OC)c(OC)cc3o2)cc1,0.3867,0.6222,True,True
GXBNHFMSIXKWHZ,C(=C\c1ccccc1)/CC/C=C/c1ccccc1,0.3983,0.2619,False,False
LBWPYRZGHYVSEL,CCCCCC(C)CCCC(C)CCCC(C)C,0.6217,0.2188,False,False
ROEHFIIRMUXFRR,CC(C)(C)c1cc(C(C)(C)c2ccccc2)cc(C(C)(C)C)c1O,0.3452,0.4043,True,True
AISQJRLSHDWVGU,CCCCCCCCCCCCCCCCCCCCC(C)C,0.6251,0.2759,False,False
KVQVGSDBGJXNGV,CCCCCCCCCCCCCCCCC(C)C,0.6251,0.2759,False,False
AFTFRXZRXLDFGT,CCCCC(=O)C(C)(C(C)C)C(O)c1ccccc1,0.3403,0.3488,False,True
QDEYKGKBMCIYCT,COC(=O)C1=CO[C@@H](O[C@@H]2O[C@H](CO)[C@@H](O)[C@H](O)[C@H]2O)[C@@H]2[C@@H](C)[C@@H](O)[C@@H](O)[C@H]12,0.6567,0.2353,False,False
CKHOFHNVFXPKRY,COC(=O)C1=CO[C@@H](O[C@@H]2O[C@H](CO)[C@@H](O)[C@H](O)[C@H]2O)[C@@H]2[C@@H](C)[C@@H](OC(=O)c3ccccc3)C(O)[C@H]12,0.7172,0.2391,False,False
NXQMCAOPTPLPRL,O=C(OCCOCCOC(=O)c1ccccc1)c1ccccc1,0.4984,0.3556,False,True
SRPLWSLPCHPUKL,C=C(C)[C@@H]1CC[C@]2(C)[C@H](CC=C3[C@@H]4CC(C)(C)CC[C@]4(C)CC[C@]32C)[C@@]1(C)CCC(=O)O,0.7833,0.4521,True,True
MBWGRAHRCWMYAX,CC1C(=O)C=CC2[C@]1(C)CC[C@H]1[C@@]2(C)CC[C@@]2(C)[C@@H]3CC(C)(C)CC[C@]3(C)CC[C@]12C,0.6744,0.2667,False,False
TVMWSRBQYJASNT,CCCCCCCCCCCCCCCC(=O)O[Si](C)(C)[Si](C)(C)C,0.6149,0.2553,False,False
AWDHIFBTFZYCRJ,C=C/C=C/C(O)CCCCCC/C=C\C(O)CCCCC,0.7483,0.2692,False,False
PAUMWSJQGRCQFY,CC(=O)OCC(OC(=O)c1ccccc1)C(COC(C)=O)OC(=O)c1ccccc1,0.4512,0.3333,False,True
DTGGNTMERRTPLR,NC(Cc1ccccc1)c1ccccc1,0.3874,0.2727,False,False
BZJFTOLYBXIQHS,O=[N+]([O-])C12COP(=O)(OC1)OC2,0.497,0.1346,False,False
NKWGYEOQWYLAKW,CC1CCC23C1COC2(C)CCCC3(C)C,0.6186,0.1719,False,False
NMZOXYQEZICZPH,CC1OC2(C)CCCC(C)(C)C2=CC1=O,0.6787,0.2222,False,False
XJMAAOIVFHDJAK,CCOC(C)OC/C=C(\C)CCC=C(C)C,0.4954,0.3333,False,True
GBEJULSURQZDNX,C=C/C=C\CC1=C(C)CCC1=O,0.6533,0.1636,False,False
RGIIAYDCZSXHGL,O=S(=O)(O)CCc1ccncc1,0.3646,0.2857,False,False
YFXWTVLDSKSYLW,COc1cc(C=CC(=O)O)cc(O)c1O,0.2448,0.5143,True,True
WRIDQFICGBMAFQ,CCCCCCCCC/C=C/CCCCCCC(=O)O,0.6269,0.3182,False,True
BTKHXNIRAYKGMN,CCCCCCCC/C=C\CCCCCCCC(=O)NCc1ccc(OCCN)c(OC)c1,0.6879,0.3457,False,True
OFCNXPDARWKPPY,O=c1[nH]cnc2[nH]ncc12,0.5145,0.1571,False,False
HSXINLFVGZNTPF,CC1CCC2C(C)C(OOC(C)(C)C)OC3OC4(C)CCC1C32OO4,0.73,0.141,False,False
NOWKCMXCCJGMRR,C1CN1,0.4452,0.1389,False,False
AJUWUYJULVYGRA,CCCCCCCCCCCC(OC)OC,0.5802,0.2632,False,False
HKUMXVZOWDJVID,CCCC(CCCCCCO)C(=O)O,0.5768,0.2069,False,False
PDJXBCGYXJQLPD,CCCCCCCC/C=C\CCCCCCC(=O)C(=O)C(CCCCCC/C=C\CCCCCCCC)C(=O)OC,0.7335,0.2909,False,False
URFCJEUYXNAHFI,O=C1C[C@@H](c2ccccc2)Oc2cc(O)cc(O)c21,0.3101,0.4194,True,True
GNHMRTZZNHZDDM,N#CCCCl,0.6058,0.1395,False,False
VKYKSIONXSXAKP,C1N2CN3CN1CN(C2)C3,0.3669,0.075,False,False
MSTDXOZUKAQDRL,O=C1CCOc2ccccc21,0.3834,0.2807,False,False
UVGWPTZSLLIEOQ,CCCCCCCCCCCCCCC(=O)C(=O)OCC,0.544,0.2826,False,False
YKSWANWZIBMPIT,O=C1Oc2ccccc2CC1C(=O)N1CCCC1,0.34,0.2903,False,False
YHXYRISRGHSPNV,COC(=O)CCc1ccccc1O,0.6133,0.3261,False,True
GSILMNFJLONLCJ,CCCCCCCC(=O)NCCO,0.661,0.3158,False,True
FQGLWEGVMMDANK,CCCCCCCCCCCCCCCCCCCCCCCCCCCCCCOC(=O)C(F)(F)C(F)(F)F,0.5818,0.2742,False,False
BWXDHBQGBNPJMN,C=C(C)[C@@H]1CC[C@]2(C)CC[C@]3(C)[C@H](CC[C@@H]4[C@@]5(C)CC[C@H](OC(=O)CCCCCCCCCCCCCCC)C(C)(C)[C@@H]5CC[C@]43C)[C@@H]12,0.8269,0.4643,True,True
VLHOVPZUSXEINR,COc1ccc2ccc(=O)oc2c1C(OC(C)=O)C(=O)C(C)C,0.3833,0.4286,True,True
YPSWCORASQDCJM,Cc1cc2c3ccccc3n3c2c2c1O[C@@]1(C)CC[C@H]([C@@H]2C1)C3(C)C,0.7725,0.2432,False,False
PBAZKMWQUBDDLZ,COc1ccc2ccc(=O)oc2c1C(C=O)=C(C)C,0.2733,0.431,True,True
DKEANOQWICTXTP,C=C(C)[C@@H](O)[C@@H](O)c1c(OC)ccc2ccc(=O)oc12,0.2733,0.4098,True,True
MDKAWXCQYALXRL,COc1ccc2ccc(=O)oc2c1/C=C/C(C)(C)O,0.3272,0.4,True,True
RTRKIUHFRAITEX,CC1(C)C=Cc2c(c(O)c3ccccc3c2O)O1,0.6,0.2687,False,False
UJOBWOGCFQCDNV,c1ccc2c(c1)[nH]c1ccccc12,0.2917,0.3429,False,True
URYYVOIYTNXXBN,C1=C\CCCCCC/1,0.445,0.1395,False,False
YZBKHDJPIAYXQH,CC(C)=CCCC1(C)C=Cc2c(ccc3c2[nH]c2ccc(C)cc23)O1,0.6762,0.3735,False,True
WWXYBSVWYPHUPZ,CC(C)=CCCC1(C)C=Cc2c(ccc3c2[nH]c2cc(O)c(C)cc23)O1,0.7092,0.3976,False,True
IUZVYLWUISSZCS,COc1cc2[nH]c3c4c(c(C)cc3c2cc1OC)OC(C)(C)C=C4,0.705,0.2031,False,False
OSERHKINMDLESD,COc1ccc2[nH]c3c4c(c(C)cc3c2c1)OC(C)(C)C=C4,0.6967,0.3188,False,True
HTNVFUBCWIYPJN,CC(C)=CCCC1(C)C=Cc2c(c(C)cc3c2[nH]c2ccccc23)O1,0.7091,0.3256,False,True
APZRRMFSHXMDTQ,COc1cc(OC)c2[nH]c3c4c(c(C)cc3c2c1)OC(C)(C)C=C4,0.69,0.2162,False,False
ZSNYQENLWQYSRK,COc1ccc(CCc2cc(OC)c(OC)c(OC)c2)c(O)c1O,0.495,0.4571,True,True
SGWZVZZVXOJRAQ,Cc1cc(O)cc(C)c1O,0.305,0.3333,False,True
XOTJGHCMZOLIPX,OC1C2OC3COC1C3O2,0.5438,0.1579,False,False
VDRWNKIQBYUKGD,CCCCCCCCCCCCCCCCCCS(=O)(=O)Cl,0.6506,0.2558,False,False
SHKGFTXUBGNKSG,C[C@@H]1O[C@@H](O[C@@H]2[C@@H](O)[C@H](O[C@@H]3[C@@H](O)[C@@H](O)[C@H](O[C@H]4[C@H](OC(=O)[C@]56CCC(C)(C)C[C@H]5C5=CC[C@@H]7[C@@]8(C)C[C@H](O)[C@H](O[C@@H]9O[C@H](CO)[C@@H](O)[C@H](O)[C@H]9O)[C@@](C)(CO)[C@@H]8[C@H](O)C[C@@]7(C)[C@]5(C)C[C@H]6O)OC[C@H](O)[C@@H]4O)O[C@H]3C)OC[C@H]2O)[C@H](O)[C@H](O)[C@H]1O,0.8567,0.4564,True,True
WGQMUABRZGUAOS,COc1ccc(OC)c(CO)c1,0.3117,0.3409,False,True
SWGMZUHZYZRQJR,CC(=O)C(C)(C)C(O)c1ccccc1,0.235,0.3529,False,True
NDCSJPPJAVCLMI,O[C@H]1C2OC[C@@H](O2)[C@@H]2O[C@@H]21,0.5238,0.1579,False,False
RGHMISIYKIHAJW,O=C(O)C(O)c1ccc(O)c(O)c1,0.2139,0.3235,False,True
PGIQIBRWODQISW,CCCCCCC#CC(C)O,0.5997,0.3125,False,True
PSJBSUHYCGQTHZ,COCC(O)CO,0.3233,0.1731,False,False
GZEWTNFOWIUNRR,Cc1cc(C)c(N=Cc2cccc([N+](=O)[O-])c2)c(=O)[nH]1,0.7467,0.5,True,True
SLCFYYKEJSZUCI,C=C(C)C(O)C1=C(C)C(=O)CCC1(C)C,0.612,0.1884,False,False
RNVGIKWJGFOBOF,C1=Cc2nccnc2C1,0.5022,0.1538,False,False
ZGPMRVKNTCKLBF,O=S1(=O)C2CCCC1CCC2,0.425,0.1364,False,False
OACXFSZVCDOBKF,CCCCCCCCCCCCCCCCCCCCCCCl,0.6281,0.2963,False,False
OVFDEGGJFJECAT,CC1(C)[C@@H]2CC[C@@]1(C)C(=NO)C2,0.5933,0.1579,False,False
GHXZTYHSJHQHIJ,N=C(N=C(N)NCCCCCCN=C(N)N=C(N)Nc1ccc(Cl)cc1)Nc1ccc(Cl)cc1,0.82,0.2593,False,False
IFABLCIRROMTAN,CCCCCCCC/C=C\CCCCCCCCCl,0.6814,0.3171,False,True
VSFAVIVLUCDIIB,CCCCCC/C=C\CCCCCCCC(=O)O[Si](C)(C)C(C)(C)C,0.6935,0.283,False,False
AWYFNIZYMPNGAI,S=C(S)NCCNC(=S)S,0.5654,0.2105,False,False
XLXMYOUBZINZAX,CC(C)CCCCCCCCCCOC(=O)CCCCCCCCCCC(=O)OCCCCCCCCCCC(C)C,0.5316,0.2449,False,False
PWRBDKMPAZFCSV,C=C(C)CCCCCCCCCC,0.5201,0.3448,False,True
PXIFNQSQUKJWSP,OC[C@H]1OC(c2cc(O)cc(C=Cc3ccc(O)c(O)c3)c2)[C@H](O)[C@@H](O)[C@@H]1O,0.3647,0.4706,True,True
CBIDRCWHNCKSTO,CC(C)=CCOP(=O)(O)OP(=O)(O)O,0.4654,0.2264,False,False
KNCYXPMJDCCGSJ,O=C1CCCC(=O)N1,0.3358,0.2,False,False
LACZJJJYINHZIR,CCCCCCCCCCCCCCCC(OC)OC,0.5802,0.2632,False,False
BMZOQYYROAVSAP,CCCCCCCCCCCCCCCC(=O)OC1CCCCC1,0.5598,0.2958,False,False
BISZYPSIZGKOFA,O=c1cc(-c2ccc(O)c(O[C@@H]3O[C@H](CO)[C@@H](O)[C@H](O)[C@H]3O)c2)oc2cc(O[C@@H]3O[C@H](CO)[C@@H](O)[C@H](O)[C@H]3O)cc(O)c12,0.6667,0.375,False,True
CQUSHZSCDGSFBF,C[C@@H]1O[C@@H](O[C@@H]2[C@@H](O)[C@H](O[C@@H]3[C@@H](O)[C@@H](O)[C@H](O[C@H]4[C@H](OC(=O)[C@]56CCC(C)(C)C[C@H]5C5=CC[C@@H]7[C@@]8(C)C[C@H](O)[C@H](O[C@@H]9O[C@H](CO)[C@@H](O)[C@H](O)[C@H]9O)[C@@](C)(CO)[C@@H]8[C@H](O)C[C@@]7(C)[C@]5(C)CC6)OC[C@H](O)[C@@H]4O)O[C@H]3C)OC[C@H]2O)[C@H](O)[C@H](O)[C@H]1O,0.8833,0.5357,True,True
XGEYXJDOVMEJNG,O=C(C=Cc1ccc(O)c(O)c1)c1ccc(OC2OC(CO)C(O)C(O)C2O)c(O)c1O,0.5767,0.3797,False,True
WBLPIVIXQOFTPQ,CCCC1OC1(CC)C(N)=O,0.4967,0.1897,False,False
MGQVHIJOSALRQZ,CCCCCCCCC=C(Cl)c1c(C)[nH]c(C(=O)OCC)c1C,0.6958,0.2532,False,False
XPSOFSIDLMRECY,CC(=O)OC(Cc1ccccc1)(c1ccccc1)C(C)CN1CCCC1,0.385,0.3043,False,True
KUAZQDVKQLNFPE,CN(C)C(=S)SSC(=S)N(C)C,0.505,0.15,False,False
XSTXAVWGXDQKEL,ClC=C(Cl)Cl,0.3967,0.1,False,False
DUYAOUUOWHAJIX,CCCCCCCCC/C=C/CCCCCCCl,0.6814,0.3171,False,True
ZNBIZPXNJOMSFQ,COC(=O)c1ccc(C(O)c2ccccc2)cc1,0.3753,0.4048,True,True
LCZNLGJYHVTTAT,CC1(C)CC[C@]2(C(=O)O)CC[C@]3(C)C(=CCC4=C5C[C@H](O)[C@H](O)[C@@](C)(CO)[C@@]5(C)CC[C@]43C)[C@@H]2C1,0.7133,0.3784,False,True
USYXGKNEFILPTL,CC1(C)CC[C@]2(C(=O)O)CC[C@]3(C)C(=CC=C4[C@@]3(C)CC[C@@]3(C)[C@@]45C[C@H](O)[C@H](O)[C@@]3(C)CO5)[C@@H]2C1,0.7354,0.3506,False,True
XNDJITTZAVYZHN,CCCCCCCCCCCCCC=CC(=O)O[Si](C)(C)C,0.6467,0.3125,False,True
VCNKUCWWHVTTBY,CC1(C)CC[C@]2(C)CC[C@]3(C)[C@H](CC[C@@H]4[C@@]5(C)CCCC(C)(C)[C@@H]5CC[C@]43C)[C@@H]2C1,0.7386,0.2329,False,False
BMCOIOWWHJTOPU,C[C@@H]1O[C@H]2O[C@H]3[C@@H](OC[C@@H](O)[C@@H]3O)OC(=O)[C@]34CCC(C)(C)C[C@@]3(C)C3=CC[C@@]5(C)[C@@](C)(CC[C@@H]6[C@](C)(CO)[C@@H](O[C@@H]7O[C@H](CO)[C@@H](O)[C@H](O)[C@H]7O[C@@H]7O[C@@H](C(=O)C[C@](C)(O)CC(=O)O[C@@H]1[C@@H](O[C@@H]1OC[C@@H](O)[C@H](O)[C@H]1O)[C@H]2O)[C@H](O)[C@H](O)[C@H]7O)[C@@H](O)C[C@@]65C)[C@]3(C)CC4,0.7649,0.2857,False,False
BGNXCDMCOKJUMV,CC(C)(C)c1cc(O)ccc1O,0.3233,0.3,False,True
GZMAAYIALGURDQ,CCCCCCOCCOCCO,0.5647,0.2727,False,False
LYOJMOXGTZZPFW,CC12CCC(O)C(C)(C)C13CCC(C2)OO3,0.6654,0.1875,False,False
GWEFTCNMUHHQLP,CCOc1cc(C=O)cc(Br)c1O,0.46,0.3922,False,True
IAOZJIPTCAWIRG,COC(=O)C(Cc1ccccc1)NC(=O)C(N)CC(=O)O,0.3807,0.5,True,True
AWAVRLOLQQEYTI,CCCCCC1=CCC(C2CCC(CC)CC2)CC1,0.5641,0.2558,False,False
QHGBINBBSWHCPZ,CN(C)/C=C(/c1ccccc1)c1ncns1,0.485,0.2766,False,False
TUCMDDWTBVMRTP,CC/C=C\C/C=C\C/C=C\CCCCCCCC=O,0.5907,0.2667,False,False
JNJULLPRDPZIGK,CC(=O)N(C)CC#CCN1CCC(O)C1,0.505,0.1667,False,False
QMLGNDFKJAFKGZ,C1CCC2OCCOCCOCCOC3CCCCC3OCCOCCOCCOC2C1,0.4148,0.1837,False,False
QEPVXMYQVXGZQD,CCOC(=O)Nc1ccc(Br)cc1C(=NN)c1ccccc1,0.6342,0.2923,False,False
KCOVYKLMLVCCRK,C=C1/C=C/[C@H](C(C)C)CCC(C)C(OC)CC1,0.5525,0.1765,False,False
DWHIUNMOTRUVPG,CCCCCCCCCCCCOCCOCCOCCOCCOCCOCCOCCO,0.5647,0.2727,False,False
TZIHFWKZFHZASV,COC=O,0.3875,0.1481,False,False
UJRIYYLGNDXVTA,C=COC(=O)CCCCCCCCCCCCCCC,0.5302,0.2889,False,False
HCLJOFJIQIJXHS,C=CC(=O)OCCOCCOCCOCCOC(=O)C=C,0.5017,0.2444,False,False
ZYOSGENSARGRME,CC\C=C/C=C/C=C\C=C\CCCCC(=O)CCC(=O)O,0.6367,0.2121,False,False
OVURIZIJDDTXJS,OC(/C=C/C=C\c1ccccc1)CCc1ccccc1,0.6385,0.2885,False,False
MQZUSOMHYYKABS,CC(C)=C1CC[C@H](C)C2CC[C@H](C)C=C12,0.5053,0.1695,False,False
ARXKVVRQIIOZGF,OCCC(O)CO,0.4967,0.1379,False,False
ATLQGZVLWOURFU,FC(F)(F)c1cc(CBr)cc(C(F)(F)F)c1,0.5301,0.2143,False,False
YIGCZRBQSHBYRL,C[C@]12C=CC(=O)C=C1CC[C@H]1[C@@H]3CCC(=O)O[C@@]3(C)CC(=O)[C@@]12F,0.5312,0.2027,False,False
MPSRBJBPHXIOFN,C=CC(CCCCC)OC1OC(CO)C(O)C(O)C1O,0.6219,0.2468,False,False
PSQSSLVXOIJSMX,CC(O)/C=C\C/C=C\C/C=C\CCCCCCCC(=O)O,0.4949,0.2692,False,False
UOUIARGWRPHDBX,C[C@]12CC[C@H]3[C@@H](CC[C@@H]4C[C@H](O)CC[C@@H]43)[C@@H]1CCC2=O,0.5812,0.2462,False,False
QJDHQEQDIWDMOT,CSCC(C=O)=Cc1ccccc1,0.6483,0.3182,False,True
BIDIHFPLDRSAMB,C/C=C\C(C)(C)C,0.3652,0.1042,False,False
DOZRDZLFLOODMB,CC(C)(C)c1cc(C=O)cc(C(C)(C)C)c1O,0.1933,0.4737,True,True
JAUPRNSQRRCCRR,CC(C)CC=NO,0.345,0.2105,False,False
XCHBYBKNFIOSBB,CC1(O)C(=O)Nc2ccccc21,0.545,0.2812,False,False
GTNCESCYZPMXCJ,CCC(=O)OCCCc1ccccc1,0.2533,0.3636,False,True
IJNGMRAUFODTLK,O=[N+]([O-])c1cc(-c2ccc(N=Nc3ccc(O)cc3)c([N+](=O)[O-])c2)ccc1N=Nc1ccc(O)cc1,0.4317,0.3188,False,True
OQFHJKZVOALSPV,C=CCc1ccc(O)c(-c2ccc(OC)c(CC=C)c2)c1,0.4733,0.3208,False,True
OZEQQZFAGTZYSQ,CCCC(=O)OP(=O)(O)OC[C@H]1O[C@@H](n2cnc3c(=O)[nH]cnc32)[C@H](O)[C@@H]1O,0.6454,0.2088,False,False
ZJPDJIYPZYRXEC,COc1ccc2c(c1)CCC(c1cccc(=O)[nH]1)C2,0.517,0.2973,False,False
VVSWDMJYIDBTMV,COC1OC2COC(c3ccccc3)OC2C(O)C1O,0.5471,0.2361,False,False
IEAUFJOLHRNYMW,C=C/C(C)=C\CC1C(C)(O)C(OC(C)=O)C(O)C2C(C)(C)CCCC21C,0.6117,0.1932,False,False
MJJWBJFYYRAYKU,CC1=C[C@@H]2c3c(O)cc(-c4cc5ccc(O)cc5o4)cc3O[C@]3(c4ccc(O)cc4O)Oc4cc(O)ccc4[C@@H](C1)C23,0.577,0.3398,False,True
UIDUJXXQMGYOIN,CC1CCC2C(C3C(C)CCC13)C2(C)C,0.6217,0.15,False,False
DNKFADXVMUNRRM,C=C1[C@]23C(=O)O[C@@H](C)[C@]2(O)C(=O)O[C@@]1(C)[C@H](O)C1=C(C)[C@@]2(C=CC(=O)OC2(C)C)CC[C@]13C,0.732,0.2237,False,False
NYWCITDWPAZNBU,CC(/C=C/C=C(C)/C=C/[C@@]1(O)C(C)(C)CCC[C@@]1(C)O)=C\C=C\C=C(C)\C=C\C(=O)O,0.6106,0.1667,False,False
BNQDCRGUHNALGH,NC(CO)C(=O)NNCc1ccc(O)c(O)c1O,0.5019,0.2727,False,False
KJJXDQMORIATJF,c1ccc(COB2C3CCCC2CCC3)c(COB2C3CCCC2CCC3)c1,0.6728,0.2051,False,False
CHLICZRVGGXEOD,COc1ccc(C)cc1,0.2233,0.4231,True,True
NWIUTZDMDHAVTP,CC(C)NCC(O)COc1ccc(CCOCC2CC2)cc1,0.4619,0.2344,False,False
CMOZGCJOTGLPKO,CC(C)=CCc1cc(CCCc2ccc(O)cc2O)ccc1O,0.4717,0.4681,True,True
HUIYGGQINIVDNW,CCCCOC(=O)c1ccccc1N,0.3117,0.4082,True,True
ZKLREJQHRKUJHD,CCCCCCCCCCCCC[C@@H](O)[C@@H](N)CO,0.64,0.25,False,False
ZRWWEEVEIOGMMT,NC(=O)N1c2ccccc2C2OC2c2ccccc21,0.515,0.2549,False,False
JLQUFIHWVLZVTJ,CCCCN(CCCC)SN(C)C(=O)Oc1cccc2c1OC(C)(C)C2,0.6,0.2903,False,False
LJGMGXXCKVFFIS,CCCCCCCCCC(=O)O[C@H]1CC[C@@]2(C)C(=CC[C@H]3[C@@H]4CC[C@H]([C@H](C)CCCC(C)C)[C@@]4(C)CC[C@@H]32)C1,0.7637,0.27,False,False
ZIJKGAXBCRWEOL,CC(=O)OCC1OC(OC2(COC(C)=O)OC(COC(C)=O)C(OC(C)=O)C2OC(C)=O)C(OC(C)=O)C(OC(C)=O)C1OC(C)=O,0.685,0.2688,False,False
AVJZNOIWPGXYKM,CC[C@H]1CN2CCc3cc(OC)c(OC)cc3[C@@H]2C[C@@H]1C[C@H]1NCCc2c1[nH]c1ccccc21,0.6585,0.2375,False,False
RUQATQQNXCPTLL,CN[C@@H]1[C@H](O[C@H]2[C@H](O[C@H]3[C@H](O)[C@@H](O)[C@H](N=C(N)N)[C@@H](O)[C@@H]3N=C(N)N)O[C@@H](C)[C@@H]2CO)O[C@@H](CO)[C@H](O)[C@H]1O,0.5704,0.1978,False,False
SFTQDPVLDKOILY,CC1=CC2CC(C)CC(C)C2C(C)(C(=O)CCO)C1C(=O)O,0.7383,0.2222,False,False
AVAACINZEOAHHE,C[C@@H](O)C1C(=O)N2C(C(=O)O)=C(S[C@@H]3CN[C@H](CNS(N)(=O)=O)C3)[C@H](C)[C@H]12,0.5842,0.1667,False,False
HMWSKUKBAWWOJL,CC1=CC[C@H]2C(C)(C)CCC[C@]2(C)[C@H]1CO,0.7361,0.2381,False,False
ZREKOPQLWZLLHM,CCCCCC/C=C/C=C\CCCCCCCC(=O)OCC,0.6895,0.3061,False,True
BFYIZQONLCFLEV,C=C1C[C@@H]2[C@H](CC[C@]3(C)C(=O)CC[C@@H]23)[C@@]2(C)C=CC(=O)C=C12,0.725,0.2394,False,False
GPNSLSVRBMEOCK,CCCC(=O)OC/C=C(\C)CC/C=C(\C)CCC=C(C)C,0.5667,0.375,False,True
YMTINGFKWWXKFG,CC(C)OC(=O)C(C)(C)Oc1ccc(C(=O)c2ccc(Cl)cc2)cc1,0.6867,0.3673,False,True
WMWTYOKRWGGJOA,CCC(=O)O[C@]1(C(=O)SCF)[C@H](C)C[C@H]2[C@@H]3C[C@H](F)C4=CC(=O)C=C[C@]4(C)[C@@]3(F)[C@@H](O)C[C@@]21C,0.6594,0.1942,False,False
DTOUWTJYUCZJQD,C[C@@H]1O[C@@H](OC[C@H]2O[C@@H](OCCc3ccc(O)c(O)c3)[C@H](O)[C@@H](O)[C@@H]2OC(=O)C=Cc2ccc(O)c(O)c2)[C@H](O)[C@H](O)[C@H]1O,0.4967,0.4,True,True
AVJMJMPVWWWELJ,COC/C=C(\C)CCC=C(C)C,0.4938,0.3488,False,True
QCTAEQLVEFPZLF,C=C1C(CCC(=O)O)=c2cc3[nH]c(cc4[nH]c(cc5nc(cc1n2)C(CCC(=O)O)=C5C)c(=CC)c4C)c(C)c3CCC(=O)O,0.68,0.2059,False,False
FVYXIJYOAGAUQK,C=CCc1ccc(O)c(-c2ccc(O)c(CC=C)c2)c1,0.455,0.3333,False,True
DMDGGSIALPNSEE,NS(=O)(=O)c1cc2c(cc1C(F)(F)F)NCNS2(=O)=O,0.6537,0.2759,False,False
VPEJMHYFGCNXLM,CCCCCC(=O)O[C@]1(C(C)=O)CC[C@H]2[C@@H]3CC=C4CC(=O)CC[C@]4(C)[C@H]3CC[C@@]21C,0.7751,0.2903,False,False
ROPDWYIWHWKVLI,C=CCc1ccc(Oc2cc(CC=C)ccc2O)cc1,0.3983,0.2885,False,False
KLDXJTOLSGUMSJ,O[C@@H]1CO[C@H]2[C@@H]1OC[C@@H]2O,0.5121,0.1463,False,False
SBUJHOSQTJFQJX,NC[C@H]1O[C@H](O[C@H]2[C@H](O)[C@@H](O[C@H]3O[C@H](CO)[C@@H](O)[C@H](N)[C@H]3O)[C@H](N)C[C@@H]2N)[C@H](O)[C@@H](O)[C@@H]1O,0.5721,0.2278,False,False
LPXOPRGPLUWGKB,C=C1[C@H](O)C[C@@H]2[C@@H]3[C@H](C(C)C)CC[C@@]2(C)[C@@H]13,0.6003,0.2121,False,False
SQECYPINZNWUTE,O[C@H]1[C@H](O)CN2CCCC[C@H]12,0.4457,0.1667,False,False
KQXDGUVSAAQARU,CCCCCC=CCC=CCCCCCCCC(=O)NCCO,0.7474,0.4737,True,True
NFAWEPOBHKEHPO,COc1cc(O)cc(/C=C/c2ccccc2)c1CC=C(C)C,0.3135,0.4808,True,True
KISDGNGREAJPQR,C=CC(C)(CCC=C(C)C)c1ccc2c3c(c[nH]c13)C[C@@H](CO)NC(=O)C(C(C)C)N2C,0.6399,0.191,False,False
VVOAZFWZEDHOOU,C=CCc1ccc(O)c(-c2cc(CC=C)ccc2O)c1,0.34,0.3333,False,True
BUGYDGFZZOZRHP,CC12CC3CC(C)(C1)CC(N)(C3)C2,0.67,0.2203,False,False
NXZZZYUALZNGOO,COC(=O)/C=C/C(C)=C\C=C\C(C)=C\C=C\C=C(C)\C=C\C=O,0.4617,0.1698,False,False
CJCSPKMFHVPWAR,C[C@](N)(Cc1ccc(O)c(O)c1)C(=O)O,0.3388,0.3421,False,True
UEQUQVLFIPOEMF,CN1CCN2c3ccccc3Cc3ccccc3C2C1,0.56,0.2373,False,False
MPHXYQVSOFGNEN,C=C[C@]1(C)CC[C@@H]2C(=C[C@H]3OC(=O)[C@@]4(C)C(=O)CC[C@@]2(C)[C@@H]34)C1,0.6114,0.2237,False,False
ZYEOLMDPAUHXEQ,C#C[C@]1(OC(=O)CCCCCC)CC[C@H]2[C@@H]3CC=C4CC(=O)CCC4[C@H]3CC[C@@]21C,0.7166,0.2653,False,False
QSLYECSTHSYXDL,C=CC(O)C#CC#CCC(O)C(CCCCCCC)OC,0.6485,0.1935,False,False
KTEXNACQROZXEV,C=C1C(=O)O[C@H]2[C@H]1CC/C(C)=C/CC[C@@]1(C)O[C@@H]21,0.775,0.3973,False,True
ZOZIRNMDEZKZHM,O=C(Cc1ccccc1)OCCc1ccccc1,0.3983,0.4419,True,True
TZFQMSDUSOTCJC,CCCOC(=O)C(C)CC,0.3417,0.234,False,False
SYNOVMDJYWJCON,CN=C(C[N+](=O)[O-])NCCSCc1ccc(CN(C)C)o1,0.6129,0.1807,False,False
FTNAQWBISUHBPD,COC(=O)C(Cc1ccc(O)c(O)c1)OC(=O)C=Cc1ccc(O)c(O[C@@H]2O[C@H](CO)[C@@H](O)[C@H](O)[C@H]2O)c1,0.6121,0.3662,False,True
WOULTTPZJDSDEI,C=CC1(C)CCC(C(C)C)C(O)C1C(=C)C,0.5521,0.1974,False,False
RFDAIACWWDREDC,C[C@H](CCC(=O)NCC(=O)O)[C@H]1CC[C@H]2[C@@H]3[C@H](O)C[C@@H]4C[C@H](O)CC[C@]4(C)[C@H]3C[C@H](O)[C@]12C,0.7303,0.2473,False,False
HVFMPBVKLPHTAE,C[C@]12C=CC3=C(CC=C4CC(=O)CCC43)[C@@H]1CC[C@@H]2O,0.7114,0.1765,False,False
JLJAVUZBHSLLJL,COc1ccc([C@H]2O[C@@H](c3ccc(OC)c(OC)c3)[C@@H](C)[C@@H]2C)cc1OC,0.3771,0.3684,False,True
ZSRVBNXAPSQDFY,CC1=C[C@H]2O[C@@H]3C[C@@H](O)[C@](C)([C@@]2(CO)CC1)[C@]31CO1,0.6637,0.1867,False,False
OZXJUTMPBYVTKB,CCCCCCC/C=C\[C@H](O)C#CC#CCCCO,0.6544,0.25,False,False
KKQDNHZABGRCAS,CC1=CC2C3C(=O)C1C3(C)CCCC2(C)C,0.5767,0.1964,False,False
CDEBVTGYVFHDMA,O=C(O)C1O[C@@H](Oc2ccc(/C=C\c3cc(O)cc(O)c3)cc2)[C@H](O)[C@@H](O)[C@@H]1O,0.3958,0.4348,True,True
DAUUEOZZFXEZSR,CCCCCC=CCCCCCC=CCCCC(=O)OC,0.6423,0.3556,False,True
WRVLEDLJKOSANT,Oc1ccc(N(CCCl)CCCl)cc1,0.3453,0.2667,False,False
SUPMFZZCWCKIAQ,C[Si](C)(C)OC(=O)CCCCCCCCC#CC#CCCCCCCCCC(=O)O[Si](C)(C)C,0.58,0.2222,False,False
QKJHNPXSYSFZMJ,C=Cc1ccc(O)c(C)c1,0.319,0.3023,False,True
NHNIESSJWQBRJW,CC1(C)C=Cc2c(cc3oc4c(O)cccc4c(=O)c3c2O)O1,0.6167,0.5152,True,True
DKZBBWMURDFHNE,COc1cc(C=CC=O)ccc1O,0.2417,0.561,True,True
QLTCHMYAEJEXBT,CC(C)(C#N)O[C@@H]1O[C@H](CO)[C@@H](O)[C@H](O)[C@H]1O,0.54,0.2714,False,False
DLRVVLDZNNYCBX,OC[C@H]1O[C@H](OC[C@H]2OC(O)[C@H](O)[C@@H](O)[C@@H]2O)[C@H](O)[C@@H](O)[C@H]1O,0.5454,0.2787,False,False
OPIJRMKRZTVOMM,CC(=O)[C@]1(O)C(C)=C(C)C(=O)[C@@]12CC[C@H](CCC[C@H](C)CCC[C@H](C)CCCC(C)C)O2,0.6701,0.2133,False,False
MYOFXGTWVTUXOD,OC[C@H](O)c1oc(O)c(O[C@H]2O[C@H](CO)[C@@H](O)[C@H](O)[C@H]2O)c1O,0.6537,0.3108,False,True
BQJODPIMMWWMFC,CCN(CC)C(=O)c1ccc(O)c(OC)c1,0.4487,0.4103,True,True
DUAGQYUORDTXOR,C=C[C@@H]1C2=CCOC(=O)C2=CO[C@H]1O[C@@H]1O[C@H](CO)[C@@H](O)[C@H](O)[C@H]1O,0.585,0.2771,False,False
KGHSLXLLBHRMML,CO[C@H]1OC(OC(=O)c2cc(O)c(O)c(O)c2)[C@H](O)[C@@H](O)[C@@H]1O,0.4867,0.3488,False,True
KWMLJOLKUYYJFJ,O=C(O)C(O)C(O)C(O)C(O)C(O)CO,0.47,0.1875,False,False
LELOWRISYMNNSU,C#N,0.435,0.0417,False,False
WGCNASOHLSPBMP,O=CCO,0.315,0.1935,False,False
HUOOMAOYXQFIDQ,COc1ccc(-c2cc(=O)c3c(O)cc(O)c(-c4cc(-c5cc(=O)c6c(O)cc(O)cc6o5)ccc4OC)c3o2)cc1,0.5183,0.4516,True,True
WEWBWVMTOYUPHH,CC[C@](C)(C#N)O[C@@H]1O[C@H](CO)[C@@H](O)[C@H](O)[C@H]1O,0.525,0.2958,False,False
NXEUEKXJAAVKCT,COC(=O)C1=CCCN(N=O)C1,0.42,0.2222,False,False
HTNUCKDQVIZWMJ,C=C(CC[C@@H](C)[C@H]1CC[C@@]2(C)[C@@H]3CC[C@H]4C(C)(C)C(=O)CC[C@@]45C[C@@]35CC[C@]12C)C(C)C(=O)O,0.6692,0.3951,False,True
FCQSIIVNJCMJLB,C=C(CC[C@@H](C)[C@H]1CC[C@@]2(C)[C@@H]3CC[C@H]4C(C)(C)[C@@H](O)CC[C@@]45C[C@@]35CC[C@]12C)C(C)C(=O)O,0.6856,0.4231,True,True
NIRMOOCHGJGPKG,C=CC1(C)CC=C2C(CCC3C(C)(C)CCCC23C)C1,0.6653,0.3226,False,True
USKZHEQYENVSMH,C=C/C=C/C=C/C,0.5419,0.093,False,False
HGFAGNRYCRACAH,CC(=O)C=CC=C(C)CC/C=C(\C)CCC=C(C)C,0.6188,0.4,True,True
IEPWIPZLLIOZLU,CC/C=C\CCOC(=O)c1ccccc1O,0.566,0.3585,False,True
YWWVWXASSLXJHU,CCCC/C=C\CCCCCCCC(=O)O,0.5699,0.3261,False,True
CSNIZNHTOVFARY,c1ccc2sncc2c1,0.4683,0.2647,False,False
YRKCREAYFQTBPV,CC(=O)CC(C)=O,0.3817,0.2258,False,False
DFXVSSDSXIHULO,COc1c(C)oc(C)c1O,0.4083,0.3333,False,True
OJVAMHKKJGICOG,CC(=O)CCC(C)=O,0.3117,0.1795,False,False
VHTFHZGAMYUZEP,CC1=C(CC=O)C(C)(C)CCC1,0.6633,0.2273,False,False
IQUPABOKLQSFBK,O=[N+]([O-])c1ccccc1O,0.3617,0.4286,True,True
LYGMPIZYNJGJKP,CCCCC/C=C(\C=O)CCCC,0.7083,0.2368,False,False
XSJVWZAETSBXKU,CCOC(C)C,0.3033,0.2353,False,False
KVMWYGAYARXPOL,C/C=C(\C)C(=O)OCCc1ccccc1,0.233,0.4348,True,True
CPLJMYOQYRCCBY,CCCc1ccco1,0.4667,0.3111,False,True
MXLMTQWGSQIYOW,CC(C)C(C)O,0.2983,0.1667,False,False
HCFAJYNVAYBARA,CCCC(=O)CCC,0.32,0.2195,False,False
KBHWKXNXTURZCD,CCCc1ccc(OC)cc1,0.3638,0.3889,False,True
DOUAMAQITOOBGB,CCCCCCCCC=CCCCCCC(=O)OCC,0.6345,0.3191,False,True
WGPCZPLRVAWXPW,CCCCCCCCC1CCC(=O)O1,0.5101,0.225,False,False
MPYYVGIJHREDBO,CC(C)CC(=O)O[C@@H]1C[C@@H]2CC[C@@]1(C)C2(C)C,0.6303,0.2405,False,False
WCASXYBKJHWFMY,C/C=C/CO,0.4017,0.1316,False,False
RWGFKTVRMDUZSP,CC(C)c1ccccc1,0.35,0.3704,False,True
ZZPSOALECBMAMW,C=C(C)C1CCC2CCC=C(C)C2(C)C1,0.6333,0.2931,False,False
ICMAFTSLXCXHRK,CCCCC(=O)OCC,0.4072,0.2667,False,False
ILPBINAXDRFYPL,CC=CCCCCC,0.5633,0.3077,False,True
RCSBILYQLVXLJG,C=CCOC(=O)CCCCC,0.4512,0.2609,False,False
ZCDYAMJXVAUTIM,C=CCOC(=O)Cc1ccccc1,0.4204,0.3261,False,True
HVJKZICIMIWFCP,CC(C)CC(=O)OCc1ccccc1,0.18,0.4565,True,True
YZJCDVRXBOPXSQ,CCCCC(=O)OCc1ccccc1,0.3434,0.4419,True,True
GWCTUKHUBWMAMI,C/C=C/C(=O)OCCCC,0.3017,0.25,False,False
ZRNCNTSXSYXHOW,CCCCCCCCCC(=O)OCCCC,0.4948,0.3051,False,True
NMJJFJNHVMGPGM,CCCCOC=O,0.3633,0.2273,False,False
RPRPDTXKGSIXMD,CCCCCC(=O)OCCCC,0.4209,0.2931,False,False
JSLCOZYBKYHZNL,CCCCOC(=O)C(C)C,0.33,0.2667,False,False
PSXNDMJWRZYVTM,CCCCCCCC(=O)OCCCC,0.4948,0.3051,False,True
DHAZIUXMHRHVMP,CCCCCCCCCCCCCC(=O)OCCCC,0.4948,0.3051,False,True
JHIVVAPYMSGYDF,O=C1CCCCC1,0.3954,0.1842,False,False
YYLLIJHXUHJATK,CC(=O)OC1CCCCC1,0.3774,0.2727,False,False
HGOZECVJNYXKMC,CCCCCCCCCCOC(=O)C(C)C,0.4388,0.3158,False,True
XYIBRDXRRQCHLP,CCOC(=O)CC(C)=O,0.58,0.2727,False,False
SUPCQIBBMFXVTL,C=C(C)C(=O)OCC,0.3217,0.2449,False,False
OZZYKXXGCOLLLO,CC=CC=CC(=O)OCC,0.3567,0.3191,False,True
OAPHLAAOJMTMLY,C/C=C(\C)C(=O)OCC,0.3663,0.2917,False,False
QJYYMNOTJXIOBP,CCCCCCCCCCCCC(=O)OCC,0.5019,0.2791,False,False
IAFQYUQIAOWKSB,CCCCCCCCCCC(=O)OCC,0.5019,0.2791,False,False
SZFOMJOELAAHAF,CCCCCCCCCCCC(=O)OCC(C)C,0.5531,0.2553,False,False
RJASFPFZACBKBE,CC(C)COC(=O)Cc1ccccc1,0.45,0.3673,False,True
VVQNEPGJFQJSBK,C=C(C)C(=O)OC,0.3833,0.1905,False,False
XPQPWPZFBULGKT,CCCCCCCCCCC(=O)OC,0.5186,0.2889,False,False
BTFQKIATRPGRBS,Cc1ccccc1C=O,0.3117,0.325,False,True
OBPSVGGPPYBVQV,CO[C@@]1(NC(=O)Cc2cccs2)C(=O)N2C(C(=O)O)=C(CONC(=O)OCC3=C(C(=O)O)N4C(=O)[C@](NC(=O)Cc5cccs5)(OC)[C@H]4SC3)CS[C@@H]21,0.7086,0.225,False,False
CDJJKTLOZJAGIZ,CC(=O)Oc1ccc(C)cc1,0.2,0.4103,True,True
UYGGIIOLYXRSQY,CCCCCOC(=O)C(C)C,0.3738,0.2982,False,False
HUAZGNHGCJGYNP,CCCOC(=O)CCC,0.2817,0.2778,False,False
BTAXGNQLYFDKEF,CCCCCCCCCCCCCCCCCC(=O)OCCC,0.4808,0.2941,False,False
KCGGZBGJNHLAAM,CCC#CCCCCCCCCOC(=O)c1cccnc1,0.5831,0.3158,False,True
VCWMRQDBPZKXKG,OC[C@H]1O[C@H](OC2[C@H](O)[C@H](O)C(O)[C@H](O)[C@H]2O)[C@H](O)[C@@H](O)[C@H]1O,0.5304,0.2812,False,False
RGHNJXZEOKUKBD,O=C(O)C(O)C(O)C(O)C(O)CO,0.455,0.1915,False,False
ZEJXENDZTYVXDP,C[C@@H]1O[C@@H](O[C@H]2[C@H](Oc3cc(O)c4c(=O)c(O)c(-c5ccc(O)cc5)oc4c3)O[C@H](CO)[C@@H](O)[C@@H]2O)[C@H](O)[C@H](O)[C@H]1O,0.5803,0.3571,False,True
JHEDYGILOIBOTL,CC[C@H](C)[C@H](N)CC(=O)O,0.3983,0.3784,False,True
MLYMSIKVLAPCAK,CC(C)C[C@H](N)CC(=O)O,0.4133,0.3514,False,True
FFDGPVCHZBVARC,CN(C)CC(=O)O,0.31,0.1892,False,False
SNDPXSYFESPGGJ,CCCC(N)C(=O)O,0.455,0.3333,False,True
ZJUKTBDSGOFHSH,Nc1ncnc2c1ncn2[C@@H]1O[C@H](CSCCC(N)C(=O)O)[C@@H](O)[C@H]1O,0.5967,0.1778,False,False
RKHQLCNACMCZQU,COc1cc(C=CC(=O)OC[C@H]2O[C@@H](Oc3c(-c4ccc(O)cc4)oc4cc(O)cc(O)c4c3=O)[C@H](O)[C@@H](O)[C@@H]2O)ccc1O,0.6583,0.4819,True,True
ULGZDMOVFRHVEP,CC[C@@H]1OC(=O)C(C)[C@H](O[C@H]2C[C@@](C)(OC)[C@@H](O)[C@H](C)O2)[C@@H](C)[C@H](O[C@@H]2O[C@H](C)C[C@H](N(C)C)[C@H]2O)[C@@](C)(O)CC(C)C(=O)C(C)[C@@H](O)C1(C)O,0.5879,0.1979,False,False
WGAUMWNVHAMGJF,CC=CC=C(C)C(C)=CC,0.3842,0.1212,False,False
DTJWTKVKHOJHJK,COc1cc(C=CC(=O)O[C@@H]2C[C@@](O)(C(=O)O)C[C@@H](O)[C@@H]2O)cc(OC)c1O,0.424,0.3016,False,True
UFWIBUBEFUNVNI,C=CCC(C)C(C)C,0.375,0.1818,False,False
XJNPNXSISMKQEX,O=[N+]([O-])c1ccc(O)c(O)c1,0.5267,0.4848,True,True
SNUYYOZIHXZPOM,CC1OC(OC2C(OC(=O)C34CCC(C)(C)CC3C3=CCC5C6(C)CCC(OC7OC(CO)C(O)C(O)C7OC7OC(CO)C(O)C(O)C7O)C(C)(C)C6CCC5(C)C3(C)CC4)OCC(O)C2O)C(O)C(O)C1OC1OCC(O)C(O)C1O,0.8989,0.6429,True,True
LGEQQWMQCRIYKG,CCCCC/C=C\C/C=C\C/C=C\C/C=C\CCCC(=O)NCCO,0.6966,0.5091,True,True
VRUITRJTRVWMKN,O=C(O)C1CC(=O)C(O)C(=O)C1,0.2471,0.2222,False,False
WSFSSNUMVMOOMR,C=O,0.34,0.0606,False,False
JXNRXNCCROJZFB,N=C(N)NCCCC(NC(=O)C(N)Cc1ccc(O)cc1)C(=O)O,0.5711,0.3134,False,True
JYTUSYBCFIZPBE,O=C(O)C(O)C(O)C(O[C@@H]1O[C@H](CO)[C@H](O)[C@H](O)[C@H]1O)[C@H](O)CO,0.609,0.2338,False,False
YMDXZJFXQJVXBF,C[C@@H]1O[C@@H]1P(=O)(O)O,0.4433,0.1458,False,False
AERBNCYCJBRYDG,CCCCCCCCCCCCCC[C@@H](O)[C@@H](O)[C@@H](N)CO,0.6304,0.2368,False,False
NGFMICBWJRZIBI,OCc1ccccc1O[C@@H]1O[C@H](CO)[C@@H](O)[C@H](O)[C@H]1O,0.7017,0.3582,False,True
BZLKOORCGCYQJZ,CCCCCCCCCCCCCCCCOCC(C)(O)COP(=O)([O-])OCC[N+](C)(C)C,0.6486,0.2237,False,False
PYPKJBUJNZMSTH,COc1cc(-c2cc(=O)c3c(O)c(OC)c(OC4OC(COC5OC(C)C(O)C(O)C5O)C(O)C(O)C4O)cc3o2)ccc1O,0.5833,0.375,False,True
OXTGLFRGBDFBHI,COc1ccc(-c2cc(=O)c3c(O)c(C4O[C@H](CO)[C@@H](O)[C@H](O)[C@H]4OC4O[C@H](C)[C@@H](O)[C@H](O)[C@@H]4O)c(OC)cc3o2)cc1,0.525,0.32,False,True
QLOUGKRWTZAXFE,COc1cc2oc(-c3ccc(O[C@@H]4O[C@H](CO)[C@@H](O)[C@H](O)[C@H]4O)cc3)cc(=O)c2c(O)c1[C@@H]1O[C@H](CO)[C@@H](O)[C@H](O)[C@H]1O,0.5637,0.3382,False,True
XNLFHCPVTULKIV,Cc1ccc(/C=C/C(=O)c2ccccc2)cc1,0.6669,0.5217,True,True
XBUXARJOYUQNTC,CCCCCCC(O)CC(=O)O,0.5958,0.25,False,False
IDGOUUWCFVZDEL,CC1C2CCC3C2C(C)(C)C(=O)CCC13C,0.5747,0.2097,False,False
IKPYGNYNWRCKKG,NC[C@H]1O[C@H](CO)[C@@H](O)[C@@H]1O,0.4838,0.2075,False,False
ZIFQLQDJEONIQN,CCCCCCCCCCCCCC(=O)c1c(O)ccc2ccccc12,0.5417,0.3208,False,True
OFUTUOXRVNXZST,CCCCCCCCCCCCCCCCCCCCCCCCCCCCCCC(=O)CCCO,0.5522,0.2727,False,False
GFIMPQUXRWWOQN,C=CCC#CCCCCCCCCCCCCCO,0.6528,0.1731,False,False
JRSOAPYTPOYVTE,c1ccc2c(c1)CCC1C(c3c[nH]cn3)C21,0.4239,0.2239,False,False
RYFFZJHGQCKWMV,C[C@]12CCC[C@H](O1)c1c(cc3c(c1O)C(=O)c1c(O)cc(O)cc1C3=O)O2,0.5775,0.2439,False,False
YLFGEPBBGSTEMX,O=C(CCCCCCCCCCc1ccccc1)C1C(=O)CCCC1=O,0.2507,0.3019,False,True
HBYYJMBYOWLUGQ,C=c1cc(O)c2c(O)c3c(O)c(=CC=C(C)C)c(O)cc3c(O)c2c1,0.5017,0.1833,False,False
WOYWLLHHWAMFCB,CCCCC(CC)COC(C)=O,0.4817,0.2727,False,False
VLWNQJCOTZJFAE,CCCCCCCC(O)CCCCCCCCCCCCCCCCCCCCC(=O)CCCCCC,0.6156,0.2553,False,False
RJRKSJOZHKLGBL,CCCCCCCCCCCC#CCC#CCC(=O)O,0.7537,0.3265,False,True
FYVQCLGZFXHEGL,O=C(O)CCCCCCCCC(O)CC(=O)O,0.5504,0.2609,False,False
WUQYQRGBUVKLJX,CCC=CC#CCCCCCCCC,0.6213,0.24,False,False
HTLFNPZXCRJHSI,CC(CCCCCCCCCCC(=O)O)CC(=O)O,0.6154,0.2826,False,False
WWIDOFKGVGTPPX,CCCCCCC1CCS(=O)(=O)C1,0.5557,0.2,False,False
BABVRDSPAFLGCN,CCCCCCCC(O)CCCCCCCCCCCCCCCCCCCCCCCC(C)CC,0.6518,0.2571,False,False
QGZOSDDYSABQFX,CCC[C@H](O)CCCCCCC[C@H](O)CCC(=O)O,0.6104,0.2245,False,False
CBWZQKMGWFWYMF,CC(CCCCCCCCC(=O)O)CCC(=O)O,0.617,0.2889,False,False
VLXAAWWRNZZBLC,COc1ccc2c(c1)OC(c1ccccc1)C(=O)C2O,0.472,0.3333,False,True
ZPTBLXKRQACLCR,O=C1CCN([C@@H]2O[C@H](CO)[C@@H](O)[C@H]2O)C(=O)N1,0.4693,0.2203,False,False
VNFDCRBHQWTOIT,CCCCCCCCCCCCCCCCCCCCCCCCCC(CCCC)OC(C)=O,0.6014,0.3182,False,True
HBCNXZPHAHVHRK,CC(CCCCCCCCCCC(=O)O)CCCC(=O)O,0.602,0.2955,False,False
LNARMXLVVGHCRP,O=C(O)c1c(F)cccc1C(F)(F)F,0.6171,0.4318,True,True
XZQLSABETMKIGG,COc1ccc2oc(-c3ccccc3)cc(=O)c2c1,0.3217,0.449,True,True
WOGFTQKWQRUBTE,CCCCCCCCCCCCCCCCCCCCCCCCC[C@H](O)CCCCC(C)=O,0.6154,0.2609,False,False
FAFSAZIEJFMBBY,CC/C=C\C/C=C\C/C=C\CCCCCCC(=O)O,0.6007,0.2917,False,False
CCMWYZQSEJEAEY,CC1(C)CCCC2(O)C(C)(C)C3CCC12C3,0.505,0.2093,False,False
CWRYPZZKDGJXCA,c1cc2c3c(cccc3c1)CC2,0.412,0.2195,False,False
RDHQFKQIGNGIED,CC(=O)O[C@H](CC(=O)[O-])C[N+](C)(C)C,0.6139,0.2264,False,False
CMYCOPZFTSZSSE,COC(=O)/C=C1\CCC2C(C(=O)CC3C(C)(C)C(O)CCC23C)C1C,0.5752,0.2432,False,False
TWSRVQVEYJNFKQ,CCCCCOC(=O)CC,0.3907,0.2982,False,False
MDOGDGROQQKRBK,N[C@H](CC(=O)O)c1cccc(=O)[nH]1,0.3859,0.32,False,True
BTPCENBVHBOHRK,COc1ccc(CCCc2ccc(OC)c(OC)c2)cc1OC,0.4337,0.4,True,True
NWVNXDKZIQLBNM,c1ccc(C(c2ccccc2)N2CCNCC2)cc1,0.3933,0.34,False,True
VCECLBDDLTXHHP,C=C1CCC[C@H](C)C2CC(C(C)(C)O)CC12,0.4311,0.2,False,False
KORNTPPJEAJQIU,C=CCN1CC(C(=O)N(CCCN(C)C)C(=O)NCC)C[C@@H]2c3cccc4[nH]cc(c34)C[C@H]21,0.6167,0.1923,False,False
PLEXAABBVJNISH,CC(=O)OC[C@H]1O[C@@H](Oc2cc(OC(C)=O)c3c(=O)cc(-c4ccc(OC(C)=O)cc4)oc3c2)[C@H](OC(C)=O)[C@@H](OC(C)=O)[C@@H]1OC(C)=O,0.6287,0.3108,False,True
HLTPNRJKQZHZSL,CC1CCC(C2CCC(C)(C#CC#CC3CC(C4CCC(C)CC4)CCC3C)CC2)CC1,0.6167,0.1509,False,False
HVKCEFHNSNZIHO,CNCC/C=C1/c2ccccc2COc2ccccc21,0.4674,0.2419,False,False
INUNXTSAACVKJS,C[C@H](CN1CCOCC1)C(C(=O)N1CCCC1)(c1ccccc1)c1ccccc1,0.4183,0.3077,False,True
SEALOBQTUQIVGU,CC(C)C1C(=O)N2CCC[C@H]2[C@]2(O)O[C@](NC(=O)C3C[C@@H]4c5cccc6[nH]cc(c56)C[C@H]4N(C)C3)(C(C)C)C(=O)N12,0.6482,0.1913,False,False
INDUNANCUDNZJY,COC(=O)C[C@H]1C(C)(C)[C@@H](OC(C)=O)C2CC3C4CC(=O)O[C@@H](c5ccoc5)[C@]4(C)CCC3[C@@]1(C)C2=O,0.7791,0.2258,False,False
MPOOSISOPZQAFT,Nc1nc(=O)c2c([nH]1)N=CC(CNc1ccc(C(=O)O)cc1)N2,0.5633,0.2267,False,False
OZAJLXWKZVWFJS,CCCCCCCCCCCCCCCCCCCC=CC(=O)OC,0.6351,0.3636,False,True
VIPXLQMQEIDXMH,CC(C)(OC(=O)c1ccccc1)[C@@H]1Cc2cc3ccc(=O)oc3cc2O1,0.5571,0.2805,False,False
MIOPJNTWMNEORI,CC1(C)C2CCC1(CS(=O)(=O)O)C(=O)C2,0.6292,0.2034,False,False
ALOBUEHUHMBRLE,CCCCCCCN(CC)CCCC(O)c1ccc(NS(C)(=O)=O)cc1,0.5634,0.4364,True,True
XAOGXQMKWQFZEM,CCC(=O)OCCC(C)C,0.4583,0.2292,False,False
CFEOXVWJRPHLSF,C=CC(C)(CCC1C(=C)CC(OC(C)=O)C2C(C)(C)CCCC12C)OC(C)=O,0.68,0.2278,False,False
MFWAONAGQVIAJO,C=CC(C)(O)CC(OC(C)=O)[C@]1(C)C2=C([C@H](OC(C)=O)C[C@@H]1C)[C@@](C)(COC(C)=O)C(=O)CC2,0.6453,0.25,False,False
QIFOGQJGAIFKAU,C=CC(C)(O)CC(O)[C@]1(C)C2=C([C@H](OC(C)=O)C[C@@H]1C)[C@@](C)(COC(C)=O)C(=O)CC2,0.6503,0.253,False,False
IJHQXIGMGPMLPO,C=C[C@]1(C)C=C2C(=O)C[C@H]3C(C)(C)[C@@H](O[C@@H]4O[C@H](CO)[C@@H](O)[C@H](O)[C@H]4O[C@@H]4O[C@H](CO[C@@H]5O[C@H](CO)[C@@H](O)[C@H](O)[C@H]5O)[C@@H](O)[C@H](O)[C@H]4O)CC[C@]3(C)[C@H]2CC1,0.6747,0.3592,False,True
JPLVFJHIDXDOIR,C=C[C@]1(C)C=C2C(=O)C[C@H]3C(C)(C)[C@@H](O[C@@H]4O[C@H](CO)[C@@H](O)[C@H](O)[C@H]4O[C@@H]4O[C@H](CO)[C@@H](O)[C@H](O)[C@H]4O)CC[C@]3(C)[C@H]2CC1,0.6697,0.3169,False,True
DYQUUDTVSYFIFR,C=C[C@]1(C)C=C2C(=O)C[C@H]3C(C)(C)[C@@H](O[C@@H]4O[C@H](CO[C@@H]5O[C@H](CO)[C@@H](O)[C@H](O)[C@H]5O)[C@@H](O)[C@H](O)[C@H]4O[C@@H]4O[C@@H](C)[C@H](O)[C@@H](O)[C@H]4O)CC[C@]3(C)[C@H]2CC1,0.6847,0.3944,False,True
YEESKJGWJFYOOK,CCCCC/C=C\C\C=C/C=C/C=C/[C@@H](SCC(N)C(=O)NCC(=O)O)[C@@H](O)CCCC(=O)O,0.6294,0.2619,False,False
LMTCOHBUAXZDPT,C=C[C@]1(C)C=C2C(=O)C[C@@]3(C)C(C)(C)[C@@H](O[C@@H]4O[C@H](CO)[C@@H](O)[C@H](O)[C@H]4O[C@@H]4O[C@@H](C)[C@H](O)[C@@H](O)[C@H]4O)CC[C@]3(C)[C@H]2CC1,0.7839,0.3151,False,True
ADFOLUXMYYCTRR,COc1cc(C[C@@H](C)[C@@H](C)Cc2ccc(O)c(OC)c2)ccc1O,0.3354,0.4048,True,True
PWKSKIMOESPYIA,CC(=O)NC(CS)C(=O)O,0.355,0.3488,False,True
FQUVPTVNRMUOPO,CCCCC/C=C\C/C=C\C/C=C\C/C=C\CCCC(=O)NC(CO)C(=O)O,0.5721,0.4032,True,True
MQTAVJHICJWXBR,CC(=O)NCCCNCCCCN,0.5346,0.2909,False,False
GMXMKSFJQLFOSO,COc1cc([C@H]2O[C@@H](c3ccc(O)c(OC)c3)[C@H](C)[C@@H]2C)ccc1O,0.2638,0.3864,False,True
CBSLKUWWDZLDSO,CCCCCCCCCCCOC(=O)c1ccccc1C(=O)OC(C)CCC,0.5964,0.3818,False,True
QZBUWPVZSXDWSB,O=C1NC(Cc2ccccc2)C(=O)N2CCCC12,0.4526,0.2727,False,False
YVRQRTVYFHIYAE,CCCOc1ccc2c(c1)C(C)=CC(C)(C)N2,0.4833,0.25,False,False
HEOQEWRIMCDLFB,c1ccc2c(c1)OCC21CCNCC1,0.5817,0.2143,False,False
INUKLMSJDZBXBV,C/C=C(\C)C(=O)O[C@@H]1C2=CC3[C@@H]4CC(=O)O[C@@H](c5ccoc5)[C@]4(C)CC[C@@H]3[C@@](C)(C2=O)C(C(O)C(=O)OC)C1(C)C,0.7363,0.2018,False,False
JLNJUKBAHGGNLB,CC(C)C1(O)CCC2(C)OC2C1,0.5286,0.2031,False,False
DSNBHJFQCNUKMA,CCCCC[C@H](O)/C=C/[C@H]1O[C@H]2C[C@H](O2)[C@@H]1C/C=C\CCCC(=O)O,0.6471,0.2073,False,False
JTVPZMFULRWINT,CCN(CC)CCNC(=O)c1cc(S(C)(=O)=O)ccc1OC,0.6242,0.3333,False,True
JLRGJRBPOGGCBT,CCCCNC(=O)NS(=O)(=O)c1ccc(C)cc1,0.5722,0.4545,True,True
ZUJJNQJNBRWNQH,C[C@@H]1CCS[C@@H](C)C1,0.4817,0.125,False,False
RZGFUGXQKMEMOO,O=C(O)C[C@H]1CCC(=O)C1C/C=C\CCO,0.464,0.2281,False,False
DPURCQCAESWWEL,CCCCCc1ccc(OC(=O)C2CCC(C3CCC(CCCCC)CC3)CC2)cc1,0.5432,0.3617,False,True
DGUBZDXYXXUHTJ,COc1ccc(/C=C/C(=O)c2c(O)cc(O)cc2O)cc1,0.3953,0.5833,True,True
AONTYURQWYQJNQ,O=C(CCc1ccc(O)c(O)c1)c1c(O)cc(O)cc1O[C@@H]1O[C@H](CO)[C@@H](O)[C@H](O)[C@H]1O,0.6262,0.3333,False,True
AVOLBYOSCILFLL,CCCCOC(=O)c1ccccc1C(=O)OCC(CC)CCCC,0.4767,0.3636,False,True
BGVXBZXEFXMRGJ,CC(C)=CCC/C(C)=C/CC/C(C)=C/CC/C(C)=C/CC/C=C(\C)CC/C=C(\C)CC/C=C(\C)CCC=C(C)C,0.5538,0.3947,False,True
AHOPFKRXJRLLGF,C[C@@H]1O[C@@H](Oc2c(-c3cc(O)c(O)c(O)c3)oc3cc(O)cc(O)c3c2=O)[C@H](O)[C@H](OC(=O)c2cc(O)c(O)c(O)c2)[C@H]1O,0.7167,0.6269,True,True
KTTNFIOZYNBKEY,C[C@@H]1O[C@@H](Oc2c(-c3ccc(O)c(O)c3)oc3cc(O)cc(O)c3c2=O)[C@H](OC(=O)c2cc(O)c(O)c(O)c2)[C@H](O)[C@H]1O,0.655,0.5405,True,True
AFPLNGZPBSKHHQ,CC(C)=CCC/C(C)=C/CC/C(C)=C/CC/C(C)=C/CC/C(C)=C/CC/C(C)=C/CC/C(C)=C/CC/C(C)=C/CC/C(C)=C/CO,0.6238,0.3659,False,True
AGLXQYZVKCLGAC,O=C1NCCC(Cl)C1O,0.4788,0.16,False,False
QNMANLUEFQNQCX,COc1cc(C(=O)CO)ccc1O,0.2917,0.4444,True,True
RSZMBXPFRIQCNC,COC1=CCC(C=CC(=O)O)C=C1,0.3949,0.25,False,False
JZKMBVWUJRPNND,COC(=O)C(c1ccccc1)C1CCCC(=O)N1,0.3439,0.3462,False,True
NYAPVWGUAUDHRY,COc1cc([C@H]2Oc3c(OC)cc(CCCO)cc3[C@@H]2CO)ccc1O[C@@H]1O[C@H](CO)[C@@H](O)[C@H](O)[C@H]1O,0.7037,0.3412,False,True
FOGJPHRWJKZCAO,CC/C=C(C)/C=C(\C)CO,0.4633,0.1852,False,False
JYGLAHSAISAEAL,O=C1c2ccccc2C(=O)C1C(=O)C(c1ccccc1)c1ccccc1,0.1822,0.2895,False,False
QDAWXRKTSATEOP,CC(=O)c1ccccc1C(=O)O,0.395,0.4118,True,True
LUZDYPLAQQGJEA,COc1ccc2ccccc2c1,0.3133,0.4722,True,True
BANXPJUEBPWEOT,CCCCCCCCCCCCCC(C)C,0.6251,0.2759,False,False
CNZJAOOYWYLTEC,COC1=C(C)C(=O)c2ccccc2C1=O,0.1917,0.3095,False,True
JZAJARGAUOHFCU,COC(=O)c1cc2ccccc2oc1=O,0.555,0.4706,True,True
ZGHORMOOTZTQFL,COc1ccc(-c2cc(=O)c3ccccc3o2)cc1OC,0.535,0.4035,True,True
PHVVIHXXDVAMST,O=C1C(O)c2ccc(O)cc2OC1c1ccc(O)c(O)c1,0.3947,0.3462,False,True
WPRAXAOJIODQJR,CC(=O)c1ccc(C)c(C)c1,0.4053,0.3,False,True
JVFLSPNYBLXFGP,CCCC1C=C(C)CC(=O)C1,0.4333,0.1833,False,False
WCKBQFLODIPXFJ,COC(=O)C1C(=N)C(=O)c2ccccc2C1=O,0.2867,0.2807,False,False
MQGPSCMMNJKMHQ,O=c1cc(-c2ccccc2)oc2cc(O)ccc12,0.38,0.4468,True,True
DOULCNARLLYYGX,CC1=C(CCC(C)O)C(C)(C)CC(=O)C1,0.7093,0.2131,False,False
NLZCOTZRUWYPTP,COc1ccc(-c2cc(=O)c3c(O)cc(O[C@@H]4O[C@H](CO)[C@@H](O)[C@H](O)[C@H]4O)cc3o2)cc1,0.622,0.4217,True,True
GTNBYGORCDLAFG,COc1ccc(CC[C@H]2Cc3cc(O[C@@H]4O[C@H](CO)[C@@H](O)[C@H](O)[C@H]4O)cc(O)c3C(=O)O2)cc1,0.6133,0.3721,False,True
ZFPMFULXUJZHFG,O=c1cc(-c2ccc(O)cc2)oc2cc(O)cc(O[C@@H]3O[C@H](CO)[C@@H](O)[C@H](O)[C@H]3O)c12,0.5653,0.3896,False,True
NTDLXWMIWOECHG,O=c1cc(-c2ccc(O)cc2)oc2cc(O[C@@H]3O[C@H](CO)[C@@H](O)[C@H](O)[C@H]3O[C@@H]3OC[C@](O)(CO)[C@H]3O)cc(O)c12,0.592,0.3226,False,True
ILOABSZOHZMWLD,CCCCCCCCCCCC(CC)c1ccccc1,0.5949,0.3243,False,True
YHJBCRBYDBNEIK,CCCCCCCCCC(C)c1ccccc1,0.5382,0.3333,False,True
DJBMUKYGNBBQBO,Cc1ccc([C@@H](C)NC(=O)c2cc(OC[C@@H]3CCOC3)cc(-c3ncc(C)s3)c2)nn1,0.7083,0.2252,False,False
CFWLJMABGDDYCA,COC(=O)c1cc(=O)oc2ccccc12,0.2733,0.4808,True,True
AWXQCKPVCRTEHJ,O=c1ccc2ccc(O[C@@H]3O[C@H](CO)[C@@H](O)[C@H](O)[C@H]3O)c(O[C@@H]3O[C@H](CO)[C@@H](O)[C@H](O)[C@H]3O)c2o1,0.4891,0.3134,False,True
WYIIRKFHBPIFQZ,COc1cc2cc(Oc3ccc4ccc(=O)oc4c3)c(=O)oc2cc1O[C@@H]1O[C@H](CO)[C@@H](O)[C@H](O)[C@H]1O,0.6467,0.3111,False,True
VRPRIAVYSREHAN,CCCCCCCCCCC(C)c1ccccc1,0.5382,0.3333,False,True
BXNJHAXVSOCGBA,COc1ccc2c(c1)[nH]c1c(C)nccc12,0.6267,0.4211,True,True
ZNUAKACHFYTNFX,C=C(CO)[C@@H]1CC[C@]2(C)CC[C@]3(C)[C@H](CC[C@@H]4[C@@]5(C)CC[C@H](O)C(C)(C)[C@@H]5CC[C@]43C)[C@@H]12,0.755,0.2472,False,False
ZMOIGGHUSNHCAB,CC1=CC(=O)c2cccc(O)c2C1=O,0.4567,0.2745,False,False
UJPPXNXOEVDSRW,CCCCCCCCCCCC(=O)OC(C)C,0.5582,0.2667,False,False
CMLYGGFIXXLYQT,CC(C)C1CCC(C)(O)CC1,0.5736,0.1765,False,False
HBLWMMBFOKSEKW,O=C(O)C1O[C@@H](Oc2c(O)cc3oc(-c4ccc(O)cc4)cc(=O)c3c2O)[C@H](O)[C@@H](O)[C@@H]1O,0.5537,0.5373,True,True
ZLGYDHODHCRHMW,CC(=O)c1c(O)cc(O)c(O)c1O[C@@H]1O[C@H](CO)[C@@H](O)[C@H](O)[C@H]1O,0.7153,0.3333,False,True
BBTIMXAYZRWPNG,CC[C@H](CC[C@@H](C)[C@H]1CC[C@H]2[C@@H]3CCC4=C[C@@H](O)CC[C@]4(C)[C@H]3CC[C@]12C)C(C)C,0.6789,0.1828,False,False
CCXJATSVHGYCBE,COc1cccc2c(O)c3oc4c(cc-3c(=O)c12)C(=O)c1ccccc1C4=O,0.5017,0.3273,False,True
MFKUFDGNYITGPN,OC[C@H]1O[C@@H](Oc2cc(O)c(O[C@@H]3O[C@H](CO)[C@@H](O)[C@H](O)[C@H]3O)c3ccccc23)[C@H](O)[C@@H](O)[C@@H]1O,0.647,0.3662,False,True
DTWUHAOZSGPUHQ,COc1cc2c(cc1O)C(CO)[C@@H](c1ccc(CCCO)c(OC)c1)O2,0.5287,0.2917,False,False
SLLMHUNWRZOHCM,CC(=O)O[C@@H]1C[C@]2(C)[C@H]3CC=C4[C@@H]5CC(C)(C)CC[C@]5(C(=O)O)CC[C@@]4(C)[C@]3(C)CC[C@H]2C(C)(C)[C@H]1O,0.8267,0.6615,True,True
APFPLZLTXJYXMM,CC1(C)CC[C@]2(C(=O)O)CC[C@]3(C)C(=CC[C@@H]4[C@@]5(C)CC[C@H](O)[C@](C)(COC(=O)C=Cc6ccc(O)cc6)[C@@H]5CC[C@]43C)[C@@H]2C1,0.7467,0.5375,True,True
LDTDRTSKWGQBAA,O=c1cc(-c2ccc(O)c(O)c2)oc2cc(OC3O[C@H](CO[C@H]4O[C@@H](CO)[C@@H](O)C(O)[C@@H]4O)[C@@H](O)[C@H](O)[C@H]3O)cc(O)c12,0.6553,0.3529,False,True
FBXWCEKQCVOOLT,CCCCCCCCC1CCCCC1,0.4948,0.3077,False,True
FRGDXZRZDAJTOU,CCC(C)CCCCCCCCCCCC(=O)OC,0.593,0.2222,False,False
AOYBLZGEIIBUTE,Nc1cnon1,0.4389,0.1429,False,False
OFLPOBPCVHNRMF,CCCCCCCCCCCCCCCCCC(O)CO,0.6032,0.2812,False,False
KDUIUFJBNGTBMD,C1=C\C=C/C=C\C=C/1,0.2883,0.0741,False,False
YHIDNDRTGFAMFL,O=[N+]([O-])C12CNCC([N+](=O)[O-])(CNC1)C2,0.5222,0.1667,False,False
SGOSNUGFGGSMEG,C=CCCCCC(O)C=C,0.5967,0.1449,False,False
VCQUDPHXRPHTFN,CC=CN1CCCCC1,0.2942,0.225,False,False
PRKNXESHCAQSLC,C1CCC2CN2CC1,0.5291,0.2093,False,False
NNTVKFAXDYRERB,CCCCCN=Cc1ccccc1,0.5927,0.3243,False,True
RGIPKJYIRPALFQ,C=CCCCCCCC(C)CC,0.6684,0.1633,False,False
PCBPPTPURTWNQO,CCCCC#CCC#CCCCCCCCCC(=O)OC,0.6299,0.3208,False,True
FNGLZFYTQNKDJT,C=C/C=C/CCCCCCCCCCOC(C)=O,0.59,0.3617,False,True
GUOSQNAUYHMCRU,NCCCCCCCCCCC(=O)O,0.4774,0.2927,False,False
NPSHXIOPYGVQEX,CC1=CCC2C(C1)OC(C(C)C=O)CC[C@@H]2C,0.605,0.1642,False,False
KEKMLOYOUUVRDN,CC(C)CCCCCCCCCCCC=O,0.6184,0.1923,False,False
FGQLGYBGTRHODR,CCOC(C)(C)OCC,0.4306,0.1795,False,False
NUZVLYNISQOZOW,CC(C)(C)c1ccc(C(C)(C)C)c(N)c1,0.4033,0.2821,False,False
MGHAPYBRWPXHSP,COc1cc2c(cc1OC)C(CC(=O)O)CC(=O)N2,0.362,0.2708,False,False
ADOQBZAVKYCFOI,C/C=C/CCCCCCCCC,0.6282,0.3333,False,True
HIVWOHDRGSOSEX,N#CC12CCC(CC1=O)C2,0.6002,0.1818,False,False
AUABZJZJXPSZCN,CN(C)c1ccccc1O,0.33,0.26,False,False
GHYLDEADJWAXGF,CC1=C(CCC=O)C(C)(C)CCC1,0.6733,0.1915,False,False
QXIXLIQMMRFWPB,CCCCC/C=C/C/C=C/C/C=C/CCC(=O)OC,0.6224,0.3651,False,True
SNQZRZXNRSXKLS,C[Si](C)(C)O/C(=C/CC(N)=O)c1cccnc1,0.5855,0.3333,False,True
LTEKQAPRXFBRNN,NCC1CCNCC1,0.5552,0.1404,False,False
FOCAIPNHDGQZST,CCCCCC/C=C\C(C)CC,0.6394,0.2955,False,False
BVMMHBZCLRORPY,CCC/C=C(\C)CCCCCC,0.6334,0.2647,False,False
OUZMGPMNDBQJGQ,COc1ccc(Cc2c(N)noc2N)cc1,0.4121,0.3409,False,True
WXWCDTXEKCVRRO,COc1ccc(C)cc1N,0.3183,0.3056,False,True
QSOLQDIOEJREPU,OC1C2CCC1CC2,0.3504,0.1515,False,False
JGOFSHMHNOXTRH,C=C1CCC=CCCC=CCC1(C)C,0.6386,0.2041,False,False
QBDOCEIJXBWDMD,CC(C)CCCC(C)CCOC(=O)C(F)(F)F,0.63,0.2203,False,False
RWWKEKDASZBAER,C=C1C=C[C@]2(CC1)[C@H](C)CC[C@H]2C(C)(C)O,0.602,0.2295,False,False
KWTSXDURSIMDCE,CC(N)Cc1ccccc1,0.3904,0.3125,False,True
OFIDNKMQBYGNIW,CCCCC/C=C\C/C=C\C/C=C\C/C=C\CCCC(=O)OC,0.5859,0.3871,False,True
ONYOTXAYIZRIPJ,C#CCCCCCCCCCCCc1ccco1,0.6275,0.2453,False,False
SJDDHMSVZMBJPH,CC(=O)O[C@@]12CCC[C@@](C)(CC[C@@H]3[C@@H]1CC3(C)C)C2,0.7083,0.1912,False,False
RKEKUXDRGCRXMQ,CC12CCCC3(CCC(C)(C)C3CC1)C2,0.7452,0.2034,False,False
OMIDXVJKZCPKEI,O=C1CC2CC1C1CCCC21,0.3708,0.16,False,False
QKSQEJXIILKPDX,C(=NC1CCCCC1)c1ccccc1,0.489,0.3333,False,True
DSQLTULVAKZANQ,CC(C)C1CCCCCCCCCC1,0.5124,0.2143,False,False
NMSXSGMHOUHHGP,C=CC1(C)CCC(C(C)C(=O)C=CC(C)C)O1,0.6633,0.1884,False,False
XGDPKUKRQHHZTH,COC(=O)c1cc(O)ccc1O,0.5836,0.6176,True,True
JZFSMVXQUWRSIW,CC1(C)[C@H](O)CC[C@]2(C)[C@H]3CC=C4[C@@H]5C[C@](C)(C(=O)O)CC[C@]5(C)CC[C@@]4(C)[C@]3(C)CC[C@@H]12,0.78,0.5373,True,True
IOYCVWCXFAUFKU,CCCCCC/C=C\CCC/C=C\CCCCC(=O)OC,0.6693,0.3778,False,True
JFXDIXYFXDOZIT,CNc1ccc(OC)cc1,0.2783,0.4118,True,True
UOZODPSAJZTQNH,NC[C@@H]1O[C@H](O[C@H]2[C@@H](O)[C@H](O[C@@H]3[C@@H](O)[C@H](N)C[C@H](N)[C@H]3O[C@H]3O[C@H](CO)[C@@H](O)[C@H](O)[C@H]3N)O[C@@H]2CO)[C@H](N)[C@@H](O)[C@@H]1O,0.5583,0.1918,False,False
NWZREWHFQNXLSL,N#CCCOC1(C#CCN2CCCC2)CCCCC1,0.4537,0.1852,False,False
PFURGBBHAOXLIO,OC1CCCCC1O,0.2861,0.186,False,False
OIIYUNQWMQUMMS,CCC=CC=CCC1=NC(CCCC)CC1,0.5466,0.1739,False,False
MKWGDAVEFBGVAK,COC(=O)C1CC2CCC(=O)N2C1=O,0.4959,0.2031,False,False
HQHCYKULIHKCEB,O=C(O)CCCCCCCCCCCCC(=O)O,0.3804,0.3333,False,True
IOSXFIBBIKELQR,CC/C=C\CCCCCCCCCC(C#N)OC(C)=O,0.6767,0.2727,False,False
BBOWBNGUEWHNQZ,CCCCCCCC/C=C\CCCCCCCCC(=O)O,0.6269,0.3182,False,True
BWLPFSJVSUPCNH,CC(=O)OC/C(C)=C/CCCCc1ccc(C)cc1,0.5267,0.2955,False,False
UMEJBWOWZDRULR,CC1=CCC(C(C)C=O)CC1,0.4853,0.1923,False,False
OXWGEHDANKVJJJ,O=C(O)CC/C=C/CCCC(=O)O,0.4358,0.2558,False,False
DYEQPYSFRWUNNV,CC(C)[C@@H]1CC[C@@]2(C)CCC[C@@H](C)[C@@H]2C1,0.6972,0.16,False,False
XHUBSJRBOQIZNI,COc1cc(CCO)ccc1O,0.3617,0.4146,True,True
ZONJATNKKGGVSU,CC(C)CCCCCCCCCCCCC(=O)O,0.552,0.3023,False,True
LMXFTMYMHGYJEI,CC1CCC(C(C)(C)O)C(O)C1,0.2583,0.1628,False,False
QICIMADZMWGDTQ,CCCCC(CC)OC(C)=O,0.51,0.2857,False,False
QOJGJKKHTRAFOK,CCCCCCCCCC=CCCCCCCCCCC,0.6182,0.3611,False,True
ROTONRWJLXYJBD,OCC1CCCCO1,0.4543,0.2143,False,False
MBZRJSQZCBXRGK,CC(=O)OC1CCC(C(C)(C)C)CC1,0.4133,0.2321,False,False
TUICHZLZOYQXJO,CCCCCCCC/C=C/CCCCCCCCCCCCCC,0.6182,0.3611,False,True
FLUWAIIVLCVEKF,CC(=O)OC(C)(C)Cc1ccccc1,0.1671,0.381,False,True
UMFTYCUYCNMERS,CCCCCCCOC(=O)c1ccccc1,0.4963,0.4054,True,True
YERYDNBIMMOFRC,CS(C)(=O)=CC=O,0.5019,0.1765,False,False
IRWNFSMZBFIURE,CCC/C=C/COC(=O)c1ccccc1,0.5064,0.3617,False,True
WUVPHPUDYOVMOE,O=C(CO)C(O)COP(=O)(O)O,0.5267,0.1569,False,False
MPJBVZKNLCGQHF,CC(=O)OC1(C)C(=O)OC/C2=C/CN(C)CCC(OC(=O)C(O)(C(C)O)CC1C)C2=O,0.6736,0.2115,False,False
YDZCHDQXPLJVBG,CCCCC=COC(C)=O,0.3983,0.3864,False,True
NVGWEOCSOMJZPE,C=C(C)C1CCC2(CO)CCC3(C)C(CCC4C5(C)CCCC(C)(C)C5CCC43C)C12,0.7661,0.2198,False,False
NBCMACYORPIYNY,C/C=C/CCC1CCCC(=O)O1,0.4884,0.2031,False,False
SDQFDHOLCGWZPU,CC(C=O)Cc1ccc(C(C)(C)C)cc1,0.505,0.2791,False,False
BASIKHNNFOJBOF,CCCCCCCCCCCCCCCOS(=O)OC(C)C,0.5841,0.2188,False,False
DTBNBXWJWCWCIK,C=C(OP(=O)(O)O)C(=O)O,0.63,0.1707,False,False
DPCMFIRORYQTCL,C/C=C/CCC=O,0.42,0.1622,False,False
UYWQUFXKFGHYNT,O=COCc1ccccc1,0.3117,0.4,True,True
QRGSTISKDZCDHV,C/C=C(\C)C(=O)OCc1ccccc1,0.2759,0.4186,True,True
ZOCHHNOQQHDWHG,CCCC(O)CC,0.52,0.1667,False,False
ZLIGRGHTISHYNH,ON=CCc1c[nH]c2ccccc12,0.2817,0.3922,False,True
PJUSYCAFQVDQIH,CC1CC(O)CCCC/C=C\CCCC(=O)O1,0.4003,0.2373,False,False
ZXSSUMLXDZDERL,CC1(C)CCCC2(C)C1C(=O)C1(C)OC12,0.616,0.1746,False,False
IGSYVKHPYSDDQD,CC1(C)CCCC2(C)OC(=O)CC12,0.6819,0.2203,False,False
PFHRFJSUAGQBFE,CCCCCCCCCCCCC#CCO,0.6683,0.3182,False,True
VCNWWRNSDOVDQJ,CC(/C=C1/CCCC1O)C(=O)O,0.3168,0.3333,False,True
ZRMRCDPHXBFVBB,CCCC1CCCC=C1N1CCOCC1,0.4499,0.2241,False,False
QWQSMEDUZQDVLA,C=C1C(=O)O[C@@]23[C@H]1CC[C@@H](C)[C@@H]2CC[C@@]1(C)O[C@@H]31,0.7183,0.2742,False,False
KAXODKSCABORIG,CCC(C)c1ccc(C)cc1C,0.42,0.2292,False,False
UAOKXEHOENRFMP,CC(=O)OCC(OC(C)=O)C(OC(C)=O)C(OC(C)=O)C(C=O)OC(C)=O,0.4438,0.1897,False,False
JQUGYGVCECHKBA,C[Si](C)(C)OCC(CO[Si](C)(C)C)O[Si](C)(C)C,0.5017,0.1224,False,False
BHYILZSOXKSYCF,O[C@@H]1CC/C=C/CC/C=C\CC[C@@H]1O,0.3117,0.1509,False,False
SAVYPEZLECDCGS,CC1(C2CC2)C(C(=O)O)C12CC2,0.5583,0.2105,False,False
NPPZUHIGLUMVOX,C=C(C=O)[C@@H]1CC[C@]2(C(=O)O)CC[C@]3(C)[C@H](CC[C@@H]4[C@@]5(C)CCC(=O)C(C)(C)[C@@H]5CC[C@]43C)[C@@H]12,0.7617,0.2588,False,False
HEIKOEZNFLUAEJ,Oc1ccc([C@@H]2c3c(O)cc4c(c3[C@@H]3C2c2c5c(cc(O)c2[C@H]3c2ccc(O)cc2)O[C@@H](c2ccc(O)cc2)C5c2cc(O)cc(O)c2)C(c2cc(O)cc(O)c2)[C@H](c2ccc(O)cc2)O4)cc1,0.5143,0.551,True,True
LHUHHURKGTUZHU,Oc1ccc([C@H]2c3c(O)cc(O)cc3C3c4c(cc(O)cc4[C@H]2O)O[C@H]3c2ccc(O)cc2)cc1,0.5263,0.4444,True,True
YQQUILZPDYJDQJ,Oc1ccc(C2Oc3cc(O)cc4c3C2c2cc(O)cc(O)c2C(c2ccc(O)cc2)C4C2c3cc(O)cc4c3C(c3cc(O)cc(O)c3C2c2ccc(O)cc2)C(c2ccc(O)cc2)O4)cc1,0.5105,0.4528,True,True
BXOURKNXQXLKRK,CC(C)=CCC[C@@](C)(O)C1CO1,0.4617,0.2676,False,False
BPBPYQWMFCTCNG,CCC(C)SSc1ncc[nH]1,0.4017,0.1754,False,False
VPQVBGZEPDUZFM,CC(C)/C=C\CC(C)C1C=CC(C)(O)CC1,0.6553,0.1698,False,False
JDSJDASOXWCHPN,Cn1sc(=O)n(Cc2ccccc2)c1=O,0.36,0.3469,False,True
JQHTXZNYHSCIFE,CC(C)(O)C[C@H]1CC[C@@]2(C)[C@H](O)CC[C@](C)(O)[C@H]12,0.552,0.2245,False,False
HRYCRSVSFJLRBW,C=CC1(C)CCC(C(C)(C)OC(=O)OCC)O1,0.6517,0.2174,False,False
LTVWWYLRQMIEHW,C[C@@H]1CCC2C1[C@H]1[C@@H](CCC2(C)C)[C@@]1(C)CO,0.6503,0.1875,False,False
FKMCEEHVCIIPLE,CC(C)=C[C@H]1CC[C@@]2(C)[C@H](O)CC[C@](C)(O)[C@H]12,0.5404,0.2391,False,False
PECCCWAOADXQBC,C=C(C)C[C@H]1CC[C@@]2(C)[C@H](O)CC[C@](C)(O)[C@H]12,0.5304,0.25,False,False
DHUDRGOPTAAHRB,CC(C)[C@H]1CC[C@@]2(C)[C@@H]1[C@H]1O[C@]2(O)CC[C@@]1(C)O,0.6217,0.1831,False,False
YEBFCABPNPSILV,CC(C)[C@@H]1CC[C@]2(C)[C@H]1[C@H]1O[C@@H]2CC[C@@]1(C)O,0.5169,0.1774,False,False
FRBOFOXWQNXDHB,C=C1CC[C@@H](C(C)C)C2C=C(C)C[C@H](OC(C)=O)C12,0.5659,0.2794,False,False
SOZSXJHFVBBAOY,CC(C)C1=CC[C@@]2(C)[C@H](O)CC[C@](C)(O)[C@@H]2C1,0.5933,0.2083,False,False
UKWYLUIBBUASGL,CC(=O)CC[C@@H]1OC(=O)C2[C@@H](C(C)C)CC[C@@]21C,0.5412,0.2353,False,False
BSLAWKTUBVGEDH,CC1(O)CCC2(C)CCCC(C)(C)C23OC3C1,0.605,0.1667,False,False
AOCCBINRVIKJHY,CCCCCCNC(=O)n1cc(F)c(=O)[nH]c1=O,0.6782,0.3088,False,True
GCIARVDJUYGSFQ,CC(C)c1ccc(C=NNC(N)=S)cc1,0.615,0.2698,False,False
AUZONCFQVSMFAP,CCN(CC)C(=S)SSC(=S)N(CC)CC,0.5417,0.1562,False,False
DYEFUKCXAQOFHX,O=c1c2ccccc2[se]n1-c1ccccc1,0.4367,0.3478,False,True
NEZONWMXZKDMKF,CC(C)=CC[C@@H](O)C1=CC(=O)c2c(O)ccc(O)c2C1=O,0.3867,0.2885,False,False
PMJIHLSCWIDGMD,O=c1sn(-c2cccc3ccccc23)c(=O)n1Cc1ccccc1,0.5983,0.3333,False,True
VIQKSDZKTARNNL,C=C/C=C(\CC)c1ccccc1,0.4681,0.3333,False,True
VQUDROQOTVEBFZ,C=C(C)C1(O)CCC(C)CC1O,0.5107,0.2045,False,False
OGKULJWTOZZDJN,CC1(C)CCCC2(C)CC12CO,0.6467,0.1818,False,False
SWGZAKPJNWCPRY,C[Si](O[Si](C)(C)C)O[Si](C)(C)C,0.5333,0.1111,False,False
KXOKPDDXLJWZDR,CC(C)C[C@@H]1CCCC[C@H]1C1CCCCC1,0.4107,0.1852,False,False
FDSNFOIVNIUNDP,CC1=CC(C)(C)C(C=O)CC1,0.532,0.2045,False,False
SLYADMRXVMOLJY,CCCCCCCCCCCCCCCCCCC1C(C)CC(C)CC1C,0.5768,0.2222,False,False
MEEFWEAXJLBAKY,CCC1=CC(C)(C)C=C1,0.6269,0.1951,False,False
FBQXFNAUEZWOIJ,CCCCCCCCCCCCCCCC1OC(C)C(C)(C)O1,0.6618,0.2,False,False
NWVVVBRKAWDGAB,COc1ccc(O)cc1,0.1433,0.5385,True,True
IYAUESUIHMJWPO,CCCCCCCCCCCCCCCCCCC1CC(C)CCC1C,0.634,0.2051,False,False
MELNJTLUIHVCHX,CCCC=CCC(=O)OC,0.48,0.2927,False,False
AAMBACLLPDEOOG,COCc1cc(C)c(C)c(C(C)=O)c1C,0.5903,0.2308,False,False
PAEODPXIMRWAHT,CC(C)C(=O)CC1(C)CCCCC1=O,0.5748,0.25,False,False
KECDUJWBWIDGET,C=C1CCCCC1C(C)(O)C1CCCCC1,0.4882,0.1774,False,False
QYEQHVNOKQUFFM,CCn1ccnc1CO,0.54,0.1923,False,False
IOLVAUYSSNEWQQ,C=CC(C)(O)CC(C)CCCCCC(C)CCCC(C)C,0.6402,0.2,False,False
KFFPAFVZOFUQBW,CC(C)(C)NC(=S)NCCO,0.6767,0.1923,False,False
QGTSRBBNWUHCET,CC1(O)C2CCCC1C1CCC2C1,0.4583,0.2,False,False
TXFNJLOAXFOJGK,C#CCCCCCCCCC(=O)OC,0.5624,0.3571,False,True
UDZUURJEZGTJDP,CC1=C(C(=O)C=C2CCOC2=O)[C@]2(C)CC[C@@H](O)[C@@](C)(CO)[C@H]2CC1,0.7383,0.2535,False,False
YRNXEZHGFXYCNB,CC/C=C\C(C)CCCCCCCCCC/C=C/CO,0.6974,0.2115,False,False
OJATZMBTUPIRBJ,CCCC1C(CCC)C1C(=O)OCC,0.3683,0.2453,False,False
WYXVNCHVXOXVRH,C/C(C=O)=C\CC/C(C)=C/COC1CCCCO1,0.5903,0.2308,False,False
ROBVIMPUHSLWNV,CCC1(c2ccc(N)cc2)CCC(=O)NC1=O,0.4886,0.2,False,False
KEFJLCGVTHRGAH,CC(=O)c1ccc(C)o1,0.3704,0.2703,False,False
PQCDGQHNORPNBR,CC(=O)CCC1C(C)CCCC1(C)C,0.4611,0.2131,False,False
OJYLAHXKWMRDGS,COc1cc(CCC(C)=O)ccc1O,0.315,0.413,True,True
IITQJMYAYSNIMI,CC1=CC(=O)CCC1,0.4096,0.25,False,False
FWXAUIPYMWHMSA,CCCCCCC(C)C=C(C)C,0.679,0.2941,False,False
RDYMFSUJUZBWLH,O=S1OCC2C(CO1)C1(Cl)C(Cl)=C(Cl)C2(Cl)C1(Cl)Cl,0.5333,0.1538,False,False
SFHDMWNIGFLBIG,Cc1cccc(C(C)(O)C(C)(C)CC(C)C)c1,0.455,0.2453,False,False
GAOZTHIDHYLHMS,CC[C@@]1([C@@H]2O[C@@H]([C@H]3O[C@@](O)(CO)[C@H](C)C[C@@H]3C)C[C@@H]2C)CC[C@H]([C@]2(C)CC[C@]3(C[C@H](O)[C@@H](C)[C@@H]([C@@H](C)[C@@H](OC)C(C)C(=O)O)O3)O2)O1,0.7372,0.1624,False,False
IMWMUIJDODQYOR,CCOC(=O)/C=C/CCCC(C)O,0.5683,0.2778,False,False
KHCHUBDYIXGFBM,CCC(=CC(=O)OC)CC,0.4333,0.2143,False,False
DYAOGZLLMZQVHY,C/C=C(/C=O)c1ccccc1,0.3767,0.3333,False,True
GBDFQXODQSBGLU,O=C1CCCCN1C1=NCCCC1,0.588,0.2203,False,False
WNQFVERFIHFVJG,CCC=CC(CC)CO,0.3475,0.1458,False,False
TZQQHOKYVDPYGQ,CC1=C2CCCCCCC2=C(C)C1(C)C,0.5906,0.2222,False,False
AFUVERHXBGWDBX,CC1(C)CCCC2=C1C1OC(=O)CC1C2,0.6417,0.2373,False,False
OOKCZXGEYPSNIM,Cc1cc(=O)cc(O)o1,0.345,0.3824,False,True
DWFZBUWUXWZWKD,CC(C)(C)c1ccc(CSc2cnn(C(C)(C)C)c(=O)c2Cl)cc1,0.764,0.2429,False,False
DTHIOPUFUOMHAY,CC(C)=CC/C=C(/C)CCO,0.6183,0.2791,False,False
PWDOJWCZWKWKSE,CC1=CCCC(C)(C)C1/C=C/C(C)O,0.4869,0.2031,False,False
SFRUDMZKQYLSRE,CC(=O)C=CC1C(C)(C)CCCC1(C)O,0.43,0.2444,False,False
ZJDMTWUYUXJUEE,O=C(O)C1O[C@](O)(C(=O)O)C[C@@H](O)[C@H]1O,0.5356,0.2449,False,False
ZVSOXQQHXUXRSE,O=C(CC(=O)c1ccc(CCCCCCCCCCCCCc2ccc(C(=O)CC(=O)c3ccccc3)cc2)cc1)c1ccccc1,0.5249,0.3714,False,True
BNDRWEVUODOUDW,CC(=O)C(C)(C)O,0.3483,0.175,False,False
ZGHFDIIVVIFNPS,C=C(C)C(C)=O,0.2983,0.1429,False,False
XAKBEOUVVTWXNF,CC1(C)CC2C(C(=O)O1)C2(C)C,0.5839,0.2075,False,False
DIFWJJFSELKWGA,C[C@H]1[C@H](C)CC[C@]2(C)CC[C@]3(C)C(=CCC4[C@@]5(C)CCC(=O)C(C)(C)[C@@H]5CC[C@]43C)[C@H]12,0.7363,0.3514,False,True
KPVDUPJJVFCMPP,CC1CC(C2CC(C)C(=O)C(C)C2)CC(C)C1=O,0.3095,0.1731,False,False
LEXVMOJLXLEPJE,C=C1CCCC(C)(C)C1CCCC=O,0.598,0.2154,False,False
HXDOZKJGKXYMEW,CCc1ccc(O)cc1,0.4333,0.52,True,True
ATAWCABZIRDUSP,CCCCCCCCCCCCCCCCCCC(C)CCC,0.6899,0.2581,False,False
OQOPZEAKKYUGKK,O=C(Cc1ccc([N+](=O)[O-])cc1)N1N=C(C(F)F)CC1(O)C(F)F,0.7903,0.2656,False,False
QWORXIWKIODBJN,C=CCC=C(C)C(C=CC(C)=O)=C(C)C,0.2698,0.1887,False,False
QMPHZIPNNJOWQI,O=C(C=Cc1ccc(O)c(O)c1)O[C@@H]1CC(C(=O)O)=C[C@@H](O)[C@H]1O,0.375,0.4211,True,True
PWDAKBACEAGRSH,Oc1ccc(-c2[o+]c3cc(O)c(O)c(O)c3cc2O)cc1O,0.4892,0.2889,False,False
NBAVJXUTIGWFOQ,C=C(C)/C=C/C12OC1(C)C(=C)CCC2(C)C,0.61,0.1967,False,False
MIOWCLFTUUSRGK,O=CC1C2CCCCC12,0.2863,0.1944,False,False
YPYZNPYPMMYZSR,C=CC(C)(O)CC=CCC(=O)C(C)(C)C,0.4722,0.1587,False,False
VYQSNYSJFCGYHK,C#CCCCCCCC(=O)OC,0.5624,0.3571,False,True
OTROKOXHZSGHEN,CC/C=C/CCCC/C=C/CCCCCCCC(=O)OC,0.6633,0.2979,False,False
LQYIDOFTTFCXEO,CCCCCCC1CC1CCCCCCCC(=O)OC,0.5252,0.2568,False,False
KDKRHPHEWUSWKM,C=C1C2COCC3C2C(C(C)C)CCC13C,0.68,0.2308,False,False
UPWGQKDVAURUGE,CCCCCCCC/C=C\CCCCCCCC(=O)OC(CO)CO,0.6579,0.3019,False,True
DCKVNWZUADLDEH,CCC(C)OC(C)=O,0.3633,0.2439,False,False
XZRJEYQBLXDNNU,C[C@H](/C=C/[C@@]1(O)C(C)(C)C[C@H](O)C[C@@]1(C)O)O[C@@H]1O[C@H](CO)[C@@H](O)[C@H](O)[C@H]1O,0.6414,0.2381,False,False
ZJAYYILGFJOGCD,CC12CC3CC(C1)CC(N=C=S)(C3)C2,0.7433,0.1455,False,False
WKKBRRFSRMDTJB,C=C1CC[C@@H]2[C@](C)(CO)CCC[C@@]2(C)[C@@H]1CCC1=CCOC1=O,0.68,0.2597,False,False
VVQRGNLNINKWNE,CC[C@@H]1O[C@@H](OC[C@@H]2O[C@@H](OC[C@@H]3O[C@@H](OC[C@@H]4O[C@@H](OC[C@@H]5O[C@@H](OC[C@@H]6O[C@@H](C)C(O)[C@@H]6C)C(O)[C@@H]5O[C@@H]5O[C@@H](CO)[C@@H](O)C5O)C(O)[C@@H]4O)C(O)[C@@H]3O[C@@H]3O[C@@H](CO)[C@@H](O)C3O)C(O)[C@@H]2O[C@@H]2O[C@@H](CO)[C@@H](O)C2O)C(O)[C@@H]1O,0.5557,0.2482,False,False
SATHPVQTSSUFFW,COC1C(O)COC(OCC2OC(OC3C(O)C(C)OC(CO)C3O)C(O)C(OC)C2O)C1O,0.6433,0.3023,False,True
FHVFUSPXGKLDPN,CC(C)C(=O)O[C@H]1[C@@H]2C(C)C(=O)O[C@@H]2C[C@@H](C)C2=CCC(=O)[C@]21C,0.6576,0.2258,False,False
TYPSVDGIQAOBAD,C=C1CCC[C@]2(C)Cc3occ(C)c3C[C@@H]12,0.6833,0.2029,False,False
VGONRPRFJVEJKB,Oc1ccc(-c2[o+]c3cc(O)c(O)c(O)c3cc2O)cc1,0.4642,0.2273,False,False
YLUSVJDFTAATNS,CC(/C=C/C=C(\C)C1C=C2C(C)(C)CC(O)CC2(C)O1)=C\C=C\C=C(C)\C=C\C=C(/C)C1C=C2C(C)(C)CC(O)CC2(C)O1,0.6783,0.1806,False,False
LYUPJHVGLFETDG,CCC(O)Cc1ccccc1,0.3044,0.3158,False,True
NQSMEZJWJJVYOI,COC(=O)c1ccccc1C(=O)c1ccccc1,0.5706,0.425,True,True
DUHPAWBYUJBSES,CC12CCC(Cl)(CC1O)C2(C)C,0.5038,0.2195,False,False
ZRHVOKYSOWTPIG,COC1CC2CCC1(C)C2(C)C,0.6517,0.1695,False,False
XMJMHNQSUSHPCD,C=C(C)CNC(=O)C=C(C)C,0.5167,0.1957,False,False
KWWOQRSLYPHAMK,CCOC(=O)C(O)CC,0.3467,0.3043,False,True
WUQJQATXUALTBZ,NC(=O)OCC1c2c(O)cc(CO)cc2N2CC3NC3C1(O)O2,0.7572,0.1867,False,False
GYLVPQXQQPMCKK,COc1cc(-c2[o+]c3cc(O)cc(OC)c3cc2O)cc(OC)c1O,0.5067,0.4,True,True
JBKVHLHDHHXQEQ,O=C1CCCCCN1,0.6012,0.186,False,False
HKQZUYOVMYOFIT,CCN1C[C@]2(C)CC[C@H](O)[C@]34C1[C@H](C[C@H]23)[C@@]1(O)C[C@H](OC)[C@H]2C[C@@H]4[C@@H]1[C@H]2O,0.6933,0.1807,False,False
SBVZTBIAKFTNIJ,Cc1cc(=O)c2c(O)c3c(O[C@@H]4O[C@H](CO)[C@@H](O)[C@H](O)[C@H]4O)cccc3cc2o1,0.4133,0.4068,True,True
PYBFXJMIKJNNAJ,C[C@H](CC(=O)C1OC1(C)C)C1C(=O)C[C@@]2(C)C3=CC[C@H]4C(C)(C)[C@@H](O[C@@H]5OC[C@H](O)[C@H](O)[C@H]5O)CC[C@@]45C[C@@]35[C@@H](O)C[C@]12C,0.7254,0.2532,False,False
JNSUZRHLHDQGPN,CCCCCC/C=C\CCCCCCCCC(=O)OC,0.6623,0.3556,False,True
INUWAALKYXUUGF,OCCC1(CO)CCCCC1,0.4772,0.1429,False,False
QWESARHWOBOBSB,C=CC1CC(C)CC(C)C1C=C,0.4859,0.1296,False,False
SFZMBIUQXSUOOR,CC1(C)CC(=O)C(C=NCCO)C(=O)C1,0.4929,0.2128,False,False
CTGAANGBKOPLKU,C=C(CC1CCCCC1=O)[N+](=O)[O-],0.4419,0.3818,False,True
OZFFVVYPWRQGML,Cc1cc(C(C)(C)C)c(OC(=O)C2(O)CC2)c(C(C)(C)C)c1,0.5283,0.2667,False,False
SUPQDTPRPJKVSP,CC(C)=CCCC1(C)CC1C(C)O,0.6257,0.2609,False,False
NDHMBVUODHGBAF,O=C(O)CCCCCCCC1CC1,0.3922,0.2917,False,False
HAIWUXASLYEWLM,OC[C@H]1OC(O)(CO)[C@@H](O)[C@@H](O)[C@@H]1O,0.6688,0.2128,False,False
CNPVJWYWYZMPDS,CCCCCCCCC(C)C,0.6251,0.2759,False,False
ZGDHFHMCRRTRAW,CCCCCCCC(C)CC(=O)O,0.6458,0.25,False,False
GRSPARSXNHKGDG,CC1=C(/C=C/C(C)=C/C=C/C(C)=C/C=C/C=C(C)/C=C/C=C(\C)C=C=C2C(C)(C)C[C@H](O)C[C@@]2(C)O)C(C)(C)C[C@H](O)C1,0.7317,0.1546,False,False
NETOHYFTCONTDT,C=CC1(C)CCCC(C)(C)O1,0.5467,0.1525,False,False
WFTCKFPYAPNNAQ,CC1O[C@@H](OC2[C@H](Oc3cc4c(O)cc(O[C@@H]5OC(COC(=O)CC(=O)O)[C@@H](O)[C@H](O)C5O)cc4[o+]c3-c3cc(O)c(O)c(O)c3)OC(CO)[C@@H](O)[C@@H]2O)[C@@H](O)C(O)[C@H]1O,0.728,0.2762,False,False
RYAHJFGVOCZDEI,CC(C)[C@H]1C2C(=O)O[C@H]1[C@H]1N(C)C[C@H]3CC[C@@H]2[C@]31C,0.7002,0.1944,False,False
VKNUORWMCINMRB,CCOC(=O)CC(O)C(=O)OCC,0.3133,0.3409,False,True
CJFLBOQMPJCWLR,CC(C)CCCCCOC(=O)CCCCC(=O)OCCCCCC(C)C,0.5316,0.2449,False,False
KEKXEGYQJNXSCS,CCCCCCCCCCCCCCCCCCCCCCOC(=O)C(F)(F)C(F)(F)F,0.5818,0.2742,False,False
XTWJWXHFBKKOAO,CCCCCCCCCCC/C=C/CCCCCOC(C)=O,0.529,0.3617,False,True
JKGLILLLSMITKV,CCCCCCCCCCCCCCCCCCC(C)C1CCCCC1,0.5652,0.2414,False,False
UCTWMZQNUQWSLP,CNC[C@H](O)c1ccc(O)c(O)c1,0.2767,0.3265,False,True
JMIAPORGEDIDLT,CCOC(C)=N,0.375,0.2083,False,False
HDURLXYBKGWETC,CC(=O)C1=C(C)CCC1,0.3383,0.2105,False,False
GSFBRCUXDDCNKV,C=CC(C)(CCC=C(C)C)OCC,0.5402,0.2133,False,False
XJXMPIWHBIOJSH,COc1cc(-c2[o+]c3cc(O)cc(OC)c3cc2O)cc(O)c1O,0.5017,0.3902,False,True
KSXCVPLBQGWZKZ,O=c1c(O[C@@H]2O[C@H](CO)C(O)[C@H](O)[C@H]2O[C@@H]2OC[C@@H](O)[C@H](O)[C@H]2O)c(-c2ccccc2)oc2ccccc12,0.6483,0.3171,False,True
JRHJXXLCNATYLS,CC1=C[C@H](O)CC(C)(C)[C@H]1/C=C/C(C)=C/C=C/C(C)=C/C=C/C=C(C)/C=C/C=C(\C)[C@H]1C=C2C(C)(C)C[C@H](O)C[C@@]2(C)O1,0.6783,0.1538,False,False
FKLMNNOQJLBVNT,C=C(C)COC(=O)/C=C/C(=O)OCC,0.3367,0.3061,False,True
GBKGJMYPQZODMI,CC(=O)/C=C/c1ccco1,0.43,0.4286,True,True
LMEHVEUFNRJAAV,CC1C(=O)O[C@H]2C[C@]34[C@@H]5OC(=O)[C@]3(O[C@@H]3OC(=O)C(O)[C@@]34[C@H](C(C)(C)C)[C@H]5O)[C@@]12O,0.6674,0.2078,False,False
CUFAXDWQDQQKFF,CC(C)=CCc1cc([C@@H]2CC(=O)c3ccc(O)c(CC=C(C)C)c3O2)ccc1O,0.4433,0.4638,True,True
BTOYCPDACQXQRS,CCSC(SCC)C(O)C(O)C(O)C(O)CO,0.3767,0.16,False,False
JEHJDPDOXSTNSC,CCC(C)OC(=O)C(O)CCC(=O)O,0.6038,0.2245,False,False
CFWBDIIKUDFYDS,O=c1c(O)c(-c2ccc(O)c(O[C@@H]3O[C@H](CO)[C@@H](O)[C@H](O)[C@H]3O)c2)oc2c(O)c(O)cc(O)c12,0.5733,0.3553,False,True
TYEYAUURGXCDJR,O=c1c(O[C@@H]2O[C@H](CO)[C@@H](O)C(O)C2O)c(-c2ccc(O)c(O)c2)oc2c(O)c(O)cc(O)c12,0.605,0.4648,True,True
SJRXVLUZMMDCNG,O=c1c(O)c(-c2ccc(O)c(O)c2)oc2c(O[C@@H]3O[C@H](CO)[C@@H](O)[C@H](O)[C@H]3O)c(O)cc(O)c12,0.597,0.3867,False,True
ATRBFJXIWFCIMW,O=c1c(O)c(-c2ccc(O)c(O)c2)oc2c(O)c(O[C@@H]3O[C@H](CO)[C@@H](O)[C@H](O)[C@H]3O)cc(O)c12,0.5503,0.3553,False,True
XUWSHXDEJOOIND,C[C@]1(O)C[C@@H](O)[C@]2(O)C=CO[C@@H](O[C@@H]3O[C@H](CO)[C@@H](O)[C@H](O)[C@H]3O)[C@@H]21,0.5888,0.2289,False,False
DAPZDAPTZFJZTO,CCCCCCC(=O)OC(=O)CCCCCC,0.5519,0.2927,False,False
FDCJDKXCCYFOCV,CCCCCCCCCCCCCCCCOCCCCCCCCCCCCCCCC,0.5264,0.2857,False,False
PFCHFHIRKBAQGU,CCCC(=O)CC,0.3693,0.2093,False,False
SYHDLDVMXBLLET,COC(=O)C1OC(=O)C[C@]1(O)C(=O)OC,0.565,0.2258,False,False
PFHZIWAVXDSFTB,O=C1C[C@](O)(C(=O)O)C(C(=O)O)O1,0.4602,0.2245,False,False
JGPCLGHKWGCWNO,COc1cc(O)c2cc(O)c(-c3cc(OC)c(O)c(OC)c3)[o+]c2c1,0.4483,0.3333,False,True
NFACJZMKEDPNKN,COP(=O)(OC)C(O)C(Cl)(Cl)Cl,0.5717,0.1556,False,False
CZYPGTRKJFYXLT,CC1=CC(=O)CC(C)(C)[C@@]1(O)CC[C@@H](C)O[C@@H]1O[C@H](CO)[C@@H](O)[C@H](O)[C@H]1O,0.7023,0.225,False,False
CRQUFLXTZHLVMX,O=C(O)CC(=O)OCC1OC(Oc2c[nH]c3ccccc23)C(=O)C(O)C1O,0.6153,0.274,False,False
UIXJVDGAGQPTFR,CC1(C)[C@H](O)CC[C@]2(C)C3=CC[C@@]4(C)[C@@H]5C[C@](C)(CO)CC[C@]5(C)CC[C@]4(C)C3=CC[C@@H]12,0.76,0.2317,False,False
VNHVNFCIDMAHID,O=C(C=Cc1ccc(O)cc1)OC1[C@H](O)C(CO)O[C@@H](Oc2c(-c3ccc(O)cc3)oc3cc(O)cc(O)c3c2=O)[C@@H]1O,0.6667,0.4935,True,True
AKENCGNASJPQNR,CC(=O)OC[C@H]1O[C@@H](Oc2c(-c3ccc(O)cc3)oc3cc(O)cc(O)c3c2=O)[C@H](O)[C@@H](O)[C@@H]1O,0.6494,0.5652,True,True
RROKRDUARFDCDH,COc1ccc(-c2cc(=O)c3c(O)cc(OC)c(-c4cc(-c5cc(=O)c6c(O)cc(O)cc6o5)ccc4OC)c3o2)cc1,0.5283,0.4286,True,True
MQEPWBMWFIVRPS,O=C1C[C@@H](O[C@@H]2O[C@H](CO)[C@@H](O)[C@H](O)[C@H]2O)CO1,0.4888,0.2568,False,False
RWCMVIFEYADGMO,C=C(C)[C@H](CCC(C)(C)O)Cc1c(O)cc(OC)c2c1OC(c1ccc(O)cc1O)C(=O)C2O,0.5939,0.2278,False,False
OZZQHCBFUVFZGT,CC(O)C(=O)OC(C)C(=O)O,0.4267,0.2381,False,False
XNZIMRUZBOZIBC,C=C(C)[C@@H]1CC[C@]2(C(=O)OC)CC[C@]3(C)[C@H](CC[C@@H]4[C@@]5(C)CC[C@H](O)C(C)(C)[C@@H]5CC[C@]43C)[C@@H]12,0.8083,0.2963,False,False
GDNIGMNXEKGFIP,Oc1cc(O)c2ccc(-c3ccc(O)c(O)c3)[o+]c2c1,0.3653,0.2889,False,False
YNNRPBRNWWIQPQ,CC(/C=C/C=C(C)/C=C/[C@@]12O[C@]1(C)C[C@@H](O)CC2(C)C)=C\C=C\C=C(C)\C=C\C=C(/C)C1C=C2C(C)(C)C[C@H](O)C[C@@]2(C)O1,0.7217,0.1529,False,False
VYUNCIDAMBNEFU,CC1(C)[C@H](O)CC[C@]2(C)[C@H]3CC[C@H]4[C@@](C)(CC[C@@H]5[C@]4(C)CC[C@@H](O)[C@]5(C)CO)CC3=CC[C@@H]12,0.7261,0.25,False,False
DBMXKPOCXQNWOQ,C[C@@H]1C[C@H]2CC(=O)C3CCCN4CCC[C@@]2(O)[C@]34C1,0.6056,0.1818,False,False
KMXSXYSNZMSDFK,CCCCC/C=C\C=C\CCCCCCCCC(=O)OC,0.7173,0.3404,False,True
PUTZZJOMRXPKCK,CCCCCCC(C)C(=O)OC,0.5876,0.2857,False,False
VDFOBRVDTUCTEQ,C/C=C\C1CC2OC3(CCCC(OS(=O)(=O)c4ccc(C)cc4)C3(C)CC2C(=O)OC)O1,0.6933,0.2234,False,False
KOJYENXGDXRGDK,CCCC/C=C/C=C/C=C\CCCCCCCC(=O)OC,0.6928,0.3061,False,True
MZNIJRAPCCELQX,COC(=O)[C@]1(O)C[C@@H](O)[C@@H](O)[C@H](OC(=O)C=Cc2ccc(O)c(O)c2)C1,0.53,0.377,False,True
ZXYSCJISDAKHPX,COC(=O)CC[C@@H](C)[C@H]1CC(=O)[C@@]2(C)C3=C(C(=O)C[C@]12C)[C@@]1(C)CCC(=O)C(C)(C)C1CC3=O,0.6967,0.2128,False,False
ZKHQSQYLKSSYIP,COC(=O)c1ccoc1,0.5503,0.3171,False,True
ITDYPNOEEHONAH,COc1c(O)cc([C@H]2Oc3cc(O)cc(O)c3C[C@H]2O)cc1O,0.3987,0.4333,True,True
RGMZNZABJYWAEC,C[Si](C)(C)O[Si](C)(O[Si](C)(C)C)O[Si](C)(C)C,0.4367,0.1282,False,False
ARCIBVHECBKSNA,CO[C@H]1C[C@@]2(O)/C(CO)=C/C=C/[C@H](C)C/C(C)=C/C[C@@H]3C[C@@H](C[C@]4(CC[C@H](C)CO4)O3)OC(=O)C2C=C1C,0.7754,0.1624,False,False
MMKMIFKDPPAMLJ,O=c1c(O[C@@H]2OC(CO)[C@@H](O)C(O)C2O[C@@H]2OC[C@@H](O)C(O)[C@H]2O)c(-c2cc(O)c(O)c(O)c2)oc2cc(O)cc(O)c12,0.6883,0.5616,True,True
WKBMWJOYQPFPPO,O=C(NC(CC(=O)c1ccccc1)C(=O)N1CCC1)OCc1ccccc1,0.4145,0.403,True,True
ZVKXPPXCNUMUOR,C/C(=C/C=C/C(C)=C/C=C/C=C(C)/C=C/C=C(\C)C=C=C1C(C)(C)C[C@H](O)C[C@@]1(C)O)C1C=C2C(C)(C)C[C@H](O)C[C@@]2(C)O1,0.7567,0.1875,False,False
PGYAYSRVSAJXTE,CC(=C/C=C/C(C)=C/C=C/C=C(C)/C=C/C=C(\C)C=C=C1C(C)(C)C[C@H](O)C[C@@]1(C)O)/C=C/[C@@]12O[C@]1(C)C[C@@H](O)CC2(C)C,0.745,0.1585,False,False
XYEOALKITRFCJJ,NOCc1ccccc1,0.3771,0.4444,True,True
RHJPBGWFGOAEID,CO[C@@H](CC[C@H](C)[C@H]1O[C@@]23C[C@H](OC(=O)C[C@H]([C@@H](C)O)OC(=O)C[C@](O)(O2)[C@H](C)CC3(C)C)[C@@H]1C)c1cc(O)ccc1Br,0.7383,0.2018,False,False
SDNYRTVJOFMYIW,CCCCCCCCCCCCCCCCCC(=O)OCC(COC(=O)CCCCCCCCCCCCCCC)OC(=O)CCCCCCCCCCCCCCCCC,0.5906,0.2449,False,False
YWBLIYFXWVRDAA,CCCCCCCC/C=C\CCCCCCCC(=O)OCCCO,0.6331,0.2941,False,False
LJFQTUKKYWDRAT,Cc1cc(O)cc(O)c1C=O,0.3138,0.2703,False,False
YMZDIWAIBSREPU,CCCCCCCCCCCCCCCOC(=O)C(=O)OCC(CC)CCCC,0.5555,0.2576,False,False
XRRYDWRJMQPPTF,CCCCCC(O)/C=C/C1C2CC(CO2)C1CCCCCCC(=O)OC,0.6228,0.2128,False,False
FGKJLKRYENPLQH,CC(C)CCC(=O)O,0.4833,0.2857,False,False
PYUGATAPBPHGFK,COc1cc(-c2[o+]c3cc(O)cc(O)c3cc2O[C@@H]2O[C@H](CO)[C@@H](O)[C@H](O)[C@H]2O[C@@H]2OC[C@@H](O)[C@H](O)[C@H]2O)ccc1O,0.5967,0.2857,False,False
LWBHKKLWSUFUNZ,COc1cc(O)c2c(c1)OC(c1ccc(OC)c(O)c1)CC2=O,0.3584,0.4286,True,True
IGVPBCZDHMIOJH,CCCC(=O)Oc1ccccc1,0.182,0.35,False,True
AFAKVBWGAFOEQH,C=C(C)C#CC(CC(C)C)OC(=O)c1ccccc1C(=O)OCC(C)C,0.6,0.3115,False,True
SDIFXLXMBCOWOQ,CCCCCCCCCCCCCCOC(=O)c1ccccc1C(=O)OCC(CC)CCCC,0.5242,0.375,False,True
FQPAPVYQTHMASX,CCCCOC(=O)c1ccccc1C(=O)OCC1(CC)COCOC1,0.3625,0.3333,False,True
YNIHBKSVEOAHJB,CC(=O)C1CC[C@H]2[C@@H]3CC=C4CC(=O)CC[C@]4(C)C3C(=O)C[C@]12C,0.6287,0.1948,False,False
AMRQXHFXNZFDCH,CCNC(=O)C(C)OC(=O)Nc1ccccc1,0.2933,0.3396,False,True
OJLOPKGSLYJEMD,CCCCC(C)(O)C/C=C/[C@@H]1C(CCCCCCC(=O)OC)C(=O)C[C@H]1O,0.5319,0.2778,False,False
HFFREILXLCWCQH,O=C(O)c1ccc(O[C@@H]2O[C@H](CO)[C@@H](O)[C@H](O)[C@H]2O)c(O)c1,0.501,0.3472,False,True
SVUQABVHSHQZHD,COc1cc(O)cc2[o+]c(-c3cc(O)c(O)c(O)c3)c(O)cc12,0.445,0.3659,False,True
ZVOLCUVKHLEPEV,O=c1c(O)c(-c2ccc(O)c(O)c2)oc2cc(O)c(O)c(O)c12,0.5783,0.4286,True,True
NKFZLEYLWAFYEH,O=c1c(O[C@@H]2O[C@H](CO)[C@@H](O)[C@H](O)[C@H]2O[C@@H]2OC[C@@H](O)[C@H](O)[C@H]2O)c(-c2ccc(O)c(O)c2)oc2cc(O)cc(O)c12,0.6453,0.4684,True,True
GNONHFYAESLOCB,COc1cc(O)c2cc(O)c(-c3ccc(O)c(OC)c3)[o+]c2c1,0.5058,0.3878,False,True
XETHJOZXBVWLLM,CC(C)=CC[C@@]12Oc3cc(O)c([C@H]4C=C(C)C[C@H](c5ccc(O)cc5O)C4C(=O)c4ccc(O)cc4O)c(O)c3C(=O)[C@]1(O)Oc1cc(O)ccc12,0.1433,0.9,True,True
WIOBOUWMWWLZKG,C[C@H](O)[C@]1(O)CC[C@@]2(O)[C@]1(C)[C@H](O)C[C@@H]1[C@@]3(C)CC[C@H](O)CC3=CC[C@]12O,0.7003,0.1772,False,False
IRZZAYRPVZPEKL,CC1CCC(C(C)(O)COC2OC(CO)C(O)C(O)C2O)C(=O)C1,0.5081,0.241,False,False
MPUUQNGXJSEWTF,NC(C=O)CCC(=O)O,0.5333,0.1905,False,False
YXAGJAFSQKHJEB,CC(=O)OC[C@@]1(C(=O)O)CCC[C@@]2(C)[C@@H]3CC[C@@H]4C[C@@]3(CC[C@H]12)C[C@H]4COC(=O)C(C)C,0.6301,0.2198,False,False
AHLDCEZSQNGEFT,CC(=O)C1CCC(=O)O1,0.3734,0.2364,False,False
VQYBAEAOOJBSTR,O=C1CCC[C@@H]2[C@H]3CCCN4CCC[C@@](O)(CN12)[C@@H]34,0.5378,0.1831,False,False
ICFXJOAKQGDRCT,CC[C@H](CC[C@@H](C)[C@H]1CC[C@H]2C3C(=O)C=C4C[C@@H](O)CC[C@]4(C)[C@H]3CC[C@]12C)C(C)C,0.7156,0.2024,False,False
YUGNYXKLALBWEW,CC[C@@H](/C=C/[C@@H](C)[C@H]1CC[C@H]2C3=CCC4=C[C@@H](O)CC[C@]4(C)[C@H]3CC[C@]12C)C(C)C,0.5652,0.1728,False,False
KSBXOLYWCDMCRR,CCCC#CCC(CC)OC(=O)CCC(=O)OCC,0.6483,0.2545,False,False
RXYJIBGYGXRRTJ,CCC1(C)C2C1C1C2C1(C)CC,0.5483,0.1429,False,False
BYYDEEAJCDGLER,Cc1cc(=O)c2c(O)cc(O[C@@H]3O[C@H](CO)[C@@H](O)[C@H](O)[C@H]3O)cc2o1,0.4667,0.4038,True,True
IUVFLMAKSXSTQK,CCCCC/C=C\C=C/CCCCCCCO,0.7049,0.3333,False,True
DDUQRIJWGZUQMW,C=C(C)C1CCC(C)C2CCC(C)C23OC13,0.5975,0.2222,False,False
RZRBXGPSHVAUQO,CC(C)=CCCC1(C)OC1CO,0.6104,0.2329,False,False
QWHBSYPTDQUVDY,C1=C\CC/C=C/CC/C=C\CC/C=C/1,0.3836,0.098,False,False
QCIYAEYRVFUFAP,CCCC(O)C(C)O,0.49,0.1707,False,False
MPSSVYBWYAOYHH,CCCC(CC)CC(CC)CO,0.4883,0.1667,False,False
OWHSTLLOZWTNTQ,CCCCC(CC)COC(=O)CS,0.51,0.2105,False,False
FOFZXESJJBECJJ,CC1=CCC2CCC12,0.4453,0.1765,False,False
HRPVXLWXLXDGHG,C=CC(N)=O,0.3607,0.1707,False,False
LJXQODMODGLCFV,CCCCCCC1CCSC1,0.5051,0.2105,False,False
WYJRXGALGVIRCQ,CCCCCCCCCCC(=O)CCCCCCC(=O)OC,0.5476,0.2708,False,False
NOWQRWPUNHMSAF,CC(C)CCCC(C)C1CCC(C)CC1,0.5394,0.2,False,False
QIJSMAZWDBRXOQ,O=c1n(Cc2ccccc2)c(=C(O)O)c(=C(O)O)n1Cc1ccccc1,0.2717,0.4048,True,True
MVCZYIINCNBXDB,O=c1cc2oc(-c3ccc(O)c(O)c3)c(OC3OC(CO)C(O)C(O)C3O)cc-2c(OC2OC(CO)C(O)C(O)C2O)c1,0.6053,0.3133,False,True
YZLMIVGAAHMMQN,CCCCCCCCCCCCCCCCCCCCCCOC(=O)C(F)(F)C(F)(F)C(F)(F)F,0.5551,0.2656,False,False
VGGSQFUCUMXWEO,C=C,0.3567,0.0833,False,False
VOLGAXAGEUPBDM,CC[O],0.2933,0.1304,False,False
SOUKTGNMIRUIQN,CC(C)=CCC/C(C)=C/COC(=O)CC(C)C,0.535,0.34,False,True
DUYAAUVXQSMXQP,CC(=O)S,0.355,0.1875,False,False
AWMXPBUJOVHPKE,C=C(CCCCCCCC)C(=O)CCCCCCCC(=O)OC,0.5873,0.2549,False,False
GCYUDDVCAGNKCZ,CCCCCCC#CC(=O)CCCCCCCCC(=O)OC,0.7126,0.2963,False,False
NLEWYDKBCGSSNV,CCCCCCCCC#CC(=O)CCCCCCC(=O)OC,0.7126,0.2963,False,False
OPCAYVVIAWSNMJ,C=C(CCCCCCCC)C(=O)CCCCCCC(=O)OC,0.5873,0.2549,False,False
CMRNMZJAUFXOQF,CCCCCCCCC1=C(CCCCCCCC(=O)OC)C1,0.5839,0.3182,False,True
SRBATDDRZARFDZ,CC(NC=O)C(=O)O,0.5233,0.2778,False,False
GDRONPBCNLMFBT,CCCCCCC#CCCCCCCCCCC(=O)O,0.652,0.3478,False,True
GPNFTJMLPUJTAA,CCCCCCCCCCCCCCCC(=O)O[Si](C)(C)C(C)(C)C,0.6069,0.283,False,False
ABMDIECEEGFXNC,CCNC(=O)CC,0.4233,0.2308,False,False
IQBMWEYFKNVACH,O=c1c(O[C@@H]2O[C@H](CO)[C@@H](O)[C@H](O)[C@H]2O[C@@H]2O[C@H](CO)[C@@H](O)[C@H](O)[C@H]2O[C@@H]2O[C@H](CO)[C@@H](O)[C@H](O)[C@H]2O)c(-c2ccc(O)c(O)c2)oc2cc(O)cc(O)c12,0.6053,0.5205,True,True
KQJVBEYMSUXDQG,CCCCCCCCCCCCCCCCCC(=O)O[Si](C)(C)C(C)(C)C,0.6069,0.283,False,False
SLCZCEDSJXGESV,CC/C=C\C/C=C\C/C=C\CCCCCCCC(=O)O[Si](C)(C)C(C)(C)C,0.7265,0.2703,False,False
OMVSWZDEEGIJJI,CC(C)C(=O)OCC(C)(C)C(OC(=O)C(C)C)C(C)C,0.5117,0.2174,False,False
CKEXCBVNKRHAMX,COc1ccc([C@@H]2CC(=O)c3c(O)cc(OC)cc3O2)cc1,0.3564,0.4375,True,True
ITVMHPMCNRGCIY,CCCCCCCCCCC(C)CCC,0.6899,0.2581,False,False
JRBNWBMJWSMIDB,CCCCCCCC=CCCc1c(O)c(O)cc(OC)c1O,0.6718,0.5435,True,True
BWDBEAQIHAEVLV,CC(C)CCCCCO,0.5915,0.2041,False,False
IWNCBADONFSAAW,CC[C@H](CC[C@@H](C)[C@H]1CC[C@H]2[C@@H]3CC(O)C4=CC(=O)CC[C@]4(C)[C@H]3CC[C@]12C)C(C)C,0.7237,0.2234,False,False
NLYNIRQVMRLPIQ,CCO[C@H]1O[C@@H]2O[C@@]3(C)CC[C@H]4[C@H](C)CC[C@@H]([C@H]1C)[C@@]24OO3,0.7267,0.1429,False,False
BJDCWCLMFKKGEE,C[C@H]1[C@@H](O)O[C@@H]2O[C@@]3(C)CC[C@H]4[C@H](C)CC[C@@H]1[C@@]24OO3,0.7167,0.1528,False,False
KFVUFODCZDRVSS,C[C@@]12CC[C@@H]3[C@@](CC[C@H]4[C@@]3(C)CCC[C@@]4(C)C(=O)O)(CC1=O)C2,0.6675,0.2432,False,False
KBMSVODXFLAQNJ,C/C1=C\CC[C@]23O[C@H]2[C@@H](OC3=O)c2c(C)coc2C1,0.6187,0.1977,False,False
GTEXBOVBADJOQH,COC1=CC(=O)O[C@@H](/C=C/c2ccc3c(c2)OCO3)C1,0.5528,0.2917,False,False
ALHUZKCOMYUFRB,CC1CCCCCCCCCCCCC(=O)C1,0.4971,0.22,False,False
ANISOHQJBAQUQP,C=CC(=O)OCCCCCCCC,0.5309,0.2889,False,False
OISFHODBOQNZAG,O=C(O)CCCCCCCC(O)C(O)CCCCCCCCO,0.6015,0.2553,False,False
IMKJGXCIJJXALX,CC1(C)CCC[C@]2(C)[C@H]3CC(=O)O[C@]3(C)CC[C@@H]12,0.7411,0.2188,False,False
UTSVPXMQSFGQTM,COc1cc2c(c3oc4cccc(O)c4c(=O)c13)[C@@H]1C=CO[C@@H]1O2,0.5103,0.3231,False,True
DVGGLGXQSFURLP,O=C(C=Cc1ccc(O)cc1)OC[C@H]1O[C@@H](Oc2c(-c3ccc(O)cc3)oc3cc(O)cc(O)c3c2=O)[C@H](O)[C@@H](O)[C@@H]1O,0.6533,0.5405,True,True
YGESMQWDYGHJFP,COc1cc(C(=O)CC2CCCCN2)ccc1O,0.4882,0.3333,False,True
FZKBNCDAGYDHTP,O=c1c(OCC2OC(O)[C@@H](O)[C@H](O)[C@@H]2O)c(-c2ccc(O)c(O)c2)oc2cc(O)cc(O)c12,0.587,0.4714,True,True
DNDOZBDUEDTZGE,CC1OC(OC2C(CO)OC(OCC3OC(OC(=O)C45CCC(C)(C)CC4C4=CCC6C7(C)CCC(OC8OCC(O)C(O)C8OC8OC(C)C(O)C(OC9OCC(O)C(OC%10OC(CO)C(O)C(O)C%10O)C9O)C8O)C(C)(CO)C7CCC6(C)C4(C)CC5)C(O)C(O)C3O)C(O)C2O)C(O)C(O)C1O,0.9217,0.7638,True,True
QDRJCWZGTMRXCL,CCCCCOC(=O)/C=C/c1ccccc1,0.2647,0.4681,True,True
ZICRWXFGZCVTBZ,COC(=O)c1ccc(OC)cc1O,0.3603,0.4615,True,True
WXNNHDWPODMHIV,CCC(=O)OC1(C(C)C)CC=C(C)CC1,0.3517,0.2,False,False
NKZVXBLXJXFAAZ,CC1(C)CCCC2COc3cc(O)c4c(=O)cc(-c5ccc(O)c(O)c5)oc4c3CC21,0.51,0.3239,False,True
KITUBOBTRYFYBY,CC1Oc2cc(O)c3c(c2C1(C)C)OC(c1ccc(O)cc1)CC3=O,0.4869,0.4265,True,True
BEKKBGJECYLADF,COc1cc(-c2cc(=O)c3c(O)cc4c(c3o2)CC2C(CCCC2(C)C)CO4)ccc1O,0.5533,0.3562,False,True
DFUZNDJMFAJHKC,CCOC(=O)NC(=S)NC12CC3CC(CC(C3)C1)C2,0.6267,0.2267,False,False
QJGHPSMBMKFFEE,COc1c(-c2ccc(O)cc2)oc2c3c(cc(O)c2c1=O)OC(C)C3(C)C,0.4783,0.3231,False,True
ZAWLLCGKYOTVIL,CC(=O)OC1CCC(C)(C)C2CCC(C)C(C)(CCO)C12,0.71,0.2687,False,False
BWQSLRZZOVFVHJ,CC(C)[C@@](O)(C(=O)OC[C@@H]1CCN2CCC[C@@H]12)[C@@H](C)O,0.5503,0.2394,False,False
GVCKROLSPQFVTE,CC/C=C\C#CCCCCCCCCCCC,0.6213,0.24,False,False
IHRPKOQVBCPMQH,C/C=C/C/C=C\CCCCCCCCO,0.5765,0.2391,False,False
XFNJVJPLKCPIBV,NCCCN,0.4367,0.125,False,False
VMWPBZLUNCMQTJ,C=CC/C=C/CCCCCCCCCCCCCCC,0.6115,0.3333,False,True
ZPHKHTAJPZOPHM,CCCCCCCCCCCCCCCCCCCCl,0.6281,0.2963,False,False
ZPUCQOXKFCVYGL,CC1(S)CCC2CC1C2(C)C,0.6608,0.1429,False,False
FPGPRAKRYDSZAW,CCCCCOC(=O)c1ccccc1C(=O)O,0.3303,0.4375,True,True
INDVLXYUCBVVKW,C=C(CC[C@@H](C)[C@H]1CC[C@H]2[C@@H]3CC=C4C[C@@H](O)CC[C@]4(C)[C@H]3CC[C@]12C)C(C)C,0.76,0.1935,False,False
ZHQTTWZEASKUEZ,CC(C)[C@H]1CC[C@H]2[C@@H]1CC[C@]1(C)[C@@H]2CC[C@@H]2[C@@]3(C)CCCC(C)(C)[C@@H]3CC[C@]21C,0.6854,0.2,False,False
XKJROQIFLGXWEY,CC[C@H]1CC[C@]2(C)[C@H]3CC[C@@H]4[C@@]5(C)CCCC(C)(C)[C@@H]5CC[C@@]4(C)[C@]3(C)CC[C@@H]12,0.6961,0.2121,False,False
QRFQYTMJHJMQOP,CC(C)[C@](O)(C(=O)OCC1=CCN2CC[C@@H](O)[C@@H]12)[C@H](C)OC(=O)c1ccccc1,0.5923,0.2471,False,False
UHQZGHLWHFIZHF,C=CC1C=CCCCCC1,0.4877,0.1698,False,False
HHNWXQCVWVVVQZ,COc1ccc(C(=O)O)c(N)c1,0.3169,0.3714,False,True
XGLOPSNBSMBXSE,C/C=C(/C)C(=O)O[C@H]1CCN2CC=C(COC(=O)[C@@](O)([C@H](C)OC)C(C)(C)OC(C)=O)[C@H]12,0.5826,0.2043,False,False
PGMBNUMLNAJSJR,C[C@H]1CCN2CC[C@H](O)[C@@H]12,0.4671,0.1538,False,False
NKRBWIXXEQOWRY,CCCCCCCCC#CCCCCCCCC,0.6713,0.325,False,True
YBQOTTAEVBHNEJ,CCCC(C)(O)c1ccccc1,0.4183,0.3235,False,True
QJKMIJNRNRLQSS,COc1cc(O)ccc1C=CC(=O)c1ccc(O)cc1,0.6329,0.4167,True,True
INCCMBMMWVKEGJ,CC1CCOCO1,0.4983,0.1455,False,False
ZNEMYFCJOCCUJN,CO[C@@H](C)[C@](O)(C(=O)OCC1=CCN2CC[C@H](O)[C@@H]12)C(C)(C)O,0.4599,0.2209,False,False
RFHVSCGCTYDDEL,CCCCCCCCCCCCCOC(=O)/C=C/C(=O)Oc1c(Cl)cc(Cl)cc1Cl,0.6738,0.3143,False,True
AORFDVNAPHMKAU,CO[C@H](C)[C@](O)(C(=O)OCC1=CCN2CCC[C@@H]12)C(C)C,0.5619,0.2625,False,False
JOPJYQKWCBEYGN,CO[C@H](C)[C@@](O)(C(=O)OCC1=CC[N+]2([O-])CCC[C@@H]12)C(C)C,0.5236,0.2069,False,False
HRSGCYGUWHGOPY,C/C=C(/C)C(=O)O[C@H]1CCN2CC=C(COC(=O)[C@](O)([C@H](C)O)C(C)(C)O)[C@H]12,0.5384,0.2184,False,False
LMFKRLGHEKVMNT,CO[C@H](C)[C@](O)(C(=O)OCC1=CCN2CC[C@H](O)[C@@H]12)C(C)C,0.4706,0.2235,False,False
XVPBINOPNYFXID,O=C1CCC[C@@H]2[C@H]3CCC[N+]4([O-])CCC[C@@H](CN12)[C@@H]34,0.5919,0.1667,False,False
VHUJBYYFFWDLNM,CCCCCCCCCCCCCCCCCCCCCCCCCC(=O)OC,0.5186,0.2889,False,False
DNAWGBOKUFFVMB,CC(C)[C@](O)(C(=O)OCC1=CC[N+]2([O-])CC[C@@H](O)[C@@H]12)[C@H](C)O,0.4717,0.2078,False,False
XHALVRQBZGZHFE,COC(=O)C(Cc1ccc(O)c(O)c1)OC(=O)C=Cc1ccc(O)c(O)c1,0.4567,0.4906,True,True
CWZLMWSCLBFCBY,COc1cc(O)cc2c1C(=O)CC(c1ccc(O)cc1)O2,0.3703,0.4603,True,True
BDXAHSJUDUZLDU,CCCCCCCCCCCCCCCCCCC(=O)OC,0.5186,0.2889,False,False
ZKHOYAKAFALNQD,CCCCCCCCCCCCCCCCCCCCCCCCCCCC(=O)OC,0.5186,0.2889,False,False
LKOVPWSSZFDYPG,CCCCCCCCCCCCCCC/C=C/C(=O)O,0.635,0.3256,False,True
WOPKHAQDUMDJIY,CCCCCCCCCCCCCCCCCCCCCCCCC(=O)OC,0.5186,0.2889,False,False
NQWNEWFDQVQZAT,CCC(C)(O)C(O)C(=O)OCC1CCN2CCCC12,0.4816,0.2394,False,False
XMJAZPFSQQKHEG,OCC1=CCN2CCC[C@@H]12,0.5437,0.2131,False,False
DRVWTOSBCBKXOR,CC(C)[C@@](O)(C(=O)OCC1=CCN2CCC[C@@H]12)[C@@H](C)O,0.5486,0.2568,False,False
BZYGCNOHXFJSTG,O=C(O)C1CCN2CCC[C@@H]12,0.4983,0.2444,False,False
KUYONALXCVNWJX,CC(=O)O[C@@H](C)[C@@](OC(C)=O)(C(=O)OCC1=CCN2CC[C@@H](OC(C)=O)[C@@H]12)C(C)C,0.5689,0.2247,False,False
VORKGRIRMPBCCZ,CCCCCCCCCCCCCCCCCCCCCCC(=O)OC,0.5186,0.2889,False,False
YFQPDKABPCMKCA,CC(=O)OC(C)C(O)(C(=O)OCC1=CCN2CC[C@H](O)C12)C(C)C,0.4956,0.2184,False,False
UDSQVSBJCXBSHG,CC/C=C\C/C=C\C/C=C\CCCCCCCC(=O)OCCC,0.6339,0.3137,False,True
UDWDAZNTHNTGPK,C1OC2CC3OC3C1O2,0.6167,0.1429,False,False
UINYQQRHRKSVIK,C=CC(=O)OC(CC)CCCCCCCCCCC,0.6462,0.26,False,False
QMGOXEWNQKNUQO,CCCCCCCCCCCCCCCCC1CCc2ccccc21,0.43,0.2683,False,False
VWLLPPSBBHDXHK,N#Cc1ccc(N)c(N)c1,0.6617,0.2667,False,False
HIYIOWIWNUWNKQ,CCCC(C)C(=O)C(C)CC,0.5033,0.225,False,False
PYCHXHVFOZBVEY,CCCC(=O)C(C)(C)C,0.3607,0.2558,False,False
OQMDTUOCAXZDFT,CCCCCCCC(CC(C)=O)OC,0.6181,0.2766,False,False
KZJLVDJODJVDLQ,CCCCCCCCCCC(CCC)OC(=O)C(F)(F)F,0.6979,0.2353,False,False
YSKPQHIZCUHKCJ,C1CCCC2OOC(CC1)O2,0.4314,0.1556,False,False
ZNWRUFKGBSZSDC,CC(C)(C)c1cc(C(=O)NN)cc(C(C)(C)C)c1O,0.3833,0.475,True,True
JZTLFYKYBAAFSQ,COC(=O)CCCCCCCCCCC1CCCC1,0.4032,0.2857,False,False
SKIDNYUZJPMKFC,CCCCCCCCCCI,0.644,0.2963,False,False
GIVUYWNAZSOMJO,CC(C)CCCOC(=O)C1CCCN1C(=O)c1cccc(F)c1,0.7193,0.3377,False,True
JKIJEFPNVSHHEI,CC(C)(C)c1ccc(OP(Oc2ccc(C(C)(C)C)cc2C(C)(C)C)Oc2ccc(C(C)(C)C)cc2C(C)(C)C)c(C(C)(C)C)c1,0.535,0.2692,False,False
KDBZVULQVCUNNA,CC(C)(C)c1ccc(C(C)(C)C)c(O)c1,0.3383,0.3191,False,True
TUPZGFXSKNLCOF,CCCCCCCOC(=O)c1ccccc1C(=O)Oc1ccc(Br)cc1,0.5853,0.4259,True,True
DIBOSYWBDWWWDM,COc1c(O)cc([C@H]2Oc3cc(O[C@@H]4OC(C(=O)O)[C@@H](O)[C@H](O)[C@H]4O)cc(O)c3C[C@H]2O)cc1O,0.5576,0.3784,False,True
XWCKCHRCDXCUHK,C=CCCCCCCCC/C=C/C=C\CCCC,0.6565,0.2727,False,False
VLJLXEKIAALSJE,C1CCCCCC2OC2CCCC1,0.445,0.1739,False,False
WQULVXNWEYLDJY,O=C(OCCCl)OCCCl,0.5261,0.1591,False,False
SYRSHYBWNZNHHW,COc1cc(-c2oc3cc4c(c(O)c3c(=O)c2OC)OCO4)ccc1O[C@@H]1OC(C(=O)O)[C@@H](O)[C@H](O)[C@H]1O,0.7167,0.4872,True,True
USQGZNXXBDCNQF,O=c1c(-c2ccc(O)c(O)c2)coc2c(O)c(O)cc(O)c12,0.575,0.3191,False,True
QMMUPEDRUCMYIY,O=c1c(-c2ccc(O)c(O)c2)coc2cc(O)c(O)cc12,0.6417,0.3409,False,True
MPUAHKMJGSMMIL,COc1ccc(Cc2coc3c(C)c(O)c(C=O)c(O)c3c2=O)cc1,0.5689,0.2949,False,False
VYAKIUWQLHRZGK,O=c1cc(-c2ccc(O)c(O)c2)oc2cc(O)c(O)c(O)c12,0.5567,0.5385,True,True
FHHSEFRSDKWJKJ,COc1c(O)cc2oc(-c3ccc(O)c(O)c3)cc(=O)c2c1O,0.4383,0.4902,True,True
RTHZSGZAVUIROF,Cc1c(O)c(C=O)c(O)c2c(=O)c(Cc3ccc4c(c3)OCO4)coc12,0.5572,0.2941,False,False
KFUMHIDDQQILEL,Oc1ccc2c(c1)O[C@H](c1ccccc1)CC2,0.4162,0.3077,False,True
TUIJPUWSXVFWSH,O=c1cc(-c2ccc(O)cc2)oc2c(C3O[C@H](CO)[C@@H](O)[C@@H]3O)c(O)c(C3O[C@H](CO)[C@H](O)[C@H](O)[C@H]3O)c(O)c12,0.3733,0.3333,False,True
ZZAJQOPSWWVMBI,COc1ccc(-c2coc3cc(O)ccc3c2=O)cc1O,0.6233,0.3571,False,True
RLENKWQMUNAYFI,O=C(O)CC(=O)OC[C@H]1O[C@@H](Oc2cc3c(O)cc(O)cc3[o+]c2-c2ccc(O)c(O)c2)[C@H](O)[C@@H](O[C@@H]2O[C@H](CO)[C@@H](O)[C@H](O)[C@H]2O)[C@@H]1O,0.6876,0.2772,False,False
KUCVMQMKRICXJC,Oc1cc(O)c2cc(O[C@@H]3OC[C@H](O)[C@H](O)[C@H]3O)c(-c3ccc(O)c(O)c3)[o+]c2c1,0.4746,0.2429,False,False
XZUBZVMZVWFBNE,Oc1cc(O)c2cc(O[C@@H]3OC[C@H](O)[C@H](O)[C@H]3O)c(-c3cc(O)c(O)c(O)c3)[o+]c2c1,0.4791,0.2933,False,False
SMUUTIXQVTUCJD,O=C1c2ccc(O[C@@H]3OC(C(=O)O)[C@@H](O)[C@H](O)[C@H]3O)cc2OCC1c1ccc(O)cc1,0.5126,0.36,False,True
PJAUEKWZQWLQSU,COc1ccc(C2CC(=O)c3c(O)cc(O)cc3O2)cc1O[C@@H]1OC(C(=O)O)[C@@H](O)[C@H](O)[C@H]1O,0.4912,0.3977,False,True
JZHGXZBWVCUGTF,COc1cc(-c2oc3cc(O[C@@H]4OC[C@@H](O)[C@H](O)C4O)cc(O)c3c(=O)c2O[C@@H]2OC(CO)[C@@H](O)C(O)C2O)ccc1O,0.7117,0.4217,True,True
XZTRGHMNLXAJPZ,O=c1c(O[C@@H]2O[C@H](CO[C@@H]3O[C@H](CO)[C@H](O)[C@H]3O)[C@@H](O)[C@H](O)[C@H]2O)c(-c2ccc(O)cc2)oc2cc(O)cc(O)c12,0.6537,0.5429,True,True
LPOQROCPKZWCGK,O=C(O)CC(=O)OC[C@H]1O[C@@H](Oc2cc(O)c3c(=O)cc(-c4ccc(O)c(O)c4)oc3c2)[C@H](O[C@@H]2OC[C@](O)(CO)[C@H]2O)[C@@H](O)[C@@H]1O,0.6753,0.3028,False,True
KRTDLKMYYZULBZ,Cc1c(O)cc2oc(-c3ccccc3)c(O)c(=O)c2c1O,0.4833,0.3778,False,True
OXJKSVCEIOYZQL,O=c1c(OC2OC(CO)C(O)C2O)c(-c2cc(O)c(O)c(O)c2)oc2cc(O)cc(O)c12,0.6817,0.7119,True,True
KPKDFSLIRPVPJF,C[C@@H]1O[C@@H](Oc2cc(-c3oc4cc(O)cc(O)c4c(=O)c3O)cc(O)c2O)[C@H](O)[C@H](O)[C@H]1O,0.5987,0.5781,True,True
MBSKDCPWFSMEFD,COc1cc(-c2[o+]c3cc(O)cc(O)c3cc2O[C@@H]2O[C@H](COC(C)=O)[C@@H](O)[C@H](O)[C@H]2O)ccc1O,0.5983,0.2973,False,False
ZLQYEKDHCDLAGO,O=C(O)CC(=O)OCC1OC(Oc2c(-c3ccc(O)c(O)c3)oc3cc(OC4OC(CO)C(O)C(O)C4O)cc(O)c3c2=O)C(O)C(O)C1O,0.745,0.475,True,True
OTUCXMIQUNROBJ,CC1OC(Oc2cc(O)c3c(=O)c(OC4OC(CO)C(O)C(O)C4O)c(-c4ccc(O)c(O)c4)oc3c2)C(O)C(O)C1O,0.6783,0.48,True,True
ZFGBNYDDAJMWAZ,O=c1c(O[C@@H]2O[C@H](CO[C@@H]3O[C@H](CO)[C@H](O)[C@H]3O)[C@@H](O)[C@H](O)[C@H]2O)c(-c2ccc(O)c(O)c2)oc2cc(O)cc(O)c12,0.6637,0.5493,True,True
RSSYYEQEOXSTLN,O=C(O)C=c1c(O)c(O)ccc1=CCC(=O)OC(Cc1ccc(O)c(O)c1)C(=O)O,0.4482,0.2615,False,False
DHFITKQFTDCZNM,CO[C@@]1(Cc2ccc(O)cc2)CCC(=O)C1=O,0.4605,0.2791,False,False
NUVZHUHADLUEJS,C=C(C)C(=C)CC(C)=CC,0.42,0.1277,False,False
LSKONYYRONEBKA,CCCCCCCCCCC(C)=O,0.5204,0.3077,False,True
FMEHGPQTMOPUGM,COc1cc(-c2oc3cc(O)cc(O)c3c(=O)c2OC)ccc1O,0.5533,0.4528,True,True
GVLMRDDSMVCWKB,COc1ccc(-c2oc3c(OC)c(OC)c(OC)c(O)c3c(=O)c2OC)cc1O,0.4867,0.4,True,True
QCOSAYZZNVASNN,COc1ccc(-c2cc(=O)c3c(O)c(OC)c(O)c(OC)c3o2)cc1OC,0.395,0.5098,True,True
ADNCDMHZHONBRR,COc1ccc(-c2oc3cc(OC)c(OC)c(O)c3c(=O)c2OC)cc1,0.51,0.5208,True,True
PERWTZDXPBWCHU,CC1C[C@@]23C4=C(C[C@@H](O)[C@H]2CCCN3CCC4)C1=O,0.5686,0.194,False,False
XVPZRKIQCKKYNE,Cn1c(Cc2ccccc2)nc(=O)c2ccccc21,0.5354,0.2963,False,False
ATBZZQPALSPNMF,COc1cc2c(c(O)c1OC)c(=O)c1ccccc1n2C,0.5467,0.3922,False,True
AVHGSHJBWASVAK,CC(C)[C@@H]1CCC2[C@@]1(C)CCC1(C)[C@@H]3CCC4C(C)(C)C(=O)CC[C@]4(C)C3=CC[C@]21C,0.7302,0.1928,False,False
ZTVWLBMIFFSWBQ,COc1c2ccccc2c(OC)c2occc12,0.4167,0.3065,False,True
QZQGLRFURVFIFL,CC(C)(O)c1cc2c(o1)C(=O)c1ccccc1C2=O,0.3167,0.2679,False,False
WIONIXOBNMDJFJ,COc1c2ccccc2nc2occc12,0.5867,0.3051,False,True
ABLZJMDXNZTQKT,COc1ccc(/C=C/C(=O)c2c(OC)cc3c(c2O)C=CC(C)(C)O3)cc1OC,0.6324,0.3971,False,True
SIUSRUNIJUFYPR,COc1cc2[nH]c3ccccc3c2cc1C=O,0.3333,0.3148,False,True
WCKFRKXQABCDRE,COc1ccc2[nH]c3cc(OC)c(C=O)cc3c2c1,0.395,0.3226,False,True
VSFAXCAPDWNRJI,COc1cc2[nH]c3ccc(O)cc3c2cc1C,0.4683,0.2955,False,False
GQGQTPKMCGBOKG,COc1ccc2[nH]c3ccc(C)cc3c2c1,0.3683,0.4231,True,True
SDPOFOYJCOPMMV,COc1c2ccoc2nc2c3c(ccc12)OCO3,0.6283,0.2623,False,False
NITWSHWHQAQBAW,COC(=O)C=Cc1ccc(O)cc1,0.1305,0.5385,True,True
QCPVEYRGEWSJPF,COc1cccc2c1[nH]c1c3c(c(C)cc12)OC(C)(C)C=C3,0.7233,0.2206,False,False
GLVVKKSPKXTQRB,C=COC(=O)CCCCCCCCCCC,0.5302,0.2889,False,False
MRHRLPQBVGIOOL,CC(C)=CC[C@@]12O[C@@H](C(C)(C)O)CC1C(=O)c1ccccc1C2=O,0.5167,0.2625,False,False
OIVTVPOJCWXSIC,C=C[C@]1(C)CC[C@H](C(C)(O)CCC=C(C)C)O1,0.635,0.2949,False,False
UOYDHCVOIGSHCY,CC/C=C\CCOC(=O)c1ccccc1C(=O)O,0.4902,0.3333,False,True
AGIQIOSHSMJYJP,COc1ccc(OC)c(OC)c1,0.2933,0.4722,True,True
LLIFEWZQIYEVKX,CC1CCC(C)(O)C1,0.4352,0.2432,False,False
IGLDJTYPTSDFND,COc1cc2c(c(O)c1OC)-c1ccc(OC)c(=O)cc1[C@@H](NC(C)=O)CC2,0.5642,0.2969,False,False
IYDNQWWOZQLMRH,C#CCCCCCCCCCCCCCCCC,0.6361,0.2667,False,False
VUGRNZHKYVHZSN,C#CC(O)CCCCC,0.5367,0.2424,False,False
PRPINYUDVPFIRX,O=C(O)Cc1cccc2ccccc12,0.8067,0.4474,True,True
LQGJLZVVRFSUBM,CCN(CC)c1nc2ccccc2o1,0.6367,0.3404,False,True
ICJVQAHPHKYCNU,CCOc1ccccc1CO,0.5767,0.3333,False,True
ALOKATFWZISWCK,CCc1nc2c(c(N)c1C)CCC2,0.61,0.1967,False,False
MWSVYTXIAIUBMP,CCCCCCCCC1=C(CCCCCCCO)C1,0.6487,0.375,False,True
XUWHAWMETYGRKB,O=C1CCCCN1,0.5808,0.1905,False,False
HREHOXSRYOZKNT,OCc1ccc2ccccc2n1,0.52,0.3333,False,True
MGFDPQVHUPBIHI,CCCCCCCCCCCCC(C)OC(=O)C(F)(F)F,0.6898,0.2537,False,False
FRQQKWGDKVGLFI,CCCCCCCCCC(C)(C)S,0.5217,0.2581,False,False
DUZKSGROYAVIQK,COc1ccc(NNC(N)=O)cc1O,0.3453,0.3571,False,True
DPOVAJCRYIUTBD,COc1cc2c(c(OC)c1O)-c1ccc(OC)c(=O)cc1[C@@H](NC(C)=O)CC2,0.5308,0.2576,False,False
JRRUSQGIRBEMRN,COc1c(O)cc2c(c1OC)-c1ccc(OC)c(=O)cc1[C@@H](NC(C)=O)CC2,0.5542,0.2537,False,False
PKYOHQGXPPVIGD,COc1c(O)cc2c(c1OC)-c1ccc(SC)c(=O)cc1[C@@H](NC(C)=O)CC2,0.6158,0.2329,False,False
MFUWCHVZZMRQBB,COC(=O)/C=C\SCc1ccccc1,0.3137,0.3333,False,True
PXMUSCHKJYFZFD,COc1ccc(C(O)C(=O)O)cc1O,0.2122,0.3947,False,True
TUUBOHWZSQXCSW,COc1cc(O)cc(C(=O)O)c1,0.2803,0.5,True,True
LFFNFISDKKTXTI,CC(=O)N1C(=O)C2CCCN2C(=O)C1C,0.5317,0.2192,False,False
XCBOVFFZLIBFBZ,C[Si](C)(C)OCCS[Si](C)(C)C,0.47,0.1273,False,False
OKVJCVWFVRATSG,OCc1cccc(O)c1,0.4271,0.3226,False,True
MGCGJBXTNWUHQE,O=Cc1ccnc2ccccc12,0.41,0.2927,False,False
JKAJWKJEMDNKAH,CCCCC/C=C\C/C=C\C/C=C\CCCCC(=O)OCc1ccccc1,0.5421,0.3922,False,True
LIIUNCOQNQQGFQ,N#Cc1c(Cl)nc(NC23CC4CC(CC(C4)C2)C3)c(Cl)c1Cl,0.57,0.1667,False,False
UPRFVWKDYGUSGA,CCCCC(CC)CCC(CC)O[Si](C)(C)C,0.555,0.1746,False,False
NWBJYWHLCVSVIJ,c1ccc(CNc2ncnc3[nH]cnc23)cc1,0.47,0.2787,False,False
CFTOTSJVQRFXOF,c1ccc2c3c([nH]c2c1)CNCC3,0.4053,0.3333,False,True
CGFITOCWTCRCSL,CCCCCCCC/C=C\CCCCCCCC(=O)OCc1ccccc1,0.5815,0.4,True,True
HWWKORYFZUHZKW,CCc1cc(C(C)C)cc(C(C)C)c1,0.5533,0.3571,False,True
AAUQLHHARJUJEH,COc1cccc(O)c1C(=O)O,0.3633,0.4412,True,True
YRJIMTHQIPOSJR,COC(=O)c1c(O)cccc1OC,0.4333,0.3514,False,True
PAPSQZAQCBGYCJ,CCOC(OCC)C(C)CC,0.2867,0.2432,False,False
PBAYDYUZOSNJGU,O=C(O)c1cc(=O)cc(C(=O)O)o1,0.2143,0.25,False,False
QZKOOEFIMWKZPK,N=C(N)c1ccc2[nH]c(Cc3nc4cc(C(=N)N)ccc4[nH]3)nc2c1,0.555,0.2615,False,False
PRGILOMAMBLWNG,COc1cc2c(c(OC)c1OC)-c1ccc(=O)c(O)cc1[C@@H](NC(C)=O)CC2,0.5567,0.2576,False,False
IAKHMKGGTNLKSZ,COc1cc2c(c(OC)c1OC)-c1ccc(OC)c(=O)cc1[C@@H](NC(C)=O)CC2,0.5658,0.2812,False,False
DCYAJVOKJAFSES,COc1c2c(cc3c1-c1ccc(OC)c(=O)cc1C(NC(C)=O)CC3)OCO2,0.5803,0.2329,False,False
DIZYHORWVKHYCQ,COc1cccc(O)c1C(=O)OCc1cc(O)ccc1O[C@@H]1O[C@H](CO)[C@@H](O)[C@H](O)[C@H]1O,0.6837,0.3333,False,True
MOHSIYYBSXQRJW,CCCCCCCCCCCOC(=O)CC#N,0.5254,0.2857,False,False
LWKWNIYBQLKBMQ,CCCC(=O)OC(C)(C)C1CC=C(C)CC1,0.452,0.2333,False,False
ZKGRELFDBYFQAZ,CCCCCCCCCCCCCCCCCCOC(=O)CCCCCCCCC,0.4928,0.3051,False,True
HWRWHJDHEFFWFB,CC/C=C/COC(=O)CCCCCCCCCCC,0.6404,0.2653,False,False
XVHMNLIDWWNNHG,O=C1C(O)c2ccccc2OC1c1ccccc1,0.4833,0.28,False,False
RFHAOTPXVQNOHP,OC(Cn1cncn1)(Cn1cncn1)c1ccc(F)cc1F,0.6433,0.2329,False,False
SXHVHWXETMBKPP,COC1=C[C@]23C[C@H](C[C@H](c4ccc5c(c4)OCO5)[C@H]2C)OC3=CC1=O,0.6089,0.2593,False,False
HCBOYQSYWSEVID,Cc1nccc2c1C(O)OCC2,0.4674,0.2,False,False
HDSXDWASQCHADG,COc1cc2c(c(OC)c1OC)-c1ccc(OC)c(=O)cc1[C@@H](NC=O)CC2,0.6125,0.2857,False,False
IQWYYPSAYLKEME,CCCCCCCCCCCCCCCC(OCCCCCCCCCCCC)OCCCCCCCCCCCC,0.4814,0.2353,False,False
JTEDVYBZBROSJT,O=C(O)CCCc1c[nH]c2ccccc12,0.3367,0.4898,True,True
XUJLWPFSUCHPQL,CC(C)CCCCCCCCCCO,0.5915,0.2041,False,False
HNAPWDKFUSLFFE,CCCCCCCCCCCC1CC(=O)NC(CC(N)=O)C(=O)NC(Cc2ccc(O)cc2)C(=O)NC(CC(N)=O)C(=O)NC(CCC(N)=O)C(=O)N2CCCC2C(=O)NC(CC(N)=O)C(=O)NC(CO)C(=O)N1,0.5961,0.24,False,False
ANYYRKZSAPSRCB,COc1cccc(C(=O)CC(=O)C(=O)Nc2cc(Cl)ccc2C)c1,0.785,0.3506,False,True
LCMOHFZGRVNOPO,Cc1ccc(Cl)cc1NC(=O)C(=O)CC(=O)c1ccc(F)cc1,0.7633,0.3429,False,True
QANMHLXAZMSUEX,c1coc(CNc2ncnc3[nH]cnc23)c1,0.5567,0.3175,False,True
GNQAUWHQMMKDFX,CP(=O)(F)OCCCC1CCCCC1,0.485,0.2712,False,False
WOJBAMBWWYIQHQ,C=c1c(N)c(O)c2c(c1O)N1C[C@@H]3N[C@@H]3[C@]1(OC)C=2COC(N)=O,0.6209,0.1951,False,False
IRVWPZRYDQROLU,COc1cc2c(c(OC)c1OC)-c1ccc(=O)c(O)cc1[C@@H](N)CC2,0.4283,0.2787,False,False
HFPMXDMZJUJZBX,COc1cc2c(c(OC)c1OC)-c1ccc(OC)c(=O)cc1[C@@H](N)CC2,0.4892,0.3103,False,True
NDKXARFZWSQXGE,COc1cc2c(c(OC)c1OC)-c1ccc(OC)c(=O)cc1[C@@H](N(C)C)CC2,0.4992,0.3,False,True
WVDFZHJTHUAKMH,C=CCCCCCCCCCOC(=O)CCCC,0.5893,0.2537,False,False
NSEWTSAADLNHNH,Oc1cc(O)c2c(c1)O[C@@]1(c3ccc(O)c(O)c3)Oc3cc(O)c4c(c3[C@@H]2[C@H]1O)O[C@H](c1ccc(O)c(O)c1)[C@H](O)C4,0.5587,0.3537,False,True
GMISZFQPFDAPGI,Oc1cc(O)c2c(c1)OC(c1ccc(O)c(O)c1)C(O)C2c1c(O)cc2c(c1O)CC(O)C(c1ccc(O)c(O)c1)O2,0.4545,0.3571,False,True
LGICWIVABSMSDK,CCOCCC(OCC)OCC,0.4267,0.2195,False,False
YNCMLFHHXWETLD,Cn1c2cccc(=O)c-2nc2ccccc21,0.6568,0.2712,False,False
SZJNCZMRZAUNQT,CC(C)CC1NC(=O)C2CCCN2C1=O,0.5226,0.2,False,False
CQRYARSYNCAZFO,OCc1ccccc1O,0.61,0.2895,False,False
YEXBCAFMSRLMNO,CC(C)C1CCC(C)C12CC(=O)C1(C)OC1C2,0.6439,0.2258,False,False
PBEDWPIWZYHNPL,CC(C)CCCCCCC[C@@H]1CC(=O)NC(CCC(=O)O)C(=O)NC(CC(C)C)C(=O)NC(CC(C)C)C(=O)NC(C(C)C)C(=O)NC(CC(=O)O)C(=O)NC(CC(C)C)C(=O)NC(CC(C)C)C(=O)O1,0.6501,0.1818,False,False
DZLNHFMRPBPULJ,O=C(O)C1CSCN1,0.3817,0.2143,False,False
LSQZJLSUYDQPKJ,CC1(C)S[C@@H]2C(NC(=O)C(N)c3ccc(O)cc3)C(=O)N2C1C(=O)O,0.5421,0.2031,False,False
UXAFRQPVHYZDED,COc1c(O[C@@H]2O[C@H](CO)[C@@H](O)[C@H](O)[C@H]2O)cc2c(c1OC)-c1ccc(OC)c(=O)cc1[C@@H](NC(C)=O)CC2,0.6579,0.2551,False,False
AVSXSVCZWQODGV,CC(C)=CCC[C@@H](C)[C@H]1CC[C@H]2[C@@H]3CC=C4C[C@@H](O)CC[C@]4(C)[C@H]3CC[C@]12C,0.7583,0.2791,False,False
CEAZRRDELHUEMR,CNC(C)C1CCC(N)C(OC2C(N)CC(N)C(OC3OCC(C)(O)C(NC)C3O)C2O)O1,0.6321,0.1341,False,False
LCPYQJIKPJDLLB,CC(C)CC(N)C(=O)NC(CC(C)C)C(=O)O,0.354,0.5526,True,True
LNMQRPPRQDGUDR,C=CC(=O)OCCCCCC,0.5309,0.2889,False,False
LFGWNTJEIDEJGJ,C[C@@H]1O[C@@H](OCC(=O)C(O)C(O)C(O)CO)[C@H](O)[C@H](O)[C@H]1O,0.4857,0.2319,False,False
CMEGANPVAXDBPL,COc1cc2c(c(OC)c1OC)-c1ccc(SC)c(=O)cc1[C@@H](NC(C)=O)CC2,0.6192,0.2444,False,False
BMJHAAZDURGGSC,COc1c(O)cc(C(=O)O[C@@H]2Cc3c(O)cc(O)cc3O[C@@H]2c2cc(O)c(O)c(O)c2)cc1O,0.5765,0.6061,True,True
ZLHNYIHIHQEHJQ,CC(=O)NNC(C)=O,0.3469,0.1935,False,False
JSZOAYXJRCEYSX,CCC[N+](=O)[O-],0.4683,0.2222,False,False
BQMJRGMPYWXDPC,C1COC(C2OCCO2)O1,0.4019,0.1026,False,False
LWJBQKKNODYJEI,CCCCCCCC1OCCO1,0.4934,0.2727,False,False
KMAKOBLIOCQGJP,O=C(O)c1c[nH]c2ccccc12,0.215,0.413,True,True
RAGZUCNPTLULOL,COc1cc(C=CC(=O)O[C@@H]2C[C@@](O)(C(=O)O)C[C@@H](O)[C@@H]2O)ccc1O,0.37,0.4407,True,True
DXWGBJJLEDQBKS,CC(=O)OC[C@H]1O[C@@H](Oc2cc(O)c3c(=O)c(-c4ccc(O)cc4)coc3c2)[C@H](O)[C@@H](O)[C@@H]1O,0.6564,0.3529,False,True
DRAPQDCEBKBPQE,COc1cc(C2OCC3(OC4OC(CO)C(O)C(O)C4O)C(c4ccc(O)c(OC)c4)OCC23)ccc1O,0.5,0.3014,False,True
HSUDZAXSWFTVAR,CC(=O)OCCCC1OCCO1,0.2817,0.2979,False,False
OFLXLNCGODUUOT,CC(=O)NN,0.435,0.3125,False,True
RFFYIBOJHUSIGD,CC(C)=CCC/C(C)=C/CO[C@@H]1O[C@H](CO[C@@H]2OC[C@](O)(CO)[C@H]2O)[C@@H](O)[C@H](O)[C@H]1O,0.6138,0.2273,False,False
UZYZCCWBBBCDAD,C=C[C@H]1[C@H](O[C@@H]2O[C@H](CO)[C@@H](O)[C@H](O)[C@H]2OC(=O)c2c(O)cc(O)cc2-c2cccc(O)c2)OC=C2C(=O)OCC[C@]21O,0.6341,0.2256,False,False
UXSACQOOWZMGSE,O=C(O[C@H]1[C@@H]2C=CO[C@@H](O[C@@H]3O[C@H](CO)[C@@H](O)[C@H](O)[C@H]3O)[C@@H]2[C@@]2(CO)O[C@@H]12)c1ccc(O)cc1,0.6524,0.2857,False,False
PHHROXLDZHUIGO,CC(=O)O[C@H]1C[C@@H]2C(COC(=O)CC(C)C)=CO[C@@H](OC(=O)CC(C)C)[C@@H]2[C@@]12CO2,0.5837,0.25,False,False
RMRJXGBAOAMLHD,CO[C@]12CC[C@@]3(C[C@@H]1[C@](C)(O)C(C)(C)C)[C@H]1Cc4ccc(O)c5c4[C@@]3(CCN1CC1CC1)[C@H]2O5,0.6383,0.1919,False,False
YRXIDKUVBPMNRA,CC(C)(O)[C@H](O)CC[C@@H](CO)[C@H]1CC[C@@]2(C)C3=C(C[C@H](O)[C@]12C)[C@@]1(C)C[C@@H](O)[C@H](O)C(C)(C)[C@@H]1CC3,0.7069,0.1717,False,False
AMOGMTLMADGEOQ,CC1C(=O)O[C@H]2[C@@H](O)[C@]34[C@@H]5OC(=O)[C@]3(O[C@@H]3OC(=O)C(O)[C@@]34[C@H](C(C)(C)C)[C@H]5O)[C@@]12O,0.6417,0.1842,False,False
KVRQGMOSZKPBNS,C[C@]1(OC(=O)/C=C/c2ccccc2)C[C@@H](O)[C@]2(O)C=CO[C@@H](O[C@@H]3O[C@H](CO)[C@@H](O)[C@H](O)[C@H]3O)[C@@H]21,0.6121,0.2632,False,False
CPIVYSAVIPTCCX,CC(=O)OC(C)CC(C)C,0.3767,0.2632,False,False
FGLBSLMDCBOPQK,CC(C)[N+](=O)[O-],0.4533,0.1905,False,False
GMQXOLRKJQWPNB,C/C=C1/[C@H](O[C@@H]2O[C@H](CO)[C@@H](O)[C@H](O)[C@H]2O)OC=C(C(=O)OC)[C@H]1CC(=O)OCCc1ccc(O)cc1,0.6367,0.268,False,False
SMEROWZSTRWXGI,C[C@H](CCC(=O)O)[C@H]1CC[C@H]2[C@@H]3CC[C@@H]4C[C@H](O)CC[C@]4(C)[C@H]3CC[C@]12C,0.7667,0.284,False,False
ZJTJUVIJVLLGSP,Cc1cc2nc3[nH]c(=O)[nH]c(=O)c3nc2cc1C,0.4883,0.2333,False,False
YTZSBJLNMIQROD,COC(=O)C1=CO[C@@H](O[C@@H]2O[C@H](CO)[C@@H](O)[C@H](O)[C@H]2O)C2C1CC(O)O[C@H]2C,0.6587,0.2273,False,False
MGJLSBDCWOSMHL,COc1ccc(-c2coc3cc(O[C@@H]4O[C@H](CO)[C@@H](O)[C@H](O)[C@H]4O)ccc3c2=O)cc1,0.7503,0.3636,False,True
CUSXWWXXAPEFHY,CC1C(=O)O[C@@H]2C[C@@]1(C)C1C(=O)[C@]3(O)O[C@@]14[C@@](O)(CC[C@H]1[C@H]3[C@H](O)C=C3C=CCC(=O)[C@@]31C)C(=O)O[C@@]24C,0.7213,0.1868,False,False
GHCZYXUOYFOXIP,CC(C)=CCc1c2c(c3occ(-c4ccc(O)c(O)c4)c(=O)c3c1O)C=CC(C)(C)O2,0.5917,0.4545,True,True
CMJGAYUQSLJSCR,O=C1OC[C@H](Cc2ccc3c(c2)OCO3)/C1=C\c1ccc2c(c1)OCO2,0.3552,0.3208,False,True
XVCVDNKCUNGTRP,C=COC(=O)C=Cc1ccc(O)c(O)c1,0.1204,0.5227,True,True
JXRNMQDTJAQLAQ,C=CCCCCC/C=C\C/C=C\C/C=C\CC,0.6176,0.2667,False,False
LEQCJROTXBYLEU,CC(O)COCC(C)OCC(C)O,0.3733,0.1795,False,False
NDQXKKFRNOPRDW,CCOC(C)(OCC)OCC,0.4267,0.1795,False,False
AZUXKVXMJOIAOF,CC(O)COCC(C)O,0.3367,0.2121,False,False
JNEDIXTZHKYKQT,CCCCSCCOCC,0.5253,0.2955,False,False
IFVMAGPISVKRAR,CCC1=CCCCC1,0.5539,0.2619,False,False
GFAZHVHNLUBROE,CCC(=O)CO,0.4126,0.1795,False,False
KRIOVPPHQSLHCZ,CCC(=O)c1ccccc1,0.3583,0.4,True,True
AMTITFMUKRZZEE,CCCC/C=C/CCCCCCCCCC=O,0.5432,0.2955,False,False
KNHJIEOCVVIBIV,Cc1cccc(N=C=O)c1C,0.58,0.3,False,True
GPTIBPWMOQAWOT,Cc1ccc(COCc2ccccc2)o1,0.405,0.3243,False,True
STWQWFMLBVYZTH,CCC=C(C=O)CC,0.5158,0.1538,False,False
JLGLQAWTXXGVEM,COCCOCCOCCO,0.4117,0.2115,False,False
MWOMNLDJNQWJMK,COc1cc(CCCO)ccc1O,0.37,0.4043,True,True
CTQDDUUWPXZOAF,C=C1CCC2(COC(C)=O)CCC3(C)C(CCC4C5(C)CCC(OC(C)=O)C(C)(C)C5CCC43C)C2C1C,0.742,0.2708,False,False
MZCUMMBTDLDIGZ,CCC/C=C\C/C=C\C/C=C\CCCCC(=O)OCC,0.5622,0.2903,False,False
AJRICDSAJQHDSD,CCCCCCCCCCCCCCCCCCCCC(=O)OC,0.5186,0.2889,False,False
VMCIKMLQXFLKAX,COCCOCCOCCOCCOCCOCCOC,0.4117,0.1538,False,False
OARSBVJBXGMAEH,CC(=O)OC1CCC2(C)C(CCC3(C)C2CCC2C4C(C(C)C)CCC4(C)CCC23C)C1(C)C,0.7303,0.2955,False,False
LOXBLOUMQIQCNL,CCCCC/C=C\C/C=C\C/C=C\CCCCCCCCC(=O)OC,0.6523,0.3617,False,True
GDCPUOYOLUEQOX,C#CC1CCC(N(C)C)CC1,0.4254,0.1538,False,False
JZAFZYMRELRTKL,NC(Cc1ccc(O[C@@H]2O[C@H](CO)[C@@H](O)[C@H](O)[C@H]2O)cc1)C(=O)O,0.5828,0.3378,False,True
VVEBTVMJPTZDHO,CCCCC/C=C\C/C=C\CCCCCCCC(=O)OCC(COC(=O)CCCCCCC/C=C\CCCCCCCC)OC(=O)CCCCCCC/C=C\C/C=C\CCCCC,0.6648,0.2985,False,False
JTMWOTXEVWLTTO,CCCCC/C=C\C/C=C\CCCCCCCC(=O)OCC(COC(=O)CCCCCCC/C=C\CCCCCCCC)OC(=O)CCCCCCC/C=C\CCCCCCCC,0.6648,0.2985,False,False
TUTWQVWAOIMZDH,CCCCOc1ccc(O)c(CC(=O)O)c1,0.565,0.4074,True,True
BVKZGUZCCUSVTD,O=C(O)O,0.2333,0.1739,False,False
DRAWQKGUORNASA,CCCCCCCC/C=C\CCCCCCCC(=O)OCC(O)COC(=O)CCCCCCC/C=C/CCCCCCCC,0.6281,0.2941,False,False
YKOPWPOFWMYZJZ,CC1(C)CC[C@]2(C(=O)O)[C@H](O)C[C@]3(C)C(=CC[C@@H]4[C@@]5(C)CC[C@H](O)C(C)(C)[C@@H]5CC[C@]43C)[C@@H]2C1,0.795,0.5692,True,True
BUOLSBLQAQNNJC,CC1(C)CC[C@]2(C(=O)O)[C@H](O)[C@H](O)[C@]3(C)C(=CC[C@@H]4[C@@]5(C)CC[C@H](O)C(C)(C)[C@@H]5CC[C@]43C)[C@@H]2C1,0.757,0.5,True,True
QJRFOUJEGHRZIU,C/C1=C\CC2C(C/C(C)=C/CC1)OC(=O)C2C,0.497,0.2,False,False
IGMNYECMUMZDDF,O=C(O)Cc1cc(O)ccc1O,0.6667,0.3542,False,True
NBRCIHAGNJRRRI,CS/C=C/C(=O)NCCO,0.4956,0.2281,False,False
HDXIQHTUNGFJIC,C[C@@H]1CC[C@@]2(OC1)O[C@H]1C[C@H]3[C@@H]4CC=C5C[C@@H](O[C@@H]6O[C@H](CO)[C@@H](O)[C@H](O)[C@H]6O[C@@H]6O[C@@H](C)[C@H](O)[C@@H](O)[C@H]6O)CC[C@]5(C)[C@H]4CC[C@]3(C)[C@H]1[C@@H]2C,0.7208,0.283,False,False
LLEVMYXEJUDBTA,N#CCCCCCC#N,0.5305,0.1163,False,False
PHYFQTYBJUILEZ,CCCCCCCC/C=C\CCCCCCCC(=O)OCC(COC(=O)CCCCCCC/C=C\CCCCCCCC)OC(=O)CCCCCCC/C=C\CCCCCCCC,0.6782,0.283,False,False
YNVJOQCPHWKWSO,Oc1ccc([C@@H]2c3c(O)cc(O)cc3C3C2c2cc(O)cc(O)c2[C@H]3c2ccc(O)cc2)cc1,0.4375,0.3077,False,True
CCQPAEQGAVNNIA,O=C(O)C1(C(=O)O)CCC1,0.3217,0.1463,False,False
PWXFMJFBWHESOZ,CCCCCCCCCCC=c1c(O)c(O)c(=CC2=C(O)C(=O)C(CCCCCCCCCCC)=C(O)C2=O)c(O)c1O,0.6652,0.2778,False,False
HGUVPEBGCAVWID,O=c1cc(-c2ccc(O)cc2)oc2cc(O[C@@H]3O[C@H](CO)[C@@H](O)[C@H](O)[C@H]3O)c([C@@H]3O[C@H](CO)[C@@H](O)[C@H](O)[C@H]3O)c(O)c12,0.507,0.3614,False,True
MVOUGOXRXQDXDC,C[C@@H]1O[C@@H](c2c(O)c([C@@H]3O[C@H](CO)[C@@H](O)[C@H](O)[C@H]3O)c(O)c3c(=O)cc(-c4ccc(O)cc4)oc23)[C@H](O)[C@H](O)[C@H]1O,0.38,0.3235,False,True
XNFZJASXPNFCQW,C=C1C(=O)O[C@@H]2[C@H]3C(=C)[C@@H](O[C@@H]4O[C@H](CO)[C@@H](O)[C@H](O)[C@H]4O)C[C@H]3C(=C)C[C@H](O)[C@@H]12,0.725,0.2432,False,False
JMUOPRSXUVOHFE,C=C(C)C(=O)O[C@H]1CC2=C[C@@H](C/C(C)=C/[C@H]3OC(=O)C(=C)[C@H]13)OC2=O,0.5921,0.3099,False,True
NPUYGQDEYLIOMG,N#CC1C(C2CCN(c3ccccc3)CC2)=Nc2[nH]ncc2C1c1cccc2nonc12,0.7217,0.236,False,False
HSTUUCOYVIWGLJ,C=C1C(=O)O[C@H]2[C@H]1[C@@H](OC(=O)C=C(C)C)CC1=C[C@@H](C[C@@]3(C)O[C@H]23)OC1=O,0.7717,0.369,False,True
OIOLZODVFMMERF,C=C1[C@@H]2[C@H]3OC(=O)C(=C)[C@@H]3CCC(=C)[C@@H]2C[C@@H]1O[C@@H]1O[C@H](CO)[C@@H](O)[C@H](O)[C@H]1O,0.7211,0.2405,False,False
QKWYAXPXOSXSLZ,C=C(C)C(=O)O[C@H]1C=C(C)CC(=O)C=C(C)[C@H](O)[C@H]2OC(=O)C(=C)[C@@H]21,0.6333,0.2963,False,False
KSZPOXRGNREKQK,NCc1cccc(C2CCN(C(=O)c3cncc(NCc4ccc(Br)cc4F)c3)CC2)c1,0.7237,0.2338,False,False
XFHAKDIYTJGGSQ,C=CC1C(=C)CCC2C1CCC1C(C)(C(=O)O)CCCC21C,0.6737,0.2361,False,False
GOFXWTVKPWJNGD,Cc1cn2nc([C@@H]3CCCCN3C(=O)c3cc(Cl)ccc3NS(C)(=O)=O)cc2nc1N1CC[C@H](N)C1,0.6952,0.2553,False,False
FFGCRXVYUSRRQO,NS(=O)(=O)Cc1ccc(Cl)cc1,0.7617,0.3824,False,True
ZOIJRPSLRHKPEH,OCCCCCCCCCCCCCCCCCCCCCCCCCCCCCCO,0.4432,0.1538,False,False
LYXYBSYXGARUEA,C#CCC(O)CCC,0.5367,0.1591,False,False
BAMUYGBGEFSQLV,CCC1(C)C=C2CCC3C(C)(C(=O)OC)CCCC3(C)C2CC1,0.6599,0.225,False,False
MIXDKMVCTSNZFY,CCCCCCCCCCCC#CC(=O)NCC(N)=O,0.7106,0.2778,False,False
QZJOQYUFDYRGIA,O=C(CCc1ccccn1)Nc1ccccc1,0.4967,0.3261,False,True
QGBWWLVFYIIBJI,CCCCCCCCCCCCSc1c(Cl)c(C)nc(C)c1Cl,0.7621,0.2979,False,False
ACTOXUHEUCPTEW,CO[C@@H]1[C@@H](O[C@@H]2O[C@H](C)[C@@H](O[C@H]3C[C@@](C)(O)[C@@H](O)[C@H](C)O3)[C@H](N(C)C)[C@H]2O)[C@@H](CC=O)C[C@@H](C)[C@@H](O[C@H]2CC[C@H](N(C)C)[C@@H](C)O2)/C=C/C=C/C[C@@H](C)OC(=O)C[C@H]1O,0.7242,0.1835,False,False
RGUXLGYXMLKTAQ,COC(=O)C(Cc1ccc(OC(C)=O)cc1)OC(C)=O,0.5603,0.38,False,True
XRAMJHXWXCMGJM,COC(=O)CCc1ccc(O)cc1,0.3617,0.4242,True,True
AVQFHKYAVVQYQO,Nc1cc(S(N)(=O)=O)ccc1O,0.5633,0.4848,True,True
KBIISECRRPIFNU,CC(C)C(C)C1CC1C(C)C1CCC2C3CC4CC45CC(O)CCC5(C)C3CCC12C,0.73,0.2159,False,False
CEAZZAUOPQJDKW,C[Si]1(C)O[Si](C)(C)O[Si](C)(C)O[Si](C)(c2ccccc2)O[Si](C)(C)O1,0.3433,0.2222,False,False
WRILCDHGYNWDFY,C[Si](C)(C)c1ccc([Si](C)(C)[Si](C)(C)C)cc1,0.425,0.1765,False,False
FIQMHBFVRAXMOP,O=P(c1ccccc1)(c1ccccc1)c1ccccc1,0.465,0.35,False,True
CGSLYBDCEGBZCG,CCCCC(CC)COP(=O)(Oc1ccccc1)Oc1ccccc1,0.6265,0.2615,False,False
YAFOVCNAQTZDQB,CCCCCCCCOP(=O)(Oc1ccccc1)Oc1ccccc1,0.518,0.3333,False,True
PXHSJMJQTOFLAS,C[Si](C)(C)Oc1cc(O[Si](C)(C)C)cc(O[Si](C)(C)C)c1,0.4567,0.2414,False,False
JEWCZPTVOYXPGG,C=C[Si](C)(C)OCC,0.4197,0.186,False,False
NZDCHCBNZKDKJD,CC(C)(O)CC[C@@H](O)[C@](C)(O)[C@H]1CC[C@@]2(O)C3=C(CC[C@]12C)[C@@]1(C)CC[C@H](O)CC1C(=O)C3,0.6079,0.2,False,False
IGCLXUHNXACQQD,CCC1C[C@H]([C@](C)(O)[C@H]2CC[C@@]3(O)C4=C(CC[C@]23C)[C@@]2(C)C[C@H](O)[C@H](O)CC2C(=O)C4)OC(=O)C1C,0.5746,0.2,False,False
YAGYBNOEVSEGSL,COC(=O)[C@@]1(C)CC[C@]2(C(=O)O)CC[C@]3(C)C(=CC[C@@H]4[C@@]5(C)CC[C@H](O)[C@@](C)(CO)[C@@H]5CC[C@]43C)[C@@H]2C1,0.8483,0.5915,True,True
BXXUKPMPFLZXRW,CC(C)[C@@H](O)C[C@@H](O)[C@](C)(O)[C@H]1CC[C@@]2(O)C3=C(CC[C@]12C)[C@@]1(C)C[C@H](O)[C@H](O)CC1C(=O)C3,0.5585,0.2128,False,False
XELZGAJCZANUQH,COC(=O)c1cc2c(cnn2C(C)=O)s1,0.6717,0.2881,False,False
BZXSGMYHHGCPEN,COC(=O)[C@@]1(C)CC[C@]2(C(=O)O)CC[C@]3(C)C(=CCC4[C@@]5(C)CC[C@H](O)C(C)(C)C5CC[C@]43C)C2C1,0.845,0.6769,True,True
CZDYPVPMEAXLPK,C[Si](C)(C)C,0.4017,0.12,False,False
ZITBJWXLODLDRH,COc1cc(CC2COC(=O)C2(O)Cc2ccc(O)c(OC)c2)ccc1O,0.3736,0.3167,False,True
DIVCBWJKVSFZKJ,CC[C@@H](C)CCC(=O)O,0.485,0.2564,False,False
ZERSFCCIRKUIFX,CCCCCCCCCCCCCCCCCCCCCCCCCCCCCCCCCO,0.5582,0.3462,False,True
ROGKOUKGHMDPLN,COc1cccc2c1Nc1ccccc1S2,0.6067,0.5333,True,True
JIVZKJJQOZQXQB,c1ccc(CC2=NCCN2)cc1,0.4538,0.2368,False,False
FTPXXARYDFWPGE,CC(C)C(C)C(C)(C)O,0.315,0.1951,False,False
JFBUBHRVMZNJIN,CC1C(=O)NC1(C)C,0.4467,0.1633,False,False
VHGGRTWHRJRQKU,CN1CC=CC1=O,0.2902,0.1905,False,False
ZGVGSONYUNQYKI,CC(=O)C(=C=CC(C)C)C1CCCC1,0.3912,0.2308,False,False
AMCPULFLJZMXJI,CC(C)=CCc1c(O)cc2c(c1O)C(=O)C(c1ccc(O)cc1O)CO2,0.4269,0.4429,True,True
BPMFPOGUJAAYHL,c1ccc2c(c1)[nH]c1ncccc12,0.3233,0.2857,False,False
XMIIGOLPHOKFCH,O=C(O)CCc1ccccc1,0.2733,0.3784,False,True
UVHXZFGCCJLFMX,CCCC(OCC)OCC,0.4683,0.2162,False,False
PTOJXIKSKSASRB,C[N+](C)(C)CCc1ccc(O)cc1,0.4317,0.4828,True,True
WYQNVMYEKVWTBJ,CC1C(=O)C(C)C1(C)C,0.4867,0.1961,False,False
NQAVPKIJZCHUNS,CCCCCCCCCCCCCCC1CCCCC1,0.4948,0.3077,False,True
WNHXBLZBOWXNQO,O=C1c2c(O)cc(O)cc2OCC1c1ccc(O)cc1O,0.3537,0.2951,False,False
WEVPCLOHVKGGEZ,COc1cc(O)c2c(c1)OCC1c3ccc(O)cc3OC21,0.392,0.3281,False,True
CEAWIMABVSITMV,COc1cc2c(cc1O)OC1c3c(cc4c(c3OC)C=CC(C)(C)O4)OCC21,0.575,0.3182,False,True
RNPXCFINMKSQPQ,CCCCCCCCCCCCCCCCOP(=O)(O)OCCCCCCCCCCCCCCCC,0.6272,0.2791,False,False
FTKMUXYZAQIXAO,CCC(=O)Oc1cccc(C(CN(CC)C(=O)CC)OC(=O)CC)c1,0.4939,0.2923,False,False
FUNJPZFUOULIEZ,COc1c2c(cc3c1C1Oc4c(ccc(O)c4CC=C(C)C)C1CO3)OC(C)(C)C=C2,0.5533,0.3721,False,True
GYTBWEWXRFODTH,COc1c2c(cc3c1C1Oc4c(ccc5c4C=CC(C)(C)O5)C1CO3)OC(C)(C)C=C2,0.6742,0.2809,False,False
MERHMOCEIBOOMA,CC(C)=CCc1c(O)cc(O)c2c1OCC(c1ccc(O)cc1O)C2=O,0.4633,0.386,False,True
GGSURCIXQQGITI,CCCCCCCCCCCCC#CC#CCCCCCCCCC(=O)OC,0.6138,0.3137,False,True
QSGONIQEKLJPGV,COC(=O)c1cc(C(C)(C)C)cc(C(C)(C)C)c1O,0.635,0.4118,True,True
ZSTKHSQDNIGFLM,COc1ccc2[nH]cc(CCN(C)C)c2c1,0.2683,0.4655,True,True
DMULVCHRPCFFGV,CN(C)CCc1c[nH]c2ccccc12,0.2717,0.4259,True,True
AXVZFRBSCNEKPQ,CNCCc1ccc(O)cc1,0.4338,0.4828,True,True
CBXPGLGVGDAYMC,CC1C2=NC3=CC=CCC3C2CCN1C,0.5906,0.1519,False,False
XQBJYAGJXKHDCL,CC1(C)CCCC2CCCCC21,0.4891,0.1818,False,False
SMSAOBIPMBKJOU,CCCCCC1(C)CO1,0.58,0.25,False,False
DSCFFEYYQKSRSV,COC1[C@@H](O)[C@@H](O)C(O)[C@H](O)[C@H]1O,0.3671,0.16,False,False
RWQNBRDOKXIBIV,Cc1c[nH]c(=O)[nH]c1=O,0.425,0.2,False,False
AUFUWRKPQLGTGF,CC(=O)OC[C@H]1O[C@@H](n2ccc(=O)[nH]c2=O)[C@H](OC(C)=O)[C@@H]1OC(C)=O,0.5637,0.3409,False,True
DNXKABMLNDEGAE,CCCCCCCC/C=C/COC(=O)CCCC,0.6831,0.3182,False,True
VCCAAURNBULZRR,CCC(O)C1CCCCN1,0.4886,0.1803,False,False
OJOSVTQXBSSCMQ,COc1ccc2c(c1)OC(c1ccc(O)cc1)CC2=O,0.3962,0.4074,True,True
WHTVZRBIWZFKQO,CCN(CC)CCCC(C)Nc1ccnc2cc(Cl)ccc12,0.685,0.2432,False,False
NGQVFILFHVPLFE,COc1cc2c(cc1OC)-c1c(oc3c4c(ccc3c1=O)OC(C)(C)C=C4)CO2,0.5504,0.3125,False,True
YHZDBBUEVZEOIY,COc1ccc2c(c1)OCC1c3ccc(O)cc3OC21,0.4287,0.3175,False,True
XEEQGYMUWCZPDN,OC(c1cc(C(F)(F)F)nc2c(C(F)(F)F)cccc12)C1CCCCN1,0.717,0.2754,False,False
BDQAVVLZKLFTIK,COc1cc(O)c2c(=O)c(O[C@H]3O[C@@H](OC)[C@H](O[C@@H]4O[C@@H](C)[C@H](O)[C@@H](O)[C@H]4O)[C@@H](O)[C@@H]3O)c(-c3ccc(O)c(O)c3)oc2c1,0.6408,0.4557,True,True
OBIUGMGQVQMVSK,COc1cc(OC)c(-c2coc3c4c(ccc3c2=O)OC(C)(C)C=C4)cc1OC,0.675,0.3158,False,True
WEHZDNHJZBEGME,C=C[C@](C)(O)CC/C=C(\C)CO[C@@H]1O[C@H](CO)[C@@H](O)[C@H](O)[C@H]1O,0.59,0.2469,False,False
XTODSGVDHGMKSN,CC(=O)C=C=C1C(C)(C)C[C@H](O)C[C@@]1(C)O[C@@H]1O[C@H](CO)[C@@H](O)[C@H](O)[C@H]1O,0.7167,0.2619,False,False
SMBCGBWABYMHIN,C[C@H](O)/C=C/[C@@]12O[C@]1(C)C[C@@H](O[C@@H]1O[C@H](CO)[C@@H](O)[C@H](O)[C@H]1O)CC2(C)C,0.6004,0.2209,False,False
LZDOHAQXBZGKIA,C=C(C)C(O)Cc1c2c(c(O)c3c1O[C@H](c1ccc(O)cc1)CC3=O)C=CC(C)(C)O2,0.6241,0.3793,False,True
KPSZGBRARBOMHQ,COc1cc2c(cc1OC)C1C(=O)c3ccc4occc4c3O[C@@H]1CO2,0.592,0.25,False,False
PDTJZCUQXSFLDW,CC(C)=CCc1c2c(c(O)c3c1O[C@H](c1ccc(O)cc1)CC3=O)C=CC(C)(C)O2,0.5841,0.4795,True,True
KQMVAGISDHMXJJ,COc1cc(O)c2c(=O)c(-c3ccc(O)cc3)coc2c1,0.6017,0.3404,False,True
KWVHACHAQJFTLZ,COc1cc(O[C@@H]2O[C@H](CO)[C@@H](O)[C@H](O)[C@H]2O)ccc1O,0.5088,0.3857,False,True
UXAJJVDCDOFKCY,COc1c(O)ccc2c1OCC1c3cc4c(cc3OC21)OCO4,0.607,0.2903,False,False
XRVFNNUXNVWYTI,COc1ccc([C@@H]2COc3cc(O)ccc3C2)c(O)c1,0.452,0.3175,False,True
KORNSMZEUZIMKC,C=C(Cc1ccc(OC)cc1)OC,0.405,0.3714,False,True
KIQQFVJHWNCGAU,O=c1ccc2c(O)cc(O)cc2o1,0.2683,0.3171,False,True
WACBUPFEGWUGPB,COc1ccc(-c2coc3cc(O[C@@H]4O[C@H](CO)[C@@H](O)[C@H](O)[C@H]4O)ccc3c2=O)cc1O,0.722,0.3333,False,True
XCDMHEXDCIXKLK,Oc1ccc2c(c1)OCc1c-2oc2cc3c(cc12)OCO3,0.5253,0.24,False,False
QVVPJFBYFYYVDM,COc1ccc(C2COc3c(ccc(O)c3OC)C2)c(OC)c1O,0.6533,0.2833,False,False
NUNFZNIXYWTZMW,COc1ccc(C2COc3cc(O)ccc3C2)c(OC)c1O,0.5637,0.303,False,True
GQGAUUMVOCWEFW,COc1cc(-c2coc3cc(O)cc(O)c3c2=O)c(OC)cc1O,0.571,0.3704,False,True
HFYAEUXHCMTPOL,C=CC(C)(O)CC,0.3873,0.1556,False,False
UDYGWSPUYSRWRN,CC(C)=C/C=C/C(C)=C/C=O,0.3738,0.1538,False,False
LGRISOGTKBAJPA,C=C(C)C1CCC2(C)CC=CC(C)=C2C1,0.615,0.1846,False,False
WKEOZXMSVNVPCM,COc1ccc(/C=C2\Oc3cc(O)cc(O)c3C2=O)cc1O,0.3956,0.4717,True,True
PVXCNEZDIJHZQB,CCC(C)CCc1ccccc1,0.6533,0.2857,False,False
DPHLFUXQEZYZAP,CC1=C2CC3CCC(C)C2(C=C1)C3(C)C,0.627,0.1846,False,False
KLDSZMWMGCWFKH,CC1=CC2[C@H](C(C)C)[C@@H](O)C[C@@H](C)[C@@H]2CC1=O,0.4874,0.2097,False,False
XQYALQVLCNHCFT,CC(C)(COP(=O)(O)O)C(O)C(=O)NCCC(=O)NC(CS)C(=O)O,0.5817,0.2615,False,False
OKZYCXHTTZZYSK,C[C@@](O)(CCOP(=O)(O)O)CC(=O)O,0.4933,0.1667,False,False
ZUPHXNBLQCSEIA,CC1NC(C(=O)O)Cc2c1[nH]c1ccccc21,0.4605,0.3036,False,True
LYCAIKOWRPUZTN,OCCO,0.3283,0.16,False,False
IOVNHINTOHPELQ,CCCCOC(=O)c1ccccc1C(=O)OCCCCCCCC(C)C,0.4578,0.4038,True,True
FOLMLIUUSUSQLL,CCN(CC)CC1Oc2ccc(Cc3cnc(N)nc3N)cc2O1,0.6216,0.2576,False,False
AHAREKHAZNPPMI,C=C/C=C/CC,0.5223,0.125,False,False
NPUMIGJATCZZBZ,S=C1NNC(Cc2ccccc2)NN1,0.4977,0.2432,False,False
ZJPQCBPMMANSBE,CC1(C)C2C=CC1(C)C(O)C2,0.5733,0.1905,False,False
BVTCHBNCNJEJTD,C1#CCCCCCC#CCCCCC1,0.4172,0.0811,False,False
YWYDBVPLQGXATE,C=CCC/C=C\C=C\CCCC,0.5583,0.234,False,False
SBWUACYNOBUPAH,CCCCCCCCCCCCCCCC(=O)N1CCCCC1,0.4321,0.2857,False,False
MFZHIRGDMBVSTF,CCCCCCCCCCCCCCCCCC(=O)N1CCCCC1,0.4321,0.2857,False,False
NNZMLOHQRXHPOZ,CCCCCCCCCCCCCCCCCCCCCCS,0.5449,0.2963,False,False
LDHMAVIPBRSVRG,C[n+]1cccc(C(N)=O)c1,0.4237,0.2553,False,False
ASWBNKHCZGQVJV,CCCCCCCCCCCCCCCC(=O)OCC(O)COP(=O)(O)OCC[N+](C)(C)C,0.7112,0.2063,False,False
QYVDOJKGROAEHP,C=C(C)[C@@H]1Cc2c(c(OC)c(O)c(C(C)=O)c2OC)O1,0.7233,0.2542,False,False
ZHBHZDMTVVJASV,NC(Cc1cn([C@@H]2O[C@H](CO)[C@@H](O)[C@H](O)[C@H]2O)c2ccccc12)C(=O)O,0.6003,0.4085,True,True
FAAVFOISLYIBNM,OCC1OC(n2cnc(-c3nn[nH]n3)n2)C(O)C1O,0.6183,0.2222,False,False
GTBXZWADMKOZQJ,Oc1cccc2c1ccc1ccccc12,0.4,0.2821,False,False
CWJKFTYJCIEEDB,CCCCC#CCCCCCCCCCCO,0.6544,0.2955,False,False
UPGLJTCDRBIZKP,CC1=C2C3C(CCC2(C)CCC1)C3(C)C,0.6033,0.1639,False,False
DKLRQEIICLZTQW,CC(C)=C1C=NNC1(C)C,0.5617,0.1778,False,False
FMEGCBUAXROEDC,CC(=O)OCC1=CC2C3C(C)(C)C3(OC(C)=O)C(OC(C)=O)C(C)C2(O)C2C=C(C)C(O)C2(O)C1,0.8017,0.4138,True,True
CXCTWMIRDNNBLI,CC(=O)OCC1=CC2C3C(C)(C)C3(OC(C)=O)C(OC(C)=O)C(C)C2(O)C2C=C(C)C(OC(C)=O)C2(O)C1,0.8033,0.3977,False,True
VLXGEXCMFWNLTJ,CC1(C)C2=CCC(=O)C(C)(C)C23CCC1C3,0.6495,0.1833,False,False
DQWOZMUBHQPFFF,COc1ccc(CC(C)N)c(OC)c1,0.3521,0.3182,False,True
XQDLQQYTXOVDQQ,CCCCCCCCCCCCC#CCC#CC(=O)OC,0.5992,0.3333,False,True
MIRROKWMSAODOR,CC(=O)CCC(C)(C(C)=O)C(C)C,0.405,0.1923,False,False
BYFPJRGDCJUKTC,Nc1nc(=O)c2c([nH]1)C(=O)NC2,0.5527,0.1887,False,False
JCCIFDCPHCKATH,CCC(C)(C)OC(C)=O,0.3183,0.2381,False,False
GFLHGTKUCYPXHB,CCCCCCCC#CCO,0.6683,0.3182,False,True
RQRKKUGWIWEHKW,CCC(CC)COC(=O)C(F)(F)F,0.5028,0.2909,False,False
YNCYLQBRJQJTLH,Cc1ccc(OC(=O)/C=C/CC(C)C)cc1,0.2837,0.32,False,True
UGZKYQOKFFIKII,C=C(C)C=CC1C(C)(C)CCC(=O)C1(C)O,0.5551,0.2167,False,False
WQRBKVJYXWPIHN,CC1=C(C/C=C(\C)CO)C(C)(C)CCC1,0.6767,0.2063,False,False
HGEMCUOAMCILCP,CCCCCCCCCCC(C)C,0.6251,0.2759,False,False
HFXQFRLBXVLQIX,O=C(c1ccccc1)C(O)c1ccco1,0.447,0.2973,False,False
FURHXLBXCVQCNL,Oc1ccccc1-c1cn2ccccc2n1,0.685,0.4865,True,True
PAFLSMZLRSPALU,O=C(O)C(O)Cc1ccc(O)c(O)c1,0.3454,0.32,False,True
UEGKGPFVYRPVCC,CC(C)C(O)C(O)C(C)C,0.31,0.1613,False,False
PWAPUSDWDZRECY,C=C(C)C1C=C2C(C)=CCCC2(C)CC1,0.5812,0.2131,False,False
YOIKPWLIIDGZLM,CC1=CCC2C(C)CC=C(C(C)C)CC12,0.4867,0.1452,False,False
HJXMNVQARNZTEE,CCCCC1OC(=O)c2ccccc21,0.4867,0.2619,False,False
KBUNOSOGGAARKZ,CCCCCCCCCCCCCCCC(=O)C(N)CO,0.5387,0.25,False,False
QLHYVFSGYNVMPW,CNCCCCl,0.4971,0.2128,False,False
IWIANZLCJVYEFX,O=C(O)C(Cc1ccccc1)NC(=O)C1CCCN1,0.5277,0.4828,True,True
QIZDLUWRENVVJW,CC/C=C\CCCCCCCCCCCC,0.6982,0.3684,False,True
BTTSZRJAGSFTPE,CCCCCC(C)(C)c1ccc(O)cc1,0.5238,0.4688,True,True
SXJZELHFSGPXDB,CC1(C)C=NN(CC(C)(C)CO)C1,0.5956,0.1724,False,False
BTJIUGUIPKRLHP,O=[N+]([O-])c1ccc(O)cc1,0.455,0.5517,True,True
QPULDJYQYDGZEI,CCCC/C=C/CCC=O,0.44,0.3023,False,True
UJZLNVCZGZKIHR,CCC/C=C\CCCCCCCC,0.6271,0.3421,False,True
GNOQEXWKRHKDKA,C#CCCC=C(C)CCC=C(C)C,0.6521,0.3333,False,True
VTUFOIHYMMMNOM,CCCCC=CCCCCOC(C)=O,0.42,0.4,True,True
PPCHPNONKYLBQT,CCCCCC1C=CC=CC1,0.4533,0.2222,False,False
APQPPUISLRYCEH,COc1c(C)c(O)cc2c1C(=O)C(=Cc1ccc(O)c(O)c1)O2,0.5052,0.4107,True,True
QIWWLKDHHMGRQL,COC(=O)C1=CO[C@@H](O[C@@H]2O[C@H](CO[C@@H]3O[C@H](COC(=O)C=Cc4ccc(O)cc4)[C@@H](O)[C@H](O)[C@H]3O)[C@@H](O)[C@H](O)[C@H]2O)[C@@H]2C(CO)=CC[C@H]12,0.652,0.3176,False,True
OOYQTFOLNRFZPD,Cc1c2c(nc3ccccc13)-c1ccccc1SC2(C)C,0.6683,0.2941,False,False
RRKJSAASNMDKLI,COC(=O)C1=CO[C@@H](O[C@@H]2O[C@H](CO)[C@@H](O)[C@H](O)[C@H]2O)[C@H]2[C@]1(O)[C@H](O)C[C@]2(C)O,0.6603,0.2247,False,False
OJPLCPBWIQWABI,C=C(C)C1C=C2C(C)C(=O)CCC2(C)CC1,0.5271,0.2424,False,False
LVIDDMJSLAVTSZ,Cc1ccc(C(C)C)c2c1CCC(C)C2,0.5417,0.2034,False,False
VGLABFRUPBCSOM,CCCCC=CC=CCC(=O)CCCCCCCC(=O)O,0.6732,0.2593,False,False
HCPGCIQBMZVBHG,CC1(C)CCC(=O)C23C4CC(CC412)C3(C)C,0.6188,0.2281,False,False
IWYBVQLPTCMVFO,CCOC(=O)C(Cl)Cl,0.45,0.2927,False,False
PVSNVQBILAAHGF,C=C(CO)C1CCC(C)C2CCC(C)=C2C1,0.6567,0.1774,False,False
BUPJOLXWQXEJSQ,C=C1CCC(C(C)C)=C[C@@H]2[C@@H]1CC[C@@]2(C)O,0.5817,0.2295,False,False
XSKZZVYURGCOGM,COc1c2occc2c(OC)c2c(=O)cc(CO)oc12,0.4533,0.3571,False,True
SPKGPDRGORWGNP,CCC1(O)CC[C@@]2(C)[C@@H](CC[C@@H]3[C@@H]2CC[C@]2(C)C(=O)CC[C@@H]32)C1,0.6925,0.2083,False,False
RAJWOBJTTGJROA,C[C@]12CCC(=O)C[C@@H]1CC[C@@H]1[C@@H]2CC[C@]2(C)C(=O)CC[C@@H]12,0.7245,0.209,False,False
CKLZFCHLJIRWGU,Cc1c2c(cc3c1CCC1(C)C3CCC1C(C)/C=C/C(C)C(C)C)CCC(NC(N)=O)C2,0.7,0.1978,False,False
KHMYONNPZWOTKW,CCC/C=C/c1ccccc1,0.4256,0.3333,False,True
FDBVFKPSUNQAHK,CN(C)C(=O)CCc1ccccc1,0.2567,0.3659,False,True
AAPYGFMEZRXPJI,CC1=C2CC[C@H](C)[C@@H]2C[C@H](C(C)C)CC1,0.5669,0.1525,False,False
UWMPHMYUITTYTD,O=CCCCOC1CCCCO1,0.4704,0.1667,False,False
DZAGQELYBSGGJQ,CCCCSC(=O)CC(C)=O,0.4253,0.3333,False,True
ROVXCLHKSQINCN,CC1CCC2(C(C)C)OC2C1=O,0.479,0.2154,False,False
NMNXPYBXLIGRGP,CC1C[C@@H]2CC(C)C3CC(C)(C)C3[C@H](C1)O2,0.7083,0.2105,False,False
FDUMKOUWARULGH,COc1cc(C=CC(=O)O[C@H]2[C@H](O[C@@H]3O[C@H](CO)[C@@H](O)[C@H](O)[C@H]3O)[C@@H](O[C@@H]3OC[C@H](O)[C@H](O)[C@H]3O)[C@H](OCCc3ccc(O)c(O)c3)O[C@@H]2CO)ccc1O,0.635,0.4028,True,True
CWFOCCVIPCEQCK,CCOCn1c(-c2ccc(Cl)cc2)c(C#N)c(Br)c1C(F)(F)F,0.75,0.2857,False,False
YHHSONZFOIEMCP,C[N+](C)(C)CCOP(=O)(O)O,0.5017,0.1404,False,False
HPZWSJQQCJZBBG,C=C/C(C)=C/C=C/C(=C)C,0.4157,0.1132,False,False
OVLRTDUBDSGRDR,C=CCCC/C=C/CC1=CCC1(C)C,0.665,0.2037,False,False
DBWCFPDYKLURNM,C=C(C)C1CCC(C)C(C(=C)C)C1,0.5583,0.1724,False,False
YYCPSEFQLGXPCO,CC1CC=C(C(C)C)CC1,0.4237,0.1875,False,False
LUNMJRJMSXZSLC,OCCC1CC1,0.4814,0.2,False,False
KZABVHBACHSSNR,C=C1C=CC23C(C)CCC(CC12)C3(C)C,0.7069,0.2593,False,False
ZIEAVLBEUVSHIU,CC1CCC2CC34OC3(C)CCC14C2(C)C,0.7217,0.1864,False,False
APWLDLGOYJHNIK,C=C(C)[C@@H]1CC[C@@]2(C)CC[C@@H](O)C(C)=C2C1,0.6667,0.2031,False,False
GIGKXOAUYMWORB,CC1=C2C[C@H]3CC[C@@H](C)[C@]2(CC1=O)C3(C)C,0.6237,0.2,False,False
QPSIPXFEOVTZFP,C=C(C)[C@@H]1CC[C@](C)(O)C2=C(C1)[C@](C)(O)CC2=O,0.5853,0.2097,False,False
YTYICJAIECLVEQ,C=C(C)C(CC[C@@H](C)O)CC1=C(C)CCC1=O,0.6673,0.1692,False,False
GNWVLQOQVKOWGK,C=C(C)[C@@H]1CC[C@@H](C)[C@]2(O)CC[C@](C)(O)C(=O)C12,0.6667,0.2931,False,False
FMOZOFOCONBPNY,C/C=C1\C[C@H]2CC[C@@H](C)[C@]1(C)C2(C)C,0.6717,0.1754,False,False
OPTASPLRGRRNAP,Nc1cc[nH]c(=O)n1,0.3867,0.2,False,False
UAOMVDZJSHZZME,CC(C)NC(C)C,0.3517,0.125,False,False
MUCMKTPAZLSKTL,CCCCCCCCCC(O)CC(=O)O,0.5958,0.25,False,False
QSVJYFLQYMVBDR,CC(C)[C@@H](C)/C=C/[C@@H](C)[C@H]1CC[C@H]2C3=CC=C4C[C@@H](O)CC[C@]4(C)C3=CC[C@]12C,0.6403,0.1625,False,False
OZOGHPJPLIDDPR,CC(C)[C@H](C)CC[C@@H](C)[C@H]1CC[C@H]2C3=C(CC[C@]12C)[C@@]1(C)CC[C@H](O)CC1=CC3,0.6778,0.1918,False,False
IDJOCJAIQSKSOP,OCC(Cl)Cl,0.4433,0.125,False,False
FQPROQVKYHVVFF,C=CCCOCCCCC,0.5836,0.2609,False,False
YDNHOBQOKNCLCT,C=CCCOCCC,0.5217,0.1957,False,False
VWWQXMAJTJZDQX,Cc1cc2nc3c(=O)[nH]c(=O)nc-3n(C[C@H](O)[C@H](O)[C@H](O)COP(=O)(O)OP(=O)(O)OC[C@H]3O[C@@H](n4cnc5c(N)ncnc54)[C@H](O)[C@@H]3O)c2cc1C,0.715,0.1488,False,False
AVMSWPWPYJVYKY,CC(C)COC=O,0.355,0.1795,False,False
NJXZFRUNHWKHEC,Cc1cc(C)c(C)o1,0.3267,0.2727,False,False
OINNEUNVOZHBOX,CC(C)=CCC/C(C)=C/CC/C(C)=C/CC/C(C)=C/COP(=O)(O)OP(=O)(O)O,0.6371,0.3077,False,True
SOYLPZSOEXZMLE,CCC(C)(C)CCC(C)C,0.5383,0.1765,False,False
IIOLAWJMOGLOIB,CCCCCCCCCCCCCCCC(=O)c1ccccc1,0.5284,0.4878,True,True
PCUSXIRIPAHAHT,CCCCCCCCCCCOC(=O)CCCCC,0.4928,0.3051,False,True
UGQMRVRMYYASKQ,O=c1[nH]cnc2c1ncn2[C@@H]1O[C@H](CO)[C@@H](O)[C@H]1O,0.5604,0.1928,False,False
RWMXKBUPLSNIJL,COC(=O)C1=CO[C@@H](O[C@@H]2O[C@H](CO)[C@@H](O)[C@H](O)[C@H]2O)[C@@H]2[C@@](C)(O)CC[C@]12O,0.712,0.2247,False,False
PAEYNMRPKFXABW,O=C(C=Cc1ccc(O)cc1)OC[C@H]1O[C@@H](OCCc2ccc(O)c(O)c2)[C@H](O[C@@H]2OC[C@H](O)[C@H](O)[C@H]2O)[C@@H](O[C@@H]2O[C@H](CO)[C@@H](O)[C@H](O)[C@H]2O)[C@@H]1O,0.6006,0.3611,False,True
CZFHAODYOVXPIQ,C=C(C)[C@@H]1CC[C@@]2(C)CC[C@@H](O)C(=C)[C@@H]2C1,0.615,0.2031,False,False
KFASJCNWEHENKY,CC(C)C1CCC2(C)C3=CCC(=O)[C@@H]2[C@H]31,0.5076,0.2154,False,False
NPHFULIVCUBDDN,C=C1CC2(C)CC[C@@H]1C[C@@H]1[C@H]2CC[C@@H]1C,0.65,0.2031,False,False
AXCCTUATUTWPBD,CC(=O)OCC1CC23CCC4C(C)(C=O)CCCC4(C)C2CCC1C3,0.5631,0.2295,False,False
FNLMCLYZRZJKQZ,C=C1CC23CCC4C(C)(COC(C)=O)CCCC4(C)C2CCC1C3,0.6461,0.2073,False,False
HSMPDPBYAYSOBC,COc1c2occc2c(OC)c2c(=O)cc(C)oc12,0.2967,0.4681,True,True
SJRACCTZSAUMGO,COc1c2ccoc2cc2oc(CO[C@@H]3O[C@H](CO)[C@@H](O)[C@H](O)[C@H]3O)cc(=O)c12,0.5567,0.2973,False,False
CCLQKVKJOGVQLU,NCCCC(=O)NC(Cc1c[nH]cn1)C(=O)O,0.6217,0.3944,False,True
HOBBEYSRFFJETF,CC(=O)C1CC=C(C)CC1,0.4187,0.2041,False,False
JDMXMMBASFOTIF,COc1cc(-c2cc(=O)c3c(OC)cc(O)cc3o2)ccc1O,0.53,0.4792,True,True
ROCUOVBWAWAQFD,COc1cc(O)c2c(=O)cc(-c3ccc(O)c(OC)c3)oc2c1,0.565,0.4792,True,True
VSUOKLTVXQRUSG,O=C(O)C1O[C@@H](Oc2cc(O)c3c(=O)cc(-c4ccc(O)c(O)c4)oc3c2)[C@H](O)[C@@H](O)[C@@H]1O,0.6437,0.5224,True,True
TURBTOJBTBVETG,O=C1CC(=O)SCCSC(=O)CC(=O)SCCS1,0.3533,0.1429,False,False
IBEKLXNZXQHTGY,COC(=O)C1(C)CCC(=O)C(C)=C1/C=C/C(C)=C/CCC(C)=O,0.6303,0.1975,False,False
SKAWDTAMLOJQNK,CCOC(=O)C(Cc1ccc(O)cc1)NC(C)=O,0.4271,0.4545,True,True
VMOJEEZNLOLYBG,O=C(O)C1CCC(=O)N1CC1(O)OC(CO)C(O)C1O,0.7076,0.2143,False,False
KDRUIMNNZBMLJR,CC(C)NCCN,0.4604,0.1944,False,False
DLZMKPZOEYKXHQ,O=C(OCC(O)CO[C@@H]1OC(C(=O)O)[C@@H](O)[C@H](O)[C@H]1O)c1ccccc1,0.5184,0.2917,False,False
VXFIOUXPMCWIOL,c1ccc2cc3c(cc2c1)N1CCN3CC1,0.4317,0.2857,False,False
MNMJPUHGVUDRCV,CC(C)[C@@H](C)/C=C/[C@@H](C)[C@H]1CC[C@H]2c3ccc4c(c3CC[C@]12C)CC[C@H](O)C4,0.6603,0.2152,False,False
CFEBVBFXLFAFIO,CC1CCC2C1CC1C=CC2(C)CC1,0.6436,0.1786,False,False
QWYFHHGCZUCMBN,CCCC(=O)OC(CC(=O)[O-])C[N+](C)(C)C,0.6083,0.1887,False,False
DBLXXVQTWJFJFI,CCCCCCCCCCCCCCCCCC(=O)c1ccccc1,0.5284,0.4878,True,True
MUVGGJXAKSYVGI,CCCCCCCCCCCCCOC(=O)C(=O)OCC1CCCCC1,0.4171,0.3167,False,True
KPPWZEMUMPFHEX,C[C@H]1C[C@H](C)O1,0.3802,0.1569,False,False
YXIOECOAAMLHPG,CC(C)CC1CO1,0.4188,0.1538,False,False
PROIGOAKZLZHQV,CCCCCCC/C=C\CC#CC#C[C@@H](O)CC,0.6478,0.2642,False,False
JAWSHISYWRRQQQ,CC1=C2C(=O)C3CCC(C)C2(CC1)C3(C)C,0.5725,0.2632,False,False
LCHYEKKJCUJAKN,CCCc1ccccc1O,0.575,0.3611,False,True
GLABDCRHTSAQGE,CCCCCCOP(=O)(F)C(C)C,0.5969,0.2381,False,False
MDIUMSLCYIJBQC,CCCCC[C@H](O)[C@@H](O)/C=C/[C@@H](O)CCCCCCCC(=O)O,0.634,0.2364,False,False
KVDPEXDTSKPFSC,CC(=O)C1=CC[C@H]2C3=CC=C4CC(=O)C=C[C@]4(C)[C@H]3CC[C@]12C,0.6608,0.1974,False,False
MFDFERRIHVXMIY,CCN(CC)CCOC(=O)c1ccc(N)cc1,0.4656,0.3019,False,True
HSFHCHXOARWRSD,CC/C=N/NCCCC,0.5303,0.1923,False,False
CJTZXIJETZZARD,CC(C)(C)CI,0.4817,0.1064,False,False
IBFSBJXZXIXAEQ,N#CC(C#N)(C1CCCCC1)C1CCCCC1,0.502,0.1702,False,False
GQTSAGKZHIWKMR,CCCC(C(=O)OC)C(=O)OC,0.5567,0.2895,False,False
KDIAMAVWIJYWHN,CCCC1CCCC1,0.369,0.26,False,False
AOXMCWFZPZRDPE,CC(=O)c1ccc(O)c(O[C@@H]2O[C@H](CO)[C@@H](O)[C@H](O)[C@H]2O)c1,0.5106,0.3425,False,True
KUWSQDFSFCOXTF,C=CCOc1cccnc1,0.4421,0.3585,False,True
FVTCRASFADXXNN,Cc1cc2nc3c(=O)[nH]c(=O)nc-3n(C[C@H](O)[C@H](O)[C@H](O)COP(=O)(O)O)c2cc1C,0.6633,0.1818,False,False
XAAMMPKFMNZIIC,CC1=CC2(C)CCC1CC1C(C)CCC12,0.67,0.1746,False,False
RNURUJBYBMGADV,CC(=O)CCC1Cc2c(ccnc2C)C1(C)C,0.6183,0.2344,False,False
IMDXDPUTIISQIM,Cc1nccc2c1CC(CCC(C)O)C2(C)C,0.6558,0.1887,False,False
NUWMTBMCSQWPDG,C=C(C)[C@@H]1CC[C@H](C)C2=C(C1)C(C)CC2=O,0.5242,0.1692,False,False
VXHUULJXCJIBPW,COC(=O)C1=CO[C@@H](O[C@@H]2O[C@H](CO)[C@@H](O)[C@H](O)[C@H]2O)[C@@H]2C(CO)=C[C@@H](OC[C@H]3O[C@@H](O[C@@H]4OC=C(C(=O)OC)[C@H]5C=C[C@](O)(CO)[C@@H]45)[C@H](O)[C@@H](O)[C@@H]3O)[C@H]12,0.675,0.2396,False,False
KIKUOEUPVCWMSA,COC(=O)C1=CO[C@@H](O[C@@H]2O[C@H](CO[C@@H]3O[C@H](COC(=O)C=Cc4cc(O)c(O)c(O)c4)[C@@H](O)[C@H](O)[C@H]3O)[C@@H](O)[C@H](O)[C@H]2O)[C@@H]2C(CO)=CC[C@H]12,0.6569,0.3243,False,True
ZUNBITIXDCPNSD,C[S+](CCCN)C[C@H]1O[C@@H](n2cnc3c(N)ncnc32)[C@H](O)[C@@H]1O,0.6567,0.1477,False,False
ILRCGYURZSFMEG,OC[C@H]1O[C@@H](OCCc2ccc(O)cc2)[C@H](O)[C@@H](O)[C@@H]1O,0.4967,0.3676,False,True
ORZBZGYCCWKLOF,C=C(C)C1CCC2(C)CCC=C(C)C2[C@H]1O,0.6092,0.209,False,False
ZPIKVDODKLJKIN,CCCC[C@@H]1OC(=O)C2=C1CCC=C2,0.5553,0.2063,False,False
TUXHHVJPGQUPCF,CCCCCCCCCCC(C(=O)O)C1(C(=O)O)CCC(=O)O1,0.5737,0.2381,False,False
JAUOXJQLPADTPK,C=C1CC2(C(C)C1C)C(C)C2C,0.5619,0.1569,False,False
WSYNAKWAAXYNMW,CCCCCCCCCCCCCCCCCC(=O)OCC(COC(C)=O)OC(C)=O,0.5705,0.2745,False,False
AFSIMBWBBOJPJG,C=COC(=O)CCCCCCCCCCCCCCCCC,0.5302,0.2889,False,False
WAIQWYALYSCYLA,CC[C@@H](/C=C/[C@@H](C)[C@H]1CC[C@H]2[C@@H]3CC=C4CC(OC)CC[C@]4(C)[C@H]3CC[C@]12C)C(C)C,0.6363,0.1613,False,False
KEYMZFQMQQSOKV,CCCCCOC(=O)CCC(=O)OCC1CCCO1,0.5034,0.2329,False,False
VKGZCEJTCKHMRL,O=C(O)CC(Nc1ncnc2c1ncn2[C@@H]1O[C@H](CO)[C@@H](O)[C@H]1O)C(=O)O,0.5638,0.2192,False,False
VNJPNCNTXDKLLQ,CCCCCCCCCOS(=O)OC(C)C,0.5841,0.2188,False,False
JADYBWICRJWGBW,CCCCCCCCCCCCCC(=O)OCC(O)COC(=O)CCCCCCCCCCCCC,0.5255,0.2553,False,False
LXUIUVLDNRQBQJ,CCCCCCCCCCCCCC(=O)c1ccccc1,0.5284,0.4878,True,True
HIRCZOSUMSSTDU,CC1=CCC2(C)CC=CC(C)(C)C23CC13,0.665,0.1786,False,False
LSQXLOPDSPVJSZ,CC12CCC3(C)C(C(=O)C1)C23,0.4995,0.1765,False,False
IBTWNERNFJSWHN,OC1C2CC3CCC(O)(C2)C31,0.4788,0.186,False,False
SOMJQWRITYTQJL,CCCCCCCC(C)CCCCC,0.6601,0.2759,False,False
DKWJQENYIDPCEX,CCCCCCCCCCCCCOC(=O)C(F)(F)F,0.5451,0.2833,False,False
ZQKNBDOVPOZPLY,C[Si](C)(C)CO,0.3467,0.1622,False,False
LFTYTUAZOPRMMI,CC(=O)N[C@H]1[C@@H](OP(=O)(O)OP(=O)(O)OC[C@H]2O[C@@H](n3ccc(=O)[nH]c3=O)[C@H](O)[C@@H]2O)O[C@H](CO)[C@@H](O)[C@@H]1O,0.7327,0.2083,False,False
KGVPRVBZKYLXFP,CCCCCCCCCC(C)C(=O)OC,0.5876,0.2857,False,False
RJZWGDPBGWGJNU,CC1=C2[C@H](/C=C(\C)C=O)CC[C@@H](C)[C@H]2CC1,0.4806,0.1695,False,False
NFRCFLJZVHOKRH,COc1cc(C=O)ccc1OC1OC(CO)C(OC2OC(CO)C(O)C(O)C2O)C(O)C1O,0.6153,0.3418,False,True
MEGHWIAOTJPCHQ,C=COC(=O)CCC,0.3,0.2195,False,False
NZVQLVGOZRELTG,COc1c2ccoc2cc2oc(C)cc(=O)c12,0.29,0.5455,True,True
XQPMEWZJPNAPBK,CC1=CC(O)[C@H]2C3C1C2(C)CCCC3(C)C,0.645,0.2063,False,False
WMBOCUXXNSOQHM,CCC/C=C1\OC(=O)c2ccccc21,0.315,0.2407,False,False
IBJFKTZZJDKMKC,CC(C)=C1C(=O)CC[C@@H](C)C2=C1C(C)CC2,0.4681,0.1967,False,False
WNLDVGWQXMRYIC,C[C@]1(CO)CCC[C@]2(C)C3=C(CCC12)COC3,0.6581,0.2239,False,False
HICYDYJTCDBHMZ,CC1=CC[C@@H]2[C@@H]3[C@H]1[C@@]2(C)CCCC3(C)C,0.665,0.1905,False,False
RFSUNEUAIZKAJO,OC[C@H]1O[C@](O)(CO)[C@@H](O)[C@@H]1O,0.6571,0.2174,False,False
ZBYVTTSIVDYQSO,NC(CC(O)=NO)C(=O)O,0.515,0.25,False,False
IKGLDGLQHQRTSN,CCCOC1OC2OC3(C)CCC4C(C)CCC(C1C)C24OO3,0.7033,0.1392,False,False
BUDWHMNUSAOQBI,C=C1CCCC2(C)C3CCC12CC3(C)C,0.6423,0.2295,False,False
RYHLQSVMWLBCJO,COC(=O)[C@]1(Cc2ccc(O)c(CC=C(C)C)c2)OC(=O)C(=O)C1c1ccc(O)cc1,0.5675,0.3651,False,True
HNTISMRTGMVWGH,CC(C)[C@@H]1CC[C@H](C)[C@@H]2C=C[C@H](C)C[C@H]21,0.5772,0.1311,False,False
ZNAKKZNXJRNCAC,CC1(C)C2=CCCC(C)(C)[C@]23CC(=O)C1C3,0.5572,0.2105,False,False
VLJSLTNSFSOYQR,CC(C)c1cccc(O)c1,0.44,0.3333,False,True
XXTQHVKTTBLFRI,C=C(C)c1cccc(C)c1,0.475,0.275,False,False
NAJPAGUETSZHOG,CCCCO[C@]1(CO)OC[C@@H](O)[C@@H](O)[C@@H]1O,0.5604,0.2464,False,False
OFBQJSOFQDEBGM,CCCCC,0.3667,0.2727,False,False
HHFBKIZDFWDJGH,CCCCCCCCCCCCCCCCCC(=O)CCCCCCCCCCCCCCC,0.5189,0.3103,False,True
CDRPUGZCRXZLFL,Oc1cc(O)cc(C=Cc2ccc(O)c(O)c2)c1,0.0958,0.6129,True,True
XHLHPRDBBAGVEG,O=C1CCCc2ccccc21,0.2517,0.2979,False,False
CDRKALGDLCSMSG,CCO[Si](C)(C)/C=C/Cl,0.5117,0.1957,False,False
HAMUKWWZXAKCAU,O=C1C[C@H]2CCCC[C@@H]2C1,0.4156,0.1778,False,False
LNSXFLRBHMVWBW,CCOC(=O)C1=C(C)N=c2sc(=Cc3cc(C)n(-c4ccc(F)cc4)c3C)c(=O)n2C1c1ccccc1OC,0.7267,0.2941,False,False
UEHVFWBKXUSZEQ,COc1nc2c3c(ccc2c(OC)c1CC(O)C(C)(C)O)OCO3,0.595,0.2727,False,False
MMURVNDSFNJHAM,N=C(N)c1ccc(C=Cc2ccc(C(=N)N)cc2)cc1,0.37,0.303,False,True
HVAUUPRFYPCOCA,CCCCCCCCCCCCCCCCOCC(COP(=O)(O)OCC[N+](C)(C)C)OC(C)=O,0.6904,0.2667,False,False
LABCALMTQNDOAI,N#C/C(O[C@@H]1O[C@H](CO)[C@@H](O)[C@H](O)[C@H]1O)=C(\C=C/C(=O)O)CC(=O)O,0.6436,0.2317,False,False
DHHWDJUUTBWANN,CC1=C[C@@H](O)CC(C)(C)\C1=C/C=C(C)/C=C/C=C(C)/C=C/C=C/C(C)=C/C=C/C(C)=C/C=C1/C(C)=C[C@@H](O)CC1(C)C,0.6217,0.1765,False,False
CSMMFGCGBLZIJE,C=CC(C)(C)/C=C/C(C)(C)O,0.4707,0.1304,False,False
ABQDERDYIVHNHA,C=CCC1(C(=O)O)C(C)CCCC1O,0.4619,0.2292,False,False
XOAUNGGNONXOND,C=C(C)C=CCCC(C)C,0.5817,0.1525,False,False
XKWSWANXMRXDES,CCCCCCCC(=O)OCCC(C)C,0.5583,0.25,False,False
TYBCSQFBSWACAA,CCCCCC(=O)CCC,0.4538,0.2683,False,False
ODULZPPCXSTHDT,C=C(CC=O)CCC=C(C)C,0.5438,0.2826,False,False
ZLFFEHIHCGIVET,COc1ccc(-c2coc3c(C4O[C@H](CO)[C@@H](O)[C@H](O)[C@H]4O)c(O)cc(O)c3c2=O)cc1,0.6417,0.3165,False,True
GXGJIOMUZAGVEH,CCc1ccc(C)c2ccc(C)c-2c1,0.6269,0.2812,False,False
OFUGTKAUAMKFPM,C[C@@H]1CC[C@]2(OC2(C)C)C(=O)C1,0.65,0.2264,False,False
XQPZQXTWYZAXAK,CCCC(=O)OCCC(C)CCC=C(C)C,0.5483,0.2593,False,False
FKUIYDFLMWSYME,C=C1CCCC(C)(C)C1CCCO,0.5455,0.2459,False,False
RCRVMCSPZAMFKV,CC1(C)C2CCC(CCO)C1C2,0.5886,0.1791,False,False
ZVGWOCIJIRIBKL,CC(C)=CCCC(C)(O)C12OC1O2,0.5783,0.2676,False,False
CFYMYCCYMJIYAB,COc1cc(-c2oc3cc(O)cc(O)c3c(=O)c2O)cc(O)c1O,0.4577,0.459,True,True
HDBLGMREZKSBMK,COc1ccc(-c2oc3cc(O)cc(O)c3c(=O)c2OC2OC(CO)C(O)C(O)C2OC2OC(C)C(O)C(O)C2O)cc1O,0.6333,0.4634,True,True
UNMZOEWRNJQSET,NC1c2c(Br)sc(Br)c2C(=O)C1Br,0.4525,0.25,False,False
SEBIKDIMAPSUBY,CC(/C=C/C=C(\C)C(=O)O[C@@H]1O[C@H](CO[C@@H]2O[C@H](CO)[C@@H](O)[C@H](O)[C@H]2O)[C@@H](O)[C@H](O)[C@H]1O)=C\C=C\C=C(C)\C=C\C=C(/C)C(=O)O[C@@H]1O[C@H](CO[C@@H]2O[C@H](CO)[C@@H](O)[C@H](O)[C@H]2O)[C@@H](O)[C@H](O)[C@H]1O,0.5746,0.2308,False,False
HUGUGFBIYQBLCS,COc1cc2oc(=O)cc(-c3ccc(O)cc3)c2cc1O,0.43,0.4314,True,True
ZFKKRRMUPBBYRS,O=c1cc(-c2ccccc2)oc2c(O)c(O)cc(O)c12,0.1833,0.6829,True,True
JQIOGFDAUPKVOL,C=C1[C@@H](OC(C)=O)CC[C@@]2(C)[C@@H](O)[C@H](OC(C)=O)C3=C(C)C[C@H](OC(=O)C(C)CC)[C@@H]([C@@H](OC(C)=O)[C@H]12)C3(C)C,0.7224,0.2095,False,False
MECHNRXZTMCUDQ,C=C1CC[C@H](O)C/C1=C/C=C1\CCC[C@]2(C)[C@@H]([C@H](C)/C=C/[C@H](C)C(C)C)CC[C@@H]12,0.6663,0.1786,False,False
GUAFOGOEJLSQBT,COc1cc2ccc(=O)oc2cc1OC,0.395,0.3659,False,True
BLOXMGXSDAAJGX,CC/C=C\CCOC(=O)OC,0.4842,0.2273,False,False
IOMHXTWPVSHDHW,COCC(OC)c1ccc(OC)cc1,0.3267,0.3333,False,True
ICGWWCLWBPLPDF,Oc1ccco1,0.3435,0.2432,False,False
XWYXLYCDZKRCAD,COc1ccc(/C=C/c2ccccc2)cc1,0.225,0.6538,True,True
BHLYQNMLGRQFKV,CC1=CC(=O)C2=C(C)C=CC(=C(C)C)C=C12,0.725,0.1636,False,False
IFJYSOWCCJPUJS,CC(C)C1=CCC(C)C2=C(C1)C(C)CC2,0.4837,0.1695,False,False
FEIZMBLMTCAJSQ,C=CC[Si](C)(C)OCC,0.4592,0.1778,False,False
VBSHAXJPLHCYTH,CC(=O)OC1CCCCCCC1,0.3774,0.2727,False,False
JBDSSBMEKXHSJF,O=C(O)C1CCCC1,0.2843,0.2143,False,False
DHNGCHLFKUPGPX,CCOC(=O)/C=C/c1ccc(OC)cc1,0.2036,0.4595,True,True
ZHHZHHSFKCANOC,C=CCOC=O,0.4354,0.2,False,False
VMDXHYHOJPKFEK,C/C1=C\Cc2c(C)coc2C/C(C)=C/CC1,0.615,0.1525,False,False
IXQJBPRUTQTCMW,CC1=CC(=O)C(=C(C)C)C[C@@H]2[C@@](C)(O)CC[C@]12O,0.6317,0.2273,False,False
ZLQADKTVJQXDIG,CC1=CCC[C@@]2(C)CC[C@@H]3C[C@]12OC3(C)C,0.6567,0.2344,False,False
AFRLMSOCDMQZOR,Cc1ccc([C@]2(C)CC[C@@H](O)C2(C)C)cc1,0.525,0.2391,False,False
VVGOCOMZRGWHPI,CC/C=C\CCC=O,0.5225,0.175,False,False
DBHDYDPCJZZWOW,CC1=C[C@@H]2C(=C(C)CC(=O)C2=C(C)C)CC1,0.5122,0.1667,False,False
KHOTZHZBHNDKOB,C=C(C)C1CCC(C)C12CC(=C(C)C)C(=O)O2,0.527,0.2712,False,False
JARATYWUMQSVOZ,C=C(C)C(=O)C[C@]12OC(=O)C=C(C)[C@@H]1CC[C@@H]2C,0.6467,0.2429,False,False
ISQVBYGGNVVVHB,OCC1CCCC1,0.3202,0.2,False,False
AJQAFIOCJBKYSI,C=C1C2CC(OC(C)=O)C(C2)C1(C)C,0.5367,0.3571,False,True
VUQAYUMLTPYYDZ,CC1=CC(=O)C(=C(C)C)CC2OC2(C)CCC1,0.6287,0.2297,False,False
UBFHIROTRYQGBX,CC1=C2CCC(C)=C2C=c2c(C)c(O)oc2=C1,0.599,0.18,False,False
PJAAESPGJOSQGZ,CC1(C)C[C@H]2C=C(C=O)[C@]3(C=O)C[C@]3(C)[C@H]2C1,0.6217,0.1961,False,False
ZWFIFCRKFITASO,CC1(C)[C@@H]2CC[C@@]3(C)O[C@@H]3CC/C(C=O)=C\[C@@H]21,0.6333,0.25,False,False
MOTCYZHGMCNNRH,C=C(C)[C@H]1CC[C@]2(C)CCCC(C)=C2C1,0.6717,0.1791,False,False
NKGSEACIYQINQJ,C=C1CCC[C@]2(C)CC(=O)C(=C(C)C)C[C@@H]12,0.595,0.2273,False,False
HJFYFYWETUVIHT,COc1cc(CCC(=O)CC(=O)CCc2ccc(O)cc2)ccc1O,0.3483,0.4894,True,True
CVIVANCKIBYAOP,C/C1=C/CC[C@@]2(C)OC2C(=O)c2c(C)coc2C1,0.652,0.2195,False,False
UXYYOHOTPOQJPD,CC1=CCCC2(C)OC2CC(C)(C)/C=C/C1=O,0.7367,0.2632,False,False
ZAWWSYIDZKWRAI,C=C1CC[C@H]2C(C)(C)CCC[C@]2(C)[C@H]1C/C=C(\C=O)CC(=O)O,0.645,0.2237,False,False
ZUVAGNOBOHVXJJ,C/C=C(\C)C(=O)OC1CC2CCC1(C)C2(C)C,0.6633,0.2308,False,False
UUEIVUJSJLKAAM,C/C=C(\C)C(=O)Oc1cc(C)ccc1C(C)C,0.4441,0.2462,False,False
LQBORWCRYHAYHJ,CC/C=C\CC1C(=O)CCC1C(=O)OC,0.5296,0.2069,False,False
PALMCMYYFAHUGA,O=C(C=CC=Cc1ccc(O)cc1)C=Cc1ccc(O)cc1,0.2048,0.4444,True,True
GZVIQGVWSNEONZ,Oc1ccc(CCC(O)CC(O)CCc2ccc(O)cc2)cc1,0.6533,0.4194,True,True
FPSDOHYYKFXKFR,CC(C)=CCC[C@H](C)C1C[C@@H](O)C(C)=C[C@H]1O,0.6003,0.2568,False,False
ODYUKYFFMKUDAX,CCC/C=C/CC(C)C=O,0.4617,0.2093,False,False
LFYXNXGVLGKVCJ,CC1(C)[C@@H]2CC[C@@]1(C)[C@](C)(O)C2,0.5774,0.1951,False,False
FCJMCOVEXBZEMH,CC1(C)C=CC(C)(C)C1,0.5436,0.1429,False,False
AFWKBSMFXWNGRE,COc1cc(C=CC(C)=O)ccc1O,0.0867,0.6667,True,True
RESIPHIPOBYJRP,CC=CCC(=O)CCCCC,0.5438,0.2391,False,False
HNNOWLIDJUXQBP,O=C(OCCCc1ccccc1)C1CCCCC1,0.2815,0.3208,False,True
ZFUJCNJIGDBFEP,CC1=CC(O)C(C(C)C)CC1=O,0.4262,0.2157,False,False
IWEUJYZCURHZFV,Cc1ccc(C)c(CC(C)C)c1,0.4667,0.275,False,False
XXZAOMJCZBZKPV,CC1(C)C2CCC1(C)C(Cl)C2,0.6486,0.1429,False,False
IZLBLUIBVMGMIY,COc1cc(C=CC2=CC(=O)CC(c3ccc(O)c(OC)c3)O2)ccc1O,0.3654,0.4211,True,True
KEVVHIVJVQLNTR,CC(C)=C1CCC(C(=O)OC2CC3CCC2(C)C3(C)C)C1,0.6817,0.2113,False,False
HGTUJZTUQFXBIH,CC(C)(c1ccccc1)C(C)(C)c1ccccc1,0.2983,0.2857,False,False
GVCHCLNHTASCCP,Cc1ccc(C(C)CCCC(C)C)cc1,0.4575,0.2381,False,False
CVTMENNEXOZZEZ,C=C(C)c1ccc(OC)c(CNC2C3CCN(CC3)C2C(c2ccccc2)c2ccccc2)c1,0.5022,0.2754,False,False
UGHVXXDQKXLCID,CCCCCCCOC(=O)c1ccccc1O,0.4967,0.4583,True,True
XWFINABYEHNSEP,C/C1=C/CC(C)(C)/C=C\CC(C)C(=O)CC1,0.5709,0.1791,False,False
KOALQGAPEWNVJF,CC1(C)C2CCC1(C)C(OC(=O)C(F)(F)C(F)(F)C(F)(F)F)C2,0.675,0.2048,False,False
LVHLZMUFIYAEQB,CC(C)CCC(=O)c1ccoc1,0.582,0.32,False,True
CWKLZLBVOJRSOM,COC(=O)C(C)=O,0.395,0.1944,False,False
KKFWQXJBWDWATB,COCC(=O)O[Si](C)(C)C,0.3817,0.2143,False,False
ZMIQNSSHYBJKIL,CC(C)=CC(=O)CC(C)C1=CC=C(C)CC1,0.4121,0.2373,False,False
AEQCSQRYHBNSGA,CC(C)=CC(O)CC(C)C1=CCC(C)=CC1,0.6091,0.1852,False,False
QJOWFYQIUZMPRY,CC(C)=CC(=O)C[C@H](C)[C@@H]1C=C[C@](C)(O)[C@@H](O)C1,0.5389,0.2623,False,False
UYEWRTKHKAVRDI,COc1cc(C=CC(=O)COC(=O)C=Cc2ccc(O)c(OC)c2)ccc1O,0.1317,0.6744,True,True
FZXLDENMTYEVAD,CC1=CC[C@H](C(C)C)C[C@@H]1O,0.5521,0.1786,False,False
LSMSSYSRCUNIFX,C/C=C/c1ccc(C)cc1,0.27,0.3143,False,True
ZVJICTFBNCHGME,CC(C)=C1C[C@@]2(O)C(=C(C)CC1=O)CC[C@]2(C)O,0.6484,0.1791,False,False
OSIFVLKZUWRNBN,CC(C)=CC(=O)CC(C)c1ccc(C)c(O)c1,0.3838,0.2909,False,False
WYIJOOQDLOBLCP,CC(C)=CC(=O)CC(C)c1ccc(C)cc1O,0.3754,0.2742,False,False
PXVBIBFQMMCICH,Oc1cc[c]([Hg])cc1Cl,0.3783,0.3611,False,True
RQWDWCITECNVBB,COc1ccc2c(c1OC)CCC(N(C)C)C2,0.51,0.3137,False,True
MFWNKCLOYSRHCJ,CN1[C@@H]2CCC[C@H]1CC(NC(=O)c1nn(C)c3ccccc13)C2,0.6075,0.2917,False,False
SFVUIUUSVAMYPP,CC1=CC=CC=C(C)O1,0.2783,0.1714,False,False
GZPBVLUEICLBOA,Cc1cc(O)cc(C)c1N(C)C,0.32,0.3143,False,True
WSGCRAOTEDLMFQ,CCCCC(=O)CCCC,0.4017,0.3103,False,True
NIYGNRXIRWYLOP,Cc1cnc2[nH]c(=O)ncc2n1,0.4748,0.2115,False,False
CFPRLPOHLDRYIP,CCC(C)C1(C(=O)NC(C)(C)CO)CCCCCC1,0.5515,0.1972,False,False
SEPSYIXFWLWAQJ,CCC(Oc1c(I)cc(I)c(N(C)C(C)=O)c1I)C(=O)O,0.475,0.2203,False,False
SWZNEKIDLOGZBL,Nc1c(N=Nc2ccc(-c3ccc(N=Nc4ccc(O)c(C(=O)O)c4)cc3)cc2)cc(S(=O)(=O)O)c2ccccc12,0.6067,0.5094,True,True
KYOABDCVSFORIY,CCc1oc2c(CN(CC)CC)c(O)ccc2c(=O)c1CC,0.4495,0.3137,False,True
IEJIGPNLZYLLBP,COC(=O)OC,0.2667,0.25,False,False
SPWIGPQVICYSOT,CNc1nc(=O)n([C@H]2C[C@H](O)[C@@H](CO)O2)cc1F,0.6853,0.2027,False,False
KCNRMTIWYUWXNH,C[N+]1(C)CCC(OC(=O)CC(O)(c2ccccc2)C2CCCC2)C1,0.5967,0.2344,False,False
FFFIRKXTFQCCKJ,Cc1cc(C)c(C(=O)O)c(C)c1,0.395,0.359,False,True
ZZMVLMVFYMGSMY,CC(C)CC(C)Nc1ccc(Nc2ccccc2)cc1,0.5167,0.5,True,True
RRROREHZDRAVJK,CCCC[N+]([O-])=NC,0.5217,0.1818,False,False
SHLRAXTXBZMDPP,CCN(CC)CCOC(=O)C1c2ccccc2-c2ccccc21,0.2831,0.2787,False,False
IZFSDKNXOMAAQL,C/C(C=O)=C\CCCCc1ccc(C)cc1,0.595,0.3421,False,True
IXRPKRWXUJOOBZ,CC(=O)OC/C(C)=C\CC[C@]1(C)C2C[C@@H]3[C@H](C2)C31C,0.6067,0.2297,False,False
MGCGLWILILAXQZ,CC(=O)OC/C(C)=C\CCC(C)c1ccc(C)cc1,0.445,0.2879,False,False
HUXNLKAQKLGSAF,Cc1cccc2c1C=CCC2(C)C,0.7233,0.2222,False,False
FUZZFPVZJGQAKD,CC12CC3CC(C)(C1)CC([N+](=O)[O-])(C3)C2,0.6886,0.2222,False,False
KGWPFPWQIUAJPK,CCCCOCCOCCOC(CCC)c1ccc2c(c1)OCO2,0.5067,0.3043,False,True
GTHJHHZMCSHKDZ,CC(C)=C1CC2OC2(C)CCC2OC2(C)CC1=O,0.6537,0.2609,False,False
SFVIZKWTUKBDIY,CCCCCCCCCCCCCCCCCCCCCCCCCCCCCCBr,0.5514,0.2963,False,False
WXOVAVXCJROWQY,CC12CC3CC(C)(C1)CC(C(=O)NNC(N)=O)(C3)C2,0.6609,0.2615,False,False
QICSIODSGSXXLT,COc1ccc2c(c1)CC(O)N2C=O,0.5506,0.3182,False,True
WKJFMQDNIWTSBT,O=C1C=CC2=C1C1=CC1=CCC2,0.5492,0.14,False,False
JIHZHLCOASGNCG,Cc1ccc2c(c1)CCC2(C)C,0.7353,0.2963,False,False
UCJLLWUIZXMERG,CC12C=CC34C(CC3(C)C)C(O1)C4(C)O2,0.6469,0.1607,False,False
DFQICHCWIIJABH,Oc1ccc2ccc(O)cc2c1,0.3683,0.2778,False,False
HXCGUCZXPFBNRD,CC(C)(O[C@H]1O[C@@H](CO)[C@H](O)[C@@H](O)[C@@H]1O)[C@H]1Cc2cc3ccc(=O)oc3cc2O1,0.5383,0.2989,False,False
RLMQWGSUQMGDGC,CC(C)=C(C#CC1(C)CCC1=O)C(C)C,0.5409,0.1875,False,False
IENXNRSNFXHIOR,C#CC1(O)C(C)=CC(=O)CC1(C)C,0.5617,0.2097,False,False
ZWVHTXAYIKBMEE,O=C(CO)c1ccccc1,0.3587,0.3793,False,True
DFYYBHIUTDAALI,Cc1cc2c(o1)CCCC2=O,0.4253,0.2745,False,False
KSBVDFFNJADPJJ,CCOC(=O)C(CCc1ccccn1)c1ccccc1,0.6267,0.3279,False,True
VPYJNCGUESNPMV,C=CCN(CC=C)CC=C,0.4001,0.16,False,False
NWKXNIPBVLQYAB,COC(=O)/C=C(\C)CC/C=C(\C)CCC=C(C)C,0.6038,0.3696,False,True
SJPUMNBZMYJESR,CCCCCC=CCC(C)=O,0.5638,0.3333,False,True
RIZBLVRXRWHLFA,COc1cc(C)cc(OC)c1,0.435,0.4231,True,True
HPMGFDVTYHWBAG,CCCC(O)CC(=O)O,0.5383,0.2,False,False
GGVONAGVMCUJTB,C/C1=C\CCC2CC(OC2=O)c2c(C)coc2C1,0.5366,0.2113,False,False
JGIJYQIFJVTMPV,CC1=CC(=O)C=CC1(C)C(C)C,0.6323,0.1864,False,False
DWBHHDLJKDLPRL,C=CC1=CC(C)(C=C)OB(CC)O1,0.6604,0.1667,False,False
RUUMHHSGEYHQRB,C=C(CO)C1CCC2(C)CC(=O)C=C(C)C2C1,0.7183,0.2143,False,False
RIWNMJBJRPCUBX,Cc1cc2c(C(C)C)ccc(C)c2cc1O,0.5633,0.25,False,False
YXEZYSUNRPJMIU,Cc1c2c(c(C)c3c1CCCC3)CCCC2,0.5756,0.2195,False,False
LUTRLLNMYHKHEW,CC(=O)c1cc2c(c3c1CCCC3)CCCC2,0.5053,0.2909,False,False
ITRHZWKEZJYJQO,C=C(CO)[C@@H]1CC[C@@]2(C)CCCC(C)=C2C1,0.705,0.1912,False,False
UYBFSLXEYFGANT,C=C[C@@]1(C)CC(=O)C(=C(C)C)C=C1C(C)C,0.6126,0.2295,False,False
UIMWPYYYFGCEJP,C=C1CCC[C@]2(C)CC[C@@H](C(C)(C)OC(C)=O)C[C@@H]12,0.5617,0.2464,False,False
WJUQDFFDADGYQZ,CC(=O)OC(C)(C)C1CCC2(C)CCCC(C)=C2C1,0.6083,0.2,False,False
IWKXKWUCSZHJEK,C=C1CCC(C(C)(C)OC(C)=O)CC1,0.445,0.2373,False,False
IVCVRGUQIZEIMF,O=C(OC12CCC3C(O)C(CCC31)C2)C(F)(F)F,0.5325,0.1667,False,False
NUNDTNRGQXWRPH,CC(C)=C1C(=O)CC(C)C12C=CC(C)CC2,0.5353,0.1967,False,False
RVZFRFPJFJRTJV,CC(=O)O[C@H]1CC[C@@]2(C)C(=CC(=O)C3[C@@H]4CCC[C@@]4(C)CC[C@@H]32)C1(C)C,0.6883,0.2466,False,False
LUUZOLPRBAVIIZ,CCCCC(CC)CC(CCCC(=O)O)(CC(CC)CCCC)C(=O)O,0.5883,0.2121,False,False
YCWFSAIGFBNDPM,C[C@]12CC[C@H]3[C@@H](CC=C4CC(=O)C=C[C@@]43C)[C@@H]1CC[C@@H]2O,0.6987,0.1918,False,False
BAZVBVCLLGYUFS,CCCCCCCCCCCCOC(=O)c1ccccc1C(=O)OCCCC,0.3631,0.4565,True,True
HIPIENNKVJCMAP,CC(C)=C[C@H]1[C@@H](CO)C1(C)C,0.4617,0.1951,False,False
WXCZVHNGLFWEJZ,CCCCCCCCCCCCCCOC(=O)C(CC)(CC)C(=O)OCCOC,0.4581,0.26,False,False
QIGLLCHDIZAZFE,CC(C)CCCCCOC(=O)/C=C\C(=O)OCCCCCC(C)C,0.4916,0.2449,False,False
VEVZCONIUDBCDC,CC(C)C(O)(c1ccc(OC(F)(F)F)cc1)c1cncnc1,0.635,0.2679,False,False
YDVXYTIIPGKIJP,CC(C)=CCC/C(C)=C/COC(=O)c1ccccc1,0.5738,0.3725,False,True
MYMGHSODBQFSOR,C=C(C)C1CC=C(C)C2CCC(C)C2C1,0.6017,0.1642,False,False
DRFSOBZVMGLICQ,CC(=O)OC(C)(C)[C@@H]1CC[C@H](C)C2=C(C1)[C@@H](C)CC2,0.3833,0.2222,False,False
GRDDITZXHDRNNP,C#CCCCCCCCCC#CCCCC,0.6661,0.2667,False,False
LSTDYDRCKUBPDI,CCCCCCCCCCCCCCCCOC(C)=O,0.3945,0.4,True,True
IHQUEBHATOOKPN,CC1CCC2C=CCC3C(C12)C3(C)C,0.64,0.1667,False,False
UXUPPWPIGVTVQI,CCCCCC(=O)OCC(C)C,0.5047,0.2391,False,False
IBRKLUSXDYATLG,CC1NCCc2cc(O)c(O)cc21,0.375,0.2105,False,False
PHOYCTTUSJWMJF,Clc1oncc1CCc1ccccc1,0.4569,0.2414,False,False
OOYRHNIVDZZGQV,C=C1[C@H]2CC[C@H](CO)[C@@]23CC[C@H](C3)C1(C)C,0.59,0.194,False,False
CXANYYGAUWHHNM,C=C1C2CCC(O)[C@@]23CC[C@H](C3)C1(C)C,0.5379,0.2069,False,False
ANJQEDFWRSLVBR,CC1=CC(=O)C[C@@H]2CC[C@H]3[C@@H]4CC[C@H](O)[C@@]4(C)CC[C@@H]3[C@@]12C,0.6781,0.2222,False,False
WRQNANDWMGAFTP,COC(=O)CC(C)=O,0.3933,0.2703,False,False
GQPLMRYTRLFLPF,[N-]=[N+]=O,0.4033,0.1111,False,False
LVECZGHBXXYWBO,CC1CCCCCCCCCCCCC(=O)O1,0.4509,0.2353,False,False
ZGKPBXWQOYDEMA,CC(C)C1=CC[C@]2(C)[C@H]3CC[C@H](C3)[C@]12C,0.6869,0.1695,False,False
AKASWINDKIEEBO,CC(C)=C1CC[C@]2(C)OC2C1=O,0.5787,0.2143,False,False
VHAKHIFIJYZLKW,CCOC(=O)C(C)C(=O)NC(C)C1CCCCC1,0.4383,0.2667,False,False
XHEGXVAWDSUIIG,CC1(C)CCC2(CO2)C2(C)OC(=O)C=C12,0.7253,0.2264,False,False
BRGJFCICCOEPPB,CC(=O)OC1C2CC(=C(C)C1C1(C3CC4CC(=C3C)C4(C)C)CC3CC(=C1C)C3(C)C)C2(C)C,0.69,0.2105,False,False
STNYGMDZVYBFLR,O=C(O)C12CC3CCC(CC(C3)C1)C2,0.4136,0.1864,False,False
XOTMHDVYZZBKEJ,C/C1=C/CC/C(C)=C\CC/C(C)=C\CC1,0.3167,0.1765,False,False
FMHHVULEAZTJMA,Cc1cc2cc3c(C)cc(=O)oc3c(C)c2o1,0.3817,0.26,False,False
IAXCQXJSJZSKES,C[C@H]1CCC2C(C=O)CCC3C(C21)C3(C)C,0.56,0.2083,False,False
XVWGGKCJOXAGDW,CC(C)=CCCC(C)c1ccc(C=O)cc1,0.4817,0.2955,False,False
MUROKQYXIPVTGD,CC1=CC2C(CC1)[C@@H](C)CC[C@]2(O)C(C)C,0.4003,0.1791,False,False
SONNWYBIRXJNDC,CNCC(O)c1cccc(O)c1,0.4283,0.2553,False,False
RKBAYVATPNYHLW,CC1=CCC([C@]2(C)CC[C@H](C(C)(C)O)O2)CC1,0.6587,0.2121,False,False
CRBJBYGJVIBWIY,CC(C)c1ccccc1O,0.4683,0.3611,False,True
QBKKSIMANOEXOI,CC1(O)C=C[C@H]2C[C@@H]1C2(C)C,0.5167,0.1852,False,False
FNZTVUHCYCHOFH,OCC(O)COc1cccc2[nH]ccc12,0.4633,0.2394,False,False
HPPUQZZCHCEJEW,CC1=C(C)CC(C)(C=O)CC1,0.49,0.1905,False,False
DIMNLUIMZVXIKS,CNC(C)CC1=CCC=CC1,0.5186,0.1475,False,False
BCWATDFZPIEIIL,CC(C)c1ccc(C23CC4CC(CC(C4)C2)C3)cc1,0.4872,0.2281,False,False
VQCUOFPGCSOOFN,CC[C@H](C)[C@@H]([C@@H](CC(=O)N1CCC[C@H]1[C@H](OC)C(C)C(=O)NC(Cc1ccccc1)C(=O)OCC12CC3CC(CC(C3)C1)C2)OC)N(C)C(C(=O)NC(=O)C(NC)C(C)C)C(C)C,0.7033,0.2975,False,False
HQRWWHIETAKIMO,CCCC(O)c1ccccc1,0.5167,0.3235,False,True
UXLFQDAATOVVOK,CCC(C)CCCCC1CCCC(=O)O1,0.5842,0.2321,False,False
LCSNKHFQEKIGGQ,CCCCCCCCC/C=C(\CCCCCCCCCC)c1ccccc1,0.6807,0.4324,True,True
VARQGBHBYZTYLJ,CCCCCCCCCCCC(=O)CCCCCCCCCCC,0.5189,0.3103,False,True
LDZAQVDQJOQNJB,ClC1C2CCCCCCCCCC1COC2,0.416,0.1525,False,False
NDKOKWXOWTVYJR,CCn1nc(C)c(C=O)c1C,0.5433,0.2222,False,False
SXPWYSNMKUDXOU,C[C@H]1[C@@H](c2ccccc2)OC(C)(C)N1C,0.5242,0.24,False,False
AWONIZVBKXHWJP,COc1cc(C)cc(C)c1C,0.4633,0.3,False,True
HULPONUAINYLQQ,C/C=C(/C)C(=O)O[C@H]1C(C)=C[C@]23C(=O)C(=CC(CO)[C@@H](O)[C@]12O)[C@H]1[C@@H](C[C@H]3C)C1(C)C,0.66,0.1977,False,False
CTUHQRWBXMBEPD,CCCCCCCCCCCCCCC(C)C=O,0.5937,0.2353,False,False
CQTRUFMMCCOKTA,CC(=O)CC(C)(C)N,0.335,0.1702,False,False
VOOVDZMAQQVAEW,C/C(=C/C(C)(C)c1ccccc1)c1ccccc1,0.4967,0.325,False,True
GNLLTRIMWRZWBF,CC=C(C=O)C=CC=C(C)C,0.4483,0.1458,False,False
YEXOWHQZWLCHHD,CC(C)(C)c1cc(C(=O)O)cc(C(C)(C)C)c1O,0.265,0.4865,True,True
JXVNWAUWOPLPEA,CC(=O)C=CC1=CCCCC1(C)C,0.5783,0.2174,False,False
AXFIWMQXUWEQNR,CC(=O)O/N=C/c1cccnc1,0.5121,0.3636,False,True
JQTJGWFLEGISPH,CC(C)CCCC(C)CCCC1(C)CCC(=O)O1,0.7238,0.2459,False,False
NISXIUTZLBSNCF,CC(=O)CCC1=C(C)C2CC2CC1(C)C,0.6336,0.2167,False,False
BHGNYQMQMOKBDW,CC(C)=C1CCC(O)CC1,0.3304,0.1887,False,False
FMARRBDLJSOXHA,CCCc1ccc(C(OCC)OCC)cc1,0.217,0.4595,True,True
XVQUOJBERHHONY,CNC(C)CCC=C(C)C,0.565,0.2128,False,False
GYDWWIHJZSCRGV,CCCCCCCCCCCCCCC1CCC(=O)O1,0.5101,0.225,False,False
ZYDUOFAYEXDGIS,CC1C(=O)C2CC1C(C)(C)C2,0.6187,0.2115,False,False
PJDMXZRKXHMLSZ,COc1cc(O)c(C=O)c(C)c1C,0.382,0.3514,False,True
VDWWSWVFXKVAHE,CN(C)CCC1=CCC2CC1C2(C)C,0.5619,0.1692,False,False
MSHFRERJPWKJFX,COc1ccc(CO)cc1,0.3271,0.4062,True,True
JCRIVQIOJSSCQD,CNC(C)CC1CCCCC1,0.3961,0.2188,False,False
GQGTXJRZSBTHOB,c1ccc(Oc2ccc(Oc3ccc(Oc4ccccc4)cc3)cc2)cc1,0.17,0.3462,False,True
AAHFXSQSYCYSPU,CCc1cccc(CCOCCc2cccc(CC)c2)c1,0.5467,0.3333,False,True
OXFGTKPPFSCSMA,CN[C@H](C)[C@H](O)c1ccc(O)cc1,0.445,0.2703,False,False
LFMBHXDRHWERDI,CCCC/C=C\CCCCCCCC(=O)OCCCC,0.5779,0.32,False,True
CKMXAIVXVKGGFM,CC(C)c1ccc(C(=O)O)cc1,0.405,0.3871,False,True
IJBFSOLHRKELLR,CCCCCC/C=C\CCCC(=O)O,0.6069,0.3214,False,True
QHEUOYOHVATZEB,CCCCC/C=C/CC1CCCC1=O,0.4093,0.3137,False,True
ALMLVUGGLRJZPE,OC1CCC2CCC(O)CC2C1,0.336,0.1569,False,False
YCIXWYOBMVNGTB,CCCCCC1=C(C)CCC1=O,0.565,0.3095,False,True
KFWKGYLRGRMIES,CNCCOc1c(C)cccc1C,0.4538,0.25,False,False
ZOQCEVXVQCPESC,CCOC(=O)C=Cc1ccc(O)cc1,0.1252,0.5111,True,True
KBPNNHFVJQEULH,CCCCCCCCCCCCCCCC(OCCC(C)C)OCCC(C)C,0.5033,0.2162,False,False
IPOMLSMRFPLARI,C1CC2CC3CC1CC2C3,0.4177,0.1111,False,False
YMIHAYABXZORPU,C=C[C@]1(C)CCC(C(C)C)C(=O)C1=C(C)C,0.4653,0.2121,False,False
CYTQLGHFERDHGV,CCOC(=O)CC(=O)OCCCCCCCCCCCl,0.628,0.2679,False,False
RQCLRCULEFIVSO,C/C=C/C1OCC2(CO)C(C)C=C(C)C1C2C,0.4367,0.169,False,False
LLYUQTVONAGBRD,C#CCCCCCCCCCCC(=O)OC,0.5624,0.3571,False,True
CUPOUBRMIZFFHN,CCC(C)C(=O)N=CC(=O)O,0.4456,0.2326,False,False
SQVJGCCKIYALHN,C=C(C)C1CCC(C)CC1OC(=O)C(F)(F)F,0.5022,0.2188,False,False
OCNZHGHKKQOQCZ,CCCCCCCC/C=C\CCCCCCCC(=O)OC(=O)CCCCCCC/C=C\CCCCCCCC,0.6752,0.3333,False,True
ZQAAPECGIMFVID,CCCCCOC(=O)c1ccc(CC)cc1,0.5886,0.375,False,True
XAYALFWPTZBILU,CCCCC(CC)OC(=O)c1ccccc1C(=O)OCC(C)C,0.65,0.3509,False,True
BWFKXSZBRCDUEL,CN(C)CC1CC2=C(CCCC2)NC1=O,0.4836,0.1964,False,False
RRHCDWLSHIIIIT,C/C=C(/C)C(=O)O[C@H]1Cc2c(ccc3ccc(=O)oc23)OC1(C)C,0.6133,0.3099,False,True
PDSVZUAJOIQXRK,CCCCCCCCCCCCCCCCCC[N+](C)(C)C,0.5921,0.2759,False,False
KWTWDQCKEHXFFR,CCC(c1cccc(O)c1)[C@@H](C)CN(C)C,0.4633,0.25,False,False
GMYHXOPIKMGWOM,C=C(C)C1CCC(CO)CC1,0.46,0.2034,False,False
HPPLZROUJULWGU,CCCCCCCCCCCCCCCCCCCCc1ccccc1,0.5149,0.6154,True,True
YDKYUMMCINALES,CC=CC=CCC(=O)O,0.4167,0.1667,False,False
GKDWDNZOCKBXMO,CCOc1ccc(C(C)C)cc1,0.495,0.4211,True,True
CQRYMYGKLOLNOV,CC(C)C1=CCC(CO)CC1,0.4387,0.22,False,False
HBKLKBUNCSHWKO,CC(C)C1=CC=C(CO)CC1,0.465,0.2,False,False
PKEROHUSQKVCKS,CC(=O)c1ccccc1OCCN(C)C,0.2833,0.3269,False,True
MXTJBGDTUXXLAG,CC(C)=CCC/C(C)=C/CCC(C)CCOP(=O)(O)OC1OC[C@@H](O)[C@@H](O)[C@H]1O,0.7233,0.2299,False,False
WMAPWGDDBFGMJM,O=S(=O)(O)c1cc(O)c(N=Nc2ccc3cccc(S(=O)(=O)O)c3c2O)c2ccccc12,0.5867,0.2462,False,False
SDJHPPZKZZWAKF,C=C(C)C(=C)C,0.315,0.1071,False,False
GHGKPLPBPGYSOO,C=C(C)[C@@H](CC)CC[C@@H](C)[C@H]1CC[C@H]2[C@@H]3CC=C4C[C@@H](O)CC[C@]4(C)[C@H]3CC[C@]12C,0.7667,0.1895,False,False
FKENQMMABCRJMK,CC1(C)C(C(=O)O)N2C(=O)CC2S1(=O)=O,0.5322,0.1905,False,False
CNZPSABYEGFSCC,O=C(c1cc(-c2ccccc2)c(=O)n2c1-c1cc(Cl)ccc1CC2)N1CCC[C@@H]1CO,0.715,0.2821,False,False
LMIFPRVTIOZTJN,CC1=C(/C=C/C(C)=C/C=C/C(C)=C/C=C/C=C(C)/C=C/C=C(C)/C=C/[C@@]23O[C@@H](CC2(C)C)C[C@@]3(C)O)C(C)(C)C[C@H](O)C1,0.7008,0.1447,False,False
LJQBMYDFWFGESC,CC1N=C(N)OC1c1ccccc1,0.4087,0.2308,False,False
AGOJRWYSOBLXNH,CC1OC(O[C@H]2C(OC3CC[C@]4(C)C(CC[C@@]5(C)C4C=CC4=C6C(CC[C@]45C)[C@@H](C)[C@@H](C)[C@@H](C)[C@]6(C)O)C3(C)C)OCC(O)C2O[C@H]2O[C@@H](CO)[C@H](O)[C@@H](O)[C@H]2O[C@H]2O[C@@H](CO)[C@H](O)[C@@H](O)[C@H]2O)[C@H](O)[C@H](O)C1O,0.799,0.3867,False,True
HTJXMOGUGMSZOG,O=C(Cn1c(=O)sc2ccc(Cl)cc21)N1CCN(CCO)CC1,0.6489,0.3438,False,True
PYELIMVFIITPER,O=c1cc[nH]c2c(O)cccc12,0.3433,0.2619,False,False
AGBQKNBQESQNJD,O=C(O)CCCCC1CCSS1,0.5383,0.2115,False,False
YPZRHBJKEMOYQH,Cc1cc2c(cc1C)N(CC(O)C(O)C(O)COP(=O)(O)OP(=O)(O)OC[C@H]1O[C@@H](n3cnc4c(N)ncnc43)[C@H](O)[C@@H]1O)c1[nH]c(=O)[nH]c(=O)c1N2,0.7017,0.1397,False,False
AQGOGICAGOUIGS,COc1ccc(C2C(C(C)=O)=C(C)N=c3s/c(=C/c4cc5c(cc4Br)OCO5)c(=O)n32)cc1,0.6169,0.2766,False,False
UMMYRKDZQINBHZ,C/C1=C2N=C(/C=C3N=C(/C(C)=C4\N=C([C@@H](CC(N)=O)[C@]4(C)CCC(=O)NCC(C)OP(=O)(O)OC4C(O)[C@H](n5cnc6cc(C)c(C)cc65)O[C@H]4CO)[C@@]4(C)N=C1[C@@H](CCC(N)=O)[C@@]4(C)CC(N)=O)[C@@H](CCC(N)=O)C/3(C)C)[C@@H](CCC(N)=O)[C@]/2(C)CC(N)=O,0.7239,0.1477,False,False
FPLMIPQZHHQWHN,COc1ccc(-c2oc3cc(O)cc(O)c3c(=O)c2O)cc1O,0.5017,0.4,True,True
IRNYFKBSAARAHR,N=C(N)Nc1cc(C(=O)O)ccc1N1C(=O)CCC1(CO)CO,0.532,0.2308,False,False
YISIGATXJQLDCC,O=C(O)C=CC(=CC(=O)O)CC(=O)O,0.5141,0.2,False,False
XSXIVVZCUAHUJO,CCCCC/C=C/C/C=C/CCCCCCCCCC(=O)O,0.6086,0.3509,False,True
MKMCJLMBVKHUMS,COc1ccc2[nH]c(=O)oc2c1,0.35,0.34,False,True
ZTMDEZWUGKKJQN,CC(=O)N[C@H]1[C@@H](OP(=O)(O)OCCC(C)CC/C=C(\C)CCC=C(C)C)O[C@@H](CO)[C@H](O)[C@@H]1O,0.7319,0.2179,False,False
QVDPWQVOSKJUES,C/C(=C\CCC(C)C1CCC2C3C(C[C@H](O)C12C)C1(C)CC[C@@H](O)C[C@H]1C[C@H]3O)C(=O)SCCNC(=O)CCNC(=O)C(O)C(C)(C)COP(=O)(O)OP(=O)(O)OC[C@H]1O[C@@H](n2cnc3c(N)ncnc32)[C@H](O)[C@@H]1OP(=O)(O)O,0.7454,0.1677,False,False
XJRMFKRYVTYFPN,C[C@@H]1C[C@H]2OC(=O)C3=C2[C@@H](CCC3)[C@@]12C[C@@H](c1ccoc1)OC2=O,0.6753,0.2254,False,False
FVWCQCCVDNGNPX,COc1cc(-c2cc(=O)c3c(O)cc(OC4OC(COC5OC(C)C(O)C(O)C5O)C(O)C(O)C4O)cc3o2)ccc1O,0.6633,0.3571,False,True
POAACKCBTJLFMK,C/C=C1\C[C@@H](C)C(OC(C)=O)C(=O)OCC2=CCN3CC[C@@H](OC1=O)[C@@H]23,0.6067,0.2439,False,False
QVCMHGGNRFRMAD,CC1C(=O)O[C@@H]2CCN3CC=C(COC(=O)[C@](C)(O)[C@]1(C)O)[C@H]23,0.6317,0.2286,False,False
FPRDBFWVOJWDMI,C/C=C1/C[C@@H](C)[C@](O)(CC)C(=O)OCC2=CCN3CC[C@@H](OC1=O)C23,0.5417,0.2025,False,False
SMIANZMWOZURTO,CC1O[C@@H](Oc2ccc([C@@H]3CC(=O)c4c(O)cc(O)cc4O3)cc2)[C@@H](O)C(O)[C@H]1O,0.4492,0.4776,True,True
CRDPLWCMWMJVFE,C/C=C1\CC(C)C(O)C(=O)OCC2=C3[C@@H](CCN3CC2)OC1=O,0.5133,0.1918,False,False
BCJMNZRQJAVDLD,C/C=C1\C[C@@H](C)[C@](O)(CO)C(=O)OCC2=CCN3CC[C@@H](OC1=O)[C@@H]23,0.55,0.2179,False,False
QOHHHKYTTMTIHI,O=c1cc(-c2ccc(O[C@@H]3OC[C@@H](O)C(O)C3O)cc2)oc2c([C@@H]3OC(CO)[C@@H](O)[C@H](O)C3O)c(O)cc(O)c12,0.5053,0.3662,False,True
QAHZAHIPKNLGAS,COc1c2c(cc3c1OCO3)[C@]13C=C[C@H](OC)C[C@H]1N(C2)C[C@@H]3O,0.79,0.1867,False,False
KWAOMPWGIIXDPH,O[C@H]1C=C[C@@]23c4cc5c(cc4CN(C[C@@H]2O)[C@H]3C1)OCO5,0.735,0.1967,False,False
VYIRVAXUEZSDNC,CC1=C(/C=C/C(C)=C/C=C/C(C)=C/C=C/C=C(C)/C=C/C=C(C)/C=C/C(=O)[C@]2(C)C[C@@H](O)CC2(C)C)C(C)(C)C[C@H](O)C1,0.6505,0.1558,False,False
FMWJEBGSMAOQNN,CC1CC(O)(C(C)O)C(=O)OC2CCN3CC=C(COC(=O)C1(C)O)C23,0.6926,0.2237,False,False
CVBUKMMMRLOKQR,CC(=O)CC(=O)c1ccccc1,0.421,0.3871,False,True
QSNSHXCNOZBDFE,CN=C(N)NCCCCCCCCC(C)C1OC(=O)/C(C)=C\CCC(C)C(O)CC(O)C(C)C(O)CCC(C)C(O)CC2(O)OC(CC(OC(=O)CC(=O)O)CC(O)CC(O)CC(O)C(C)C(O)/C=C/C1C)CC(O)C2O,0.7633,0.1679,False,False
NGGMYCMLYOUNGM,CO[C@@H]1[C@H](OC(=O)/C=C/C=C/C=C/C=C/C(=O)O)CC[C@]2(CO2)[C@H]1[C@@]1(C)OC1CC=C(C)C,0.7409,0.2418,False,False
PTXVDUBOLUBNDS,O=C(O)c1sc(-c2ccccc2)nc1-c1ccc(Cl)cc1,0.8341,0.4314,True,True
CHGHRZZPHNOWQV,OCCNc1ncnc2ccccc12,0.3837,0.25,False,False
IAPHXJRHXBQDQJ,C[C@@H]1C[C@@]2(O[C@H]2C)C(=O)O[C@@H]2CCN3CC=C(COC(=O)[C@]1(C)O)[C@H]23,0.7133,0.2466,False,False
MNRHZPCIEGLWGK,CC(=O)C1CC[C@H]2[C@@H]3CC=C4CC(=O)CC[C@]4(C)[C@H]3CC[C@]12C,0.6865,0.2125,False,False
HQDLZISNHUMXEA,COC(=O)CCCSC,0.467,0.2326,False,False
OISOBEQZHNBNKC,CC(C)COCC(=O)n1cc(O)n(-c2cc(Cl)cc(Cl)c2)c1=O,0.6806,0.2361,False,False
HKYVQQZFCXDTEH,Cn1c(=O)[nH]c(=O)c2c1[nH]c(=S)n2CC(=O)c1ccc(Cl)cc1,0.7439,0.2949,False,False
DQELOVNSWGCVQZ,CCCCCCCCCCC=CCCO,0.6299,0.35,False,True
ZDIKCHIJIMUZHO,C1=[N+](C2=Nc3ccccc3-c3ccccc3N2)CCCCC1,0.7111,0.2,False,False
HCAJEUSONLESMK,O=S(=O)(O)NC1CCCCC1,0.4524,0.2857,False,False
YUORBURTMIUPMW,CN1CC(CCN2CC=C(c3ccccc3)CC2)OC1=O,0.5783,0.2535,False,False
GUOIVKTUWBUTNG,COC(C(=O)OC1CCN(C)CC1)(c1ccccc1)c1ccccc1,0.5133,0.2667,False,False
GBXZVJQQDAJGSO,COc1cc(C=CC(=O)SCCNC(=O)CCNC(=O)C(O)C(C)(C)COP(=O)(O)OP(=O)(O)OC[C@H]2O[C@@H](n3cnc4c(N)ncnc43)[C@H](O)[C@@H]2OP(=O)(O)O)ccc1O,0.7167,0.2523,False,False
ILOBCCAMDOHZGW,ClCc1ccc2ccccc2c1CCl,0.4417,0.24,False,False
KEYGSTQSRNPHHU,Clc1cc(Cl)c2c(c1)-c1nc-2nc2[nH]c(nc3nc(nc4[nH]c(n1)c1cc(Cl)cc(Cl)c41)-c1c(Cl)cc(Cl)cc1-3)c1cc(Cl)cc(Cl)c21,0.714,0.2264,False,False
CBULCJKHVYVFRM,O=C(Nc1ccc(F)cc1)C1C2CCC=CCCC=CCCC21,0.512,0.3077,False,True
PROQIBHESKWZBX,Cc1ccc(C=NNc2nc3ccccc3s2)s1,0.5733,0.3235,False,True
LBMNYUVGHGDNMF,CCN(CC)CC(C)OC(=O)c1c(-c2ccc([N+](=O)[O-])o2)noc1C,0.6237,0.2615,False,False
PPJWCUOWPVSSSW,C=C[N+](C)(C)C,0.399,0.1026,False,False
CEZGFQCGXLQKCP,c1ccc2c(c1)nc1n2CSC1,0.6267,0.2903,False,False
WRCBAWDQQSQNRE,CC(C)=C/C=C/C(C)(C)O,0.479,0.1406,False,False
RAFZYSUICBQABU,C/C(=C\C=O)CCCC(C)CCCC(C)CCCC(C)C,0.6067,0.2281,False,False
LIMXJCIGROLRED,C=C/C(C)=C\CC1OC1(C)C,0.5183,0.1636,False,False
WJYMPXJVHNDZHD,CCc1cc(CC)cc(CC)c1,0.46,0.4762,True,True
DSNHSQKRULAAEI,CCc1ccc(CC)cc1,0.5303,0.3478,False,True
VYRWCSXMABWFDW,OCC(O)c1ccc(O)cc1,0.295,0.2812,False,False
DWUPJMHAPOQKGJ,C=CC(O)CCCCCC,0.5951,0.2647,False,False
NNIGUEYKNYGPNH,C=CCCCCCCCCCCC=O,0.522,0.1333,False,False
JGBAASVQPMTVHO,CC(C)(CCC(C)(C)OO)OO,0.5217,0.1463,False,False
YCCILVSKPBXVIP,OCCc1ccc(O)cc1,0.42,0.5,True,True
ORTVZLZNOYNASJ,OC/C=C/CO,0.4067,0.1143,False,False
PAWGRNGPMLVJQH,CCCCCCCCC/C=C/C(=O)O,0.635,0.3256,False,True
IXQGCWUGDFDQMF,CCc1ccccc1O,0.6033,0.3333,False,True
XBLCAKKYMZVLPU,CCCCCCc1ccco1,0.6252,0.3939,False,True
KKKHJDOOIQCWIL,C=C(C/C=C/C)C(C)C,0.4117,0.1667,False,False
RADIRWIUSSENFC,CCCCCCCCc1ccco1,0.6252,0.3939,False,True
DPVYDTACPLLHCF,CC(C)(C)C(=O)OCCc1ccccc1,0.1867,0.4222,True,True
RHPBLLCTOLJFPH,NCC1CCCCN1,0.6287,0.1404,False,False
IGBBVTAVILYDIO,CCCCCCCC/C=C/C(=O)O,0.635,0.3256,False,True
UNRBEYYLYRXYCG,CCN1CCCC1CN,0.5683,0.2,False,False
WTPYRCJDOZVZON,CC(CC=O)CC(C)(C)C,0.425,0.1463,False,False
YWTIDNZYLFTNQQ,C#CC(C)(O)CCC=C(C)C,0.515,0.2083,False,False
GXKOFANEAPTOJI,CCOC(=O)OCCC(C)CCC=C(C)C,0.58,0.2182,False,False
DLHQZZUEERVIGQ,CCC(C)(O)CCCC(C)C,0.52,0.2353,False,False
XJLDYKIEURAVBW,CCCCCCCC(=O)CC,0.5362,0.2903,False,False
PERIHWAPLOBAJM,CCCCCCCCCC(=O)CC,0.5362,0.2903,False,False
WDWAUVJQFVTKEW,CCCC/C=C/CC=O,0.3883,0.3256,False,True
STZUZYMKSMSTOU,CCCCCC(CC)OC(C)=O,0.5457,0.2955,False,False
SZMNDOUFZGODBR,CCCCCC(O)CCCC,0.5067,0.2759,False,False
FJVGFBFLXXDIAP,CCCC/C=C/CCCC=O,0.425,0.3023,False,True
CULUYAUTCSKQNM,c1cnc2c(c1)CCCCC2,0.5517,0.2326,False,False
OEBZHWNGPLIIOC,CC(=O)OC1/C(C)=C/C2(O)C(CC(C)C2OC(C)=O)C(OC(C)=O)C(C)C(OC(C)=O)C2C(C1OC(C)=O)C2(C)C,0.765,0.24,False,False
ZMEDUVOXYVEJHF,CC(C)CCCCC/C=C/C=O,0.6799,0.1837,False,False
FITHEODIIYWPLM,C=CC1(C)CCC2C(CC2(C)C)C(=C)C1,0.6222,0.1833,False,False
FHADSMKORVFYOS,OC1CCCCCCC1,0.3256,0.1591,False,False
WOUVLFFZQCUYOL,CCCCCCCCCCC1CCCC1,0.4774,0.2885,False,False
CETBSQOFQKLHHZ,CCSSCC,0.4669,0.1538,False,False
MHALJYZRPGYQSI,COc1ccc(-c2oc3cc(O)cc(O)c3c(=O)c2O)cc1OC,0.5267,0.3818,False,True
MMCDSVCBSAMNPL,CCCCCCCC=CCCC=O,0.6049,0.3095,False,True
HYNMWRBTSUNCDB,CC(C)CCCCC=CC=O,0.6583,0.1818,False,False
ORMHZBNNECIKOH,CC(C)(O)CCCC1=CCC(C=O)CC1,0.5056,0.2063,False,False
YGWKXXYGDYYFJU,Cc1coc2c1CCC(C)C2,0.555,0.1731,False,False
UULYVBBLIYLRCU,CCCCCCCCCCCCCCCC(=O)OCCCCCCCCCCCCCC,0.4928,0.3051,False,True
QZXSMBBFBXPQHI,CCCCCCCCCCCC(=O)NCCO,0.661,0.3158,False,True
IIGMITQLXAGZTL,CCCCCCCCCCCCCCCCCC(=O)OCCCCCCCC,0.4928,0.3051,False,True
RDIMTXDFGHNINN,C=CC(O)C#CC#CCC(O)C(O)CCCCCCC,0.6747,0.1915,False,False
QKPSYARWSBJEDY,O=C(OCCc1ccccc1)c1ccco1,0.4167,0.4043,True,True
LFQREKVEOMIWQF,C=CCc1cc(OC)c(O)c(O[C@@H]2O[C@H](COC(=O)c3cc(O)c(O)c(O)c3)[C@@H](O)[C@H](O)[C@H]2O)c1,0.57,0.3167,False,True
IYXGSMUGOJNHAZ,CCOC(=O)CC(=O)OCC,0.52,0.2927,False,False
ZVJRAGVPKPPDKE,C=CCCCCCCCCCCCC=O,0.522,0.1333,False,False
GXBLITCOLKGJDG,C=CCCCCCCCCCCCCO,0.5684,0.1591,False,False
UZWOWEPOVKVMEL,CC(O)CCC1C(C)CCCC1(C)C,0.5956,0.2097,False,False
MCVUKOYZUCWLQQ,CCCCCCCCCCCCCc1ccccc1,0.5149,0.6154,True,True
VUNFOJWKJSYIDH,CCCCC/C=C\CCCO,0.5633,0.325,False,True
ALMWXJNJADEHOT,CCOc1ccccc1C(C)C,0.4183,0.3478,False,True
NJQJFSCXCWQSCU,CC(=Nc1ccccc1)C1C(=O)C=C(c2ccccc2)CC1c1ccccc1,0.5686,0.2581,False,False
ZVJHJDDKYZXRJI,C1=NCCC1,0.4464,0.1053,False,False
MOMFXATYAINJML,CC(=O)c1nccs1,0.595,0.3409,False,True
BOYBJOZTRHQFNM,CCCCCCCCC(C)CCC=CCCCCCCCCCC(O)CC(O)CCCCCCCCO,0.7115,0.2545,False,False
VGHBEMPMIVEGJP,CC1=CCOC1=O,0.3287,0.2439,False,False
WTAYWTBOEQYGOG,CC=CC(=O)CCCCC,0.4224,0.2444,False,False
HPLHHICRCJYRHY,CC(C)=CCC/C(C)=C/CC/C(C)=C/CC/C(C)=C/CC/C(C)=C/CC=C(C)C=Cc1c(C)c(O)c2ccccc2c1O,0.5723,0.322,False,True
FAUOSXUSCVJWAY,OC[P+](CO)(CO)CO,0.2817,0.1282,False,False
VNWKTOKETHGBQD,[2H]C([2H])([2H])[2H],0.5083,0.0312,False,False
XYJWEQWNNKNSFU,NC(CCC(=O)NC(CSCc1ccccc1)C(=O)NCC(=O)O)C(=O)O,0.6533,0.3548,False,True
ZDPIZLCVJAAHHR,Cc1[nH]c(C)c(Cl)c(=O)c1Cl,0.5819,0.2143,False,False
WHGGMUIZWMQOGD,CSCCC(N)C(=O)NC(Cc1ccc(O)cc1)C(=O)NC(Cc1c[nH]c2ccccc12)C(=O)NC(Cc1ccc(O)cc1)C(=O)N1CCCC1C(=O)NC(Cc1ccc(O)cc1)C(=O)O,0.7867,0.4592,True,True
YZXKGCIDSYWQIV,COc1ccc(OC)c(C(O)C(C)NC(C)C)c1,0.395,0.32,False,True
PHOQVHQSTUBQQK,O=C1OC(CO)C(O)C(O)C1O,0.4133,0.194,False,False
OIMACDRJUANHTJ,Nc1ncnc2c1ncn2C1OC(COP(=O)(O)OP(=O)(O)OP(=O)(O)OP(=O)(O)OP(=O)(O)OCC2OC(n3cnc4c(N)ncnc43)C(O)C2O)C(O)C1O,0.6204,0.1905,False,False
IGXJACLQOMMYRA,COc1ccc(Br)c(C=CC2C(=O)OC(C)(C)C2CCCO)c1,0.6379,0.2603,False,False
DQKMNCLZNGAXNX,CCCCCCCCCCCCCCCCCC(=O)OCC(COC(=O)CCCCCCCCCCCCCCC)OC(=O)CCCCCCCCCCCCCCC,0.5906,0.2449,False,False
VOUGEZYPVGAPBB,C=C(C)C(=O)/C(=C/C(=O)O)OC,0.6133,0.1778,False,False
HYVABZIGRDEKCD,CC(C)=CCNc1ncnc2[nH]cnc12,0.505,0.2188,False,False
WWSYXEZEXMQWHT,COc1cc2c(c3oc(=O)c4c(c13)CCC4=O)C1CCOC1O2,0.5487,0.2143,False,False
PRHHYVQTPBEDFE,CCCCC/C=C\C/C=C\CCCC/C=C\CCCC(=O)O,0.5387,0.3818,False,True
PHNMOKYFOUVECQ,O=C(O)c1cn(C2CC2)c2cc(N3CCN(CCO)CC3)c(F)cc2c1=O,0.6,0.2564,False,False
YEUSSARNQQYBKH,COC1C[C@H]2C=C[C@H]3[C@H]4O[C@]2(/C(C)=C/[C@@H](C)[C@H](C(C)O)OC1=O)[C@@H]3[C@H](O)[C@@H](C)[C@H]4OC(=O)c1ccc[nH]1,0.7222,0.2037,False,False
DUWPGRAKHMEPCM,CC(C)=CCc1c(O)ccc(C(=O)C=Cc2ccc(O)cc2)c1O,0.2183,0.72,True,True
GVEZRDBRYNJUDQ,COc1c(O[C@@H]2OC(C(=O)O)[C@@H](O)[C@H](O)[C@H]2O)cc2oc(-c3ccc(O)cc3)cc(=O)c2c1O,0.4758,0.4658,True,True
BMGOFEXYTOOWHE,NCCCCN1CCCN2CCCC[C@H]2CCCCCCCCCCC1=O,0.5094,0.2097,False,False
DUXQKCCELUKXOE,COc1ccc(-c2cc(=O)c3c(O)c(OC)c(O[C@@H]4O[C@H](CO[C@@H]5O[C@@H](C)[C@H](O)[C@@H](O)[C@H]5O)[C@@H](O)[C@H](O)[C@H]4O)cc3o2)cc1,0.547,0.3662,False,True
DJSISFGPUUYILV,O=C(O)C1O[C@@H](Oc2cc3oc(-c4ccc(O)cc4)cc(=O)c3c(O)c2O)[C@H](O)[C@@H](O)[C@@H]1O,0.5141,0.4783,True,True
IQGPVLVWUUPQMQ,CC1=C(C)C2=CC(=O)c3c(O)c4c(c(O)c3[C@@]2(C)CC1)O[C@@H](C)C4,0.6887,0.2222,False,False
XGADTAYOFHOFIW,COc1cc([C@H]2Oc3c(c(OC)cc4ccc(=O)oc34)O[C@@H]2CO)ccc1O,0.485,0.3065,False,True
UBTOEGCOMHAXGV,C/C(=N/OS(=O)(=O)O)S[C@@H]1O[C@H](CO)[C@@H](O)[C@H](O)[C@H]1O,0.645,0.2239,False,False
IXSZNNRKGDOXQI,COc1cc([C@@H]2Oc3c(c(OC)cc4ccc(=O)oc34)O[C@H]2CO)cc(OC)c1O,0.4827,0.3014,False,True
SHAHCGJNHYXFLV,C=C1C2CCC(C)C1(C)CCC1=CCCC(C)(OC1=O)C(O)C2,0.7237,0.2941,False,False
FGOHVEYPHSAVIG,COc1ccc(-c2oc3cc(O)cc(O)c3c(=O)c2OC2OC(C(=O)O)C(O)C(O)C2O)cc1,0.6754,0.7541,True,True
CKIJIGYDFNXSET,O=S(=O)(O)ON=C(CCc1ccccc1)SC1OC(CO)C(O)C(O)C1O,0.635,0.2326,False,False
QYEWAEAWMXRMHB,CCCCCCC[C@@H](O)CC(=O)NC(CC(C)C)C(=O)NC(CCC(=O)O)C(=O)NC1C(=O)NC(C(C)C)C(=O)NC(CC(C)C)C(=O)NC(CO)C(=O)NC(CC(C)C)C(=O)NC(CO)C(=O)NC([C@@H](C)CC)C(=O)O[C@@H]1C,0.7146,0.1981,False,False
QQGLQYQXUKHWPX,O=S(=O)(O)O/N=C(\Cc1ccccc1)SC1OC(CO)C(O)C(O)C1O,0.665,0.2381,False,False
ABUJYLRTXBVIRH,CC1(C)O[C@](C)(O)[C@@]2(C)C1CC(=O)[C@]1(C)C2[C@@H](O)C[C@@]2(C)[C@H](c3ccoc3)OC(=O)C3O[C@]321,0.7517,0.1951,False,False
BKWMHKJLXIRTAI,CCOP(C)(=O)SCCN(CC)CC,0.5998,0.2182,False,False
QBFYQVZGIDUNIY,C=CC(C)(C)c1c2c(c(OC)c3ccc(=O)oc13)C=CC(C)(C)O2,0.5971,0.241,False,False
XFSINVCSJTYZGH,CC1(C)CC(=O)c2c(cc3oc(=O)ccc3c2O)O1,0.535,0.2609,False,False
GAEQWKVGMHUUKO,Cc1cc2c([nH]c3ccccc32)c2c1OC(C)(C)C=C2,0.6883,0.2667,False,False
FWNZQNAJETXQPP,COc1cc(C=O)cc2c1[nH]c1ccccc12,0.3483,0.3333,False,True
GHKOFFNLGXMVNJ,CCCCCCCCCCCCOC(=O)CCSCCC(=O)OCCCCCCCCCCCC,0.5323,0.3043,False,True
DAAXQXLWOSUXJM,Nc1nc(=O)c2c([nH]1)NCC(C(=O)C(O)COP(=O)(O)OP(=O)(O)OP(=O)(O)O)N2,0.6558,0.1628,False,False
LUKZREJJLWEWQM,C=C/C=C(\C)CCC=C(C)C,0.5304,0.3256,False,True
AJMZUFBKADIAKC,CCCCC/C=C\C/C=C\CCCCCCCC(=O)OC(CO)COC(=O)CCCCCCCCCCCCCCCCC,0.6848,0.2857,False,False
IXZUPBUEKFXTSD,C/C(=C\COc1c2ccoc2cc2oc(=O)ccc12)CC[C@@H](O)C(C)(C)O,0.535,0.2703,False,False
RXYYKIMRVXDSFR,C=CC(C)(C)CCC,0.46,0.1463,False,False
HSOMNBKXPGCNBH,CCCCC(C)(CC)CC,0.56,0.2,False,False
IDHMAJKSCCNULC,CC(C)=CCC/C(C)=C/CC/C(C)=C/CCC=O,0.5638,0.381,False,True
SUWJESCICIOQHO,C=CCC(C)CC,0.3767,0.1778,False,False
JZQDCDLYNFZBIG,Cn1c2c(O)cccc2c(=O)c2c(O)cc3c(c21)C=CC(C)(C)O3,0.6438,0.3889,False,True
ZNMRQYJUVCXNGK,COc1cc2c(c3oc(=O)ccc13)C=CC(C)(C)O2,0.4758,0.3429,False,True
VCYVDHAWDPDCKW,COc1ccc2ccc(=O)oc2c1CC(C)(C)C=O,0.2391,0.4737,True,True
FZEYVTFCMJSGMP,O=c1c2ccccc2[nH]c2ccccc12,0.37,0.3421,False,True
SMZNQRJKSRSJJH,COc1ccc2c(=O)c3c(O)c(OC)c(O)cc3n(C)c2c1OC,0.6183,0.3818,False,True
XUUGIWDILRFFER,COc1c(O)ccc2c(=O)c3c(O)c(CC=C(C)C)c(O)cc3n(C)c12,0.6417,0.3824,False,True
GQYZDAIERJIQDI,COc1cc2oc(=O)ccc2cc1C(=O)O,0.303,0.3571,False,True
FTTSBKFANOKIKQ,COc1cc2[nH]c3c(OC)c(OC)ccc3c(=O)c2c(O)c1C1c2c(cc(O)c3c(=O)c4cccc(O)c4n(C)c23)OC1C(C)(C)O,0.662,0.2892,False,False
VNOSLNLEVFTHKG,COc1cc2[nH]c3c(OC)c(OC)ccc3c(=O)c2c(O)c1C1c2c(cc(O)c3c(=O)c4ccc(O)c(OC)c4n(C)c23)OC1C(C)(C)O,0.692,0.3291,False,True
BDURUBOYNAVRCF,COc1cc2c(c(O)c1C1c3c(cc(O)c4c(=O)c5ccc(O)c(OC)c5n(C)c34)OC1C(C)(C)O)c(=O)c1ccc(OC)c(OC)c1n2C,0.7337,0.3467,False,True
OQMSMWRXIZYYNR,COc1cc(O)c2c(=O)c3ccc(O)c(OC)c3n(C)c2c1,0.6467,0.3889,False,True
CHCYJKZBXNSGCG,COc1cc(O)c2c(=O)c3ccc(OC)c(OC)c3n(C)c2c1,0.5867,0.375,False,True
OBCBNXMEAJGWOD,COc1ccc2c(=O)c3c(O)cc4c(c3n(C)c2c1OC)C=CC(C)(C)O4,0.6254,0.359,False,True
UDXRGCUMWVCFQZ,Cn1c2c(O)c(=O)ccc2c(O)c2c(=O)cc3c(c21)=CCC(C)(C)O3,0.6167,0.2203,False,False
GHVNFLHFOPJJNP,C=C(C)/C=C/c1cc2ccc(=O)oc2cc1OC,0.285,0.3281,False,True
UTEAJHNFBCLZHN,COc1cc(O)c2c(=O)c3cccc(O)c3n(C)c2c1OC,0.6633,0.3889,False,True
ZEGGZNOPAPRAIG,C=CC(C)(C)O[C@@H]1O[C@H](CO)[C@@H](O)[C@H](O)[C@H]1O,0.4804,0.2941,False,False
IIEWJVIFRVWJOD,CCC1CCCCC1,0.3604,0.2157,False,False
BSKOLJVTLRLTHE,CCC1CCCC1C,0.3975,0.1837,False,False
HWAJASVMTDEFJN,CC1(C)OC(=O)C[C@H](O)[C@]2(C)[C@H]3CC[C@@]4(C)[C@H](c5ccoc5)OC(=O)C5O[C@]54[C@]3(C)C(=O)C[C@@H]12,0.7461,0.1932,False,False
QUTATOGBENCRSS,CC1(C)OC2CC(=O)OCC23C1CC(=O)C1(C)C2=CC(=O)OC(c4ccoc4)C2(C)CCC13,0.8267,0.2069,False,False
OSQYHHXEZIXDDO,C/C=C/CCCCCCCCCCC=O,0.5282,0.2045,False,False
JGDHOHFQJJATNG,CC1(C)/C(=C/CO)C2CCC1C2,0.6283,0.1833,False,False
OPPJKACRWCPJGU,CC(C)=CCc1c(O)cc(O)c2c(=O)c3cccc(O)c3n(C)c12,0.61,0.3704,False,True
VPMIRWSZFAXDKP,COc1cc(O)c2c(=O)c3ccc(OC)c(O)c3n(C)c2c1,0.5383,0.3333,False,True
DRARSUWLNZTZMD,COc1cc(O)c2c(=O)c3ccc(O)c(OC)c3n(C)c2c1CC=C(C)C,0.61,0.377,False,True
KMWHQYDMBYABKL,CCCCCCCCCCCCCCCCI,0.644,0.2963,False,False
KUMXLFIBWFCMOJ,CCCC(C)(C)CC,0.4083,0.1395,False,False
DOFKPAVSYGZVQD,CC(C)=CCc1cc(-c2cc(=O)c3c(O)cc(O)cc3o2)cc(CC=C(C)C)c1O,0.4467,0.4107,True,True
QMEMHCMQAQFMEL,CC(C)=CCc1c2c(c3oc(=O)ccc3c1O)C=CC(C)(C)O2,0.4125,0.4493,True,True
DCEKPLXGLUMXMB,COc1c(O)ccc2c(=O)c3c(O)c4c(cc3n(C)c12)OC(C)(C)C=C4,0.6867,0.3718,False,True
HRNPZFOYXWWMFL,COC(=O)c1ccccc1NC=O,0.4783,0.4651,True,True
FHXACOPOJBXRQQ,C[C@@H]1O[C@@H](O[C@H]2[C@H](Oc3cc(O)c4c(c3)O[C@H](c3ccc(O[C@@H]5O[C@H](CO)[C@@H](O)[C@H](O)[C@H]5O)cc3)CC4=O)O[C@H](CO)[C@@H](O)[C@@H]2O)[C@H](O)[C@H](O)[C@H]1O,0.5783,0.378,False,True
SYWIUZCNOUKNSM,CC(C)=CCC/C(C)=C\C/C=C/C(C)(O)CCC=C(C)C,0.6133,0.32,False,True
GIVMXHQLQAIYEX,CC(=O)O[C@@H]1CC(=O)OC(C)(C)[C@@H]2CC(=O)[C@]3(C)[C@H](CC[C@@](C)(C(O[C@@H]4O[C@H](CO)[C@@H](O)[C@H](O)[C@H]4O)c4ccoc4)C34OC4C(=O)O)[C@@]12C,0.7125,0.1966,False,False
ZIKZPLSIAVHITA,CC(=O)OC(CC(=O)O)C1(C)C(C(C)(C)O)CC(=O)C2(C)C1CCC1(C)C(c3ccoc3)OC(=O)C3OC312,0.7511,0.2072,False,False
FFVPRSKCTDQLBP,CCCCCCCCCCC(C)CCCCCCCC,0.6601,0.2759,False,False
MXZVBPOYCKIXHN,CC1(C)OC(=O)C=CC2(C)C1CC(=O)C1(C)C2CCC(C)(C(OC2OC(CO)C(O)C(O)C2O)c2ccoc2)C12OC2C(=O)O,0.7258,0.193,False,False
QUNWUDVFRNGTCO,Cn1c(=O)[nH]c2ncn(C)c2c1=O,0.5867,0.2,False,False
RTWHYIZIQSNTMZ,CC(C)C1C(=O)O[C@@H]2CCN3CC=C(COC(=O)[C@](C)(O)[C@@]14CO4)C23,0.6373,0.2432,False,False
YQQOGXLLGWWKQH,CC[C@H](CC[C@@H](C)[C@H]1CCC2=C3CCC4C[C@@H](O)CC[C@]4(C)[C@H]3CC[C@@]21C)C(C)C,0.7269,0.1957,False,False
GSVYFPMXLIFUDJ,COc1cc2oc(=O)ccc2cc1/C=C/C(C)=O,0.2569,0.3548,False,True
RSZDAYHEZSRVHS,COc1cc2oc(=O)ccc2cc1CC=C(C)C,0.255,0.4237,True,True
HGINZVDZNQJVLQ,CCCCCCCCCCCCCCCCCCCCCCCC=O,0.5868,0.275,False,False
BNLKKFPQJANWMM,COc1cc2oc(=O)ccc2cc1C[C@@H](O)C(C)(C)O,0.2817,0.3571,False,True
JSJIIHRNDMLJGK,COc1c2c(cc3oc(=O)ccc13)OC(C)(C)C=C2,0.617,0.338,False,True
QOTBQNVNUBKJMS,CC1(C)C=Cc2cc3ccc(=O)oc3cc2O1,0.6987,0.3061,False,True
SQSRYWNOKPJENY,C=C(C)[C@@H](O)Cc1c(OC)ccc2ccc(=O)oc12,0.1883,0.4915,True,True
KQUASHIVFXQCNK,C[C@@H]1O[C@@H](O[C@H]2[C@H](Oc3cc(O)c4c(c3)O[C@H](c3ccc(O[C@@H]5O[C@H](CO)[C@@H](O)[C@H](O)[C@H]5O)cc3)CC4=O)O[C@H](COC(=O)CC(C)(O)CC(=O)O)[C@@H](O)[C@@H]2O)[C@H](O)[C@H](O)[C@H]1O,0.6483,0.3271,False,True
YQGNBRBNPIBBRC,CCC[C@@H](CCC(C)OC)C(C)C,0.5783,0.1778,False,False
YRAQEMCYCSSHJG,CC(C)(O)[C@@H]1Cc2c(ccc3ccc(=O)oc23)O1,0.377,0.2615,False,False
VFKJAXDQCDDPCK,COc1cc2oc(=O)ccc2cc1C(=O)C1OC1(C)C,0.54,0.3117,False,True
GHXPTZOTUKKASE,COc1cc(OC)c2ccc(=O)oc2c1C[C@](C)(O)C(C)OC,0.2758,0.3333,False,True
RAKJVIPCCGXHHS,CC(C)=CCc1c(O)ccc2ccc(=O)oc12,0.125,0.5909,True,True
WXTPOHDTGNYFSB,OC[C@H]1O[C@@H](Oc2cc(O)cc(O)c2)[C@H](O)[C@@H](O)[C@@H]1O,0.5029,0.5345,True,True
RUCHZOCSENTTRO,C=C(C)C(O)Cc1c(OC)cc2oc(=O)ccc2c1OC,0.36,0.339,False,True
VRCXJKSBSNVDFC,COc1ccc2ccc(=O)oc2c1CC(O)C(C)(C)OC,0.2317,0.459,True,True
ZEJUDJOXRYEYKX,CCOC(C)(C)C(O)Cc1c(OC)ccc2ccc(=O)oc12,0.2917,0.4375,True,True
BIQMSWPBPAKGSE,Oc1ccc(C=C2c3cc(O)cc(O)c3[C@@H](c3ccc(O)cc3)C2c2cc(O)cc(O)c2)cc1,0.3859,0.3962,False,True
MLLNAEIUHLSUPB,CC(C)CCCCCCCCCCCCCCCCCCCCCC(=O)O,0.552,0.3023,False,True
RCKXFWRCJBTHNQ,CCCCCCCCC=C(C)CCCCCCCC,0.684,0.2727,False,False
GWFGDXZQZYMSMJ,CCCCCCCCCCCCCCCCCOC(=O)CCCCCCCCCCCCCCCCC,0.4928,0.3051,False,True
IUBQSOTVBGNWDI,CC1(C)CC[C@]23CO[C@@]4(C=C[C@@H]5[C@@]6(C)CC[C@H](O)[C@@](C)(CO)[C@@H]6CC[C@@]5(C)[C@]4(C)C[C@H]2O)[C@@H]3C1,0.6845,0.2299,False,False
MQFBSPASOVBTBD,c1ccc(Cc2c(-c3ccccc3)[nH]c3ccccc23)cc1,0.5204,0.4048,True,True
CEBLAUSMJSQGHL,Cc1ccc2[nH]c(-c3ccccc3)c(-c3ccccc3)c2c1,0.575,0.7436,True,True
FHDHACRWSOLHLB,CC(C)=CC(=O)CC(O)(C(F)(F)F)C(F)(F)Cl,0.5869,0.1754,False,False
CFVIEZDNRMJRKD,Cc1ccccc1-c1nc(N)sc1-c1ccc(N)cc1,0.6883,0.36,False,True
XOFVQYPWYJKESQ,CCC12CCc3[nH]c4ccccc4c3CCN1CC(O)CC2,0.6096,0.2923,False,False
MUMBUPYNQXQLML,C[C@]12CCC(=O)C=C1CC[C@H]1[C@@H]3CCC(=O)[C@@]3(C)CC(O)[C@@]12SC#N,0.645,0.2025,False,False
ZTVZLYBCZNMWCF,NC(CCSSCCC(N)C(=O)O)C(=O)O,0.4933,0.2564,False,False
KJBREHYVQGFTTO,CO/N=C1\CC[C@H]2[C@@H]3C[C@H](OC)c4cc(O[Si](C)(C)C)ccc4[C@H]3CC[C@]12C,0.71,0.1951,False,False
VTRMVHBUTNPBTP,COc1cc(C(C)C)c(OC)cc1C,0.4567,0.2727,False,False
ZYPYEBYNXWUCEA,CC1(C)C(=O)C2CCC1C2,0.6539,0.2093,False,False
BHBPAHCSCDYJBF,CC1=CCC2(C)CCC(C(C)C)C2=CC1,0.5169,0.1746,False,False
VLIUMVVQGMLOJG,CC(C)[C@H]1CC[C@]2(C)C[C@H](O)[C@]3(C)CC[C@]12O3,0.571,0.1967,False,False
RYMWIDNPMDLHRP,CC(=O)OC1CC2(C(C)C)CC2C1C,0.4806,0.2712,False,False
JBGDWLUXDXLDPL,C=C(C)/C=C/CC(C)/C=C/C,0.4433,0.1489,False,False
KFHRKQVLZRJWNB,C=C/C(C)=C/C/C=C(\C)CC/C=C(\C)CCC=C(C)C,0.5254,0.3478,False,True
HTNGHDOJIWNQCM,CC1=C(C)C2(C)CCC1CC2C,0.7053,0.2222,False,False
MUJZYQWSJHLFLC,C=CC(C)(C)C/C=C/C,0.4333,0.1207,False,False
WUSQJQNHMVSMQB,CC12CCCCCCC1O2,0.6214,0.2245,False,False
GFGMLAPKOCNOJK,CCOC1=NC2CCCCC1CCCC2,0.4621,0.2222,False,False
WHTDCOSHHMXZNE,CCc1cccc(CC)n1,0.63,0.303,False,True
ABCSHEOQPSBKBY,CC(C)[C]1Nc2ccccc2N1O,0.5369,0.2927,False,False
HQWBEAAZOBOEBO,C=C(C)/C=C/C1C(C)(C)CCCC12CO2,0.5667,0.1905,False,False
YNAIQYPDHJRCBH,Nc1nc2nonc2nc1Nc1ccccc1F,0.5967,0.2419,False,False
JIAAUHUMDNJFJE,CC1=C(C)C(C)(O)C(C)(Cc2cccc(F)c2)C(C)=C1C,0.655,0.3,False,True
LKGILSUJHTUPDP,O=C(O)C1C2CC(CC2O)C1CO,0.4217,0.1754,False,False
XPMNUVZBXVZTSW,C=C(C)C1CCC(=C)C2CCC(C)C2C1,0.5467,0.2258,False,False
UPPNNWXQXLXRGQ,C=C1CCCC=CC2OC12,0.452,0.1633,False,False
QHPQWRBYOIRBIT,CC(C)(C)c1ccc(O)cc1,0.305,0.3636,False,True
ZZHHIRFCRIFTAN,C=C1CCC2C(CC2(C)C)C(=C)CCC1=O,0.6877,0.2459,False,False
LJZWUDZXMJELFJ,C1CC2CCC3CCCC3C2C1,0.3652,0.125,False,False
IOHJQSFEAYDZGF,CCCCCCCCCCCCC1CO1,0.5684,0.2424,False,False
HKMMHEQNCQNUNN,O=C(O)C1OC(Oc2cc(O)c3c(=O)c(O)c(-c4ccc(O)cc4)oc3c2)[C@H](O)[C@@H](O)[C@@H]1O,0.6158,0.619,True,True
GPKJTRJOBQGKQK,CCN(CC)CCCC(C)Nc1c2ccc(Cl)cc2nc2ccc(OC)cc12,0.74,0.2963,False,False
DHHFDKNIEVKVKS,O=C(O)C1=C/C(=C/C=[N+]2c3cc(O)c(O[C@H]4O[C@H](CO)[C@@H](O)[C@H](O)[C@H]4O)cc3CC2C(=O)[O-])CC(C(=O)O)N1,0.6474,0.2427,False,False
NBGGYTPMNVQWAE,CC1CN(C(=O)c2ccccc2)CCN1C(=O)Cc1ccc2ccccc2c1,0.7153,0.2833,False,False
VRCVXRWYXYWACO,C=C(CCC(C)(O)C1CCC2C3=CC=C4CC(O)CCC4(C)C3CCC21C)C(C)C,0.6503,0.1868,False,False
RCMUGHFHXFHKNW,CC1=CCC(C(C)C)=C[C@@H]2[C@H](C)CC[C@H]12,0.67,0.1552,False,False
JEJVUMPKJVMOEZ,C=CCCCCCCCCCCCCC=C,0.5303,0.15,False,False
YPFDHNVEDLHUCE,OCCCO,0.3417,0.1481,False,False
SKCKOFZKJLZSFA,CC(O)C(O)C(O)C(O)CO,0.3633,0.1622,False,False
WRYRPAPYOPZECY,COc1cc(C(C)(C)C)c(OC(=O)C(CCN2CCCC2C(=O)OC(C)(C)C)[N+](=O)[O-])c(C(C)(C)C)c1,0.74,0.2738,False,False
CZGAOHSMVSIJJZ,C=C(C)CC(C)CCC,0.5533,0.1765,False,False
DBWWINQJTZYDFK,C=Cc1cc(C)ccc1C,0.4073,0.2174,False,False
AKEUNCKRJATALU,O=C(O)c1c(O)cccc1O,0.375,0.3448,False,True
MWXWHUXLVXOXBZ,CCC(O)c1ccco1,0.3733,0.2708,False,False
WEJSIMPWEOUMJB,CC(C)C1=CC(O)C(C)CC1,0.5157,0.2245,False,False
KVVSCMOUFCNCGX,CCCCCCCCCCCCCCCc1cc(O)cc(O)c1,0.4573,1.0,True,True
YLKVIMNNMLKUGJ,CCCCCC/C=C/CCCCCCCc1cccc(O)c1,0.6921,0.5429,True,True
JAFDMBBDFYFVAB,C=C1CCC(=C(C)C)CC1,0.5133,0.1481,False,False
KMAHIPNGGSOJSM,CCC(C)CCCCC(C)CC,0.5675,0.1622,False,False
GRJUENNHVNYCHD,CCCCCCCCCC(C)CC,0.6534,0.2581,False,False
DJNJZIFFCJTUDS,CCCCCCCCCCCC(=O)c1ccccc1,0.5284,0.4878,True,True
OTNCYIBPUVFLLZ,CC(CC(C)(C)C(C)(C)C)C(C)(C)C,0.3133,0.1282,False,False
OVUXTJZTLOSXQS,CCCCCCCCCCC(C)CCCCC(=O)OC,0.6353,0.2542,False,False
JTCIUOKKVACNCK,C/C=C(\C)C(=O)OCCCCCC,0.4828,0.2826,False,False
VHBZECSWMWWTMQ,CCC(C)C(C)CCC(C)C,0.5083,0.25,False,False
PNVRMDDGELICSY,CC(C)(C)c1cc(O[Si](C)(C)C)cc(C(C)(C)C)c1,0.4883,0.2093,False,False
ABLZXFCXXLZCGV,O=[PH](O)O,0.2883,0.0909,False,False
JWGLVEFPXSKNBN,C=CC(C=C(C)C)C(C)(C)O,0.4257,0.1915,False,False
NLHRRMKILFRDGV,CCCCCCCCCCC(C)CC,0.6534,0.2581,False,False
HMKBVDFFYNUAKM,CCCCCCCC(CCC)CCCCC,0.6101,0.2667,False,False
GTJOHISYCKPIMT,CCCCCCCCCC(C)C,0.6251,0.2759,False,False
ADVJSMBYHNLAGK,C=C1C=CC2C3C1[C@]2(C)CC[C@@H]3C(C)C,0.5615,0.1765,False,False
BACLASYRJRZXMY,O=c1cc(-c2ccc(O)cc2)oc2cc(O)c(-c3c(O)cc(O)c4c(=O)cc(-c5ccc(O)cc5)oc34)c(O)c12,0.4117,0.4528,True,True
UZJQQWFHPLYECS,CC/C=C\CCOC(=O)C/C=C\CC,0.5292,0.2157,False,False
NADGBBLSBLDJEH,CC(=O)O[C@H]1C=C(C)CC[C@H]1C(C)C,0.3826,0.2258,False,False
LSQODMMMSXHVCN,c1cc2ccc3cc4ccc5ccc6ccc7cc8ccc1c1c2c3c2c4c5c6c7c2c81,0.4017,0.2,False,False
YOCDGWMCBBMMGJ,C=C1CC[C@@H](C(C)C)C2CC(C)=CCC12,0.6587,0.1746,False,False
IRKOFIFCPOQHKY,C=C1CCCC(C(=C)C)C1,0.4394,0.1864,False,False
BOJMMLBUFICTEZ,C=CCc1ccc(O)c(C2CC(C)CCC2C(C)C)c1,0.43,0.2951,False,False
MPPHOFXUPDWDTO,CC1C2CC3CC(C2)CC1(CC(N)=O)C3,0.5003,0.1915,False,False
QPHLFYOPLZARDQ,CC(C)C1C=CC(CO)=CC1,0.4983,0.1698,False,False
KLAPGAOQRZTCBI,CCCCSP(SCCCC)SCCCC,0.477,0.2432,False,False
SSJXIUAHEKJCMH,N[C@@H]1CCCC[C@H]1N,0.3415,0.1429,False,False
LIRQQKZNKBTPRG,CCC1=CC(=O)C=C(CC)C1=N,0.5542,0.4286,True,True
RVNPFAOWVMGBBF,CC/C=C/C#CCCCCC,0.56,0.2449,False,False
XZTGINNGSQCYPR,COc1cccc2c(O)c3c(c(O)c12)C(=O)C1=C(C[C@@](O)(C(=O)CO)C[C@@H]1O[C@H]1C[C@H](N)[C@H](O)[C@H](C)O1)C3=O,0.65,0.1947,False,False
VZTUKBKUWSHDFM,c1ccc2c(c1)C[C@H]1NCCc3cc4c(c-2c31)OCO4,0.52,0.2414,False,False
MBABCNBNDNGODA,CCCCCCCCCC[C@H](O)[C@H]1CC[C@H]([C@H]2CC[C@H]([C@H](O)CCCCCCCCCC[C@@H](O)CC3=C[C@H](C)OC3=O)O2)O1,0.5875,0.1884,False,False
LFOCLBJZZZXGTG,CC(C)CCC[C@@H](C)[C@H]1CC=C2C3=CCC4CCCC[C@]4(C)[C@H]3CC[C@@]21C,0.6629,0.2,False,False
LVVKXRQZSRUVPY,COc1cc2c(cc1O)[C@H](Cc1ccc(O)cc1)NCC2,0.4229,0.3103,False,True
VYFYYTLLBUKUHU,NCCc1ccc(O)c(O)c1,0.3833,0.3556,False,True
LNEJOJSSSAUPCI,CCC(C)CCCCCCCCCCCCCCCCCCCCCCCC(=O)OC,0.593,0.2222,False,False
WMAHWHYQGFDCIQ,COC(=O)C(C)(C)CCCC(C)=O,0.3858,0.1935,False,False
URBTVTZTLQVLCO,C=C(C(=O)OCCC(C)C)C(C)O,0.4817,0.2245,False,False
YNHXWZNOUUQLCY,CC1CC23CCC4C(C)(CO)CCCC4(C)C2CCC1C3,0.6378,0.1884,False,False
RZVAJINKPMORJF,CC(=O)Nc1ccc(O)cc1,0.2283,0.4211,True,True
CKIYSMRPIBQTHQ,OC1c2ccccc2-c2c3c(cc4c2C1NCC4)OCO3,0.5117,0.2295,False,False
TXXOWSICLRODES,O=C(c1ccccc1)C1CCCNC1,0.479,0.2917,False,False
GMZVRMREEHBGGF,NC(=O)CN1CCCC1=O,0.3389,0.2059,False,False
BDGWQMLWIGDEKO,CCCCCCCCCCCC[C@H](O)[C@@H]1CC[C@@H]([C@@H](O)CCCCCCCCCCCCCCC2=CC(C)OC2=O)O1,0.5821,0.2542,False,False
DTLJCLJJBLHMHZ,C=C(C)C(CC[C@@H](CO)[C@H]1CC[C@@]2(C)[C@@H]3CC[C@H]4C(C)(C)[C@@H](O)[C@H](O)C[C@@]45C[C@@]35CC[C@]12C)C(C)C,0.7617,0.3256,False,True
LYJHVEDILOKZCG,C=CCOC(=O)c1ccccc1,0.3733,0.3265,False,True
MYMOFIZGZYHOMD,O=O,0.33,0.05,False,False
GIJXKZJWITVLHI,CN1[C@@H]2CC[C@@H]1CC(OC(c1ccccc1)c1ccccc1)C2,0.53,0.2321,False,False
IJCITOQWOMWZIG,COC([CH2][Hg+])CNC(N)=O,0.5183,0.25,False,False
DRUIESSIVFYOMK,N#CC(Cl)(Cl)Cl,0.5667,0.1,False,False
YAIAKRDGEGUWGD,N#CC(C(=O)CSc1nnc(NC2CCCCC2)s1)C(=O)NCc1ccccc1,0.5702,0.2676,False,False
CTAPCZWGIAZCKE,COc1cc2oc3c(c(=O)c2c(O)c1CC=C(C)C)C(C=C(C)C)Oc1cc(O)ccc1-3,0.47,0.4557,True,True
UWQYBLOHTQWSQD,CC(C)=CCc1c(-c2ccc(O)cc2O)oc2c(CC=C(C)C)c(O)cc(O)c2c1=O,0.2617,0.661,True,True
PDHAOJSHSJQANO,Oc1cc(O)cc(C=Cc2ccc(O)cc2O)c1,0.1903,0.5312,True,True
QYHFIVBSNOWOCQ,O=[Se](=O)(O)O,0.325,0.1143,False,False
NIONDZDPPYHYKY,CCC/C=C/C(=O)O,0.4669,0.275,False,False
OZQBPZSICOOLGU,CCC/C=C\CCCO,0.5017,0.2632,False,False
XFZBIINLEPBMDY,C=CCCCCC/C=C\C/C=C\CCCCC,0.6082,0.3256,False,True
JNRQSKFTIYCDIP,CCCC(C)OC=O,0.5717,0.1667,False,False
LUHPQMTVPLRAQA,CCCCCCCCCCCCCCCC(=O)OCC(CO[Si](C)(C)C)O[Si](C)(C)C,0.6242,0.2143,False,False
NYOBACFTYJEMSA,CCCCCCCCCCCCCCCCCCCCCCCCCCCCCCO[Si](C)(C)C,0.4923,0.25,False,False
HLEXJAVJCZLRTH,CC1OC(C)C(C)O1,0.4,0.1154,False,False
RUADGOLRFXTMCY,CC1CCC(C)C(O)C1,0.4121,0.1915,False,False
VYTREIXGHYAEES,C=CCCC(=O)C(C)(C)O,0.5683,0.1837,False,False
GRKPITUYBIOOJQ,CC(CCC(=O)O[Si](C)(C)C)C(=O)O[Si](C)(C)C,0.53,0.2353,False,False
LUBVCBITQHEVCJ,C[Si](C)(C)N1CCCC1=O,0.4325,0.2,False,False
KCYOZNARADAZIZ,CC(/C=C/C=C(\C)C1C=C2C(C)(C)CCCC2(C)O1)=C\C=C\C=C(C)\C=C\C=C(/C)C1C=C2C(C)(C)CC(O)CC2(C)O1,0.6783,0.1646,False,False
LGTLDEUQCOJGFP,CC/C=C\CCOC(=O)CC,0.5358,0.22,False,False
QMXCHEVUAIPIRM,CCC(=O)C(C)O,0.37,0.2162,False,False
IWTBVKIGCDZRPL,CCC(C)CCO,0.4833,0.1842,False,False
BYFKKNYEIXWOQO,CC(=O)CCCCCCCC(=O)O,0.41,0.359,False,True
PXRBWNLUQYZAAX,CCCCC1CCCC(=O)O1,0.4356,0.2131,False,False
XEWVATFZTBNDCF,CCC(CCC(C)C1CCC2C3CC=C4CC(O[Si](C)(C)C)CCC4(C)C3CCC12C)C(C)C,0.72,0.1648,False,False
DVGSOFSBBKDKRU,C[Si](C)(C)OC(=O)CCCCC(=O)O[Si](C)(C)C,0.4327,0.2,False,False
FRWXSKQFKDEAOY,CC(N[Si](C)(C)C)C(=O)O[Si](C)(C)C,0.4917,0.2381,False,False
ZEYHEAKUIGZSGI,COc1ccc(C(=O)O)cc1,0.2303,0.4706,True,True
CTMXPIJTHHSEEF,C[Si](C)(C)NC(CC(=O)O[Si](C)(C)C)C(=O)O[Si](C)(C)C,0.4467,0.2037,False,False
UGESQDAUQLNVHU,C[Si](C)(C)OC(=O)CCCCCCCC(=O)O[Si](C)(C)C,0.4656,0.2222,False,False
BNAGIDDOEKUJRZ,C[Si](C)(C)OC(=O)c1ccccc1O[Si](C)(C)C,0.3367,0.3404,False,True
VWYCDHUXOZENHE,CC(C)[C@H](C)CC[C@@H](C)[C@H]1CC[C@H]2[C@@H]3CC=C4CC(O[Si](C)(C)C)CC[C@]4(C)[C@H]3CC[C@]12C,0.7036,0.1556,False,False
QKMSLFRFGOTVEJ,C[Si](C)(C)Oc1cc2c(c(O[Si](C)(C)C)c1)C[C@H](O[Si](C)(C)C)[C@@H](c1ccc(O[Si](C)(C)C)c(O[Si](C)(C)C)c1)O2,0.612,0.3,False,True
GVPLJBRRCBBZQZ,CC(O)(CC(=O)O[Si](C)(C)C)C(=O)O[Si](C)(C)C,0.4267,0.1765,False,False
VFGAVMGYDWDESE,C[Si](C)(C)OC(=O)CC(CC(=O)O[Si](C)(C)C)(O[Si](C)(C)C)C(=O)O[Si](C)(C)C,0.4867,0.1765,False,False
XCIXKGXIYUWCLL,OC1CCCC1,0.2995,0.15,False,False
MYYYJBBOQSVLDG,C[Si](C)(C)OCCOCCOCCOCCOCCOCCOCCOCCOCCOCCO[Si](C)(C)C,0.4833,0.1333,False,False
VZCNNAQIFXLAEZ,C[Si](C)(C)OCCOCCO[Si](C)(C)C,0.4833,0.1333,False,False
MUXOBHXGJLMRAB,COC(=O)CCC(=O)OC,0.3117,0.2857,False,False
JGWFUSVYECJQDT,C[Si](C)(C)OCCO[Si](C)(C)C,0.3733,0.1333,False,False
YCLDNNFGQOEZPF,CC(O[Si](C)(C)C)C(O[Si](C)(C)C)C(O[Si](C)(C)C)C(CO[Si](C)(C)C)O[Si](C)(C)C,0.5421,0.1304,False,False
HZBOSAPUGYAKKA,CC(O[Si](C)(C)C)C(O[Si](C)(C)C)C(O[Si](C)(C)C)C(C=O)O[Si](C)(C)C,0.5404,0.125,False,False
XJNQEZOXXPPAOQ,C[Si](C)(C)OC1[C@@H](O[Si](C)(C)C)[C@@H](O[Si](C)(C)C)C(O[C@@H]2O[C@@H](O[Si](C)(C)C)[C@@H](O[Si](C)(C)C)[C@@H](O[Si](C)(C)C)[C@@H]2O[Si](C)(C)C)[C@H](O[Si](C)(C)C)[C@H]1O[Si](C)(C)C,0.605,0.1129,False,False
IVIMVRAMMWQMHJ,C[Si](C)(C)OCC(O[Si](C)(C)C)C(O[Si](C)(C)C)C(O[Si](C)(C)C)C(O[Si](C)(C)C)C(=O)O[Si](C)(C)C,0.5083,0.1724,False,False
UWZGPXOJVOOLSG,C[Si](C)(C)OC(=O)CCCC(=O)O[Si](C)(C)C,0.4294,0.1915,False,False
VTLZEKUPFUIGJQ,C[Si](C)(C)OCC(O[Si](C)(C)C)C(=O)O[Si](C)(C)C,0.4967,0.1887,False,False
MAEQOWMWOCEXKP,C[Si](C)(C)OCC(=O)O[Si](C)(C)C,0.38,0.1915,False,False
HXRGKEOWDNVHPA,CC(O[Si](C)(C)C)C(=O)O[Si](C)(C)C,0.4117,0.1905,False,False
OEPKLYQQZLBNKR,C[Si](C)(C)O[C@@H]1[C@@H](O[Si](C)(C)C)[C@H]2OC[C@@H](O2)[C@H]1O[Si](C)(C)C,0.6206,0.1481,False,False
MXGBYOVWUYSJSN,CCCCC/C=C\C/C=C\CCCCCCCC(=O)O[Si](C)(C)C,0.6535,0.3433,False,True
QCOBWZRPFJZHGU,C[Si](C)(C)OC(=O)CC(O[Si](C)(C)C)C(=O)O[Si](C)(C)C,0.5367,0.2353,False,False
ATCKJLDGNXGLAO,C[Si](C)(C)OC(=O)CC(=O)O[Si](C)(C)C,0.3567,0.2,False,False
SSPBQLGVUAXSMH,CCC/C=C\CCC(=O)OC,0.5176,0.2927,False,False
DDIZAANNODHTRB,COC(=O)c1ccc(OC)cc1,0.3787,0.4722,True,True
IUBSYMUCCVWXPE,COCCc1ccc(OCC(O)CNC(C)C)cc1,0.4567,0.2632,False,False
LJDAAXOEMCESSS,CC(C(=O)O[Si](C)(C)C)C(=O)O[Si](C)(C)C,0.3621,0.2051,False,False
PCEGVTNTURVUCU,C[Si](C)(C)OCCOCCOCCOCCOCCOCCOCCOCCOCCO[Si](C)(C)C,0.4833,0.1333,False,False
ISTGUORKGWWKMI,CCCCCCCCC(=O)O[Si](C)(C)C,0.5413,0.2667,False,False
JDLXTZDOBFZWQS,CCCCCCCCCCCCCCCCCCCCCCCCCCCCO[Si](C)(C)C,0.4923,0.25,False,False
DDCDOSJHFOGNRO,C[Si](C)(C)OC(=O)C(=O)O[Si](C)(C)C,0.4967,0.1667,False,False
WTLUAUFKSDHGHB,CCCCCCCOC(=O)C(=O)OCCC,0.4173,0.303,False,True
BDWBGSCECOPTTH,C=CCCCCCCCCCCCCCCCCCCCCCCC,0.6151,0.275,False,False
FKHYFWRXDXRBHI,CN(C)CCOP(=O)(OCC(CO[Si](C)(C)C)O[Si](C)(C)C)O[Si](C)(C)C,0.6417,0.1159,False,False
DKGIXVJPGFXLRM,C[Si](C)(C)OC(=O)C1CCCN1[Si](C)(C)C,0.6222,0.2414,False,False
QQOFWFOBJUGLLJ,CC1OC(O[Si](C)(C)C)C(O[Si](C)(C)C)C(O[Si](C)(C)C)C1O[Si](C)(C)C,0.6167,0.15,False,False
YPWQROLNAURUHV,C[Si](C)(C)OCC(=O)C(O[Si](C)(C)C)C(O[Si](C)(C)C)C(O[Si](C)(C)C)C(CO[Si](C)(C)C)O[Si](C)(C)C,0.475,0.1633,False,False
MWERNBWITQOYEZ,C[Si](C)(C)OCC(N)C(=O)O[Si](C)(C)C,0.4533,0.2041,False,False
MBEDINMZZORSJN,C[Si](C)(C)NC(CO[Si](C)(C)C)C(=O)O[Si](C)(C)C,0.4533,0.2143,False,False
DDLPZVTUKLKVQB,CCCCCCCCCCCCCCCCCC(=O)O[Si](C)(C)C,0.5413,0.2667,False,False
JDAONBLATRVCRV,C[Si](C)(C)OC[C@H]1O[C@@](CO[Si](C)(C)C)(O[C@H]2O[C@H](CO[Si](C)(C)C)[C@@H](O[Si](C)(C)C)[C@H](O[Si](C)(C)C)[C@H]2O[Si](C)(C)C)[C@@H](O[Si](C)(C)C)[C@@H]1O[Si](C)(C)C,0.702,0.1165,False,False
ZBFVOPVQUXWTHM,C[Si](C)(C)OCC(O[Si](C)(C)C)C(CO[Si](C)(C)C)O[Si](C)(C)C,0.435,0.1304,False,False
ALJSKKFUUDIVIZ,CON=C[C@H](O[Si](C)(C)C)[C@H](CO[Si](C)(C)C)O[Si](C)(C)C,0.58,0.127,False,False
BPHJCXVZYVVFBT,CCCCCCCCCC(C)CCC,0.6899,0.2581,False,False
MASDFXZJIDNRTR,C[Si](C)(C)NC(=O)N[Si](C)(C)C,0.43,0.1842,False,False
UJMRIWMQZDBOTB,CC(C)C(N[Si](C)(C)C)C(=O)O[Si](C)(C)C,0.4883,0.2857,False,False
ISXANBIHUVHPID,CC(=O)/C=C/[C@@]1(O)[C@H](C)C[C@H](O[C@@H]2O[C@H](CO)[C@@H](O)[C@H](O)[C@H]2O)CC1(C)C,0.6391,0.2199,False,False
RZPOXAOUEYNXNO,CC(=O)/C=C/[C@@]12O[C@]1(C)C[C@@H](O[C@@H]1O[C@H](CO)[C@@H](O)[C@H](O)[C@H]1O)CC2(C)C,0.6471,0.223,False,False
PIVPPCDKFVJHEG,C[C@@H](O)[C@@H]1C=C2C(C)(C)C[C@H](O[C@@H]3O[C@H](CO)[C@@H](O)[C@H](O)[C@H]3O)C[C@@]2(C)O1,0.6853,0.2326,False,False
RPKHYZNMEMGGBG,CC1=C[C@@H]2CCC[C@@]23CCC(C1)C3=O,0.5437,0.1833,False,False
VHCQYGMNMOULRZ,CCOC(=O)OC/C=C(\C)CCC=C(C)C,0.5988,0.3542,False,True
WWRGKAMABZHMCN,CC[C@H](C)CCCCCO,0.6332,0.1714,False,False
WYJKGKPQXWDIQP,C=C/C(C)=C/CC1C(=C)CCC2C(C)(C(=O)OC)CCCC12C,0.64,0.2247,False,False
ULXCREANZGPRHV,CC(C)=CCC/C(C)=C/COC1OC(C(O)CO)C(O)C1O,0.6136,0.25,False,False
PMBZCSBOBLHPSR,C[Si](C)(C)O[Si](C)(O[Si](C)(C)C)O[Si](C)(O[Si](C)(C)C)O[Si](C)(C)C,0.4333,0.125,False,False
BWKMGYQJPOAASG,O=C(O)C1Cc2ccccc2CN1,0.3441,0.2564,False,False
SLGAYYOOVPWBEU,Nc1nsc(N)n1,0.5369,0.1591,False,False
WQXXXHMEBYGSBG,CCC1SSC(CC)S1,0.3686,0.127,False,False
WUEOXMDKPBMCJB,CC(C)=CCC1CC(C)=C(CO)C(C)(C)C1,0.6387,0.2632,False,False
HNSWCSHVNGCNCX,CCCCCCC1=CC(CCCCCC)=CC(C)(C)C=C1,0.7186,0.3243,False,True
ZJLMKPKYJBQJNH,SCCCS,0.425,0.0833,False,False
NVRBTKMAZQNKPX,C[Si](C)(C)c1ccc([Si](C)(C)C)cc1,0.4017,0.2069,False,False
GZGPRZYZKBQPBQ,C1CCC2(CC1)OCCO2,0.4497,0.119,False,False
WOXWUZCRWJWTRT,NC1(C(=O)O)CCCCC1,0.3128,0.1818,False,False
GDUBTTXVKWIAKV,CNC(=S)NCc1ccccc1,0.4438,0.3488,False,True
AVRIJUMTHPONKV,C=CC12CC3CC(C1)CC(CC)(C3)C2,0.5353,0.1489,False,False
ZWLZMAUZWHRCIA,CC(C)Oc1ccccc1Cc1ccccc1,0.5717,0.3091,False,True
SATCOUWSAZBIJO,Cn1cnc2[nH]cnc2c1=N,0.5567,0.1489,False,False
UERQMZVFUXRQOD,NC(=S)N1CCCCC1,0.465,0.2381,False,False
RJDJXOBGMMKPMH,C/C=C/S/C=C/C,0.3933,0.093,False,False
GWJCFAOQCNNFAM,CCCCC/C=C/C/C=C/CCCCCCCCCC(=O)OC,0.6523,0.3617,False,True
OSLQNTYXPTUFGD,COc1ccc2c(c1)CCC1C(C)(C)C(=O)CCC21C,0.6158,0.3019,False,True
LSJIRKMDLVEJMX,CCOc1ccc(C2CC(=O)c3c([nH]c(C(=O)OC(C)C)c3C)C2)cc1,0.6613,0.2812,False,False
FPUGCISOLXNPPC,COC1C(O)C(CO)OC1n1cnc2c(N)ncnc21,0.575,0.2162,False,False
HLFDEAPOXFIBPC,COc1cc(C)c(OC)c(OC)c1,0.5583,0.4138,True,True
IVORRUXZODBSHC,COC(=O)C[C@H]1[C@]2(C)C3=C(C)[C@H](c4ccoc4)CC3O[C@@H]2[C@@H]2OC(=O)[C@]3(C)CCC(=O)[C@@]1(C)[C@@H]23,0.7683,0.2043,False,False
QHQDWCHELGHSTO,CC1=C(C)C(=O)OC1,0.3867,0.2821,False,False
JFGVTUJBHHZRAB,CC(C)(C)c1cc(O)cc(C(C)(C)C)c1O,0.2117,0.4516,True,True
HDHQZCHIXUUSMK,O=c1cc(O)[nH]c2ccccc12,0.225,0.3333,False,True
KUFFULVDNCHOFZ,Cc1ccc(O)c(C)c1,0.2767,0.3191,False,True
LBYUEEZEGPPBEC,C=C(C)C1CCC(C)C1CC(N)=O,0.4692,0.1935,False,False
PFDFJMIGPOJBQV,NC(=O)Cc1ccc(O)c(O)c1,0.3867,0.3404,False,True
GIUUCQVKMWBSRT,CCCCCCCCCCC(C)Br,0.6143,0.2581,False,False
VSGJHHIAMHUZKF,CC1C(=O)CCCC1=O,0.2391,0.2439,False,False
HDIDUVBFYOAUHI,O=c1cc(Nc2ccccc2)[nH]c(-c2ccccc2)n1,0.5355,0.48,True,True
CMBSSVKZOPZBKW,Cc1ccc(N)nc1,0.3389,0.3023,False,True
SWBIKWIZPASJAY,CC#CCCCCCCCCCCC,0.6263,0.2727,False,False
ZHJAFQSRABZHOA,O=C(C=CCC1CCCCC1)Nc1c(Cl)c(O)c2ccccc2c1O,0.5446,0.2429,False,False
TVHTUPVHFMTSQT,CNC(=O)C(O)C(C)(C)C,0.3117,0.2105,False,False
QWVGKYWNOKOFNN,Cc1ccccc1O,0.3483,0.3429,False,True
YNQOGIZOCQEUJR,CCCCCCCCCCCCCCCCCCCCCCC(C)C,0.6251,0.2759,False,False
MVUWMWWYYQYMEQ,N#Cc1c[nH]c(=O)[nH]1,0.3833,0.234,False,False
CWGBIWRWBCYASK,COC(=O)C[C@H]1[C@]2(C)C3=C(C)[C@H](c4ccoc4)C[C@H]3O[C@@H]2[C@@H]2OC[C@]3(C)C=CC(=O)[C@@]1(C)[C@@H]23,0.7467,0.1889,False,False
OENPXYRYNLKCJY,OCC1OC(O)C(O)C2OC12,0.5988,0.2549,False,False
NVAVSBGZWXIRRK,Cc1cnn2c(C)nnc2n1,0.5095,0.1818,False,False
RIXFLDVDAFUCJD,C=CC(C)(N)CCCC(=C)C,0.4583,0.1579,False,False
MJNRBOGIPLCVIM,C/C=C(\C)C(=O)O[C@H]1C[C@@H](O)[C@@]2(C)CO[C@H]3[C@H]4O[C@@H]5C[C@@H](c6ccoc6)C(C)=C5[C@@]4(C)[C@H](CC(=O)OC)[C@]1(C)[C@@H]32,0.79,0.188,False,False
JXXGHELAQLZIID,CC1=C2CCC3CC(C)(C4COC(C)(C)O4)CCC3(C)C2CCC1=O,0.7733,0.1975,False,False
ISTJMQSHILQAEC,CCC(O)C(C)C,0.285,0.1944,False,False
NUHKASXLPYOGHW,CCOC(=O)c1c[nH]c2c(F)cc(F)cc2c1=O,0.4167,0.2833,False,False
UWWZVHGCFXMFEW,O=c1[nH][nH]c2c1cnc1ccc(F)cc12,0.5033,0.25,False,False
JEXVQSWXXUJEMA,O=C1C=CN=N1,0.4317,0.1429,False,False
YPZBIQKYSOYOGV,CC(=O)N1C=CCC=C1,0.47,0.2273,False,False
UETCWEUMZPDOSH,CCC(C)C(C)C(O)CC,0.3633,0.2432,False,False
JJKQDZKSTXTCRP,CC1CC(C)SSS1,0.4833,0.1091,False,False
CIZIOEKXALVGDF,CCC(C)(C)c1ccc(O[Si](C)(C)C)cc1,0.5917,0.2128,False,False
QJLADZFQJGPLJJ,CC(=O)CCC12CC1(C)CCCC2(C)C,0.64,0.1918,False,False
MCHLWROOUBPFHP,O=[N+]([O-])c1cc2c(cc1C=NCCc1ccccc1)OCO2,0.4554,0.3279,False,True
LJQNVNNQRWKTJP,CC=C(C)C(=O)CC,0.4633,0.2105,False,False
LRSRTWLEJBIAIT,COc1cc(C=O)c(OC)cc1C,0.3517,0.2826,False,False
KGGMWVBGURKNQZ,COc1cccc(N=Cc2ccc(O)cc2)c1,0.5805,0.4681,True,True
OYRRZWATULMEPF,Nc1ccncn1,0.4093,0.1915,False,False
YKFAFWKDOSYQIP,CCc1ccc(C(N)=O)cc1,0.562,0.3488,False,True
AANIECMHWBXFCP,CCC1NC(CC)SC(CC)S1,0.3969,0.1091,False,False
INOVZESTRNGOLS,Cc1cccc2cc(-c3ccccc3)cn12,0.5667,0.2642,False,False
VGIGCWNCMHCEMC,O=C1C=CCC2CC3CCCCC3C12,0.5808,0.1961,False,False
CGBMBHPZZAATSX,CSc1nc(C)ncc1O,0.5883,0.2,False,False
UVCKRQWAYCEHQQ,CC(=O)Oc1cc2oc(=O)cc(C)c2cc1C(C)=O,0.4067,0.2969,False,False
PWFKLZWNGVGKBA,COC(=O)C[C@H]1[C@]2(C)C3=C(C)[C@H](c4ccoc4)C[C@H]3O[C@@H]2[C@H](OC(C)=O)[C@@H]2[C@]1(C)C(=O)C=C[C@@]2(C)O,0.7819,0.2128,False,False
CTBHKOAPXBDFPX,COC(=O)C[C@H]1[C@]2(C)C3=C(C)[C@H](c4ccoc4)C[C@H]3O[C@@H]2[C@H](O)[C@@H]2[C@]1(C)C(=O)C=C[C@@]2(C)C(=O)OC,0.6705,0.1961,False,False
KUCNSNKUGFEHJF,COC(=O)C[C@H]1[C@]2(C)C3=C(C)[C@H](c4ccoc4)CC3O[C@@H]2[C@H](O)C2C(C)=CCC(=O)[C@@]21C,0.7802,0.2041,False,False
UTQNZQXREZQZIG,O=C(NC(=S)Nc1ccc(Cl)cn1)c1cccs1,0.8387,0.3016,False,True
SUMGIJGZVZCPSL,O=C(Oc1cccc(Cl)c1Cl)c1c(F)cccc1C(F)(F)F,0.5821,0.3333,False,True
YZUFVEBRGXHFJJ,Cc1c(-c2ccccc2)c(=O)oc2ccc(O)cc12,0.43,0.3276,False,True
JLVBSBMJQUMAMW,Cc1cccc(CO)n1,0.635,0.2653,False,False
OASZMKFGOOQRNQ,O=c1[nH]c(C2CCCCC2)nc2cc(Cl)ccc12,0.779,0.3333,False,True
YCJCLDOHESCJRP,O=C(O)c1ccc(Cl)c2ncccc12,0.6217,0.3409,False,True
DUWQEMMRMJGHSA,CC/C=C/CCCCCCCC(=O)OC,0.6633,0.2979,False,False
XXEZIFFYVUWPSP,C=C1CC[C@]23CC1C(C)(C)C2[C@H](O)C[C@@H]3C,0.6093,0.2373,False,False
BBPXZLJCPUPNGH,CC(C)C1=CC2=CC[C@H]3C(C)(C)CCC[C@]3(C)[C@H]2CC1,0.6987,0.2206,False,False
LKUHCKYZGMFUBZ,C=C(CCC12CC1(C)CCCC2(C)C)OC(C)=O,0.6867,0.1923,False,False
WGEPHUMFOWXVRZ,COC(=S)NNC(C)=O,0.5056,0.2174,False,False
MEJKLMDIDWGEPF,c1ccc2cc3cc4c(cc3cc2c1)c1ccc2ccc3ccc5ccc6ccc4c4c6c5c3c2c14,0.4017,0.2326,False,False
QQGXTQQJKOBQFA,CCCCCCCCCCCCC1C2CCCCC2CC2CCCCC21,0.5399,0.2,False,False
DFYRUELUNQRZTB,COc1cc(C(C)=O)ccc1O,0.222,0.4848,True,True
CWZNQWMMDOIFQC,C[Si](C)(C)O[As](O[Si](C)(C)C)O[Si](C)(C)C,0.395,0.1471,False,False
USRBWQQLHKQWAV,C/C=C(\C)C(=O)O[C@@H]1C[C@H](O)[C@]23COC(C(=O)OC)[C@H]2[C@](C)([C@]24O[C@@]2(C)[C@H]2C[C@@H]4O[C@@H]4OC=C[C@@]42O)[C@H](O)[C@@H]2OC[C@@]1(C(=O)OC)[C@H]23,0.8083,0.1639,False,False
KPVJTWLSYIGGCU,COC(=O)C1OC[C@]23[C@@H]1[C@](C)([C@]14O[C@@]1(C)[C@H]1C[C@@H]4O[C@@H]4OC=C[C@@]41O)[C@H](O)[C@@H]1OC[C@](C(=O)OC)([C@H](O)C[C@@H]2O)[C@H]13,0.8033,0.1731,False,False
XXIKKMLIDXLAIK,CC(=O)O[C@@H]1C[C@H]2C(C)(C)C(=O)C=C[C@]2(C)[C@H]2CC[C@]3(C)C(=CC[C@H]3c3ccoc3)[C@@]21C,0.7619,0.2209,False,False
CVLROTPFWLTRGB,Cc1cc(N)c(OCc2ccncc2)cc1C,0.4793,0.2381,False,False
GIBHBSRKHBYUKU,COc1ccc(/C=[N+](\[O-])c2ccccc2)cc1,0.535,0.3889,False,True
VIPLXOQHKFBWES,C=CCOc1ccc(C(C)(C)C)cc1,0.3921,0.2549,False,False
ZRDUSMYWDRPZRM,CCC(C)c1cc([N+](=O)[O-])cc([N+](=O)[O-])c1OC(=O)C=C(C)C,0.6237,0.2807,False,False
KGGVGTQEGGOZRN,CCCC=NO,0.4267,0.2105,False,False
KYYRTDXOHQYZPO,COc1ccccc1NC(=O)CC(C)=O,0.41,0.3396,False,True
ZERVJPYNQLONEK,O=c1ccc2nccc3c4ccccc4n1c23,0.685,0.24,False,False
ZHNUHDYFZUAESO,NC=O,0.3867,0.1143,False,False
RCAWOWBPYYYZPZ,CC(C)=CCc1cc(O)c2ccccc2c1O,0.3367,0.4186,True,True
JJTQQGNEXQKQRF,C[C@@H]1CC[C@@]23C[C@@H]1C(C)(C)[C@@H]2CC[C@H]3C,0.7122,0.1967,False,False
DTSSCQVCVYZGSI,COC(=O)c1cc(Cl)cc(N)c1Cl,0.62,0.3404,False,True
NYPUDXUXLBGPAZ,O=C(O)CCCCCCCCCCC1CCCC1,0.3904,0.283,False,False
CAKWRXVKWGUISE,CC1(O)CCCC1,0.425,0.1765,False,False
XIVQUUGRQDHITC,CCCCCCCC(C)(CC)CC,0.625,0.2581,False,False
UUFAJPMQSFXDFR,C#CCNC(C)Cc1ccccc1,0.4921,0.2727,False,False
CUIWZLHUNCCYBL,c1cc2cccc3c2c(c1)c1c2c4cccc5cccc(c54)c2c2c4cccc5cccc(c54)c2c31,0.44,0.1957,False,False
PUFGCEQWYLJYNJ,CCCCCCCCCCCCOC(=O)c1ccccc1C(=O)OCCCCCCCCCCCC,0.3481,0.4667,True,True
ZKFLCRLFEUPHKP,CCC(CC)(C(=O)OCc1cccc(Cl)c1)C(=O)OCc1cccc(Cl)c1,0.6033,0.3167,False,True
DGTVXEHQMSJRPE,O=P(O)(F)F,0.4817,0.1176,False,False
NTBHQNDXAJXRPU,COC(=O)c1ccc(N)cc1C(=O)OC,0.4967,0.4375,True,True
ZMXUNXRABSSJDU,CCCCCCCCC(CCCC1CCCC1)CCCC1CCCC1,0.5199,0.3036,False,True
RXURYUQIMBWPRO,CCCCCCCCCCCCCCC=CC=CCC(=O)OC,0.6818,0.3404,False,True
NEYCGDYQBQONFC,CC(=O)O[C@@H]1C[C@H]2C(C)(C)C(=O)C=C[C@]2(C)[C@H]2CC[C@@]3(C)C(c4ccoc4)C(=O)C4O[C@]43[C@@]21C,0.77,0.2,False,False
GKASDNZWUGIAMG,CCOC(OCC)OCC,0.295,0.2424,False,False
GSNUFIFRDBKVIE,Cc1ccc(C)o1,0.2,0.3125,False,True
MSWZFWKMSRAUBD,N[C@H]1C(O)O[C@H](CO)[C@@H](O)[C@@H]1O,0.4938,0.2,False,False
UYTPUPDQBNUYGX,Nc1nc(=O)c2[nH]cnc2[nH]1,0.51,0.1642,False,False
OSJUENOXPFOHLF,CCCCCCCCCCCCCCCCCCC(C)CC,0.6534,0.2581,False,False
DYWSVUBJGFTOQC,CCCCCC(CC)C(=O)O,0.4888,0.2439,False,False
JJIDUNHDYJESJA,C[Si](C)O[Si](C)(C)O[Si](C)(C)O[Si](C)(C)O[Si](C)(C)O[Si](C)(C)O[Si](C)C,0.5004,0.1081,False,False
UKDKWYQGLUUPBF,C=COCCCCCCCCCCCCCCCC,0.4852,0.2424,False,False
WUKBFHJDIJGYHT,CCCOC(=O)OC(CC)CCC,0.545,0.2034,False,False
ADANNTOYRVPQLJ,C[Si](C)(C)O[Si](C)(C)O[Si](C)(C)O[Si](C)(C)O[Si](C)(C)O[Si](C)(C)C,0.39,0.1143,False,False
JYKNMRPMJXDBJS,Cc1c[nH]c(C(=O)O)n1,0.3483,0.2273,False,False
SSBZLMMXFQMHDP,C/C1=C\C[C@]2(C(C)C)CC[C@@](C)(O2)[C@@H](O)CC/C(C)=C/CC1,0.5089,0.2083,False,False
DCLHWYSXBSMRRM,Cc1ccc(-c2cc3ccccn3c2)cc1,0.72,0.28,False,False
FVKRIDSRWFEQME,CCCCCCCCCCCC(=O)OCCC(C)C,0.5583,0.25,False,False
XYYAFLHHHZVPRN,CC1=C2C(=O)OC(c3ccoc3)C2(C)CCC1,0.6523,0.2258,False,False
WRYXIZJRAKUGEP,Cc1cc2c(cc1C(=O)O)[C@@]1(C)CCC(=O)C(C)(C)[C@@H]1CC2=O,0.645,0.2143,False,False
STLBTFMCSOXEAQ,CC1=C[C@@H]2[C@H](C(C)=CC[C@H]2C(C)C)[C@@H](O)C1,0.52,0.1587,False,False
HGUQPCAWIZIAKO,CC(=O)O[C@@H]1C[C@H]2C(C)(C)C(=O)C=C[C@]2(C)[C@H]2CC[C@]3(C)C(=CC(=O)O[C@@]3(OCCO)c3ccoc3)[C@@]21C,0.7117,0.1959,False,False
NWRPENOOCXAGDV,Cc1cc2c(cc1C(=O)O)C(=O)C[C@H]1C(C)(C)C(=O)CC[C@]21C,0.64,0.2143,False,False
HKYGSMOFSFOEIP,ClC(Cl)OC(Cl)Cl,0.48,0.0667,False,False
OGGUSDOXMVVCIX,COC(=O)CCCCCCCCCCCC(C)C,0.5529,0.2453,False,False
MAZMHPQDNYKCOI,c1ccc(C(c2ccccc2)n2ccnc2)cc1,0.3083,0.3333,False,True
ULCAARWSYAQPHN,CC(=O)NC(C)Cc1ccc(F)cc1,0.4235,0.3571,False,True
HVPFXCBJHIIJGS,CN=C(NC)NCCCC(N)C(=O)O,0.6054,0.2308,False,False
WDFBTQUPHDHIQD,CCC(C)[C@@H]1C[C@H]([C@@H]2CC=C3[C@@]4(C)[C@H]([C@H](O)C[C@]32C)[C@@]2(C)C=CC(=O)C(C)(C)[C@@H]2C[C@H]4OC(C)=O)[C@@H](O)O1,0.7581,0.1959,False,False
OAUCHXPHYIWYEW,CC1(C)CCC(=O)C23CCC(C=C12)C3(C)C,0.6112,0.1905,False,False
KTZMJZLZKQMODA,COC(=O)C[C@H]1[C@]2(C)C3=C(C)[C@H](c4ccoc4)C[C@H]3O[C@@H]2[C@H](OC(C)=O)[C@H]2[C@](C)(C=O)C=CC(=O)[C@]12C,0.7633,0.1964,False,False
PFQPGZDVNHHXLR,COC(=O)C[C@H]1[C@]2(C)C3=C(C)[C@H](c4ccoc4)C[C@@H]3O[C@@H]2[C@H](O)[C@@H]2[C@]1(C)C(=O)C=C[C@@]2(C)O,0.7219,0.2184,False,False
JMBKXUYCBVKSSY,CC1(C)CCC[C@]2(C)c3cc(O)c(O)cc3C(=O)CC12,0.67,0.3065,False,True
NHOIBRJOQAYBJT,COC(=O)C[C@H]1[C@]2(C)C3=C(C)[C@H](c4ccoc4)C[C@H]3O[C@@H]2[C@H](OC(C)=O)[C@@H]2[C@]1(C)C(=O)C=C[C@@]2(C)C(=O)OC,0.7105,0.2095,False,False
TXDYFFZJOSDMMR,COC(=O)C[C@H]1[C@]2(C)C3=C(C)[C@H](c4ccoc4)CC3O[C@@H]2[C@H](OC(C)=O)C2C(C)=CCC(=O)[C@@]21C,0.8219,0.2128,False,False
XVAVQANUJQBBFF,Cc1cc2c(cc1O)[C@@]1(C)CCCC(C)(C)[C@@H]1CC2=O,0.6683,0.2923,False,False
BIFJPJMBQFQZFK,CCCCCCCCCCCCC=CC=CCC(=O)OC,0.6818,0.3404,False,True
RHSBIGNQEIPSCT,CCCCCCCCCCCCCCCCCC#N,0.598,0.2667,False,False
OIZXRZCQJDXPFO,CCCCCCCCCCCCCCCCCCOC(C)=O,0.3945,0.4,True,True
WPFVBOQKRVRMJB,CC(CC=O)CCCC(C)(C)O,0.5883,0.1964,False,False
QXHIBROWKKWYFM,C[SiH](C)O[Si](C)(C)O[Si](C)(C)O[Si](C)(C)O[Si](C)(C)O[Si](C)(C)O[Si](C)(C)O[SiH](C)C,0.43,0.1026,False,False
FQCPXIJRWHRHIP,C=C(C)c1cc2c(ccc3ccc(=O)oc32)o1,0.4038,0.2903,False,False
NXCIJRYHLFBLML,COC(=O)CC(C)(C)CC(=O)O,0.475,0.2791,False,False
ITDOFWOJEDZPCF,C/C=C/c1cc(OC)c2c(c1)C(C)C(c1ccc(O)c(OC)c1)O2,0.3472,0.3793,False,True
YONXPYGTYHMKDH,COc1ccc(C=Nc2ccc(O)cc2)cc1,0.5133,0.6053,True,True
MXQKCBNRVWMZGA,O=C(Cc1ccccc1)OCCC12CC3CC(CC(C3)C1)C2,0.4917,0.2778,False,False
KNNLBNGFDFACBL,CCCCCCCCCCCCCOC(=O)c1ccccc1C(=O)OC1CCC1,0.4258,0.4,True,True
WXRHSENXOVKNBY,CCCCCCCCCOC(=O)c1ccccc1C(=O)OC(C)CC(C)C,0.4797,0.3818,False,True
FGDFTBGSYDLKIZ,CCCC(CC)OC(=O)c1ccccc1C(=O)OCC(C)C,0.6683,0.3636,False,True
DORDKDUSCNWFPJ,COc1ccc2c(c1C(C)C)CCC1C(C)(C)CCCC21C,0.6383,0.4032,True,True
YCYXUKRYYSXSLJ,CC(C)CC(NC(=O)C1CCCN1C(=O)OCc1ccccc1)C(=O)O,0.7375,0.6167,True,True
RKTNZIQSYZDTJV,CCNN=CC(C)C,0.5133,0.125,False,False
FLTWOOAJLVECQQ,COC(=O)C[C@H]1[C@]2(C)C3=C(C)[C@H](c4ccoc4)C[C@H]3O[C@@H]2[C@@H]2OC[C@]3(C)[C@H](O)C[C@H](OC(=O)CC(C)C)[C@@]1(C)[C@@H]23,0.8,0.2,False,False
MGNBYZGLBGZLSJ,COC(=O)C[C@H]1[C@]2(C)C3=C(C)[C@H](c4ccoc4)C[C@H]3O[C@@H]2[C@@H]2OC[C@]3(C)[C@H](OC(C)=O)C[C@H](OC(=O)CC(C)C)[C@@]1(C)[C@@H]23,0.8033,0.1887,False,False
UTGMDFONUNJYQP,Cc1ccc(C(C)C)c(O[Si](C)(C)C)c1,0.4367,0.2241,False,False
VMZOBROUFBEGAR,C[Si](C)(C)OP(O[Si](C)(C)C)O[Si](C)(C)C,0.4941,0.12,False,False
FOEYMRPOKBCNCR,C1CCC2(CC1)CC2,0.4706,0.1944,False,False
WXFVNBKWGUKJJX,CC1=C(C)C2C(C3C1C3(C)C)C2(C)C,0.5003,0.1356,False,False
LAQCZBYXNRANFU,C/C=C\C(=O)OC1CC2OC3C=C(C)C4OC4C3(C)C1(C)C21CO1,0.6843,0.2135,False,False
LFWQUGCYGMCTQW,C1CC2CC3CC1CC(C2)C3,0.3922,0.129,False,False
LUUDAJQADHSYHX,O=CCCCCCCCCCCCC=O,0.5001,0.15,False,False
GETQZCLCWQTVFV,CN(C)C,0.3133,0.1,False,False
XZZNDPSIHUTMOC,O=P(Oc1ccccc1)(Oc1ccccc1)Oc1ccccc1,0.4431,0.2703,False,False
WOGVWUCXENBLIV,CCCC(C)CCCCC(C)CC,0.6208,0.1515,False,False
UIYCHXAGWOYNNA,C=CSC=C,0.4119,0.0784,False,False
LYLCSFCDRCQMOA,C=C1OC(=O)CC1(C)C,0.6537,0.22,False,False
FMIPNAUMSPFTHK,CN1CC(O)CC1C(=O)O,0.5367,0.1967,False,False
MBUDKOJZMLXUOB,COc1cc2oc(-c3ccccc3)cc(=O)c2c(O)c1O[C@@H]1OC[C@@H](O)[C@H](O)C1O,0.4337,0.4407,True,True
ATVMIDWJKUQRGK,COCCO[Si](C)(C)O[Si](C)(C)O[Si](C)(C)OCCOC,0.3983,0.1639,False,False
VTSVOXWTSJUBFY,CC(=O)NNc1cccc(C(C)(O)c2ccccc2)c1,0.5433,0.375,False,True
OGDNDISFPNBJNB,C[Si](C)(C)Oc1ccc(O[Si](C)(C)C)c(C=O)c1,0.4467,0.2745,False,False
OOBAKFDIGIHHOM,C(=NCCc1ccccc1)c1ccccc1,0.4917,0.3077,False,True
KZWVKLCHNQACOR,CC[Si](C)(C)OCc1ccccc1,0.445,0.3636,False,True
KCIKCCHXZMLVDE,O[SiH2]O,0.4433,0.0769,False,False
BHJOIVXJMQHKIY,C[Si](C)(C)OC(=O)CP(=O)(O[Si](C)(C)C)O[Si](C)(C)C,0.5817,0.1731,False,False
QWUWMCYKGHVNAV,c1ccc(CCc2ccccc2)cc1,0.2517,0.36,False,True
RVSGRNKUJJUAPV,C1=NOc2ccccc2-c2ccccc21,0.455,0.2381,False,False
ZMXFZZOCUKHAFO,C=C1C(=O)OC2C(O)C(C)CCCC3(C)OC3C(OC(=O)/C(C)=C/C)C12,0.7883,0.4074,True,True
UMHQHFHQQZZQGN,C=C1C(=O)OC2C(O)C(C)CCCC3(C)OC3C(OC(=O)C=C(C)C)C12,0.7783,0.4074,True,True
DUEPRVBVGDRKAG,CNC(=O)Oc1cccc2c1OC(C)(C)C2,0.5267,0.2222,False,False
ZCHJDPZFFPJKEN,CCCCCCC=CCC=CC(O)COC(=O)CCCC,0.6468,0.2985,False,False
UNIJYMVRSKZTJI,COc1c(O)cc2c(=O)oc3c(O[C@@H]4O[C@@H](C)[C@H](O)[C@@H](O)[C@H]4O)c(O)cc4c(=O)oc1c2c34,0.507,0.3559,False,True
PACBGANPVNHGNP,COc1cc(O)ccc1C(=O)C=Cc1ccc(O)cc1,0.4154,0.5455,True,True
UGQUOHHDWLIZQM,COC1C(CO)OC(O)C(O)C1O,0.5322,0.283,False,False
FOLWIXVADBBXRG,CCCC(C)CC(CC)CCC(C)CC,0.505,0.1591,False,False
IXPSEGJOLGZCSS,O=C(/C=C/c1ccc(O)c(O)c1)OCC1O[C@@H](Oc2cc3oc(-c4ccc(O)cc4)c(O)c(=O)c3c(O)c2O)C(O)[C@@H](O)[C@@H]1O,0.6167,0.3523,False,True
OGQSUSFDBWGFFJ,COc1c(O)cc2oc(-c3ccc(O)cc3)c(O)c(=O)c2c1O,0.4983,0.3962,False,True
MJCAZJRHCYZNAX,COc1ccc(-c2oc3c(CC=C(C)C)c(O)cc(O)c3c(=O)c2O[C@@H]2OC(C)[C@H](O)C(O)[C@@H]2O)cc1O,0.565,0.3902,False,True
WOXQROZUZURVHX,COc1ccc(/C=C2\COc3c(ccc(O)c3OC)C2=O)cc1,0.3983,0.375,False,True
QZOBONFUOPKXNI,COc1ccc(-c2cc(=O)c3c(O)cc(O[C@@H]4OC(CO[C@@H]5OC(C)[C@H](OC(C)=O)[C@H](O)C5O)[C@@H](O)[C@H](O)C4O)cc3o2)cc1,0.6783,0.3711,False,True
DLQSYZMPSWHYMW,COc1ccc(/C=C2\COc3cc(O)ccc3C2=O)cc1,0.3739,0.5192,True,True
WIKUZWCBCFNRHH,CC(=O)O[C@H]1[C@@H]2OC(=O)C3c4ccoc4C[C@@H]([C@H]32)[C@@]2(C)[C@@H](O)CCC(C)(C)[C@]12O,0.7383,0.2381,False,False
WCBCDLSKTYUDDL,COc1cc(OC)c2c(c1)O[C@H](c1ccc(OC)c(O)c1)[C@@H](O)C2,0.3853,0.3284,False,True
WKIHBIBUCQPPBY,O=C(Oc1cc(O)c2c(c1)O[C@H](c1ccc(O)c(O)c1)[C@@H](O)C2)c1cc(O)c(O)c(O)c1,0.5188,0.3816,False,True
TZFMMLLCZBTTIT,CC(=CC(=O)CC(C)C)C1CC[C@H]2[C@@H]3C[C@H](O)[C@H]4CC(=O)CC[C@]4(C)C3=CC[C@]12C,0.6366,0.225,False,False
FDCFULFSCKUVRP,COc1cc(-c2oc3cc(OC)c(O[C@@H]4OC(CO)[C@@H](O)[C@H](O)C4O)c(O)c3c(=O)c2OC)ccc1O[C@@H]1O[C@@H](CO)[C@@H](O)C(O)C1O,0.7053,0.4026,True,True
UWHAVVVOLNKMIC,NCCSS/C(=C/c1ccccc1)C(=O)O,0.5917,0.2917,False,False
YFHGNGNLIWGTTR,CCCCCCC(C)C(C)C(C)C,0.6654,0.2424,False,False
XXQUTHYOIGFGPG,C/C(=C\Cc1c(O)ccc(C(=O)C=Cc2ccc(O)cc2O)c1O)COC(=O)C=Cc1ccc(O)cc1,0.1133,0.8545,True,True
IOMYTSYGOQQBAH,COc1c(C(=O)c2ccccc2)oc2c1ccc1occc12,0.5826,0.2982,False,False
QAXISZJBSORHRN,COc1cc(C(=O)O[C@@H]2Cc3c(O)cc(O)cc3O[C@@H]2c2cc(O)c(O)c(O)c2)cc(OC)c1O,0.4952,0.5821,True,True
OOIGDPTZPWRGHN,CCC(CC)CC(C)C(C)(C)C,0.4283,0.175,False,False
ODPLFJYILBATKC,CCCCCCCCCCCCC/C=C/C(=O)OC,0.6351,0.3636,False,True
PCYBUYVULWMAJX,O=c1c(OS(=O)(=O)O)c(-c2ccc(OS(=O)(=O)O)cc2)oc2cc(OS(=O)(=O)O)cc(O)c12,0.6767,0.3878,False,True
SXOZSDJHGMAEGZ,CC(=O)OC1[C@@H](OC(C)=O)C(C)O[C@@H](Oc2c(-c3ccc(O)cc3)oc3cc(O)cc(O)c3c2=O)[C@H]1O,0.655,0.5286,True,True
HBNFLLJEFIGGHR,CC(=O)OCC1O[C@@H](Oc2c(-c3ccc(O)cc3)oc3cc(O[C@@H]4OC(C)[C@H](O)C(O)[C@@H]4O)cc(O)c3c2=O)C(O)[C@@H](O)[C@@H]1OC(C)=O,0.6933,0.4337,True,True
GFYBKTBIGUBCIT,CC1O[C@@H](OC2[C@H](Oc3c(-c4ccc(O)cc4)oc4cc(O[C@@H]5OC(COCOC(=O)CC(=O)O)[C@@H](O)[C@H](O)C5O)cc(O)c4c3=O)OC(CO)[C@@H](O)[C@@H]2O)[C@@H](O)C(O)[C@H]1O,0.7133,0.3895,False,True
KZBAXKKOXPLOBX,COc1ccc(-c2oc3cc(OC)cc(O)c3c(=O)c2O)cc1,0.4992,0.36,False,True
YTYFGDJADQYGLC,COc1cc(-c2oc3cc(O)cc(O)c3c(=O)c2OC)cc(O)c1OC,0.4993,0.4677,True,True
QCIILLDRJZPUDI,CC1O[C@@H](OCC2O[C@@H](Oc3c(-c4cc(O)c(O)c(O)c4)oc4cc(O)cc(O)c4c3=O)C(O)C(O)[C@@H]2O)C(O)[C@@H](O)[C@H]1O,0.6833,0.6418,True,True
DDVGNSDGGWHPQZ,COc1cc(O)cc2oc(-c3cc(O)c(O)c(O)c3)c(O)c(=O)c12,0.4796,0.4194,True,True
PLZDDPSCZHRBOY,CCCCCCC(C)CC,0.6534,0.2581,False,False
DBULLUBYDONGLT,CCCCCC(C)(C)CC,0.44,0.2333,False,False
ZWBURTPIYLFHIK,COc1cc(C=CC(=O)OC[C@H]2O[C@@H](Oc3cc4c(O[C@@H]5O[C@H](COC(=O)CC(=O)O)[C@H](O)[C@H](O)[C@H]5O)cc(O)cc4[o+]c3-c3ccc(O)cc3)[C@H](O)[C@@H](O)[C@H]2O)ccc1O,0.6617,0.4,True,True
AXCXJIKUZOEPMX,CC(=O)OC1C(OC(C)=O)[C@@H](OC(C)=O)C(CO)O[C@H]1Oc1c(-c2ccc(O)c(O)c2)oc2cc(O)cc(O)c2c1=O,0.6517,0.4667,True,True
VZEXGWGJXZJLPY,O=C(C=Cc1ccc(O)cc1)OC1C(O)[C@H](O)CO[C@H]1OC1[C@H](Oc2c(-c3ccc(O)c(O)c3)oc3cc(O[C@@H]4O[C@@H](CO)[C@@H](O)C(O)C4O)cc(O)c3c2=O)OC(CO)[C@@H](O)[C@@H]1O,0.6917,0.3878,False,True
QZXHFNCQMMUANB,O=c1c(O)c(-c2ccc(O[C@@H]3O[C@H](CO)[C@@H](O)[C@H](O)[C@H]3O)c(O)c2)oc2cc(O[C@@H]3O[C@H](CO)[C@@H](O)[C@H](O)[C@H]3O)cc(O)c12,0.6337,0.4384,True,True
AMTJHZIQBTUFSJ,C/C=C(\C)C(=O)OCC1O[C@@H](Oc2cc(O)c3c(=O)c(O)c(-c4ccc(O)c(O)c4)oc3c2)C(O)[C@@H](O)[C@@H]1O,0.6703,0.425,True,True
NMWHNQAIHFWROQ,CC[C@H](/C=C/[C@@H](C)[C@H]1CC[C@H]2[C@@H]3CC=C4C[C@@H](OC(=O)C=Cc5ccc(O)c(OC)c5)CC[C@]4(C)[C@H]3CC[C@]12C)C(C)C,0.603,0.314,False,True
HTZWVZNRDDOFEI,CCCCCCCCC(C)CC,0.6534,0.2581,False,False
MESLDFVKOWKXTR,CC(=O)O[C@@H]1[C@@H]2[C@H](Cc3occc3[C@@]2(C)O)[C@@]2(C)C(=O)CCC(C)(C)[C@]2(O)[C@H]1OC(C)=O,0.7287,0.2346,False,False
DJANTOIZZWTJKS,CC1(O)c2ccoc2CC2C1C(O)C(O)C1(O)C(C)(C)CCC(=O)C21C,0.6653,0.1974,False,False
ZYLJCUKCYXHXHV,COC(=O)C1c2ccoc2C[C@H]2[C@H]1[C@@H](OC(C)=O)[C@H](O)[C@@]1(O)C(C)(C)CCC(=O)[C@]21C,0.767,0.241,False,False
WIHSWORKGXEYFX,CC(=O)O[C@@H]1C[C@@H]2[C@H](C[C@@]3(O)OC(=O)C=C3[C@@]2(C)O)[C@@]2(C)CCCC(C)(C)[C@H]12,0.8317,0.2597,False,False
DVILVCNQCLDLLF,CC(=O)OC[C@@]1(CO)CCC[C@]2(C)[C@H]3Cc4occc4[C@H](C)[C@@H]3C[C@@H](OC(C)=O)[C@@H]12,0.8167,0.2381,False,False
UEXXTJMWLNVGOF,CC1(C)CC[C@H](O)[C@]2(C)[C@H]3Cc4occc4[C@@](C)(O)[C@@H]3[C@@H](O)[C@H](O)[C@@]12O,0.62,0.1857,False,False
JMOFRLILFOJJEZ,CC(=O)OC1CC(C)(C)C2(O)CCC3C(C)c4ccoc4CC3C2(C)C1OC(C)=O,0.7625,0.2692,False,False
YWQJKAJFLCNHPB,C[C@H]1C2=CC(=O)O[C@]2(O)C[C@H]2[C@H]1CC[C@@H]1[C@]2(C)CCC[C@@]1(C)C(=O)O,0.6997,0.25,False,False
DAHSVKLBJOEDAN,CCCCCCCCCCCC=CCC=CCCCCCCCCCCCC,0.5982,0.3684,False,True
FOAJNGPUZICBJQ,CC(C)Cc1c(O)[n+](O)c(CC(C)C)c(O)[n+]1O,0.3783,0.2308,False,False
SHBCCFGHZDXOET,O=C1CC(c2ccccc2)NCCCCN2CC(CN1)C(C(O)c1ccccc1)C2=O,0.5773,0.2133,False,False
FWCPQBUXTSVEIC,CC(=O)OCC1C2CCC3C2C(C)(C)CCCC13C,0.6361,0.2029,False,False
ADZMLQKJPQFTIS,CCCCCC/C=C/C1CCC(=O)O1,0.5547,0.2642,False,False
RQMZGGUOZFASJD,CC(C)(C)OOC1OC(OOC(C)(C)C)c2ccccc21,0.3733,0.2642,False,False
VCKSNYNNVSOWEE,OC1COCOC1,0.2924,0.1489,False,False
UCIDYSLOTJMRAM,C#CCCCCCCCCCCCCCC,0.6361,0.2667,False,False
CRKGQMSUXYSVOM,C/C=C/C12CC3CC(C1)CC(CCC)(C3)C2,0.5686,0.14,False,False
FJGNTEKSQVNVTJ,CC(O)C(O)C(O)CO,0.3383,0.1667,False,False
GZEDKDBFUBPZNG,C#CCCCCCCCCCCC,0.6361,0.2667,False,False
XSWSEQPWKOWORN,CCCCCCCCCCC(C)O,0.5968,0.3,False,True
FYHRJWMENCALJY,CC(CO)CCC[C@@H](C)[C@H]1CC[C@H]2[C@@H]3CC=C4C[C@@H](O)CC[C@]4(C)[C@H]3CC[C@]12C,0.77,0.1728,False,False
RDFMDVXONNIGBC,CCCCCC(N)C(=O)O,0.4754,0.3077,False,True
ONANHJGDQJCYMD,CCCCCCCCCC#CCCCCCCOC1CCCCO1,0.6244,0.2414,False,False
RXIMBIRJURQOKO,COC1CC2C3(C)CCC(C(C)CCC=C(C)C)C3(C)CCC23CC32CCC(OC(C)=O)C(C)(C)C12,0.775,0.4875,True,True
CBVJJGRSRFXUPK,CC(C)CCC[C@@H](C)[C@H]1CC[C@H]2[C@@H]3CC=C4C[C@H](O[Si](C)(C)C)CC[C@]4(C)[C@H]3CC[C@]12C,0.7033,0.2125,False,False
HKLQRDNIDPUNEC,CC(=O)OC1CCC2C(=CCC3C2CCC2C(C(C)CCC(N)=O)CCC23)C1,0.6637,0.1923,False,False
KSFDHSSNYJNHAN,CC1=Nc2ccccc2N=C(C)C1,0.2772,0.2353,False,False
BTJASUXQNVKCMG,CCCCCCCCCCCCC/C=C/CCCCO,0.6465,0.35,False,True
QEBAXZCXAFWBDK,C=C(CCC(C)C1CCC2(C)C3CCC4C(C)C(OC(C)=O)CCC45CC35CCC12C)C(C)C,0.7717,0.3765,False,True
YPDLLJYJSWXQMO,CC(C)CCC[C@@H](C)[C@H]1CC[C@H]2[C@@H]3CC[C@H]4CC(=O)C[C@]4(C)[C@H]3CC[C@]12C,0.7692,0.2394,False,False
WKCGHSAPDCPZBQ,CCCCC/C=C\C/C=C\C/C=C\C/C=C\CCCC(=O)O[Si](C)(C)C,0.5991,0.3692,False,True
DCTOHCCUXLBQMS,C=CCCCCCCCCC,0.6151,0.275,False,False
VHGCDTVCOLNTBX,CNCC[C@@H](Oc1ccccc1C)c1ccccc1,0.5,0.2593,False,False
DFEHQWFIOMAGBM,C=CCCCCCCCCCCCC(O)CC(O)CO,0.6854,0.1321,False,False
CJPQIRJHIZUAQP,COC(=O)C(C)N(C(=O)Cc1ccccc1)c1c(C)cccc1C,0.4917,0.38,False,True
ZUOUZKKEUPVFJK,c1ccc(-c2ccccc2)cc1,0.3983,0.3913,False,True
ILYCWAKSDCYMBB,CC(C)[C@@H](C)/C=C/[C@@H](C)[C@H]1CC[C@H]2/C(=C/C=C3\C[C@@H](O)CC[C@@H]3C)CCC[C@]12C,0.6452,0.1875,False,False
LKSDMWQHUIMVKX,CNC1C(OC2C(O[C@H]3[C@H](O)[C@@H](O)[C@H](N=CN)C[C@@H]3N=C(N)N)O[C@@H](C)[C@]2(O)C=O)O[C@@H](CO)C(O)C1O,0.7074,0.1739,False,False
RIZMRRKBZQXFOY,CCOP(=S)(OCC)SCSP(=S)(OCC)OCC,0.6433,0.1489,False,False
UFULAYFCSOUIOV,NCCS,0.4417,0.1,False,False
NZWOPGCLSHLLPA,CC(=O)OC(C)C[N+](C)(C)C,0.505,0.2273,False,False
HAMGRBXTJNITHG,CN=C=O,0.3433,0.1481,False,False
QKKFTUDASIMWMP,CCOC(=O)N(C)OC,0.325,0.25,False,False
WEKMLKHOURBVLB,CCCCCCCCCCCCCCCCCCCOC(=O)C(F)(F)F,0.5451,0.2833,False,False
MZZHYTYNGJPMNW,CCCCCCCCCCC#CCOC(=O)c1ccccc1C,0.6347,0.4074,True,True
CHNUNORXWHYHNE,CC(C)Oc1cc(-n2nc(C(C)(C)C)oc2=O)c(Cl)cc1Cl,0.6539,0.2162,False,False
QSLJIVKCVHQPLV,C[C@]12COC(=O)C[C@@H]1CC[C@@H]1[C@@H]2CC[C@@]2(C)[C@H]1CC[C@]2(C)O,0.7418,0.2121,False,False
QYMMJNLHFKGANY,CCCSP(=O)(OCC)Oc1ccc(Br)cc1Cl,0.6803,0.2836,False,False
CSFLHJXSUNGHGR,CC(=O)N=C(Cc1ccccc1)C(=O)NCCCO,0.535,0.2778,False,False
DYTVUYVLJDSMFA,CC(=O)OC1CCC2(C)C(CCC3(C)C2CCC2C4C(C)C(C)=CCC4(C)CCC23C)C1(C)C,0.77,0.2967,False,False
SZLWSWKRZSAHBC,CC[C@@H](/C=C/[C@@H](C)[C@H]1CC[C@H]2[C@@H]3CC=C4CC(O[Si](C)(C)C)CC[C@]4(C)[C@H]3CC[C@]12C)C(C)C,0.6663,0.1481,False,False
ZTXJEKUSJCAIBH,CC[C@@H](/C=C/[C@@H](C)[C@H]1CC[C@H]2[C@@H]3CC=C4CC(OS(=O)(=O)c5ccc(C)cc5)CC[C@]4(C)[C@H]3CC[C@]12C)C(C)C,0.6295,0.2,False,False
BOTDANWDWHJENH,CCO[Si](OCC)(OCC)OCC,0.4507,0.1667,False,False
YODZTKMDCQEPHD,OCCSCCO,0.46,0.1333,False,False
LLMDVCLUSLJYNI,Cl/C=C/[Si](Cl)(Cl)Cl,0.5787,0.1026,False,False
CCFJXGUHYQBXDT,CCCCCCCCCCCCCCCCOC(=O)C(Cl)(Cl)Cl,0.6125,0.2742,False,False
YJVXDRHQRLHFGY,C[C@H]1[C@H](C)CC[C@]2(C=O)CC[C@]3(C)C(=CC[C@@H]4[C@@]5(C)CCCC(C)(C)[C@@H]5CC[C@]43C)[C@H]12,0.7586,0.3467,False,True
DGXIUFDVYPIXCI,CC1CCC2(C)CCC3(C)C(=CCC4C5(C)CCCC(C)(C)C5CCC43C)C2C1C,0.7688,0.3472,False,True
DONIPVCAKBPJLH,C[C@@H]1C[C@@]2(N=CCS2)[C@]2(O)O[C@@H]3C[C@@]4(C=O)[C@@H](CC[C@@H]5[C@@H]4CC[C@]4(C)[C@@H](C6=CC(=O)OC6)CC[C@]54O)C[C@H]3O[C@@H]2O1,0.7783,0.1616,False,False
HUPRDMYBAAXVEC,C=CCCC/C=C\CCCCCC,0.6404,0.3415,False,True
TZJRPRMTYSBPHU,COC1CC2C3CCC(C(C)C(/C=C/C(C)C)OC(=O)C(C)(C)C)C3(C)CCC2C2(C)CCC3CC312,0.7122,0.2,False,False
ZYEOKRRTVSAHPL,CC(CCCCCCCCOC(=O)C(F)(F)F)O[Si](C)(C)C,0.655,0.2113,False,False
LVWSZGCVEZRFBT,BrCCCCCCCBr,0.481,0.2286,False,False
AINIZSBLAFHZCP,CCCCCCCC/C=C/CCCCCCCCCCCCCC(=O)OC,0.6623,0.3556,False,True
KLHRTBILXJZHSA,C[C@@H]1C[C@@]2(NC(=O)CS2)[C@]2(O)O[C@@H]3C[C@@]4(C=O)[C@@H](CC[C@@H]5[C@@H]4CC[C@]4(C)[C@@H](C6=CC(=O)OC6)CC[C@]54O)C[C@H]3O[C@@H]2O1,0.7933,0.156,False,False
YKKOCJJTUUOJTC,CC1=CC[C@]2(O)[C@H](C1)C(C)(C)CCC[C@@H]2C,0.635,0.254,False,False
GZLPXPJVSGKJNX,C[Si](C)(C)OCCCOCCCOCCCOCCO[Si](C)(C)C,0.5167,0.1702,False,False
HNOFNBVWCFKUEQ,C[C@@H]1C[C@@H](O)[C@]2(O)O[C@@H]3C[C@]4(C)C5CC[C@]6(C)[C@@H](C7=CC(=O)OC7)C[C@@H](O)[C@]6(O)[C@@H]5CC[C@H]4C[C@H]3O[C@@H]2O1,0.7517,0.1895,False,False
OXKMZIABKYHLAR,CC(=O)O[C@H]1C[C@@H](C)O[C@H]2O[C@@H]3C[C@@H]4CC[C@@H]5[C@H](CC[C@]6(C)[C@@H](C7=CC(=O)OC7)CC[C@]56O)[C@@]4(C=O)C[C@H]3O[C@]21O,0.82,0.2018,False,False
CMXKUJNZWYTFJN,C[C@]12CC[C@H]3[C@@H](CCC4=C[C@@H](O)CC[C@@H]43)[C@@H]1CC[C@@H]2O,0.4627,0.1818,False,False
UYPPHUAQDGUVKN,CC1CCC2OC23CCC2C(C2(C)C)C13C,0.7486,0.2105,False,False
LYSHVSOMKBORDM,CC1OC2OC3CC4CCC5C(CCC6(C)C(C7=CC(=O)OC7)CCC56O)C4(C=O)CC3OC2(O)C(O)C1O,0.8,0.1845,False,False
VRDLGTLMAZPOMK,C[C@]12CC[C@H]3[C@@H](CC[C@H]4C[C@@H](O)[C@H](O)C[C@@]43C=O)[C@@]1(O)CC[C@@H]2C1=CC(=O)OC1,0.7258,0.2022,False,False
PPTXKCYXNDLKTQ,CC1=CCC23CC1C(C)(CO)C2CCC3C,0.7553,0.2656,False,False
CDMVQQAHEQVSMF,C[C@]12CC[C@H]3[C@@H](CC[C@H]4C[C@@H](O)CC[C@@]43CO)[C@@]1(O)CC[C@@H]2C1=CC(=O)OC1,0.7542,0.2024,False,False
OAVZVNDSDPGHBL,CC(=O)C12CCCC1O2,0.4633,0.1765,False,False
CMHWMOGWFZWDMR,CC12CCC(OC3OC(CO)C(O)C(O)C3O)CC1CCC1C2CCC2(C)C(C3=CC(=O)OC3)CCC12O,0.7447,0.2179,False,False
WPVGSIBYLZQSIK,C[C@H]1OC(O[C@H]2CC[C@@]3(CO)[C@H](CC[C@@H]4[C@@H]3CC[C@]3(C)[C@@H](C5=CC(=O)OC5)CC[C@]43O)C2)[C@H](O)[C@H](O)[C@@H]1O,0.7525,0.2211,False,False
HDPUXESLSOZSIB,CC(C)CCCC(C)CCCC(C)CCO,0.5983,0.1961,False,False
CYALIXCZDDIKKE,CC(C)(C)[Si](C)(C)OC1COC2C(O[Si](C)(C)C(C)(C)C)COC12,0.6656,0.1207,False,False
QWIZNVHXZXRPDR,OC[C@H]1O[C@@](CO)(O[C@H]2O[C@H](CO)[C@@H](O)[C@H](O)[C@H]2O)[C@@H](O[C@H]2O[C@H](CO)[C@@H](O)[C@H](O)[C@H]2O)[C@@H]1O,0.585,0.24,False,False
YOCULAYFPPWLRI,C[C@@H]1CC(=O)[C@]2(O)O[C@@H]3C[C@@]4(C=O)[C@@H](CC[C@@H]5[C@@H]4CC[C@]4(C)[C@@H](C6=CC(=O)OC6)CC[C@]54O)C[C@H]3O[C@@H]2O1,0.8383,0.1828,False,False
XZTUSOXSLKTKJQ,C[C@]12CC[C@H](O)C[C@@H]1CC[C@@H]1[C@@H]2CC[C@]2(C)[C@@H](C3=CC(=O)OC3)CC[C@]12O,0.7375,0.2051,False,False
RIPMDUQTRRLJTE,C[C@]12CC[C@H](O[C@@H]3O[C@H](CO)[C@@H](O)[C@H](O)[C@H]3O[C@@H]3O[C@H](CO)[C@@H](O)[C@H](O)[C@H]3O)C[C@@H]1CC[C@@H]1[C@@H]2CC[C@]2(C)[C@@H](C3=CC(=O)OC3)CC[C@]12O,0.7464,0.2436,False,False
YLDBWOUPHZGCJG,C[C@@H]1C[C@@]2(NCCS2)[C@]2(O)O[C@@H]3C[C@@]4(C=O)[C@@H](CC[C@@H]5[C@@H]4CC[C@]4(C)[C@@H](C6=CC(=O)OC6)CC[C@]54O)C[C@H]3O[C@@H]2O1,0.8117,0.1667,False,False
YGEZNPAUPPSUAS,Cc1ccccc1C(=O)N1CCN(C(=O)c2cnn(-c3nc(-c4ccc(Cl)cc4)cs3)c2C(C)C)C[C@H]1C,0.7638,0.2745,False,False
ZVZRJSHOOULAGB,CC1=CCCC(C)(C)C1C=O,0.52,0.2241,False,False
NSSHGPBKKVJJMM,CC(=O)C(C)=CC1=C(C)CCCC1(C)C,0.6805,0.1905,False,False
DNXCFGPMWMQYEM,CC(C)[C@@H]1CC[C@]2(C)CC(O)C[C@@H](C)[C@@H]2C1,0.6586,0.1846,False,False
YJMNEZANCYQLJR,Oc1cc(O)c2c(c1)O[C@H](c1ccc(O)c(O)c1)[C@@H](O)[C@@H]2c1c(O)cc(O)c2c1O[C@H](c1cc(O)c(O)c(O)c1)[C@H](O)C2,0.5335,0.5139,True,True
ZYDDITZPGFXQSD,Oc1cc(O)c2c(c1)O[C@H](c1cc(O)c(O)c(O)c1)[C@@H](O)[C@@H]2c1c(O)cc(O)c2c1O[C@H](c1ccc(O)c(O)c1)[C@@H](O)C2,0.5335,0.5139,True,True
ZYJFJURMFHCWOB,CCCC(C)C1CCCCC1,0.5344,0.2143,False,False
YJFOZRTWRVNHOG,Cc1ccc(C)c2c1C=CCC2C,0.5017,0.1707,False,False
TUJOKWPTOVJHLY,O=C(Oc1cc(O)c2c(c1)O[C@H](c1cc(O)c(OC(=O)c3cc(O)c(O)c(O)c3)c3c(=O)c(O)cc(C4Oc5cc(O)cc(O)c5C[C@H]4O)cc13)[C@H](O)C2)c1cc(O)c(O)c(O)c1,0.6246,0.3793,False,True
IBKQQKPQRYUGBJ,CC(=O)c1cc(O)c(O)c(O)c1,0.26,0.4483,True,True
KYCWEGRYYVNZLT,CC(=O)OC1=C(C)CCCC1C,0.3717,0.2239,False,False
ZVDBUOGYYYNMQI,C#CCCCCCCCCCC,0.6361,0.2667,False,False
DVLGEHCERRWDIX,CCn1cccc1C=O,0.4233,0.2381,False,False
RQTWDINIJYBFNS,O=C(O)c1cc(=O)c(O)c2c(O)c(O)cc(C3Oc4cc(O)cc(O)c4CC3OC(=O)c3cc(O)c(O)c(O)c3)c2c1,0.4944,0.4615,True,True
FAIAJSOSTNJZCI,O=C1N=C2N=CN=C2C(=O)N1,0.5974,0.1765,False,False
FJJUXGUOHOVYPK,C=C(C)C(C)(C)CCC,0.3988,0.1538,False,False
SPDFSSLYVRCMDZ,CCCC(=O)CCC(C)=O,0.3967,0.2051,False,False
ZZBRROWCLNPLDK,COc1ccc(-c2c(C)n([O-])c(C)c(C)[n+]2=O)cc1OC,0.7067,0.3529,False,True
IRKYBYIUHWZQGP,CCCCCCC(C)C1CCCCC1,0.5652,0.2414,False,False
CEHXHNJPVYNHPU,CN(Cc1cccc(-c2cc(C(F)(F)F)ccc2OCC(=O)O)c1)C(=O)c1cccnc1,0.6667,0.3247,False,True
OGNFXCGDHLOCRX,CC(=O)c1c(O[Si](C)(C)C)cccc1O[Si](C)(C)C,0.5042,0.2857,False,False
WRBHKVWLEIYLDZ,CCCC(C)C(C)(C)CC,0.5317,0.1591,False,False
IHEORNQYISDNQZ,CCCC(C)(C)CC=O,0.4017,0.15,False,False
NOQKKFBBAODEHN,CC1=CC(=O)CC(C)C1,0.437,0.1754,False,False
XERALSLWOPMNRJ,CCC1CCC(=O)C1,0.3842,0.1915,False,False
KZUOLSGYSYIQHE,C=CC(C)CCOC(C)=O,0.4317,0.2766,False,False
LDPLFHGGZNSKDS,O=C(O[C@@H]1C[C@](O)(C(=O)O)C[C@@H](O)[C@H]1O)c1cc(O)c(O)c(O)c1,0.5383,0.3014,False,True
VNYRYHUSEXFRBX,CC(C)C[C@@H](O)[C@H](O)[C@@H](C)[C@H]1CC[C@H]2[C@@H]3CC[C@H]4CC(=O)CC[C@]4(C)[C@H]3CC[C@]12C,0.6262,0.1772,False,False
LDVNKZYMYPZDAI,O=c1cc(-c2ccc(O)cc2)oc2c([C@@H]3OC[C@@H](O)[C@@H](O)[C@@H]3O)c(O)c([C@@H]3OC[C@@H](O)[C@@H](O)[C@@H]3O)c(O)c12,0.4033,0.3443,False,True
LCZMVUQKRUXUPG,CC(C)C[C@@H](O)[C@H](O)[C@@H](C)[C@H]1CC[C@H]2[C@@H]3CC[C@H]4C[C@H](O)[C@H](O)C[C@]4(C)[C@H]3CC[C@]12C,0.6286,0.1798,False,False
FHSVMYDBGPVTTJ,CC(C)C[C@@H](O)[C@H](O)[C@@H](C)[C@H]1CC[C@H]2[C@@H]3CC[C@H]4C[C@H](O)CC[C@]4(C)[C@H]3CC[C@]12C,0.6269,0.1685,False,False
MBKUYULYIBPFSF,CC1(C)C[C@H](O)[C@]2(CO)[C@H](O)[C@H](O)[C@]3(C)C(=CC[C@@H]4[C@@]5(C)CC[C@H](O)C(C)(C)[C@@H]5CC[C@]43C)[C@@H]2C1,0.7753,0.3784,False,True
ICEDBMJSTNTMIT,O=C1C(O)c2c(O)cc(O)cc2OC1c1ccc(O)cc1,0.3492,0.3519,False,True
WGQKYBSKWIADBV,NCc1ccccc1,0.3921,0.3333,False,True
IXVMHGVQKLDRKH,CC(C)[C@H](C)[C@@H](O)[C@H](O)[C@@H](C)[C@H]1CC[C@H]2[C@@H]3COC(=O)C4C[C@H](O)[C@H](O)C[C@]4(C)[C@H]3CC[C@]12C,0.6826,0.2105,False,False
BDOSMKKIYDKNTQ,[Cd],0.3967,0.0238,False,False
RHJULGLSOARXMO,CC(=O)OC[C@H]1O[C@@H](Oc2cc(O)cc3oc(-c4ccc(O)cc4)cc(=O)c23)[C@H](O)[C@@H](O)[C@@H]1O[C@@H]1O[C@@H](C)[C@H](O)[C@@H](O)[C@H]1O,0.5864,0.3256,False,True
LRFDUPNLCDXZOE,C[C@@H]1O[C@@H](O[C@H]2[C@H](O)[C@@H](O)[C@H](Oc3cc(O)cc4oc(-c5ccc(O)cc5)cc(=O)c34)O[C@@H]2CO)[C@H](O)[C@H](O)[C@H]1O,0.562,0.35,False,True
LLPRITPJQPQXIR,C[C@@H]1O[C@@H](OC[C@H]2O[C@@H](Oc3c(-c4ccc(O)cc4)oc4cc(O)cc(O)c4c3=O)[C@H](O[C@@H]3OC[C@@H](O)[C@H](O)[C@H]3O)[C@@H](O)[C@@H]2O)[C@H](O)[C@H](O)[C@H]1O,0.6517,0.4302,True,True
VYZAMTAEIAYCRO,[Cr],0.4667,0.0345,False,False
XLFLNLAIJULEFF,CC1=C2N=C(C=C3N=C(C(C)=C4N[C@@](C)([C@@H]5N=C1[C@](C)(CCC(=O)NCC(C)OP(=O)(O)O[C@H]1[C@@H](O)[C@@H](n6cnc7cc(C)c(C)cc76)O[C@@H]1CO)[C@H]5CC(N)=O)[C@@](C)(CC(N)=O)[C@@H]4CCC(N)=O)[C@@](C)(CC(N)=O)[C@@H]3CCC(N)=O)C(C)(C)[C@@H]2CCC(N)=O,0.6706,0.1558,False,False
RYGMFSIKBFXOCR,[Cu],0.4033,0.0294,False,False
UPHVHMSLLBDZEV,C=CC1CCCCCCC1,0.3723,0.1463,False,False
JPZVRVBLRLTZHX,CCB(CC)O/C1=C/CCCCCC1,0.4729,0.2245,False,False
FALRQTIXQCGLJF,CCCCCCCC1=CCCC1,0.5553,0.3529,False,True
VSYLEWGIVLSDIY,CC1=C(CCC(C)O)C(C)(C)CCC1,0.742,0.1915,False,False
QGGZBXOADPVUPN,O=C(CCc1ccccc1)c1ccccc1,0.3403,0.35,False,True
AQZGPSLYZOOYQP,CC(C)CCOCCC(C)C,0.5133,0.1591,False,False
QMMFVYPAHWMCMS,CSC,0.51,0.1111,False,False
NBMAHNZMRSQCPG,CCCCCCCCCCCC(=O)OCC(COC(C)=O)OC(C)=O,0.5705,0.2745,False,False
RSYUFYQTACJFML,Oc1ccc([C@H]2Oc3cc(O)cc(O)c3C[C@H]2O)cc1,0.2498,0.5577,True,True
SDZPYNMXGUHFMZ,O=C(O[C@@H]1Cc2c(O)cc(O)cc2O[C@@H]1c1ccc(O)cc1)c1cc(O)c(O)c(O)c1,0.4673,0.5938,True,True
GQGIIUWXMCBYIJ,O=C(/C=C/c1ccccc1)O[C@@H]1Cc2c(O)cc(O)cc2O[C@@H]1c1cc(O)c(O)c(O)c1,0.3636,0.4658,True,True
LQQNPVZIFKLQPE,O=C(O[C@@H]1Cc2c(O)cc(O)c([C@H]3c4c(O)cc(O)cc4O[C@H](c4cc(O)c(O)c(O)c4)[C@@H]3O)c2O[C@@H]1c1ccc(O)c(O)c1)c1cc(O)c(O)c(O)c1,0.6653,0.75,True,True
MFLLSCKTQGKMDL,OC1CCCCC(C2CCCCC(O)CC2)CC1,0.3338,0.1333,False,False
BFPYWIDHMRZLRN,C#C[C@]1(O)CC[C@H]2[C@@H]3CCc4cc(O)ccc4[C@H]3CC[C@@]21C,0.6283,0.2286,False,False
KRHYYFGTRYWZRS,F,0.3533,0.0345,False,False
ZMGJNJFHZNMVCW,CCCCCCCCCCCCCCCCCCCCCOC=O,0.4838,0.2424,False,False
BFYPQDKZLOZOLQ,CC(C)CCCCCBr,0.596,0.2143,False,False
DYOGMCCRMUFRSF,C/C=C/CCCOC(=O)CCCCC,0.4996,0.2692,False,False
LQQFFJFGLSKYIR,O=C(O)C(=O)Cc1ccc(O)c(O)c1,0.4989,0.3333,False,True
GRSZFWQUAKGDAV,O=c1[nH]cnc2c1ncn2[C@@H]1O[C@H](COP(=O)(O)O)[C@@H](O)[C@H]1O,0.62,0.1928,False,False
XEEYBQQBJWHFJM,[Fe],0.3533,0.0323,False,False
XPPALVZZCMPTIV,CC/C=C\CC1CCCC(=O)O1,0.4961,0.2115,False,False
DATAGRPVKZEWHA,CCNC(=O)CCC(N)C(=O)O,0.5333,0.3182,False,True
WABPQHHGFIMREM,[Pb],0.3904,0.0455,False,False
FYGDTMLNYKFZSV,OC[C@H]1OC(O[C@H]2[C@H](O)[C@@H](O)C(O[C@H]3[C@H](O)[C@@H](O)[C@@H](O)O[C@@H]3CO)O[C@@H]2CO)[C@H](O)[C@@H](O)[C@@H]1O,0.5817,0.2647,False,False
RQTTXGQDIROLTQ,O=c1cc(-c2ccc(O)cc2)oc2cc(O)c([C@@H]3O[C@H](CO)[C@@H](O)[C@H](O)[C@H]3O[C@@H]3O[C@H](CO)[C@@H](O)[C@H](O)[C@H]3O)c(O)c12,0.51,0.3182,False,True
FYGLBBKMAXYZSY,C[C@]1(O)CC[C@H]2C3=C(C=C[C@@]21C)C1=C(CC3)CC(=O)CC1,0.6902,0.1867,False,False
PXHVJJICTQNCMI,[Ni],0.4033,0.0233,False,False
AAMHBRRZYSORSH,CCCCCCCCC1CO1,0.5684,0.2424,False,False
RODSAXQRFYLQBA,C=C1C(=CC)c2cc3[nH]c(cc4[nH]c5c(c4C)C(=O)C(C(=O)OC)c5c4nc(cc1n2)[C@@H](C)C4CCC(=O)O)c(CC)c3C,0.7004,0.1833,False,False
TTZMHKKXJPKNOY,C=C1C(=CC)c2cc3[nH]c(cc4[nH]c5c(c4C)C(=O)C(C(=O)OC)c5c4nc(cc1n2)[C@@H](C)C4CCC(=O)OC/C=C(\C)CCC[C@H](C)CCC[C@H](C)CCCC(C)C)c(CC)c3C,0.7267,0.168,False,False
VRODWQGSCHPDJK,COc1cc(O)c2c(=O)c(O)c(-c3ccc(O)cc3)oc2c1O,0.3983,0.3529,False,True
BEPYKTSNKZMROV,Oc1cc(O)c2c(c1)O[C@@]1(c3ccc(O)c(O)c3)Oc3cc4c(c(O)c3[C@@H]2[C@H]1O)C[C@@H](O)[C@@H](c1ccc(O)c(O)c1)O4,0.5637,0.3077,False,True
WXQMTHFXSUBUEQ,O=C(OC1Cc2c(O)cc3c(c2OC1c1cc(O)c(O)c(O)c1)C1c2c(O)cc(O)cc2OC(c2cc(O)c(O)c(O)c2)(O3)C1O)c1cc(O)c(O)c(O)c1,0.7129,0.662,True,True
WXFRFCWHHBELIH,CC(C)C(=O)OCC(C)C(O)C(C)(C)C,0.3583,0.2273,False,False
RBQOQRRFDPXAGN,CCCn1cnc2c1c(=O)n(CCCCC(C)=O)c(=O)n2C,0.5756,0.2059,False,False
FYBMGZSDYDNBFX,C[C@@H]1O[C@@H](O[C@H]2[C@H](Oc3c(-c4ccc(O)c(O)c4)oc4cc(O)cc(O)c4c3=O)O[C@H](CO)[C@@H](O)[C@@H]2O)[C@H](O)[C@H](O)[C@H]1O,0.615,0.4872,True,True
MPUCOEGUJZQKTC,COc1cc(-c2oc3cc(O)c(OC)c(O)c3c(=O)c2O[C@H]2O[C@H](CO)[C@@H](O)C(O)C2O)ccc1O,0.6983,0.4286,True,True
KMJPKUVSXFVQGZ,O=C(O[C@@H]1Cc2c(O)cc(O)cc2O[C@@H]1c1cc(=O)c(O)c2c(O)c(O)cc([C@H]3Oc4cc(O)cc(O)c4C[C@H]3O)c2c1)c1cc(O)c(O)c(O)c1,0.5821,0.5,True,True
ZEASWHWETFMWCV,O=C(OC1Cc2c(O)cc(O)cc2OC1c1cc(=O)c(O)c2c(O)c(O)cc(C3Oc4cc(O)cc(O)c4CC3OC(=O)c3cc(O)c(O)c(O)c3)c2c1)c1cc(O)c(O)c(O)c1,0.5439,0.527,True,True
CTVAVEOYQKVFFY,O=C(O[C@@H]1Cc2c(O)cc(O)cc2O[C@@H]1c1cc(O)c(O)c(O)c1-c1c([C@H]2Oc3cc(O)cc(O)c3C[C@H]2O)cc(O)c(O)c1O)c1cc(O)c(O)c(O)c1,0.5933,0.5,True,True
AXQMCYYCOKLZPP,CC1=CC(=O)CC(C)(C)C12CCC(C)O2,0.705,0.254,False,False
ARSRJFRKVXALTF,O=c1cc(-c2cc(O)c(O)c(O)c2)oc2cc(O)cc(O)c12,0.4296,0.4146,True,True
ILGIXPTYODRSEG,CCOC(=O)c1cc(O[Si](C)(C)C)c(O[Si](C)(C)C)c(O[Si](C)(C)C)c1,0.535,0.3036,False,True
HCHKCACWOHOZIP,[Zn],0.4883,0.037,False,False
YYUUNHNAFZSUQJ,O=C(OC1Cc2c(O)cc(O)cc2OC1c1cc(O)c(O)c2c1C1C([C@H]3Oc4cc(O)cc(O)c4C[C@H]3OC(=O)c3cc(O)c(O)c(O)c3)=CC(=O)C1(O)O2)c1cc(O)c(O)c(O)c1,0.5786,0.4634,True,True
CMDFBPKMTHORSL,O=C(O[C@@H]1Cc2c(O)cc(O)c(OC[C@H](O)C3OC(=O)C(O)C3=O)c2O[C@@H]1c1cc(O)c(O)c(O)c1)c1cc(O)c(O)c(O)c1,0.6331,0.475,True,True
VYUIKSFYFRVQLF,CC(C)[C@H](C)[C@@H](O)[C@H](O)[C@@H](C)[C@H]1CC[C@H]2[C@@H]3CC(=O)C4C[C@H](O)[C@H](O)C[C@]4(C)[C@H]3CC[C@]12C,0.6617,0.1882,False,False
KTHXBEHDVMTNOH,OC1CCC1,0.2754,0.1628,False,False
AATSUYYYTHJRJO,O=C(O[C@@H]1Cc2c(O)cc(O)cc2O[C@@H]1c1cc2cc([C@H]3Oc4cc(O)cc(O)c4C[C@H]3O)cc(=O)c(O)c2c(O)c1O)c1cc(O)c(O)c(O)c1,0.6051,0.475,True,True
WWVKOCDDDWJQLC,C/C=C(/C)C(=O)O[C@H]1[C@H](OC(C)=O)[C@@]2(CO)C(CC1(C)C)C1=CCC3[C@@]4(C)CC[C@H](O[C@@H]5OC(C(=O)O)[C@@H](O)[C@H](O[C@@H]6OC[C@H](O)[C@H](O)[C@H]6O[C@@H]6OC[C@@H](O)[C@H](O)[C@H]6O)[C@H]5O[C@H]5O[C@H](CO)[C@H](O)[C@H](O)[C@H]5O)[C@@](C)(C=O)C4CC[C@@]3(C)[C@]1(C)C[C@H]2O,0.8222,0.4286,True,True
RPFAABJEBARVGF,C/C=C(/C)C(=O)O[C@H]1[C@H](O)[C@@]2(COC(C)=O)C(CC1(C)C)C1=CCC3[C@@]4(C)CC[C@H](O[C@@H]5OC(C(=O)O)[C@@H](O)[C@H](O[C@@H]6OC[C@H](O)[C@H](O)[C@H]6O[C@@H]6OC[C@@H](O)[C@H](O)[C@H]6O)[C@H]5O[C@H]5O[C@H](CO)[C@H](O)[C@H](O)[C@H]5O)[C@@](C)(C=O)C4CC[C@@]3(C)[C@]1(C)C[C@H]2O,0.7889,0.4224,True,True
CYQFCXCEBYINGO,CCCCCc1cc(O)c2c(c1)OC(C)(C)[C@H]1CCC(C)=C[C@@H]21,0.5617,0.3333,False,True
RFAYJRLIEJZHOI,CCCc1cc(O)c2c(c1)OC(C)(C)C1=C2[C@@H](OCC)[C@](C)(O)CC1,0.4767,0.25,False,False
SBPMGFIOIRMBJJ,C=C(C)[C@@H]1CC[C@]2(C)CC1c1c(O)cc(CCC)cc1O2,0.5814,0.2466,False,False
YCBKSSAWEUDACY,CCCCCc1cc(O)c2c(c1)OC(C)(C)[C@@H]1CCC(CO)=C[C@@H]21,0.5867,0.3208,False,True
XBSNBTUVWUHYPH,CCCCC=c1c(O)c(O)cc(O)c1=CC=C(C)CCC=C(C)C,0.5967,0.3818,False,True
AHCVNGFLPZSKFK,COc1cc2c(O)c(O)c3ccc(OC)c(O)c3c2c(O)c1OC,0.5233,0.4091,True,True
FBTSZZALORIKJQ,COc1cc(O)c2c(ccc3c(O)c(O)cc(OC)c32)c1,0.3903,0.3529,False,True
DZLSXQDQGMAPKJ,CCCCCc1c(C/C=C(\C)CCC=C(C)C)c(O)cc(O)c1OC(C)=O,0.6258,0.5185,True,True
WINFXCCVLVWQDW,COc1cc2c(cc1OC)-c1c(cc(OC)c(OC)c1O)CC2,0.5533,0.3404,False,True
CTWVUTHJMAYHKZ,CCCCCc1cc2c(c(O)c1C(=O)OC1(C(C)C)CC=C(C)CC1)-c1cc(C)ccc1C(C)(C)O2,0.7033,0.2278,False,False
GPDTXUUTEQEBIO,CCCCCc1cc2c(c(O)c1C(=O)OC1(C(C)C)CC=C(C)CC1)[C@@H]1C=C(C)CC[C@H]1C(C)(C)O2,0.6988,0.225,False,False
SEVUTCIRXJTCGN,CCCC=Cc1cc(O)c(CC=C(C)CCC=C(C)C)c(OC(C)=O)c1O,0.7272,0.5,True,True
BNQMVNIBBISQQQ,CCCCCc1cc(O)c(C=CC(C)CCC=C(C)C)c(OC(C)=O)c1O,0.6774,0.3065,False,True
VJDRSTHNWHVTNQ,CC(C)=CCc1c(O)cc2oc(-c3ccc(O)cc3)cc(=O)c2c1O,0.435,0.4833,True,True
HZIUOYKEIQRKPA,CCCc1cc(O)c2c(c1)oc1c(C)ccc(C(C)(C)O)c12,0.385,0.2593,False,False
YNEDRCVBAZBNDR,COc1ccc2ccc3c(O)c(OC)c(OC)c(O)c3c2c1OC,0.4483,0.3191,False,True
LTMKWDWWHXRNMO,C=C1CCC[C@]2(C)CC[C@H]3C(C)(C)C[C@]132,0.6152,0.2295,False,False
AKFOHAJXLDHIEH,C[N+](C)(C)C[C@@H](CC(=O)[O-])OC(=O)C1CCC1,0.6156,0.1846,False,False
AAXZFUQLLRMVOG,CCCc1cc(O)c2c(c1)OC(C)(CCC=C(C)C)C=C2,0.5908,0.4384,True,True
RLWRMIWDIOHGBH,CCC=c1cc2c(c(O)c1C(=O)O)=CCC(C)(CCC=C(C)C)O2,0.6536,0.2785,False,False
GKVOVXWEBSQJPA,C=C(C)[C@@H]1CCC(C)=C[C@H]1c1c(O)cc(C)cc1O,0.3937,0.2031,False,False
WBRXESQKGXYDOL,C=C(C)[C@@H]1CCC(C)=C[C@H]1c1c(O)cc(CCCC)cc1O,0.382,0.3261,False,True
IPGGELGANIXRSX,C=C(C)[C@@H]1CCC(C)=C[C@H]1c1c(O)cc(CCCCC)cc1OC,0.47,0.3571,False,True
VAFRUJRAAHLCFZ,CCCCCc1cc(OC)c(C/C=C(\C)CCC=C(C)C)c(O)c1C(=O)O,0.6454,0.4828,True,True
KASVLYINZPAMNS,CCCCCc1cc(O)c(C/C=C(\C)CCC=C(C)C)c(OC)c1,0.4867,0.4545,True,True
YJYIDZLGVYOPGU,CCCc1cc(O)c(C/C=C(\C)CCC=C(C)C)c(O)c1,0.5417,0.5556,True,True
FAVCTJGKHFHFHJ,CCCc1cc(O)c(C/C=C(\C)CCC=C(C)C)c(O)c1C(=O)O,0.6417,0.6458,True,True
QUYCDNSZSMEFBQ,CCc1cc(O)c2c(c1)OC(C)(C)c1ccc(C)cc1-2,0.66,0.2885,False,False
GGVVJZIANMUEJO,CCCCc1cc(O)c2c(c1)OC(C)(C)c1ccc(C)cc1-2,0.5833,0.3191,False,True
YDQGBHYBGYGBPF,COc1cc(O)cc2c1C1(C=CC(=O)C=C1)CC2,0.4733,0.3488,False,True
UEFGHYCIOXYTOG,CCCCCc1cc(O)c2c(c1)OC(C)(C)C1=C2C(=O)C(C)CC1,0.4542,0.3208,False,True
CEBQMQLIBDRBKA,CC1=C2CC(C(C)C)=CC[C@@]2(C)CCC1,0.6287,0.1528,False,False
JRLGPAXAGHMNOL,CC(=O)NC(CCCN)C(=O)O,0.5367,0.2927,False,False
DCTYOPYRKNJGKS,CC[C@@H](/C=C/[C@@H](C)[C@H]1CC[C@H]2[C@@H]3CC=C4C[C@@H](O)CC(C(C)=O)[C@@]4(C)[C@H]3CC[C@]12C)C(C)C,0.661,0.2083,False,False
GTZCVFVGUGFEME,O=C(O)C=C(CC(=O)O)C(=O)O,0.715,0.1887,False,False
RKGZIQAVALNWSZ,CCCCCc1cc2c(c(O)c1C(=O)O[C@@]1(C)CC[C@@H](C(C)C)[C@@H]3C=C(C)CC[C@H]31)[C@@H]1C=C(C)CC[C@H]1C(C)(C)O2,0.6788,0.2195,False,False
RIKKBBVWCNNHHE,CCCCCc1cc(O)c(C/C=C(\C)CCC=C(C)C)c(O)c1C(=O)O[C@@]1(C)CC[C@@H](C(C)C)[C@@H]2C=C(C)CC[C@H]21,0.6908,0.3827,False,True
MQJYRDGWGIZCIV,CCCCCc1cc2c(c(O)c1C(=O)O[C@H]1C(C)(C)[C@@H]3CC[C@@]1(C)C3)[C@@H]1C=C(C)CC[C@H]1C(C)(C)O2,0.7321,0.2308,False,False
QFWADGLXGUFMMG,CCCCCc1cc2c(c(O)c1C(=O)OC(C)(C)C1CC=C(C)CC1)[C@@H]1C=C(C)CC[C@H]1C(C)(C)O2,0.7038,0.2308,False,False
YDGMGEXADBMOMJ,CN(C)C(=N)NCCCC(N)C(=O)O,0.48,0.25,False,False
WHBMMWSBFZVSSR,CC(O)CC(=O)O,0.3317,0.2353,False,False
UVOLYTDXHDXWJU,CCCCCc1cc(O)c2c(c1)OC(C)(CCC=C(C)C)C=C2,0.5744,0.4211,True,True
IGHTZQUIFGUJTG,CCCCCc1cc(O)c2c(c1)OC1(C)CCC3C1C2C3(C)C,0.5283,0.3469,False,True
REOZWEGFPHTFEI,C=C(C)[C@@H]1CCC(C)=C[C@H]1c1c(O)cc(CCC)cc1O,0.367,0.2553,False,False
QXACEHWTBCFNSA,CCCCCc1cc(O)c(C/C=C(\C)CCC=C(C)C)c(O)c1,0.5383,0.5208,True,True
YNKVBFQBHSCXGQ,C=C(C)[C@@H]1CC(C(C)=O)[C@H](O)[C@@H]1c1c(O)cc(CCCCC)cc1O,0.4038,0.3696,False,True
VBGLYOIFKLUMQG,CCCCCc1cc(O)c2c(c1)OC(C)(C)c1ccc(C)cc1-2,0.5817,0.3696,False,True
YEDIZIGYIMTZKP,CCCCCc1cc(OC)c2c(c1)OC(C)(C)c1ccc(C)cc1-2,0.6333,0.3519,False,True
XWIWWMIPMYDFOV,Cc1cc(O)c2c(c1)OC(C)(C)c1ccc(C)cc1-2,0.5767,0.2653,False,False
JNWBWFSVYIENLJ,C=C1COc2cc(CCCCC)cc3oc4c(C)ccc1c4c23,0.5817,0.2885,False,False
TZGCTXUTNDNTTE,CCCCCc1cc(O)c2c(c1)OC(C)(C)[C@@H]1CC[C@](C)(O)[C@@H](O)[C@@H]21,0.5,0.3333,False,True
PDADLCKRVIFEGH,CCCCCc1cc2c(c(O)c1Cc1c(CCCCC)cc3c(c1O)[C@@H]1C=C(C)CC[C@H]1C(C)(C)O3)[C@@H]1C=C(C)CC[C@H]1C(C)(C)O2,0.6933,0.2698,False,False
OWSPBIWYEIHDKZ,CCCCCc1cc(O)c(C/C=C(\C)CCC(O)C(C)(C)O)c(O)c1,0.5017,0.3617,False,True
RHGKLRLOHDJJDR,NC(=O)NCCCC(N)C(=O)O,0.4967,0.2391,False,False
CVSVTCORWBXHQV,CN(CC(=O)O)C(=N)N,0.37,0.2195,False,False
HCAWPGARWVBULJ,CCCCCc1cc(O)c2c(c1)OC(C)(C)[C@@H]1CC=C(C)C[C@@H]21,0.5992,0.3333,False,True
OGXXAQFMAFTSRU,CCCCCc1cc(O)c2c(c1)OC(C)(C)[C@@H]1CC=C(C(=O)O)C[C@@H]21,0.6043,0.3091,False,True
WIDIPARNVYRVNW,CC1=C[C@H]2c3c(O)cc(C)cc3OC(C)(C)[C@@H]2CC1,0.555,0.2258,False,False
UCONUSSAWGCZMV,CCCCCc1cc2c(c(O)c1C(=O)O)[C@@H]1C=C(C)CC[C@H]1C(C)(C)O2,0.6654,0.2576,False,False
VITZNDKHSIWPSR,CCCCCc1cc(O)c2c(c1C(=O)O)OC(C)(C)[C@@H]1CCC(C)=C[C@@H]21,0.6371,0.2597,False,False
IQSYWEWTWDEVNO,CCCc1cc2c(c(O)c1C(=O)O)[C@@H]1C=C(C)CC[C@H]1C(C)(C)O2,0.6183,0.2778,False,False
BWFHYGJGKLAXKO,CC1=C[C@H]2c3c(cc(C)c(C(=O)O)c3O)OC(C)(C)[C@@H]2CC1,0.6267,0.2245,False,False
TZFPIQSSTVIJTQ,CCCCc1cc2c(c(O)c1C(=O)O)[C@@H]1C=C(C)CC[C@H]1C(C)(C)O2,0.65,0.2632,False,False
MGFYIUFZLHCRTH,O=C(O)CN(CC(=O)O)CC(=O)O,0.3271,0.1714,False,False
NTYJJOPFIAHURM,NCCc1c[nH]cn1,0.47,0.209,False,False
ZNJFBWYDHIGLCU,CC/C=C\CC1C(=O)CC[C@@H]1CC(=O)O,0.4718,0.2321,False,False
YGPSJZOEDVAXAB,Nc1ccccc1C(=O)CC(N)C(=O)O,0.3833,0.2857,False,False
OIRFZVJHADZVMD,C=C(CCC=C(C)C)C1CCC=C(CCC=C(C)C)C1,0.5194,0.2535,False,False
CYZKJBZEIFWZSR,CNC(Cc1c[nH]cn1)C(=O)O,0.4667,0.4219,True,True
TXFPEBPIARQUIG,CC(=O)c1ccc(O)cc1,0.282,0.4138,True,True
UCQUAMAQHHEXGD,[2H]c1c([2H])c(C(C)=O)c([2H])c(O)c1O,0.37,0.2432,False,False
WYEFRBILENQYOH,CCCCCc1cc(O)c(C/C=C(\C)CC/C=C(\C)CCC=C(C)C)c(O)c1,0.555,0.5102,True,True
XOAAWQZATWQOTB,NCCS(=O)(=O)O,0.4667,0.1556,False,False
PMVUDIZEEHQUIV,CCCCC=C1CC(=O)C2C3C=C(C)C=CC3C(C)(C)OC2(C(=O)O)C1,0.608,0.2025,False,False
UYPYRKYUKCHHIB,C[N+](C)(C)[O-],0.415,0.1,False,False
DZGWFCGJZKJUFP,NCCc1ccc(O)cc1,0.4154,0.4815,True,True
XXPBOEBNDHAAQH,CCCC/C=C\CCCCCCCCOC(C)=O,0.4633,0.3913,False,True
LOGSONSNCYTHPS,O=C1CCC(=O)C1,0.3175,0.1515,False,False
HUCLCMAVGXHPPK,CCC12CC3CC(CC(C)(C3)C1)C2,0.595,0.1702,False,False
BWRHOYDPVJPXMF,CC1CCC2C(C1)C2(C)C,0.5161,0.1636,False,False
AJKIRUJIDFJUKJ,O=S1(=O)CCN(CN2CCS(=O)(=O)NC2)CN1,0.4383,0.14,False,False
PLZVEHJLHYMBBY,CCCCCCCCCCCCCCN,0.5754,0.2963,False,False
JWVCLYRUEFBMGU,c1ccc2ncncc2c1,0.4367,0.2407,False,False
GJWSUKYXUMVMGX,CC(C)=CCC[C@H](C)CC(=O)O,0.5683,0.2769,False,False
AVEYFOMPMVDZJY,CCCCCCCC=CCCCCCCCCC=O,0.6032,0.3171,False,True
OUWOVSUGDPWIBY,O=C(O)CC(O)(C(=O)O)C(OC(=O)C=Cc1ccc(O)c(O)c1)C(=O)O,0.3783,0.4545,True,True
OEEUHNAUMMATJT,COc1cc(O)c2c(=O)c(O)c(-c3ccc(OC)c(OC)c3)oc2c1,0.5525,0.375,False,True
VTURJKQJEXSKNY,O=C(C=Cc1ccc(O)c(O)c1)O[C@@H]1[C@H](O)C=C(C(=O)O)C[C@H]1O,0.3713,0.4211,True,True
PVVORTURQPBPEQ,COc1ccc(-c2coc3cc(OC)cc(OC)c3c2=O)cc1,0.7467,0.3636,False,True
USWXMMRFOWNEOR,CC1OC(Oc2cc3c(O)cc(O)cc3[o+]c2-c2ccc(O)c(O)c2)C(O)C(O)C1O,0.5042,0.3472,False,True
MIYGQTFETYBMKF,O=C(O)CCC(=O)OC[C@H]1O[C@@H](Oc2cc3c(O)cc(O)cc3[o+]c2-c2ccc(O)c(O)c2)C(O)C(O)[C@H]1O,0.5962,0.2841,False,False
FYXWDSGGZAMYFZ,CCN1/C(=C/C=C/C=C/c2sc3ccccc3[n+]2CC)Sc2ccccc21,0.69,0.2931,False,False
SITNBMVOMZOXOP,COc1c(C)cc2ccc(O)c(C=O)c2c1O,0.4617,0.3137,False,True
PUPKKEQDLNREIM,C[C@@H]1O[C@@H](Oc2cc(O)c3c(=O)c(O[C@@H]4O[C@@H](C)[C@H](O)[C@@H](O)[C@H]4O)c(-c4ccc(O)cc4)oc3c2)[C@H](O)[C@H](O)[C@H]1O,0.6433,0.5303,True,True
ZTRJYQPANUYJHW,C=C1COc2c(C)c(O)c(O)c3c(C)cc(O)c1c23,0.685,0.2449,False,False
UPIRHFZFPVEDCF,CCCCCC=CCC=CCCCCCCCCCCCC(=O)OC,0.6523,0.3617,False,True
RSRDWHPVTMQUGZ,CC(=O)C1CC[C@H]2[C@@H]3CCC4CCCC[C@]4(C)[C@H]3CC[C@]12C,0.6074,0.194,False,False
SHGAZHPCJJPHSC,CC1=C(/C=C/C(C)=C/C=C/C(C)=C/C(=O)O)C(C)(C)CCC1,0.6617,0.2143,False,False
ZFULIMDGARVKBJ,O=C(O)C=CCCCCCCCCCCCCCCC(O)(O)O,0.5297,0.2083,False,False
QBILRDAMJUPXCX,C[C@H]1O[C@@H](O[C@H]2CC[C@]3(C=O)[C@H]4CC[C@]5(C)[C@@H](C6=CC(=O)OC6)CC[C@]5(O)[C@@H]4CC[C@]3(O)C2)C[C@H](O)[C@H]1O,0.6892,0.1748,False,False
WWABOEGJVNVCGA,CC1(C)CCC23COC4(C=CC5[C@@]6(C)CCC(O[C@@H]7O[C@H](CO)[C@H](O)[C@H](O)[C@H]7O[C@@H]7O[C@H](CO)[C@@H](O)[C@H](O)[C@H]7O)C(C)(C)C6CC[C@@]5(C)[C@]4(C)C[C@H]2O)[C@H]3C1,0.7117,0.3379,False,True
RWFBQHICRCUQJJ,C[N+]1([O-])CCCC1c1cccnc1,0.6147,0.2642,False,False
SQXLGHNKHZNVRT,CC/C=C/C/C=C/CCCCCCCCCCC(=O)OC,0.655,0.3061,False,True
OFHHDSQXFXLTKC,C=CCCCCCCCCC=O,0.522,0.1333,False,False
BUMHFBGBXFTGJZ,CC(=O)CN(N=O)C(N)=O,0.365,0.1607,False,False
KGVWWFCEYXERAE,C=CC[N+](C)(C)C,0.5577,0.1364,False,False
HJQWLHMLMCDAEL,CC(C)(COP(=O)(O)OP(=O)(O)OCC1OC(n2cnc3c(N)ncnc32)C(O)C1OP(=O)(O)O)C(O)C(=O)NCCC(=O)NCCSC(=O)CC(O)C(=O)O,0.6997,0.1818,False,False
TWXWPPKDQOWNSX,O=C(C1CCCCC1)C1CCCCC1,0.3603,0.1875,False,False
BWLUMTFWVZZZND,c1ccc(CNCc2ccccc2)cc1,0.3183,0.3333,False,True
BJINVQNEBGOMCR,COCCOCCOC(C)=O,0.365,0.2727,False,False
KJHKTHWMRKYKJE,Cc1cccc(C)c1OCC(=O)N[C@@H](Cc1ccccc1)[C@@H](O)C[C@H](Cc1ccccc1)NC(=O)C(C(C)C)N1CCCNC1=O,0.7056,0.2718,False,False
PWAOOJDMFUQOKB,CC(C)=CCC[C@@](C)(OC1O[C@@H](CO)C(O)C(O)[C@H]1O)[C@@H]1CC[C@@]2(C)[C@H]1[C@H](O)C[C@@H]1[C@]3(C)CC[C@@H](O)C(C)(C)[C@@H]3[C@H](OC3O[C@@H](CO)[C@H](O)C(O)[C@H]3OC3OC(C)[C@H](O)[C@@H](O)[C@H]3O)C[C@@]12C,0.7761,0.3247,False,True
GEYOCULIXLDCMW,Nc1ccccc1N,0.27,0.3333,False,True
NMCFFEJWADWZTI,CC(C)=CCc1cc(C(=O)Nc2c(O)c3ccc(O)c(C)c3oc2=O)ccc1O,0.4677,0.3387,False,True
FYRCJESZNSAWKP,CCCCCCCCOC(=O)NC1c2ccccc2Oc2ccccc21,0.5675,0.3333,False,True
MEJKNMVFSMYBHE,C[Si](C)O[Si](C)(C)O[Si](C)(C)O[Si](C)(C)O[Si](C)(C)O[Si](C)C,0.5004,0.1081,False,False
KKEYFWRCBNTPAC,O=C(O)c1ccc(C(=O)O)cc1,0.2587,0.375,False,True
APQSQLNWAIULLK,Cc1ccc(C)c2ccccc12,0.3017,0.275,False,False
RLCKHJSFHOZMDR,CC(C)CCCC(C)CCCC(C)CCCC(C)CC(=O)O,0.6033,0.2264,False,False
QXJSBBXBKPUZAA,CCCCCCC/C=C/CCCCCCCCC(=O)O,0.6269,0.3182,False,True
PHKOOHPBTBNZMG,CCCCCC/C=C/CCCCCCCCCC(=O)O[Si](C)(C)C,0.6485,0.3061,False,True
IAHAMDDIZJPOGW,CCCC(C)CCCCCCCCCCCCC(=O)OC,0.6404,0.2182,False,False
UDBQSIHTDSUWIR,CCCCCCC(C)C(C)(C)O,0.585,0.2647,False,False
TXXHDPDFNKHHGW,O=C(O)/C=C/C=C/C(=O)O,0.3475,0.2162,False,False
QEOHJVNDENHRCH,C=CC(C)(O)C/C=C/C(C)(C)O,0.4373,0.1552,False,False
FMRHJJZUHUTGKE,CCCCC(CC)COC(=O)c1ccccc1O,0.61,0.3333,False,True
QIMMUPPBPVKWKM,Cc1ccc2ccccc2c1,0.4117,0.3243,False,True
WBBPRCNXBQTYLF,CSCCO,0.445,0.1429,False,False
UOBYKYZJUGYBDK,O=C(O)c1ccc2ccccc2c1,0.4703,0.3947,False,True
OBDUMNZXAIUUTH,CC=CCCCCCCCCCCC,0.6282,0.3333,False,True
AABOXTXKWTZARW,CCCCCCCCCCCCCCC(O)C(=O)OCC,0.5573,0.2766,False,False
VKQKGJHUFQGOIX,COc1ccccc1CC=O,0.5467,0.359,False,True
NWPNXBQSRGKSJB,Cc1ccccc1C#N,0.4117,0.24,False,False
GAWAYYRQGQZKCR,CC(Cl)C(=O)O,0.4267,0.2963,False,False
MALQIUVXJFJRRI,O=C(c1ccccc1)C1CC2C(=O)C(C1)N(C(=O)OCc1ccccc1)C2C(=O)OCc1ccccc1,0.5622,0.2787,False,False
NVHBFHMWJJMQTG,CCCCCCCCC(CC)c1ccccc1,0.5949,0.3243,False,True
QESPSAHXYXIGBG,C=CC1(C)CCC(=O)O1,0.5337,0.3061,False,True
FFWSICBKRCICMR,CC(=O)CCC(C)C,0.4383,0.2292,False,False
PZGMUSDNQDCNAG,C=CCOC(=O)CCCCCCC,0.5362,0.2766,False,False
ILNDSSCEZZFNGE,CC(C)(C)c1cccc(C(C)(C)C)c1,0.43,0.2444,False,False
JFDZBHWFFUWGJE,N#Cc1ccccc1,0.4717,0.3,False,True
NCPTYZLUYHXITE,C/C=C/C(=O)OCc1ccccc1,0.1554,0.4186,True,True
YDNLNVZZTACNJX,O=C=NCc1ccccc1,0.3467,0.275,False,False
ZCFRYTWBXNQVOW,ClCCOCCOCCOCCCl,0.5991,0.1273,False,False
VMIYHDSEFNYJSL,O=C1CN=C(c2ccccn2)c2cc(Br)ccc2N1,0.6283,0.2727,False,False
XXAXVMUWHZHZMJ,O=S(=O)(O)c1cc(O)c(O)c(S(=O)(=O)O)c1,0.4053,0.2895,False,False
GDTXICBNEOEPAZ,CCCCCC/C=C\CCCCCCCCC(=O)O,0.6269,0.3182,False,True
QIRGIHPYVVKWTO,CCCC/C=C\CCCCCCCCCCCC=O,0.5432,0.2955,False,False
BXJHOKLLMOYSRQ,CCCC/C=C\CC/C=C\CCCCCCOC(C)=O,0.4667,0.383,False,True
MELPJGOMEMRMPL,C1CCCC2OC2CC1,0.445,0.1739,False,False
AAFJXZWCNVJTMK,O[C@@H]([C@H](O)[C@H]1CO1)[C@H]1CO1,0.3386,0.1818,False,False
JJQZDUKDJDQPMQ,CO[Si](C)(C)OC,0.4017,0.1562,False,False
QUSNBJAOOMFDIB,CCN,0.3733,0.1333,False,False
AISZSTYLOVXFII,CCCCC/C=C/C(=O)OCC,0.549,0.3043,False,True
MRYSSTRVUMCKKB,CCCCC(O)C(=O)OCC,0.4567,0.2889,False,False
YUQVKXFPYUHIIF,CCOC(=O)CCCC(C)O,0.507,0.2692,False,False
AXPZDYVDTMMLNB,CCOCc1ccccc1,0.3917,0.4138,True,True
LZCLXQDLBQLTDK,CCOC(=O)C(C)O,0.27,0.2927,False,False
XJDQUPFWVIUWNZ,CCOC(=S)CC,0.565,0.186,False,False
LLVFXXKDPAPSCJ,CO/N=C/C(O[Si](C)(C)C)C(O[Si](C)(C)C)C(O[Si](C)(C)C)C(CO[Si](C)(C)C)O[Si](C)(C)C,0.5683,0.1194,False,False
DUXYWXYOBMKGIN,CCCCCCCCCCCCCC(=O)OCC(COC(=O)CCCCCCCCCCCCC)OC(=O)CCCCCCCCCCCCC,0.5906,0.2449,False,False
DCXXMTOCNZCJGO,CCCCCCCCCCCCCCCCCC(=O)OCC(COC(=O)CCCCCCCCCCCCCCCCC)OC(=O)CCCCCCCCCCCCCCCCC,0.5906,0.2449,False,False
WKNSDDMJXANVMK,CC/C=C\CC1=C(C)[C@@H](OC(=O)C2[C@@H](/C=C(\C)C(=O)OC)C2(C)C)CC1=O,0.7042,0.1829,False,False
FPTJELQXIUUCEY,CC(C)CCC[C@@H](C)[C@H]1CC[C@@]2(C)[C@@H]3CC[C@H]4C(C)(C)[C@@H](O)CC[C@]4(C)[C@H]3CC[C@]12C,0.7519,0.2716,False,False
IWYDHOAUDWTVEP,O=C(O)C(O)c1ccccc1,0.2567,0.4138,True,True
GFUGBRNILVVWIE,CCC/C=C/C(=O)OC,0.4733,0.3,False,True
CJBQSBZJDJHMLF,CCCCC/C=C\C(=O)OC,0.5774,0.3409,False,True
FMXYCZVOMYLMKM,CCC(C)(O)C(=O)OC,0.3017,0.2045,False,False
YSGBMDFJWFIEDF,COC(=O)C(O)C(C)C,0.325,0.3429,False,True
OQXGUAUSWWFHOM,CCC(C)C(O)C(=O)OC,0.3217,0.3077,False,True
NGEWQZIDQIYUNV,CC(C)C(O)C(=O)O,0.4133,0.2759,False,False
GYLXZHKHPYLEIF,CCCCCCCCC1=C(CCCCCCC(=O)OC)C1,0.5839,0.3182,False,True
ACCRBMDJCPPJDX,CCCC(O)CC(=O)OC,0.5083,0.2273,False,False
XHFXKKFVUDJSPJ,CCC(O)CC(=O)OC,0.4211,0.2381,False,False
FZIBCCGGICGWBP,COC(=O)C=C(C)C,0.3633,0.26,False,False
PONRPCIHEGPNCW,CCCCC(=O)CCC(=O)OC,0.4383,0.2432,False,False
RJUFJBKOKNCXHH,CCC(=O)OC,0.3367,0.2778,False,False
VYHVQEYOFIYNJP,CSC#N,0.5133,0.1364,False,False
RDOIIXVUYWYICH,C[Si](C)(C)N=C(N[Si](C)(C)C)C(F)(F)F,0.58,0.15,False,False
DRUKNYVQGHETPO,COC(=O)CCCCCCCC(=O)OC,0.4111,0.2632,False,False
CXQXSVUQTKDNFP,C[Si](C)(C)O[Si](C)(C)O[Si](C)(C)C,0.3767,0.1176,False,False
FKUPPRZPSYCDRS,O=C1CCCCCCCCCCCCCCO1,0.4101,0.1837,False,False
MWMPEAHGUXCSMY,CCCCCCCCCCCCCCCCCCCCCCCCC(=O)O,0.5075,0.325,False,True
NWCHELUCVWSRRS,CC(O)(C(=O)O)c1ccccc1,0.2383,0.303,False,True
UIJGNTRUPZPVNG,O=C(S)c1ccccc1,0.3373,0.4074,True,True
SOQMAMPOBCTHAD,CC1=CC[C@@H]2C(C)(C)CCC[C@@]2(C)C1=Cc1cc(O)ccc1O,0.6483,0.3485,False,True
BBSABGISYQGCJF,CCCCCCCCCCCC(=O)O[C@@H]1CC(C)=C(/C=C/C(C)=C/C=C/C(C)=C/C=C/C=C(C)/C=C/C=C(C)/C=C/C2=C(C)CCCC2(C)C)C(C)(C)C1,0.7387,0.2551,False,False
RZTOWFMDBDPERY,CC1CCCC(=O)O1,0.3921,0.2449,False,False
FYTRVXSHONWYNE,CCCC1CCCC(=O)O1,0.4487,0.2203,False,False
BVWMJLIIGRDFEI,CCCCCCCC/C=C\CCCCCCCC(=O)OCCC,0.6131,0.3404,False,True
RVBFJJRQNLWPJO,CCCCOC(=N)N,0.4033,0.2195,False,False
VKQFHYQWAVXHKH,CC1CC[C@@]2(OC1)O[C@H]1CC3=C4CCC5CCCC[C@]5(C)C4C(=O)C[C@]3(C)[C@H]1[C@@H]2C,0.6102,0.1728,False,False
XUAGSNVOHYWHNB,Cc1ccc(CCC[N+](C)(C)Cc2ccccc2)o1,0.3958,0.2549,False,False
SPEUIVXLLWOEMJ,COC(C)OC,0.3717,0.1818,False,False
OYGKIQPTFDLMEU,CCC(/C=C\C(C)C1CCC2C3CC=C4CC(O[Si](C)(C)c5c(F)c(F)c(F)c(F)c5F)CCC4(C)C3CCC12C)C(C)C,0.6741,0.1505,False,False
IGRZECZSICIWJA,CCC[C@@H]1O[C@H]1CO,0.3883,0.2115,False,False
IJTNSXPMYKJZPR,CC/C=C/C=C/C=C/C=C/CCCCCCCC(=O)O,0.6415,0.2653,False,False
XBWOPGDJMAJJDG,C[C@H](N)C1CCCCC1,0.4306,0.2045,False,False
SRKOIXFFEHFSPT,CCOC(C)OC(C)O,0.315,0.2308,False,False
UCBGMNBFRYFMGD,CCCCCCC(O)CCCCCCCCCO,0.6299,0.2727,False,False
ZWLPKVFUKKKNGN,CCCCCCCCC1OOC(CCCCCCCC(=O)OC)O1,0.5425,0.2338,False,False
DGZZHABEBFUFSC,COc1cc(O)c2c(c1)C(=O)c1cc(O)cc(O)c1C2=O,0.3819,0.3846,False,True
XJSQEWBQHRJJSD,CCC1OCC(C)CO1,0.4083,0.125,False,False
PDBRDELUHYYCJM,CCCCCCCCCCCCCCCC1OCC(C)O1,0.6397,0.2051,False,False
RYQFWBSHDMXCOY,OOC1COCCO1,0.3,0.1277,False,False
JUEHHXVLFOIJJJ,O[C@@H]1C=C[C@@H]2OC[C@H]1O2,0.4938,0.1458,False,False
OBXQRJAQMQQZMY,CCCCOCCCCO,0.4628,0.3095,False,True
MSLCOWHBLCTBOW,C=CC(=O)CC(C)=O,0.4974,0.1842,False,False
PXPMKWLZBSCHGL,CC(=O)c1c(C)cc2c(O)ccc(OC3OC(COC4OCC(O)C(O)C4O)C(O)C(O)C3O)c2c1O,0.725,0.2727,False,False
AIULWNKTYPZYAN,CCCCCCCCC[C@H](O)CC(=O)CCc1ccc(O)c(OC)c1,0.6243,0.4138,True,True
LYRUHTQXEPJJBJ,C/C=C/C/C=C/CCCCCCCCCCCC(=O)OC,0.575,0.2836,False,False
JDOJVMJYUULLEN,C=CCCCCCCCCCCCCCCC=O,0.522,0.1333,False,False
BNRNAKTVFSZAFA,C1CC[C@H]2CCC[C@H]2C1,0.3491,0.1395,False,False
HVVZVBWIBBTXAJ,C=C1C=Cc2ccccc21,0.375,0.2368,False,False
BAPQKKJFHFYDMJ,CO[C@H]1[C@H](O)COC(O)[C@@H]1OC,0.5107,0.1607,False,False
RDQSIADLBQFVMY,CC(C)(C)C1=CC(=O)C=C(C(C)(C)C)C1=O,0.4981,0.3,False,True
YQLRKXVEALTVCZ,Cc1cccc(C)c1N=C=O,0.48,0.2564,False,False
YQCZLISEEYFBDQ,CCCCCCCCCCCCCCCCCCOC(=O)C(C)Cl,0.5438,0.3051,False,True
GGPOJFILAXITNG,COc1cc2c(c(OC)c1OC=O)-c1ccc(SC)c(=O)cc1C(NC(C)=O)CC2,0.6208,0.2292,False,False
VKHKSOMMWYPNGI,CCc1ccccc1NC=O,0.675,0.3696,False,True
GBHCABUWWQUMAJ,NNCCO,0.6237,0.2222,False,False
KZZWQCKYLNIOBT,Nc1ccc([N+](=O)[O-])c(C(=O)O)c1,0.58,0.5312,True,True
DMJPUEGJXWMHCG,CCCCCCCCCCCCCCCCC/C(C)=N/Nc1ccc([N+](=O)[O-])cc1[N+](=O)[O-],0.7291,0.2857,False,False
CVKMFSAVYPAZTQ,CCCCC(C)C(=O)O,0.455,0.2683,False,False
YGTSVJQQDISEHZ,C=CCCCCCCCCCCCCCCCCCCCCC(=O)O,0.5284,0.3023,False,True
TVBJKPLTBPGHDJ,COc1ccc(-c2oc3c(CC=C(C)C)c(O)cc(O)c3c(=O)c2O[C@@H]2O[C@@H](C)[C@H](O)[C@@H](O)[C@H]2O[C@@H]2O[C@@H](C)[C@H](O)[C@@H](O)[C@H]2O)cc1,0.555,0.3553,False,True
WRJWKHJGSNPGND,O=C(O)CC1CCCCO1,0.4718,0.1818,False,False
AJAKLDUGVSKVDG,CC(C)CCCC(C)CCCC(C)CCCC(C)CCO,0.5983,0.1961,False,False
GHQCIALFYKYZGS,Nc1ccc2c(c1)oc1ccccc12,0.3767,0.3333,False,True
NOJXPGXFDASWEI,C=CCSCC,0.5186,0.1333,False,False
RGCZULIFYUPTAR,CCC(O)CC(C)C,0.3861,0.2857,False,False
WYSSJDOPILWQDC,Cc1cc(O)c(C(C)(C)C)cc1C(C)(C)C,0.415,0.3,False,True
VIPYBBOFDVZRGB,CC=CC(C)C(=O)CC,0.3439,0.1905,False,False
VRJHQPZVIGNGMX,O=C1CCNCC1,0.4236,0.1702,False,False
IWOAFYTUJOSHFE,O=C1CCC([N+](=O)[O-])C2(O)CCCCC12,0.5031,0.2188,False,False
UAZQJKMLLVYNAB,COC(OC)c1ccc(CO)o1,0.3233,0.2727,False,False
XFXWEAWJVWCOBF,C=CCCC(O)CC,0.5389,0.1667,False,False
KDYAAMOAZYBGJX,Cc1ccc(C(N)=O)c(C(N)=O)n1,0.5067,0.2857,False,False
FRTKIPFUELVLHQ,CC(=O)OC1CCC2(C)C(CC3OC34C2C(O)CC2(C)C(C(C)CCCC(C)C)CCC24C)C1(C)C,0.7869,0.2737,False,False
LIFAQMGORKPVDH,CCOc1ccc2ccc(=O)oc2c1,0.3683,0.3731,False,True
WBJNXHBNDYASJD,CCCCCCC#CCCCCCCCC,0.6713,0.325,False,True
ARFRZOLTIRQFCI,COC(=O)C1=CO[C@@H](O[C@@H]2O[C@H](CO)[C@@H](O)[C@H](O)[C@H]2O)[C@H]2[C@@H]1[C@H](O)C[C@]2(C)OC(C)=O,0.7183,0.2258,False,False
WTWWTKPAEZQYPW,CCCCCCCCC(O)CCCCCCCC,0.5884,0.3103,False,True
CNQPKAWJKUVJLR,CCCCCCCC/C=C\CCCCCCCC(=O)OCC1COC(c2ccccc2)O1,0.7078,0.2985,False,False
UXOLPNSSAQIRAG,O=C(O)c1cc(O)c2c(O)c3c(c(-c4c5cc(C(=O)O)cc(O)c5c(O)c5c(O[C@@H]6O[C@H](CO)[C@@H](O)[C@H](O)[C@H]6O)cccc45)c2c1)C=CCC3=O,0.6289,0.2887,False,False
PRLOXHKVPIRLDE,CCCCCOC(C)OCCCC,0.4724,0.225,False,False
MIAGHUUTGZIIJW,CCCCCOC(C)OCCCCC,0.4707,0.2308,False,False
VPJHYSGCDYPNSB,CCCOC(C)OCCC(C)C,0.5233,0.1556,False,False
WNLRTRBMVRJNCN,O=C(O)CCCCC(=O)O,0.3417,0.3056,False,True
CITPXCNSMZMNIW,CCC12CCCN3CCC4(c5ccc(OC)c(O)c5N(C(C)=O)C4CC1)C32,0.5549,0.2317,False,False
SBUYFICWQNHBCM,CCc1ccc(C)c(C)c1,0.5986,0.3103,False,True
AGNFWIZBEATIAK,NCCCCc1ccccc1,0.4121,0.3226,False,True
DQKOLPCSICJNQJ,CC(=O)Nc1ccc(C(=O)O)c([N+](=O)[O-])c1,0.4767,0.3542,False,True
WOGBNISMMIOPAZ,OC1COC(OCC2OC(OCc3ccccc3)C(O)C(O)C2O)C(O)C1O,0.5483,0.2653,False,False
HSJKGGMUJITCBW,CC(O)CC=O,0.27,0.2,False,False
NCAQEOULCQQMGY,CC(C)CCCC(C)C1CCC2C3CCC4CC5(CCC4(C)C3CCC12C)OCCO5,0.7319,0.2162,False,False
WOUXRHNTGOLKPF,C=C(C)[C@H]1CCC[C@@H](C)C1,0.4267,0.1552,False,False
INNYVOGDZSDNIP,CCCCC1=CCCCC1,0.5626,0.2857,False,False
CTMHWPIWNRWQEG,CC1=CCCCC1,0.4973,0.2821,False,False
VXDCCDLGCOFZBL,CCCCCCCCCCS(=O)(=O)CCCCCCCCCC,0.577,0.2683,False,False
VRVUVKAAXLKOOI,COc1ccc2c3c1OC(OC)C(=O)N3C1(OC(C)=O)C3OC(C)(O)C4C(=O)C21CCN(C)CCC43,0.7333,0.1939,False,False
FNEZBBILNYNQGC,COC(=O)c1ccccc1C1c2ccc(N)cc2Oc2cc(N)ccc21,0.5067,0.3036,False,True
MFBVDRDCUYGRCJ,CCCCCCCCCCCCCCCCCCCC(=O)OCc1ccccc1,0.4646,0.4222,True,True
HCDJVEYJSSTYSW,CC(=O)OCCOC(C)C,0.3467,0.2727,False,False
CECHHHFZXNTPMP,CC(C)(C)C(=O)OCCOC(=O)C(C)(C)C,0.277,0.1905,False,False
KKCDUTBXHFFNMW,O=C(c1cc(O)c(O)c(O)c1)C1[C@@H](O)C(O)[C@H](O)CC1(O)C(=O)O,0.496,0.2826,False,False
MMFWVBGUZRYZJB,CCCCCCCCOCC(O)C(O)C(O)C(O)CO,0.5247,0.225,False,False
CDOYOXVOYRQINU,CCCCCCCCCCCCCCCCCOC(=O)C(F)(F)F,0.5451,0.2833,False,False
WDZPYIWWSYMCGM,CCCCCCCCCCCCCCCCCCCCCCOC(=O)CCCCCC,0.4928,0.3051,False,True
DKEZDPGUJMMUCC,O=C(C=Cc1ccc(O)cc1)C1C(=O)C([C@@H]2O[C@H](CO)[C@@H](O)[C@H](O)[C@H]2O)C(=O)C(O)([C@@H]2O[C@H](CO)[C@@H](O)[C@H](O)[C@H]2O)C1=O,0.5931,0.3023,False,True
JMMWKPVZQRWMSS,CC(=O)OC(C)C,0.355,0.2051,False,False
UXXAEVMOIUAYQT,COc1cc(-c2oc3cc(O)cc(O)c3c(=O)c2O[C@@H]2O[C@@H](C)[C@H](O)[C@@H](O)[C@H]2O)ccc1O,0.655,0.5588,True,True
LSFCBUIGYCTVGI,CC1O[C@@H](O[C@@H]2CO[C@@H](Oc3c(-c4ccc(O)cc4)oc4cc(O)cc(O)c4c3=O)C(O)C2O)[C@@H](O)C(O)[C@H]1O,0.6117,0.5068,True,True
ZZVUYOQVPMBRHE,CCCCCCCCCCCCCCCCCC(=O)OC[C@H](O)c1oc(O)c(O)c1O,0.5412,0.2642,False,False
IDGQXGPQOGUGIX,NC(COCc1ccccc1)C(=O)O,0.4167,0.3611,False,True
ONLWBSUVTLKLAP,C=C(C)C1CCC2(C)CCC3(C)C(=CCC4C5(C)CCC(=O)C(C)(C)C5CCC43C)C12,0.7433,0.3506,False,True
MGYBYJXAXUBTQF,C[C@@H]1O[C@@H](OC[C@H]2O[C@@H](Oc3cc(O)c4c(=O)cc(-c5ccc(O)c(O)c5)oc4c3)[C@H](O)[C@@H](O)[C@@H]2O)[C@H](O)[C@H](O)[C@H]1O,0.6503,0.3253,False,True
BHGCRZWUKWPRDM,Oc1ccc([C@H]2Oc3c(c(O)cc4c3[C@@H]3C[C@@](c5ccc(O)cc5)(Oc5cc(O)cc(O)c53)O4)C[C@H]2O)cc1,0.4823,0.3514,False,True
UTHVFIKQCUKKQW,N#C/C=C1/C=C[C@@H](O)C[C@H]1O[C@@H]1O[C@H](CO)[C@@H](O)[C@H](O)[C@H]1O,0.5981,0.275,False,False
RXFCIXRFAJRBSG,NCCCNCCNCCCN,0.5304,0.1538,False,False
WNYIBZHOMJZDKN,CC(=O)NCCNC(C)=O,0.3724,0.3243,False,True
ZFONAKQWJPPFEF,C/C=C/C=C\CC=CC=CCC(=O)NCC(C)C,0.485,0.2419,False,False
NCKLMYIJGWLHIF,CCCCCCCCCCCCCCCC(O)C(CCCCCCCCCCCCCC)C(=O)OC,0.5987,0.2449,False,False
YZVKTRPQHJKFOD,CCCCCCCCCCCCCCCCCCOC(=O)C(F)(F)F,0.5451,0.2833,False,False
YYELLDKEOUKVIQ,CCCCCCCCCCCCOCCOCCOCCOCCOCCOCCOCCOCCO,0.5647,0.2727,False,False
AHLBNYSZXLDEJQ,CCCCCCCCCCC[C@@H](C[C@@H]1OC(=O)C1CCCCCC)OC(=O)C(CC(C)C)NC=O,0.7159,0.2326,False,False
MVOSYKNQRRHGKX,O=C1CCCCCCCCCCO1,0.4101,0.1837,False,False
NDUAXKHGCJIYEQ,CC(=O)OC1=C2C(C)[C@@H](OC(=O)C(O)C(NC(=O)c3ccccc3)c3ccccc3)C[C@@](O)([C@@H](OC(=O)c3ccccc3)[C@@H]3[C@]4(OC(C)=O)CO[C@@H]4C[C@H](O)[C@@]3(C)C1=O)C2(C)C,0.7766,0.2623,False,False
JMIFIYIEXODVTO,COc1c(O)cc2oc(-c3ccc(O)c(O)c3)c(O)c(=O)c2c1O,0.5333,0.4151,True,True
YPWFISCTZQNZAU,C1CCSCC1,0.4831,0.0962,False,False
MUJVDWHBAVZXAR,NCC(O)c1cccc(OCc2ccccc2)c1F,0.6067,0.3659,False,True
ULSIYEODSMZIPX,NCC(O)c1ccccc1,0.3617,0.2727,False,False
LCLCVVVHIPPHCG,CC(=O)CC(=O)C(C)(C)C,0.5517,0.1892,False,False
JIEJJGMNDWIGBJ,CCCOC(C)C,0.3833,0.1579,False,False
HVIBGCANOBQDPU,CC(=O)OC1CCC2(C)C3=C(CCC2C1(C)C)C1(C)CCC(C(C)C(=O)O)C1(C)CC3,0.6972,0.2025,False,False
SEEGVLYKLLCFTK,CC1OC(OC2C(Oc3c(-c4ccc(O)c(O)c4)oc4cc(O)cc(O)c4c3=O)OC(C)C(O)C2O)C(O)C(O)C1O,0.6,0.5429,True,True
HBYNUHOQZHNKSP,C[Si](C)(C)OC(=O)c1cc(O[Si](C)(C)C)c2c(c1)C(=O)c1cccc(O[Si](C)(C)C)c1C2=O,0.5817,0.2419,False,False
XINNQYBYFFJBAM,C=C[C@H]1[C@H](O[C@@H]2O[C@H](COC(C)=O)[C@@H](OC(=O)c3cccc(O[C@@H]4O[C@H](CO)[C@@H](O)[C@H](O)[C@H]4O)c3O)[C@H](OC(C)=O)[C@H]2OC(C)=O)OC=C2C(=O)OCC[C@]21O,0.7417,0.2328,False,False
BORWSEZUWHQTOK,O=c1cc(-c2ccc(O)c(-c3c(O)cc4oc(-c5ccc(O)cc5)cc(=O)c4c3O)c2)oc2cc(O)cc(O)c12,0.4983,0.3396,False,True
QXDDDCNYAAJLBT,C[Si](C)(C)CCCCl,0.546,0.1633,False,False
RHEGYQBXXRFEHU,O=C1CCCCC12CC=CCC2,0.3958,0.1731,False,False
OOONNLUBRNIRBT,CCCCCCCCCCCCCOS(=O)OC(C)C,0.5841,0.2188,False,False
WVMSIBFANXCZKT,CC[Si](O)(CC)CC,0.3583,0.1481,False,False
WAGHSYZLKZJUQC,CCCCCCCCCCCCCCCCOC(=O)C(F)(F)F,0.5451,0.2833,False,False
YCBSMEKEDOHEQI,COC(=O)C12CCC(C)C(C)C1C1=CCC3C4(C)CCC(O)C(C)(C)C4CCC3(C)C1(C)CC2,0.8233,0.507,True,True
FKNXHPFWVGMRFH,C/C=C\CCCCCCCCCC/C=C\CCCOC(C)=O,0.45,0.3191,False,True
MMVMCKQTVARYMK,CCCCB1O[C@H]2[C@@H](O1)[C@@H](CO[Si](C)(C)C)O[C@@H]1OB(CCCC)O[C@@H]12,0.611,0.1455,False,False
OSEPPHZTQZKYGB,CC(C)(C)CCCCCCCCCC(C)(C)S,0.4792,0.1176,False,False
MQMCFNZDFIXNIT,C=C(C)C(O)CCC(C)=CCc1cc(O)ccc1OC,0.5633,0.2951,False,False
XWCQCIXHSIXOAW,C[C@@]12CCC[C@H]1[C@@H]1CC(=O)C3CCCC[C@]3(C)[C@H]1CC2,0.6137,0.1719,False,False
IZVFFXVYBHFIHY,CC(C)CCC[C@@H](C)[C@H]1CC[C@H]2C3=CC[C@H]4C[C@@H](O)CC[C@]4(C)[C@H]3CC[C@]12C,0.6989,0.2329,False,False
LEIXEEFBKOMCEQ,CCCC/C=C\C/C=C\CCCCCCCC(=O)O,0.5532,0.3333,False,True
ROAHWVMKIWCCHH,COC1=CC(=O)c2c(c(O)c3cc(C)cc(O)c3c2O)C1=O,0.5783,0.2826,False,False
ZEOSVASXEQYUGA,O=C1C=CC(=O)c2c1c(O)c1cccc(O)c1c2O,0.4367,0.2791,False,False
FMNORJDMOXUEDR,COC(=O)c1cc(O)cc2c(=O)c3c(O)cc(C)cc3oc12,0.5729,0.3333,False,True
OGURMTXRUQGVMS,Cc1ccc2c(c1O)C(=O)c1c(O)cccc1C2=O,0.545,0.2642,False,False
BTLXPCBPYBNQNR,O=C1c2ccccc2C(=O)c2c(O)cccc21,0.3367,0.3421,False,True
NQMUGNMMFTYOHK,COc1cccc2ccccc12,0.3183,0.3243,False,True
UKBUAVLRSUYDBZ,C/C=C(\CC[C@@H](C)[C@H]1CCC2(C)C3=CCC4C[C@@H](OC(C)=O)CC[C@]4(C)C3CC[C@]12C)C(C)C,0.7467,0.2955,False,False
QBPFLULOKWLNNW,O=C1c2cccc(O)c2C(=O)c2c(O)cccc21,0.3467,0.3243,False,True
XOXYHGOIRWABTC,COc1cc(O)c2c(=O)c3cc(O)ccc3oc2c1,0.5119,0.4792,True,True
ZKSOBTVCCGPIAJ,Cc1cc(O)c2c(O)c3c(c(O)c2c1)C(=O)C=CC3=O,0.435,0.2791,False,False
PIYDVAYKYBWPPY,CCCCCCCCCCCCCCCCC=O,0.5868,0.275,False,False
JVFKEAXMXKZYRX,CC1=CC(=O)c2c(c(O)c3cccc(O)c3c2O)C1=O,0.5217,0.24,False,False
YZUPYJKFJGOCCI,COc1cc(-c2oc3cc(OC4OC(C)C(O)C(O)C4O)c(OC)c(O)c3c(=O)c2OC)ccc1O,0.6267,0.4079,True,True
YNAVUWVOSKDBBP,C1COCCN1,0.4752,0.1304,False,False
IHEJEKZAKSNRLY,CCCCCCCCCCCCCCCCCCCCCCCCCCCCC(=O)O,0.5075,0.325,False,True
TWQNCGDOHUNFFU,COC(=O)c1c(O)ccc2oc3cc(C)cc(O)c3c(=O)c12,0.5817,0.3704,False,True
UUNPIWCQMVNINR,COc1cc(O)cc2c1C(=O)c1c(O)cc(C)cc1C2=O,0.4917,0.375,False,True
NDOBLXUMYKEAGT,COc1cc(OC)c2c(c1OC)C(=O)c1c(cc(O)c(C)c1O)C2=O,0.555,0.3529,False,True
ZYBCUEHWXIHKHJ,COc1ccc2c(=O)c(O[C@@H]3O[C@H](CO)[C@@H](O)[C@H](O)[C@H]3O)c(-c3ccc(O)c(O)c3)oc2c1,0.6633,0.4026,True,True
FUOYNUQYIXMTMU,C/C=C(C)/C=C/[C@H]1C(C)(O)CCC2C(C)(C)CCC[C@@]21C,0.5183,0.2273,False,False
MZWGOWHEHPSPES,C=C(C)C1C=C2C(C)CCCC2(C)CC1,0.5467,0.2,False,False
SNGBOMOBDFAYFR,OC1CC(O)C(O)C(O)C1,0.3623,0.1633,False,False
PZJWZGWBDMSONK,CC(=O)OCC(COCc1ccccc1)OC(C)=O,0.4717,0.34,False,True
BWQZXQFRJAQCEM,CCC(C)(O)CC/C=C(\C)CO,0.5217,0.2321,False,False
RZMOICJDRADLCT,O=C(CBr)C(=O)CBr,0.3538,0.1591,False,False
OLCIPZHLPOAOIH,S=C1NCCCCCN1,0.6829,0.1277,False,False
LZTHLBQVLFQNKK,O=C1CCCCC(=O)CC1,0.3645,0.1842,False,False
NVCKBQXBWJYISN,CC(=O)C1=C(C)C(C)(C)C23CCC(C)(CC2)C3C1,0.65,0.2027,False,False
WZJOJDGIZRREKX,CC(CC1C=CCC1)=C(c1ccccc1)c1ccccc1,0.52,0.3095,False,True
MVMDDTZDLWMWNW,CC(C)CCCCCC1C=CC(=O)O1,0.5572,0.2167,False,False
JOAAIYRFWUHKSF,COC(=O)C1C[C@]23C=CC[N+]4([O-])CC[C@@]5(c6ccccc6N[C@@]15[C@H]2C)[C@H]34,0.7004,0.2111,False,False
YEDUAINPPJYDJZ,O=c1[nH]c2ccccc2s1,0.2933,0.2407,False,False
ZNRVRWHPZZOTIE,CC(CO)CC(C)(C)C,0.395,0.1509,False,False
ONYJRUXYOCZIAW,C/C=C/CC/C=C/CO,0.4883,0.1489,False,False
KJXHLCAJUKTCTA,N=C(CC(=O)c1ccccc1)C(F)(F)F,0.5222,0.3333,False,True
GLKXYCGSGUUJPS,CC(C)(O)C#CC(O)c1cccs1,0.6,0.2241,False,False
IMAKHNTVDGLIRY,C#CC(=O)OC,0.3933,0.2051,False,False
BNXZHVUCNYMNOS,CCCCN1CCCC1=O,0.3989,0.2857,False,False
AKRJXOYALOGLHQ,CCCC(=O)CC(C)C,0.37,0.2308,False,False
WHRCGABMRKHLFL,CC[C@@H](/C=C/[C@@H](C)[C@H]1CC[C@H]2[C@@H]3CC=C4C[C@H](O)CC(OC(C)=O)[C@@]4(CBr)[C@H]3CC[C@@]12CBr)C(C)C,0.6106,0.2018,False,False
XIMADJWJJOMVID,OC1c2ccccc2OC(c2ccccc2)C1O,0.4491,0.3061,False,True
HDKJVKALAPECQT,CC1(C)C=C(C2=CC(C)(C)CC(C)(C)C2)CC(C)(C)C1,0.6467,0.2,False,False
RKAPPORMAIKMKL,C/C=C/C(CC(=O)O)(c1ccccc1)c1ccccc1,0.3735,0.2821,False,False
UWMTZXSCMQAECK,COC(=O)C1[C@H]2Cc3c4nc5ccccc5c-4ccn3C[C@@H]2CC[C@@H]1O,0.5983,0.2297,False,False
VLHIDEWBPIFGKH,Cc1cncc(C)c1-c1ccccc1,0.46,0.4194,True,True
AKXIIOLURNATOC,CC(C)(C)c1cc(C#N)cc(C(C)(C)C)c1O,0.48,0.425,True,True
VZRAYMNDMPDPBO,O=c1sc2ccccc2n1CCCl,0.5482,0.2321,False,False
PLZGVLQJBMRSCP,CCCCO[Si](O[Si](C)(C)C)(O[Si](C)(C)C)O[Si](C)(C)C,0.5267,0.2075,False,False
KFIRODWJCYBBHY,O=C(O)c1cccc([N+](=O)[O-])c1C(=O)O,0.5475,0.3409,False,True
XUTYWCRUUYMVEF,O=C1C(c2ccccc2)=CC2=CCC1CC2,0.594,0.24,False,False
OJOBTAOGJIWAGB,COc1cc(C(C)=O)cc(OC)c1O,0.1733,0.5862,True,True
GIXXQTYGFOHYPT,CC(C)(c1ccc(O)cc1)c1ccc(C(C)(C)c2ccc(O)cc2)cc1,0.2733,0.3636,False,True
COIPQIFWUIDWLU,C=CC(C)C(C)O,0.315,0.2308,False,False
VFQXVTODMYMSMJ,NC(=O)c1ccncc1,0.346,0.3611,False,True
BJJDXAFKCKSLTE,Cc1cc(N)nc(C)n1,0.4833,0.2391,False,False
CVQUWLDCFXOXEN,O=c1ccocc1,0.3967,0.186,False,False
SGXRPNUPTXIGIO,CC1(C)CCCC2(C)C1CCC1(C)OC(O)CCC12,0.6583,0.2419,False,False
QYHXJSWADYUYGX,O=C(Nc1ccccc1N(C(=O)c1ccccc1)c1ccc(O)c(=O)cc1)c1ccccc1,0.4589,0.2979,False,False
MDYOLVRUBBJPFM,O=c1cccccc1O,0.23,0.3438,False,True
GNEUVQRNOYJQLS,C=CCCCCCOC(C)=O,0.4169,0.3953,False,True
IKYKEVDKGZYRMQ,CC/C=C/C/C=C/C/C=C/CCCCCCCCO,0.634,0.2955,False,False
RRIPWSLJXZPRIU,CC(=O)OC1CCC23CC24CCC2(C)C(C(C)CCCC(C)C)CCC2(C)C4CCC3C1(C)C,0.7667,0.375,False,True
VEVKLOLYYQLRRV,C=C(C)C1CCC2(C)C1CCC1(C)C2CCC2C3(C)CCC(=O)C(C)(C)C3CCC21C,0.7159,0.2208,False,False
OBKUFMIGIUQZRU,CC(C)C12CCC(C)(OO1)C1OC12,0.5694,0.1667,False,False
ZYHJQFMTTFCBKH,CCCCCCC(CCCCC)c1ccccc1,0.5882,0.3429,False,True
LEPFYNPJKPSWHQ,C(Cc1ccccc1)=C(CCc1ccccc1)CCc1ccccc1,0.3267,0.2857,False,False
PISKGSCJHAKXNT,Oc1cc2c(O)c(c1)CCC2,0.2903,0.2759,False,False
VMAPBHJWNDGHJS,CC1=C2CCCCC2CC1,0.5252,0.2128,False,False
KLFYPJRLOIHTCM,CC/C1=C/N(C=O)CCc2c([nH]c3ccccc23)[C@@](C(=O)OC)(c2cc3c(cc2OC)N(C)[C@H]2[C@@](O)(C(=O)OC)[C@H](OC(C)=O)[C@]4(CC)C=CCN5CC[C@]32[C@@H]54)CC(=O)C1,0.6967,0.1935,False,False
HVBGZKVTJLINJW,CC[C@]12C=CCN3CC[C@@]4(c5ccccc5N(C)[C@H]4[C@@](O)(C(=O)OC)[C@@H]1O)[C@@H]32,0.6605,0.2169,False,False
PESKGJQREUXSRR,CC(C)CCCC(C)C1CCC2C3CCC4CC(=O)CCC4(C)C3CCC12C,0.7592,0.2361,False,False
PFOJEJPZUVQHEH,CCCCC(=O)OCCC(C)CCC=C(C)C,0.5849,0.2727,False,False
ZBICFWPIJJTIEN,C/C=C1/C2CCN3CCC4(c5cccc(OC)c5NC4C2)C13,0.525,0.2286,False,False
HYPABJGVBDSCIT,C1=CCCCCCCCCCC1,0.445,0.1395,False,False
MQYKQUAHAYNYJH,CCCCCCOC(CO)C(O)C(O)C(O)CO,0.4864,0.2195,False,False
XVXPXUMUGATHPD,CC(C)[C@H]1CC[C@@H]2[C@]1(C)CC[C@]1(C)[C@H]3CC=C4[C@@H](CC[C@H](O)C4(C)C)[C@]3(C)CC[C@@]21C,0.672,0.2632,False,False
ZDKMPOJNYNVYLA,CC[C@]12C=CCN3CC[C@@]4(c5ccc(OC)cc5N(C)[C@H]4[C@@](O)(C(=O)OC)[C@@H]1O)[C@@H]32,0.6646,0.234,False,False
XKMMRMJBZDCIHI,CCCCCCCCCOC(=O)C(Cl)Cl,0.5441,0.2881,False,False
NHLUVTZJQOJKCC,CCCCCCCCCCCCCCCCN(C)C,0.4851,0.2759,False,False
DETCOCJXXLLCCF,C=CCCCCCCCCCOC(=O)CCCCCCCCCCC,0.6177,0.2687,False,False
BDOJETRYMYMVBI,CCCCCCCC/C=C/CCCCCCC(CC)(OC(=O)CCCCCCCCCCCCCCCCC)C(=O)OCOC(=O)CCCCCCCCCCCCCCC,0.6854,0.25,False,False
QOTWPVNGSQSOPI,CCOC=Nc1ccccc1OC,0.4617,0.4091,True,True
ICVYQLQYVCXJNE,CCCCCCCCCCCCCCCCCCC(=O)OCC,0.5019,0.2791,False,False
BPOHJJWGUCBNFI,CC1(C)OC(c2ccccc2)CC1=O,0.552,0.2692,False,False
AZGIFKCGYRMPKP,CCCCCCCCCCC(C)CCCCCC,0.6601,0.2759,False,False
FEXCMMPRRBSCRG,S1SSSSS1,0.4067,0.0526,False,False
XFHLIKVWUURUNF,COC(=O)C1C[C@]2([C@@H](C)O)C=CCN3CC[C@]4(C1=Nc1ccccc14)[C@@H]32,0.6389,0.2247,False,False
RGXKJLTVROJBKZ,C/C=C1/CN2CCc3c([nH]c4ccccc34)[C@@H]2C[C@@H]1C(CO)C(=O)OC,0.5278,0.2771,False,False
KTHDTJVBEPMMGL,CC(=O)NC(C)C(=O)O,0.3867,0.3235,False,True
OMKJDABLEGUPIE,CC(C)=CCC[C@@H](C)[C@H]1CC[C@@]2(C)C3=C(CC[C@]12C)[C@@]1(C)CCC(=O)C(C)(C)C1CC3,0.6834,0.3537,False,True
RMVPLVQQJCINBE,CC[C@@]1(O)CN2CC[C@@]34C(=Nc5ccccc53)C(C(=O)OC)[C@H]1C[C@H]24,0.6106,0.2195,False,False
LRGHKKFXSQEYHY,CCC=CCC=CCC=CCCCCCCC(=O)OC,0.655,0.3061,False,True
JXTGICXCHWMCPM,CS(=O)c1ccccc1,0.2767,0.2609,False,False
UXHDPKGPDXVGAN,COC(=O)C1C[C@]2([C@@H](C)O)CCCN3CC[C@]4(C1=Nc1ccccc14)[C@@H]32,0.5622,0.2414,False,False
VWGVVWKWTUQAIE,COC(=O)C(C)(C)N1OCCC(C)O1,0.4157,0.197,False,False
VUMQHLSPUAFKKK,CNCC1CCCCC1(O)c1cccc(OC)c1,0.4105,0.2381,False,False
HTETYMBEAKZXSG,C/C=C1\CN2C3CC45c6cccc(OC)c6NC4C2CC1C3C5O,0.5533,0.2135,False,False
MWQWCHLIPMDVLS,CCCCCCCC(=O)OCc1ccccc1,0.4646,0.4222,True,True
OXVQIJQRCUDDOA,CCCCCCCCCCCCCCOC(=O)C(=O)Oc1cc(F)cc(F)c1,0.4603,0.3231,False,True
SHDTWSQDHLKGEO,CCCCCCCCCCCCCCC(=O)O[Si](C)(C)C,0.5413,0.2667,False,False
IOLQWLOHKZENDW,CCC(N)Cc1ccccc1,0.3154,0.2745,False,False
KRCBEAOTRITDDF,Cc1c(C)c(C)c([P+](=O)c2c(C)c(C)c(C)c(C)c2C)c(C)c1C,0.4467,0.1579,False,False
UBKBKYQIPBPYHZ,CCCCCCCCCCCCCCOC(=O)c1ccccc1C(=O)OCCCC,0.3631,0.4565,True,True
COMSPPGIKGWQMS,CCCCCCCCCCCCCCCCCCOC(=O)c1ccccc1C(=O)OCC(C)C,0.4331,0.4038,True,True
PFHGNIMWELIXGP,O=[N+]([O-])N1CCCCC1,0.3683,0.2439,False,False
NZYBILDYPCVNMU,c1ccc(C2CCCNC2)cc1,0.4217,0.2444,False,False
NTMOAQDHNZYZMZ,C/C=C1/CN2CCc3c4n(c5ccccc35)C(C(=O)OC)[C@H]1C[C@@H]42,0.6161,0.2299,False,False
APGDTXUMTIZLCJ,C[C@]12C=CC(=O)C=C1CC[C@@H]1[C@@H]2[C@@H](O)C[C@@]2(C)[C@H]1CC[C@]2(O)C(=O)COC(=O)CCC(=O)O,0.6558,0.1939,False,False
BNZYRKVSCLSXSJ,Nc1ncnc2c1ncn2[C@]1(CO)O[C@H](CO)[C@@H](O)[C@H]1O,0.6324,0.1628,False,False
ZNRLMGFXSPUZNR,CC1=CC(C)(C)Nc2ccccc21,0.475,0.2812,False,False
CWCGYMBWIIARIH,CCCCCCCCCCOCC(O)C(O)C(O)C(C)O,0.5216,0.225,False,False
KVOOIWOVRWCHTQ,CCC(C)COC(=O)c1ccccc1OCC(C)CC,0.4217,0.3846,False,True
JGKCGXVOATXMRM,C=C[C@H]1CN2CCc3c([nH]c4ccccc34)[C@@H]2C[C@@H]1C(CO)C(=O)OC,0.6223,0.2857,False,False
VBEQZFNVRMPLSM,C/C=C1/CN2[C@H]3C[C@@]45c6ccccc6N(C)[C@H]4[C@@H]2C[C@@H]1[C@@H]3[C@H]5O,0.6033,0.1829,False,False
MXTPRJXPLFGHEE,NCCSS(=O)(=O)O,0.5383,0.1778,False,False
VIFLAZMQBBPJDQ,COC(=O)C1C[C@@](C)(C=O)/C=C\CN2CC[C@@]3(C2=O)C1=Nc1ccccc13,0.6972,0.2118,False,False
UTGOOQZGXAWMMG,CCCCCCCCCCCCCCCCCCCCCCCOC(C)=O,0.3945,0.4,True,True
URTIXQAZBNOKIR,C[Si](C)(C)OC(=O)CO,0.3917,0.1957,False,False
XSQUKJJJFZCRTK,NC(N)=O,0.2917,0.2308,False,False
VLFUANNVMXKBPF,CC1CCC2(C=O)CCC3(C)C(=CCC4C5(C)CCC(O)C(C)(C)C5CCC43C)C2C1C,0.7317,0.411,True,True
JXLYSJRDGCGARV,CC[C@]1(O)C[C@@H]2CN(CCc3c([nH]c4ccccc34)[C@@](C(=O)OC)(c3cc4c(cc3OC)N(C)[C@H]3[C@@](O)(C(=O)OC)[C@H](OC(C)=O)[C@]5(CC)C=CCN6CC[C@]43[C@@H]65)C2)C1,0.725,0.1985,False,False
YOQNZWXFGROKGY,COC(=O)[C@@]12C[C@@]3(C=CCN4CC[C@@]5(c6ccccc6N[C@@]15O)[C@@H]43)[C@H](C)O2,0.6689,0.2065,False,False
OGWKCGZFUXNPDA,CC[C@]1(O)C[C@H]2CN(CCc3c([nH]c4ccccc34)[C@@](C(=O)OC)(c3cc4c(cc3OC)N(C=O)[C@H]3[C@@](O)(C(=O)OC)[C@H](OC(C)=O)[C@]5(CC)C=CCN6CC[C@]43[C@@H]65)C2)C1,0.7067,0.1955,False,False
GTYHMLPTHUKXMG,CCC12C=CCN3CCC4(c5cc(Cc6cc7c(cc6OC)N(C)C6C(O)(C(=O)OC)C(OC(C)=O)C8(CC)C=CCN9CCC76C98)c(OC)cc5N(C)C4C(O)(C(=O)OC)C1OC(C)=O)C32,0.651,0.2,False,False
CXBGOBGJHGGWIE,CC[C@]12C=CCN3CC[C@@]4(c5ccc(OC)cc5N(C)[C@H]4[C@@](O)(C(=O)OC)[C@@H]1OC(C)=O)[C@@H]32,0.6696,0.2292,False,False
SASWULSUPROHRT,CC[C@]12C=CCN3CC[C@@]4(c5ccccc5N(C)[C@H]4[C@@](O)(C(=O)OC)[C@@H]1OC(C)=O)[C@@H]32,0.6555,0.2118,False,False
LPGWZGMPDKDHEP,CC[C@]12CN3CCc4c([nH]c5ccccc45)[C@@](C(=O)OC)(c4cc5c(cc4OC)N(C)[C@H]4[C@@](O)(C(=O)OC)[C@H](OC(C)=O)[C@]6(CC)C=CCN7CC[C@]54[C@@H]76)C[C@@H](C3)[C@H]1O2,0.7233,0.1967,False,False
DDNCQMVWWZOMLN,CCOC(=O)C1=C[C@]2(CC)CCCN3CCc4c(n1c1ccccc41)[C@@H]32,0.5833,0.2597,False,False
ZAKOWWREFLAJOT,CC(=O)Oc1c(C)c(C)c2c(c1C)CC[C@@](C)(CCC[C@H](C)CCC[C@H](C)CCCC(C)C)O2,0.7611,0.2639,False,False
YRLFKJGWNBEAJL,CCCCCCCCC/C=C\C/C=C\CO,0.6332,0.3571,False,True
RDDWCQFLBRGIKJ,Cc1c(C)c2c(c(C)c1OC1OC(C(O)CO)C(O)C1O)CCC(C)(CCCC(C)CCCC(C)CCCC(C)C)O2,0.8183,0.2118,False,False
LBHQTVBKPMHICN,CCCCCCCC/C=C\CCCCCCCCCC(N)=O,0.6504,0.3182,False,True
ZGPPERKMXSGYRK,CC(C)=CCCC(C)CCOC(=O)C(C)C,0.5367,0.2308,False,False
NUYDBDGECBIUPJ,O=C1OC(C(O)C(O)C(O)CO)C(O)C1O,0.4348,0.1607,False,False
GHUHROYSNXYBRE,O=C(O)C1=CC(C=CN2c3cc(O)c(O)cc3CC2C(=O)O)CC(C(=O)O)=N1,0.6933,0.2133,False,False
MPMOZJNSLITZSA,COc1cc(C=CC(=O)O[C@H]2[C@H](O[C@H]3[C@H](Oc4cc5c(cc4O)[N+](=C/C=C4/C=C(C(=O)O)NC(C(=O)O)C4)C(C(=O)[O-])C5)O[C@H](CO)[C@@H](O)[C@@H]3O)OC(C(=O)O)[C@@H](O)[C@@H]2O)ccc1O,0.6129,0.2982,False,False
RMLPZKRPSQVRAB,Cc1cccc(OP(=O)(Oc2cccc(C)c2)Oc2cccc(C)c2)c1,0.5283,0.3265,False,True
FPIOBTBNRZPWJW,COc1ccc(-c2coc3cc(O)cc(O)c3c2=O)cc1O,0.615,0.3571,False,True
VZFRNCSOCOPNDB,CC(=CC=CC(C)C(=O)O)C1CNC(C(=O)O)C1CC(=O)O,0.4892,0.1688,False,False
XTEQSOAKCFOJOI,COc1cccc(N2C(=O)CSC2c2cccc(NC(C)=O)c2)c1,0.5938,0.4355,True,True
WXSKVKPSMAHCSG,O=C(O)C(=O)CC(O)C(=O)O,0.5381,0.2105,False,False
GVVXPMORGFYVOO,COc1cc2c(cc1O)CC1NCCc3cc(OC)c(OC)c-2c31,0.5472,0.2742,False,False
ZFLRVRLYWHNAEC,COc1cc2c(cc1O)C[C@H]1c3c(cc(OC)c(OC)c3-2)CCN1C,0.5271,0.2742,False,False
RZFPYTZZSXAWPH,COc1cc(OC)c(C(=O)CCc2ccccc2)c(O)c1O,0.3185,0.3721,False,True
INZGRPLRNMWDQV,COc1cc(O)c(Cc2c(O)cccc2O)c(O)c1C(=O)C=Cc1ccccc1,0.6002,0.386,False,True
DAAVAQORZATFQC,COc1c(C)c(O)c(C=O)c2c1C(O)CC(c1ccccc1)O2,0.5683,0.2969,False,False
RDOXTESZEPMUJZ,COc1ccccc1,0.1667,0.4194,True,True
BZUHSQFJABFAHL,COc1ccccc1COC(=O)c1ccccc1,0.6034,0.3636,False,True
HAIHGFWQOPJMPV,Cc1c(O)c(C)c2c(c1O)C(=O)CC(c1ccccc1)O2,0.5253,0.3284,False,True
PQZXFPBMXPGZMO,COc1c(C)c(O)c2c(=O)cc(-c3ccccc3)oc2c1C,0.32,0.6522,True,True
BGDQCKOAZKTOFV,C=CC1(C)CCC=CC1C(=C)C,0.5204,0.1746,False,False
TXZFBUWNWNHMCS,Cc1c(O)c(C=O)c2oc(-c3ccccc3)cc(=O)c2c1O,0.34,0.4902,True,True
ONESXBRHUWVWFD,Cc1c(O)c(C=O)c2c(c1O)C(=O)C[C@@H](c1ccccc1)O2,0.4537,0.3239,False,True
LCGLNKUTAGEVQW,COC,0.32,0.1429,False,False
SIVAITYPYQQYAP,COc1cc2oc(-c3ccccc3)cc(=O)c2c(O)c1OC,0.2433,0.6364,True,True
ZTHLHHDJRXJGRX,COc1cc2oc(-c3ccccc3)cc(=O)c2c(O)c1O,0.2517,0.619,True,True
IGNBNJUVMNCTNB,Cc1c(O)c(C=O)c(O)c2c(=O)cc(-c3ccccc3)oc12,0.355,0.4902,True,True
LQHGGFQNRNEFIG,COc1cc(O)c(Cc2ccccc2O)c(O)c1C(=O)CCc1ccccc1,0.6967,0.3077,False,True
HNNQYJPDMHXZMQ,CC(C)[C@@H]1CC[C@]2(C)[C@H]1[C@@H]1[C@H]2CC[C@]1(C)O,0.5386,0.1667,False,False
FVEMXQCEJGGXJB,COc1ccc(C[C@H]2NCCc3cc(OC)c(O)cc32)cc1O,0.4121,0.2742,False,False
RXFZCBZCGBDPDT,CCC/C=C/CCC(C)=O,0.5252,0.2667,False,False
UUIORUQWCRSGJS,C=C=CBr,0.4538,0.069,False,False
AKEYUWUEAXIBTF,CNc1cccc2ccccc12,0.4469,0.2826,False,False
WOJLIQAMSIVQQZ,CC1=CCC(C)(S(=O)(=O)O[C@H]2CC[C@@](C)(O)[C@@H]3[C@H]4C(C)[C@@H]4CC[C@]23C)C=C1,0.6358,0.1977,False,False
SXDGNLAJFYRAOG,CC1=CCC2C3C1CCC3(C)CC2(C)C,0.6817,0.1967,False,False
NKRBAUXTIWONOV,C=CC(OC(C)=O)c1ccc(OC(C)=O)c(OC)c1,0.335,0.2963,False,False
GKYVDAMMLMMJGZ,C=CC(O)c1ccc(OC(C)=O)cc1,0.2575,0.3404,False,True
FHUFRZCNYKLOQQ,Cc1c(C)c(=O)c2cc3cc4cc5c(=O)c(C)c(C)c(=O)c5cc4cc3cc2c1=O,0.4783,0.234,False,False
CRFUBNRBRCLIIV,C=CC/C=C/C(C)O,0.2871,0.2174,False,False
FOBAEHIPCFVYAR,CCCCC=CCC(C)=O,0.4517,0.3721,False,True
DDDLGRSAXDMACD,CCC(CC)(C(C)=O)C(C)=C(C)C,0.34,0.1707,False,False
BBGNINPPDHJETF,CCCCCCCCCCCCCCCCCc1cc(O)cc(O)c1,0.4573,1.0,True,True
HNJTVIULRWWZKQ,CCCCCCc1c2cc3c(=O)c(C)c(C)c(=O)c3cc2c(CCCCCC)c2cc3c(=O)c(C)c(C)c(=O)c3cc12,0.6187,0.3714,False,True
UQCQCKYXOVENII,COc1ccc2c3c(cnc2c1)[C@@H]1CCC(=O)[C@@]1(C)CC3,0.6511,0.2603,False,False
GVQOVMKBYJKZSY,CC(C)=CCc1c(O)c(CC=C(C)C)c2oc3c(O)cccc3c(=O)c2c1O,0.4483,0.4032,True,True
IBIDFEWDKNJSRD,O=C(O)c1ccc2c(c1)Cc1ccccc1-2,0.3587,0.2857,False,False
WDIRTEJWYGLLSB,CC1CCCC23OC2CC2C(C2(C)C)C13C,0.7308,0.1803,False,False
WYQVAPGDARQUBT,C[C@H]1[C@H](C)CC[C@]2(C(=O)O[C@@H]3O[C@H](CO[C@@H]4O[C@H](CO)[C@@H](O[C@@H]5O[C@@H](C)[C@H](O)[C@@H](O)[C@H]5O)[C@H](O)[C@H]4O)[C@@H](O)[C@H](O)[C@H]3O)CC[C@]3(C)C(=CC[C@@H]4[C@@]5(C)C[C@@H](O)[C@H](O)[C@@](C)(CO)[C@@H]5CC[C@]43C)[C@H]12,0.8472,0.5401,True,True
NNWMHSNRRWMMBI,C[C@@H]1O[C@@H](O[C@H]2[C@H](O)[C@@H](O)[C@H](OC[C@H]3O[C@@H](OC(=O)[C@]45CCC(C)(C)C[C@H]4C4=CC[C@@H]6[C@@]7(C)C[C@@H](O)[C@H](O)[C@@](C)(CO)[C@@H]7[C@H](O)C[C@@]6(C)[C@]4(C)CC5)[C@H](O)[C@@H](O)[C@@H]3O)O[C@@H]2CO)[C@H](O)[C@H](O)[C@H]1O,0.8717,0.5522,True,True
WUEBMGULUIGVLC,C=Cc1ccccc1C(C)C=C,0.4125,0.2391,False,False
OBSPVONVWCVMCK,O=C(C=Cc1ccc(O)cc1)Oc1c(-c2ccc(O)cc2)oc2cc(O)cc(O)c2c1=O,0.4817,0.4265,True,True
ZYPUEOGJHLWGGM,C[C@H]1[C@H](C)CC[C@]2(C(=O)O[C@@H]3O[C@H](CO[C@@H]4O[C@H](CO)[C@@H](O[C@@H]5O[C@@H](C)[C@H](O)[C@@H](O)[C@H]5O)[C@H](O)[C@H]4O)[C@@H](O)[C@H](O)[C@H]3O)CC[C@]3(C)C(=CC[C@@H]4[C@@]5(C)CC[C@H](O)[C@@](C)(CO)[C@@H]5[C@H](O)C[C@]43C)[C@H]12,0.8406,0.4965,True,True
UKZNRIQOGQPWHP,C[C@@H]1O[C@@H](O[C@H]2[C@H](O)[C@@H](O)[C@H](OC[C@H]3O[C@@H](OC(=O)[C@]45CCC(C)(C)CC4=C4CC[C@@H]6[C@@]7(C)C[C@@H](O)[C@H](O)[C@@](C)(CO)[C@@H]7CC[C@@]6(C)[C@]4(C)CC5)[C@H](O)[C@@H](O)[C@@H]3O)O[C@@H]2CO)[C@H](O)[C@H](O)[C@H]1O,0.8206,0.4577,True,True
JSQCMNXZFPMWES,CC1CCC2(C(=O)OC3OC(COC4OC(CO)C(O)C(O)C4O)C(O)C(O)C3O)CCC3(C)C(=CCC4C5(C)CC(O)C(O)C(C)(CO)C5C(O)CC43C)C2C1C,0.8272,0.4366,True,True
SOOVZDUBVGGAAJ,CC1CCC2(C(=O)OC3OC(COC4OC(CO)C(OC5OC(C)C(O)C(O)C5O)C(O)C4O)C(O)C(O)C3O)CCC3(C)C(=CCC4C5(C)CC(O)C(O)C(C)(C)C5C(O)CC43C)C2C1C,0.8472,0.4929,True,True
POOVYWIYTSHEES,O=C(C=Cc1ccccc1)O[C@@H]1[C@@H](O)[C@H](O)[C@@H](CO)O[C@H]1O,0.5141,0.3051,False,True
CGHSLDCVYVQRJG,CC1=CCCC(C)(C)C1/C=C/C(C)=C\C=C\C(C)=C\C=C\C=C(C)/C=C/C=C(C)/C=C/C=C(/C)CCC1OC1(C)C,0.6267,0.1923,False,False
ZQSUAGVTKAZDJV,COc1cc(CO)c(-c2ccc3c(c2O)[C@@H](C)N[C@H](C)C3)c2cccc(O)c12,0.5483,0.254,False,False
IZEKFCXSFNUWAM,OCCN(CCO)c1nc(N2CCCCC2)c2nc(N(CCO)CCO)nc(N3CCCCC3)c2n1,0.4228,0.2222,False,False
VVZWHOMBDMMRSC,COc1cc(-c2oc3cc(O)cc(O)c3c(=O)c2O[C@@H]2OC(C(=O)O)[C@@H](O)[C@H](O)[C@H]2O)ccc1O,0.69,0.7302,True,True
YJGVMLPVUAXIQN,COc1cc([C@@H]2c3cc4c(cc3[C@H](O)C3COC(=O)C32)OCO4)cc(OC)c1OC,0.5352,0.2692,False,False
BWIBVXYIDIZYFJ,CCC(CC)CCC(CC)OC(=O)C(=O)OC(CC)CCC(CC)CC,0.6366,0.1961,False,False
BVWDUTYWOIINQI,O=C(O)CC(=O)OCC1O[C@@H](Oc2cc3c(O)cc(O[C@@H]4OC(COC(=O)c5ccc(O[C@@H]6OC(CO)[C@@H](O)[C@H](O)C6O)cc5)[C@@H](O)[C@H](O)C4O)cc3[o+]c2-c2ccc(O)cc2)C(O)[C@@H](O)[C@@H]1O,0.7037,0.3299,False,True
XLZUBCUKXQFBKB,O=C(O)CC(=O)OC[C@H]1O[C@@H](Oc2cc3c(O)cc(O)cc3[o+]c2-c2ccc(O)cc2)[C@H](O)[C@@H](O)[C@@H]1O,0.652,0.3,False,True
LGOPJRNHNGETGG,C[C@@H]1O[C@@H](O[C@H]2[C@H](O)[C@@H](O)[C@H](OC[C@H]3O[C@@H](OC(=O)[C@]45CCC(C)(C)C[C@H]4C4=CC[C@@H]6[C@@]7(C)C[C@@H](O)[C@H](O)[C@@](C)(CO)[C@@H]7CC[C@@]6(C)[C@]4(C)CC5)[C@H](O)[C@@H](O)[C@@H]3O)O[C@@H]2CO)[C@H](O)[C@H](O)[C@H]1O,0.8739,0.6124,True,True
VUKYFJWPBAAZAU,COc1cc(CC2C(O)OCC2C(O)c2ccc(O)c(OC)c2)ccc1O,0.315,0.4237,True,True
KCODNVFFXXYJPA,COc1cc(/C=C/COC(C)=O)ccc1OC(C)=O,0.2717,0.4419,True,True
SPFBVQWRJFUDBB,CC(=O)O[C@@H]1[C@@H](O)[C@H](C)O[C@@H](O[C@@]2(C)C[C@H](C=C(C)C)O[C@]34C[C@]5(CO3)[C@H](CC[C@@H]3[C@@]6(C)CC[C@H](O[C@@H]7OC[C@H](O[C@@H]8O[C@@H](C)[C@H](O)[C@@H](O)[C@H]8O)[C@H](O)[C@H]7O)C(C)(C)[C@@H]6CC[C@]35C)[C@H]42)[C@@H]1OC(C)=O,0.8283,0.359,False,True
GQGMJHMGQNIKKD,O=C(C=Cc1ccc(O)c(O)c1)Oc1c(-c2ccc(O)c(O)c2)oc2cc(O)cc(O)c2c1=O,0.5176,0.4286,True,True
PRAUVHZJPXOEIF,C[C@H]1[C@H](C)CC[C@]2(C(=O)O)CC[C@]3(C)C(=CC[C@@H]4[C@@]5(C)C[C@@H](O)[C@H](O)[C@@](C)(CO)[C@@H]5[C@H](O)C[C@]43C)[C@H]12,0.805,0.3875,False,True
BNMGUJRJUUDLHW,C[C@H]1[C@H](C)CC[C@]2(C(=O)O[C@@H]3O[C@H](CO[C@@H]4O[C@H](CO)[C@@H](O[C@@H]5O[C@@H](C)[C@H](O)[C@@H](O)[C@H]5O)[C@H](O)[C@H]4O)[C@@H](O)[C@H](O)[C@H]3O)CC[C@@]3(C)C(=CC[C@@H]4[C@@]5(C)C[C@@H](O)[C@H](O)[C@@](C)(CO)[C@@H]5[C@H](O)C[C@]43C)[C@H]12,0.8439,0.5,True,True
ZZTYPLSBNNGEIS,C[C@@H]1CC[C@]2(C(=O)O)CC[C@]3(C)C(=CC[C@@H]4[C@@]5(C)CC[C@H](O)C(C)(C)[C@@H]5CC[C@]43C)[C@@H]2[C@]1(C)O,0.8083,0.5294,True,True
IIOLXIVFODJEDX,CC(=O)OC1CC=CCC1,0.4067,0.22,False,False
BDRRAMWDUCXAKG,COc1cc(C(C)O)ccc1O,0.2417,0.3902,False,True
HOPFDHGWBPPFHV,[CH3][SnH3],0.355,0.0714,False,False
XBMYITJFLVDXEE,CCOP(=O)(OCC)OC(C)=CC(=O)OC(C)c1ccccc1,0.615,0.2807,False,False
BITYXLXUCSKTJS,CC(C)C(O)(CC(=O)O)C(=O)O,0.3933,0.2051,False,False
IMDKUSBWMYZSBV,Cc1nc(NCCO)nc(NCCO)n1,0.507,0.2157,False,False
SCJNCDSAIRBRIA,CCCCC/C=C\C/C=C\C/C=C\C/C=C\CCCC(=O)NCCCl,0.7484,0.5,True,True
PDTCYIZPTRRYOT,COC(=O)CCc1ccc(O)c(OC)c1,0.3433,0.4348,True,True
NKCVHIPHZCIEFC,OC(COc1ccccc1)COc1ccccc1,0.2783,0.4,True,True
ACSWAJLDOHJFNA,COc1ccc(CCNC(=O)C=Cc2ccc(O)c(OC)c2)cc1O,0.2867,0.549,True,True
CFBPOLLJQOANPF,CCCCCCCCCCCCCCCCCCCCCCCCCCCCCCCCCCCCCCCCCCCCCCCC,0.5118,0.3636,False,True
MFTHIYPESIICAN,CC/C(=C\c1c[nH]c2ccccc12)[N+](=O)[O-],0.3839,0.3958,False,True
SMSHIXOEBWOYJS,c1ncc2c(n1)CCCC2,0.4997,0.1864,False,False
OWOQYTURIBDOED,CC(C)(O)CC[C@@H](O)[C@](C)(O)[C@H]1CC[C@@]2(O)C3=C(CC[C@]12C)[C@@]1(C)C[C@H](O)[C@H](O)C[C@@]1(O)C(=O)C3,0.7267,0.1975,False,False
IECSWTFJOUGQFO,O=C1OC(=O)c2c(O)cc(=O)c(O)cc21,0.3517,0.2439,False,False
NADCVNHITZNGJU,CC(C)=CCc1c(O)cc(O)c2c(=O)c(O)c(-c3ccc(O)cc3)oc12,0.3617,0.4627,True,True
IUYCKYXEGRHRME,CC/C=C/CCOC(=O)CCCCCCCC,0.645,0.28,False,False
HNICUWMFWZBIFP,CCCCC[C@H](O)/C=C/C=C\CCCCCCCC(=O)O,0.6976,0.2545,False,False
AOMSZPHVLAYYRN,C=CC1CC2N=NC1(C)C2(C)C,0.5526,0.1351,False,False
XMJTYEFKPRULHO,CC(C)=CCC/C(C)=C/CC/C(C)=C/CC/C(C)=C/COC[C@@H](CO)OC/C=C(\C)CC/C=C(\C)CC/C=C(\C)CCC=C(C)C,0.5583,0.2778,False,False
FEGVSPGUHMGGBO,COc1ccccc1/C=C/C(=O)O,0.2951,0.4524,True,True
VTCDZPUMZAZMSB,COc1cc(O)cc(OC)c1OC,0.4517,0.5385,True,True
POQJHLBMLVTHAU,Cc1ccc(C=O)cc1C,0.36,0.2821,False,False
JVGVDSSUAVXRDY,O=C(O)C(O)Cc1ccc(O)cc1,0.3738,0.3684,False,True
OQYZCCKCJQWHIE,O=C(O)CCCCCCC(O)CC(=O)O,0.5504,0.2609,False,False
CJXMVKYNVIGQBS,O=CC=Cc1ccc(O)cc1,0.2672,0.4062,True,True
JHGVFGJXFVIYSM,CCCCCC=CC(O)C(O)C(O)CCCCCCCC(=O)O,0.7204,0.2679,False,False
NTVFQBIHLSPEGQ,CCCCCC(O)/C=C/C(O)C(O)CCCCCCCC(=O)O,0.634,0.2364,False,False
NPDSHTNEKLQQIJ,CCCCC/C=C/C=C/C(O)CCCCCCCC(=O)O,0.6976,0.2545,False,False
QDWMZGNQFSIPKO,COc1cc2oc(=O)ccc2cc1C(C)=O,0.3417,0.3621,False,True
OOCSVLHOTKHEFZ,CCCCCCCCCCCCCCCCCCCC(N)=O,0.529,0.3,False,True
OTKQNSSMCDLVQV,CCCCOC(=O)C(C)CC,0.385,0.2826,False,False
OUWRASYSJBAWAF,CC1C(=O)CC2C[C@]3(C)CCC(C)(C)C3C21,0.5911,0.1864,False,False
WIFHAKQJYHVTQK,CC1=C(C(C)CO)C[C@@]2(O)[C@@]3(C)CC(=O)O[C@@]4([C@H](O)[C@@H](C)CC[C@]34O)[C@@]12O,0.6723,0.2162,False,False
LIGPZBKBGCJTGC,CC(CO)[C@@]1(O)C[C@@]2(O)[C@@]3(C)C[C@]4(O)O[C@@]5([C@H](O)[C@@H](C)CC[C@]35O)[C@@]2(O)[C@@]41C,0.6694,0.1772,False,False
IDQUPXZJURZAGF,COc1cc2c3c(c1O)-c1c(ccc(OC)c1OC)C[C@@H]3N(C)CC2,0.5517,0.2623,False,False
FKWGZOFNSIESOX,C=C(CO)[C@@H]1CC[C@@]2(C)CCCC(=C)[C@@H]2C1,0.6594,0.2239,False,False
RBCYRZPENADQGZ,COc1cc(COC(=O)CCCCCCC(C)C)ccc1O,0.5641,0.3571,False,True
NMHMNPHRMNGLLB,O=C(O)CCc1ccc(O)cc1,0.4167,0.4333,True,True
HAFGDDFWCDLGEW,CCCCCCCCCCCCCCC(O)(O)C(=O)O,0.4376,0.2647,False,False
ALLXCKCJCMUAEH,CCCCCCCCCCCCCCCC(=O)C(O)C(=O)O,0.5247,0.2826,False,False
DIRSQLKNZQKDBK,CCCC(CCC)(C(=O)O)C(=O)O,0.2967,0.1905,False,False
DGXRZJSPDXZJFG,O=C(O)CCCCCCCCCCCCCCCCCCCCC(=O)O,0.3804,0.3333,False,True
TVIDDXQYHWJXFK,O=C(O)CCCCCCCCCCC(=O)O,0.3804,0.3333,False,True
JJOJFIHJIRWASH,O=C(O)CCCCCCCCCCCCCCCCCCC(=O)O,0.3804,0.3333,False,True
REJINNCRBQIDGI,CCCCCCCCCCCCCCCCC/C=C/C(N)=O,0.6471,0.3182,False,True
XEJYCWVISZMIDA,CCCCCCCCCC/C=C\CCCCCCCC(=O)OC,0.6623,0.3556,False,True
PWLXTFFHCFWCGG,O=C(O)CCCCCCCCCCCCCCCCCCCC(=O)O,0.3804,0.3333,False,True
YVGIZDMMJNFWGS,CCCCCCCCCCCCCCCCCCCCC(N)=O,0.529,0.3,False,True
AUEJCEAEQCBPFZ,CCCCCCCCCCCC=CC=CCC(=O)O,0.6853,0.3043,False,True
QCNWZROVPSVEJA,O=C(O)CCCCCCCCCCCCCCCC(=O)O,0.3804,0.3333,False,True
RSMKZDLGPGBIOF,CCCCCCCCCCCCCCC=CC(N)=O,0.6471,0.3182,False,True
QQHJDPROMQRDLA,O=C(O)CCCCCCCCCCCCCCC(=O)O,0.3804,0.3333,False,True
PPYYVFBDKRFTDQ,COC(=O)CCCCCCCCCCCCCCC(=O)O,0.4502,0.3333,False,True
UYQGVDXDXBAABN,CC/C=C\C[C@@H](/C=C/C=C\CCCCCCCC(=O)O)OO,0.6928,0.2333,False,False
SEUIXDUVXOAFSY,CCCCCCCCCCCCCCCC=C(OO)C(=O)O,0.6897,0.2766,False,False
ZJFLUASXSUPWNJ,O=C(O)CCCCCCCCCC(O)C(=O)O,0.552,0.2667,False,False
AFDSETGKYZMEEA,CCCCC/C=C\C/C=C\CCCCCCC(O)C(=O)O,0.6319,0.3065,False,True
HOBCFUWDNJPFHB,c1ccn2cccc2c1,0.3867,0.3125,False,True
HFEZVKMFKXUREP,C=C1OC(=O)/C(=C\CCCCCCCCCCCCCCC)C1O,0.5671,0.2364,False,False
ILRSCQWREDREME,CCCCCCCCCCCC(N)=O,0.529,0.3,False,True
NHUOWASJBBPFMB,CC/C=C\C/C=C\C/C=C\CCCCCCCC(N)=O,0.6217,0.2833,False,False
AXCXHFKZHDEKTP,COc1ccc(/C=C/C=O)cc1,0.3667,0.5517,True,True
XNCRUNXWPDJHGV,CC(=Cc1ccccc1)C(=O)O,0.4933,0.4054,True,True
IFAWYXIHOVRGHQ,O=C(O)CCCCCCCCCCCCCCCCCC(=O)O,0.3804,0.3333,False,True
GHLZUHZBBNDWHW,CCCCCCCCC(N)=O,0.529,0.3,False,True
YIXPUAYMZURQJH,O=C(O)C=CCCCCCC(=O)O,0.5898,0.2609,False,False
KYVJVURXKAZJRK,COc1cc2c(cc1O)C[C@@H]1NCCc3cc(O)c(OC)c-2c31,0.5367,0.3,False,True
OHDQLTAYHMLRBA,COc1ccc2c(c1O)-c1c(OC)c(OC)cc3c1[C@H](C2)NCC3,0.5874,0.2533,False,False
SBLKVIQSIHEQOF,O=C(O)CCCCCCC/C=C\CCCCCCCC(=O)O,0.5332,0.2857,False,False
AJLNCCBKZPMARL,CCCCCCCC/C(I)=C(/I)CCCCCCCC(=O)O,0.5538,0.2889,False,False
HSJLNCQSUQWOTO,CCCC=CCC(=O)CCC(=O)O,0.5833,0.2222,False,False
NFSNEZHZCSDVLA,CCCCCCCCCCC=CC=CCC(=O)O,0.6853,0.3043,False,True
RQGCQWARLQDMCZ,CCCCCCCCCCCCCCC(N)=O,0.529,0.3,False,True
HOGWBMWOBRRKCD,CCCCCCCCCCCC/C=C/C(=O)O,0.635,0.3256,False,True
QXGVRGZJILVMDF,O=C(O)CCCCCCCCCCCCCCCCCCCCCCC(=O)O,0.3804,0.3333,False,True
QJXPRGZXRIIGOP,O=C(O)CCCCCCCCCCCCCCCCCCCCCC(=O)O,0.3804,0.3333,False,True
RSSGSPAYFRXVKG,CCCCCCCCCCCCC(N)=O,0.529,0.3,False,True
DXNCZXXFRKPEPY,O=C(O)CCCCCCCCCCCC(=O)O,0.3804,0.3333,False,True
LWBHHRRTOZQPDM,O=C(O)CCCCCCCCCC(=O)O,0.3804,0.3333,False,True
ORAACLXPCXANOZ,C=C1CC[C@@H]2[C@H]3[C@@H](C(C)C)[C@H](O)CC2(C)[C@H]13,0.6618,0.2154,False,False
CXFWEZQTIXOIEV,CCCCCCCCCC/C=C/c1ccc2c(c1)OCO2,0.5966,0.3529,False,True
CPJKKWDCUOOTEW,COc1cc([C@H]2OC[C@H]3[C@@H]2CO[C@H]3c2ccc(OC)c(OC)c2)ccc1O,0.19,0.4255,True,True
DFOCUWZXJBAUSQ,COc1cc2c3cc1Oc1c(OC)c(OC)cc4c1[C@@H](Cc1ccc(O)c(c1)Oc1ccc(cc1)C[C@@H]3N(C)CC2)N(C)CC4,0.5983,0.2436,False,False
LHIFPLJVJKKRTD,COc1ccc2cc1Oc1ccc(cc1)C[C@@H]1NCCc3cc(OC)c(cc31)Oc1c(OC)c(OC)cc3c1[C@H](C2)N(C)CC3,0.6988,0.2062,False,False
LTPVSOCPYWDIFU,COc1ccc(CCN)cc1,0.4254,0.3784,False,True
VZWWTHTUQTYAGH,CN1CCC(=C2c3ccccc3CSc3sccc32)CC1,0.5437,0.2353,False,False
RPIYNUXBYSWXNA,CO[C@H]1C[C@@H]2[C@@H](C(COC(=O)c3ccc(O)cc3)=C[C@H]2O)[C@H](O[C@@H]2O[C@H](CO)[C@@H](O)[C@H](O)[C@H]2O)O1,0.6353,0.2738,False,False
WOASFRNVXWEAHY,C[C@H]1[C@H](C)CC[C@]2(C(=O)O)CC[C@]3(C)[C@](O)(C=C[C@@H]4[C@@]5(C)C[C@@H](O)[C@@H](O)C(C)(C)[C@@H]5CC[C@]43C)[C@H]12,0.795,0.3171,False,True
CAWFCZIEFIQKRV,COc1ccc(/C=C/c2ccc(OC)cc2)cc1,0.2317,0.7727,True,True
PSQNZFFDWLQECV,COc1ccc(C2CC(=O)c3c(cc(OC)c(OC)c3O)O2)cc1O,0.5253,0.5072,True,True
MMTSVOIHKKKIHX,COc1ccc(C2CC(=O)c3c(O)cc(OC)c(OC)c3O2)cc1O,0.495,0.4167,True,True
QNVNLUSHGRBCLO,O=C(O)c1cc(O)cc(C(=O)O)c1,0.2569,0.4286,True,True
IUXOFSAPFXGQID,C[C@@]1(O)CC[C@H]2C(C(=O)O)=CO[C@H](O[C@H]3O[C@@H](COC(=O)c4ccc(O)cc4)[C@H](O)[C@@H](O)[C@@H]3O)[C@H]21,0.6587,0.2414,False,False
JPEZHEPTQWCTNM,COC1=CC(c2c(CO)c(C=O)cc3cc(OC)c(O)cc23)CCC1=O,0.555,0.2571,False,False
BTMNGQCCCWTUQH,COc1ccc(-c2cc(=O)c3c(O)c(OC)c(O)c(OC)c3o2)cc1O,0.3817,0.5294,True,True
RJWJHRPNHPHBRN,OCC1=C[C@@H](O)[C@@H]2C=CO[C@@H](O[C@@H]3O[C@H](CO)[C@@H](O)[C@H](O)[C@H]3O)[C@H]12,0.655,0.2658,False,False
SYLIRTRYLBYOBO,C=c1c(O)c(O)cc2c1=CC=C1[C@@]2(C)CC[C@@]2(C)[C@@H]3C[C@](C)(C(=O)O)CC[C@]3(C)CC[C@]12C,0.7439,0.2184,False,False
FLCVGMVLNHYJAW,COc1cc(O)c2c(=O)cc(-c3cc(OC)c(OC)c(OC)c3)oc2c1,0.44,0.4792,True,True
KLAOKWJLUQKWIF,COc1ccc(-c2cc(=O)c3c(O)c(OC)c(OC)cc3o2)cc1O,0.43,0.6087,True,True
LCYZOSVRKHROOX,Cc1coc2c1CC1(C)C(C)CCCC1C2,0.7617,0.1733,False,False
MQBFFYQCZCKSBX,COc1cc(-c2cc(=O)c3c(O)c(OC)c(OC)c(OC)c3o2)cc(OC)c1OC,0.2467,0.5102,True,True
QVAJYPUWQBUWLN,COc1cc(-c2c3c(cc4cc(OC)c(O)cc24)C(=O)NC3)ccc1O,0.5533,0.3333,False,True
KYSBNHJYXKDPHV,COc1c(O)ccc2cc(C=O)c(CO)c(C3=CC(OC)C(=O)CC3)c12,0.4387,0.2714,False,False
HBMMUGYRQKNIBQ,CC(=O)O[C@H]1CC[C@@]2(C)[C@@H](CC[C@@H](C)[C@]23CCC(=O)O3)C1(C)C,0.7733,0.4,True,True
FBWWXAGANVJTLU,CC(=O)O[C@@H]1C[C@@H](C)[C@](O)(CCC2=CC(=O)OC2)[C@@]2(C)CCCC(C)(C)[C@H]12,0.8044,0.25,False,False
GLACGTLACKLUJX,O=C(OCC1=C[C@H](O)[C@H]2C=CO[C@@H](OC3O[C@H](CO)[C@@H](O)[C@H](O)[C@H]3O)[C@@H]12)c1ccc(O)cc1,0.6667,0.2989,False,False
RHTZDFORBKRGQU,O=c1c(O)c(-c2ccc(O)c(O)c2)oc2c(O)c(O)ccc12,0.5,0.4878,True,True
LEJPLPFWLUXHCB,Oc1ccc(-c2[o+]c3cc(O)cc(O)c3cc2OC2OCC(O)C(O)C2O)cc1,0.4823,0.2703,False,False
PZYMRTAVKVZYMI,C/C=C1/CN2CC[C@@H]1[C@](C)(O)c1[nH]c3ccccc3c1C2,0.6133,0.2656,False,False
JZKSIYFJGCTTET,C/C=C1/CN2CC[C@@H]1[C@](CO)(C(=O)OC)c1[nH]c3ccccc3c1C2,0.5987,0.2466,False,False
QXJMCSBBTMVSJS,CC(=O)c1cc2ccccc2[nH]1,0.4267,0.375,False,True
RTPBIPZKKTUCRR,CC[C@@]12CC(C(=O)OC)C3=Nc4cc5c(cc4[C@@]34CCN(C[C@H]3O[C@H]31)[C@@H]24)[C@@H]1[C@H](O5)[C@@H](O)[C@@]2(CC)CC(C(=O)OC)C3=Nc4c(cc(O)c(OC)c4OC)[C@@]34CCN1[C@@H]24,0.785,0.1789,False,False
DBGBUYFOJXOYNY,CC=C1CN2CCC1C(=O)c1[nH]c3ccccc3c1C2,0.4583,0.3448,False,True
LCVACABZTLIWCE,C=C1c2[nH]c3ccccc3c2CN2CCC1C(=CC)C2,0.5317,0.3448,False,True
XUDAGNVXWJRKJD,CC[C@@]12CCc3c(c4ccccc4n3C)CCN(C[C@H]3O[C@H]31)C2,0.725,0.2105,False,False
LRLCVRYKAFDXKU,CC[C@H]1C[C@@H]2C[C@H]3c4[nH]c5ccccc5c4CCN(C2)[C@@H]13,0.6647,0.3016,False,True
XGWIRMWTCWJZPG,COC(=O)[C@@]12C[C@H]3C[C@H]([C@@H](C)O)[C@@H]1N(CCc1c2[nH]c2cc(OC)ccc12)C3,0.624,0.2674,False,False
WBGUTGOSUBJTJZ,Cc1[nH]ccc2c(C)c3nc4ccccc4c3cc12,0.4752,0.2549,False,False
LZFOPEXOUVTGJS,COc1cc(C=CCO)cc(OC)c1O,0.3517,0.4444,True,True
VCMIRXRRQJNZJT,C/C=C1/CN(C)[C@@H]2Cc3c([nH]c4ccccc34)[C@@H](c3cc4[nH]c5c(c4cc3OC)CCN3C[C@H]4C[C@H](CC)[C@H]3[C@@]5(C(=O)OC)C4)C[C@@H]1C2C(=O)OC,0.7183,0.2097,False,False
MMAYTCMMKJYIAM,CC[C@H]1C[C@@H]2CN3CCc4c([nH]c5ccc(OC)cc45)[C@](C(=O)OC)(C2)[C@H]13,0.6396,0.2892,False,False
OGDFTQDRHAGLTB,CC[C@@]12CCc3[nH]c4ccccc4c3CCN(C[C@H]3O[C@H]31)C2,0.6389,0.2879,False,False
ZTCJOOIYHFZAQO,CCC12CCC3=Nc4ccccc4C3(O)CCN(CC3OC31)C2,0.7033,0.2,False,False
AAOFJKLTRKOQTQ,COc1cc(OC)c(C(C)=O)c(O)c1C,0.5567,0.3889,False,True
MGIQTXDHQJGPEZ,C=C1CC/C=C(\CO)CC[C@@H]2[C@@H]1CC2(C)C,0.6367,0.209,False,False
BNIJVJLOOJVDGU,C/C1=C\CC(C)(C)/C=C/C/C(CO)=C/CC1,0.6953,0.197,False,False
GKSGTWUNURZTKD,COc1cc(O)c(C(C)=O)c(O)c1,0.4569,0.4118,True,True
SUBZWRYOAOVYOC,COc1cc2c(=O)oc3c(OC)c(O)cc4c(=O)oc(c1O)c2c34,0.27,0.42,True,True
GKFGIOHHEZGRBP,O=C(CO)[C@](O)(C(=O)c1cc(O)c(O)c(O)c1)[C@H](O)[C@H](O)CO,0.4267,0.2889,False,False
AWMNMVKFFWMAAM,O=C1C(O)c2c(O)cc(O)cc2OC1c1cc(O)c(O)c(O)c1,0.3794,0.3382,False,True
SUTUBQHKZRNZRA,COc1cc(O)c2c(=O)cc(C)oc2c1,0.2303,0.5897,True,True
SVTBMSDMJJWYQN,CC(O)CC(C)(C)O,0.385,0.2,False,False
CILLXFBAACIQNS,COc1cc(-c2[o+]c3cc(O)cc(O[C@@H]4O[C@H](CO)[C@@H](O)[C@H](O)[C@H]4O)c3cc2O[C@@H]2O[C@H](CO)[C@@H](O)[C@H](O)[C@H]2O)cc(OC)c1O,0.6287,0.3333,False,True
JEUXKMNBLUZESY,COc1cc(-c2[o+]c3cc(O)cc(O)c3cc2OC2OC(CO)C(O)C(OC3OC(CO)C(O)C(O)C3O)C2O)cc(OC)c1O,0.6003,0.3034,False,True
DBJVUXSMCARDEQ,COc1cc(-c2[o+]c3cc(O)cc(O)c3cc2OC2OC(COC3OC(CO)C(O)C(O)C3O)C(O)C(O)C2O)cc(O)c1O,0.6103,0.3,False,True
QLJNETOQFQXTLI,COc1cc([C@H]2OC[C@H]3[C@@H]2CO[C@@H]3c2ccc(O[C@@H]3O[C@H](CO)[C@@H](O)[C@H](O)[C@H]3O)c(OC)c2)ccc1O,0.565,0.3544,False,True
GIHNOWFSKYCHNL,CCCCC(=O)OC(C)(C)C1CC=C(C)CC1,0.5075,0.2581,False,False
FAKRSMQSSFJEIM,CC(CS)C(=O)N1CCCC1C(=O)O,0.7367,0.3667,False,True
FLASNYPZGWUPSU,COC(=O)N[C@H]1[C@H](O[C@H]2[C@H](O)[C@@H](N)[C@H](O[C@H]3[C@H](O)[C@@H](N)[C@H](O)O[C@@H]3CO)O[C@@H]2CO)O[C@H](CO)[C@@H](O[C@@H]2O[C@H](CO)[C@@H](O[C@@H]3O[C@H](CO)[C@@H](O[C@@H]4O[C@H](CO)[C@@H](O[C@@H]5O[C@H](CO)[C@@H](O[C@@H]6O[C@H](CO)[C@@H](O[C@@H]7O[C@H](CO)[C@@H](O)[C@H](O)[C@H]7N)[C@H](O)[C@H]6N)[C@H](O)[C@H]5N)[C@H](O)[C@H]4N)[C@H](O)[C@H]3N)[C@H](O)[C@H]2N)[C@@H]1O,0.6517,0.2133,False,False
TUZYXOIXSAXUGO,CCC(C)C(=O)O[C@H]1C[C@H](O)C=C2C=C[C@H](C)[C@H](CC[C@@H](O)C[C@@H](O)CC(=O)O)[C@H]21,0.6703,0.2353,False,False
FEAJKDLCGUYWFP,CC(=O)O[C@H]1CC[C@]2(C)[C@H](CC[C@@]34O[C@@H]3C3=C(C)C(=O)O[C@@H]3C[C@@H]24)C1(C)C,0.77,0.2632,False,False
WDPSZJMRQVJIBN,CC(=O)O[C@H]1CC[C@]2(C)[C@H](CC[C@@]34O[C@@H]3C3=C(C)C(=O)O[C@@]35O[C@H]5[C@@H]24)C1(C)C,0.8233,0.2375,False,False
HFNIATQIKQCDMZ,COc1ccc(-c2cc(=O)c3c(O)c(O[C@@H]4O[C@H](CO)[C@@H](O)[C@H](O)[C@H]4O[C@@H]4O[C@@H](C)[C@H](O)[C@@H](O)[C@H]4O)c(OC)cc3o2)cc1,0.5137,0.3514,False,True
FLNGHKQBVLFAGJ,COc1ccc(-c2cc(=O)c3c(O)c(O[C@@H]4O[C@H](CO)[C@@H](O)[C@H](O)[C@H]4O[C@@H]4OC[C@@H](O)[C@H](O)[C@H]4O)c(OC)cc3o2)cc1,0.5287,0.3467,False,True
SOVOCMGDFRGRKF,CC1=C2[C@H]3O[C@]34CC[C@@H]3C(C)(C)CCC[C@@]3(C)[C@@H]4[C@H]3O[C@@]23OC1=O,0.775,0.1972,False,False
ZDFUASMRJUVZJP,CC1(C)CC[C@]2(C)CC[C@]3(C)C4=CC[C@H]5C(C)(C)[C@@H](O)CC[C@]5(C)[C@H]4CC[C@@]3(C)[C@@H]2C1,0.7717,0.4848,True,True
YHKROSUJLZTZDS,CC(CC[C@@]1(O)OC2CC3C4CC=C5CC(O[C@@H]6O[C@H](CO)[C@@H](O[C@@H]7O[C@@H](C)[C@H](O[C@@H]8O[C@@H](C)[C@H](O)[C@@H](O)[C@H]8O)[C@@H](O)[C@H]7O)[C@H](O)[C@H]6O[C@@H]6O[C@@H](C)[C@H](O)[C@@H](O)[C@H]6O)CCC5(C)C4CCC3(C)C2[C@@H]1C)CO[C@@H]1O[C@H](CO)[C@@H](O)[C@H](O)[C@H]1O,0.7417,0.2798,False,False
BGGIZHKHJBQRTI,CO[C@H]1[C@H](O[C@H]2CC[C@]3(C=O)[C@H]4CC[C@]5(C)[C@@H](C6=CC(=O)OC6)CC[C@]5(O)[C@@H]4CC[C@]3(O)C2)O[C@H](C)[C@H](O)[C@@H]1OC,0.7358,0.184,False,False
BQBSHJUQVIWEFM,CN(CCc1ccc(Cl)c(Cl)c1)CC(O)COc1ccc(NS(C)(=O)=O)cc1,0.5617,0.2857,False,False
KYTDBKDWDOVRLJ,COC12C[C@]34CCCN3CC(O1)c1cc3c(cc1[C@@H]4[C@@H]2O)OCO3,0.6837,0.1975,False,False
GSPIMPLJQOCBFY,COc1cc2c(c(O)c1OC)[C@@H]1Cc3ccc(OC)c(OC)c3CN1CC2,0.5833,0.2656,False,False
RARWEROUOQPTCJ,COC1=C[C@]23CCc4ccc(OC)c(O)c4[C@]2(CCN3C)CC1=O,0.5517,0.2368,False,False
YYFOFDHQVIODOQ,COc1cc2c(cc1O)-c1cc3ccc(OC)c(OC)c3c[n+]1CC2,0.5817,0.2903,False,False
DIHXHTWYVOYYDC,COc1cc2c(cc1OC)C1Cc3ccc(O)c(OC)c3CN1CC2,0.55,0.2951,False,False
QYEMUDHNCZHUKC,COc1cc2c(cc1OC)[C@@H]1Cc3ccc(OC)c(OC)c3C[N@@+]1([O-])CC2,0.6217,0.2881,False,False
VQSYXVWEZATIHL,COc1cc2c(cc1OC)-c1cc3ccc(O)c(OC)c3c[n+]1CC2,0.5983,0.3167,False,True
QBUIDYLGKMWNEA,COc1cc2c(cc1OC)-c1cc3ccc(OC)c(O)c3c[n+]1CC2,0.5633,0.2642,False,False
WUYQEGNOQLRQAQ,COc1cc2c3c(c1OC)C1(C=CC(=O)C=C1)C[C@H]3N(C)CC2,0.5758,0.2405,False,False
JCTYWRARKVGOBK,CN1CCc2cc3c(c4c2[C@H]1Cc1ccccc1-4)OCO3,0.4787,0.2603,False,False
BENXORZPKXUGMY,COc1cc2c(cc1O)-c1cc3ccc(O)c(OC)c3c[n+]1CC2,0.6267,0.3333,False,True
AEQDJSLRWYMAQI,COc1cc2c(cc1OC)[C@@H]1Cc3ccc(OC)c(OC)c3CN1CC2,0.5883,0.2759,False,False
KUECBJOPWMRHEX,COc1cc2c3c(c1OC)-c1cc(O)ccc1C[C@H]3NCC2,0.5909,0.25,False,False
AEAWOMODYBIREN,C=C(CC[C@@H](C)[C@H]1CC[C@@]2(C)[C@@H]3CC[C@H]4C(C)(C)C(=O)CC[C@@]45C[C@@]35CC[C@]12C)C(C)C,0.7295,0.3797,False,True
UIFMMGCTTVOBLD,CCCCCCCCCCCCCCCCCCCCCCCCCCC(C)C(C)C(C)C,0.6654,0.2424,False,False
ACHLEYSDMHROKR,CCCCCCCCCCCCCCCCCCCCCCCCCCCCCCCC(=O)CCCC,0.5539,0.3,False,True
QYVJNQWOLBGEOX,CCCCCCCCCCCCCCCCCCCCCCCCCCCCCC(=O)OCCCCCCCCCCCCCCCCCCCCCCCCCCCC,0.4928,0.3051,False,True
CGXQJOWMWZPOPV,CC1CCC2(OC1)OC1CC3C4CC(=O)C5CC(=O)CCC5(C)C4CCC3(C)C1C2C,0.6852,0.2051,False,False
UTGPYHWDXYRYGT,CCCCCCCCCCCCCCCCCCCCCCCCCCCCCCCCCC(=O)O,0.5075,0.325,False,True
DRHJMJVSLJEJHE,CC1CCC2(OC1)OC1CC3C4CC(O)C5CC(OC6OC(C)C(O)C(O)C6OC6OC(C)C(O)C(O)C6O)CCC5(C)C4CCC3(C)C1C2C,0.7178,0.2273,False,False
NYBCPVODSGRKRC,C=C[C@@](C)(O)CCC=C(C)CC(=O)C=C(C)C,0.497,0.193,False,False
IYIFZADLIMVECH,CCC(CCC(C)C1CCC2C3=CCC4C(C)C(O)CCC4(C)C3CCC21C)C(C)C,0.695,0.1978,False,False
RSMKYRDCCSNYFM,C=C(CC[C@@H](C)[C@H]1CC[C@H]2C3=CC[C@H]4[C@H](C)[C@@H](O)CC[C@]4(C)[C@H]3CC[C@]12C)C(C)C,0.7239,0.2111,False,False
AOQRDALGACAKHI,CC(C)C(C)CC[C@@H](C)[C@H]1CCC2C3=CC[C@H]4[C@H](C)[C@@H](O)CC[C@]4(C)C3CC[C@@]21C,0.7122,0.2045,False,False
KAQDYZSKYROZFD,CCCCC[C@H](C)C1CC[C@@]2(C)C3=CCC4C(C)(C)[C@@H](OC(C)=O)CC[C@]4(C)C3CC[C@]12C,0.7767,0.3333,False,True
OQKCUVXEGARQNX,CC(=O)OC1CCC23CC24CCC2(C)C(C(C)CCCC(C)C)CCC2C4CC[C@H]3C1(C)C,0.7483,0.2584,False,False
XZEUYTKSAYNYPK,CC(C)=CCC[C@@H](C)[C@H]1CC[C@@]2(C)[C@@H]3CC[C@H]4[C@H](C)[C@@H](O)CC[C@@]45C[C@@]35CC[C@]12C,0.7583,0.5,True,True
VATYWCRQDJIRAI,Nc1ccc(C=O)cc1,0.3033,0.2667,False,False
HFLGBNBLMBSXEM,CCc1ccc(O)c(O)c1,0.4083,0.3409,False,True
UJPWEHSKEFQHKM,CCC(CC[C@@H](C)[C@H]1CC[C@H]2C3=CCC4[C@H](C)CCC[C@]4(C)[C@H]3CC[C@]12C)=C(C)CO,0.7033,0.186,False,False
MSSWKGZMPUXALD,CC1C(=O)C=C[C@]2(C)CC[C@@H](C(C)(C)O)C[C@@H]12,0.6353,0.2373,False,False
YABASAWVVRQMEU,CC(C)CCC[C@@H](C)[C@H]1CC[C@@]2(C)[C@@H]3CC[C@H]4C(C)(C)[C@@H](O)CC[C@@]45C[C@@]35CC[C@]12C,0.745,0.3733,False,True
JYNBNJRQZZSLPN,CC1(C)CC[C@]2(C)CC[C@]3(C)C(=CC[C@@H]4[C@@]5(C)CC[C@H](O)C(C)(C)[C@@H]5[C@H](O)C[C@]43C)[C@@H]2C1,0.77,0.4348,True,True
YCTXVPCDHZMBHX,CC1(C)CC[C@]2(C)CC[C@]3(C)C(=CC[C@@H]4[C@@]5(C)CCC(=O)C(C)(C)[C@@H]5[C@H](O)C[C@]43C)[C@@H]2C1,0.7033,0.3836,False,True
YLRJRFOZRJMCAN,C[C@@H]1O[C@H](OC[C@H]2O[C@@H](Oc3cc4c(O[C@@H]5O[C@H](CO)[C@@H](O)[C@H](O)[C@H]5O)cc(O)cc4[o+]c3-c3cc(O)c(O)c(O)c3)[C@H](O)[C@@H](O)[C@@H]2O)[C@H](O)[C@H](O)[C@H]1OC(=O)C=Cc1ccc(O)cc1,0.6523,0.3377,False,True
PLKUTZNSKRWCCA,CC1OC(OCC2OC(Oc3cc4c(O)cc(O)cc4[o+]c3-c3cc(O)c(O)c(O)c3)C(O)C(O)C2O)C(O)C(O)C1O,0.5676,0.3012,False,True
WDKYDMULARNCIS,CCOC(=O)C=Cc1ccc(O)c(O)c1,0.1067,0.619,True,True
JUIQDBJRSFBVFU,CC1CCC2(NC1)OC1CC3C4CC=C5CC(OC6OC(CO)C(OC7OC(C)C(OC8OCC(O)C(O)C8O)C(O)C7O)C(OC7OCC(O)C(O)C7O)C6O)CCC5(C)C4CCC3(C)C1C2C,0.7183,0.2848,False,False
SYTYLPHCLSSCOJ,COc1cc2oc(=O)ccc2cc1O,0.27,0.4444,True,True
LMYZQUNLYGJIHI,CC(C)CCC[C@@H](C)[C@H]1CC[C@H]2C3=CC[C@H]4[C@H](C)[C@@H](O)CC[C@]4(C)[C@H]3CC[C@]12C,0.7122,0.2329,False,False
CEVNHRPKRNTGKO,C=C(C)[C@@H]1CC[C@@]2(C1)C(C=O)C[C@@H](O)C[C@H]2C,0.5133,0.2075,False,False
SOSXYUIKBSZONB,C[C@@H]1CCC2(OC1)O[C@H]1CC3C4CC=C5CC(O[C@@H]6O[C@H](CO)[C@@H](O)[C@H](O)[C@H]6O[C@@H]6O[C@H](CO)[C@@H](O)[C@H](O)[C@H]6O)CC[C@]5(C)C4CC[C@]3(C)[C@H]1[C@@H]2C,0.7058,0.2579,False,False
GVSGITAPQDRRJB,CC1CCC2(OC1)OC1CC3C4CCC5CC(OC6OC(CO)C(O)C(OC7OC(C)C(O)C(O)C7O)C6OC6OC(CO)C(O)C(O)C6O)CCC5(C)C4CCC3(C)C1C2C,0.7308,0.2562,False,False
DAIAMOGGSOXZSO,CC1CCC2(OC1)OC1CC3C4CC=C5CC(OC6OC(CO)C(O)C(OC7OC(C)C(O)C(O)C7O)C6OC6OC(CO)C(O)C(O)C6O)CCC5(C)C4CCC3(C)C1C2C,0.7158,0.2778,False,False
AENUWGNJANYUDQ,CC1CCC2(OC1)OC1CC3C4CC=C5CC(OC6OC(CO)C(O)C(OC7OC(C)C(O)C(O)C7O)C6OC6OC(CO)C(OC7OC(CO)C(O)C(O)C7O)C(O)C6O)CCC5(C)C4CCC3(C)C1C2C,0.7191,0.2963,False,False
QUIDADXDQQWNCN,CC1CCC2(OC1)OC1CC3C4CCC5CC(OC6OC(CO)C(O)C(OC7OC(C)C(OC8OC(CO)C(O)C(O)C8O)C(O)C7O)C6OC6OC(CO)C(OC7OC(CO)C(O)C(O)C7O)C(O)C6O)CCC5(C)C4CCC3(C)C1C2C,0.7358,0.2593,False,False
FFTWIVOEQHKWJW,CC1CCC2(OC1)OC1CC3C4CC=C5CC(OC6OC(CO)C(O)C(OC7OC(C)C(OC8OC(CO)C(O)C(O)C8O)C(O)C7O)C6OC6OC(CO)C(OC7OC(CO)C(O)C(O)C7O)C(O)C6O)CCC5(C)C4CCC3(C)C1C2C,0.7175,0.2805,False,False
BEYZWBAAOITTJU,CC(CCC1(O)OC2CC3C4CC=C5CC(OC6OC(CO)C(O)C(OC7OC(CO)C(O)C(O)C7O)C6O)CCC5(C)C4CCC3(C)C2C1C)COC1OC(CO)C(O)C(O)C1O,0.73,0.2485,False,False
CEWQEUNTBORADC,CC(CCC1(O)OC2CC3C4CCC5CC(OC6OC(CO)C(O)C(OC7OC(C)C(O)C(O)C7O)C6OC6OC(CO)C(O)C(O)C6O)CCC5(C)C4CCC3(C)C2C1C)COC1OC(CO)C(O)C(O)C1O,0.7669,0.247,False,False
SCEZIHJVTBQOLS,CC(C)CCC[C@@H](C)[C@H]1CC[C@H]2C3=C(CC[C@]12C)[C@@]1(C)CC[C@H](O)[C@@H](C)[C@@H]1CC3,0.7553,0.2,False,False
VJSCHQMOTSXAKB,COc1cc(C=CC(=O)NCC(O)c2ccc(O)cc2)ccc1O,0.2267,0.6327,True,True
VATOSFCFMOPAHX,O=C(C=Cc1ccc(O)cc1)NCC(O)c1ccc(O)cc1,0.2562,0.3878,False,True
SORUXVRKWOHYEO,CC(CCC1(O)OC2CC3C4CCC5CC(OC6OC(CO)C(O)C(O)C6OC6OC(CO)C(O)C(O)C6O)CCC5(C)C4CCC3(C)C2C1C)COC1OC(CO)C(O)C(O)C1O,0.7603,0.227,False,False
QZAYGJVTTNCVMB,NCCc1c[nH]c2ccc(O)cc12,0.3833,0.5106,True,True
MBWUSSKCCUMJHO,C[C@@H]1CC[C@@]2(NC1)O[C@H]1C[C@H]3[C@@H]4CC=C5C[C@@H](O[C@@H]6O[C@H](CO)[C@@H](O[C@@H]7O[C@@H](C)[C@H](O)[C@@H](O)[C@H]7O)[C@H](O)[C@H]6O[C@@H]6O[C@@H](C)[C@H](O)[C@@H](O)[C@H]6O)CC[C@]5(C)[C@H]4CC[C@]3(C)[C@H]1[C@@H]2C,0.7067,0.2671,False,False
