plant_index,plant_name,plant_family,target,target_name,threshold,total_unique_linked_compounds,valid_structures_count,strict_domain_count,tolerant_domain_count,strict_in_domain_active_count,strict_in_domain_active_fraction,tolerant_domain_active_fraction,mean_predicted_prob_strict,median_predicted_prob_strict,max_predicted_probability,high_prob_candidate_count,out_of_domain_above_cutoff_count,strict_domain_candidate_count,distinct_candidate_compounds,compound_count_coverage,top_candidate_CID,top_candidate_name,top_candidate_probability,top_candidate_similarity,confidence_summary
1,Piper betle L.,Piperaceae,cox1,COX-1 (PTGS1),6,103,103,4,23,3,0.75,0.6521739130434783,0.42835,0.43584999999999996,0.6717,66,63,3,3,0.038834951456310676,938.0,Nicotinic acid,0.545,0.4359,"HIGH=4, MED=0, LOW=0"
1,Piper betle L.,Piperaceae,cox1,COX-1 (PTGS1),5,103,103,4,22,3,0.75,0.9545454545454546,0.44914999999999994,0.495,0.7837,102,99,3,3,0.038834951456310676,938.0,Nicotinic acid,0.5633,0.4359,"HIGH=4, MED=0, LOW=0"
1,Piper betle L.,Piperaceae,cox2,COX-2 (PTGS2),6,103,103,7,20,0,0.0,0.0,0.13211428571428568,0.1167,0.3933,7,7,0,0,0.06796116504854369,938.0,Nicotinic acid,0.2667,0.5143,"HIGH=7, MED=0, LOW=0"
1,Piper betle L.,Piperaceae,cox2,COX-2 (PTGS2),5,103,103,7,20,4,0.5714285714285714,0.85,0.2792571428571428,0.2738,0.7452,100,96,4,4,0.06796116504854369,46700759.0,Allylpyrocatechol diacetate,0.6467,0.4091,"HIGH=7, MED=0, LOW=0"
1,Piper betle L.,Piperaceae,xo,Xanthine Oxidase (XDH),6,103,103,3,10,0,0.0,0.1,0.11946666666666667,0.1417,0.4617,2,2,0,0,0.02912621359223301,596375.0,Chavibetol,0.19,0.6207,"HIGH=3, MED=0, LOW=0"
1,Piper betle L.,Piperaceae,xo,Xanthine Oxidase (XDH),5,103,103,3,10,0,0.0,0.6,0.17943333333333333,0.2117,0.5567,65,65,0,0,0.02912621359223301,596375.0,Chavibetol,0.2983,0.6207,"HIGH=3, MED=0, LOW=0"
1,Piper betle L.,Piperaceae,maoa,MAO-A (CHRFAM7A/MAOA),6,103,103,8,16,0,0.0,0.0,0.166275,0.17154999999999998,0.4267,2,2,0,0,0.07766990291262135,166872.0,"4-Allyl-1,2-diacetoxybenzene",0.2583,0.5,"HIGH=8, MED=0, LOW=0"
1,Piper betle L.,Piperaceae,maoa,MAO-A (CHRFAM7A/MAOA),5,103,103,8,16,7,0.875,0.6875,0.5487500000000001,0.5883499999999999,0.6767,85,78,7,7,0.07766990291262135,7136.0,Acetyleugenol,0.6483,0.5918,"HIGH=8, MED=0, LOW=0"
2,Piper cubeba Vahl,Piperaceae,cox1,COX-1 (PTGS1),6,159,159,4,34,2,0.5,0.5,0.45835,0.38,0.7967,96,94,2,2,0.025157232704402517,4133.0,Methyl salicylate,0.7967,0.4167,"HIGH=4, MED=0, LOW=0"
2,Piper cubeba Vahl,Piperaceae,cox1,COX-1 (PTGS1),5,159,159,4,33,2,0.5,0.9393939393939394,0.501925,0.50025,0.7983,156,154,2,2,0.025157232704402517,6989.0,Thymol,0.73,0.4074,"HIGH=4, MED=0, LOW=0"
2,Piper cubeba Vahl,Piperaceae,cox2,COX-2 (PTGS2),6,159,159,3,40,0,0.0,0.075,0.2855666666666667,0.2567,0.4,8,8,0,0,0.018867924528301886,10248.0,Elemicin,0.35,0.5714,"HIGH=3, MED=0, LOW=0"
2,Piper cubeba Vahl,Piperaceae,cox2,COX-2 (PTGS2),5,159,159,3,41,3,1.0,1.0,0.5156333333333333,0.5167,0.7552,159,156,3,3,0.018867924528301886,44575401.0,(-)-Cubebinin,0.5281,0.4103,"HIGH=3, MED=0, LOW=0"
2,Piper cubeba Vahl,Piperaceae,xo,Xanthine Oxidase (XDH),6,159,159,0,9,0,,0.0,,,0.3967,0,0,0,0,0.0,,None (No strict-domain compound),,,"HIGH=0, MED=0, LOW=0"
2,Piper cubeba Vahl,Piperaceae,xo,Xanthine Oxidase (XDH),5,159,159,0,9,0,,0.6666666666666666,,,0.47,90,90,0,0,0.0,,None (No strict-domain compound),,,"HIGH=0, MED=0, LOW=0"
2,Piper cubeba Vahl,Piperaceae,maoa,MAO-A (CHRFAM7A/MAOA),6,159,159,7,21,0,0.0,0.0,0.18505714285714286,0.185,0.4467,5,5,0,0,0.0440251572327044,7362.0,Furfural,0.2733,0.4,"HIGH=7, MED=0, LOW=0"
2,Piper cubeba Vahl,Piperaceae,maoa,MAO-A (CHRFAM7A/MAOA),5,159,159,7,21,5,0.7142857142857143,0.8095238095238095,0.4854857142857143,0.4883,0.6717,137,132,5,5,0.0440251572327044,5144.0,Safrole,0.6467,0.4,"HIGH=7, MED=0, LOW=0"
4,Papaver somniferum L.,Papaveraceae,cox1,COX-1 (PTGS1),6,118,118,10,33,1,0.1,0.3333333333333333,0.27268000000000003,0.22915,0.6717,52,51,1,1,0.0847457627118644,938.0,Nicotinic acid,0.545,0.4359,"HIGH=10, MED=0, LOW=0"
4,Papaver somniferum L.,Papaveraceae,cox1,COX-1 (PTGS1),5,118,118,10,33,6,0.6,0.8787878787878788,0.36047,0.35125,0.7967,114,108,6,6,0.0847457627118644,938.0,Nicotinic acid,0.5633,0.4359,"HIGH=10, MED=0, LOW=0"
4,Papaver somniferum L.,Papaveraceae,cox2,COX-2 (PTGS2),6,118,118,9,35,0,0.0,0.05714285714285714,0.16333333333333333,0.19,0.6267,27,27,0,0,0.07627118644067797,938.0,Nicotinic acid,0.2667,0.5143,"HIGH=9, MED=0, LOW=0"
4,Papaver somniferum L.,Papaveraceae,cox2,COX-2 (PTGS2),5,118,118,9,35,8,0.8888888888888888,0.9428571428571428,0.45112222222222226,0.432,0.77,116,108,8,8,0.07627118644067797,92110.0,Cycloartenol,0.77,0.5072,"HIGH=9, MED=0, LOW=0"
4,Papaver somniferum L.,Papaveraceae,xo,Xanthine Oxidase (XDH),6,118,118,3,18,1,0.3333333333333333,0.2222222222222222,0.3055333333333334,0.2,0.5483,8,7,1,1,0.025423728813559324,135.0,4-Hydroxybenzoic acid,0.5233,0.5926,"HIGH=3, MED=0, LOW=0"
4,Papaver somniferum L.,Papaveraceae,xo,Xanthine Oxidase (XDH),5,118,118,3,18,3,1.0,0.7777777777777778,0.5144333333333333,0.495,0.565,95,92,3,3,0.025423728813559324,5280343.0,Quercetin,0.565,0.5957,"HIGH=3, MED=0, LOW=0"
4,Papaver somniferum L.,Papaveraceae,maoa,MAO-A (CHRFAM7A/MAOA),6,118,118,28,58,4,0.14285714285714285,0.08620689655172414,0.2505535714285715,0.2182,0.5645,6,2,4,4,0.23728813559322035,5154.0,Sanguinarine,0.5645,0.6458,"HIGH=30, MED=0, LOW=0"
4,Papaver somniferum L.,Papaveraceae,maoa,MAO-A (CHRFAM7A/MAOA),5,118,118,28,58,22,0.7857142857142857,0.8103448275862069,0.4590714285714285,0.45499999999999996,0.7007,103,81,22,22,0.23728813559322035,5154.0,Sanguinarine,0.7007,0.6458,"HIGH=30, MED=0, LOW=0"
5,Artocarpus heterophyllus Lam.,Moraceae,cox1,COX-1 (PTGS1),6,155,155,25,55,4,0.16,0.36363636363636365,0.27040000000000003,0.215,0.7267,98,94,4,4,0.16129032258064516,5458461.0,artocarpin,0.5017,0.5455,"HIGH=27, MED=0, LOW=0"
5,Artocarpus heterophyllus Lam.,Moraceae,cox1,COX-1 (PTGS1),5,155,155,25,55,18,0.72,0.8363636363636363,0.412164,0.4117,0.77,145,127,18,18,0.16129032258064516,6054.0,2-Phenylethanol,0.6732,0.4286,"HIGH=27, MED=0, LOW=0"
5,Artocarpus heterophyllus Lam.,Moraceae,cox2,COX-2 (PTGS2),6,155,155,30,66,0,0.0,0.0,0.12695,0.09335,0.3967,6,6,0,0,0.1935483870967742,439224.0,Carnosine,0.3267,0.4265,"HIGH=31, MED=0, LOW=0"
5,Artocarpus heterophyllus Lam.,Moraceae,cox2,COX-2 (PTGS2),5,155,155,30,66,28,0.9333333333333333,0.9696969696969697,0.41638666666666657,0.41015,0.8033,153,125,28,28,0.1935483870967742,12305360.0,Cycloartenone,0.7437,0.5,"HIGH=31, MED=0, LOW=0"
5,Artocarpus heterophyllus Lam.,Moraceae,xo,Xanthine Oxidase (XDH),6,155,155,26,53,3,0.11538461538461539,0.07547169811320754,0.25525384615384616,0.25749999999999995,0.4983,6,3,3,3,0.16774193548387098,10006762.0,gemichalcone A,0.4583,0.4603,"HIGH=28, MED=0, LOW=0"
5,Artocarpus heterophyllus Lam.,Moraceae,xo,Xanthine Oxidase (XDH),5,155,155,26,53,23,0.8846153846153846,0.8679245283018868,0.44981923076923075,0.47585,0.6683,105,82,23,23,0.16774193548387098,135508007.0,9-Carboxymethoxymethylguanine,0.6683,0.48,"HIGH=28, MED=0, LOW=0"
5,Artocarpus heterophyllus Lam.,Moraceae,maoa,MAO-A (CHRFAM7A/MAOA),6,155,155,23,55,2,0.08695652173913043,0.09090909090909091,0.24994782608695656,0.2483,0.465,7,5,2,2,0.14838709677419354,5318767.0,Kaempferol 3-O-rutinoside,0.465,0.4058,"HIGH=25, MED=0, LOW=0"
5,Artocarpus heterophyllus Lam.,Moraceae,maoa,MAO-A (CHRFAM7A/MAOA),5,155,155,23,55,14,0.6086956521739131,0.7636363636363637,0.40695217391304345,0.4,0.6789,139,125,14,14,0.14838709677419354,10006762.0,gemichalcone A,0.6117,0.4179,"HIGH=25, MED=0, LOW=0"
9,Boerhavia diffusa L.,Nyctaginaceae,cox1,COX-1 (PTGS1),6,48,48,6,21,1,0.16666666666666666,0.3333333333333333,0.29946666666666666,0.30169999999999997,0.7283,21,20,1,1,0.125,14018345.0,Boerhavisterol,0.4517,0.4167,"HIGH=4, MED=1, LOW=1"
9,Boerhavia diffusa L.,Nyctaginaceae,cox1,COX-1 (PTGS1),5,48,48,6,21,2,0.3333333333333333,0.8095238095238095,0.34526666666666667,0.3122,0.73,44,42,2,2,0.125,14018345.0,Boerhavisterol,0.5433,0.4167,"HIGH=4, MED=1, LOW=1"
9,Boerhavia diffusa L.,Nyctaginaceae,cox2,COX-2 (PTGS2),6,48,48,5,24,0,0.0,0.0,0.20607999999999999,0.2237,0.5328,11,11,0,0,0.10416666666666667,64945.0,Ursolic acid,0.2433,0.5294,"HIGH=4, MED=1, LOW=1"
9,Boerhavia diffusa L.,Nyctaginaceae,cox2,COX-2 (PTGS2),5,48,48,5,24,5,1.0,1.0,0.5159800000000001,0.4733,0.805,48,43,5,5,0.10416666666666667,64945.0,Ursolic acid,0.805,0.5294,"HIGH=4, MED=1, LOW=1"
9,Boerhavia diffusa L.,Nyctaginaceae,xo,Xanthine Oxidase (XDH),6,48,48,3,16,0,0.0,0.0625,0.06779999999999999,0.0667,0.6317,3,3,0,0,0.0625,5281705.0,"4',7-Dihydroxy-3'-methylflavone",0.0867,0.5294,"HIGH=2, MED=0, LOW=1"
9,Boerhavia diffusa L.,Nyctaginaceae,xo,Xanthine Oxidase (XDH),5,48,48,3,16,0,0.0,0.4375,0.18386666666666665,0.1533,0.7,25,25,0,0,0.0625,5748611.0,Eupalitin,0.2683,0.5686,"HIGH=2, MED=0, LOW=1"
9,Boerhavia diffusa L.,Nyctaginaceae,maoa,MAO-A (CHRFAM7A/MAOA),6,48,48,11,14,1,0.09090909090909091,0.07142857142857142,0.2425454545454545,0.25,0.435,1,0,1,1,0.22916666666666666,10144.0,Liriodenine,0.435,0.4167,"HIGH=7, MED=1, LOW=4"
9,Boerhavia diffusa L.,Nyctaginaceae,maoa,MAO-A (CHRFAM7A/MAOA),5,48,48,11,14,11,1.0,0.9285714285714286,0.5218272727272727,0.5017,0.7217,42,31,11,11,0.22916666666666666,7020.0,Xanthone,0.7217,0.6667,"HIGH=7, MED=1, LOW=4"
13,Achyranthes aspera L.,Amaranthaceae,cox1,COX-1 (PTGS1),6,28,28,3,17,0,0.0,0.5882352941176471,0.23279999999999998,0.2767,0.6933,16,16,0,0,0.10714285714285714,445639.0,Oleic acid,0.3267,0.4324,"HIGH=3, MED=0, LOW=0"
13,Achyranthes aspera L.,Amaranthaceae,cox1,COX-1 (PTGS1),5,28,28,3,17,1,0.3333333333333333,0.8823529411764706,0.3967333333333333,0.3122,0.745,26,25,1,1,0.10714285714285714,11456898.0,Saponin B,0.6008,0.5116,"HIGH=3, MED=0, LOW=0"
13,Achyranthes aspera L.,Amaranthaceae,cox2,COX-2 (PTGS2),6,28,28,3,17,0,0.0,0.0,0.17556666666666665,0.1767,0.4167,4,4,0,0,0.10714285714285714,451674.0,Triterpenoid,0.2333,0.6143,"HIGH=3, MED=0, LOW=0"
13,Achyranthes aspera L.,Amaranthaceae,cox2,COX-2 (PTGS2),5,28,28,3,17,3,1.0,1.0,0.8261,0.83,0.8683,28,25,3,3,0.10714285714285714,11456898.0,Saponin B,0.8683,0.5375,"HIGH=3, MED=0, LOW=0"
13,Achyranthes aspera L.,Amaranthaceae,xo,Xanthine Oxidase (XDH),6,28,28,1,12,0,0.0,0.0,0.17,0.17,0.3017,0,0,0,0,0.03571428571428571,11456898.0,Saponin B,0.17,0.5091,"HIGH=1, MED=0, LOW=0"
13,Achyranthes aspera L.,Amaranthaceae,xo,Xanthine Oxidase (XDH),5,28,28,1,12,0,0.0,0.5,0.1283,0.1283,0.4383,15,15,0,0,0.03571428571428571,11456898.0,Saponin B,0.1283,0.5091,"HIGH=1, MED=0, LOW=0"
13,Achyranthes aspera L.,Amaranthaceae,maoa,MAO-A (CHRFAM7A/MAOA),6,28,28,1,1,1,1.0,1.0,0.413,0.413,0.4317,2,1,1,1,0.03571428571428571,440929.0,1-Methylpyrrolidine-3-carboxylic acid,0.413,0.4821,"HIGH=0, MED=0, LOW=1"
13,Achyranthes aspera L.,Amaranthaceae,maoa,MAO-A (CHRFAM7A/MAOA),5,28,28,1,1,1,1.0,1.0,0.4883,0.4883,0.5839,27,26,1,1,0.03571428571428571,440929.0,1-Methylpyrrolidine-3-carboxylic acid,0.4883,0.4821,"HIGH=0, MED=0, LOW=1"
14,Plumbago indica L.,Plumbaginaceae.,cox1,COX-1 (PTGS1),6,26,26,1,9,0,0.0,0.6666666666666666,0.2117,0.2117,0.72,17,17,0,0,0.038461538461538464,5280863.0,Kaempferol,0.2117,0.4068,"HIGH=1, MED=0, LOW=0"
14,Plumbago indica L.,Plumbaginaceae.,cox1,COX-1 (PTGS1),5,26,26,1,9,1,1.0,1.0,0.4083,0.4083,0.805,26,25,1,1,0.038461538461538464,5280863.0,Kaempferol,0.4083,0.4068,"HIGH=1, MED=0, LOW=0"
14,Plumbago indica L.,Plumbaginaceae.,cox2,COX-2 (PTGS2),6,26,26,2,9,0,0.0,0.0,0.18165,0.18165,0.3967,6,6,0,0,0.07692307692307693,5280863.0,Kaempferol,0.19,0.4068,"HIGH=2, MED=0, LOW=0"
14,Plumbago indica L.,Plumbaginaceae.,cox2,COX-2 (PTGS2),5,26,26,2,9,2,1.0,1.0,0.48514999999999997,0.48514999999999997,0.7567,26,24,2,2,0.07692307692307693,92468469.0,Plumbagic acid,0.5383,0.4348,"HIGH=2, MED=0, LOW=0"
14,Plumbago indica L.,Plumbaginaceae.,xo,Xanthine Oxidase (XDH),6,26,26,1,3,0,0.0,0.0,0.2,0.2,0.4083,1,1,0,0,0.038461538461538464,5280863.0,Kaempferol,0.2,0.5532,"HIGH=1, MED=0, LOW=0"
14,Plumbago indica L.,Plumbaginaceae.,xo,Xanthine Oxidase (XDH),5,26,26,1,3,1,1.0,1.0,0.495,0.495,0.525,13,12,1,1,0.038461538461538464,5280863.0,Kaempferol,0.495,0.5532,"HIGH=1, MED=0, LOW=0"
14,Plumbago indica L.,Plumbaginaceae.,maoa,MAO-A (CHRFAM7A/MAOA),6,26,26,10,12,1,0.1,0.08333333333333333,0.23739,0.19219999999999998,0.5333,1,0,1,1,0.38461538461538464,5280863.0,Kaempferol,0.5333,0.75,"HIGH=10, MED=0, LOW=0"
14,Plumbago indica L.,Plumbaginaceae.,maoa,MAO-A (CHRFAM7A/MAOA),5,26,26,10,12,6,0.6,0.6666666666666666,0.39258,0.4275,0.6,22,16,6,6,0.38461538461538464,5280863.0,Kaempferol,0.5017,0.75,"HIGH=10, MED=0, LOW=0"
16,Mesua ferrea L.,Clusiaceae,cox1,COX-1 (PTGS1),6,126,126,13,55,2,0.15384615384615385,0.4,0.2733384615384616,0.2767,0.72,49,47,2,2,0.10317460317460317,1738.0,Homovanillic acid,0.44,0.5556,"HIGH=14, MED=0, LOW=0"
16,Mesua ferrea L.,Clusiaceae,cox1,COX-1 (PTGS1),5,126,126,13,54,8,0.6153846153846154,0.8518518518518519,0.42306153846153843,0.4283,0.8288,118,110,8,8,0.10317460317460317,641298.0,2-Methoxycinnamaldehyde,0.6033,0.4,"HIGH=14, MED=0, LOW=0"
16,Mesua ferrea L.,Clusiaceae,cox2,COX-2 (PTGS2),6,126,126,24,61,1,0.041666666666666664,0.06557377049180328,0.1407375,0.12,0.4578,13,12,1,1,0.19047619047619047,641298.0,2-Methoxycinnamaldehyde,0.3867,0.4872,"HIGH=24, MED=1, LOW=0"
16,Mesua ferrea L.,Clusiaceae,cox2,COX-2 (PTGS2),5,126,126,24,61,23,0.9583333333333334,0.9836065573770492,0.3990458333333333,0.39525,0.835,125,102,23,23,0.19047619047619047,64945.0,Ursolic acid,0.805,0.5294,"HIGH=24, MED=1, LOW=0"
16,Mesua ferrea L.,Clusiaceae,xo,Xanthine Oxidase (XDH),6,126,126,19,44,3,0.15789473684210525,0.1590909090909091,0.21965263157894738,0.1833,0.5783,14,11,3,3,0.15079365079365079,135.0,4-Hydroxybenzoic acid,0.5233,0.5926,"HIGH=20, MED=0, LOW=0"
16,Mesua ferrea L.,Clusiaceae,xo,Xanthine Oxidase (XDH),5,126,126,19,44,14,0.7368421052631579,0.7272727272727273,0.38886315789473686,0.365,0.61,92,78,14,14,0.15079365079365079,5280343.0,Quercetin,0.565,0.5957,"HIGH=20, MED=0, LOW=0"
16,Mesua ferrea L.,Clusiaceae,maoa,MAO-A (CHRFAM7A/MAOA),6,126,126,20,37,5,0.25,0.1891891891891892,0.25367,0.22,0.505,9,4,5,5,0.15873015873015872,5281631.0,"1,7-Dihydroxyxanthone",0.505,0.697,"HIGH=21, MED=0, LOW=0"
16,Mesua ferrea L.,Clusiaceae,maoa,MAO-A (CHRFAM7A/MAOA),5,126,126,20,37,10,0.5,0.5945945945945946,0.40940000000000004,0.3883,0.7633,101,91,10,10,0.15873015873015872,5281631.0,"1,7-Dihydroxyxanthone",0.7633,0.697,"HIGH=21, MED=0, LOW=0"
21,Benincasa hispida (Thunb.) Cogn.,Cucurbitaceae,cox1,COX-1 (PTGS1),6,20,20,1,3,0,0.0,0.0,0.2767,0.2767,0.6683,7,7,0,0,0.05,5280450.0,Linoleic acid,0.2767,0.5135,"HIGH=1, MED=0, LOW=12"
21,Benincasa hispida (Thunb.) Cogn.,Cucurbitaceae,cox1,COX-1 (PTGS1),5,20,20,1,3,0,0.0,0.6666666666666666,0.2772,0.2772,0.6985,19,19,0,0,0.05,5280450.0,Linoleic acid,0.2772,0.5135,"HIGH=1, MED=0, LOW=12"
21,Benincasa hispida (Thunb.) Cogn.,Cucurbitaceae,cox2,COX-2 (PTGS2),6,20,20,2,6,0,0.0,0.16666666666666666,0.20500000000000002,0.20500000000000002,0.44,5,5,0,0,0.1,131752025.0,alpha-Amyrin,0.2067,0.4143,"HIGH=0, MED=0, LOW=10"
21,Benincasa hispida (Thunb.) Cogn.,Cucurbitaceae,cox2,COX-2 (PTGS2),5,20,20,2,6,2,1.0,1.0,0.78835,0.78835,0.8217,20,18,2,2,0.1,92156.0,beta-Amyrin acetate,0.8217,0.5758,"HIGH=0, MED=0, LOW=10"
21,Benincasa hispida (Thunb.) Cogn.,Cucurbitaceae,xo,Xanthine Oxidase (XDH),6,20,20,0,2,0,,0.0,,,0.6317,3,3,0,0,0.0,,None (No strict-domain compound),,,"HIGH=0, MED=0, LOW=0"
21,Benincasa hispida (Thunb.) Cogn.,Cucurbitaceae,xo,Xanthine Oxidase (XDH),5,20,20,0,2,0,,0.5,,,0.7,10,10,0,0,0.0,,None (No strict-domain compound),,,"HIGH=0, MED=0, LOW=0"
21,Benincasa hispida (Thunb.) Cogn.,Cucurbitaceae,maoa,MAO-A (CHRFAM7A/MAOA),6,20,20,1,2,0,0.0,0.0,0.1875,0.1875,0.5067,1,1,0,0,0.05,5571.0,Trigonelline,0.1875,0.413,"HIGH=1, MED=0, LOW=0"
21,Benincasa hispida (Thunb.) Cogn.,Cucurbitaceae,maoa,MAO-A (CHRFAM7A/MAOA),5,20,20,1,2,0,0.0,0.5,0.3625,0.3625,0.6997,18,18,0,0,0.05,5571.0,Trigonelline,0.3625,0.413,"HIGH=1, MED=0, LOW=0"
27,Moringa oleifera Lam.,Moringaceae,cox1,COX-1 (PTGS1),6,221,221,29,74,8,0.27586206896551724,0.5405405405405406,0.367251724137931,0.3133,0.8617,151,143,8,8,0.13122171945701358,338.0,Salicylic acid,0.8617,0.4242,"HIGH=31, MED=1, LOW=0"
27,Moringa oleifera Lam.,Moringaceae,cox1,COX-1 (PTGS1),5,221,221,29,74,17,0.5862068965517241,0.8243243243243243,0.4426586206896553,0.3483,0.9017,207,190,17,17,0.13122171945701358,31404.0,"2,6-Bis(1,1-Dimethylethyl)-4-Methylphenol",0.9017,0.4375,"HIGH=31, MED=1, LOW=0"
27,Moringa oleifera Lam.,Moringaceae,cox2,COX-2 (PTGS2),6,221,221,26,83,0,0.0,0.024096385542168676,0.09576538461538461,0.09,0.4817,17,17,0,0,0.11764705882352941,5280805.0,Rutin,0.25,0.5342,"HIGH=26, MED=0, LOW=0"
27,Moringa oleifera Lam.,Moringaceae,cox2,COX-2 (PTGS2),5,221,221,26,83,22,0.8461538461538461,0.9518072289156626,0.30495,0.30955,0.7574,217,195,22,22,0.11764705882352941,5280805.0,Rutin,0.6667,0.5342,"HIGH=26, MED=0, LOW=0"
27,Moringa oleifera Lam.,Moringaceae,xo,Xanthine Oxidase (XDH),6,221,221,11,48,2,0.18181818181818182,0.14583333333333334,0.2465090909090909,0.2,0.5233,11,9,2,2,0.049773755656108594,135.0,4-Hydroxybenzoic acid,0.5233,0.5926,"HIGH=11, MED=0, LOW=0"
27,Moringa oleifera Lam.,Moringaceae,xo,Xanthine Oxidase (XDH),5,221,221,11,48,11,1.0,0.9166666666666666,0.5110636363636364,0.53,0.65,147,136,11,11,0.049773755656108594,5281672.0,Myricetin,0.65,0.5319,"HIGH=11, MED=0, LOW=0"
27,Moringa oleifera Lam.,Moringaceae,maoa,MAO-A (CHRFAM7A/MAOA),6,221,221,26,52,2,0.07692307692307693,0.07692307692307693,0.1990423076923077,0.1467,0.5333,5,3,2,2,0.11764705882352941,5280863.0,Kaempferol,0.5333,0.75,"HIGH=26, MED=0, LOW=0"
27,Moringa oleifera Lam.,Moringaceae,maoa,MAO-A (CHRFAM7A/MAOA),5,221,221,26,52,15,0.5769230769230769,0.6923076923076923,0.4013461538461538,0.4141,0.735,189,174,15,15,0.11764705882352941,5281855.0,Ellagic acid,0.735,1.0,"HIGH=26, MED=0, LOW=0"
28,Diospyros malabarica(desr.) Kostel.,Ebenaceaea,cox1,COX-1 (PTGS1),6,30,30,4,17,1,0.25,0.4117647058823529,0.32585,0.27335,0.7117,12,11,1,1,0.13333333333333333,1549045.0,Trans-methyl isoeugenol,0.585,0.6333,"HIGH=3, MED=1, LOW=0"
28,Diospyros malabarica(desr.) Kostel.,Ebenaceaea,cox1,COX-1 (PTGS1),5,30,30,4,17,3,0.75,0.9411764705882353,0.5354,0.55635,0.7617,29,26,3,3,0.13333333333333333,1549045.0,Trans-methyl isoeugenol,0.7167,0.6333,"HIGH=3, MED=1, LOW=0"
28,Diospyros malabarica(desr.) Kostel.,Ebenaceaea,cox2,COX-2 (PTGS2),6,30,30,7,19,0,0.0,0.10526315789473684,0.15144285714285716,0.12,0.4833,5,5,0,0,0.23333333333333334,5280459.0,Quercetin 3-O-rhamnoside,0.2267,0.619,"HIGH=5, MED=1, LOW=1"
28,Diospyros malabarica(desr.) Kostel.,Ebenaceaea,cox2,COX-2 (PTGS2),5,30,30,7,19,7,1.0,1.0,0.5437285714285714,0.6417,0.83,30,23,7,7,0.23333333333333334,10494.0,Oleanolic acid,0.83,0.7586,"HIGH=5, MED=1, LOW=1"
28,Diospyros malabarica(desr.) Kostel.,Ebenaceaea,xo,Xanthine Oxidase (XDH),6,30,30,4,14,0,0.0,0.07142857142857142,0.18335,0.19085000000000002,0.475,2,2,0,0,0.13333333333333333,1549045.0,Trans-methyl isoeugenol,0.23,0.4667,"HIGH=3, MED=2, LOW=0"
28,Diospyros malabarica(desr.) Kostel.,Ebenaceaea,xo,Xanthine Oxidase (XDH),5,30,30,4,14,3,0.75,0.5714285714285714,0.36417499999999997,0.37,0.57,15,12,3,3,0.13333333333333333,5317765.0,Dihydroflavonol glycoside,0.57,0.4516,"HIGH=3, MED=2, LOW=0"
28,Diospyros malabarica(desr.) Kostel.,Ebenaceaea,maoa,MAO-A (CHRFAM7A/MAOA),6,30,30,4,7,2,0.5,0.2857142857142857,0.305,0.36165,0.4578,4,2,2,2,0.13333333333333333,5317765.0,Dihydroflavonol glycoside,0.4417,0.5263,"HIGH=1, MED=2, LOW=1"
28,Diospyros malabarica(desr.) Kostel.,Ebenaceaea,maoa,MAO-A (CHRFAM7A/MAOA),5,30,30,4,7,3,0.75,0.7142857142857143,0.47525000000000006,0.5105,0.6467,28,25,3,3,0.13333333333333333,11349.0,"4H-1-Benzopyran-4-one,3-hydroxy-2-phenyl",0.6467,0.5,"HIGH=1, MED=2, LOW=1"
34,Saraca asoca (Roxb.) Wild.,Caesalpiniaceae,cox1,COX-1 (PTGS1),6,27,27,15,23,0,0.0,0.21739130434782608,0.19534000000000004,0.1733,0.8033,6,6,0,0,0.5555555555555556,445639.0,Oleic acid,0.3267,0.4324,"HIGH=16, MED=0, LOW=0"
34,Saraca asoca (Roxb.) Wild.,Caesalpiniaceae,cox1,COX-1 (PTGS1),5,27,27,15,23,10,0.6666666666666666,0.782608695652174,0.41991333333333336,0.38,0.74,22,12,10,10,0.5555555555555556,167642.0,"Pelargonidin 3,5-diglucoside",0.6567,0.4,"HIGH=16, MED=0, LOW=0"
34,Saraca asoca (Roxb.) Wild.,Caesalpiniaceae,cox2,COX-2 (PTGS2),6,27,27,12,23,0,0.0,0.0,0.1650416666666667,0.17665,0.38,1,1,0,0,0.4444444444444444,5484006.0,Isoquercitrin,0.27,0.5507,"HIGH=13, MED=0, LOW=0"
34,Saraca asoca (Roxb.) Wild.,Caesalpiniaceae,cox2,COX-2 (PTGS2),5,27,27,12,23,12,1.0,1.0,0.5201166666666667,0.5947,0.7933,27,15,12,12,0.4444444444444444,73145.0,beta-Amyrin,0.7933,0.5645,"HIGH=13, MED=0, LOW=0"
34,Saraca asoca (Roxb.) Wild.,Caesalpiniaceae,xo,Xanthine Oxidase (XDH),6,27,27,9,19,0,0.0,0.05263157894736842,0.15223333333333333,0.1433,0.455,1,1,0,0,0.3333333333333333,445881.0,Leucocianidol,0.2567,0.4,"HIGH=9, MED=0, LOW=0"
34,Saraca asoca (Roxb.) Wild.,Caesalpiniaceae,xo,Xanthine Oxidase (XDH),5,27,27,9,19,5,0.5555555555555556,0.7368421052631579,0.34388888888888886,0.3267,0.5667,19,14,5,5,0.3333333333333333,5280343.0,Quercetin,0.565,0.5957,"HIGH=9, MED=0, LOW=0"
34,Saraca asoca (Roxb.) Wild.,Caesalpiniaceae,maoa,MAO-A (CHRFAM7A/MAOA),6,27,27,7,14,4,0.5714285714285714,0.35714285714285715,0.38954285714285714,0.42,0.4967,6,2,4,4,0.25925925925925924,5280343.0,Quercetin,0.4967,0.6744,"HIGH=7, MED=0, LOW=0"
34,Saraca asoca (Roxb.) Wild.,Caesalpiniaceae,maoa,MAO-A (CHRFAM7A/MAOA),5,27,27,7,14,7,1.0,0.8571428571428571,0.46712857142857145,0.4683,0.6517,25,18,7,7,0.25925925925925924,445881.0,Leucocianidol,0.51,0.4,"HIGH=7, MED=0, LOW=0"
35,Clitoria ternatea L.,Fabaceae,cox1,COX-1 (PTGS1),6,31,31,11,22,1,0.09090909090909091,0.09090909090909091,0.22045454545454543,0.1783,0.5817,8,7,1,1,0.3548387096774194,22414.0,Flavonol 3-O-D-glucoside,0.5517,0.4062,"HIGH=4, MED=1, LOW=13"
35,Clitoria ternatea L.,Fabaceae,cox1,COX-1 (PTGS1),5,31,31,11,22,10,0.9090909090909091,0.9545454545454546,0.5169999999999999,0.5533,0.7222,30,20,10,10,0.3548387096774194,5321415.0,"(4R,6R)-6-hexadecyl-4-hydroxy-4,6-dimethyl-tetrahydropyran-2-one",0.645,0.4966,"HIGH=4, MED=1, LOW=13"
35,Clitoria ternatea L.,Fabaceae,cox2,COX-2 (PTGS2),6,31,31,9,21,0,0.0,0.0,0.21483333333333332,0.2167,0.4317,3,3,0,0,0.2903225806451613,5321415.0,"(4R,6R)-6-hexadecyl-4-hydroxy-4,6-dimethyl-tetrahydropyran-2-one",0.31,0.4966,"HIGH=4, MED=1, LOW=8"
35,Clitoria ternatea L.,Fabaceae,cox2,COX-2 (PTGS2),5,31,31,9,21,9,1.0,1.0,0.6099444444444444,0.6387,0.8289,31,22,9,9,0.2903225806451613,5321415.0,"(4R,6R)-6-hexadecyl-4-hydroxy-4,6-dimethyl-tetrahydropyran-2-one",0.8289,0.4966,"HIGH=4, MED=1, LOW=8"
35,Clitoria ternatea L.,Fabaceae,xo,Xanthine Oxidase (XDH),6,31,31,15,19,0,0.0,0.05263157894736842,0.1641133333333333,0.1433,0.6983,1,1,0,0,0.4838709677419355,16173494.0,Quercetin,0.28,0.4118,"HIGH=7, MED=1, LOW=11"
35,Clitoria ternatea L.,Fabaceae,xo,Xanthine Oxidase (XDH),5,31,31,15,19,12,0.8,0.7368421052631579,0.3910066666666667,0.3933,0.65,24,12,12,12,0.4838709677419355,5281672.0,Myricetin,0.65,0.5319,"HIGH=7, MED=1, LOW=11"
35,Clitoria ternatea L.,Fabaceae,maoa,MAO-A (CHRFAM7A/MAOA),6,31,31,8,18,6,0.75,0.3888888888888889,0.42562500000000003,0.4375,0.5333,7,1,6,6,0.25806451612903225,5280863.0,Kaempferol,0.5333,0.75,"HIGH=4, MED=1, LOW=4"
35,Clitoria ternatea L.,Fabaceae,maoa,MAO-A (CHRFAM7A/MAOA),5,31,31,8,18,7,0.875,0.9444444444444444,0.48145,0.5014000000000001,0.5662,28,21,7,7,0.25806451612903225,5318767.0,Kaempferol 3-O-rutinoside,0.5494,0.4058,"HIGH=4, MED=1, LOW=4"
38,Pterocarpus SANTALINUS L. f.,Fabaceae,cox1,COX-1 (PTGS1),6,30,30,5,15,0,0.0,0.06666666666666667,0.16433999999999999,0.1767,0.7733,3,3,0,0,0.16666666666666666,73145.0,beta-Amyrin,0.22,0.4098,"HIGH=6, MED=0, LOW=0"
38,Pterocarpus SANTALINUS L. f.,Fabaceae,cox1,COX-1 (PTGS1),5,30,30,5,13,3,0.6,0.7692307692307693,0.43624,0.5417,0.7617,23,20,3,3,0.16666666666666666,73145.0,beta-Amyrin,0.5894,0.4098,"HIGH=6, MED=0, LOW=0"
38,Pterocarpus SANTALINUS L. f.,Fabaceae,cox2,COX-2 (PTGS2),6,30,30,9,14,2,0.2222222222222222,0.14285714285714285,0.21926666666666667,0.2033,0.3867,4,2,2,2,0.3,5281727.0,Pterostilbene,0.3867,0.8889,"HIGH=10, MED=0, LOW=0"
38,Pterocarpus SANTALINUS L. f.,Fabaceae,cox2,COX-2 (PTGS2),5,30,30,9,14,9,1.0,1.0,0.6824,0.7713,0.84,30,21,9,9,0.3,151202.0,3-O-Acetyloleanolic acid,0.84,0.7258,"HIGH=10, MED=0, LOW=0"
38,Pterocarpus SANTALINUS L. f.,Fabaceae,xo,Xanthine Oxidase (XDH),6,30,30,4,14,2,0.5,0.14285714285714285,0.283325,0.31335,0.4333,2,0,2,2,0.13333333333333333,5281727.0,Pterostilbene,0.4333,0.5135,"HIGH=4, MED=0, LOW=0"
38,Pterocarpus SANTALINUS L. f.,Fabaceae,xo,Xanthine Oxidase (XDH),5,30,30,4,14,3,0.75,0.5,0.5570999999999999,0.5517,0.8367,18,15,3,3,0.13333333333333333,638278.0,Isoliquiritigenin,0.8367,0.5833,"HIGH=4, MED=0, LOW=0"
38,Pterocarpus SANTALINUS L. f.,Fabaceae,maoa,MAO-A (CHRFAM7A/MAOA),6,30,30,7,12,0,0.0,0.08333333333333333,0.20055714285714285,0.2323,0.48,2,2,0,0,0.23333333333333334,1715306.0,Pterocarpin,0.3033,0.6078,"HIGH=7, MED=0, LOW=0"
38,Pterocarpus SANTALINUS L. f.,Fabaceae,maoa,MAO-A (CHRFAM7A/MAOA),5,30,30,7,12,4,0.5714285714285714,0.6666666666666666,0.38572857142857137,0.3817,0.6067,25,21,4,4,0.23333333333333334,638278.0,Isoliquiritigenin,0.4967,0.8182,"HIGH=7, MED=0, LOW=0"
43,Lagerstroemia speciosa(l.) Pers.,Lythraceae,cox1,COX-1 (PTGS1),6,82,82,7,51,0,0.0,0.7058823529411765,0.27905714285714284,0.2767,0.61,46,46,0,0,0.08536585365853659,157395.0,Stachyurin,0.3683,0.4556,"HIGH=7, MED=0, LOW=1"
43,Lagerstroemia speciosa(l.) Pers.,Lythraceae,cox1,COX-1 (PTGS1),5,82,82,7,51,1,0.14285714285714285,0.8627450980392157,0.29778571428571426,0.3122,0.6792,75,74,1,1,0.08536585365853659,157395.0,Stachyurin,0.4667,0.4556,"HIGH=7, MED=0, LOW=1"
43,Lagerstroemia speciosa(l.) Pers.,Lythraceae,cox2,COX-2 (PTGS2),6,82,82,15,59,1,0.06666666666666667,0.03389830508474576,0.19489333333333334,0.1767,0.5667,10,9,1,1,0.18292682926829268,157395.0,Stachyurin,0.5667,0.4556,"HIGH=14, MED=2, LOW=1"
43,Lagerstroemia speciosa(l.) Pers.,Lythraceae,cox2,COX-2 (PTGS2),5,82,82,15,59,14,0.9333333333333333,0.9830508474576272,0.5674466666666668,0.7717,0.83,81,67,14,14,0.18292682926829268,10494.0,Oleanolic acid,0.83,0.7586,"HIGH=14, MED=2, LOW=1"
43,Lagerstroemia speciosa(l.) Pers.,Lythraceae,xo,Xanthine Oxidase (XDH),6,82,82,5,34,2,0.4,0.11764705882352941,0.26765999999999995,0.1483,0.5517,5,3,2,2,0.06097560975609756,6844.0,1-hydroxy-2-naphthoic acid,0.5517,0.4,"HIGH=4, MED=1, LOW=0"
43,Lagerstroemia speciosa(l.) Pers.,Lythraceae,xo,Xanthine Oxidase (XDH),5,82,82,5,34,4,0.8,0.7647058823529411,0.40068000000000004,0.35,0.5833,52,48,4,4,0.06097560975609756,6844.0,1-hydroxy-2-naphthoic acid,0.5833,0.4,"HIGH=4, MED=1, LOW=0"
43,Lagerstroemia speciosa(l.) Pers.,Lythraceae,maoa,MAO-A (CHRFAM7A/MAOA),6,82,82,5,12,0,0.0,0.0,0.20865999999999998,0.2217,0.49,3,3,0,0,0.06097560975609756,7362.0,Furfural,0.2733,0.4,"HIGH=5, MED=0, LOW=0"
43,Lagerstroemia speciosa(l.) Pers.,Lythraceae,maoa,MAO-A (CHRFAM7A/MAOA),5,82,82,5,12,2,0.4,0.3333333333333333,0.37073999999999996,0.37,0.6983,73,71,2,2,0.06097560975609756,13250.0,Ethyl gallate,0.4604,0.4722,"HIGH=5, MED=0, LOW=0"
49,Sesamum indicum L.,Pedaliaceae,cox1,COX-1 (PTGS1),6,72,72,8,25,4,0.5,0.48,0.407925,0.4125,0.6683,42,38,4,4,0.1111111111111111,460.0,Guaiacol,0.65,0.5,"HIGH=8, MED=0, LOW=0"
49,Sesamum indicum L.,Pedaliaceae,cox1,COX-1 (PTGS1),5,72,72,8,25,6,0.75,0.92,0.4796125,0.4284,0.7592,69,63,6,6,0.1111111111111111,460.0,Guaiacol,0.7592,0.5,"HIGH=8, MED=0, LOW=0"
49,Sesamum indicum L.,Pedaliaceae,cox2,COX-2 (PTGS2),6,72,72,10,32,0,0.0,0.03125,0.18734,0.2183,0.5833,10,10,0,0,0.1388888888888889,6054.0,2-Phenylethanol,0.3167,0.4286,"HIGH=10, MED=0, LOW=0"
49,Sesamum indicum L.,Pedaliaceae,cox2,COX-2 (PTGS2),5,72,72,10,32,9,0.9,0.96875,0.42495000000000005,0.41705,0.8133,71,62,9,9,0.1388888888888889,9898760.0,Esculentic acid,0.8133,0.4342,"HIGH=10, MED=0, LOW=0"
49,Sesamum indicum L.,Pedaliaceae,xo,Xanthine Oxidase (XDH),6,72,72,3,27,0,0.0,0.07407407407407407,0.07833333333333332,0.07,0.485,3,3,0,0,0.041666666666666664,6476333.0,Isoacteoside,0.12,0.4634,"HIGH=3, MED=0, LOW=0"
49,Sesamum indicum L.,Pedaliaceae,xo,Xanthine Oxidase (XDH),5,72,72,3,27,0,0.0,0.4074074074074074,0.16556666666666667,0.1667,0.5567,41,41,0,0,0.041666666666666664,6476333.0,Isoacteoside,0.2117,0.4634,"HIGH=3, MED=0, LOW=0"
49,Sesamum indicum L.,Pedaliaceae,maoa,MAO-A (CHRFAM7A/MAOA),6,72,72,5,24,0,0.0,0.08333333333333333,0.13964,0.1398,0.4483,5,5,0,0,0.06944444444444445,73399.0,Pinoresinol,0.1981,0.4,"HIGH=5, MED=0, LOW=0"
49,Sesamum indicum L.,Pedaliaceae,maoa,MAO-A (CHRFAM7A/MAOA),5,72,72,5,24,3,0.6,0.7083333333333334,0.39790000000000003,0.4175,0.6536,60,57,3,3,0.06944444444444445,460.0,Guaiacol,0.465,0.4054,"HIGH=5, MED=0, LOW=0"
55,Saccharum officinarum L.,Poaceae,cox1,COX-1 (PTGS1),6,70,70,12,34,4,0.3333333333333333,0.3235294117647059,0.34555833333333336,0.30169999999999997,0.7117,34,30,4,4,0.17142857142857143,1188.0,Xanthine,0.6767,0.4,"HIGH=12, MED=0, LOW=0"
55,Saccharum officinarum L.,Poaceae,cox1,COX-1 (PTGS1),5,70,70,12,34,7,0.5833333333333334,0.7941176470588235,0.3984583333333333,0.38415,0.7617,63,56,7,7,0.17142857142857143,1188.0,Xanthine,0.638,0.4,"HIGH=12, MED=0, LOW=0"
55,Saccharum officinarum L.,Poaceae,cox2,COX-2 (PTGS2),6,70,70,10,34,0,0.0,0.029411764705882353,0.10245000000000001,0.0774,0.5833,11,11,0,0,0.14285714285714285,938.0,Nicotinic acid,0.2667,0.5143,"HIGH=10, MED=0, LOW=0"
55,Saccharum officinarum L.,Poaceae,cox2,COX-2 (PTGS2),5,70,70,10,34,7,0.7,0.9117647058823529,0.31751999999999997,0.292,0.7639,67,60,7,7,0.14285714285714285,5281603.0,Axillarin,0.5567,0.4151,"HIGH=10, MED=0, LOW=0"
55,Saccharum officinarum L.,Poaceae,xo,Xanthine Oxidase (XDH),6,70,70,18,29,0,0.0,0.06896551724137931,0.17138888888888887,0.1483,0.485,3,3,0,0,0.2571428571428571,717531.0,"3,4-Dimethoxycinnamic acid",0.3417,0.4222,"HIGH=19, MED=0, LOW=0"
55,Saccharum officinarum L.,Poaceae,xo,Xanthine Oxidase (XDH),5,70,70,18,29,9,0.5,0.6206896551724138,0.3153833333333333,0.2958,0.5567,41,32,9,9,0.2571428571428571,637542.0,p-Coumaric acid,0.55,0.6,"HIGH=19, MED=0, LOW=0"
55,Saccharum officinarum L.,Poaceae,maoa,MAO-A (CHRFAM7A/MAOA),6,70,70,6,16,0,0.0,0.0625,0.14195000000000002,0.1325,0.48,5,5,0,0,0.08571428571428572,689043.0,Caffeic acid,0.25,0.5263,"HIGH=6, MED=0, LOW=0"
55,Saccharum officinarum L.,Poaceae,maoa,MAO-A (CHRFAM7A/MAOA),5,70,70,6,16,3,0.5,0.5,0.3627666666666667,0.37915,0.6536,59,56,3,3,0.08571428571428572,445858.0,Ferulic acid,0.4983,0.5814,"HIGH=6, MED=0, LOW=0"
59,Santalum album L.,Santalaceae,cox1,COX-1 (PTGS1),6,88,88,5,17,2,0.4,0.17647058823529413,0.36001999999999995,0.3717,0.6533,31,29,2,2,0.056818181818181816,7144.0,2-Methoxy-4-methylphenol,0.435,0.4324,"HIGH=5, MED=0, LOW=0"
59,Santalum album L.,Santalaceae,cox1,COX-1 (PTGS1),5,88,88,5,17,3,0.6,0.8823529411764706,0.38830000000000003,0.4117,0.7375,83,80,3,3,0.056818181818181816,7144.0,2-Methoxy-4-methylphenol,0.5067,0.4324,"HIGH=5, MED=0, LOW=0"
59,Santalum album L.,Santalaceae,cox2,COX-2 (PTGS2),6,88,88,3,16,0,0.0,0.0,0.0789,0.0433,0.4111,7,7,0,0,0.03409090909090909,62465.0,4-Ethyl-2-methoxyphenol,0.1667,0.5172,"HIGH=3, MED=0, LOW=0"
59,Santalum album L.,Santalaceae,cox2,COX-2 (PTGS2),5,88,88,3,16,3,1.0,1.0,0.2895666666666667,0.215,0.8033,88,85,3,3,0.03409090909090909,62465.0,4-Ethyl-2-methoxyphenol,0.4604,0.5172,"HIGH=3, MED=0, LOW=0"
59,Santalum album L.,Santalaceae,xo,Xanthine Oxidase (XDH),6,88,88,0,8,0,,0.0,,,0.3933,0,0,0,0,0.0,,None (No strict-domain compound),,,"HIGH=0, MED=0, LOW=0"
59,Santalum album L.,Santalaceae,xo,Xanthine Oxidase (XDH),5,88,88,0,8,0,,0.5,,,0.45,39,39,0,0,0.0,,None (No strict-domain compound),,,"HIGH=0, MED=0, LOW=0"
59,Santalum album L.,Santalaceae,maoa,MAO-A (CHRFAM7A/MAOA),6,88,88,1,7,0,0.0,0.0,0.2533,0.2533,0.4067,0,0,0,0,0.011363636363636364,332.0,2-Methoxy-4-vinylphenol,0.2533,0.4762,"HIGH=1, MED=0, LOW=0"
59,Santalum album L.,Santalaceae,maoa,MAO-A (CHRFAM7A/MAOA),5,88,88,1,7,1,1.0,1.0,0.6083,0.6083,0.6604,82,81,1,1,0.011363636363636364,332.0,2-Methoxy-4-vinylphenol,0.6083,0.4762,"HIGH=1, MED=0, LOW=0"
60,Macaranga peltata (Roxb.)Muell.-Arg.,Euphorbiaceae,cox1,COX-1 (PTGS1),6,24,24,6,12,0,0.0,0.0,0.2275,0.21415,0.5967,2,2,0,0,0.25,73568.0,Corilagin,0.35,0.5059,"HIGH=5, MED=0, LOW=1"
60,Macaranga peltata (Roxb.)Muell.-Arg.,Euphorbiaceae,cox1,COX-1 (PTGS1),5,24,24,6,12,6,1.0,0.9166666666666666,0.47008333333333335,0.4521,0.6547,22,16,6,6,0.25,441933.0,Musennin,0.6547,0.5074,"HIGH=5, MED=0, LOW=1"
60,Macaranga peltata (Roxb.)Muell.-Arg.,Euphorbiaceae,cox2,COX-2 (PTGS2),6,24,24,8,14,1,0.125,0.07142857142857142,0.2627875,0.26,0.4867,5,4,1,1,0.3333333333333333,73568.0,Corilagin,0.4867,0.5059,"HIGH=7, MED=0, LOW=1"
60,Macaranga peltata (Roxb.)Muell.-Arg.,Euphorbiaceae,cox2,COX-2 (PTGS2),5,24,24,8,14,8,1.0,1.0,0.672775,0.6792,0.8322,24,16,8,8,0.3333333333333333,441933.0,Musennin,0.8322,0.5074,"HIGH=7, MED=0, LOW=1"
60,Macaranga peltata (Roxb.)Muell.-Arg.,Euphorbiaceae,xo,Xanthine Oxidase (XDH),6,24,24,6,11,0,0.0,0.0,0.18528333333333333,0.17085,0.3533,0,0,0,0,0.25,5281612.0,Diosmetin,0.3083,0.5686,"HIGH=5, MED=0, LOW=1"
60,Macaranga peltata (Roxb.)Muell.-Arg.,Euphorbiaceae,xo,Xanthine Oxidase (XDH),5,24,24,6,11,5,0.8333333333333334,0.7272727272727273,0.4652833333333333,0.5325,0.6167,15,10,5,5,0.25,5281612.0,Diosmetin,0.6167,0.5686,"HIGH=5, MED=0, LOW=1"
60,Macaranga peltata (Roxb.)Muell.-Arg.,Euphorbiaceae,maoa,MAO-A (CHRFAM7A/MAOA),6,24,24,7,11,2,0.2857142857142857,0.18181818181818182,0.2973857142857143,0.2283,0.87,4,2,2,2,0.2916666666666667,5281691.0,Rhamnetin,0.87,0.8095,"HIGH=7, MED=0, LOW=0"
60,Macaranga peltata (Roxb.)Muell.-Arg.,Euphorbiaceae,maoa,MAO-A (CHRFAM7A/MAOA),5,24,24,7,11,5,0.7142857142857143,0.7272727272727273,0.48684285714285724,0.4117,0.8,19,14,5,5,0.2916666666666667,5281691.0,Rhamnetin,0.8,0.8095,"HIGH=7, MED=0, LOW=0"
61,Mallotus philippensis (Lam.) Muell.-Arg.,Euphorbiaceae,cox1,COX-1 (PTGS1),6,46,46,5,18,1,0.2,0.3888888888888889,0.244,0.1667,0.69,28,27,1,1,0.10869565217391304,6919.0,2-Furoic acid,0.53,0.4571,"HIGH=5, MED=0, LOW=0"
61,Mallotus philippensis (Lam.) Muell.-Arg.,Euphorbiaceae,cox1,COX-1 (PTGS1),5,46,46,5,18,4,0.8,0.8333333333333334,0.38498,0.4083,0.835,42,38,4,4,0.10869565217391304,6919.0,2-Furoic acid,0.4914,0.4571,"HIGH=5, MED=0, LOW=0"
61,Mallotus philippensis (Lam.) Muell.-Arg.,Euphorbiaceae,cox2,COX-2 (PTGS2),6,46,46,11,20,2,0.18181818181818182,0.1,0.22121818181818184,0.19,0.5133,10,8,2,2,0.2391304347826087,637760.0,trans-chalcone,0.5133,0.4,"HIGH=10, MED=1, LOW=0"
61,Mallotus philippensis (Lam.) Muell.-Arg.,Euphorbiaceae,cox2,COX-2 (PTGS2),5,46,46,11,20,10,0.9090909090909091,0.95,0.4533909090909091,0.4467,0.83,45,35,10,10,0.2391304347826087,10494.0,Oleanolic acid,0.83,0.7586,"HIGH=10, MED=1, LOW=0"
61,Mallotus philippensis (Lam.) Muell.-Arg.,Euphorbiaceae,xo,Xanthine Oxidase (XDH),6,46,46,7,15,0,0.0,0.06666666666666667,0.30522857142857146,0.32,0.545,5,5,0,0,0.15217391304347827,637760.0,trans-chalcone,0.3883,0.5806,"HIGH=6, MED=1, LOW=0"
61,Mallotus philippensis (Lam.) Muell.-Arg.,Euphorbiaceae,xo,Xanthine Oxidase (XDH),5,46,46,7,15,7,1.0,0.8,0.5547714285714286,0.515,0.715,35,28,7,7,0.15217391304347827,10472189.0,4-Methoxylonchocarpin,0.715,0.4754,"HIGH=6, MED=1, LOW=0"
61,Mallotus philippensis (Lam.) Muell.-Arg.,Euphorbiaceae,maoa,MAO-A (CHRFAM7A/MAOA),6,46,46,12,21,2,0.16666666666666666,0.14285714285714285,0.27615833333333334,0.22835,0.5333,3,1,2,2,0.2608695652173913,5280863.0,Kaempferol,0.5333,0.75,"HIGH=11, MED=1, LOW=0"
61,Mallotus philippensis (Lam.) Muell.-Arg.,Euphorbiaceae,maoa,MAO-A (CHRFAM7A/MAOA),5,46,46,12,21,6,0.5,0.6666666666666666,0.43049166666666655,0.39585,0.7083,37,31,6,6,0.2608695652173913,5827.0,4-Methoxyacetanilide,0.6467,0.5312,"HIGH=11, MED=1, LOW=0"
62,Phyllanthus niruri L.,Euphorbiaceae,cox1,COX-1 (PTGS1),6,3,3,1,2,0,0.0,0.5,0.35,0.35,0.58,1,1,0,0,0.3333333333333333,73568.0,Corilagin,0.35,0.5059,"HIGH=1, MED=0, LOW=0"
62,Phyllanthus niruri L.,Euphorbiaceae,cox1,COX-1 (PTGS1),5,3,3,1,2,1,1.0,1.0,0.4692,0.4692,0.715,3,2,1,1,0.3333333333333333,73568.0,Corilagin,0.4692,0.5059,"HIGH=1, MED=0, LOW=0"
62,Phyllanthus niruri L.,Euphorbiaceae,cox2,COX-2 (PTGS2),6,3,3,1,2,1,1.0,0.5,0.4867,0.4867,0.4867,1,0,1,1,0.3333333333333333,73568.0,Corilagin,0.4867,0.5059,"HIGH=1, MED=0, LOW=0"
62,Phyllanthus niruri L.,Euphorbiaceae,cox2,COX-2 (PTGS2),5,3,3,1,2,1,1.0,1.0,0.7167,0.7167,0.7167,3,2,1,1,0.3333333333333333,73568.0,Corilagin,0.7167,0.5059,"HIGH=1, MED=0, LOW=0"
62,Phyllanthus niruri L.,Euphorbiaceae,xo,Xanthine Oxidase (XDH),6,3,3,0,0,0,,,,,0.3183,0,0,0,0,0.0,,None (No strict-domain compound),,,"HIGH=0, MED=0, LOW=0"
62,Phyllanthus niruri L.,Euphorbiaceae,xo,Xanthine Oxidase (XDH),5,3,3,0,0,0,,,,,0.4617,3,3,0,0,0.0,,None (No strict-domain compound),,,"HIGH=0, MED=0, LOW=0"
62,Phyllanthus niruri L.,Euphorbiaceae,maoa,MAO-A (CHRFAM7A/MAOA),6,3,3,0,1,0,,0.0,,,0.495,1,1,0,0,0.0,,None (No strict-domain compound),,,"HIGH=0, MED=0, LOW=0"
62,Phyllanthus niruri L.,Euphorbiaceae,maoa,MAO-A (CHRFAM7A/MAOA),5,3,3,0,1,0,,1.0,,,0.5057,3,3,0,0,0.0,,None (No strict-domain compound),,,"HIGH=0, MED=0, LOW=0"
65,Schleichera oleosa (Lour.)Merr.,Sapindaceae,cox1,COX-1 (PTGS1),6,24,24,5,10,0,0.0,0.4,0.29835999999999996,0.3267,0.6717,7,7,0,0,0.20833333333333334,5282767.0,Gadoleic acid,0.3267,0.4324,"HIGH=5, MED=0, LOW=0"
65,Schleichera oleosa (Lour.)Merr.,Sapindaceae,cox1,COX-1 (PTGS1),5,24,24,5,10,0,0.0,0.4,0.28409999999999996,0.3122,0.6985,18,18,0,0,0.20833333333333334,5282767.0,Gadoleic acid,0.3122,0.4324,"HIGH=5, MED=0, LOW=0"
65,Schleichera oleosa (Lour.)Merr.,Sapindaceae,cox2,COX-2 (PTGS2),6,24,24,1,11,0,0.0,0.0,0.21,0.21,0.41,5,5,0,0,0.041666666666666664,5280460.0,Scopoletin,0.21,0.4667,"HIGH=1, MED=0, LOW=0"
65,Schleichera oleosa (Lour.)Merr.,Sapindaceae,cox2,COX-2 (PTGS2),5,24,24,1,11,1,1.0,1.0,0.3817,0.3817,0.8033,24,23,1,1,0.041666666666666664,5280460.0,Scopoletin,0.3817,0.4667,"HIGH=1, MED=0, LOW=0"
65,Schleichera oleosa (Lour.)Merr.,Sapindaceae,xo,Xanthine Oxidase (XDH),6,24,24,1,8,0,0.0,0.0,0.0917,0.0917,0.2883,0,0,0,0,0.041666666666666664,5280460.0,Scopoletin,0.0917,0.4286,"HIGH=1, MED=0, LOW=0"
65,Schleichera oleosa (Lour.)Merr.,Sapindaceae,xo,Xanthine Oxidase (XDH),5,24,24,1,8,1,1.0,0.75,0.305,0.305,0.385,17,16,1,1,0.041666666666666664,5280460.0,Scopoletin,0.305,0.4286,"HIGH=1, MED=0, LOW=0"
65,Schleichera oleosa (Lour.)Merr.,Sapindaceae,maoa,MAO-A (CHRFAM7A/MAOA),6,24,24,0,1,0,,0.0,,,0.48,1,1,0,0,0.0,,None (No strict-domain compound),,,"HIGH=0, MED=0, LOW=0"
65,Schleichera oleosa (Lour.)Merr.,Sapindaceae,maoa,MAO-A (CHRFAM7A/MAOA),5,24,24,0,1,0,,0.0,,,0.6,22,22,0,0,0.0,,None (No strict-domain compound),,,"HIGH=0, MED=0, LOW=0"
68,Citrus limon (L.) Osbeck,Rutaceae,cox1,COX-1 (PTGS1),6,246,246,14,69,8,0.5714285714285714,0.391304347826087,0.39143571428571444,0.41165,0.805,132,124,8,8,0.056910569105691054,7150.0,Methyl benzoate,0.6183,0.4167,"HIGH=15, MED=0, LOW=0"
68,Citrus limon (L.) Osbeck,Rutaceae,cox1,COX-1 (PTGS1),5,246,246,14,67,12,0.8571428571428571,0.9253731343283582,0.5289714285714285,0.54,0.875,236,224,12,12,0.056910569105691054,10703.0,O-Cymene,0.8617,0.4783,"HIGH=15, MED=0, LOW=0"
68,Citrus limon (L.) Osbeck,Rutaceae,cox2,COX-2 (PTGS2),6,246,246,25,79,3,0.12,0.0379746835443038,0.156036,0.1275,0.4667,9,6,3,3,0.1016260162601626,145659.0,Sinensetin,0.4,0.4681,"HIGH=25, MED=0, LOW=0"
68,Citrus limon (L.) Osbeck,Rutaceae,cox2,COX-2 (PTGS2),5,246,246,24,80,22,0.9166666666666666,0.975,0.34853749999999994,0.3945,0.7736,244,222,22,22,0.0975609756097561,145659.0,Sinensetin,0.5783,0.4681,"HIGH=24, MED=0, LOW=0"
68,Citrus limon (L.) Osbeck,Rutaceae,xo,Xanthine Oxidase (XDH),6,246,246,4,32,0,0.0,0.0,0.22665000000000002,0.2258,0.3967,0,0,0,0,0.016260162601626018,68077.0,Tangeretin,0.26,0.4038,"HIGH=5, MED=0, LOW=0"
68,Citrus limon (L.) Osbeck,Rutaceae,xo,Xanthine Oxidase (XDH),5,246,246,4,32,3,0.75,0.78125,0.3271,0.33335,0.4733,121,118,3,3,0.016260162601626018,68077.0,Tangeretin,0.41,0.4038,"HIGH=5, MED=0, LOW=0"
68,Citrus limon (L.) Osbeck,Rutaceae,maoa,MAO-A (CHRFAM7A/MAOA),6,246,246,25,65,0,0.0,0.0,0.2334,0.235,0.4267,5,5,0,0,0.1016260162601626,68079.0,Isopimpinellin,0.3751,0.4419,"HIGH=27, MED=0, LOW=0"
68,Citrus limon (L.) Osbeck,Rutaceae,maoa,MAO-A (CHRFAM7A/MAOA),5,246,246,25,65,16,0.64,0.8153846153846154,0.43432000000000004,0.4367,0.7456,219,203,16,16,0.1016260162601626,7136.0,Acetyleugenol,0.6483,0.5918,"HIGH=27, MED=0, LOW=0"
70,Citrus reticulata Blanco,Rutaceae,cox1,COX-1 (PTGS1),6,626,626,70,222,19,0.2714285714285714,0.32432432432432434,0.3174571428571429,0.26915,0.815,331,312,19,19,0.11182108626198083,7515.0,Anilinomethane,0.815,0.5,"HIGH=65, MED=6, LOW=0"
70,Citrus reticulata Blanco,Rutaceae,cox1,COX-1 (PTGS1),5,626,626,70,220,43,0.6142857142857143,0.8227272727272728,0.44996142857142857,0.39249999999999996,0.8617,578,535,43,43,0.11182108626198083,10703.0,O-Cymene,0.8617,0.4783,"HIGH=65, MED=6, LOW=0"
70,Citrus reticulata Blanco,Rutaceae,cox2,COX-2 (PTGS2),6,626,626,93,258,8,0.08602150537634409,0.05426356589147287,0.16371612903225807,0.1275,0.51,30,22,8,8,0.1485623003194888,386331.0,"3',4',5,6,7-Hexamethoxyflavone",0.51,0.4038,"HIGH=88, MED=6, LOW=2"
70,Citrus reticulata Blanco,Rutaceae,cox2,COX-2 (PTGS2),5,626,626,93,259,88,0.946236559139785,0.9806949806949807,0.40968817204301067,0.395,0.8041,621,533,88,88,0.1485623003194888,135419634.0,3'-Chlorooxanilic acid N'-(3-ethoxy-4-hydroxybenzylidene)hydrazide,0.73,0.4219,"HIGH=88, MED=6, LOW=2"
70,Citrus reticulata Blanco,Rutaceae,xo,Xanthine Oxidase (XDH),6,626,626,90,168,4,0.044444444444444446,0.03571428571428571,0.20972111111111108,0.2025,0.505,9,5,4,4,0.14376996805111822,72281.0,Hesperitin,0.4667,0.5818,"HIGH=85, MED=3, LOW=4"
70,Citrus reticulata Blanco,Rutaceae,xo,Xanthine Oxidase (XDH),5,626,626,90,168,65,0.7222222222222222,0.7261904761904762,0.37777666666666665,0.37,0.7467,342,277,65,65,0.14376996805111822,5280960.0,Naringenin chalcone,0.7467,0.6,"HIGH=85, MED=3, LOW=4"
70,Citrus reticulata Blanco,Rutaceae,maoa,MAO-A (CHRFAM7A/MAOA),6,626,626,92,195,4,0.043478260869565216,0.03076923076923077,0.21959891304347828,0.2146,0.5767,15,11,4,4,0.14696485623003194,466268.0,7-Methoxy-2-phenyl4H-chromen-4-one,0.5767,0.575,"HIGH=86, MED=8, LOW=1"
70,Citrus reticulata Blanco,Rutaceae,maoa,MAO-A (CHRFAM7A/MAOA),5,626,626,92,195,43,0.4673913043478261,0.6564102564102564,0.39200108695652175,0.36335,0.7456,526,483,43,43,0.14696485623003194,81886.0,o-Isopropenyltoluene,0.7022,0.5,"HIGH=86, MED=8, LOW=1"
74,Carum carvi L.,Apiaceae,cox1,COX-1 (PTGS1),6,130,130,5,33,4,0.8,0.6060606060606061,0.43499999999999994,0.435,0.6767,91,87,4,4,0.038461538461538464,1549045.0,Trans-methyl isoeugenol,0.585,0.6333,"HIGH=7, MED=0, LOW=0"
74,Carum carvi L.,Apiaceae,cox1,COX-1 (PTGS1),5,130,130,5,32,5,1.0,1.0,0.67,0.7167,0.8183,130,125,5,5,0.038461538461538464,138048.0,3-Benzyloxyphenol,0.8183,0.6207,"HIGH=7, MED=0, LOW=0"
74,Carum carvi L.,Apiaceae,cox2,COX-2 (PTGS2),6,130,130,6,25,0,0.0,0.0,0.14168333333333333,0.1117,0.45,5,5,0,0,0.046153846153846156,10248.0,Elemicin,0.35,0.5714,"HIGH=8, MED=0, LOW=0"
74,Carum carvi L.,Apiaceae,cox2,COX-2 (PTGS2),5,130,130,6,25,6,1.0,1.0,0.3484833333333333,0.26854999999999996,0.7506,130,124,6,6,0.046153846153846156,138048.0,3-Benzyloxyphenol,0.585,0.6207,"HIGH=8, MED=0, LOW=0"
74,Carum carvi L.,Apiaceae,xo,Xanthine Oxidase (XDH),6,130,130,4,10,0,0.0,0.0,0.281675,0.275,0.3967,0,0,0,0,0.03076923076923077,138048.0,3-Benzyloxyphenol,0.3467,0.413,"HIGH=6, MED=0, LOW=0"
74,Carum carvi L.,Apiaceae,xo,Xanthine Oxidase (XDH),5,130,130,4,10,4,1.0,1.0,0.385,0.39085000000000003,0.4867,72,68,4,4,0.03076923076923077,31244.0,4-Methoxybenzaldehyde,0.4433,0.4286,"HIGH=6, MED=0, LOW=0"
74,Carum carvi L.,Apiaceae,maoa,MAO-A (CHRFAM7A/MAOA),6,130,130,6,18,0,0.0,0.0,0.1607166666666667,0.1575,0.4383,3,3,0,0,0.046153846153846156,31244.0,4-Methoxybenzaldehyde,0.2712,0.4286,"HIGH=8, MED=0, LOW=0"
74,Carum carvi L.,Apiaceae,maoa,MAO-A (CHRFAM7A/MAOA),5,130,130,6,18,2,0.3333333333333333,0.7222222222222222,0.39536666666666664,0.36750000000000005,0.6767,113,111,2,2,0.046153846153846156,3314.0,Eugenol,0.6,0.5532,"HIGH=8, MED=0, LOW=0"
75,Ferula foetida (Bunge) Regel,Apiaceae,cox1,COX-1 (PTGS1),6,117,117,6,14,1,0.16666666666666666,0.21428571428571427,0.33835,0.3267,0.76,59,58,1,1,0.05128205128205128,13067.0,Ethyl 3-indoleacetate,0.4833,0.434,"HIGH=5, MED=1, LOW=0"
75,Ferula foetida (Bunge) Regel,Apiaceae,cox1,COX-1 (PTGS1),5,117,117,6,13,3,0.5,0.7692307692307693,0.3940333333333333,0.34609999999999996,0.8083,99,96,3,3,0.05128205128205128,13067.0,Ethyl 3-indoleacetate,0.6892,0.434,"HIGH=5, MED=1, LOW=0"
75,Ferula foetida (Bunge) Regel,Apiaceae,cox2,COX-2 (PTGS2),6,117,117,5,22,0,0.0,0.09090909090909091,0.14068,0.17,0.5067,15,15,0,0,0.042735042735042736,23691027.0,Microbin,0.2767,0.4667,"HIGH=5, MED=0, LOW=0"
75,Ferula foetida (Bunge) Regel,Apiaceae,cox2,COX-2 (PTGS2),5,117,117,5,22,3,0.6,0.9090909090909091,0.38822000000000007,0.38,0.815,115,112,3,3,0.042735042735042736,23691027.0,Microbin,0.7056,0.4667,"HIGH=5, MED=0, LOW=0"
75,Ferula foetida (Bunge) Regel,Apiaceae,xo,Xanthine Oxidase (XDH),6,117,117,2,6,0,0.0,0.16666666666666666,0.2192,0.2192,0.55,5,5,0,0,0.017094017094017096,445858.0,Ferulic acid,0.2567,0.4348,"HIGH=1, MED=1, LOW=0"
75,Ferula foetida (Bunge) Regel,Apiaceae,xo,Xanthine Oxidase (XDH),5,117,117,2,6,1,0.5,0.6666666666666666,0.35250000000000004,0.35250000000000004,0.53,79,78,1,1,0.017094017094017096,445858.0,Ferulic acid,0.4083,0.4348,"HIGH=1, MED=1, LOW=0"
75,Ferula foetida (Bunge) Regel,Apiaceae,maoa,MAO-A (CHRFAM7A/MAOA),6,117,117,11,27,1,0.09090909090909091,0.037037037037037035,0.22227272727272726,0.24,0.44,1,0,1,1,0.09401709401709402,23691027.0,Microbin,0.44,0.4062,"HIGH=7, MED=8, LOW=0"
75,Ferula foetida (Bunge) Regel,Apiaceae,maoa,MAO-A (CHRFAM7A/MAOA),5,117,117,11,27,9,0.8181818181818182,0.9259259259259259,0.43965454545454535,0.4275,0.6604,110,101,9,9,0.09401709401709402,13067.0,Ethyl 3-indoleacetate,0.6429,0.4524,"HIGH=7, MED=8, LOW=0"
77,Strychnos potatorum L. f.,Loganiaceae,cox1,COX-1 (PTGS1),6,37,37,7,15,1,0.14285714285714285,0.4666666666666667,0.3031142857142857,0.3267,0.5383,14,13,1,1,0.1891891891891892,637775.0,Sinapic acid,0.3917,0.5789,"HIGH=7, MED=0, LOW=0"
77,Strychnos potatorum L. f.,Loganiaceae,cox1,COX-1 (PTGS1),5,37,37,7,15,4,0.5714285714285714,0.8,0.4449142857142857,0.3483,0.765,34,30,4,4,0.1891891891891892,75231.0,4-Methoxysalicylic acid,0.67,0.4324,"HIGH=7, MED=0, LOW=0"
77,Strychnos potatorum L. f.,Loganiaceae,cox2,COX-2 (PTGS2),6,37,37,8,15,1,0.125,0.06666666666666667,0.1676375,0.095,0.6967,17,16,1,1,0.21621621621621623,441983.0,Angustine,0.6967,0.5273,"HIGH=8, MED=0, LOW=0"
77,Strychnos potatorum L. f.,Loganiaceae,cox2,COX-2 (PTGS2),5,37,37,8,15,7,0.875,0.9333333333333333,0.38892499999999997,0.3104,0.83,36,29,7,7,0.21621621621621623,10494.0,Oleanolic acid,0.83,0.7586,"HIGH=8, MED=0, LOW=0"
77,Strychnos potatorum L. f.,Loganiaceae,xo,Xanthine Oxidase (XDH),6,37,37,3,12,1,0.3333333333333333,0.25,0.3911,0.2717,0.7083,5,4,1,1,0.08108108108108109,75231.0,4-Methoxysalicylic acid,0.7083,0.5111,"HIGH=3, MED=0, LOW=0"
77,Strychnos potatorum L. f.,Loganiaceae,xo,Xanthine Oxidase (XDH),5,37,37,3,12,3,1.0,0.8333333333333334,0.5783333333333333,0.565,0.7417,32,29,3,3,0.08108108108108109,75231.0,4-Methoxysalicylic acid,0.7417,0.5111,"HIGH=3, MED=0, LOW=0"
77,Strychnos potatorum L. f.,Loganiaceae,maoa,MAO-A (CHRFAM7A/MAOA),6,37,37,3,7,1,0.3333333333333333,0.14285714285714285,0.31503333333333333,0.2267,0.4967,7,6,1,1,0.08108108108108109,5280343.0,Quercetin,0.4967,0.6744,"HIGH=3, MED=0, LOW=0"
77,Strychnos potatorum L. f.,Loganiaceae,maoa,MAO-A (CHRFAM7A/MAOA),5,37,37,3,7,2,0.6666666666666666,0.5714285714285714,0.4063666666666667,0.4233,0.6623,34,32,2,2,0.08108108108108109,8468.0,Vanillic acid,0.4408,0.4,"HIGH=3, MED=0, LOW=0"
78,Holarrhena pubescens Wall.ex G.Don,Apocynaceae,cox1,COX-1 (PTGS1),6,103,103,16,38,4,0.25,0.3157894736842105,0.30094374999999995,0.26835,0.8617,35,31,4,4,0.1553398058252427,338.0,Salicylic acid,0.8617,0.4242,"HIGH=16, MED=0, LOW=0"
78,Holarrhena pubescens Wall.ex G.Don,Apocynaceae,cox1,COX-1 (PTGS1),5,103,103,16,38,10,0.625,0.8157894736842105,0.43952499999999994,0.4633,0.83,94,84,10,10,0.1553398058252427,338.0,Salicylic acid,0.7783,0.4242,"HIGH=16, MED=0, LOW=0"
78,Holarrhena pubescens Wall.ex G.Don,Apocynaceae,cox2,COX-2 (PTGS2),6,103,103,21,47,1,0.047619047619047616,0.0425531914893617,0.14545714285714284,0.1167,0.4667,19,18,1,1,0.20388349514563106,2146.0,aminoguanidine,0.37,0.4286,"HIGH=22, MED=0, LOW=0"
78,Holarrhena pubescens Wall.ex G.Don,Apocynaceae,cox2,COX-2 (PTGS2),5,103,103,21,47,17,0.8095238095238095,0.9148936170212766,0.4524428571428571,0.4633,0.83,99,82,17,17,0.20388349514563106,10494.0,Oleanolic acid,0.83,0.7586,"HIGH=22, MED=0, LOW=0"
78,Holarrhena pubescens Wall.ex G.Don,Apocynaceae,xo,Xanthine Oxidase (XDH),6,103,103,17,29,0,0.0,0.06896551724137931,0.19695882352941177,0.1817,0.475,3,3,0,0,0.1650485436893204,5280442.0,acacetin,0.3883,0.6809,"HIGH=17, MED=0, LOW=0"
78,Holarrhena pubescens Wall.ex G.Don,Apocynaceae,xo,Xanthine Oxidase (XDH),5,103,103,17,29,11,0.6470588235294118,0.6896551724137931,0.35822941176470585,0.3667,0.5683,72,61,11,11,0.1650485436893204,5280442.0,acacetin,0.5683,0.6809,"HIGH=17, MED=0, LOW=0"
78,Holarrhena pubescens Wall.ex G.Don,Apocynaceae,maoa,MAO-A (CHRFAM7A/MAOA),6,103,103,26,44,3,0.11538461538461539,0.09090909090909091,0.2302153846153846,0.22210000000000002,0.5533,7,4,3,3,0.2524271844660194,5280373.0,Biochanin A,0.5533,0.617,"HIGH=26, MED=0, LOW=0"
78,Holarrhena pubescens Wall.ex G.Don,Apocynaceae,maoa,MAO-A (CHRFAM7A/MAOA),5,103,103,26,44,20,0.7692307692307693,0.7954545454545454,0.4455,0.43665,0.735,91,71,20,20,0.2524271844660194,5281855.0,Ellagic acid,0.735,1.0,"HIGH=26, MED=0, LOW=0"
85,Solanum indicum L.,Solanaceae,cox1,COX-1 (PTGS1),6,11,11,0,0,0,,,,,0.395,1,1,0,0,0.0,,None (No strict-domain compound),,,"HIGH=0, MED=0, LOW=0"
85,Solanum indicum L.,Solanaceae,cox1,COX-1 (PTGS1),5,11,11,0,0,0,,,,,0.6543,11,11,0,0,0.0,,None (No strict-domain compound),,,"HIGH=0, MED=0, LOW=0"
85,Solanum indicum L.,Solanaceae,cox2,COX-2 (PTGS2),6,11,11,0,0,0,,,,,0.4433,8,8,0,0,0.0,,None (No strict-domain compound),,,"HIGH=0, MED=0, LOW=0"
85,Solanum indicum L.,Solanaceae,cox2,COX-2 (PTGS2),5,11,11,0,0,0,,,,,0.7452,11,11,0,0,0.0,,None (No strict-domain compound),,,"HIGH=0, MED=0, LOW=0"
85,Solanum indicum L.,Solanaceae,xo,Xanthine Oxidase (XDH),6,11,11,0,4,0,,0.0,,,0.3167,0,0,0,0,0.0,,None (No strict-domain compound),,,"HIGH=0, MED=0, LOW=0"
85,Solanum indicum L.,Solanaceae,xo,Xanthine Oxidase (XDH),5,11,11,0,4,0,,0.0,,,0.41,3,3,0,0,0.0,,None (No strict-domain compound),,,"HIGH=0, MED=0, LOW=0"
85,Solanum indicum L.,Solanaceae,maoa,MAO-A (CHRFAM7A/MAOA),6,11,11,0,0,0,,,,,0.4092,0,0,0,0,0.0,,None (No strict-domain compound),,,"HIGH=0, MED=0, LOW=0"
85,Solanum indicum L.,Solanaceae,maoa,MAO-A (CHRFAM7A/MAOA),5,11,11,0,0,0,,,,,0.5662,11,11,0,0,0.0,,None (No strict-domain compound),,,"HIGH=0, MED=0, LOW=0"
90,Schleichera oleosa (Lour.) Merr.,Sapindaceae,cox1,COX-1 (PTGS1),6,24,24,5,10,0,0.0,0.4,0.29835999999999996,0.3267,0.6717,7,7,0,0,0.20833333333333334,5282767.0,Gadoleic acid,0.3267,0.4324,"HIGH=5, MED=0, LOW=0"
90,Schleichera oleosa (Lour.) Merr.,Sapindaceae,cox1,COX-1 (PTGS1),5,24,24,5,10,0,0.0,0.4,0.28409999999999996,0.3122,0.6985,18,18,0,0,0.20833333333333334,5282767.0,Gadoleic acid,0.3122,0.4324,"HIGH=5, MED=0, LOW=0"
90,Schleichera oleosa (Lour.) Merr.,Sapindaceae,cox2,COX-2 (PTGS2),6,24,24,1,11,0,0.0,0.0,0.21,0.21,0.41,5,5,0,0,0.041666666666666664,5280460.0,Scopoletin,0.21,0.4667,"HIGH=1, MED=0, LOW=0"
90,Schleichera oleosa (Lour.) Merr.,Sapindaceae,cox2,COX-2 (PTGS2),5,24,24,1,11,1,1.0,1.0,0.3817,0.3817,0.8033,24,23,1,1,0.041666666666666664,5280460.0,Scopoletin,0.3817,0.4667,"HIGH=1, MED=0, LOW=0"
90,Schleichera oleosa (Lour.) Merr.,Sapindaceae,xo,Xanthine Oxidase (XDH),6,24,24,1,8,0,0.0,0.0,0.0917,0.0917,0.2883,0,0,0,0,0.041666666666666664,5280460.0,Scopoletin,0.0917,0.4286,"HIGH=1, MED=0, LOW=0"
90,Schleichera oleosa (Lour.) Merr.,Sapindaceae,xo,Xanthine Oxidase (XDH),5,24,24,1,8,1,1.0,0.75,0.305,0.305,0.385,17,16,1,1,0.041666666666666664,5280460.0,Scopoletin,0.305,0.4286,"HIGH=1, MED=0, LOW=0"
90,Schleichera oleosa (Lour.) Merr.,Sapindaceae,maoa,MAO-A (CHRFAM7A/MAOA),6,24,24,0,1,0,,0.0,,,0.48,1,1,0,0,0.0,,None (No strict-domain compound),,,"HIGH=0, MED=0, LOW=0"
90,Schleichera oleosa (Lour.) Merr.,Sapindaceae,maoa,MAO-A (CHRFAM7A/MAOA),5,24,24,0,1,0,,0.0,,,0.6,22,22,0,0,0.0,,None (No strict-domain compound),,,"HIGH=0, MED=0, LOW=0"
92,Abelmoschus MOSCHATUS Medik.,Malvaceae,cox1,COX-1 (PTGS1),6,139,139,9,55,5,0.5555555555555556,0.41818181818181815,0.44999999999999996,0.4333,0.86,66,61,5,5,0.06474820143884892,3102.0,Benzophenone,0.86,0.5,"HIGH=10, MED=0, LOW=0"
92,Abelmoschus MOSCHATUS Medik.,Malvaceae,cox1,COX-1 (PTGS1),5,139,139,9,55,8,0.8888888888888888,0.9818181818181818,0.6279111111111111,0.6656,0.9258,136,128,8,8,0.06474820143884892,3102.0,Benzophenone,0.9258,0.5,"HIGH=10, MED=0, LOW=0"
92,Abelmoschus MOSCHATUS Medik.,Malvaceae,cox2,COX-2 (PTGS2),6,139,139,10,62,0,0.0,0.016129032258064516,0.11959,0.1221,0.4817,10,10,0,0,0.07194244604316546,4133.0,Methyl salicylate,0.2567,0.4722,"HIGH=11, MED=0, LOW=0"
92,Abelmoschus MOSCHATUS Medik.,Malvaceae,cox2,COX-2 (PTGS2),5,139,139,10,62,10,1.0,1.0,0.46535000000000004,0.47730000000000006,0.7933,139,129,10,10,0.07194244604316546,73145.0,beta-Amyrin,0.7933,0.5645,"HIGH=11, MED=0, LOW=0"
92,Abelmoschus MOSCHATUS Medik.,Malvaceae,xo,Xanthine Oxidase (XDH),6,139,139,2,21,0,0.0,0.047619047619047616,0.15585000000000002,0.15585000000000002,0.4317,1,1,0,0,0.014388489208633094,5281672.0,Myricetin,0.1967,0.5319,"HIGH=2, MED=0, LOW=0"
92,Abelmoschus MOSCHATUS Medik.,Malvaceae,xo,Xanthine Oxidase (XDH),5,139,139,2,21,2,1.0,0.8095238095238095,0.60165,0.60165,0.65,90,88,2,2,0.014388489208633094,5281672.0,Myricetin,0.65,0.5319,"HIGH=2, MED=0, LOW=0"
92,Abelmoschus MOSCHATUS Medik.,Malvaceae,maoa,MAO-A (CHRFAM7A/MAOA),6,139,139,5,23,1,0.2,0.043478260869565216,0.28286,0.2505,0.46,4,3,1,1,0.03597122302158273,5486615.0,cannabiscitrin,0.46,0.459,"HIGH=5, MED=0, LOW=0"
92,Abelmoschus MOSCHATUS Medik.,Malvaceae,maoa,MAO-A (CHRFAM7A/MAOA),5,139,139,5,23,3,0.6,0.8260869565217391,0.38966000000000006,0.39,0.6717,127,124,3,3,0.03597122302158273,4133.0,Methyl salicylate,0.4883,0.4474,"HIGH=5, MED=0, LOW=0"
93,Abroma AUGUSTA (L.) L.f.,Sterculiaceae,cox1,COX-1 (PTGS1),6,20,20,4,9,0,0.0,0.1111111111111111,0.1846,0.185,0.69,9,9,0,0,0.2,5280343.0,Quercetin,0.2017,0.4167,"HIGH=4, MED=0, LOW=0"
93,Abroma AUGUSTA (L.) L.f.,Sterculiaceae,cox1,COX-1 (PTGS1),5,20,20,4,9,3,0.75,0.8888888888888888,0.39937500000000004,0.38455,0.7733,19,16,3,3,0.2,5280805.0,Rutin,0.5417,0.5342,"HIGH=4, MED=0, LOW=0"
93,Abroma AUGUSTA (L.) L.f.,Sterculiaceae,cox2,COX-2 (PTGS2),6,20,20,6,9,0,0.0,0.0,0.135,0.1117,0.38,3,3,0,0,0.3,5280805.0,Rutin,0.25,0.5342,"HIGH=6, MED=0, LOW=0"
93,Abroma AUGUSTA (L.) L.f.,Sterculiaceae,cox2,COX-2 (PTGS2),5,20,20,6,9,6,1.0,1.0,0.42711666666666664,0.43895,0.745,20,14,6,6,0.3,5280805.0,Rutin,0.6667,0.5342,"HIGH=6, MED=0, LOW=0"
93,Abroma AUGUSTA (L.) L.f.,Sterculiaceae,xo,Xanthine Oxidase (XDH),6,20,20,4,6,0,0.0,0.16666666666666666,0.21125000000000002,0.195,0.455,1,1,0,0,0.2,5280443.0,apigenin,0.3817,0.6591,"HIGH=4, MED=0, LOW=0"
93,Abroma AUGUSTA (L.) L.f.,Sterculiaceae,xo,Xanthine Oxidase (XDH),5,20,20,4,6,4,1.0,1.0,0.57375,0.5583499999999999,0.65,10,6,4,4,0.2,5281672.0,Myricetin,0.65,0.5319,"HIGH=4, MED=0, LOW=0"
93,Abroma AUGUSTA (L.) L.f.,Sterculiaceae,maoa,MAO-A (CHRFAM7A/MAOA),6,20,20,3,7,1,0.3333333333333333,0.2857142857142857,0.38056666666666666,0.4067,0.4967,2,1,1,1,0.15,5280343.0,Quercetin,0.4967,0.6744,"HIGH=3, MED=0, LOW=0"
93,Abroma AUGUSTA (L.) L.f.,Sterculiaceae,maoa,MAO-A (CHRFAM7A/MAOA),5,20,20,3,7,1,0.3333333333333333,0.5714285714285714,0.36389999999999995,0.3617,0.5662,15,14,1,1,0.15,5280343.0,Quercetin,0.4233,0.6744,"HIGH=3, MED=0, LOW=0"
94,Abrus PRECATORIUS L.,Fabaceae,cox1,COX-1 (PTGS1),6,127,127,9,32,5,0.5555555555555556,0.53125,0.4251888888888889,0.39,0.6767,65,60,5,5,0.07086614173228346,996.0,Phenol,0.675,0.4348,"HIGH=8, MED=1, LOW=0"
94,Abrus PRECATORIUS L.,Fabaceae,cox1,COX-1 (PTGS1),5,127,127,9,32,6,0.6666666666666666,0.90625,0.4930555555555556,0.4117,0.815,120,114,6,6,0.07086614173228346,996.0,Phenol,0.7583,0.4348,"HIGH=8, MED=1, LOW=0"
94,Abrus PRECATORIUS L.,Fabaceae,cox2,COX-2 (PTGS2),6,127,127,9,47,0,0.0,0.02127659574468085,0.17824444444444443,0.18,0.4467,9,9,0,0,0.07086614173228346,10248.0,Elemicin,0.35,0.5714,"HIGH=8, MED=1, LOW=0"
94,Abrus PRECATORIUS L.,Fabaceae,cox2,COX-2 (PTGS2),5,127,127,9,47,9,1.0,1.0,0.4613222222222222,0.495,0.7772,127,118,9,9,0.07086614173228346,21594203.0,Triptotriterpenic acid A,0.7772,0.5373,"HIGH=8, MED=1, LOW=0"
94,Abrus PRECATORIUS L.,Fabaceae,xo,Xanthine Oxidase (XDH),6,127,127,3,18,0,0.0,0.0,0.19386666666666666,0.2033,0.485,4,4,0,0,0.023622047244094488,160511.0,Abrine,0.255,0.4478,"HIGH=2, MED=1, LOW=0"
94,Abrus PRECATORIUS L.,Fabaceae,xo,Xanthine Oxidase (XDH),5,127,127,3,18,1,0.3333333333333333,0.6111111111111112,0.2850333333333333,0.2317,0.6233,79,78,1,1,0.023622047244094488,160511.0,Abrine,0.4467,0.4478,"HIGH=2, MED=1, LOW=0"
94,Abrus PRECATORIUS L.,Fabaceae,maoa,MAO-A (CHRFAM7A/MAOA),6,127,127,7,23,0,0.0,0.043478260869565216,0.17544285714285715,0.1848,0.4661,5,5,0,0,0.05511811023622047,11460.0,3'-Methoxyacetophenone,0.28,0.5263,"HIGH=7, MED=0, LOW=0"
94,Abrus PRECATORIUS L.,Fabaceae,maoa,MAO-A (CHRFAM7A/MAOA),5,127,127,7,23,4,0.5714285714285714,0.782608695652174,0.4585571428571429,0.5404,0.665,113,109,4,4,0.05511811023622047,7136.0,Acetyleugenol,0.6483,0.5918,"HIGH=7, MED=0, LOW=0"
95,Abutilon INDICUM (L.) Sweet,Malvaceae,cox1,COX-1 (PTGS1),6,145,145,19,60,6,0.3157894736842105,0.43333333333333335,0.3454473684210526,0.3267,0.7933,74,68,6,6,0.1310344827586207,1017.0,"1,2-Benzenedicarboxylic acid",0.7117,0.4062,"HIGH=20, MED=1, LOW=0"
95,Abutilon INDICUM (L.) Sweet,Malvaceae,cox1,COX-1 (PTGS1),5,145,145,19,60,12,0.631578947368421,0.8333333333333334,0.41984736842105264,0.4117,0.8183,134,122,12,12,0.1310344827586207,7041.0,"Phenol, 2,6-dimethoxy-",0.7383,0.4583,"HIGH=20, MED=1, LOW=0"
95,Abutilon INDICUM (L.) Sweet,Malvaceae,cox2,COX-2 (PTGS2),6,145,145,21,65,0,0.0,0.015384615384615385,0.10507619047619049,0.1033,0.5442,19,19,0,0,0.14482758620689656,73285.0,isoalantolactone,0.3567,0.5102,"HIGH=18, MED=3, LOW=0"
95,Abutilon INDICUM (L.) Sweet,Malvaceae,cox2,COX-2 (PTGS2),5,145,145,22,65,18,0.8181818181818182,0.9384615384615385,0.35040454545454547,0.3584,0.7817,141,123,18,18,0.15172413793103448,73285.0,isoalantolactone,0.7017,0.5102,"HIGH=19, MED=3, LOW=0"
95,Abutilon INDICUM (L.) Sweet,Malvaceae,xo,Xanthine Oxidase (XDH),6,145,145,11,29,1,0.09090909090909091,0.10344827586206896,0.21485454545454544,0.1483,0.5683,4,3,1,1,0.07586206896551724,135.0,4-Hydroxybenzoic acid,0.5233,0.5926,"HIGH=9, MED=2, LOW=0"
95,Abutilon INDICUM (L.) Sweet,Malvaceae,xo,Xanthine Oxidase (XDH),5,145,145,11,29,8,0.7272727272727273,0.6896551724137931,0.38181818181818183,0.38,0.645,99,91,8,8,0.07586206896551724,637542.0,p-Coumaric acid,0.55,0.6,"HIGH=9, MED=2, LOW=0"
95,Abutilon INDICUM (L.) Sweet,Malvaceae,maoa,MAO-A (CHRFAM7A/MAOA),6,145,145,21,40,1,0.047619047619047616,0.025,0.18448095238095238,0.1583,0.5115,5,4,1,1,0.14482758620689656,5280804.0,Quercetin-3-glucoside,0.4467,0.4,"HIGH=20, MED=1, LOW=0"
95,Abutilon INDICUM (L.) Sweet,Malvaceae,maoa,MAO-A (CHRFAM7A/MAOA),5,145,145,21,40,12,0.5714285714285714,0.725,0.41547619047619044,0.4312,0.645,126,114,12,12,0.14482758620689656,332.0,2-Methoxy-4-vinylphenol,0.6083,0.4762,"HIGH=20, MED=1, LOW=0"
97,Acacia FARNESIANA (L.) Willd.,Mimosaceae,cox1,COX-1 (PTGS1),6,50,50,9,27,2,0.2222222222222222,0.3333333333333333,0.2826111111111111,0.2033,0.8617,17,15,2,2,0.18,338.0,Salicylic acid,0.8617,0.4242,"HIGH=8, MED=0, LOW=1"
97,Acacia FARNESIANA (L.) Willd.,Mimosaceae,cox1,COX-1 (PTGS1),5,50,50,9,27,9,1.0,1.0,0.5554555555555556,0.5658,0.7783,49,40,9,9,0.18,338.0,Salicylic acid,0.7783,0.4242,"HIGH=8, MED=0, LOW=1"
97,Acacia FARNESIANA (L.) Willd.,Mimosaceae,cox2,COX-2 (PTGS2),6,50,50,17,33,0,0.0,0.0,0.1262235294117647,0.1167,0.3967,4,4,0,0,0.34,5280805.0,Rutin,0.25,0.5342,"HIGH=16, MED=0, LOW=1"
97,Acacia FARNESIANA (L.) Willd.,Mimosaceae,cox2,COX-2 (PTGS2),5,50,50,17,33,17,1.0,1.0,0.40449411764705884,0.3717,0.8033,50,33,17,17,0.34,5280805.0,Rutin,0.6667,0.5342,"HIGH=16, MED=0, LOW=1"
97,Acacia FARNESIANA (L.) Willd.,Mimosaceae,xo,Xanthine Oxidase (XDH),6,50,50,12,21,2,0.16666666666666666,0.23809523809523808,0.210825,0.1875,0.49,6,4,2,2,0.24,72.0,Protocatechuic acid,0.445,0.4545,"HIGH=8, MED=0, LOW=4"
97,Acacia FARNESIANA (L.) Willd.,Mimosaceae,xo,Xanthine Oxidase (XDH),5,50,50,12,21,11,0.9166666666666666,0.8571428571428571,0.4716666666666667,0.49835,0.5817,33,22,11,11,0.24,5281613.0,Diosmin,0.565,0.6351,"HIGH=8, MED=0, LOW=4"
97,Acacia FARNESIANA (L.) Willd.,Mimosaceae,maoa,MAO-A (CHRFAM7A/MAOA),6,50,50,12,23,3,0.25,0.17391304347826086,0.33646666666666664,0.275,0.87,6,3,3,3,0.24,5281691.0,Rhamnetin,0.87,0.8095,"HIGH=10, MED=0, LOW=2"
97,Acacia FARNESIANA (L.) Willd.,Mimosaceae,maoa,MAO-A (CHRFAM7A/MAOA),5,50,50,12,23,9,0.75,0.6521739130434783,0.49996666666666667,0.48195,0.8,35,26,9,9,0.24,5281691.0,Rhamnetin,0.8,0.8095,"HIGH=10, MED=0, LOW=2"
100,Acacia concinna (WILLD.) DC.,Mimosaceae,cox1,COX-1 (PTGS1),6,24,24,0,3,0,,0.3333333333333333,,,0.6717,14,14,0,0,0.0,,None (No strict-domain compound),,,"HIGH=0, MED=0, LOW=0"
100,Acacia concinna (WILLD.) DC.,Mimosaceae,cox1,COX-1 (PTGS1),5,24,24,0,3,0,,1.0,,,0.6985,24,24,0,0,0.0,,None (No strict-domain compound),,,"HIGH=0, MED=0, LOW=0"
100,Acacia concinna (WILLD.) DC.,Mimosaceae,cox2,COX-2 (PTGS2),6,24,24,5,6,0,0.0,0.0,0.20598,0.2333,0.3153,0,0,0,0,0.20833333333333334,12305894.0,Acacic Acid,0.29,0.4928,"HIGH=5, MED=0, LOW=0"
100,Acacia concinna (WILLD.) DC.,Mimosaceae,cox2,COX-2 (PTGS2),5,24,24,5,6,4,0.8,0.8333333333333334,0.6566599999999999,0.78,0.815,23,19,4,4,0.20833333333333334,56843525.0,"Olean-12-en-28-oic acid, 3,21-dihydroxy-, (3beta,21beta)-",0.815,0.625,"HIGH=5, MED=0, LOW=0"
100,Acacia concinna (WILLD.) DC.,Mimosaceae,xo,Xanthine Oxidase (XDH),6,24,24,0,8,0,,0.0,,,0.3267,0,0,0,0,0.0,,None (No strict-domain compound),,,"HIGH=0, MED=0, LOW=0"
100,Acacia concinna (WILLD.) DC.,Mimosaceae,xo,Xanthine Oxidase (XDH),5,24,24,0,8,0,,0.0,,,0.3983,9,9,0,0,0.0,,None (No strict-domain compound),,,"HIGH=0, MED=0, LOW=0"
100,Acacia concinna (WILLD.) DC.,Mimosaceae,maoa,MAO-A (CHRFAM7A/MAOA),6,24,24,1,3,0,0.0,0.0,0.0983,0.0983,0.4317,3,3,0,0,0.041666666666666664,606033.0,"(6,7-Dimethoxy-1,2,3,4-tetrahydro-isoquinolin-1-yl)-methanol",0.0983,0.6216,"HIGH=1, MED=0, LOW=0"
100,Acacia concinna (WILLD.) DC.,Mimosaceae,maoa,MAO-A (CHRFAM7A/MAOA),5,24,24,1,3,1,1.0,1.0,0.5817,0.5817,0.5817,22,21,1,1,0.041666666666666664,606033.0,"(6,7-Dimethoxy-1,2,3,4-tetrahydro-isoquinolin-1-yl)-methanol",0.5817,0.6216,"HIGH=1, MED=0, LOW=0"
104,Achyranthes ASPERA L.,Amaranthaceae,cox1,COX-1 (PTGS1),6,28,28,3,17,0,0.0,0.5882352941176471,0.23279999999999998,0.2767,0.6933,16,16,0,0,0.10714285714285714,445639.0,Oleic acid,0.3267,0.4324,"HIGH=3, MED=0, LOW=0"
104,Achyranthes ASPERA L.,Amaranthaceae,cox1,COX-1 (PTGS1),5,28,28,3,17,1,0.3333333333333333,0.8823529411764706,0.3967333333333333,0.3122,0.745,26,25,1,1,0.10714285714285714,11456898.0,Saponin B,0.6008,0.5116,"HIGH=3, MED=0, LOW=0"
104,Achyranthes ASPERA L.,Amaranthaceae,cox2,COX-2 (PTGS2),6,28,28,3,17,0,0.0,0.0,0.17556666666666665,0.1767,0.4167,4,4,0,0,0.10714285714285714,451674.0,Triterpenoid,0.2333,0.6143,"HIGH=3, MED=0, LOW=0"
104,Achyranthes ASPERA L.,Amaranthaceae,cox2,COX-2 (PTGS2),5,28,28,3,17,3,1.0,1.0,0.8261,0.83,0.8683,28,25,3,3,0.10714285714285714,11456898.0,Saponin B,0.8683,0.5375,"HIGH=3, MED=0, LOW=0"
104,Achyranthes ASPERA L.,Amaranthaceae,xo,Xanthine Oxidase (XDH),6,28,28,1,12,0,0.0,0.0,0.17,0.17,0.3017,0,0,0,0,0.03571428571428571,11456898.0,Saponin B,0.17,0.5091,"HIGH=1, MED=0, LOW=0"
104,Achyranthes ASPERA L.,Amaranthaceae,xo,Xanthine Oxidase (XDH),5,28,28,1,12,0,0.0,0.5,0.1283,0.1283,0.4383,15,15,0,0,0.03571428571428571,11456898.0,Saponin B,0.1283,0.5091,"HIGH=1, MED=0, LOW=0"
104,Achyranthes ASPERA L.,Amaranthaceae,maoa,MAO-A (CHRFAM7A/MAOA),6,28,28,1,1,1,1.0,1.0,0.413,0.413,0.4317,2,1,1,1,0.03571428571428571,440929.0,1-Methylpyrrolidine-3-carboxylic acid,0.413,0.4821,"HIGH=0, MED=0, LOW=1"
104,Achyranthes ASPERA L.,Amaranthaceae,maoa,MAO-A (CHRFAM7A/MAOA),5,28,28,1,1,1,1.0,1.0,0.4883,0.4883,0.5839,27,26,1,1,0.03571428571428571,440929.0,1-Methylpyrrolidine-3-carboxylic acid,0.4883,0.4821,"HIGH=0, MED=0, LOW=1"
113,Haldina cordifolia (Roxb.) Ridsdale,Rubiaceae,cox1,COX-1 (PTGS1),6,48,48,15,27,2,0.13333333333333333,0.25925925925925924,0.28678000000000003,0.2383,0.72,17,15,2,2,0.3125,127.0,p-hydroxyphenyl acetic acid,0.625,0.6,"HIGH=15, MED=0, LOW=0"
113,Haldina cordifolia (Roxb.) Ridsdale,Rubiaceae,cox1,COX-1 (PTGS1),5,48,48,15,27,8,0.5333333333333333,0.6296296296296297,0.37637333333333334,0.3617,0.7617,38,30,8,8,0.3125,127.0,p-hydroxyphenyl acetic acid,0.6722,0.6,"HIGH=15, MED=0, LOW=0"
113,Haldina cordifolia (Roxb.) Ridsdale,Rubiaceae,cox2,COX-2 (PTGS2),6,48,48,20,31,0,0.0,0.06451612903225806,0.125415,0.12,0.49,8,8,0,0,0.4166666666666667,730679.0,4-phenylthiosemicarbazide,0.35,0.4583,"HIGH=21, MED=0, LOW=0"
113,Haldina cordifolia (Roxb.) Ridsdale,Rubiaceae,cox2,COX-2 (PTGS2),5,48,48,20,31,17,0.85,0.9032258064516129,0.30990500000000004,0.2585,0.7525,45,28,17,17,0.4166666666666667,5280805.0,Rutin,0.6667,0.5342,"HIGH=21, MED=0, LOW=0"
113,Haldina cordifolia (Roxb.) Ridsdale,Rubiaceae,xo,Xanthine Oxidase (XDH),6,48,48,16,36,2,0.125,0.19444444444444445,0.21145625,0.1942,0.5483,8,6,2,2,0.3333333333333333,135.0,4-Hydroxybenzoic acid,0.5233,0.5926,"HIGH=15, MED=0, LOW=1"
113,Haldina cordifolia (Roxb.) Ridsdale,Rubiaceae,xo,Xanthine Oxidase (XDH),5,48,48,16,36,10,0.625,0.6388888888888888,0.37021875000000004,0.34585,0.5667,33,23,10,10,0.3333333333333333,5280805.0,Rutin,0.5517,0.7143,"HIGH=15, MED=0, LOW=1"
113,Haldina cordifolia (Roxb.) Ridsdale,Rubiaceae,maoa,MAO-A (CHRFAM7A/MAOA),6,48,48,18,29,0,0.0,0.06896551724137931,0.1545111111111111,0.1467,0.4908,6,6,0,0,0.375,99693.0,skimmin,0.2883,0.4444,"HIGH=19, MED=0, LOW=0"
113,Haldina cordifolia (Roxb.) Ridsdale,Rubiaceae,maoa,MAO-A (CHRFAM7A/MAOA),5,48,48,18,29,10,0.5555555555555556,0.5517241379310345,0.37207777777777784,0.3892,0.6754,35,25,10,10,0.375,54682930.0,4-hydroxy coumarin,0.555,0.5152,"HIGH=19, MED=0, LOW=0"
114,Aegle MARMELOS (L.) Corr.,Rutaceae,cox1,COX-1 (PTGS1),6,236,236,21,58,6,0.2857142857142857,0.43103448275862066,0.33071428571428574,0.3267,0.7933,140,134,6,6,0.08898305084745763,62603.0,"Benzenepropanoic acid, 3,5-bis (1,1-dimethylethyl)-4-hydroxy-, methyl ester",0.5967,0.4792,"HIGH=19, MED=2, LOW=0"
114,Aegle MARMELOS (L.) Corr.,Rutaceae,cox1,COX-1 (PTGS1),5,236,236,21,58,16,0.7619047619047619,0.9137931034482759,0.4891857142857143,0.43,0.9267,229,213,16,16,0.08898305084745763,62603.0,"Benzenepropanoic acid, 3,5-bis (1,1-dimethylethyl)-4-hydroxy-, methyl ester",0.9267,0.4792,"HIGH=19, MED=2, LOW=0"
114,Aegle MARMELOS (L.) Corr.,Rutaceae,cox2,COX-2 (PTGS2),6,236,236,17,74,2,0.11764705882352941,0.04054054054054054,0.16956470588235292,0.1167,0.6633,19,17,2,2,0.07203389830508475,75018.0,"5,6-dimethoxy-1-indanone",0.6633,0.4222,"HIGH=15, MED=3, LOW=0"
114,Aegle MARMELOS (L.) Corr.,Rutaceae,cox2,COX-2 (PTGS2),5,236,236,17,74,16,0.9411764705882353,0.9864864864864865,0.43814705882352944,0.4317,0.7956,235,219,16,16,0.07203389830508475,6540709.0,Saponins,0.7956,0.4194,"HIGH=15, MED=3, LOW=0"
114,Aegle MARMELOS (L.) Corr.,Rutaceae,xo,Xanthine Oxidase (XDH),6,236,236,6,27,0,0.0,0.0,0.20305000000000004,0.20835,0.4283,2,2,0,0,0.025423728813559324,15558419.0,Aegeline,0.385,0.42,"HIGH=5, MED=1, LOW=0"
114,Aegle MARMELOS (L.) Corr.,Rutaceae,xo,Xanthine Oxidase (XDH),5,236,236,6,27,5,0.8333333333333334,0.8148148148148148,0.43166666666666664,0.45165,0.5517,131,126,5,5,0.025423728813559324,5280805.0,Rutin,0.5517,0.7143,"HIGH=5, MED=1, LOW=0"
114,Aegle MARMELOS (L.) Corr.,Rutaceae,maoa,MAO-A (CHRFAM7A/MAOA),6,236,236,25,53,1,0.04,0.03773584905660377,0.19074,0.1667,0.465,5,4,1,1,0.1059322033898305,5318767.0,Kaempferol 3-O-rutinoside,0.465,0.4058,"HIGH=25, MED=4, LOW=0"
114,Aegle MARMELOS (L.) Corr.,Rutaceae,maoa,MAO-A (CHRFAM7A/MAOA),5,236,236,25,53,17,0.68,0.7358490566037735,0.444096,0.445,0.7456,205,188,17,17,0.1059322033898305,304040.0,butyl p-tolyl sulfide,0.6778,0.5455,"HIGH=25, MED=4, LOW=0"
116,Ageratum CONYZOIDES L.,Asteraceae,cox1,COX-1 (PTGS1),6,260,260,21,77,6,0.2857142857142857,0.45454545454545453,0.3386619047619048,0.2417,0.8533,159,153,6,6,0.08076923076923077,999.0,Benzeneacetic acid,0.8533,0.7273,"HIGH=23, MED=0, LOW=0"
116,Ageratum CONYZOIDES L.,Asteraceae,cox1,COX-1 (PTGS1),5,260,260,21,77,13,0.6190476190476191,0.8831168831168831,0.4415428571428572,0.3483,0.965,247,234,13,13,0.08076923076923077,616296.0,"3,5-di-tert-Butyl-4- hydroxyacetophenone",0.965,0.4865,"HIGH=23, MED=0, LOW=0"
116,Ageratum CONYZOIDES L.,Asteraceae,cox2,COX-2 (PTGS2),6,260,260,23,84,1,0.043478260869565216,0.08333333333333333,0.15330434782608696,0.1167,0.48,21,20,1,1,0.08846153846153847,97151.0,linderoflavone B,0.3611,0.4528,"HIGH=25, MED=0, LOW=0"
116,Ageratum CONYZOIDES L.,Asteraceae,cox2,COX-2 (PTGS2),5,260,260,23,84,20,0.8695652173913043,0.9642857142857143,0.35723043478260863,0.345,0.7567,257,237,20,20,0.08846153846153847,131752025.0,alpha-Amyrin,0.755,0.4143,"HIGH=25, MED=0, LOW=0"
116,Ageratum CONYZOIDES L.,Asteraceae,xo,Xanthine Oxidase (XDH),6,260,260,8,40,0,0.0,0.0,0.176875,0.1792,0.4967,3,3,0,0,0.03076923076923077,5281697.0,Scutellarein,0.24,0.4821,"HIGH=9, MED=0, LOW=0"
116,Ageratum CONYZOIDES L.,Asteraceae,xo,Xanthine Oxidase (XDH),5,260,260,8,40,7,0.875,0.85,0.3866625,0.37829999999999997,0.5733,154,147,7,7,0.03076923076923077,5280343.0,Quercetin,0.565,0.5957,"HIGH=9, MED=0, LOW=0"
116,Ageratum CONYZOIDES L.,Asteraceae,maoa,MAO-A (CHRFAM7A/MAOA),6,260,260,22,51,2,0.09090909090909091,0.058823529411764705,0.1880909090909091,0.14500000000000002,0.5333,8,6,2,2,0.08461538461538462,5280863.0,Kaempferol,0.5333,0.75,"HIGH=22, MED=1, LOW=0"
116,Ageratum CONYZOIDES L.,Asteraceae,maoa,MAO-A (CHRFAM7A/MAOA),5,260,260,22,51,12,0.5454545454545454,0.6862745098039216,0.41631818181818175,0.39335,0.7483,228,216,12,12,0.08461538461538462,82758.0,"1H-Indole-3-carboxaldehyde, 5-methoxy",0.7483,0.5532,"HIGH=22, MED=1, LOW=0"
118,Albizia CHINENSIS (Osbeck) Merr.,Mimosaceae,cox1,COX-1 (PTGS1),6,2,2,0,1,0,,0.0,,,0.6283,1,1,0,0,0.0,,None (No strict-domain compound),,,"HIGH=0, MED=0, LOW=0"
118,Albizia CHINENSIS (Osbeck) Merr.,Mimosaceae,cox1,COX-1 (PTGS1),5,2,2,0,1,0,,1.0,,,0.7767,2,2,0,0,0.0,,None (No strict-domain compound),,,"HIGH=0, MED=0, LOW=0"
118,Albizia CHINENSIS (Osbeck) Merr.,Mimosaceae,cox2,COX-2 (PTGS2),6,2,2,1,1,0,0.0,0.0,0.1167,0.1167,0.2833,0,0,0,0,0.5,10494.0,Oleanolic acid,0.1167,0.7586,"HIGH=1, MED=0, LOW=0"
118,Albizia CHINENSIS (Osbeck) Merr.,Mimosaceae,cox2,COX-2 (PTGS2),5,2,2,1,1,1,1.0,1.0,0.83,0.83,0.83,2,1,1,1,0.5,10494.0,Oleanolic acid,0.83,0.7586,"HIGH=1, MED=0, LOW=0"
118,Albizia CHINENSIS (Osbeck) Merr.,Mimosaceae,xo,Xanthine Oxidase (XDH),6,2,2,0,1,0,,0.0,,,0.2267,0,0,0,0,0.0,,None (No strict-domain compound),,,"HIGH=0, MED=0, LOW=0"
118,Albizia CHINENSIS (Osbeck) Merr.,Mimosaceae,xo,Xanthine Oxidase (XDH),5,2,2,0,1,0,,0.0,,,0.4433,1,1,0,0,0.0,,None (No strict-domain compound),,,"HIGH=0, MED=0, LOW=0"
118,Albizia CHINENSIS (Osbeck) Merr.,Mimosaceae,maoa,MAO-A (CHRFAM7A/MAOA),6,2,2,1,1,0,0.0,0.0,0.1383,0.1383,0.2879,0,0,0,0,0.5,13856164.0,Echinocystic acid,0.1383,0.5862,"HIGH=0, MED=0, LOW=1"
118,Albizia CHINENSIS (Osbeck) Merr.,Mimosaceae,maoa,MAO-A (CHRFAM7A/MAOA),5,2,2,1,1,1,1.0,1.0,0.6062,0.6062,0.6062,2,1,1,1,0.5,13856164.0,Echinocystic acid,0.6062,0.5862,"HIGH=0, MED=0, LOW=1"
121,Albizia PROCERA (Roxb.) Benth.,Mimosaceae,cox1,COX-1 (PTGS1),6,25,25,4,14,0,0.0,0.42857142857142855,0.309175,0.30169999999999997,0.5717,13,13,0,0,0.16,5280378.0,Formononetin,0.36,0.5306,"HIGH=4, MED=0, LOW=0"
121,Albizia PROCERA (Roxb.) Benth.,Mimosaceae,cox1,COX-1 (PTGS1),5,25,25,4,14,2,0.5,0.8571428571428571,0.43402500000000005,0.41945,0.6985,23,21,2,2,0.16,5280378.0,Formononetin,0.62,0.5306,"HIGH=4, MED=0, LOW=0"
121,Albizia PROCERA (Roxb.) Benth.,Mimosaceae,cox2,COX-2 (PTGS2),6,25,25,4,13,0,0.0,0.0,0.22915000000000002,0.2283,0.38,2,2,0,0,0.16,92843.0,L-(+)-Arabinose,0.3433,0.5676,"HIGH=2, MED=1, LOW=3"
121,Albizia PROCERA (Roxb.) Benth.,Mimosaceae,cox2,COX-2 (PTGS2),5,25,25,3,13,3,1.0,1.0,0.6877666666666666,0.625,0.83,25,22,3,3,0.12,10494.0,Oleanolic acid,0.83,0.7586,"HIGH=2, MED=1, LOW=2"
121,Albizia PROCERA (Roxb.) Benth.,Mimosaceae,xo,Xanthine Oxidase (XDH),6,25,25,5,9,0,0.0,0.0,0.16265999999999997,0.1817,0.5,1,1,0,0,0.2,5281332.0,alpha-Spinasterol,0.3633,0.5085,"HIGH=4, MED=0, LOW=1"
121,Albizia PROCERA (Roxb.) Benth.,Mimosaceae,xo,Xanthine Oxidase (XDH),5,25,25,5,9,3,0.6,0.6666666666666666,0.29,0.3933,0.53,16,13,3,3,0.2,5281332.0,alpha-Spinasterol,0.4833,0.5085,"HIGH=4, MED=0, LOW=1"
121,Albizia PROCERA (Roxb.) Benth.,Mimosaceae,maoa,MAO-A (CHRFAM7A/MAOA),6,25,25,5,8,2,0.4,0.25,0.3116,0.2483,0.5533,3,1,2,2,0.2,5280373.0,Biochanin A,0.5533,0.617,"HIGH=5, MED=0, LOW=0"
121,Albizia PROCERA (Roxb.) Benth.,Mimosaceae,maoa,MAO-A (CHRFAM7A/MAOA),5,25,25,5,8,4,0.8,0.75,0.4969799999999999,0.5183,0.6183,23,19,4,4,0.2,5280373.0,Biochanin A,0.6183,0.617,"HIGH=5, MED=0, LOW=0"
124,Allium SATIVUM L.,Liliaceae,cox1,COX-1 (PTGS1),6,341,341,25,86,8,0.32,0.5581395348837209,0.33634000000000003,0.3267,0.8533,249,241,8,8,0.07331378299120235,999.0,Benzeneacetic acid,0.8533,0.7273,"HIGH=22, MED=3, LOW=0"
124,Allium SATIVUM L.,Liliaceae,cox1,COX-1 (PTGS1),5,341,341,25,86,13,0.52,0.8255813953488372,0.44605599999999995,0.3483,0.9017,323,310,13,13,0.07331378299120235,31404.0,"2,6-Bis(1,1-Dimethylethyl)-4-Methylphenol",0.9017,0.4375,"HIGH=22, MED=3, LOW=0"
124,Allium SATIVUM L.,Liliaceae,cox2,COX-2 (PTGS2),6,341,341,30,114,1,0.03333333333333333,0.05263157894736842,0.12373666666666666,0.08499999999999999,0.5267,39,38,1,1,0.08797653958944282,5281222.0,Butein,0.3933,0.4444,"HIGH=27, MED=3, LOW=0"
124,Allium SATIVUM L.,Liliaceae,cox2,COX-2 (PTGS2),5,341,341,30,114,27,0.9,0.9736842105263158,0.3267433333333333,0.315,0.84,338,311,27,27,0.08797653958944282,111299.0,gamma-Glutamylphenylalanine,0.6067,0.4444,"HIGH=27, MED=3, LOW=0"
124,Allium SATIVUM L.,Liliaceae,xo,Xanthine Oxidase (XDH),6,341,341,9,49,1,0.1111111111111111,0.061224489795918366,0.2740666666666666,0.2567,0.5233,5,4,1,1,0.026392961876832845,135.0,4-Hydroxybenzoic acid,0.5233,0.5926,"HIGH=8, MED=1, LOW=0"
124,Allium SATIVUM L.,Liliaceae,xo,Xanthine Oxidase (XDH),5,341,341,9,49,9,1.0,0.8775510204081632,0.5127777777777778,0.5217,0.76,262,253,9,9,0.026392961876832845,5281222.0,Butein,0.76,0.5789,"HIGH=8, MED=1, LOW=0"
124,Allium SATIVUM L.,Liliaceae,maoa,MAO-A (CHRFAM7A/MAOA),6,341,341,24,67,2,0.08333333333333333,0.029850746268656716,0.21742916666666667,0.1875,0.4972,6,4,2,2,0.07038123167155426,5280343.0,Quercetin,0.4967,0.6744,"HIGH=21, MED=3, LOW=0"
124,Allium SATIVUM L.,Liliaceae,maoa,MAO-A (CHRFAM7A/MAOA),5,341,341,24,67,18,0.75,0.835820895522388,0.46402499999999997,0.43375,0.705,309,291,18,18,0.07038123167155426,18986.0,5-Methoxyindoleacetate/ Indolelactic acid,0.6933,0.4038,"HIGH=21, MED=3, LOW=0"
128,Zingiber ZERUMBET (L.) Roscoe ex Sm.,Zingiberaceae,cox1,COX-1 (PTGS1),6,136,136,3,34,1,0.3333333333333333,0.4411764705882353,0.40336666666666665,0.3267,0.7167,68,67,1,1,0.022058823529411766,10703.0,O-Cymene,0.6067,0.4783,"HIGH=3, MED=0, LOW=0"
128,Zingiber ZERUMBET (L.) Roscoe ex Sm.,Zingiberaceae,cox1,COX-1 (PTGS1),5,136,136,3,32,1,0.3333333333333333,0.90625,0.4837,0.3122,0.8617,131,130,1,1,0.022058823529411766,10703.0,O-Cymene,0.8617,0.4783,"HIGH=3, MED=0, LOW=0"
128,Zingiber ZERUMBET (L.) Roscoe ex Sm.,Zingiberaceae,cox2,COX-2 (PTGS2),6,136,136,2,28,1,0.5,0.03571428571428571,0.2475,0.2475,0.3833,5,4,1,1,0.014705882352941176,68068.0,Cyclone,0.3783,0.4194,"HIGH=2, MED=0, LOW=0"
128,Zingiber ZERUMBET (L.) Roscoe ex Sm.,Zingiberaceae,cox2,COX-2 (PTGS2),5,136,136,2,28,2,1.0,1.0,0.2489,0.2489,0.7383,136,134,2,2,0.014705882352941176,3314.0,Eugenol,0.2738,0.4,"HIGH=2, MED=0, LOW=0"
128,Zingiber ZERUMBET (L.) Roscoe ex Sm.,Zingiberaceae,xo,Xanthine Oxidase (XDH),6,136,136,0,6,0,,0.0,,,0.3967,0,0,0,0,0.0,,None (No strict-domain compound),,,"HIGH=0, MED=0, LOW=0"
128,Zingiber ZERUMBET (L.) Roscoe ex Sm.,Zingiberaceae,xo,Xanthine Oxidase (XDH),5,136,136,0,6,0,,0.6666666666666666,,,0.4733,59,59,0,0,0.0,,None (No strict-domain compound),,,"HIGH=0, MED=0, LOW=0"
128,Zingiber ZERUMBET (L.) Roscoe ex Sm.,Zingiberaceae,maoa,MAO-A (CHRFAM7A/MAOA),6,136,136,4,10,0,0.0,0.0,0.174125,0.17154999999999998,0.4267,2,2,0,0,0.029411764705882353,68068.0,Cyclone,0.1967,0.45,"HIGH=4, MED=0, LOW=0"
128,Zingiber ZERUMBET (L.) Roscoe ex Sm.,Zingiberaceae,maoa,MAO-A (CHRFAM7A/MAOA),5,136,136,4,10,4,1.0,1.0,0.6074999999999999,0.6025,0.6967,126,122,4,4,0.029411764705882353,7136.0,Acetyleugenol,0.6483,0.5918,"HIGH=4, MED=0, LOW=0"
149,Vitex pinnata L.,Verbenaceae,cox1,COX-1 (PTGS1),6,10,10,0,3,0,,0.0,,,0.3317,0,0,0,0,0.0,,None (No strict-domain compound),,,"HIGH=0, MED=0, LOW=0"
149,Vitex pinnata L.,Verbenaceae,cox1,COX-1 (PTGS1),5,10,10,0,3,0,,0.6666666666666666,,,0.5817,9,9,0,0,0.0,,None (No strict-domain compound),,,"HIGH=0, MED=0, LOW=0"
149,Vitex pinnata L.,Verbenaceae,cox2,COX-2 (PTGS2),6,10,10,2,5,0,0.0,0.0,0.21665,0.21665,0.3933,4,4,0,0,0.2,64945.0,Ursolic acid,0.2433,0.5294,"HIGH=2, MED=0, LOW=0"
149,Vitex pinnata L.,Verbenaceae,cox2,COX-2 (PTGS2),5,10,10,2,5,2,1.0,1.0,0.59585,0.59585,0.805,10,8,2,2,0.2,64945.0,Ursolic acid,0.805,0.5294,"HIGH=2, MED=0, LOW=0"
149,Vitex pinnata L.,Verbenaceae,xo,Xanthine Oxidase (XDH),6,10,10,3,4,0,0.0,0.0,0.19556666666666667,0.1917,0.3117,0,0,0,0,0.3,5280445.0,Luteolin,0.275,0.5957,"HIGH=3, MED=0, LOW=0"
149,Vitex pinnata L.,Verbenaceae,xo,Xanthine Oxidase (XDH),5,10,10,3,4,2,0.6666666666666666,0.75,0.3889,0.325,0.545,8,6,2,2,0.3,5280445.0,Luteolin,0.545,0.5957,"HIGH=3, MED=0, LOW=0"
149,Vitex pinnata L.,Verbenaceae,maoa,MAO-A (CHRFAM7A/MAOA),6,10,10,1,3,0,0.0,0.0,0.265,0.265,0.3867,0,0,0,0,0.1,5280445.0,Luteolin,0.265,0.4762,"HIGH=1, MED=0, LOW=0"
149,Vitex pinnata L.,Verbenaceae,maoa,MAO-A (CHRFAM7A/MAOA),5,10,10,1,3,0,0.0,0.6666666666666666,0.3017,0.3017,0.5662,9,9,0,0,0.1,5280445.0,Luteolin,0.3017,0.4762,"HIGH=1, MED=0, LOW=0"
151,Vitex NEGUNDO L.,Verbenaceae,cox1,COX-1 (PTGS1),6,131,131,19,53,0,0.0,0.33962264150943394,0.21931578947368421,0.2067,0.6467,56,56,0,0,0.1450381679389313,445858.0,Ferulic acid,0.3267,0.4865,"HIGH=19, MED=0, LOW=0"
151,Vitex NEGUNDO L.,Verbenaceae,cox1,COX-1 (PTGS1),5,131,131,19,51,7,0.3684210526315789,0.7450980392156863,0.32246842105263157,0.3122,0.7837,117,110,7,7,0.1450381679389313,5281672.0,Myricetin,0.4208,0.5185,"HIGH=19, MED=0, LOW=0"
151,Vitex NEGUNDO L.,Verbenaceae,cox2,COX-2 (PTGS2),6,131,131,25,55,0,0.0,0.01818181818181818,0.137064,0.1333,0.5133,11,11,0,0,0.19083969465648856,72815.0,5'-Methoxynobiletin,0.2767,0.4894,"HIGH=25, MED=0, LOW=0"
151,Vitex NEGUNDO L.,Verbenaceae,cox2,COX-2 (PTGS2),5,131,131,25,55,23,0.92,0.9636363636363636,0.4171,0.432,0.84,129,106,23,23,0.19083969465648856,151202.0,3-O-Acetyloleanolic acid,0.84,0.7258,"HIGH=25, MED=0, LOW=0"
151,Vitex NEGUNDO L.,Verbenaceae,xo,Xanthine Oxidase (XDH),6,131,131,25,44,1,0.04,0.09090909090909091,0.205596,0.1967,0.5233,4,3,1,1,0.19083969465648856,135.0,4-Hydroxybenzoic acid,0.5233,0.5926,"HIGH=24, MED=1, LOW=0"
151,Vitex NEGUNDO L.,Verbenaceae,xo,Xanthine Oxidase (XDH),5,131,131,25,44,19,0.76,0.7272727272727273,0.38272799999999996,0.3883,0.65,79,60,19,19,0.19083969465648856,5281672.0,Myricetin,0.65,0.5319,"HIGH=24, MED=1, LOW=0"
151,Vitex NEGUNDO L.,Verbenaceae,maoa,MAO-A (CHRFAM7A/MAOA),6,131,131,20,34,2,0.1,0.08823529411764706,0.23737500000000003,0.22335,0.5333,6,4,2,2,0.15267175572519084,5280863.0,Kaempferol,0.5333,0.75,"HIGH=20, MED=0, LOW=0"
151,Vitex NEGUNDO L.,Verbenaceae,maoa,MAO-A (CHRFAM7A/MAOA),5,131,131,20,34,7,0.35,0.5,0.34929,0.3408,0.665,109,102,7,7,0.15267175572519084,5280863.0,Kaempferol,0.5017,0.75,"HIGH=20, MED=0, LOW=0"
162,Urena LOBATA L.,Malvaceae,cox1,COX-1 (PTGS1),6,8,8,2,4,0,0.0,0.0,0.2067,0.2067,0.3317,0,0,0,0,0.25,5280863.0,Kaempferol,0.2117,0.4068,"HIGH=2, MED=0, LOW=0"
162,Urena LOBATA L.,Malvaceae,cox1,COX-1 (PTGS1),5,8,8,2,4,2,1.0,0.75,0.37829999999999997,0.37829999999999997,0.5817,7,5,2,2,0.25,5280863.0,Kaempferol,0.4083,0.4068,"HIGH=2, MED=0, LOW=0"
162,Urena LOBATA L.,Malvaceae,cox2,COX-2 (PTGS2),6,8,8,3,6,0,0.0,0.0,0.16110000000000002,0.19,0.38,2,2,0,0,0.375,5280343.0,Quercetin,0.1933,0.4167,"HIGH=3, MED=0, LOW=0"
162,Urena LOBATA L.,Malvaceae,cox2,COX-2 (PTGS2),5,8,8,3,6,3,1.0,1.0,0.40523333333333333,0.432,0.745,8,5,3,3,0.375,5280343.0,Quercetin,0.4537,0.4167,"HIGH=3, MED=0, LOW=0"
162,Urena LOBATA L.,Malvaceae,xo,Xanthine Oxidase (XDH),6,8,8,5,6,0,0.0,0.0,0.17032,0.1933,0.275,0,0,0,0,0.625,5280445.0,Luteolin,0.275,0.5957,"HIGH=5, MED=0, LOW=0"
162,Urena LOBATA L.,Malvaceae,xo,Xanthine Oxidase (XDH),5,8,8,5,6,4,0.8,0.8333333333333334,0.47431999999999996,0.5033,0.565,7,3,4,4,0.625,5280343.0,Quercetin,0.565,0.5957,"HIGH=5, MED=0, LOW=0"
162,Urena LOBATA L.,Malvaceae,maoa,MAO-A (CHRFAM7A/MAOA),6,8,8,5,6,2,0.4,0.3333333333333333,0.38834,0.3867,0.5333,2,0,2,2,0.625,5280863.0,Kaempferol,0.5333,0.75,"HIGH=5, MED=0, LOW=0"
162,Urena LOBATA L.,Malvaceae,maoa,MAO-A (CHRFAM7A/MAOA),5,8,8,5,6,4,0.8,0.8333333333333334,0.41402,0.4233,0.5662,7,3,4,4,0.625,5280863.0,Kaempferol,0.5017,0.75,"HIGH=5, MED=0, LOW=0"
191,Terminalia CITRINA Flaming.,Combretaceae,cox1,COX-1 (PTGS1),6,2,2,1,1,0,0.0,0.0,0.35,0.35,0.35,0,0,0,0,0.5,73568.0,Corilagin,0.35,0.5059,"HIGH=1, MED=0, LOW=0"
191,Terminalia CITRINA Flaming.,Combretaceae,cox1,COX-1 (PTGS1),5,2,2,1,1,1,1.0,1.0,0.4692,0.4692,0.4692,2,1,1,1,0.5,73568.0,Corilagin,0.4692,0.5059,"HIGH=1, MED=0, LOW=0"
191,Terminalia CITRINA Flaming.,Combretaceae,cox2,COX-2 (PTGS2),6,2,2,2,2,1,0.5,0.5,0.3267,0.3267,0.4867,1,0,1,1,1.0,73568.0,Corilagin,0.4867,0.5059,"HIGH=2, MED=0, LOW=0"
191,Terminalia CITRINA Flaming.,Combretaceae,cox2,COX-2 (PTGS2),5,2,2,2,2,2,1.0,1.0,0.60835,0.60835,0.7167,2,0,2,2,1.0,73568.0,Corilagin,0.7167,0.5059,"HIGH=2, MED=0, LOW=0"
191,Terminalia CITRINA Flaming.,Combretaceae,xo,Xanthine Oxidase (XDH),6,2,2,1,1,0,0.0,0.0,0.125,0.125,0.1833,0,0,0,0,0.5,15560442.0,Melanoxetin,0.125,0.4545,"HIGH=1, MED=0, LOW=0"
191,Terminalia CITRINA Flaming.,Combretaceae,xo,Xanthine Oxidase (XDH),5,2,2,1,1,1,1.0,1.0,0.485,0.485,0.485,2,1,1,1,0.5,15560442.0,Melanoxetin,0.485,0.4545,"HIGH=1, MED=0, LOW=0"
191,Terminalia CITRINA Flaming.,Combretaceae,maoa,MAO-A (CHRFAM7A/MAOA),6,2,2,0,1,0,,0.0,,,0.495,1,1,0,0,0.0,,None (No strict-domain compound),,,"HIGH=0, MED=0, LOW=0"
191,Terminalia CITRINA Flaming.,Combretaceae,maoa,MAO-A (CHRFAM7A/MAOA),5,2,2,0,1,0,,1.0,,,0.5057,2,2,0,0,0.0,,None (No strict-domain compound),,,"HIGH=0, MED=0, LOW=0"
192,Terminalia CHEBULA Retz.,Combretaceae,cox1,COX-1 (PTGS1),6,345,345,28,107,8,0.2857142857142857,0.48598130841121495,0.36166785714285715,0.33835,0.86,202,194,8,8,0.08115942028985507,5359.0,Suprofen,0.86,0.5714,"HIGH=28, MED=2, LOW=3"
192,Terminalia CHEBULA Retz.,Combretaceae,cox1,COX-1 (PTGS1),5,345,345,28,107,22,0.7857142857142857,0.9345794392523364,0.5284464285714285,0.52735,0.9017,338,316,22,22,0.08115942028985507,31404.0,"2,6-Bis(1,1-Dimethylethyl)-4-Methylphenol",0.9017,0.4375,"HIGH=28, MED=2, LOW=3"
192,Terminalia CHEBULA Retz.,Combretaceae,cox2,COX-2 (PTGS2),6,345,345,37,128,10,0.2702702702702703,0.15625,0.25764864864864867,0.21,0.7267,48,38,10,10,0.1072463768115942,250397.0,chebulagic acid,0.7267,0.9114,"HIGH=36, MED=2, LOW=2"
192,Terminalia CHEBULA Retz.,Combretaceae,cox2,COX-2 (PTGS2),5,345,345,37,128,36,0.972972972972973,0.984375,0.5474459459459458,0.5567,0.8506,343,307,36,36,0.1072463768115942,52951052.0,Arjunglucoside-II,0.8506,0.4884,"HIGH=36, MED=2, LOW=2"
192,Terminalia CHEBULA Retz.,Combretaceae,xo,Xanthine Oxidase (XDH),6,345,345,16,75,2,0.125,0.16,0.1860375,0.15,0.6967,20,18,2,2,0.0463768115942029,1491.0,"2,4-Dihydroxybenzoic acid",0.6483,0.4444,"HIGH=16, MED=0, LOW=2"
192,Terminalia CHEBULA Retz.,Combretaceae,xo,Xanthine Oxidase (XDH),5,345,345,16,75,7,0.4375,0.7466666666666667,0.31293125,0.2525,0.7617,221,214,7,7,0.0463768115942029,1491.0,"2,4-Dihydroxybenzoic acid",0.7617,0.4444,"HIGH=16, MED=0, LOW=2"
192,Terminalia CHEBULA Retz.,Combretaceae,maoa,MAO-A (CHRFAM7A/MAOA),6,345,345,23,90,4,0.17391304347826086,0.1,0.2047086956521739,0.1567,0.54,32,28,4,4,0.06666666666666667,5377914.0,"9H-Xanthen-9-one, 1,3-dihydroxy-6-methoxy-8-methyl",0.5382,0.6429,"HIGH=25, MED=0, LOW=0"
192,Terminalia CHEBULA Retz.,Combretaceae,maoa,MAO-A (CHRFAM7A/MAOA),5,345,345,23,90,12,0.5217391304347826,0.6777777777777778,0.43920869565217385,0.43,0.735,292,280,12,12,0.06666666666666667,5281855.0,Ellagic acid,0.735,1.0,"HIGH=25, MED=0, LOW=0"
195,Terminalia ARJUNA (Roxb. ex DC.) Wight & Arn.,Combretaceae,cox1,COX-1 (PTGS1),6,299,299,43,110,17,0.3953488372093023,0.509090909090909,0.355546511627907,0.3417,0.8033,179,162,17,17,0.14381270903010032,1017.0,"1,2-Benzenedicarboxylic acid",0.7117,0.4062,"HIGH=45, MED=0, LOW=3"
195,Terminalia ARJUNA (Roxb. ex DC.) Wight & Arn.,Combretaceae,cox1,COX-1 (PTGS1),5,299,299,43,110,40,0.9302325581395349,0.9272727272727272,0.4938790697674419,0.4667,0.8867,291,251,40,40,0.14381270903010032,10703.0,O-Cymene,0.8617,0.4783,"HIGH=45, MED=0, LOW=3"
195,Terminalia ARJUNA (Roxb. ex DC.) Wight & Arn.,Combretaceae,cox2,COX-2 (PTGS2),6,299,299,50,142,5,0.1,0.11267605633802817,0.17657200000000003,0.14915,0.6033,34,29,5,5,0.16722408026755853,157395.0,Stachyurin,0.5667,0.4556,"HIGH=51, MED=0, LOW=3"
195,Terminalia ARJUNA (Roxb. ex DC.) Wight & Arn.,Combretaceae,cox2,COX-2 (PTGS2),5,299,299,50,143,48,0.96,0.9790209790209791,0.50914,0.4557,0.87,296,248,48,48,0.16722408026755853,92900.0,Methyl oleanolate,0.87,0.6935,"HIGH=51, MED=0, LOW=3"
195,Terminalia ARJUNA (Roxb. ex DC.) Wight & Arn.,Combretaceae,xo,Xanthine Oxidase (XDH),6,299,299,20,69,2,0.1,0.07246376811594203,0.23716999999999996,0.245,0.5117,11,9,2,2,0.06688963210702341,72281.0,Hesperitin,0.4667,0.5818,"HIGH=21, MED=0, LOW=1"
195,Terminalia ARJUNA (Roxb. ex DC.) Wight & Arn.,Combretaceae,xo,Xanthine Oxidase (XDH),5,299,299,20,69,14,0.7,0.6811594202898551,0.37742,0.40164999999999995,0.6633,186,172,14,14,0.06688963210702341,11092.0,"Ethanone, 1-(2-hydroxyphenyl)-",0.5867,0.4524,"HIGH=21, MED=0, LOW=1"
195,Terminalia ARJUNA (Roxb. ex DC.) Wight & Arn.,Combretaceae,maoa,MAO-A (CHRFAM7A/MAOA),6,299,299,37,87,3,0.08108108108108109,0.05747126436781609,0.22037297297297298,0.2033,0.5867,19,16,3,3,0.12374581939799331,14034812.0,Cerasidin,0.5867,0.7619,"HIGH=38, MED=0, LOW=1"
195,Terminalia ARJUNA (Roxb. ex DC.) Wight & Arn.,Combretaceae,maoa,MAO-A (CHRFAM7A/MAOA),5,299,299,37,87,18,0.4864864864864865,0.7126436781609196,0.4142810810810811,0.3742,0.7629,255,237,18,18,0.12374581939799331,5281855.0,Ellagic acid,0.735,1.0,"HIGH=38, MED=0, LOW=1"
196,Tephrosia PURPUREA (L.) Pers.,Fabaceae,cox1,COX-1 (PTGS1),6,49,49,7,21,0,0.0,0.19047619047619047,0.2505,0.235,0.5917,9,9,0,0,0.14285714285714285,445639.0,Oleic acid,0.3267,0.4324,"HIGH=8, MED=0, LOW=0"
196,Tephrosia PURPUREA (L.) Pers.,Fabaceae,cox1,COX-1 (PTGS1),5,49,49,7,21,2,0.2857142857142857,0.7142857142857143,0.31,0.3122,0.6342,40,38,2,2,0.14285714285714285,5280805.0,Rutin,0.5417,0.5342,"HIGH=8, MED=0, LOW=0"
196,Tephrosia PURPUREA (L.) Pers.,Fabaceae,cox2,COX-2 (PTGS2),6,49,49,8,26,1,0.125,0.07692307692307693,0.23998750000000002,0.24664999999999998,0.5,6,5,1,1,0.16326530612244897,6917586.0,Tephrone,0.41,0.4035,"HIGH=9, MED=0, LOW=0"
196,Tephrosia PURPUREA (L.) Pers.,Fabaceae,cox2,COX-2 (PTGS2),5,49,49,8,26,7,0.875,0.9615384615384616,0.46120000000000005,0.46599999999999997,0.805,48,41,7,7,0.16326530612244897,64945.0,Ursolic acid,0.805,0.5294,"HIGH=9, MED=0, LOW=0"
196,Tephrosia PURPUREA (L.) Pers.,Fabaceae,xo,Xanthine Oxidase (XDH),6,49,49,8,24,0,0.0,0.0,0.2481125,0.2533,0.3933,0,0,0,0,0.16326530612244897,11022691.0,Purpuritenin A,0.3883,0.4,"HIGH=9, MED=0, LOW=0"
196,Tephrosia PURPUREA (L.) Pers.,Fabaceae,xo,Xanthine Oxidase (XDH),5,49,49,8,24,7,0.875,0.9166666666666666,0.4643875,0.50335,0.625,45,38,7,7,0.16326530612244897,11022691.0,Purpuritenin A,0.625,0.4,"HIGH=9, MED=0, LOW=0"
196,Tephrosia PURPUREA (L.) Pers.,Fabaceae,maoa,MAO-A (CHRFAM7A/MAOA),6,49,49,14,25,6,0.42857142857142855,0.32,0.36242857142857143,0.38525,0.5406,11,5,6,6,0.2857142857142857,10978265.0,"2-Phenylfuro[2,3-h]chromen-4-one",0.5406,0.5349,"HIGH=15, MED=0, LOW=0"
196,Tephrosia PURPUREA (L.) Pers.,Fabaceae,maoa,MAO-A (CHRFAM7A/MAOA),5,49,49,14,25,12,0.8571428571428571,0.88,0.5195714285714285,0.47915,0.8206,46,34,12,12,0.2857142857142857,6683.0,Purpurin,0.8206,1.0,"HIGH=15, MED=0, LOW=0"
200,Tamarindus INDICA L.,Caesalpiniaceae,cox1,COX-1 (PTGS1),6,294,294,34,96,17,0.5,0.5625,0.4025558823529412,0.38334999999999997,0.7967,204,187,17,17,0.11564625850340136,4133.0,Methyl salicylate,0.7967,0.4167,"HIGH=38, MED=0, LOW=1"
200,Tamarindus INDICA L.,Caesalpiniaceae,cox1,COX-1 (PTGS1),5,294,294,34,96,25,0.7352941176470589,0.90625,0.4653411764705883,0.4258,0.83,285,260,25,25,0.11564625850340136,460.0,Guaiacol,0.7592,0.5,"HIGH=38, MED=0, LOW=1"
200,Tamarindus INDICA L.,Caesalpiniaceae,cox2,COX-2 (PTGS2),6,294,294,30,104,0,0.0,0.019230769230769232,0.13633333333333333,0.1217,0.4712,15,15,0,0,0.10204081632653061,594650.0,"2,4-Dichlorodiphenylsulfone",0.3533,0.4286,"HIGH=31, MED=0, LOW=1"
200,Tamarindus INDICA L.,Caesalpiniaceae,cox2,COX-2 (PTGS2),5,294,294,30,104,28,0.9333333333333333,0.9807692307692307,0.37503,0.36624999999999996,0.7552,292,264,28,28,0.10204081632653061,594650.0,"2,4-Dichlorodiphenylsulfone",0.75,0.4286,"HIGH=31, MED=0, LOW=1"
200,Tamarindus INDICA L.,Caesalpiniaceae,xo,Xanthine Oxidase (XDH),6,294,294,7,45,1,0.14285714285714285,0.1111111111111111,0.21332857142857145,0.1833,0.6667,7,6,1,1,0.023809523809523808,108065.0,Proanthocyanidin,0.4783,0.4179,"HIGH=7, MED=0, LOW=0"
200,Tamarindus INDICA L.,Caesalpiniaceae,xo,Xanthine Oxidase (XDH),5,294,294,7,45,5,0.7142857142857143,0.8666666666666667,0.34597142857142854,0.3467,0.7733,185,180,5,5,0.023809523809523808,108065.0,Proanthocyanidin,0.5217,0.4179,"HIGH=7, MED=0, LOW=0"
200,Tamarindus INDICA L.,Caesalpiniaceae,maoa,MAO-A (CHRFAM7A/MAOA),6,294,294,23,73,1,0.043478260869565216,0.0547945205479452,0.17425652173913045,0.1515,0.5307,9,8,1,1,0.0782312925170068,62546.0,Dioctyl Terephthalate,0.4789,0.5122,"HIGH=24, MED=0, LOW=0"
200,Tamarindus INDICA L.,Caesalpiniaceae,maoa,MAO-A (CHRFAM7A/MAOA),5,294,294,23,73,8,0.34782608695652173,0.6712328767123288,0.38665652173913045,0.3567,0.6983,248,240,8,8,0.0782312925170068,62546.0,Dioctyl Terephthalate,0.6686,0.5122,"HIGH=24, MED=0, LOW=0"
202,Tacca INTEGRIFOLIA Ker.-Gawl.,Taccaceae,cox1,COX-1 (PTGS1),6,5,5,1,3,0,0.0,0.3333333333333333,0.1633,0.1633,0.4367,1,1,0,0,0.2,5481224.0,Guaijaverin,0.1633,0.5538,"HIGH=1, MED=0, LOW=0"
202,Tacca INTEGRIFOLIA Ker.-Gawl.,Taccaceae,cox1,COX-1 (PTGS1),5,5,5,1,3,1,1.0,1.0,0.4345,0.4345,0.4987,5,4,1,1,0.2,5481224.0,Guaijaverin,0.4345,0.5538,"HIGH=1, MED=0, LOW=0"
202,Tacca INTEGRIFOLIA Ker.-Gawl.,Taccaceae,cox2,COX-2 (PTGS2),6,5,5,1,3,0,0.0,0.0,0.2233,0.2233,0.27,0,0,0,0,0.2,5481224.0,Guaijaverin,0.2233,0.5538,"HIGH=1, MED=0, LOW=0"
202,Tacca INTEGRIFOLIA Ker.-Gawl.,Taccaceae,cox2,COX-2 (PTGS2),5,5,5,1,3,1,1.0,1.0,0.612,0.612,0.8033,5,4,1,1,0.2,5481224.0,Guaijaverin,0.612,0.5538,"HIGH=1, MED=0, LOW=0"
202,Tacca INTEGRIFOLIA Ker.-Gawl.,Taccaceae,xo,Xanthine Oxidase (XDH),6,5,5,1,2,0,0.0,0.0,0.1667,0.1667,0.2467,0,0,0,0,0.2,5481224.0,Guaijaverin,0.1667,0.4235,"HIGH=1, MED=0, LOW=0"
202,Tacca INTEGRIFOLIA Ker.-Gawl.,Taccaceae,xo,Xanthine Oxidase (XDH),5,5,5,1,2,1,1.0,0.5,0.39,0.39,0.39,3,2,1,1,0.2,5481224.0,Guaijaverin,0.39,0.4235,"HIGH=1, MED=0, LOW=0"
202,Tacca INTEGRIFOLIA Ker.-Gawl.,Taccaceae,maoa,MAO-A (CHRFAM7A/MAOA),6,5,5,1,3,1,1.0,0.3333333333333333,0.4444,0.4444,0.4444,1,0,1,1,0.2,5481224.0,Guaijaverin,0.4444,0.4194,"HIGH=1, MED=0, LOW=0"
202,Tacca INTEGRIFOLIA Ker.-Gawl.,Taccaceae,maoa,MAO-A (CHRFAM7A/MAOA),5,5,5,1,3,1,1.0,1.0,0.4872,0.4872,0.5479,5,4,1,1,0.2,5481224.0,Guaijaverin,0.4872,0.4194,"HIGH=1, MED=0, LOW=0"
203,Tabernaemontana DIVARICATA (L.) R.Br. ex Roem. & Schult.,Apocynaceae,cox1,COX-1 (PTGS1),6,49,49,9,17,4,0.4444444444444444,0.6470588235294118,0.37038888888888893,0.3733,0.8617,21,17,4,4,0.1836734693877551,338.0,Salicylic acid,0.8617,0.4242,"HIGH=9, MED=0, LOW=0"
203,Tabernaemontana DIVARICATA (L.) R.Br. ex Roem. & Schult.,Apocynaceae,cox1,COX-1 (PTGS1),5,49,49,9,17,8,0.8888888888888888,0.9411764705882353,0.4784777777777778,0.4283,0.7783,48,40,8,8,0.1836734693877551,338.0,Salicylic acid,0.7783,0.4242,"HIGH=9, MED=0, LOW=0"
203,Tabernaemontana DIVARICATA (L.) R.Br. ex Roem. & Schult.,Apocynaceae,cox2,COX-2 (PTGS2),6,49,49,15,22,0,0.0,0.18181818181818182,0.15136666666666668,0.1667,0.5733,20,20,0,0,0.30612244897959184,92842.0,alpha-Amyrenyl acetate,0.2567,0.4324,"HIGH=15, MED=0, LOW=0"
203,Tabernaemontana DIVARICATA (L.) R.Br. ex Roem. & Schult.,Apocynaceae,cox2,COX-2 (PTGS2),5,49,49,15,22,14,0.9333333333333333,0.9545454545454546,0.4058999999999999,0.3711,0.785,48,34,14,14,0.30612244897959184,92110.0,Cycloartenol,0.77,0.5072,"HIGH=15, MED=0, LOW=0"
203,Tabernaemontana DIVARICATA (L.) R.Br. ex Roem. & Schult.,Apocynaceae,xo,Xanthine Oxidase (XDH),6,49,49,5,14,1,0.2,0.35714285714285715,0.29334000000000005,0.2717,0.4933,5,4,1,1,0.10204081632653061,72.0,Protocatechuic acid,0.445,0.4545,"HIGH=5, MED=0, LOW=0"
203,Tabernaemontana DIVARICATA (L.) R.Br. ex Roem. & Schult.,Apocynaceae,xo,Xanthine Oxidase (XDH),5,49,49,5,14,5,1.0,0.9285714285714286,0.49534,0.495,0.565,41,36,5,5,0.10204081632653061,5280343.0,Quercetin,0.565,0.5957,"HIGH=5, MED=0, LOW=0"
203,Tabernaemontana DIVARICATA (L.) R.Br. ex Roem. & Schult.,Apocynaceae,maoa,MAO-A (CHRFAM7A/MAOA),6,49,49,7,16,2,0.2857142857142857,0.1875,0.25524285714285716,0.2133,0.5569,12,10,2,2,0.14285714285714285,5280863.0,Kaempferol,0.5333,0.75,"HIGH=7, MED=0, LOW=0"
203,Tabernaemontana DIVARICATA (L.) R.Br. ex Roem. & Schult.,Apocynaceae,maoa,MAO-A (CHRFAM7A/MAOA),5,49,49,7,16,3,0.42857142857142855,0.4375,0.36201428571428573,0.3533,0.7407,40,37,3,3,0.14285714285714285,5280863.0,Kaempferol,0.5017,0.75,"HIGH=7, MED=0, LOW=0"
207,Syzygium CUMINI (L.) Skeel.,Myrtaceae,cox1,COX-1 (PTGS1),6,188,188,29,87,6,0.20689655172413793,0.367816091954023,0.2817862068965517,0.21,0.805,90,84,6,6,0.15425531914893617,460.0,Guaiacol,0.65,0.5,"HIGH=35, MED=0, LOW=0"
207,Syzygium CUMINI (L.) Skeel.,Myrtaceae,cox1,COX-1 (PTGS1),5,188,188,29,86,21,0.7241379310344828,0.8837209302325582,0.46530689655172414,0.4692,0.8617,177,156,21,21,0.15425531914893617,10703.0,O-Cymene,0.8617,0.4783,"HIGH=35, MED=0, LOW=0"
207,Syzygium CUMINI (L.) Skeel.,Myrtaceae,cox2,COX-2 (PTGS2),6,188,188,39,92,2,0.05128205128205128,0.043478260869565216,0.15419230769230768,0.1167,0.5858,13,11,2,2,0.2074468085106383,10033935.0,Ellagitannin,0.5858,0.5,"HIGH=47, MED=0, LOW=0"
207,Syzygium CUMINI (L.) Skeel.,Myrtaceae,cox2,COX-2 (PTGS2),5,188,188,39,92,35,0.8974358974358975,0.9456521739130435,0.43100000000000005,0.375,0.84,183,148,35,35,0.2074468085106383,151202.0,3-O-Acetyloleanolic acid,0.84,0.7258,"HIGH=47, MED=0, LOW=0"
207,Syzygium CUMINI (L.) Skeel.,Myrtaceae,xo,Xanthine Oxidase (XDH),6,188,188,24,59,1,0.041666666666666664,0.0847457627118644,0.18555833333333335,0.1475,0.4933,7,6,1,1,0.1276595744680851,72.0,Protocatechuic acid,0.445,0.4545,"HIGH=30, MED=0, LOW=0"
207,Syzygium CUMINI (L.) Skeel.,Myrtaceae,xo,Xanthine Oxidase (XDH),5,188,188,24,59,20,0.8333333333333334,0.6440677966101694,0.4146541666666666,0.41000000000000003,0.65,100,80,20,20,0.1276595744680851,5281672.0,Myricetin,0.65,0.5319,"HIGH=30, MED=0, LOW=0"
207,Syzygium CUMINI (L.) Skeel.,Myrtaceae,maoa,MAO-A (CHRFAM7A/MAOA),6,188,188,34,62,5,0.14705882352941177,0.14516129032258066,0.2464558823529412,0.2242,0.5583,15,10,5,5,0.18085106382978725,10189.0,Eugenin,0.5583,0.5476,"HIGH=40, MED=0, LOW=1"
207,Syzygium CUMINI (L.) Skeel.,Myrtaceae,maoa,MAO-A (CHRFAM7A/MAOA),5,188,188,34,62,18,0.5294117647058824,0.6129032258064516,0.40229411764705875,0.38835,0.735,146,128,18,18,0.18085106382978725,5281855.0,Ellagic acid,0.735,1.0,"HIGH=40, MED=0, LOW=1"
209,Suregada MULTIFLORA (A. Juss.) Baill.,Euphorbiaceae,cox1,COX-1 (PTGS1),6,8,8,1,4,0,0.0,0.0,0.2083,0.2083,0.3167,0,0,0,0,0.125,12312990.0,Multiflorenol,0.2083,0.5,"HIGH=1, MED=0, LOW=0"
209,Suregada MULTIFLORA (A. Juss.) Baill.,Euphorbiaceae,cox1,COX-1 (PTGS1),5,8,8,1,4,1,1.0,1.0,0.6261,0.6261,0.6261,8,7,1,1,0.125,12312990.0,Multiflorenol,0.6261,0.5,"HIGH=1, MED=0, LOW=0"
209,Suregada MULTIFLORA (A. Juss.) Baill.,Euphorbiaceae,cox2,COX-2 (PTGS2),6,8,8,1,4,0,0.0,0.0,0.2067,0.2067,0.42,2,2,0,0,0.125,12312990.0,Multiflorenol,0.2067,0.4848,"HIGH=1, MED=0, LOW=0"
209,Suregada MULTIFLORA (A. Juss.) Baill.,Euphorbiaceae,cox2,COX-2 (PTGS2),5,8,8,1,4,1,1.0,1.0,0.7717,0.7717,0.8233,8,7,1,1,0.125,12312990.0,Multiflorenol,0.7717,0.4848,"HIGH=1, MED=0, LOW=0"
209,Suregada MULTIFLORA (A. Juss.) Baill.,Euphorbiaceae,xo,Xanthine Oxidase (XDH),6,8,8,2,2,0,0.0,0.0,0.10915,0.10915,0.2417,0,0,0,0,0.25,102147924.0,Gelomuloside B,0.1133,0.6081,"HIGH=2, MED=0, LOW=0"
209,Suregada MULTIFLORA (A. Juss.) Baill.,Euphorbiaceae,xo,Xanthine Oxidase (XDH),5,8,8,2,2,0,0.0,0.0,0.14335,0.14335,0.3367,3,3,0,0,0.25,10438880.0,Gelomuloside A,0.1617,0.6389,"HIGH=2, MED=0, LOW=0"
209,Suregada MULTIFLORA (A. Juss.) Baill.,Euphorbiaceae,maoa,MAO-A (CHRFAM7A/MAOA),6,8,8,0,2,0,,0.0,,,0.3239,0,0,0,0,0.0,,None (No strict-domain compound),,,"HIGH=0, MED=0, LOW=0"
209,Suregada MULTIFLORA (A. Juss.) Baill.,Euphorbiaceae,maoa,MAO-A (CHRFAM7A/MAOA),5,8,8,0,2,0,,1.0,,,0.5662,8,8,0,0,0.0,,None (No strict-domain compound),,,"HIGH=0, MED=0, LOW=0"
213,Streblus ASPER Lour.,Moraceae,cox1,COX-1 (PTGS1),6,20,20,1,4,1,1.0,0.5,0.4583,0.4583,0.5567,4,3,1,1,0.05,1549778.0,(E)-geranylacetone,0.4583,0.425,"HIGH=1, MED=0, LOW=0"
213,Streblus ASPER Lour.,Moraceae,cox1,COX-1 (PTGS1),5,20,20,1,4,1,1.0,1.0,0.6656,0.6656,0.6656,20,19,1,1,0.05,1549778.0,(E)-geranylacetone,0.6656,0.425,"HIGH=1, MED=0, LOW=0"
213,Streblus ASPER Lour.,Moraceae,cox2,COX-2 (PTGS2),6,20,20,4,7,0,0.0,0.0,0.1767,0.16670000000000001,0.5233,6,6,0,0,0.2,92842.0,alpha-Amyrenyl acetate,0.2567,0.4324,"HIGH=4, MED=0, LOW=0"
213,Streblus ASPER Lour.,Moraceae,cox2,COX-2 (PTGS2),5,20,20,4,7,4,1.0,1.0,0.7401,0.7625,0.83,20,16,4,4,0.2,10494.0,Oleanolic acid,0.83,0.7586,"HIGH=4, MED=0, LOW=0"
213,Streblus ASPER Lour.,Moraceae,xo,Xanthine Oxidase (XDH),6,20,20,0,5,0,,0.0,,,0.29,0,0,0,0,0.0,,None (No strict-domain compound),,,"HIGH=0, MED=0, LOW=0"
213,Streblus ASPER Lour.,Moraceae,xo,Xanthine Oxidase (XDH),5,20,20,0,5,0,,0.4,,,0.4267,8,8,0,0,0.0,,None (No strict-domain compound),,,"HIGH=0, MED=0, LOW=0"
213,Streblus ASPER Lour.,Moraceae,maoa,MAO-A (CHRFAM7A/MAOA),6,20,20,0,1,0,,0.0,,,0.34,0,0,0,0,0.0,,None (No strict-domain compound),,,"HIGH=0, MED=0, LOW=0"
213,Streblus ASPER Lour.,Moraceae,maoa,MAO-A (CHRFAM7A/MAOA),5,20,20,0,1,0,,1.0,,,0.6,19,19,0,0,0.0,,None (No strict-domain compound),,,"HIGH=0, MED=0, LOW=0"
216,Sterculia VILLOSA Roxb.,Sterculiaceae,cox1,COX-1 (PTGS1),6,5,5,2,5,0,0.0,0.0,0.1825,0.1825,0.3883,0,0,0,0,0.4,5281612.0,Diosmetin,0.1883,0.4,"HIGH=2, MED=0, LOW=0"
216,Sterculia VILLOSA Roxb.,Sterculiaceae,cox1,COX-1 (PTGS1),5,5,5,2,5,1,0.5,0.8,0.31415,0.31415,0.4575,4,3,1,1,0.4,5281612.0,Diosmetin,0.35,0.4,"HIGH=2, MED=0, LOW=0"
216,Sterculia VILLOSA Roxb.,Sterculiaceae,cox2,COX-2 (PTGS2),6,5,5,2,5,0,0.0,0.0,0.115,0.115,0.2294,0,0,0,0,0.4,5281612.0,Diosmetin,0.1267,0.434,"HIGH=2, MED=0, LOW=0"
216,Sterculia VILLOSA Roxb.,Sterculiaceae,cox2,COX-2 (PTGS2),5,5,5,2,5,2,1.0,1.0,0.53,0.53,0.6583,5,3,2,2,0.4,5280666.0,Chrysoeriol,0.545,0.4792,"HIGH=2, MED=0, LOW=0"
216,Sterculia VILLOSA Roxb.,Sterculiaceae,xo,Xanthine Oxidase (XDH),6,5,5,3,3,0,0.0,0.0,0.2366666666666667,0.2817,0.3083,0,0,0,0,0.6,5281612.0,Diosmetin,0.3083,0.5686,"HIGH=3, MED=0, LOW=0"
216,Sterculia VILLOSA Roxb.,Sterculiaceae,xo,Xanthine Oxidase (XDH),5,5,5,3,3,2,0.6666666666666666,0.6666666666666666,0.46946666666666664,0.5267,0.6167,4,2,2,2,0.6,5281612.0,Diosmetin,0.6167,0.5686,"HIGH=3, MED=0, LOW=0"
216,Sterculia VILLOSA Roxb.,Sterculiaceae,maoa,MAO-A (CHRFAM7A/MAOA),6,5,5,2,3,0,0.0,0.0,0.23415,0.23415,0.3333,0,0,0,0,0.4,5280666.0,Chrysoeriol,0.24,0.4808,"HIGH=2, MED=0, LOW=0"
216,Sterculia VILLOSA Roxb.,Sterculiaceae,maoa,MAO-A (CHRFAM7A/MAOA),5,5,5,2,3,1,0.5,0.6666666666666666,0.36835,0.36835,0.4854,4,3,1,1,0.4,5281612.0,Diosmetin,0.4067,0.4808,"HIGH=2, MED=0, LOW=0"
218,Stephania JAPONICA (Thunb.) Miers.,Menispermaceae,cox1,COX-1 (PTGS1),6,22,22,0,0,0,,,,,0.6433,8,8,0,0,0.0,,None (No strict-domain compound),,,"HIGH=0, MED=0, LOW=0"
218,Stephania JAPONICA (Thunb.) Miers.,Menispermaceae,cox1,COX-1 (PTGS1),5,22,22,0,0,0,,,,,0.8017,22,22,0,0,0.0,,None (No strict-domain compound),,,"HIGH=0, MED=0, LOW=0"
218,Stephania JAPONICA (Thunb.) Miers.,Menispermaceae,cox2,COX-2 (PTGS2),6,22,22,0,0,0,,,,,0.4367,5,5,0,0,0.0,,None (No strict-domain compound),,,"HIGH=0, MED=0, LOW=0"
218,Stephania JAPONICA (Thunb.) Miers.,Menispermaceae,cox2,COX-2 (PTGS2),5,22,22,0,0,0,,,,,0.6932,22,22,0,0,0.0,,None (No strict-domain compound),,,"HIGH=0, MED=0, LOW=0"
218,Stephania JAPONICA (Thunb.) Miers.,Menispermaceae,xo,Xanthine Oxidase (XDH),6,22,22,0,0,0,,,,,0.4083,1,1,0,0,0.0,,None (No strict-domain compound),,,"HIGH=0, MED=0, LOW=0"
218,Stephania JAPONICA (Thunb.) Miers.,Menispermaceae,xo,Xanthine Oxidase (XDH),5,22,22,0,0,0,,,,,0.5017,19,19,0,0,0.0,,None (No strict-domain compound),,,"HIGH=0, MED=0, LOW=0"
218,Stephania JAPONICA (Thunb.) Miers.,Menispermaceae,maoa,MAO-A (CHRFAM7A/MAOA),6,22,22,2,9,0,0.0,0.0,0.2049,0.2049,0.3833,0,0,0,0,0.09090909090909091,3082134.0,Cyclanoline,0.2417,0.4259,"HIGH=2, MED=0, LOW=0"
218,Stephania JAPONICA (Thunb.) Miers.,Menispermaceae,maoa,MAO-A (CHRFAM7A/MAOA),5,22,22,2,9,1,0.5,0.8888888888888888,0.39735,0.39735,0.655,20,19,1,1,0.09090909090909091,3082134.0,Cyclanoline,0.47,0.4259,"HIGH=2, MED=0, LOW=0"
219,Stephania GLABRA (Roxb.) Miers.,Menispermaceae,cox1,COX-1 (PTGS1),6,21,21,0,0,0,,,,,0.57,3,3,0,0,0.0,,None (No strict-domain compound),,,"HIGH=0, MED=0, LOW=0"
219,Stephania GLABRA (Roxb.) Miers.,Menispermaceae,cox1,COX-1 (PTGS1),5,21,21,0,0,0,,,,,0.6325,21,21,0,0,0.0,,None (No strict-domain compound),,,"HIGH=0, MED=0, LOW=0"
219,Stephania GLABRA (Roxb.) Miers.,Menispermaceae,cox2,COX-2 (PTGS2),6,21,21,0,3,0,,0.0,,,0.4333,2,2,0,0,0.0,,None (No strict-domain compound),,,"HIGH=0, MED=0, LOW=0"
219,Stephania GLABRA (Roxb.) Miers.,Menispermaceae,cox2,COX-2 (PTGS2),5,21,21,0,3,0,,1.0,,,0.6837,21,21,0,0,0.0,,None (No strict-domain compound),,,"HIGH=0, MED=0, LOW=0"
219,Stephania GLABRA (Roxb.) Miers.,Menispermaceae,xo,Xanthine Oxidase (XDH),6,21,21,0,0,0,,,,,0.495,1,1,0,0,0.0,,None (No strict-domain compound),,,"HIGH=0, MED=0, LOW=0"
219,Stephania GLABRA (Roxb.) Miers.,Menispermaceae,xo,Xanthine Oxidase (XDH),5,21,21,0,0,0,,,,,0.5717,19,19,0,0,0.0,,None (No strict-domain compound),,,"HIGH=0, MED=0, LOW=0"
219,Stephania GLABRA (Roxb.) Miers.,Menispermaceae,maoa,MAO-A (CHRFAM7A/MAOA),6,21,21,3,17,0,0.0,0.0,0.22093333333333334,0.225,0.3538,0,0,0,0,0.14285714285714285,6917970.0,l-Stepholidine,0.2267,0.4259,"HIGH=3, MED=0, LOW=0"
219,Stephania GLABRA (Roxb.) Miers.,Menispermaceae,maoa,MAO-A (CHRFAM7A/MAOA),5,21,21,3,17,3,1.0,1.0,0.4891666666666667,0.4867,0.6417,21,18,3,3,0.14285714285714285,72301.0,Tetrahydropalmatine,0.5375,0.4375,"HIGH=3, MED=0, LOW=0"
221,Spondias PINNATA (L.f.) Kurz.,Anacardiaceae,cox1,COX-1 (PTGS1),6,13,13,3,6,1,0.3333333333333333,0.3333333333333333,0.35833333333333334,0.31,0.545,4,3,1,1,0.23076923076923078,938.0,Nicotinic acid,0.545,0.4359,"HIGH=3, MED=0, LOW=0"
221,Spondias PINNATA (L.f.) Kurz.,Anacardiaceae,cox1,COX-1 (PTGS1),5,13,13,3,6,3,1.0,1.0,0.5386666666666667,0.5633,0.6985,13,10,3,3,0.23076923076923078,73145.0,beta-Amyrin,0.5894,0.4098,"HIGH=3, MED=0, LOW=0"
221,Spondias PINNATA (L.f.) Kurz.,Anacardiaceae,cox2,COX-2 (PTGS2),6,13,13,4,6,1,0.25,0.16666666666666666,0.26752499999999996,0.21334999999999998,0.5267,5,4,1,1,0.3076923076923077,3001497.0,Geraniin,0.5267,0.5,"HIGH=4, MED=0, LOW=0"
221,Spondias PINNATA (L.f.) Kurz.,Anacardiaceae,cox2,COX-2 (PTGS2),5,13,13,4,6,4,1.0,1.0,0.6759499999999999,0.75415,0.83,13,9,4,4,0.3076923076923077,10494.0,Oleanolic acid,0.83,0.7586,"HIGH=4, MED=0, LOW=0"
221,Spondias PINNATA (L.f.) Kurz.,Anacardiaceae,xo,Xanthine Oxidase (XDH),6,13,13,0,4,0,,0.25,,,0.4617,1,1,0,0,0.0,,None (No strict-domain compound),,,"HIGH=0, MED=0, LOW=0"
221,Spondias PINNATA (L.f.) Kurz.,Anacardiaceae,xo,Xanthine Oxidase (XDH),5,13,13,0,4,0,,0.5,,,0.5567,8,8,0,0,0.0,,None (No strict-domain compound),,,"HIGH=0, MED=0, LOW=0"
221,Spondias PINNATA (L.f.) Kurz.,Anacardiaceae,maoa,MAO-A (CHRFAM7A/MAOA),6,13,13,0,1,0,,0.0,,,0.44,1,1,0,0,0.0,,None (No strict-domain compound),,,"HIGH=0, MED=0, LOW=0"
221,Spondias PINNATA (L.f.) Kurz.,Anacardiaceae,maoa,MAO-A (CHRFAM7A/MAOA),5,13,13,0,1,0,,0.0,,,0.6536,10,10,0,0,0.0,,None (No strict-domain compound),,,"HIGH=0, MED=0, LOW=0"
229,Solanum TORVUM Swartz.,Solanceae,cox1,COX-1 (PTGS1),6,28,28,3,7,1,0.3333333333333333,0.42857142857142855,0.3161,0.21,0.545,6,5,1,1,0.10714285714285714,938.0,Nicotinic acid,0.545,0.4359,"HIGH=5, MED=0, LOW=0"
229,Solanum TORVUM Swartz.,Solanceae,cox1,COX-1 (PTGS1),5,28,28,3,7,1,0.3333333333333333,0.7142857142857143,0.3405666666666667,0.2867,0.6817,26,25,1,1,0.10714285714285714,938.0,Nicotinic acid,0.5633,0.4359,"HIGH=5, MED=0, LOW=0"
229,Solanum TORVUM Swartz.,Solanceae,cox2,COX-2 (PTGS2),6,28,28,4,9,0,0.0,0.0,0.15415,0.1683,0.3967,9,9,0,0,0.14285714285714285,938.0,Nicotinic acid,0.2667,0.5143,"HIGH=6, MED=0, LOW=0"
229,Solanum TORVUM Swartz.,Solanceae,cox2,COX-2 (PTGS2),5,28,28,4,9,3,0.75,0.8888888888888888,0.413775,0.3686,0.8033,27,24,3,3,0.14285714285714285,6918774.0,Corosolic acid,0.8033,0.5,"HIGH=6, MED=0, LOW=0"
229,Solanum TORVUM Swartz.,Solanceae,xo,Xanthine Oxidase (XDH),6,28,28,1,7,0,0.0,0.14285714285714285,0.1483,0.1483,0.4617,2,2,0,0,0.03571428571428571,689043.0,Caffeic acid,0.1483,0.5667,"HIGH=1, MED=0, LOW=0"
229,Solanum TORVUM Swartz.,Solanceae,xo,Xanthine Oxidase (XDH),5,28,28,1,7,1,1.0,0.8571428571428571,0.3267,0.3267,0.5567,20,19,1,1,0.03571428571428571,689043.0,Caffeic acid,0.3267,0.5667,"HIGH=1, MED=0, LOW=0"
229,Solanum TORVUM Swartz.,Solanceae,maoa,MAO-A (CHRFAM7A/MAOA),6,28,28,1,4,0,0.0,0.0,0.25,0.25,0.4083,0,0,0,0,0.03571428571428571,689043.0,Caffeic acid,0.25,0.5263,"HIGH=1, MED=0, LOW=0"
229,Solanum TORVUM Swartz.,Solanceae,maoa,MAO-A (CHRFAM7A/MAOA),5,28,28,1,4,1,1.0,0.75,0.405,0.405,0.6536,22,21,1,1,0.03571428571428571,689043.0,Caffeic acid,0.405,0.5263,"HIGH=1, MED=0, LOW=0"
232,Solanum MELONGENA L.,Solanaceae,cox1,COX-1 (PTGS1),6,93,93,21,41,5,0.23809523809523808,0.2926829268292683,0.29913333333333325,0.275,0.7117,21,16,5,5,0.22580645161290322,460.0,Guaiacol,0.65,0.5,"HIGH=23, MED=0, LOW=0"
232,Solanum MELONGENA L.,Solanaceae,cox1,COX-1 (PTGS1),5,93,93,21,41,12,0.5714285714285714,0.6585365853658537,0.40100952380952376,0.3542,0.7617,77,65,12,12,0.22580645161290322,460.0,Guaiacol,0.7592,0.5,"HIGH=23, MED=0, LOW=0"
232,Solanum MELONGENA L.,Solanaceae,cox2,COX-2 (PTGS2),6,93,93,23,41,0,0.0,0.0,0.12561304347826088,0.1,0.4433,21,21,0,0,0.24731182795698925,3084830.0,Daturadiol,0.3267,0.4348,"HIGH=25, MED=0, LOW=0"
232,Solanum MELONGENA L.,Solanaceae,cox2,COX-2 (PTGS2),5,93,93,23,41,19,0.8260869565217391,0.9024390243902439,0.3981434782608696,0.3655,0.805,89,70,19,19,0.24731182795698925,64945.0,Ursolic acid,0.805,0.5294,"HIGH=25, MED=0, LOW=0"
232,Solanum MELONGENA L.,Solanaceae,xo,Xanthine Oxidase (XDH),6,93,93,13,39,1,0.07692307692307693,0.05128205128205128,0.1950076923076923,0.17,0.4667,3,2,1,1,0.13978494623655913,72.0,Protocatechuic acid,0.445,0.4545,"HIGH=14, MED=0, LOW=0"
232,Solanum MELONGENA L.,Solanaceae,xo,Xanthine Oxidase (XDH),5,93,93,13,39,12,0.9230769230769231,0.6153846153846154,0.4160307692307692,0.4083,0.5783,52,40,12,12,0.13978494623655913,5280343.0,Quercetin,0.565,0.5957,"HIGH=14, MED=0, LOW=0"
232,Solanum MELONGENA L.,Solanaceae,maoa,MAO-A (CHRFAM7A/MAOA),6,93,93,16,26,2,0.125,0.07692307692307693,0.18960624999999998,0.13490000000000002,0.4967,5,3,2,2,0.17204301075268819,5280343.0,Quercetin,0.4967,0.6744,"HIGH=17, MED=0, LOW=0"
232,Solanum MELONGENA L.,Solanaceae,maoa,MAO-A (CHRFAM7A/MAOA),5,93,93,16,26,8,0.5,0.5769230769230769,0.39615625,0.38375000000000004,0.6536,78,70,8,8,0.17204301075268819,5317238.0,Ethyl caffeate,0.605,0.5116,"HIGH=17, MED=0, LOW=0"
240,Sida ACUTA Burm. f.,Malvaceae,cox1,COX-1 (PTGS1),6,26,26,1,7,1,1.0,0.8571428571428571,0.63,0.63,0.7967,14,13,1,1,0.038461538461538464,442935.0,"(3S)-3-hydroxy-2,3-dihydro-1H-pyrrolo[2,1-b]quinazolin-9-one",0.63,0.4286,"HIGH=1, MED=0, LOW=0"
240,Sida ACUTA Burm. f.,Malvaceae,cox1,COX-1 (PTGS1),5,26,26,1,7,1,1.0,1.0,0.7317,0.7317,0.82,26,25,1,1,0.038461538461538464,442935.0,"(3S)-3-hydroxy-2,3-dihydro-1H-pyrrolo[2,1-b]quinazolin-9-one",0.7317,0.4286,"HIGH=1, MED=0, LOW=0"
240,Sida ACUTA Burm. f.,Malvaceae,cox2,COX-2 (PTGS2),6,26,26,2,8,1,0.5,0.125,0.3417,0.3417,0.4767,10,9,1,1,0.07692307692307693,442935.0,"(3S)-3-hydroxy-2,3-dihydro-1H-pyrrolo[2,1-b]quinazolin-9-one",0.4767,0.4286,"HIGH=2, MED=0, LOW=0"
240,Sida ACUTA Burm. f.,Malvaceae,cox2,COX-2 (PTGS2),5,26,26,2,8,2,1.0,1.0,0.69415,0.69415,0.7583,26,24,2,2,0.07692307692307693,131752025.0,alpha-Amyrin,0.755,0.4143,"HIGH=2, MED=0, LOW=0"
240,Sida ACUTA Burm. f.,Malvaceae,xo,Xanthine Oxidase (XDH),6,26,26,0,3,0,,0.0,,,0.3017,0,0,0,0,0.0,,None (No strict-domain compound),,,"HIGH=0, MED=0, LOW=0"
240,Sida ACUTA Burm. f.,Malvaceae,xo,Xanthine Oxidase (XDH),5,26,26,0,3,0,,0.6666666666666666,,,0.4733,15,15,0,0,0.0,,None (No strict-domain compound),,,"HIGH=0, MED=0, LOW=0"
240,Sida ACUTA Burm. f.,Malvaceae,maoa,MAO-A (CHRFAM7A/MAOA),6,26,26,3,6,0,0.0,0.0,0.24356666666666668,0.2196,0.3961,0,0,0,0,0.11538461538461539,82143.0,Cryptolepine,0.3961,0.425,"HIGH=3, MED=0, LOW=0"
240,Sida ACUTA Burm. f.,Malvaceae,maoa,MAO-A (CHRFAM7A/MAOA),5,26,26,3,6,2,0.6666666666666666,0.8333333333333334,0.5152333333333333,0.5596,0.6994,24,22,2,2,0.11538461538461539,82143.0,Cryptolepine,0.6994,0.425,"HIGH=3, MED=0, LOW=0"
247,Sesamum INDICUM L.,Pedaliaceae,cox1,COX-1 (PTGS1),6,72,72,8,25,4,0.5,0.48,0.407925,0.4125,0.6683,42,38,4,4,0.1111111111111111,460.0,Guaiacol,0.65,0.5,"HIGH=8, MED=0, LOW=0"
247,Sesamum INDICUM L.,Pedaliaceae,cox1,COX-1 (PTGS1),5,72,72,8,25,6,0.75,0.92,0.4796125,0.4284,0.7592,69,63,6,6,0.1111111111111111,460.0,Guaiacol,0.7592,0.5,"HIGH=8, MED=0, LOW=0"
247,Sesamum INDICUM L.,Pedaliaceae,cox2,COX-2 (PTGS2),6,72,72,10,32,0,0.0,0.03125,0.18734,0.2183,0.5833,10,10,0,0,0.1388888888888889,6054.0,2-Phenylethanol,0.3167,0.4286,"HIGH=10, MED=0, LOW=0"
247,Sesamum INDICUM L.,Pedaliaceae,cox2,COX-2 (PTGS2),5,72,72,10,32,9,0.9,0.96875,0.42495000000000005,0.41705,0.8133,71,62,9,9,0.1388888888888889,9898760.0,Esculentic acid,0.8133,0.4342,"HIGH=10, MED=0, LOW=0"
247,Sesamum INDICUM L.,Pedaliaceae,xo,Xanthine Oxidase (XDH),6,72,72,3,27,0,0.0,0.07407407407407407,0.07833333333333332,0.07,0.485,3,3,0,0,0.041666666666666664,6476333.0,Isoacteoside,0.12,0.4634,"HIGH=3, MED=0, LOW=0"
247,Sesamum INDICUM L.,Pedaliaceae,xo,Xanthine Oxidase (XDH),5,72,72,3,27,0,0.0,0.4074074074074074,0.16556666666666667,0.1667,0.5567,41,41,0,0,0.041666666666666664,6476333.0,Isoacteoside,0.2117,0.4634,"HIGH=3, MED=0, LOW=0"
247,Sesamum INDICUM L.,Pedaliaceae,maoa,MAO-A (CHRFAM7A/MAOA),6,72,72,5,24,0,0.0,0.08333333333333333,0.13964,0.1398,0.4483,5,5,0,0,0.06944444444444445,73399.0,Pinoresinol,0.1981,0.4,"HIGH=5, MED=0, LOW=0"
247,Sesamum INDICUM L.,Pedaliaceae,maoa,MAO-A (CHRFAM7A/MAOA),5,72,72,5,24,3,0.6,0.7083333333333334,0.39790000000000003,0.4175,0.6536,60,57,3,3,0.06944444444444445,460.0,Guaiacol,0.465,0.4054,"HIGH=5, MED=0, LOW=0"
253,Schleichera OLEOSA (Lour.) Oken,Sapindaceae,cox1,COX-1 (PTGS1),6,24,24,5,10,0,0.0,0.4,0.29835999999999996,0.3267,0.6717,7,7,0,0,0.20833333333333334,5282767.0,Gadoleic acid,0.3267,0.4324,"HIGH=5, MED=0, LOW=0"
253,Schleichera OLEOSA (Lour.) Oken,Sapindaceae,cox1,COX-1 (PTGS1),5,24,24,5,10,0,0.0,0.4,0.28409999999999996,0.3122,0.6985,18,18,0,0,0.20833333333333334,5282767.0,Gadoleic acid,0.3122,0.4324,"HIGH=5, MED=0, LOW=0"
253,Schleichera OLEOSA (Lour.) Oken,Sapindaceae,cox2,COX-2 (PTGS2),6,24,24,1,11,0,0.0,0.0,0.21,0.21,0.41,5,5,0,0,0.041666666666666664,5280460.0,Scopoletin,0.21,0.4667,"HIGH=1, MED=0, LOW=0"
253,Schleichera OLEOSA (Lour.) Oken,Sapindaceae,cox2,COX-2 (PTGS2),5,24,24,1,11,1,1.0,1.0,0.3817,0.3817,0.8033,24,23,1,1,0.041666666666666664,5280460.0,Scopoletin,0.3817,0.4667,"HIGH=1, MED=0, LOW=0"
253,Schleichera OLEOSA (Lour.) Oken,Sapindaceae,xo,Xanthine Oxidase (XDH),6,24,24,1,8,0,0.0,0.0,0.0917,0.0917,0.2883,0,0,0,0,0.041666666666666664,5280460.0,Scopoletin,0.0917,0.4286,"HIGH=1, MED=0, LOW=0"
253,Schleichera OLEOSA (Lour.) Oken,Sapindaceae,xo,Xanthine Oxidase (XDH),5,24,24,1,8,1,1.0,0.75,0.305,0.305,0.385,17,16,1,1,0.041666666666666664,5280460.0,Scopoletin,0.305,0.4286,"HIGH=1, MED=0, LOW=0"
253,Schleichera OLEOSA (Lour.) Oken,Sapindaceae,maoa,MAO-A (CHRFAM7A/MAOA),6,24,24,0,1,0,,0.0,,,0.48,1,1,0,0,0.0,,None (No strict-domain compound),,,"HIGH=0, MED=0, LOW=0"
253,Schleichera OLEOSA (Lour.) Oken,Sapindaceae,maoa,MAO-A (CHRFAM7A/MAOA),5,24,24,0,1,0,,0.0,,,0.6,22,22,0,0,0.0,,None (No strict-domain compound),,,"HIGH=0, MED=0, LOW=0"
257,Saraca ASOCA (Roxb.) De Wilde.,Fabaceae,cox1,COX-1 (PTGS1),6,27,27,15,23,0,0.0,0.21739130434782608,0.19534000000000004,0.1733,0.8033,6,6,0,0,0.5555555555555556,445639.0,Oleic acid,0.3267,0.4324,"HIGH=16, MED=0, LOW=0"
257,Saraca ASOCA (Roxb.) De Wilde.,Fabaceae,cox1,COX-1 (PTGS1),5,27,27,15,23,10,0.6666666666666666,0.782608695652174,0.41991333333333336,0.38,0.74,22,12,10,10,0.5555555555555556,167642.0,"Pelargonidin 3,5-diglucoside",0.6567,0.4,"HIGH=16, MED=0, LOW=0"
257,Saraca ASOCA (Roxb.) De Wilde.,Fabaceae,cox2,COX-2 (PTGS2),6,27,27,12,23,0,0.0,0.0,0.1650416666666667,0.17665,0.38,1,1,0,0,0.4444444444444444,5484006.0,Isoquercitrin,0.27,0.5507,"HIGH=13, MED=0, LOW=0"
257,Saraca ASOCA (Roxb.) De Wilde.,Fabaceae,cox2,COX-2 (PTGS2),5,27,27,12,23,12,1.0,1.0,0.5201166666666667,0.5947,0.7933,27,15,12,12,0.4444444444444444,73145.0,beta-Amyrin,0.7933,0.5645,"HIGH=13, MED=0, LOW=0"
257,Saraca ASOCA (Roxb.) De Wilde.,Fabaceae,xo,Xanthine Oxidase (XDH),6,27,27,9,19,0,0.0,0.05263157894736842,0.15223333333333333,0.1433,0.455,1,1,0,0,0.3333333333333333,445881.0,Leucocianidol,0.2567,0.4,"HIGH=9, MED=0, LOW=0"
257,Saraca ASOCA (Roxb.) De Wilde.,Fabaceae,xo,Xanthine Oxidase (XDH),5,27,27,9,19,5,0.5555555555555556,0.7368421052631579,0.34388888888888886,0.3267,0.5667,19,14,5,5,0.3333333333333333,5280343.0,Quercetin,0.565,0.5957,"HIGH=9, MED=0, LOW=0"
257,Saraca ASOCA (Roxb.) De Wilde.,Fabaceae,maoa,MAO-A (CHRFAM7A/MAOA),6,27,27,7,14,4,0.5714285714285714,0.35714285714285715,0.38954285714285714,0.42,0.4967,6,2,4,4,0.25925925925925924,5280343.0,Quercetin,0.4967,0.6744,"HIGH=7, MED=0, LOW=0"
257,Saraca ASOCA (Roxb.) De Wilde.,Fabaceae,maoa,MAO-A (CHRFAM7A/MAOA),5,27,27,7,14,7,1.0,0.8571428571428571,0.46712857142857145,0.4683,0.6517,25,18,7,7,0.25925925925925924,445881.0,Leucocianidol,0.51,0.4,"HIGH=7, MED=0, LOW=0"
265,Saccharum OFFICINARUM L.,Poaceae,cox1,COX-1 (PTGS1),6,70,70,12,34,4,0.3333333333333333,0.3235294117647059,0.34555833333333336,0.30169999999999997,0.7117,34,30,4,4,0.17142857142857143,1188.0,Xanthine,0.6767,0.4,"HIGH=12, MED=0, LOW=0"
265,Saccharum OFFICINARUM L.,Poaceae,cox1,COX-1 (PTGS1),5,70,70,12,34,7,0.5833333333333334,0.7941176470588235,0.3984583333333333,0.38415,0.7617,63,56,7,7,0.17142857142857143,1188.0,Xanthine,0.638,0.4,"HIGH=12, MED=0, LOW=0"
265,Saccharum OFFICINARUM L.,Poaceae,cox2,COX-2 (PTGS2),6,70,70,10,34,0,0.0,0.029411764705882353,0.10245000000000001,0.0774,0.5833,11,11,0,0,0.14285714285714285,938.0,Nicotinic acid,0.2667,0.5143,"HIGH=10, MED=0, LOW=0"
265,Saccharum OFFICINARUM L.,Poaceae,cox2,COX-2 (PTGS2),5,70,70,10,34,7,0.7,0.9117647058823529,0.31751999999999997,0.292,0.7639,67,60,7,7,0.14285714285714285,5281603.0,Axillarin,0.5567,0.4151,"HIGH=10, MED=0, LOW=0"
265,Saccharum OFFICINARUM L.,Poaceae,xo,Xanthine Oxidase (XDH),6,70,70,18,29,0,0.0,0.06896551724137931,0.17138888888888887,0.1483,0.485,3,3,0,0,0.2571428571428571,717531.0,"3,4-Dimethoxycinnamic acid",0.3417,0.4222,"HIGH=19, MED=0, LOW=0"
265,Saccharum OFFICINARUM L.,Poaceae,xo,Xanthine Oxidase (XDH),5,70,70,18,29,9,0.5,0.6206896551724138,0.3153833333333333,0.2958,0.5567,41,32,9,9,0.2571428571428571,637542.0,p-Coumaric acid,0.55,0.6,"HIGH=19, MED=0, LOW=0"
265,Saccharum OFFICINARUM L.,Poaceae,maoa,MAO-A (CHRFAM7A/MAOA),6,70,70,6,16,0,0.0,0.0625,0.14195000000000002,0.1325,0.48,5,5,0,0,0.08571428571428572,689043.0,Caffeic acid,0.25,0.5263,"HIGH=6, MED=0, LOW=0"
265,Saccharum OFFICINARUM L.,Poaceae,maoa,MAO-A (CHRFAM7A/MAOA),5,70,70,6,16,3,0.5,0.5,0.3627666666666667,0.37915,0.6536,59,56,3,3,0.08571428571428572,445858.0,Ferulic acid,0.4983,0.5814,"HIGH=6, MED=0, LOW=0"
272,Ricinus COMMUNIS L.,Euphorbiaceae,cox1,COX-1 (PTGS1),6,60,60,15,27,3,0.2,0.25925925925925924,0.2778933333333333,0.22,0.6683,27,24,3,3,0.25,802.0,Indole-3-acetic acid,0.6367,0.4681,"HIGH=17, MED=0, LOW=0"
272,Ricinus COMMUNIS L.,Euphorbiaceae,cox1,COX-1 (PTGS1),5,60,60,15,27,12,0.8,0.8518518518518519,0.4607533333333333,0.4692,0.7358,56,44,12,12,0.25,802.0,Indole-3-acetic acid,0.7358,0.4681,"HIGH=17, MED=0, LOW=0"
272,Ricinus COMMUNIS L.,Euphorbiaceae,cox2,COX-2 (PTGS2),6,60,60,14,26,1,0.07142857142857142,0.038461538461538464,0.18881428571428574,0.17665,0.5833,11,10,1,1,0.23333333333333334,73568.0,Corilagin,0.4867,0.5059,"HIGH=16, MED=0, LOW=0"
272,Ricinus COMMUNIS L.,Euphorbiaceae,cox2,COX-2 (PTGS2),5,60,60,14,26,14,1.0,1.0,0.5086642857142858,0.471,0.7933,60,46,14,14,0.23333333333333334,73145.0,beta-Amyrin,0.7933,0.5645,"HIGH=16, MED=0, LOW=0"
272,Ricinus COMMUNIS L.,Euphorbiaceae,xo,Xanthine Oxidase (XDH),6,60,60,7,21,0,0.0,0.047619047619047616,0.16428571428571428,0.1383,0.5783,3,3,0,0,0.11666666666666667,5280443.0,apigenin,0.3817,0.6591,"HIGH=8, MED=0, LOW=0"
272,Ricinus COMMUNIS L.,Euphorbiaceae,xo,Xanthine Oxidase (XDH),5,60,60,7,21,6,0.8571428571428571,0.8571428571428571,0.44071428571428567,0.4233,0.6333,46,40,6,6,0.11666666666666667,5280343.0,Quercetin,0.565,0.5957,"HIGH=8, MED=0, LOW=0"
272,Ricinus COMMUNIS L.,Euphorbiaceae,maoa,MAO-A (CHRFAM7A/MAOA),6,60,60,9,18,3,0.3333333333333333,0.2777777777777778,0.2761888888888889,0.2383,0.4967,6,3,3,3,0.15,5280343.0,Quercetin,0.4967,0.6744,"HIGH=10, MED=0, LOW=0"
272,Ricinus COMMUNIS L.,Euphorbiaceae,maoa,MAO-A (CHRFAM7A/MAOA),5,60,60,9,18,7,0.7777777777777778,0.7777777777777778,0.4859666666666666,0.4883,0.735,52,45,7,7,0.15,5281855.0,Ellagic acid,0.735,1.0,"HIGH=10, MED=0, LOW=0"
278,Rauvolfia SERPENTINA (L.) Benth. ex Kurz.,Apocynaceae,cox1,COX-1 (PTGS1),6,58,58,3,12,1,0.3333333333333333,0.8333333333333334,0.34780000000000005,0.3267,0.6567,25,24,1,1,0.05172413793103448,1150.0,Tryptamine,0.4067,0.4348,"HIGH=3, MED=0, LOW=0"
278,Rauvolfia SERPENTINA (L.) Benth. ex Kurz.,Apocynaceae,cox1,COX-1 (PTGS1),5,58,58,3,12,2,0.6666666666666666,0.9166666666666666,0.5614333333333333,0.6367,0.74,57,55,2,2,0.05172413793103448,440936.0,Arbutin,0.7354,0.4833,"HIGH=3, MED=0, LOW=0"
278,Rauvolfia SERPENTINA (L.) Benth. ex Kurz.,Apocynaceae,cox2,COX-2 (PTGS2),6,58,58,4,13,0,0.0,0.07692307692307693,0.09315000000000001,0.08629999999999999,0.5367,31,31,0,0,0.06896551724137931,8357.0,"3,4,5-Trimethoxybenzoic acid",0.13,0.6429,"HIGH=4, MED=0, LOW=0"
278,Rauvolfia SERPENTINA (L.) Benth. ex Kurz.,Apocynaceae,cox2,COX-2 (PTGS2),5,58,58,4,13,4,1.0,1.0,0.44989999999999997,0.45135000000000003,0.7517,58,54,4,4,0.06896551724137931,68262.0,"2,6-Dimethoxy-1,4-benzoquinone",0.5519,0.6957,"HIGH=4, MED=0, LOW=0"
278,Rauvolfia SERPENTINA (L.) Benth. ex Kurz.,Apocynaceae,xo,Xanthine Oxidase (XDH),6,58,58,1,11,0,0.0,0.09090909090909091,0.0633,0.0633,0.5117,3,3,0,0,0.017241379310344827,440936.0,Arbutin,0.0633,0.4909,"HIGH=1, MED=0, LOW=0"
278,Rauvolfia SERPENTINA (L.) Benth. ex Kurz.,Apocynaceae,xo,Xanthine Oxidase (XDH),5,58,58,1,11,0,0.0,0.8181818181818182,0.1233,0.1233,0.5433,50,50,0,0,0.017241379310344827,440936.0,Arbutin,0.1233,0.4909,"HIGH=1, MED=0, LOW=0"
278,Rauvolfia SERPENTINA (L.) Benth. ex Kurz.,Apocynaceae,maoa,MAO-A (CHRFAM7A/MAOA),6,58,58,1,7,0,0.0,0.14285714285714285,0.1031,0.1031,0.5232,18,18,0,0,0.017241379310344827,1150.0,Tryptamine,0.1031,0.6061,"HIGH=1, MED=0, LOW=0"
278,Rauvolfia SERPENTINA (L.) Benth. ex Kurz.,Apocynaceae,maoa,MAO-A (CHRFAM7A/MAOA),5,58,58,1,7,1,1.0,0.7142857142857143,0.6196,0.6196,0.6854,56,55,1,1,0.017241379310344827,1150.0,Tryptamine,0.6196,0.6061,"HIGH=1, MED=0, LOW=0"
283,Punica GRANATUM L.,Punicaeae,cox1,COX-1 (PTGS1),6,114,114,11,33,2,0.18181818181818182,0.3333333333333333,0.30075454545454544,0.3067,0.7117,63,61,2,2,0.09649122807017543,938.0,Nicotinic acid,0.545,0.4359,"HIGH=11, MED=0, LOW=0"
283,Punica GRANATUM L.,Punicaeae,cox1,COX-1 (PTGS1),5,114,114,11,33,10,0.9090909090909091,0.9393939393939394,0.49954545454545446,0.4783,0.7983,112,102,10,10,0.09649122807017543,6989.0,Thymol,0.73,0.4074,"HIGH=11, MED=0, LOW=0"
283,Punica GRANATUM L.,Punicaeae,cox2,COX-2 (PTGS2),6,114,114,15,38,4,0.26666666666666666,0.15789473684210525,0.27002666666666664,0.2433,0.5858,14,10,4,4,0.13157894736842105,10033935.0,Ellagitannin,0.5858,0.5,"HIGH=15, MED=0, LOW=0"
283,Punica GRANATUM L.,Punicaeae,cox2,COX-2 (PTGS2),5,114,114,15,39,15,1.0,1.0,0.5770733333333333,0.642,0.825,114,99,15,15,0.13157894736842105,73659.0,Maslinic acid,0.825,0.7,"HIGH=15, MED=0, LOW=0"
283,Punica GRANATUM L.,Punicaeae,xo,Xanthine Oxidase (XDH),6,114,114,9,27,1,0.1111111111111111,0.1111111111111111,0.17276666666666665,0.145,0.4783,3,2,1,1,0.07894736842105263,108065.0,Proanthocyanidin,0.4783,0.4179,"HIGH=9, MED=0, LOW=0"
283,Punica GRANATUM L.,Punicaeae,xo,Xanthine Oxidase (XDH),5,114,114,9,27,5,0.5555555555555556,0.7777777777777778,0.33055555555555555,0.32,0.5667,74,69,5,5,0.07894736842105263,108065.0,Proanthocyanidin,0.5217,0.4179,"HIGH=9, MED=0, LOW=0"
283,Punica GRANATUM L.,Punicaeae,maoa,MAO-A (CHRFAM7A/MAOA),6,114,114,8,25,0,0.0,0.04,0.201125,0.1622,0.495,10,10,0,0,0.07017543859649122,165558.0,Myrtillin,0.2983,0.4386,"HIGH=8, MED=0, LOW=0"
283,Punica GRANATUM L.,Punicaeae,maoa,MAO-A (CHRFAM7A/MAOA),5,114,114,8,25,4,0.5,0.72,0.4543875,0.3775,0.735,101,97,4,4,0.07017543859649122,5281855.0,Ellagic acid,0.735,1.0,"HIGH=8, MED=0, LOW=0"
287,Psidium GUAJAVA L.,Myrtaceae,cox1,COX-1 (PTGS1),6,407,407,35,123,16,0.45714285714285713,0.4878048780487805,0.36381142857142856,0.3717,0.805,238,222,16,16,0.085995085995086,8363.0,Benzyl salicylate,0.6983,0.4,"HIGH=35, MED=0, LOW=0"
287,Psidium GUAJAVA L.,Myrtaceae,cox1,COX-1 (PTGS1),5,407,407,35,121,29,0.8285714285714286,0.9008264462809917,0.5092657142857142,0.5225,0.8867,392,363,29,29,0.085995085995086,10703.0,O-Cymene,0.8617,0.4783,"HIGH=35, MED=0, LOW=0"
287,Psidium GUAJAVA L.,Myrtaceae,cox2,COX-2 (PTGS2),6,407,407,49,137,6,0.12244897959183673,0.10948905109489052,0.188069387755102,0.15,0.5833,33,27,6,6,0.12039312039312039,78172774.0,Guavin B,0.55,0.4316,"HIGH=49, MED=0, LOW=0"
287,Psidium GUAJAVA L.,Myrtaceae,cox2,COX-2 (PTGS2),5,407,407,49,137,46,0.9387755102040817,0.9708029197080292,0.4789918367346939,0.3945,0.8583,403,357,46,46,0.12039312039312039,609112.0,Methyl arjunolate,0.8583,0.5571,"HIGH=49, MED=0, LOW=0"
287,Psidium GUAJAVA L.,Myrtaceae,xo,Xanthine Oxidase (XDH),6,407,407,11,66,0,0.0,0.07575757575757576,0.18167272727272726,0.17,0.56,12,12,0,0,0.02702702702702703,31244.0,4-Methoxybenzaldehyde,0.3017,0.4286,"HIGH=11, MED=0, LOW=0"
287,Psidium GUAJAVA L.,Myrtaceae,xo,Xanthine Oxidase (XDH),5,407,407,11,66,10,0.9090909090909091,0.7727272727272727,0.39696363636363635,0.39,0.66,223,213,10,10,0.02702702702702703,5280343.0,Quercetin,0.565,0.5957,"HIGH=11, MED=0, LOW=0"
287,Psidium GUAJAVA L.,Myrtaceae,maoa,MAO-A (CHRFAM7A/MAOA),6,407,407,32,77,5,0.15625,0.07792207792207792,0.211190625,0.16999999999999998,0.53,20,15,5,5,0.07862407862407862,5280343.0,Quercetin,0.4967,0.6744,"HIGH=32, MED=0, LOW=0"
287,Psidium GUAJAVA L.,Myrtaceae,maoa,MAO-A (CHRFAM7A/MAOA),5,407,407,32,77,17,0.53125,0.7142857142857143,0.427065625,0.41000000000000003,0.735,354,337,17,17,0.07862407862407862,5281855.0,Ellagic acid,0.735,1.0,"HIGH=32, MED=0, LOW=0"
288,Premna CORYMBOSA Rottler & Willd.,Verbenaceae,cox1,COX-1 (PTGS1),6,5,5,0,1,0,,0.0,,,0.3717,0,0,0,0,0.0,,None (No strict-domain compound),,,"HIGH=0, MED=0, LOW=0"
288,Premna CORYMBOSA Rottler & Willd.,Verbenaceae,cox1,COX-1 (PTGS1),5,5,5,0,1,0,,0.0,,,0.4942,4,4,0,0,0.0,,None (No strict-domain compound),,,"HIGH=0, MED=0, LOW=0"
288,Premna CORYMBOSA Rottler & Willd.,Verbenaceae,cox2,COX-2 (PTGS2),6,5,5,0,1,0,,0.0,,,0.4233,2,2,0,0,0.0,,None (No strict-domain compound),,,"HIGH=0, MED=0, LOW=0"
288,Premna CORYMBOSA Rottler & Willd.,Verbenaceae,cox2,COX-2 (PTGS2),5,5,5,0,1,0,,1.0,,,0.7567,5,5,0,0,0.0,,None (No strict-domain compound),,,"HIGH=0, MED=0, LOW=0"
288,Premna CORYMBOSA Rottler & Willd.,Verbenaceae,xo,Xanthine Oxidase (XDH),6,5,5,1,2,0,0.0,0.0,0.275,0.275,0.2867,0,0,0,0,0.2,5280445.0,Luteolin,0.275,0.5957,"HIGH=1, MED=0, LOW=0"
288,Premna CORYMBOSA Rottler & Willd.,Verbenaceae,xo,Xanthine Oxidase (XDH),5,5,5,1,2,1,1.0,0.5,0.545,0.545,0.545,3,2,1,1,0.2,5280445.0,Luteolin,0.545,0.5957,"HIGH=1, MED=0, LOW=0"
288,Premna CORYMBOSA Rottler & Willd.,Verbenaceae,maoa,MAO-A (CHRFAM7A/MAOA),6,5,5,1,1,0,0.0,0.0,0.265,0.265,0.3767,0,0,0,0,0.2,5280445.0,Luteolin,0.265,0.4762,"HIGH=1, MED=0, LOW=0"
288,Premna CORYMBOSA Rottler & Willd.,Verbenaceae,maoa,MAO-A (CHRFAM7A/MAOA),5,5,5,1,1,0,0.0,0.0,0.3017,0.3017,0.5833,4,4,0,0,0.2,5280445.0,Luteolin,0.3017,0.4762,"HIGH=1, MED=0, LOW=0"
293,polygonum PLEBEIUM R. Br.,Polygonaceae,cox1,COX-1 (PTGS1),6,7,7,3,5,0,0.0,0.0,0.18056666666666665,0.1767,0.3167,0,0,0,0,0.42857142857142855,5280343.0,Quercetin,0.2017,0.4167,"HIGH=3, MED=0, LOW=0"
293,polygonum PLEBEIUM R. Br.,Polygonaceae,cox1,COX-1 (PTGS1),5,7,7,3,5,3,1.0,1.0,0.4415,0.4345,0.5639,7,4,3,3,0.42857142857142855,5280805.0,Rutin,0.5417,0.5342,"HIGH=3, MED=0, LOW=0"
293,polygonum PLEBEIUM R. Br.,Polygonaceae,cox2,COX-2 (PTGS2),6,7,7,4,5,0,0.0,0.0,0.195825,0.20829999999999999,0.38,1,1,0,0,0.5714285714285714,5280805.0,Rutin,0.25,0.5342,"HIGH=4, MED=0, LOW=0"
293,polygonum PLEBEIUM R. Br.,Polygonaceae,cox2,COX-2 (PTGS2),5,7,7,4,5,4,1.0,1.0,0.6406,0.63935,0.83,7,3,4,4,0.5714285714285714,10494.0,Oleanolic acid,0.83,0.7586,"HIGH=4, MED=0, LOW=0"
293,polygonum PLEBEIUM R. Br.,Polygonaceae,xo,Xanthine Oxidase (XDH),6,7,7,3,5,0,0.0,0.0,0.14443333333333333,0.1667,0.2267,0,0,0,0,0.42857142857142855,5280343.0,Quercetin,0.1933,0.5957,"HIGH=3, MED=0, LOW=0"
293,polygonum PLEBEIUM R. Br.,Polygonaceae,xo,Xanthine Oxidase (XDH),5,7,7,3,5,3,1.0,0.6,0.5022333333333333,0.5517,0.565,4,1,3,3,0.42857142857142855,5280343.0,Quercetin,0.565,0.5957,"HIGH=3, MED=0, LOW=0"
293,polygonum PLEBEIUM R. Br.,Polygonaceae,maoa,MAO-A (CHRFAM7A/MAOA),6,7,7,2,3,2,1.0,1.0,0.47055,0.47055,0.4967,3,1,2,2,0.2857142857142857,5280343.0,Quercetin,0.4967,0.6744,"HIGH=2, MED=0, LOW=0"
293,polygonum PLEBEIUM R. Br.,Polygonaceae,maoa,MAO-A (CHRFAM7A/MAOA),5,7,7,2,3,2,1.0,1.0,0.45525000000000004,0.45525000000000004,0.5662,7,5,2,2,0.2857142857142857,5481224.0,Guaijaverin,0.4872,0.4194,"HIGH=2, MED=0, LOW=0"
299,Plumeria RUBRA L.,Apocynaceae,cox1,COX-1 (PTGS1),6,141,141,19,68,11,0.5789473684210527,0.5735294117647058,0.48281578947368436,0.5017,0.8617,80,69,11,11,0.1347517730496454,338.0,Salicylic acid,0.8617,0.4242,"HIGH=19, MED=0, LOW=0"
299,Plumeria RUBRA L.,Apocynaceae,cox1,COX-1 (PTGS1),5,141,141,19,68,16,0.8421052631578947,0.9264705882352942,0.5766736842105263,0.5894,0.8283,135,119,16,16,0.1347517730496454,7690.0,4-Methoxyphenylacetic acid,0.8283,0.7,"HIGH=19, MED=0, LOW=0"
299,Plumeria RUBRA L.,Apocynaceae,cox2,COX-2 (PTGS2),6,141,141,29,77,0,0.0,0.0,0.17660689655172418,0.1725,0.57,9,9,0,0,0.20567375886524822,6054.0,2-Phenylethanol,0.3167,0.4286,"HIGH=29, MED=0, LOW=0"
299,Plumeria RUBRA L.,Apocynaceae,cox2,COX-2 (PTGS2),5,141,141,29,77,28,0.9655172413793104,0.974025974025974,0.4495275862068966,0.432,0.83,139,111,28,28,0.20567375886524822,10494.0,Oleanolic acid,0.83,0.7586,"HIGH=29, MED=0, LOW=0"
299,Plumeria RUBRA L.,Apocynaceae,xo,Xanthine Oxidase (XDH),6,141,141,6,49,0,0.0,0.04081632653061224,0.17943333333333333,0.19165,0.49,3,3,0,0,0.0425531914893617,637520.0,(E)-Methyl cinnamate,0.2983,0.4103,"HIGH=6, MED=0, LOW=0"
299,Plumeria RUBRA L.,Apocynaceae,xo,Xanthine Oxidase (XDH),5,141,141,6,49,5,0.8333333333333334,0.7551020408163265,0.44944999999999996,0.45999999999999996,0.565,80,75,5,5,0.0425531914893617,5280343.0,Quercetin,0.565,0.5957,"HIGH=6, MED=0, LOW=0"
299,Plumeria RUBRA L.,Apocynaceae,maoa,MAO-A (CHRFAM7A/MAOA),6,141,141,20,46,3,0.15,0.08695652173913043,0.22426500000000002,0.1775,0.5333,9,6,3,3,0.14184397163120568,5280863.0,Kaempferol,0.5333,0.75,"HIGH=20, MED=0, LOW=0"
299,Plumeria RUBRA L.,Apocynaceae,maoa,MAO-A (CHRFAM7A/MAOA),5,141,141,20,46,12,0.6,0.7608695652173914,0.42472999999999994,0.43165,0.6604,125,113,12,12,0.14184397163120568,23235.0,Hexyl benzoate,0.6436,0.4444,"HIGH=20, MED=0, LOW=0"
300,Plumbago ZEYLANICA L.,Plumbaginaceae,cox1,COX-1 (PTGS1),6,24,24,3,7,0,0.0,0.42857142857142855,0.1989,0.22,0.6867,14,14,0,0,0.125,444539.0,Cinnamic acid,0.29,0.4,"HIGH=3, MED=0, LOW=0"
300,Plumbago ZEYLANICA L.,Plumbaginaceae,cox1,COX-1 (PTGS1),5,24,24,3,7,1,0.3333333333333333,0.7142857142857143,0.32703333333333334,0.3267,0.7467,22,21,1,1,0.125,73145.0,beta-Amyrin,0.5894,0.4098,"HIGH=3, MED=0, LOW=0"
300,Plumbago ZEYLANICA L.,Plumbaginaceae,cox2,COX-2 (PTGS2),6,24,24,7,8,0,0.0,0.0,0.13761428571428572,0.16,0.3967,4,4,0,0,0.2916666666666667,131752025.0,alpha-Amyrin,0.2067,0.4143,"HIGH=7, MED=0, LOW=0"
300,Plumbago ZEYLANICA L.,Plumbaginaceae,cox2,COX-2 (PTGS2),5,24,24,7,8,7,1.0,0.875,0.40981428571428574,0.2319,0.7933,23,16,7,7,0.2916666666666667,73145.0,beta-Amyrin,0.7933,0.5645,"HIGH=7, MED=0, LOW=0"
300,Plumbago ZEYLANICA L.,Plumbaginaceae,xo,Xanthine Oxidase (XDH),6,24,24,1,6,0,0.0,0.16666666666666666,0.13,0.13,0.4933,2,2,0,0,0.041666666666666664,5316891.0,"7-Hydroxy-2,5-dimethyl-4H-1-benzopyran-4-one",0.13,0.4444,"HIGH=1, MED=0, LOW=0"
300,Plumbago ZEYLANICA L.,Plumbaginaceae,xo,Xanthine Oxidase (XDH),5,24,24,1,6,0,0.0,0.6666666666666666,0.2483,0.2483,0.5117,15,15,0,0,0.041666666666666664,5316891.0,"7-Hydroxy-2,5-dimethyl-4H-1-benzopyran-4-one",0.2483,0.4444,"HIGH=1, MED=0, LOW=0"
300,Plumbago ZEYLANICA L.,Plumbaginaceae,maoa,MAO-A (CHRFAM7A/MAOA),6,24,24,11,12,0,0.0,0.0,0.19987272727272726,0.1867,0.3586,0,0,0,0,0.4583333333333333,5276618.0,Zeylanone,0.3586,0.4186,"HIGH=11, MED=0, LOW=0"
300,Plumbago ZEYLANICA L.,Plumbaginaceae,maoa,MAO-A (CHRFAM7A/MAOA),5,24,24,11,12,5,0.45454545454545453,0.4166666666666667,0.3775454545454545,0.3426,0.6145,15,10,5,5,0.4583333333333333,10256.0,Indole-3-carboxaldehyde,0.6145,0.4634,"HIGH=11, MED=0, LOW=0"
301,Plumbago INDICA L.,Plumbaginaceae,cox1,COX-1 (PTGS1),6,26,26,1,9,0,0.0,0.6666666666666666,0.2117,0.2117,0.72,17,17,0,0,0.038461538461538464,5280863.0,Kaempferol,0.2117,0.4068,"HIGH=1, MED=0, LOW=0"
301,Plumbago INDICA L.,Plumbaginaceae,cox1,COX-1 (PTGS1),5,26,26,1,9,1,1.0,1.0,0.4083,0.4083,0.805,26,25,1,1,0.038461538461538464,5280863.0,Kaempferol,0.4083,0.4068,"HIGH=1, MED=0, LOW=0"
301,Plumbago INDICA L.,Plumbaginaceae,cox2,COX-2 (PTGS2),6,26,26,2,9,0,0.0,0.0,0.18165,0.18165,0.3967,6,6,0,0,0.07692307692307693,5280863.0,Kaempferol,0.19,0.4068,"HIGH=2, MED=0, LOW=0"
301,Plumbago INDICA L.,Plumbaginaceae,cox2,COX-2 (PTGS2),5,26,26,2,9,2,1.0,1.0,0.48514999999999997,0.48514999999999997,0.7567,26,24,2,2,0.07692307692307693,92468469.0,Plumbagic acid,0.5383,0.4348,"HIGH=2, MED=0, LOW=0"
301,Plumbago INDICA L.,Plumbaginaceae,xo,Xanthine Oxidase (XDH),6,26,26,1,3,0,0.0,0.0,0.2,0.2,0.4083,1,1,0,0,0.038461538461538464,5280863.0,Kaempferol,0.2,0.5532,"HIGH=1, MED=0, LOW=0"
301,Plumbago INDICA L.,Plumbaginaceae,xo,Xanthine Oxidase (XDH),5,26,26,1,3,1,1.0,1.0,0.495,0.495,0.525,13,12,1,1,0.038461538461538464,5280863.0,Kaempferol,0.495,0.5532,"HIGH=1, MED=0, LOW=0"
301,Plumbago INDICA L.,Plumbaginaceae,maoa,MAO-A (CHRFAM7A/MAOA),6,26,26,10,12,1,0.1,0.08333333333333333,0.23739,0.19219999999999998,0.5333,1,0,1,1,0.38461538461538464,5280863.0,Kaempferol,0.5333,0.75,"HIGH=10, MED=0, LOW=0"
301,Plumbago INDICA L.,Plumbaginaceae,maoa,MAO-A (CHRFAM7A/MAOA),5,26,26,10,12,6,0.6,0.6666666666666666,0.39258,0.4275,0.6,22,16,6,6,0.38461538461538464,5280863.0,Kaempferol,0.5017,0.75,"HIGH=10, MED=0, LOW=0"
307,Piper NIGRUM L.,Piperaceae,cox1,COX-1 (PTGS1),6,242,242,8,59,5,0.625,0.4576271186440678,0.4743875,0.4675,0.805,145,140,5,5,0.03305785123966942,9231.0,Azulene,0.79,0.4091,"HIGH=8, MED=0, LOW=0"
307,Piper NIGRUM L.,Piperaceae,cox1,COX-1 (PTGS1),5,242,242,8,57,6,0.75,0.9473684210526315,0.6048,0.6929000000000001,0.8617,238,232,6,6,0.03305785123966942,10703.0,O-Cymene,0.8617,0.4783,"HIGH=8, MED=0, LOW=0"
307,Piper NIGRUM L.,Piperaceae,cox2,COX-2 (PTGS2),6,242,242,9,66,0,0.0,0.045454545454545456,0.17356666666666667,0.17,0.4767,16,16,0,0,0.0371900826446281,10248.0,Elemicin,0.35,0.5714,"HIGH=9, MED=0, LOW=0"
307,Piper NIGRUM L.,Piperaceae,cox2,COX-2 (PTGS2),5,242,242,9,67,8,0.8888888888888888,0.9850746268656716,0.2836444444444444,0.2672,0.745,241,233,8,8,0.0371900826446281,10248.0,Elemicin,0.5021,0.5714,"HIGH=9, MED=0, LOW=0"
307,Piper NIGRUM L.,Piperaceae,xo,Xanthine Oxidase (XDH),6,242,242,4,21,0,0.0,0.0,0.21875,0.21835,0.3967,0,0,0,0,0.01652892561983471,55255958.0,Methyl caffeic acid,0.235,0.4688,"HIGH=5, MED=0, LOW=0"
307,Piper NIGRUM L.,Piperaceae,xo,Xanthine Oxidase (XDH),5,242,242,4,21,3,0.75,0.7619047619047619,0.344575,0.3708,0.5117,140,137,3,3,0.01652892561983471,5280537.0,Moupinamide,0.405,0.4107,"HIGH=5, MED=0, LOW=0"
307,Piper NIGRUM L.,Piperaceae,maoa,MAO-A (CHRFAM7A/MAOA),6,242,242,28,61,0,0.0,0.0,0.1589,0.1492,0.48,5,5,0,0,0.11570247933884298,7362.0,Furfural,0.2733,0.4,"HIGH=30, MED=0, LOW=0"
307,Piper NIGRUM L.,Piperaceae,maoa,MAO-A (CHRFAM7A/MAOA),5,242,242,28,61,22,0.7857142857142857,0.7868852459016393,0.47192857142857136,0.49085,0.7456,210,188,22,22,0.11570247933884298,5144.0,Safrole,0.6467,0.4,"HIGH=30, MED=0, LOW=0"
308,Piper LONGUM L.,Piperaceae,cox1,COX-1 (PTGS1),6,86,86,4,28,2,0.5,0.5,0.40040000000000003,0.4283,0.645,46,44,2,2,0.046511627906976744,7476.0,4'-Methoxyacetophenone,0.5683,0.4545,"HIGH=4, MED=0, LOW=0"
308,Piper LONGUM L.,Piperaceae,cox1,COX-1 (PTGS1),5,86,86,4,27,4,1.0,0.9629629629629629,0.59955,0.60745,0.7837,85,81,4,4,0.046511627906976744,7476.0,4'-Methoxyacetophenone,0.6933,0.4545,"HIGH=4, MED=0, LOW=0"
308,Piper LONGUM L.,Piperaceae,cox2,COX-2 (PTGS2),6,86,86,4,39,0,0.0,0.15384615384615385,0.18917499999999998,0.18,0.4067,11,11,0,0,0.046511627906976744,6054.0,2-Phenylethanol,0.3167,0.4286,"HIGH=4, MED=0, LOW=0"
308,Piper LONGUM L.,Piperaceae,cox2,COX-2 (PTGS2),5,86,86,4,39,4,1.0,1.0,0.4151,0.38,0.745,86,82,4,4,0.046511627906976744,5280805.0,Rutin,0.6667,0.5342,"HIGH=4, MED=0, LOW=0"
308,Piper LONGUM L.,Piperaceae,xo,Xanthine Oxidase (XDH),6,86,86,2,9,0,0.0,0.0,0.15000000000000002,0.15000000000000002,0.3967,0,0,0,0,0.023255813953488372,7476.0,4'-Methoxyacetophenone,0.2267,0.4571,"HIGH=2, MED=0, LOW=0"
308,Piper LONGUM L.,Piperaceae,xo,Xanthine Oxidase (XDH),5,86,86,2,9,2,1.0,0.4444444444444444,0.4492,0.4492,0.5667,53,51,2,2,0.023255813953488372,5280805.0,Rutin,0.5517,0.7143,"HIGH=2, MED=0, LOW=0"
308,Piper LONGUM L.,Piperaceae,maoa,MAO-A (CHRFAM7A/MAOA),6,86,86,11,28,0,0.0,0.03571428571428571,0.1593909090909091,0.1417,0.4533,2,2,0,0,0.12790697674418605,7476.0,4'-Methoxyacetophenone,0.3483,0.4706,"HIGH=12, MED=0, LOW=0"
308,Piper LONGUM L.,Piperaceae,maoa,MAO-A (CHRFAM7A/MAOA),5,86,86,11,28,9,0.8181818181818182,0.7857142857142857,0.5202545454545455,0.5417,0.6671,76,67,9,9,0.12790697674418605,5320621.0,Piperlonguminine,0.6217,0.5179,"HIGH=12, MED=0, LOW=0"
313,Phyllanthus URINARIA L.,Euphorbiaceae,cox1,COX-1 (PTGS1),6,17,17,7,8,0,0.0,0.125,0.20762857142857144,0.1767,0.4483,2,2,0,0,0.4117647058823529,73568.0,Corilagin,0.35,0.5059,"HIGH=7, MED=0, LOW=0"
313,Phyllanthus URINARIA L.,Euphorbiaceae,cox1,COX-1 (PTGS1),5,17,17,7,8,7,1.0,1.0,0.48475714285714283,0.5225,0.58,17,10,7,7,0.4117647058823529,5282102.0,Kaempferol 3-O-glucoside,0.58,0.5938,"HIGH=7, MED=0, LOW=0"
313,Phyllanthus URINARIA L.,Euphorbiaceae,cox2,COX-2 (PTGS2),6,17,17,9,11,1,0.1111111111111111,0.09090909090909091,0.2389,0.21,0.4867,3,2,1,1,0.5294117647058824,73568.0,Corilagin,0.4867,0.5059,"HIGH=9, MED=0, LOW=0"
313,Phyllanthus URINARIA L.,Euphorbiaceae,cox2,COX-2 (PTGS2),5,17,17,9,11,9,1.0,1.0,0.5710222222222222,0.6417,0.755,17,8,9,9,0.5294117647058824,131752025.0,alpha-Amyrin,0.755,0.4143,"HIGH=9, MED=0, LOW=0"
313,Phyllanthus URINARIA L.,Euphorbiaceae,xo,Xanthine Oxidase (XDH),6,17,17,6,9,0,0.0,0.1111111111111111,0.1416666666666667,0.14585,0.455,1,1,0,0,0.35294117647058826,5280863.0,Kaempferol,0.2,0.5532,"HIGH=6, MED=0, LOW=0"
313,Phyllanthus URINARIA L.,Euphorbiaceae,xo,Xanthine Oxidase (XDH),5,17,17,6,9,5,0.8333333333333334,0.8888888888888888,0.4566666666666666,0.45999999999999996,0.5667,13,8,5,5,0.35294117647058826,5280343.0,Quercetin,0.565,0.5957,"HIGH=6, MED=0, LOW=0"
313,Phyllanthus URINARIA L.,Euphorbiaceae,maoa,MAO-A (CHRFAM7A/MAOA),6,17,17,5,8,4,0.8,0.75,0.41168000000000005,0.4567,0.5333,8,4,4,4,0.29411764705882354,5280863.0,Kaempferol,0.5333,0.75,"HIGH=5, MED=0, LOW=0"
313,Phyllanthus URINARIA L.,Euphorbiaceae,maoa,MAO-A (CHRFAM7A/MAOA),5,17,17,5,8,5,1.0,0.875,0.53288,0.5017,0.735,15,10,5,5,0.29411764705882354,5281855.0,Ellagic acid,0.735,1.0,"HIGH=5, MED=0, LOW=0"
314,Phyllanthus RETICULATUS Poir.,Euphorbiaceae,cox1,COX-1 (PTGS1),6,15,15,1,8,0,0.0,0.125,0.195,0.195,0.4483,1,1,0,0,0.06666666666666667,91472.0,Friedelin,0.195,0.4727,"HIGH=1, MED=0, LOW=0"
314,Phyllanthus RETICULATUS Poir.,Euphorbiaceae,cox1,COX-1 (PTGS1),5,15,15,1,8,1,1.0,1.0,0.515,0.515,0.57,15,14,1,1,0.06666666666666667,91472.0,Friedelin,0.515,0.4727,"HIGH=1, MED=0, LOW=0"
314,Phyllanthus RETICULATUS Poir.,Euphorbiaceae,cox2,COX-2 (PTGS2),6,15,15,0,6,0,,0.16666666666666666,,,0.3867,4,4,0,0,0.0,,None (No strict-domain compound),,,"HIGH=0, MED=0, LOW=0"
314,Phyllanthus RETICULATUS Poir.,Euphorbiaceae,cox2,COX-2 (PTGS2),5,15,15,0,6,0,,1.0,,,0.8033,15,15,0,0,0.0,,None (No strict-domain compound),,,"HIGH=0, MED=0, LOW=0"
314,Phyllanthus RETICULATUS Poir.,Euphorbiaceae,xo,Xanthine Oxidase (XDH),6,15,15,0,2,0,,0.0,,,0.2933,0,0,0,0,0.0,,None (No strict-domain compound),,,"HIGH=0, MED=0, LOW=0"
314,Phyllanthus RETICULATUS Poir.,Euphorbiaceae,xo,Xanthine Oxidase (XDH),5,15,15,0,2,0,,0.0,,,0.395,4,4,0,0,0.0,,None (No strict-domain compound),,,"HIGH=0, MED=0, LOW=0"
314,Phyllanthus RETICULATUS Poir.,Euphorbiaceae,maoa,MAO-A (CHRFAM7A/MAOA),6,15,15,0,0,0,,,,,0.3367,0,0,0,0,0.0,,None (No strict-domain compound),,,"HIGH=0, MED=0, LOW=0"
314,Phyllanthus RETICULATUS Poir.,Euphorbiaceae,maoa,MAO-A (CHRFAM7A/MAOA),5,15,15,0,0,0,,,,,0.585,13,13,0,0,0.0,,None (No strict-domain compound),,,"HIGH=0, MED=0, LOW=0"
316,. PHYLLANTHUS EMBLICA L. (Euphorbiaceae),Euphorbiaceae,cox1,COX-1 (PTGS1),6,48,48,16,30,1,0.0625,0.26666666666666666,0.24990625,0.22335,0.8033,14,13,1,1,0.3333333333333333,938.0,Nicotinic acid,0.545,0.4359,"HIGH=16, MED=0, LOW=0"
316,. PHYLLANTHUS EMBLICA L. (Euphorbiaceae),Euphorbiaceae,cox1,COX-1 (PTGS1),5,48,48,16,30,11,0.6875,0.8333333333333334,0.39737500000000003,0.3961,0.74,43,32,11,11,0.3333333333333333,5282102.0,Kaempferol 3-O-glucoside,0.58,0.5938,"HIGH=16, MED=0, LOW=0"
316,. PHYLLANTHUS EMBLICA L. (Euphorbiaceae),Euphorbiaceae,cox2,COX-2 (PTGS2),6,48,48,17,31,4,0.23529411764705882,0.22580645161290322,0.2447529411764706,0.19,0.7267,10,6,4,4,0.3541666666666667,250397.0,chebulagic acid,0.7267,0.9114,"HIGH=17, MED=0, LOW=0"
316,. PHYLLANTHUS EMBLICA L. (Euphorbiaceae),Euphorbiaceae,cox2,COX-2 (PTGS2),5,48,48,17,31,17,1.0,0.967741935483871,0.5570235294117647,0.5603,0.8483,47,30,17,17,0.3541666666666667,250397.0,chebulagic acid,0.8483,0.9114,"HIGH=17, MED=0, LOW=0"
316,. PHYLLANTHUS EMBLICA L. (Euphorbiaceae),Euphorbiaceae,xo,Xanthine Oxidase (XDH),6,48,48,8,19,1,0.125,0.15789473684210525,0.2091625,0.19665,0.4783,3,2,1,1,0.16666666666666666,108065.0,Proanthocyanidin,0.4783,0.4179,"HIGH=8, MED=0, LOW=0"
316,. PHYLLANTHUS EMBLICA L. (Euphorbiaceae),Euphorbiaceae,xo,Xanthine Oxidase (XDH),5,48,48,8,19,4,0.5,0.631578947368421,0.37585,0.365,0.5667,32,28,4,4,0.16666666666666666,5280343.0,Quercetin,0.565,0.5957,"HIGH=8, MED=0, LOW=0"
316,. PHYLLANTHUS EMBLICA L. (Euphorbiaceae),Euphorbiaceae,maoa,MAO-A (CHRFAM7A/MAOA),6,48,48,7,13,3,0.42857142857142855,0.3076923076923077,0.28644285714285717,0.2217,0.54,12,9,3,3,0.14583333333333334,5280863.0,Kaempferol,0.5333,0.75,"HIGH=7, MED=0, LOW=0"
316,. PHYLLANTHUS EMBLICA L. (Euphorbiaceae),Euphorbiaceae,maoa,MAO-A (CHRFAM7A/MAOA),5,48,48,7,13,5,0.7142857142857143,0.6153846153846154,0.46505714285714284,0.4604,0.735,37,32,5,5,0.14583333333333334,5281855.0,Ellagic acid,0.735,1.0,"HIGH=7, MED=0, LOW=0"
321,Phoenix sylvestris (L.) Roxb.,Arecaceae,cox1,COX-1 (PTGS1),6,8,8,3,5,1,0.3333333333333333,0.6,0.38280000000000003,0.3267,0.5717,5,4,1,1,0.375,938.0,Nicotinic acid,0.545,0.4359,"HIGH=3, MED=0, LOW=0"
321,Phoenix sylvestris (L.) Roxb.,Arecaceae,cox1,COX-1 (PTGS1),5,8,8,3,5,1,0.3333333333333333,0.6,0.38423333333333337,0.3122,0.6817,6,5,1,1,0.375,938.0,Nicotinic acid,0.5633,0.4359,"HIGH=3, MED=0, LOW=0"
321,Phoenix sylvestris (L.) Roxb.,Arecaceae,cox2,COX-2 (PTGS2),6,8,8,1,5,0,0.0,0.0,0.2667,0.2667,0.5833,2,2,0,0,0.125,938.0,Nicotinic acid,0.2667,0.5143,"HIGH=1, MED=0, LOW=0"
321,Phoenix sylvestris (L.) Roxb.,Arecaceae,cox2,COX-2 (PTGS2),5,8,8,1,5,1,1.0,1.0,0.3655,0.3655,0.6983,8,7,1,1,0.125,938.0,Nicotinic acid,0.3655,0.5143,"HIGH=1, MED=0, LOW=0"
321,Phoenix sylvestris (L.) Roxb.,Arecaceae,xo,Xanthine Oxidase (XDH),6,8,8,0,3,0,,0.6666666666666666,,,0.4833,2,2,0,0,0.0,,None (No strict-domain compound),,,"HIGH=0, MED=0, LOW=0"
321,Phoenix sylvestris (L.) Roxb.,Arecaceae,xo,Xanthine Oxidase (XDH),5,8,8,0,3,0,,1.0,,,0.5567,8,8,0,0,0.0,,None (No strict-domain compound),,,"HIGH=0, MED=0, LOW=0"
321,Phoenix sylvestris (L.) Roxb.,Arecaceae,maoa,MAO-A (CHRFAM7A/MAOA),6,8,8,1,2,0,0.0,0.0,0.115,0.115,0.4083,0,0,0,0,0.125,5922.0,Isonicotinic acid,0.115,0.4333,"HIGH=1, MED=0, LOW=0"
321,Phoenix sylvestris (L.) Roxb.,Arecaceae,maoa,MAO-A (CHRFAM7A/MAOA),5,8,8,1,2,0,0.0,0.0,0.3758,0.3758,0.6536,5,5,0,0,0.125,5922.0,Isonicotinic acid,0.3758,0.4333,"HIGH=1, MED=0, LOW=0"
330,Euphorbia tithymaloides L.,Euphorbiaceae,cox1,COX-1 (PTGS1),6,1,1,0,1,0,,0.0,,,0.3117,0,0,0,0,0.0,,None (No strict-domain compound),,,"HIGH=0, MED=0, LOW=0"
330,Euphorbia tithymaloides L.,Euphorbiaceae,cox1,COX-1 (PTGS1),5,1,1,0,1,0,,1.0,,,0.4222,1,1,0,0,0.0,,None (No strict-domain compound),,,"HIGH=0, MED=0, LOW=0"
330,Euphorbia tithymaloides L.,Euphorbiaceae,cox2,COX-2 (PTGS2),6,1,1,0,1,0,,0.0,,,0.2919,0,0,0,0,0.0,,None (No strict-domain compound),,,"HIGH=0, MED=0, LOW=0"
330,Euphorbia tithymaloides L.,Euphorbiaceae,cox2,COX-2 (PTGS2),5,1,1,0,1,0,,1.0,,,0.6623,1,1,0,0,0.0,,None (No strict-domain compound),,,"HIGH=0, MED=0, LOW=0"
330,Euphorbia tithymaloides L.,Euphorbiaceae,xo,Xanthine Oxidase (XDH),6,1,1,0,0,0,,,,,0.2217,0,0,0,0,0.0,,None (No strict-domain compound),,,"HIGH=0, MED=0, LOW=0"
330,Euphorbia tithymaloides L.,Euphorbiaceae,xo,Xanthine Oxidase (XDH),5,1,1,0,0,0,,,,,0.3333,1,1,0,0,0.0,,None (No strict-domain compound),,,"HIGH=0, MED=0, LOW=0"
330,Euphorbia tithymaloides L.,Euphorbiaceae,maoa,MAO-A (CHRFAM7A/MAOA),6,1,1,0,0,0,,,,,0.1754,0,0,0,0,0.0,,None (No strict-domain compound),,,"HIGH=0, MED=0, LOW=0"
330,Euphorbia tithymaloides L.,Euphorbiaceae,maoa,MAO-A (CHRFAM7A/MAOA),5,1,1,0,0,0,,,,,0.5483,1,1,0,0,0.0,,None (No strict-domain compound),,,"HIGH=0, MED=0, LOW=0"
331,Pavetta INDICA L.,Rubiaceae,cox1,COX-1 (PTGS1),6,1,1,0,0,0,,,,,0.5717,1,1,0,0,0.0,,None (No strict-domain compound),,,"HIGH=0, MED=0, LOW=0"
331,Pavetta INDICA L.,Rubiaceae,cox1,COX-1 (PTGS1),5,1,1,0,0,0,,,,,0.62,1,1,0,0,0.0,,None (No strict-domain compound),,,"HIGH=0, MED=0, LOW=0"
331,Pavetta INDICA L.,Rubiaceae,cox2,COX-2 (PTGS2),6,1,1,0,0,0,,,,,0.1322,0,0,0,0,0.0,,None (No strict-domain compound),,,"HIGH=0, MED=0, LOW=0"
331,Pavetta INDICA L.,Rubiaceae,cox2,COX-2 (PTGS2),5,1,1,0,0,0,,,,,0.3283,1,1,0,0,0.0,,None (No strict-domain compound),,,"HIGH=0, MED=0, LOW=0"
331,Pavetta INDICA L.,Rubiaceae,xo,Xanthine Oxidase (XDH),6,1,1,0,0,0,,,,,0.08,0,0,0,0,0.0,,None (No strict-domain compound),,,"HIGH=0, MED=0, LOW=0"
331,Pavetta INDICA L.,Rubiaceae,xo,Xanthine Oxidase (XDH),5,1,1,0,0,0,,,,,0.2683,0,0,0,0,0.0,,None (No strict-domain compound),,,"HIGH=0, MED=0, LOW=0"
331,Pavetta INDICA L.,Rubiaceae,maoa,MAO-A (CHRFAM7A/MAOA),6,1,1,0,0,0,,,,,0.1265,0,0,0,0,0.0,,None (No strict-domain compound),,,"HIGH=0, MED=0, LOW=0"
331,Pavetta INDICA L.,Rubiaceae,maoa,MAO-A (CHRFAM7A/MAOA),5,1,1,0,0,0,,,,,0.4383,1,1,0,0,0.0,,None (No strict-domain compound),,,"HIGH=0, MED=0, LOW=0"
332,Passiflora FOETIDA L.,Passifloraceae,cox1,COX-1 (PTGS1),6,70,70,3,21,3,1.0,0.5238095238095238,0.6539,0.62,0.7967,41,38,3,3,0.04285714285714286,4133.0,Methyl salicylate,0.7967,0.4167,"HIGH=3, MED=0, LOW=0"
332,Passiflora FOETIDA L.,Passifloraceae,cox1,COX-1 (PTGS1),5,70,70,3,19,3,1.0,0.9473684210526315,0.7011,0.6883,0.8517,68,65,3,3,0.04285714285714286,7043.0,"1,2-Dimethoxybenzene",0.8517,0.6316,"HIGH=3, MED=0, LOW=0"
332,Passiflora FOETIDA L.,Passifloraceae,cox2,COX-2 (PTGS2),6,70,70,4,20,0,0.0,0.0,0.21,0.26,0.5833,5,5,0,0,0.05714285714285714,938.0,Nicotinic acid,0.2667,0.5143,"HIGH=4, MED=0, LOW=0"
332,Passiflora FOETIDA L.,Passifloraceae,cox2,COX-2 (PTGS2),5,70,70,4,20,3,0.75,0.95,0.40032500000000004,0.44110000000000005,0.7006,69,66,3,3,0.05714285714285714,5281677.0,Pachypodol,0.5658,0.4444,"HIGH=4, MED=0, LOW=0"
332,Passiflora FOETIDA L.,Passifloraceae,xo,Xanthine Oxidase (XDH),6,70,70,1,8,0,0.0,0.125,0.065,0.065,0.4617,1,1,0,0,0.014285714285714285,5281677.0,Pachypodol,0.065,0.66,"HIGH=1, MED=0, LOW=0"
332,Passiflora FOETIDA L.,Passifloraceae,xo,Xanthine Oxidase (XDH),5,70,70,1,8,1,1.0,0.625,0.355,0.355,0.475,42,41,1,1,0.014285714285714285,5281677.0,Pachypodol,0.355,0.66,"HIGH=1, MED=0, LOW=0"
332,Passiflora FOETIDA L.,Passifloraceae,maoa,MAO-A (CHRFAM7A/MAOA),6,70,70,7,12,2,0.2857142857142857,0.16666666666666666,0.3069285714285714,0.205,0.8215,2,0,2,2,0.1,5281404.0,Harman,0.8215,0.5641,"HIGH=7, MED=0, LOW=0"
332,Passiflora FOETIDA L.,Passifloraceae,maoa,MAO-A (CHRFAM7A/MAOA),5,70,70,7,12,5,0.7142857142857143,0.6666666666666666,0.45892857142857146,0.4347,0.7861,59,54,5,5,0.1,5281404.0,Harman,0.7861,0.5641,"HIGH=7, MED=0, LOW=0"
336,Paederia FOETIDA L.,Rubiaceae,cox1,COX-1 (PTGS1),6,110,110,16,42,8,0.5,0.47619047619047616,0.37260625,0.30085,0.8067,63,55,8,8,0.14545454545454545,4133.0,Methyl salicylate,0.7967,0.4167,"HIGH=17, MED=2, LOW=0"
336,Paederia FOETIDA L.,Rubiaceae,cox1,COX-1 (PTGS1),5,110,110,16,42,16,1.0,0.9761904761904762,0.5852375000000001,0.5475,0.9017,109,93,16,16,0.14545454545454545,31404.0,"2,6-Bis(1,1-Dimethylethyl)-4-Methylphenol",0.9017,0.4375,"HIGH=17, MED=2, LOW=0"
336,Paederia FOETIDA L.,Rubiaceae,cox2,COX-2 (PTGS2),6,110,110,19,42,0,0.0,0.0,0.16247894736842106,0.1933,0.4683,10,10,0,0,0.17272727272727273,6054.0,2-Phenylethanol,0.3167,0.4286,"HIGH=20, MED=2, LOW=0"
336,Paederia FOETIDA L.,Rubiaceae,cox2,COX-2 (PTGS2),5,110,110,19,42,18,0.9473684210526315,0.9761904761904762,0.46903684210526325,0.44,0.83,109,91,18,18,0.17272727272727273,10494.0,Oleanolic acid,0.83,0.7586,"HIGH=20, MED=2, LOW=0"
336,Paederia FOETIDA L.,Rubiaceae,xo,Xanthine Oxidase (XDH),6,110,110,11,23,0,0.0,0.0,0.1691,0.1783,0.44,1,1,0,0,0.1,5280443.0,apigenin,0.3817,0.6591,"HIGH=13, MED=1, LOW=0"
336,Paederia FOETIDA L.,Rubiaceae,xo,Xanthine Oxidase (XDH),5,110,110,11,23,10,0.9090909090909091,0.6956521739130435,0.46606363636363635,0.4967,0.65,55,45,10,10,0.1,5281672.0,Myricetin,0.65,0.5319,"HIGH=13, MED=1, LOW=0"
336,Paederia FOETIDA L.,Rubiaceae,maoa,MAO-A (CHRFAM7A/MAOA),6,110,110,19,31,5,0.2631578947368421,0.1935483870967742,0.2774315789473684,0.2388,0.5967,7,2,5,5,0.17272727272727273,5381351.0,Quercetin-7-O-glucoside,0.5967,0.4754,"HIGH=20, MED=2, LOW=0"
336,Paederia FOETIDA L.,Rubiaceae,maoa,MAO-A (CHRFAM7A/MAOA),5,110,110,19,31,10,0.5263157894736842,0.6451612903225806,0.42574736842105265,0.4233,0.665,94,84,10,10,0.17272727272727273,5381351.0,Quercetin-7-O-glucoside,0.6139,0.4754,"HIGH=20, MED=2, LOW=0"
346,Ocimum tenuiflorum L.,Lamiaceae,cox1,COX-1 (PTGS1),6,203,203,7,45,4,0.5714285714285714,0.5333333333333333,0.4180857142857143,0.4333,0.805,121,117,4,4,0.034482758620689655,996.0,Phenol,0.675,0.4348,"HIGH=6, MED=1, LOW=1"
346,Ocimum tenuiflorum L.,Lamiaceae,cox1,COX-1 (PTGS1),5,203,203,7,43,6,0.8571428571428571,0.9302325581395349,0.5971285714285715,0.645,0.85,199,193,6,6,0.034482758620689655,996.0,Phenol,0.7583,0.4348,"HIGH=6, MED=1, LOW=1"
346,Ocimum tenuiflorum L.,Lamiaceae,cox2,COX-2 (PTGS2),6,203,203,8,44,0,0.0,0.022727272727272728,0.1096875,0.10835,0.4833,11,11,0,0,0.03940886699507389,5317287.0,flavonoid,0.21,0.5102,"HIGH=7, MED=1, LOW=1"
346,Ocimum tenuiflorum L.,Lamiaceae,cox2,COX-2 (PTGS2),5,203,203,8,44,8,1.0,0.9545454545454546,0.3292375,0.26854999999999996,0.8156,201,193,8,8,0.03940886699507389,5372312.0,Terpenoid,0.5783,0.5952,"HIGH=7, MED=1, LOW=1"
346,Ocimum tenuiflorum L.,Lamiaceae,xo,Xanthine Oxidase (XDH),6,203,203,5,19,0,0.0,0.0,0.20798,0.23,0.3967,0,0,0,0,0.024630541871921183,637520.0,(E)-Methyl cinnamate,0.2983,0.4103,"HIGH=5, MED=1, LOW=1"
346,Ocimum tenuiflorum L.,Lamiaceae,xo,Xanthine Oxidase (XDH),5,203,203,5,19,4,0.8,0.8421052631578947,0.34068,0.355,0.5467,114,110,4,4,0.024630541871921183,5317287.0,flavonoid,0.475,0.7083,"HIGH=5, MED=1, LOW=1"
346,Ocimum tenuiflorum L.,Lamiaceae,maoa,MAO-A (CHRFAM7A/MAOA),6,203,203,13,30,0,0.0,0.0,0.16416153846153847,0.1567,0.48,6,6,0,0,0.06403940886699508,5317287.0,flavonoid,0.2967,0.5294,"HIGH=14, MED=2, LOW=1"
346,Ocimum tenuiflorum L.,Lamiaceae,maoa,MAO-A (CHRFAM7A/MAOA),5,203,203,13,30,5,0.38461538461538464,0.6,0.4110307692307693,0.37,0.6767,175,170,5,5,0.06403940886699508,7136.0,Acetyleugenol,0.6483,0.5918,"HIGH=14, MED=2, LOW=1"
349,Ocimum AMERICANUM L.,Lamiaceae,cox1,COX-1 (PTGS1),6,99,99,23,39,1,0.043478260869565216,0.3076923076923077,0.24029565217391308,0.2367,0.805,59,58,1,1,0.23232323232323232,1715136.0,"Phenol, 2-methoxy-4-(1-propenyl/ isoeugenol)",0.425,0.5,"HIGH=21, MED=2, LOW=0"
349,Ocimum AMERICANUM L.,Lamiaceae,cox1,COX-1 (PTGS1),5,99,99,23,39,8,0.34782608695652173,0.5897435897435898,0.3435217391304347,0.3122,0.85,80,72,8,8,0.23232323232323232,6540709.0,Saponins,0.646,0.4194,"HIGH=21, MED=2, LOW=0"
349,Ocimum AMERICANUM L.,Lamiaceae,cox2,COX-2 (PTGS2),6,99,99,24,42,2,0.08333333333333333,0.047619047619047616,0.18374583333333336,0.17170000000000002,0.5533,4,2,2,2,0.24242424242424243,461776.0,Leucine (Leu),0.5533,0.7143,"HIGH=21, MED=3, LOW=0"
349,Ocimum AMERICANUM L.,Lamiaceae,cox2,COX-2 (PTGS2),5,99,99,24,42,24,1.0,1.0,0.39690833333333336,0.38585,0.7956,99,75,24,24,0.24242424242424243,6540709.0,Saponins,0.7956,0.4194,"HIGH=21, MED=3, LOW=0"
349,Ocimum AMERICANUM L.,Lamiaceae,xo,Xanthine Oxidase (XDH),6,99,99,22,30,0,0.0,0.0,0.23940000000000008,0.24085,0.4883,1,1,0,0,0.2222222222222222,5280442.0,acacetin,0.3883,0.6809,"HIGH=21, MED=1, LOW=0"
349,Ocimum AMERICANUM L.,Lamiaceae,xo,Xanthine Oxidase (XDH),5,99,99,22,30,19,0.8636363636363636,0.8333333333333334,0.37439090909090905,0.36585,0.5683,66,47,19,19,0.2222222222222222,5280442.0,acacetin,0.5683,0.6809,"HIGH=21, MED=1, LOW=0"
349,Ocimum AMERICANUM L.,Lamiaceae,maoa,MAO-A (CHRFAM7A/MAOA),6,99,99,22,32,3,0.13636363636363635,0.09375,0.2190090909090909,0.23165000000000002,0.435,4,1,3,3,0.2222222222222222,5281617.0,Genkwanin,0.435,0.6364,"HIGH=21, MED=1, LOW=0"
349,Ocimum AMERICANUM L.,Lamiaceae,maoa,MAO-A (CHRFAM7A/MAOA),5,99,99,22,32,5,0.22727272727272727,0.375,0.33985454545454546,0.34165,0.6767,71,66,5,5,0.2222222222222222,5281617.0,Genkwanin,0.4417,0.6364,"HIGH=21, MED=1, LOW=0"
354,Nyctanthes ARBOR-TRISTIS L.,Oleaceae,cox1,COX-1 (PTGS1),6,40,40,5,22,0,0.0,0.5,0.191,0.1833,0.72,20,20,0,0,0.125,11384730.0,friedel-1-ene-3-one,0.2317,0.4483,"HIGH=4, MED=2, LOW=0"
354,Nyctanthes ARBOR-TRISTIS L.,Oleaceae,cox1,COX-1 (PTGS1),5,40,40,5,21,5,1.0,1.0,0.5396599999999999,0.5417,0.8783,40,35,5,5,0.125,5282102.0,Kaempferol 3-O-glucoside,0.58,0.5938,"HIGH=4, MED=2, LOW=0"
354,Nyctanthes ARBOR-TRISTIS L.,Oleaceae,cox2,COX-2 (PTGS2),6,40,40,9,20,0,0.0,0.0,0.16915555555555556,0.1767,0.38,1,1,0,0,0.225,5280805.0,Rutin,0.25,0.5342,"HIGH=9, MED=2, LOW=0"
354,Nyctanthes ARBOR-TRISTIS L.,Oleaceae,cox2,COX-2 (PTGS2),5,40,40,9,20,9,1.0,1.0,0.5554888888888889,0.6387,0.83,40,31,9,9,0.225,10494.0,Oleanolic acid,0.83,0.7586,"HIGH=9, MED=2, LOW=0"
354,Nyctanthes ARBOR-TRISTIS L.,Oleaceae,xo,Xanthine Oxidase (XDH),6,40,40,3,15,0,0.0,0.06666666666666667,0.07943333333333334,0.0733,0.49,1,1,0,0,0.075,5282102.0,Kaempferol 3-O-glucoside,0.0917,0.5938,"HIGH=3, MED=1, LOW=0"
354,Nyctanthes ARBOR-TRISTIS L.,Oleaceae,xo,Xanthine Oxidase (XDH),5,40,40,3,15,2,0.6666666666666666,0.8,0.4305666666666667,0.46,0.5517,25,23,2,2,0.075,5280805.0,Rutin,0.5517,0.7143,"HIGH=3, MED=1, LOW=0"
354,Nyctanthes ARBOR-TRISTIS L.,Oleaceae,maoa,MAO-A (CHRFAM7A/MAOA),6,40,40,4,9,2,0.5,0.3333333333333333,0.30085,0.3067,0.48,6,4,2,2,0.1,5318767.0,Kaempferol 3-O-rutinoside,0.465,0.4058,"HIGH=5, MED=0, LOW=0"
354,Nyctanthes ARBOR-TRISTIS L.,Oleaceae,maoa,MAO-A (CHRFAM7A/MAOA),5,40,40,4,9,3,0.75,0.6666666666666666,0.499425,0.52635,0.655,35,32,3,3,0.1,3314.0,Eugenol,0.6,0.5532,"HIGH=5, MED=0, LOW=0"
356,Nigella SATIVA L,Ranunculaceae,cox1,COX-1 (PTGS1),6,121,121,19,57,4,0.21052631578947367,0.5087719298245614,0.32256315789473683,0.2917,0.8617,65,61,4,4,0.15702479338842976,338.0,Salicylic acid,0.8617,0.4242,"HIGH=22, MED=1, LOW=1"
356,Nigella SATIVA L,Ranunculaceae,cox1,COX-1 (PTGS1),5,121,121,19,57,11,0.5789473684210527,0.8596491228070176,0.43860000000000005,0.38,0.8617,110,99,11,11,0.15702479338842976,10703.0,O-Cymene,0.8617,0.4783,"HIGH=22, MED=1, LOW=1"
356,Nigella SATIVA L,Ranunculaceae,cox2,COX-2 (PTGS2),6,121,121,23,61,0,0.0,0.01639344262295082,0.08685652173913043,0.07,0.46,9,9,0,0,0.19008264462809918,5280805.0,Rutin,0.25,0.5342,"HIGH=21, MED=1, LOW=1"
356,Nigella SATIVA L,Ranunculaceae,cox2,COX-2 (PTGS2),5,121,121,23,62,20,0.8695652173913043,0.9354838709677419,0.3098086956521739,0.3267,0.7633,117,97,20,20,0.19008264462809918,5280805.0,Rutin,0.6667,0.5342,"HIGH=21, MED=1, LOW=1"
356,Nigella SATIVA L,Ranunculaceae,xo,Xanthine Oxidase (XDH),6,121,121,17,32,5,0.29411764705882354,0.3125,0.2867647058823529,0.2567,0.5783,11,6,5,5,0.14049586776859505,135.0,4-Hydroxybenzoic acid,0.5233,0.5926,"HIGH=16, MED=0, LOW=1"
356,Nigella SATIVA L,Ranunculaceae,xo,Xanthine Oxidase (XDH),5,121,121,17,32,16,0.9411764705882353,0.9375,0.49588235294117644,0.5017,0.65,81,65,16,16,0.14049586776859505,5281672.0,Myricetin,0.65,0.5319,"HIGH=16, MED=0, LOW=1"
356,Nigella SATIVA L,Ranunculaceae,maoa,MAO-A (CHRFAM7A/MAOA),6,121,121,19,39,3,0.15789473684210525,0.10256410256410256,0.2630684210526316,0.25,0.5333,5,2,3,3,0.15702479338842976,5280863.0,Kaempferol,0.5333,0.75,"HIGH=18, MED=1, LOW=0"
356,Nigella SATIVA L,Ranunculaceae,maoa,MAO-A (CHRFAM7A/MAOA),5,121,121,19,39,9,0.47368421052631576,0.5897435897435898,0.3791684210526316,0.3767,0.6767,102,93,9,9,0.15702479338842976,11349.0,"4H-1-Benzopyran-4-one,3-hydroxy-2-phenyl",0.6467,0.5,"HIGH=18, MED=1, LOW=0"
364,Mussaenda ROXBURGHII Hook. f.,Rubiaceae,cox1,COX-1 (PTGS1),6,31,31,2,8,0,0.0,0.25,0.27580000000000005,0.27580000000000005,0.695,12,12,0,0,0.06451612903225806,5367460.0,"Linolenic acid, ethyl ester",0.2983,0.4286,"HIGH=2, MED=0, LOW=0"
364,Mussaenda ROXBURGHII Hook. f.,Rubiaceae,cox1,COX-1 (PTGS1),5,31,31,2,8,1,0.5,0.875,0.33085,0.33085,0.6933,29,28,1,1,0.06451612903225806,5367462.0,"9,12,15-Octadecatrienoic acid, methyl ester",0.34,0.439,"HIGH=2, MED=0, LOW=0"
364,Mussaenda ROXBURGHII Hook. f.,Rubiaceae,cox2,COX-2 (PTGS2),6,31,31,1,10,1,1.0,0.2,0.3836,0.3836,0.4833,10,9,1,1,0.03225806451612903,161739.0,lupeol palmitate,0.3836,0.4643,"HIGH=1, MED=0, LOW=0"
364,Mussaenda ROXBURGHII Hook. f.,Rubiaceae,cox2,COX-2 (PTGS2),5,31,31,1,10,1,1.0,1.0,0.8269,0.8269,0.8269,31,30,1,1,0.03225806451612903,161739.0,lupeol palmitate,0.8269,0.4643,"HIGH=1, MED=0, LOW=0"
364,Mussaenda ROXBURGHII Hook. f.,Rubiaceae,xo,Xanthine Oxidase (XDH),6,31,31,0,4,0,,0.0,,,0.3617,0,0,0,0,0.0,,None (No strict-domain compound),,,"HIGH=0, MED=0, LOW=0"
364,Mussaenda ROXBURGHII Hook. f.,Rubiaceae,xo,Xanthine Oxidase (XDH),5,31,31,0,4,0,,0.75,,,0.4383,22,22,0,0,0.0,,None (No strict-domain compound),,,"HIGH=0, MED=0, LOW=0"
364,Mussaenda ROXBURGHII Hook. f.,Rubiaceae,maoa,MAO-A (CHRFAM7A/MAOA),6,31,31,2,6,0,0.0,0.0,0.0975,0.0975,0.339,0,0,0,0,0.06451612903225806,68110.0,Chromanone,0.13,0.5625,"HIGH=2, MED=0, LOW=0"
364,Mussaenda ROXBURGHII Hook. f.,Rubiaceae,maoa,MAO-A (CHRFAM7A/MAOA),5,31,31,2,6,1,0.5,0.6666666666666666,0.36,0.36,0.6983,27,26,1,1,0.06451612903225806,323.0,Coumarin,0.4117,0.4242,"HIGH=2, MED=0, LOW=0"
368,Murraya PANICULATA (L.) Jacq.,Rutaceae,cox1,COX-1 (PTGS1),6,64,64,14,25,5,0.35714285714285715,0.44,0.32060714285714287,0.2375,0.7967,34,29,5,5,0.21875,4133.0,Methyl salicylate,0.7967,0.4167,"HIGH=15, MED=0, LOW=0"
368,Murraya PANICULATA (L.) Jacq.,Rutaceae,cox1,COX-1 (PTGS1),5,64,64,14,25,12,0.8571428571428571,0.92,0.5235642857142857,0.58085,0.815,61,49,12,12,0.21875,167963.0,mahanimbine,0.7083,0.5085,"HIGH=15, MED=0, LOW=0"
368,Murraya PANICULATA (L.) Jacq.,Rutaceae,cox2,COX-2 (PTGS2),6,64,64,18,27,0,0.0,0.037037037037037035,0.14571111111111112,0.15625,0.4658,5,5,0,0,0.28125,4133.0,Methyl salicylate,0.2567,0.4722,"HIGH=19, MED=0, LOW=0"
368,Murraya PANICULATA (L.) Jacq.,Rutaceae,cox2,COX-2 (PTGS2),5,64,64,18,28,17,0.9444444444444444,0.9642857142857143,0.35389444444444446,0.34945,0.7725,63,46,17,17,0.28125,5280805.0,Rutin,0.6667,0.5342,"HIGH=19, MED=0, LOW=0"
368,Murraya PANICULATA (L.) Jacq.,Rutaceae,xo,Xanthine Oxidase (XDH),6,64,64,6,21,0,0.0,0.09523809523809523,0.16805,0.1708,0.485,2,2,0,0,0.09375,637775.0,Sinapic acid,0.2717,0.4,"HIGH=6, MED=0, LOW=0"
368,Murraya PANICULATA (L.) Jacq.,Rutaceae,xo,Xanthine Oxidase (XDH),5,64,64,6,21,6,1.0,0.8095238095238095,0.4652833333333333,0.46165,0.5667,39,33,6,6,0.09375,5280343.0,Quercetin,0.565,0.5957,"HIGH=6, MED=0, LOW=0"
368,Murraya PANICULATA (L.) Jacq.,Rutaceae,maoa,MAO-A (CHRFAM7A/MAOA),6,64,64,9,25,3,0.3333333333333333,0.2,0.27431111111111117,0.2388,0.675,10,7,3,3,0.140625,5280863.0,Kaempferol,0.5333,0.75,"HIGH=9, MED=0, LOW=0"
368,Murraya PANICULATA (L.) Jacq.,Rutaceae,maoa,MAO-A (CHRFAM7A/MAOA),5,64,64,9,25,9,1.0,0.88,0.4912555555555556,0.4883,0.7458,59,50,9,9,0.140625,5281855.0,Ellagic acid,0.735,1.0,"HIGH=9, MED=0, LOW=0"
374,Moringa OLEIFERA Lamk.,Moringaceae,cox1,COX-1 (PTGS1),6,221,221,29,74,8,0.27586206896551724,0.5405405405405406,0.367251724137931,0.3133,0.8617,151,143,8,8,0.13122171945701358,338.0,Salicylic acid,0.8617,0.4242,"HIGH=31, MED=1, LOW=0"
374,Moringa OLEIFERA Lamk.,Moringaceae,cox1,COX-1 (PTGS1),5,221,221,29,74,17,0.5862068965517241,0.8243243243243243,0.4426586206896553,0.3483,0.9017,207,190,17,17,0.13122171945701358,31404.0,"2,6-Bis(1,1-Dimethylethyl)-4-Methylphenol",0.9017,0.4375,"HIGH=31, MED=1, LOW=0"
374,Moringa OLEIFERA Lamk.,Moringaceae,cox2,COX-2 (PTGS2),6,221,221,26,83,0,0.0,0.024096385542168676,0.09576538461538461,0.09,0.4817,17,17,0,0,0.11764705882352941,5280805.0,Rutin,0.25,0.5342,"HIGH=26, MED=0, LOW=0"
374,Moringa OLEIFERA Lamk.,Moringaceae,cox2,COX-2 (PTGS2),5,221,221,26,83,22,0.8461538461538461,0.9518072289156626,0.30495,0.30955,0.7574,217,195,22,22,0.11764705882352941,5280805.0,Rutin,0.6667,0.5342,"HIGH=26, MED=0, LOW=0"
374,Moringa OLEIFERA Lamk.,Moringaceae,xo,Xanthine Oxidase (XDH),6,221,221,11,48,2,0.18181818181818182,0.14583333333333334,0.2465090909090909,0.2,0.5233,11,9,2,2,0.049773755656108594,135.0,4-Hydroxybenzoic acid,0.5233,0.5926,"HIGH=11, MED=0, LOW=0"
374,Moringa OLEIFERA Lamk.,Moringaceae,xo,Xanthine Oxidase (XDH),5,221,221,11,48,11,1.0,0.9166666666666666,0.5110636363636364,0.53,0.65,147,136,11,11,0.049773755656108594,5281672.0,Myricetin,0.65,0.5319,"HIGH=11, MED=0, LOW=0"
374,Moringa OLEIFERA Lamk.,Moringaceae,maoa,MAO-A (CHRFAM7A/MAOA),6,221,221,26,52,2,0.07692307692307693,0.07692307692307693,0.1990423076923077,0.1467,0.5333,5,3,2,2,0.11764705882352941,5280863.0,Kaempferol,0.5333,0.75,"HIGH=26, MED=0, LOW=0"
374,Moringa OLEIFERA Lamk.,Moringaceae,maoa,MAO-A (CHRFAM7A/MAOA),5,221,221,26,52,15,0.5769230769230769,0.6923076923076923,0.4013461538461538,0.4141,0.735,189,174,15,15,0.11764705882352941,5281855.0,Ellagic acid,0.735,1.0,"HIGH=26, MED=0, LOW=0"
386,Mimusops ELENGI L.,Sapotaceae,cox1,COX-1 (PTGS1),6,142,142,29,67,6,0.20689655172413793,0.4626865671641791,0.2746068965517241,0.1967,0.8033,70,64,6,6,0.20422535211267606,1017.0,"1,2-Benzenedicarboxylic acid",0.7117,0.4062,"HIGH=30, MED=3, LOW=0"
386,Mimusops ELENGI L.,Sapotaceae,cox1,COX-1 (PTGS1),5,142,142,29,67,23,0.7931034482758621,0.9104477611940298,0.490444827586207,0.5233,0.77,132,109,23,23,0.20422535211267606,996.0,Phenol,0.7583,0.4348,"HIGH=30, MED=3, LOW=0"
386,Mimusops ELENGI L.,Sapotaceae,cox2,COX-2 (PTGS2),6,142,142,35,80,2,0.05714285714285714,0.025,0.15794285714285713,0.1367,0.4733,10,8,2,2,0.24647887323943662,21603545.0,16 alpha-hydroxy Mi-saponin A,0.45,0.4564,"HIGH=33, MED=4, LOW=0"
386,Mimusops ELENGI L.,Sapotaceae,cox2,COX-2 (PTGS2),5,142,142,35,80,33,0.9428571428571428,0.9625,0.4663971428571428,0.432,0.8833,139,106,33,33,0.24647887323943662,179637.0,Mi-saponin A,0.8833,0.5357,"HIGH=33, MED=4, LOW=0"
386,Mimusops ELENGI L.,Sapotaceae,xo,Xanthine Oxidase (XDH),6,142,142,25,47,1,0.04,0.06382978723404255,0.1888,0.1933,0.455,3,2,1,1,0.176056338028169,439246.0,Naringenin,0.4017,0.7556,"HIGH=27, MED=0, LOW=0"
386,Mimusops ELENGI L.,Sapotaceae,xo,Xanthine Oxidase (XDH),5,142,142,25,47,19,0.76,0.8085106382978723,0.39173600000000003,0.4033,0.65,79,60,19,19,0.176056338028169,5281672.0,Myricetin,0.65,0.5319,"HIGH=27, MED=0, LOW=0"
386,Mimusops ELENGI L.,Sapotaceae,maoa,MAO-A (CHRFAM7A/MAOA),6,142,142,27,49,9,0.3333333333333333,0.20408163265306123,0.2830111111111111,0.308,0.5333,17,8,9,9,0.19014084507042253,5280863.0,Kaempferol,0.5333,0.75,"HIGH=28, MED=0, LOW=0"
386,Mimusops ELENGI L.,Sapotaceae,maoa,MAO-A (CHRFAM7A/MAOA),5,142,142,27,49,20,0.7407407407407407,0.7346938775510204,0.43807777777777773,0.4417,0.735,121,101,20,20,0.19014084507042253,5281855.0,Ellagic acid,0.735,1.0,"HIGH=28, MED=0, LOW=0"
388,Mikania CORDATA (Burm. f.) Rob,Asteraceae,cox1,COX-1 (PTGS1),6,111,111,6,28,1,0.16666666666666666,0.25,0.3024833333333333,0.2833,0.7033,57,56,1,1,0.05405405405405406,6989.0,Thymol,0.4333,0.4074,"HIGH=8, MED=0, LOW=0"
388,Mikania CORDATA (Burm. f.) Rob,Asteraceae,cox1,COX-1 (PTGS1),5,111,111,6,26,4,0.6666666666666666,0.8846153846153846,0.3851,0.34,0.8317,108,104,4,4,0.05405405405405406,6989.0,Thymol,0.73,0.4074,"HIGH=8, MED=0, LOW=0"
388,Mikania CORDATA (Burm. f.) Rob,Asteraceae,cox2,COX-2 (PTGS2),6,111,111,1,22,0,0.0,0.0,0.1933,0.1933,0.4133,7,7,0,0,0.009009009009009009,2242.0,3-amino-4-[(1-Benzyl-2-methoxy-2-oxoethyl)amino]-4-oxobutanoic acid,0.1933,0.5,"HIGH=1, MED=0, LOW=0"
388,Mikania CORDATA (Burm. f.) Rob,Asteraceae,cox2,COX-2 (PTGS2),5,111,111,1,22,1,1.0,0.9090909090909091,0.3807,0.3807,0.7567,109,108,1,1,0.009009009009009009,2242.0,3-amino-4-[(1-Benzyl-2-methoxy-2-oxoethyl)amino]-4-oxobutanoic acid,0.3807,0.5,"HIGH=1, MED=0, LOW=0"
388,Mikania CORDATA (Burm. f.) Rob,Asteraceae,xo,Xanthine Oxidase (XDH),6,111,111,1,6,0,0.0,0.0,0.2983,0.2983,0.3967,0,0,0,0,0.009009009009009009,637520.0,(E)-Methyl cinnamate,0.2983,0.4103,"HIGH=1, MED=0, LOW=0"
388,Mikania CORDATA (Burm. f.) Rob,Asteraceae,xo,Xanthine Oxidase (XDH),5,111,111,1,6,1,1.0,0.8333333333333334,0.4117,0.4117,0.5317,68,67,1,1,0.009009009009009009,637520.0,(E)-Methyl cinnamate,0.4117,0.4103,"HIGH=1, MED=0, LOW=0"
388,Mikania CORDATA (Burm. f.) Rob,Asteraceae,maoa,MAO-A (CHRFAM7A/MAOA),6,111,111,1,15,0,0.0,0.0,0.1033,0.1033,0.4267,2,2,0,0,0.009009009009009009,637520.0,(E)-Methyl cinnamate,0.1033,0.5312,"HIGH=1, MED=0, LOW=0"
388,Mikania CORDATA (Burm. f.) Rob,Asteraceae,maoa,MAO-A (CHRFAM7A/MAOA),5,111,111,1,15,0,0.0,0.8666666666666667,0.295,0.295,0.7456,98,98,0,0,0.009009009009009009,637520.0,(E)-Methyl cinnamate,0.295,0.5312,"HIGH=1, MED=0, LOW=0"
389,Michelia CHAMPACA L.,Magnoliaceae,cox1,COX-1 (PTGS1),6,225,225,38,95,12,0.3157894736842105,0.37894736842105264,0.3257052631578948,0.24915,0.8617,114,102,12,12,0.1688888888888889,338.0,Salicylic acid,0.8617,0.4242,"HIGH=42, MED=0, LOW=0"
389,Michelia CHAMPACA L.,Magnoliaceae,cox1,COX-1 (PTGS1),5,225,225,38,95,29,0.7631578947368421,0.8631578947368421,0.47678421052631575,0.51085,0.9533,210,181,29,29,0.1688888888888889,73219.0,"3,5-di-tert-butyl-4-hydroxybenzaldehyde",0.9533,0.4737,"HIGH=42, MED=0, LOW=0"
389,Michelia CHAMPACA L.,Magnoliaceae,cox2,COX-2 (PTGS2),6,225,225,44,98,1,0.022727272727272728,0.061224489795918366,0.1252409090909091,0.10335,0.5167,30,29,1,1,0.19555555555555557,5283446.0,Linoleoylethanolamide,0.4043,0.4737,"HIGH=48, MED=0, LOW=0"
389,Michelia CHAMPACA L.,Magnoliaceae,cox2,COX-2 (PTGS2),5,225,225,44,98,39,0.8863636363636364,0.9489795918367347,0.3766704545454545,0.38105,0.7751,220,181,39,39,0.19555555555555557,5283446.0,Linoleoylethanolamide,0.7474,0.4737,"HIGH=48, MED=0, LOW=0"
389,Michelia CHAMPACA L.,Magnoliaceae,xo,Xanthine Oxidase (XDH),6,225,225,26,63,1,0.038461538461538464,0.1111111111111111,0.19936538461538464,0.18585000000000002,0.5233,11,10,1,1,0.11555555555555555,135.0,4-Hydroxybenzoic acid,0.5233,0.5926,"HIGH=27, MED=0, LOW=0"
389,Michelia CHAMPACA L.,Magnoliaceae,xo,Xanthine Oxidase (XDH),5,225,225,26,63,20,0.7692307692307693,0.746031746031746,0.41743461538461546,0.425,0.65,137,117,20,20,0.11555555555555555,5281672.0,Myricetin,0.65,0.5319,"HIGH=27, MED=0, LOW=0"
389,Michelia CHAMPACA L.,Magnoliaceae,maoa,MAO-A (CHRFAM7A/MAOA),6,225,225,34,81,7,0.20588235294117646,0.16049382716049382,0.2625882352941176,0.24415,0.5333,21,14,7,7,0.1511111111111111,5280863.0,Kaempferol,0.5333,0.75,"HIGH=36, MED=0, LOW=0"
389,Michelia CHAMPACA L.,Magnoliaceae,maoa,MAO-A (CHRFAM7A/MAOA),5,225,225,34,81,23,0.6764705882352942,0.7777777777777778,0.434985294117647,0.43110000000000004,0.735,196,173,23,23,0.1511111111111111,5281855.0,Ellagic acid,0.735,1.0,"HIGH=36, MED=0, LOW=0"
396,Melochia CORCHORIFOLIA L.,Sterculiaceae,cox1,COX-1 (PTGS1),6,32,32,9,14,1,0.1111111111111111,0.21428571428571427,0.2579666666666667,0.21,0.6783,14,13,1,1,0.28125,938.0,Nicotinic acid,0.545,0.4359,"HIGH=6, MED=2, LOW=1"
396,Melochia CORCHORIFOLIA L.,Sterculiaceae,cox1,COX-1 (PTGS1),5,32,32,9,14,8,0.8888888888888888,0.8571428571428571,0.47381111111111107,0.5558,0.7017,30,22,8,8,0.28125,73145.0,beta-Amyrin,0.5894,0.4098,"HIGH=6, MED=2, LOW=1"
396,Melochia CORCHORIFOLIA L.,Sterculiaceae,cox2,COX-2 (PTGS2),6,32,32,10,15,0,0.0,0.06666666666666667,0.15999,0.19165,0.5525,6,6,0,0,0.3125,938.0,Nicotinic acid,0.2667,0.5143,"HIGH=7, MED=2, LOW=1"
396,Melochia CORCHORIFOLIA L.,Sterculiaceae,cox2,COX-2 (PTGS2),5,32,32,10,15,8,0.8,0.8666666666666667,0.43674,0.4202,0.8056,30,22,8,8,0.3125,73145.0,beta-Amyrin,0.7933,0.5645,"HIGH=7, MED=2, LOW=1"
396,Melochia CORCHORIFOLIA L.,Sterculiaceae,xo,Xanthine Oxidase (XDH),6,32,32,7,14,0,0.0,0.21428571428571427,0.16952857142857145,0.1917,0.4817,3,3,0,0,0.21875,5280445.0,Luteolin,0.275,0.5957,"HIGH=5, MED=1, LOW=1"
396,Melochia CORCHORIFOLIA L.,Sterculiaceae,xo,Xanthine Oxidase (XDH),5,32,32,7,14,5,0.7142857142857143,0.7142857142857143,0.41714285714285715,0.4083,0.5667,20,15,5,5,0.21875,5280343.0,Quercetin,0.565,0.5957,"HIGH=5, MED=1, LOW=1"
396,Melochia CORCHORIFOLIA L.,Sterculiaceae,maoa,MAO-A (CHRFAM7A/MAOA),6,32,32,7,17,3,0.42857142857142855,0.23529411764705882,0.3296571428571428,0.2748,0.4994,4,1,3,3,0.21875,5281693.0,robunin,0.4994,0.4265,"HIGH=4, MED=2, LOW=1"
396,Melochia CORCHORIFOLIA L.,Sterculiaceae,maoa,MAO-A (CHRFAM7A/MAOA),5,32,32,7,17,6,0.8571428571428571,0.8235294117647058,0.46418571428571426,0.4983,0.6157,28,22,6,6,0.21875,5281693.0,robunin,0.6144,0.4265,"HIGH=4, MED=2, LOW=1"
402,Maranta ARUNDINACEA L.,Marantaceae,cox1,COX-1 (PTGS1),6,10,10,2,4,2,1.0,0.75,0.5675,0.5675,0.675,5,3,2,2,0.2,996.0,Phenol,0.675,0.4348,"HIGH=0, MED=2, LOW=0"
402,Maranta ARUNDINACEA L.,Marantaceae,cox1,COX-1 (PTGS1),5,10,10,2,4,2,1.0,1.0,0.6583,0.6583,0.7583,8,6,2,2,0.2,996.0,Phenol,0.7583,0.4348,"HIGH=0, MED=2, LOW=0"
402,Maranta ARUNDINACEA L.,Marantaceae,cox2,COX-2 (PTGS2),6,10,10,3,4,0,0.0,0.25,0.09886666666666666,0.1,0.49,3,3,0,0,0.3,10680.0,Flavone,0.1833,0.4651,"HIGH=0, MED=3, LOW=0"
402,Maranta ARUNDINACEA L.,Marantaceae,cox2,COX-2 (PTGS2),5,10,10,3,4,3,1.0,1.0,0.27176666666666666,0.3117,0.8156,10,7,3,3,0.3,11349.0,"4H-1-Benzopyran-4-one,3-hydroxy-2-phenyl",0.3267,0.5,"HIGH=0, MED=3, LOW=0"
402,Maranta ARUNDINACEA L.,Marantaceae,xo,Xanthine Oxidase (XDH),6,10,10,2,4,0,0.0,0.0,0.23165000000000002,0.23165000000000002,0.3467,0,0,0,0,0.2,10680.0,Flavone,0.2933,0.4524,"HIGH=0, MED=1, LOW=1"
402,Maranta ARUNDINACEA L.,Marantaceae,xo,Xanthine Oxidase (XDH),5,10,10,2,4,1,0.5,0.25,0.25334999999999996,0.25334999999999996,0.37,5,4,1,1,0.2,10680.0,Flavone,0.36,0.4524,"HIGH=0, MED=1, LOW=1"
402,Maranta ARUNDINACEA L.,Marantaceae,maoa,MAO-A (CHRFAM7A/MAOA),6,10,10,4,5,0,0.0,0.0,0.201075,0.18415,0.4578,1,1,0,0,0.4,10680.0,Flavone,0.3777,0.5263,"HIGH=1, MED=3, LOW=0"
402,Maranta ARUNDINACEA L.,Marantaceae,maoa,MAO-A (CHRFAM7A/MAOA),5,10,10,4,5,3,0.75,0.8,0.486275,0.5167,0.6467,9,6,3,3,0.4,11349.0,"4H-1-Benzopyran-4-one,3-hydroxy-2-phenyl",0.6467,0.5,"HIGH=1, MED=3, LOW=0"
405,Manihot ESCULENTA Crantz.,Euphorbiaceae,cox1,COX-1 (PTGS1),6,87,87,20,44,7,0.35,0.4318181818181818,0.34025500000000003,0.30085,0.8617,43,36,7,7,0.22988505747126436,338.0,Salicylic acid,0.8617,0.4242,"HIGH=22, MED=0, LOW=0"
405,Manihot ESCULENTA Crantz.,Euphorbiaceae,cox1,COX-1 (PTGS1),5,87,87,20,44,17,0.85,0.8863636363636364,0.46331000000000006,0.41569999999999996,0.7783,81,64,17,17,0.22988505747126436,338.0,Salicylic acid,0.7783,0.4242,"HIGH=22, MED=0, LOW=0"
405,Manihot ESCULENTA Crantz.,Euphorbiaceae,cox2,COX-2 (PTGS2),6,87,87,28,45,1,0.03571428571428571,0.022222222222222223,0.12422142857142858,0.10835,0.41,6,5,1,1,0.3218390804597701,96118.0,"4',5,6,7-Tetramethoxyflavone",0.41,0.4681,"HIGH=28, MED=0, LOW=2"
405,Manihot ESCULENTA Crantz.,Euphorbiaceae,cox2,COX-2 (PTGS2),5,87,87,28,45,23,0.8214285714285714,0.8888888888888888,0.3636,0.3767,0.77,82,59,23,23,0.3218390804597701,92110.0,Cycloartenol,0.77,0.5072,"HIGH=28, MED=0, LOW=2"
405,Manihot ESCULENTA Crantz.,Euphorbiaceae,xo,Xanthine Oxidase (XDH),6,87,87,16,45,4,0.25,0.17777777777777778,0.23135625,0.19665,0.5233,9,5,4,4,0.1839080459770115,135.0,4-Hydroxybenzoic acid,0.5233,0.5926,"HIGH=16, MED=0, LOW=0"
405,Manihot ESCULENTA Crantz.,Euphorbiaceae,xo,Xanthine Oxidase (XDH),5,87,87,16,45,13,0.8125,0.7777777777777778,0.41864375,0.47165,0.57,60,47,13,13,0.1839080459770115,5318569.0,isoginkgetin,0.57,0.5079,"HIGH=16, MED=0, LOW=0"
405,Manihot ESCULENTA Crantz.,Euphorbiaceae,maoa,MAO-A (CHRFAM7A/MAOA),6,87,87,27,39,3,0.1111111111111111,0.10256410256410256,0.24314074074074074,0.2267,0.5333,5,2,3,3,0.3103448275862069,5280863.0,Kaempferol,0.5333,0.75,"HIGH=25, MED=0, LOW=2"
405,Manihot ESCULENTA Crantz.,Euphorbiaceae,maoa,MAO-A (CHRFAM7A/MAOA),5,87,87,27,39,16,0.5925925925925926,0.6153846153846154,0.406748148148148,0.39,0.6767,67,51,16,16,0.3103448275862069,11349.0,"4H-1-Benzopyran-4-one,3-hydroxy-2-phenyl",0.6467,0.5,"HIGH=25, MED=0, LOW=2"
407,Mangifera INDICA L.,Anacardiaceae,cox1,COX-1 (PTGS1),6,423,423,30,120,21,0.7,0.6083333333333333,0.48938666666666664,0.47914999999999996,0.86,298,277,21,21,0.07092198581560284,3102.0,Benzophenone,0.86,0.5,"HIGH=33, MED=2, LOW=0"
407,Mangifera INDICA L.,Anacardiaceae,cox1,COX-1 (PTGS1),5,423,423,30,119,25,0.8333333333333334,0.9411764705882353,0.5678366666666667,0.64205,0.9258,414,389,25,25,0.07092198581560284,3102.0,Benzophenone,0.9258,0.5,"HIGH=33, MED=2, LOW=0"
407,Mangifera INDICA L.,Anacardiaceae,cox2,COX-2 (PTGS2),6,423,423,33,138,0,0.0,0.007246376811594203,0.13493333333333332,0.12,0.46,10,10,0,0,0.07801418439716312,6430774.0,"(E,E)-farnesyl acetone",0.3411,0.4,"HIGH=35, MED=2, LOW=0"
407,Mangifera INDICA L.,Anacardiaceae,cox2,COX-2 (PTGS2),5,423,423,33,138,31,0.9393939393939394,0.9782608695652174,0.3296,0.2917,0.7186,420,389,31,31,0.07801418439716312,101286241.0,"(2R,6R)-6-[(1S,3R,6S,8R,11S,12S,15R,16R)-6-hydroxy-7,7,12,16-tetramethyl-15-pentacyclo[9.7.0.01,3.03,8.012,16]octadecanyl]-2-methyl-3-methylideneheptanoic acid",0.6856,0.4231,"HIGH=35, MED=2, LOW=0"
407,Mangifera INDICA L.,Anacardiaceae,xo,Xanthine Oxidase (XDH),6,423,423,8,81,0,0.0,0.0,0.23541250000000002,0.22835,0.4533,1,1,0,0,0.018912529550827423,31244.0,4-Methoxybenzaldehyde,0.3017,0.4286,"HIGH=8, MED=0, LOW=0"
407,Mangifera INDICA L.,Anacardiaceae,xo,Xanthine Oxidase (XDH),5,423,423,8,81,5,0.625,0.7530864197530864,0.330625,0.33085,0.5067,236,231,5,5,0.018912529550827423,31244.0,4-Methoxybenzaldehyde,0.4433,0.4286,"HIGH=8, MED=0, LOW=0"
407,Mangifera INDICA L.,Anacardiaceae,maoa,MAO-A (CHRFAM7A/MAOA),6,423,423,33,90,0,0.0,0.0,0.19353636363636365,0.2031,0.4317,4,4,0,0,0.07801418439716312,7476.0,4'-Methoxyacetophenone,0.3483,0.4706,"HIGH=39, MED=0, LOW=0"
407,Mangifera INDICA L.,Anacardiaceae,maoa,MAO-A (CHRFAM7A/MAOA),5,423,423,33,90,21,0.6363636363636364,0.7777777777777778,0.44409393939393943,0.4232,0.7456,379,358,21,21,0.07801418439716312,5281855.0,Ellagic acid,0.735,1.0,"HIGH=39, MED=0, LOW=0"
410,Maesa INDICA Wall.,Myrsinaceae,cox1,COX-1 (PTGS1),6,62,62,25,37,2,0.08,0.1891891891891892,0.24647599999999997,0.1967,0.7167,23,21,2,2,0.4032258064516129,190.0,Adenine,0.5467,0.4643,"HIGH=23, MED=3, LOW=0"
410,Maesa INDICA Wall.,Myrsinaceae,cox1,COX-1 (PTGS1),5,62,62,25,37,21,0.84,0.8648648648648649,0.462748,0.5075,0.6975,55,34,21,21,0.4032258064516129,6305.0,Tryptophan,0.6975,0.4231,"HIGH=23, MED=3, LOW=0"
410,Maesa INDICA Wall.,Myrsinaceae,cox2,COX-2 (PTGS2),6,62,62,32,45,0,0.0,0.0,0.129553125,0.11335,0.4433,2,2,0,0,0.5161290322580645,5280805.0,Rutin,0.25,0.5342,"HIGH=29, MED=5, LOW=0"
410,Maesa INDICA Wall.,Myrsinaceae,cox2,COX-2 (PTGS2),5,62,62,32,45,28,0.875,0.9111111111111111,0.41324375,0.40935,0.7253,58,30,28,28,0.5161290322580645,12004528.0,Quercetin-3-glucuronide,0.6787,0.8246,"HIGH=29, MED=5, LOW=0"
410,Maesa INDICA Wall.,Myrsinaceae,xo,Xanthine Oxidase (XDH),6,62,62,29,39,4,0.13793103448275862,0.15384615384615385,0.20592413793103445,0.185,0.5233,9,5,4,4,0.46774193548387094,135.0,4-Hydroxybenzoic acid,0.5233,0.5926,"HIGH=24, MED=6, LOW=0"
410,Maesa INDICA Wall.,Myrsinaceae,xo,Xanthine Oxidase (XDH),5,62,62,29,39,23,0.7931034482758621,0.7948717948717948,0.42311034482758625,0.425,0.65,49,26,23,23,0.46774193548387094,5281672.0,Myricetin,0.65,0.5319,"HIGH=24, MED=6, LOW=0"
410,Maesa INDICA Wall.,Myrsinaceae,maoa,MAO-A (CHRFAM7A/MAOA),6,62,62,32,43,11,0.34375,0.3023255813953488,0.306209375,0.29669999999999996,0.5694,13,2,11,11,0.5161290322580645,5483905.0,Kaempferol-7-neohesperidoside,0.5694,0.4925,"HIGH=28, MED=4, LOW=1"
410,Maesa INDICA Wall.,Myrsinaceae,maoa,MAO-A (CHRFAM7A/MAOA),5,62,62,32,43,24,0.75,0.7441860465116279,0.4483375,0.4658,0.735,46,22,24,24,0.5161290322580645,5281855.0,Ellagic acid,0.735,1.0,"HIGH=28, MED=4, LOW=1"
418,Lygodium FLEXUOSUM Sw.,Lygodiaceae,cox1,COX-1 (PTGS1),6,11,11,4,6,1,0.25,0.3333333333333333,0.2625,0.2217,0.755,4,3,1,1,0.36363636363636365,31404.0,"2,6-Bis(1,1-Dimethylethyl)-4-Methylphenol",0.4383,0.4375,"HIGH=2, MED=1, LOW=1"
418,Lygodium FLEXUOSUM Sw.,Lygodiaceae,cox1,COX-1 (PTGS1),5,11,11,4,6,4,1.0,1.0,0.618125,0.58125,0.9017,11,7,4,4,0.36363636363636365,31404.0,"2,6-Bis(1,1-Dimethylethyl)-4-Methylphenol",0.9017,0.4375,"HIGH=2, MED=1, LOW=1"
418,Lygodium FLEXUOSUM Sw.,Lygodiaceae,cox2,COX-2 (PTGS2),6,11,11,4,6,0,0.0,0.0,0.19249999999999998,0.2,0.4267,3,3,0,0,0.36363636363636365,23265189.0,kaempferol 3-O-glucoside,0.3067,0.4819,"HIGH=2, MED=1, LOW=1"
418,Lygodium FLEXUOSUM Sw.,Lygodiaceae,cox2,COX-2 (PTGS2),5,11,11,4,6,4,1.0,1.0,0.48682500000000006,0.53535,0.745,11,7,4,4,0.36363636363636365,23265189.0,kaempferol 3-O-glucoside,0.6583,0.4819,"HIGH=2, MED=1, LOW=1"
418,Lygodium FLEXUOSUM Sw.,Lygodiaceae,xo,Xanthine Oxidase (XDH),6,11,11,3,5,0,0.0,0.0,0.14666666666666667,0.1483,0.2683,0,0,0,0,0.2727272727272727,5280863.0,Kaempferol,0.2,0.5532,"HIGH=2, MED=0, LOW=1"
418,Lygodium FLEXUOSUM Sw.,Lygodiaceae,xo,Xanthine Oxidase (XDH),5,11,11,3,5,2,0.6666666666666666,0.6,0.3666666666666667,0.325,0.495,7,5,2,2,0.2727272727272727,5280863.0,Kaempferol,0.495,0.5532,"HIGH=2, MED=0, LOW=1"
418,Lygodium FLEXUOSUM Sw.,Lygodiaceae,maoa,MAO-A (CHRFAM7A/MAOA),6,11,11,3,4,2,0.6666666666666666,0.75,0.4361,0.4567,0.5333,4,2,2,2,0.2727272727272727,5280863.0,Kaempferol,0.5333,0.75,"HIGH=3, MED=0, LOW=0"
418,Lygodium FLEXUOSUM Sw.,Lygodiaceae,maoa,MAO-A (CHRFAM7A/MAOA),5,11,11,3,4,3,1.0,1.0,0.5177666666666667,0.5033,0.6283,9,6,3,3,0.2727272727272727,6773.0,Techtoquinone,0.5483,0.4848,"HIGH=3, MED=0, LOW=0"
423,Luffa ACUTANGULA (L.) Roxb.,Cucurbitaceae,cox1,COX-1 (PTGS1),6,79,79,12,28,2,0.16666666666666666,0.42857142857142855,0.2283416666666667,0.20334999999999998,0.75,55,53,2,2,0.1518987341772152,5460350.0,"(3,4-Dihydroxyphenyl)acetate",0.505,0.4828,"HIGH=13, MED=0, LOW=0"
423,Luffa ACUTANGULA (L.) Roxb.,Cucurbitaceae,cox1,COX-1 (PTGS1),5,79,79,12,28,10,0.8333333333333334,0.9285714285714286,0.44226666666666675,0.43374999999999997,0.83,77,67,10,10,0.1518987341772152,3536509.0,Acutoside-B,0.7042,0.6429,"HIGH=13, MED=0, LOW=0"
423,Luffa ACUTANGULA (L.) Roxb.,Cucurbitaceae,cox2,COX-2 (PTGS2),6,79,79,15,30,0,0.0,0.0,0.12579333333333334,0.1133,0.36,1,1,0,0,0.189873417721519,5281969.0,anandamide,0.3593,0.5091,"HIGH=15, MED=1, LOW=0"
423,Luffa ACUTANGULA (L.) Roxb.,Cucurbitaceae,cox2,COX-2 (PTGS2),5,79,79,15,30,13,0.8666666666666667,0.9333333333333333,0.4162333333333334,0.4537,0.8989,77,64,13,13,0.189873417721519,3536509.0,Acutoside-B,0.8989,0.6429,"HIGH=15, MED=1, LOW=0"
423,Luffa ACUTANGULA (L.) Roxb.,Cucurbitaceae,xo,Xanthine Oxidase (XDH),6,79,79,11,22,1,0.09090909090909091,0.09090909090909091,0.18711818181818177,0.1483,0.5417,2,1,1,1,0.13924050632911392,19.0,"2,3-dihydroxybenzoic acid",0.5417,0.4054,"HIGH=11, MED=0, LOW=0"
423,Luffa ACUTANGULA (L.) Roxb.,Cucurbitaceae,xo,Xanthine Oxidase (XDH),5,79,79,11,22,7,0.6363636363636364,0.6818181818181818,0.3496909090909091,0.365,0.585,40,33,7,7,0.13924050632911392,19.0,"2,3-dihydroxybenzoic acid",0.585,0.4054,"HIGH=11, MED=0, LOW=0"
423,Luffa ACUTANGULA (L.) Roxb.,Cucurbitaceae,maoa,MAO-A (CHRFAM7A/MAOA),6,79,79,10,24,2,0.2,0.125,0.22913,0.20415,0.4967,4,2,2,2,0.12658227848101267,5280343.0,Quercetin,0.4967,0.6744,"HIGH=9, MED=1, LOW=0"
423,Luffa ACUTANGULA (L.) Roxb.,Cucurbitaceae,maoa,MAO-A (CHRFAM7A/MAOA),5,79,79,10,24,7,0.7,0.7916666666666666,0.44867999999999997,0.4608,0.665,71,64,7,7,0.12658227848101267,11349.0,"4H-1-Benzopyran-4-one,3-hydroxy-2-phenyl",0.6467,0.5,"HIGH=9, MED=1, LOW=0"
425,Litsea MONOPETALA (Roxb.) Pers.,Lauraceae,cox1,COX-1 (PTGS1),6,27,27,6,18,0,0.0,0.2777777777777778,0.19970000000000002,0.1783,0.7167,10,10,0,0,0.2222222222222222,5273569.0,Fraxetin,0.305,0.4186,"HIGH=6, MED=0, LOW=0"
425,Litsea MONOPETALA (Roxb.) Pers.,Lauraceae,cox1,COX-1 (PTGS1),5,27,27,6,18,4,0.6666666666666666,0.8888888888888888,0.4523333333333333,0.49705,0.72,25,21,4,4,0.2222222222222222,12004528.0,Quercetin-3-glucuronide,0.6283,0.8246,"HIGH=6, MED=0, LOW=0"
425,Litsea MONOPETALA (Roxb.) Pers.,Lauraceae,cox2,COX-2 (PTGS2),6,27,27,7,18,2,0.2857142857142857,0.16666666666666666,0.27762857142857145,0.2067,0.5133,4,2,2,2,0.25925925925925924,637760.0,trans-chalcone,0.5133,0.4,"HIGH=7, MED=0, LOW=0"
425,Litsea MONOPETALA (Roxb.) Pers.,Lauraceae,cox2,COX-2 (PTGS2),5,27,27,7,18,7,1.0,1.0,0.5434857142857143,0.62,0.7525,27,20,7,7,0.25925925925925924,637760.0,trans-chalcone,0.6817,0.4,"HIGH=7, MED=0, LOW=0"
425,Litsea MONOPETALA (Roxb.) Pers.,Lauraceae,xo,Xanthine Oxidase (XDH),6,27,27,11,14,1,0.09090909090909091,0.07142857142857142,0.1878727272727273,0.145,0.4267,2,1,1,1,0.4074074074074074,5375849.0,methylchalcone,0.4033,0.5429,"HIGH=11, MED=0, LOW=0"
425,Litsea MONOPETALA (Roxb.) Pers.,Lauraceae,xo,Xanthine Oxidase (XDH),5,27,27,11,14,7,0.6363636363636364,0.7142857142857143,0.40925454545454537,0.355,0.7317,16,9,7,7,0.4074074074074074,5375849.0,methylchalcone,0.7317,0.5429,"HIGH=11, MED=0, LOW=0"
425,Litsea MONOPETALA (Roxb.) Pers.,Lauraceae,maoa,MAO-A (CHRFAM7A/MAOA),6,27,27,8,13,3,0.375,0.3076923076923077,0.33123749999999996,0.39415,0.5117,4,1,3,3,0.2962962962962963,5375849.0,methylchalcone,0.5117,0.7188,"HIGH=8, MED=0, LOW=0"
425,Litsea MONOPETALA (Roxb.) Pers.,Lauraceae,maoa,MAO-A (CHRFAM7A/MAOA),5,27,27,8,13,6,0.75,0.7692307692307693,0.472,0.495,0.6267,23,17,6,6,0.2962962962962963,5375849.0,methylchalcone,0.6133,0.7188,"HIGH=8, MED=0, LOW=0"
435,Leucas ASPERA (Willd.) Link.,Lamiaceae,cox1,COX-1 (PTGS1),6,184,184,20,63,6,0.3,0.3968253968253968,0.353185,0.3067,0.805,91,85,6,6,0.10869565217391304,4133.0,Methyl salicylate,0.7967,0.4167,"HIGH=20, MED=0, LOW=0"
435,Leucas ASPERA (Willd.) Link.,Lamiaceae,cox1,COX-1 (PTGS1),5,184,184,20,63,12,0.6,0.873015873015873,0.45433,0.35914999999999997,0.8617,173,161,12,12,0.10869565217391304,10703.0,O-Cymene,0.8617,0.4783,"HIGH=20, MED=0, LOW=0"
435,Leucas ASPERA (Willd.) Link.,Lamiaceae,cox2,COX-2 (PTGS2),6,184,184,25,72,1,0.04,0.06944444444444445,0.160364,0.1267,0.4933,21,20,1,1,0.1358695652173913,688123.0,6-Fluoro-2-trifluoromethylbenzoic acid,0.4467,0.4318,"HIGH=24, MED=1, LOW=0"
435,Leucas ASPERA (Willd.) Link.,Lamiaceae,cox2,COX-2 (PTGS2),5,184,184,25,72,24,0.96,0.9861111111111112,0.451608,0.4337,0.83,183,159,24,24,0.1358695652173913,10494.0,Oleanolic acid,0.83,0.7586,"HIGH=24, MED=1, LOW=0"
435,Leucas ASPERA (Willd.) Link.,Lamiaceae,xo,Xanthine Oxidase (XDH),6,184,184,9,35,1,0.1111111111111111,0.08571428571428572,0.25056666666666666,0.2817,0.5033,6,5,1,1,0.04891304347826087,5281607.0,Chrysin,0.4167,0.6444,"HIGH=7, MED=2, LOW=0"
435,Leucas ASPERA (Willd.) Link.,Lamiaceae,xo,Xanthine Oxidase (XDH),5,184,184,9,35,7,0.7777777777777778,0.7714285714285715,0.4524111111111111,0.5283,0.6167,122,115,7,7,0.04891304347826087,5281612.0,Diosmetin,0.6167,0.5686,"HIGH=7, MED=2, LOW=0"
435,Leucas ASPERA (Willd.) Link.,Lamiaceae,maoa,MAO-A (CHRFAM7A/MAOA),6,184,184,17,48,2,0.11764705882352941,0.0625,0.22341764705882353,0.2283,0.54,8,6,2,2,0.09239130434782608,147157.0,6-Methoxyflavone,0.54,0.561,"HIGH=15, MED=2, LOW=0"
435,Leucas ASPERA (Willd.) Link.,Lamiaceae,maoa,MAO-A (CHRFAM7A/MAOA),5,184,184,17,48,11,0.6470588235294118,0.75,0.49402352941176475,0.4883,0.7983,166,155,11,11,0.09239130434782608,147157.0,6-Methoxyflavone,0.7983,0.561,"HIGH=15, MED=2, LOW=0"
439,Leea INDICA (Burm. f.) Merr.,Leeaceae,cox1,COX-1 (PTGS1),6,51,51,15,39,1,0.06666666666666667,0.38461538461538464,0.22534666666666664,0.175,0.7117,21,20,1,1,0.29411764705882354,1017.0,"1,2-Benzenedicarboxylic acid",0.7117,0.4062,"HIGH=12, MED=4, LOW=0"
439,Leea INDICA (Burm. f.) Merr.,Leeaceae,cox1,COX-1 (PTGS1),5,51,51,15,39,11,0.7333333333333333,0.8461538461538461,0.4491066666666666,0.4728,0.7033,45,34,11,11,0.29411764705882354,1017.0,"1,2-Benzenedicarboxylic acid",0.7033,0.4062,"HIGH=12, MED=4, LOW=0"
439,Leea INDICA (Burm. f.) Merr.,Leeaceae,cox2,COX-2 (PTGS2),6,51,51,19,44,1,0.05263157894736842,0.022727272727272728,0.1561421052631579,0.1167,0.38,1,0,1,1,0.37254901960784315,13990811.0,"2?,4?,6?-Trihydroxy-4-methoxy dihydrochalcone (3-Methylphloretin)",0.38,0.5833,"HIGH=16, MED=4, LOW=0"
439,Leea INDICA (Burm. f.) Merr.,Leeaceae,cox2,COX-2 (PTGS2),5,51,51,19,44,19,1.0,1.0,0.45336842105263153,0.4344,0.7167,51,32,19,19,0.37254901960784315,101248998.0,Myricetin-O-(O-galloyl)-3-rhamnopyranoside,0.7167,0.6269,"HIGH=16, MED=4, LOW=0"
439,Leea INDICA (Burm. f.) Merr.,Leeaceae,xo,Xanthine Oxidase (XDH),6,51,51,9,21,0,0.0,0.09523809523809523,0.1775888888888889,0.1467,0.455,2,2,0,0,0.17647058823529413,13990811.0,"2?,4?,6?-Trihydroxy-4-methoxy dihydrochalcone (3-Methylphloretin)",0.3633,0.641,"HIGH=5, MED=3, LOW=1"
439,Leea INDICA (Burm. f.) Merr.,Leeaceae,xo,Xanthine Oxidase (XDH),5,51,51,9,21,7,0.7777777777777778,0.8095238095238095,0.4383333333333333,0.435,0.7467,30,23,7,7,0.17647058823529413,13990811.0,"2?,4?,6?-Trihydroxy-4-methoxy dihydrochalcone (3-Methylphloretin)",0.7467,0.641,"HIGH=5, MED=3, LOW=1"
439,Leea INDICA (Burm. f.) Merr.,Leeaceae,maoa,MAO-A (CHRFAM7A/MAOA),6,51,51,10,18,3,0.3,0.2777777777777778,0.29112,0.26055,0.5333,5,2,3,3,0.19607843137254902,5280863.0,Kaempferol,0.5333,0.75,"HIGH=7, MED=3, LOW=0"
439,Leea INDICA (Burm. f.) Merr.,Leeaceae,maoa,MAO-A (CHRFAM7A/MAOA),5,51,51,10,18,8,0.8,0.8333333333333334,0.47454999999999997,0.4964,0.735,47,39,8,8,0.19607843137254902,5281855.0,Ellagic acid,0.735,1.0,"HIGH=7, MED=3, LOW=0"
441,Leea AEQUATA L.,Leeaceae,cox1,COX-1 (PTGS1),6,20,20,5,15,0,0.0,0.2,0.19266,0.1733,0.5383,6,6,0,0,0.25,5280537.0,Moupinamide,0.2767,0.4062,"HIGH=4, MED=1, LOW=0"
441,Leea AEQUATA L.,Leeaceae,cox1,COX-1 (PTGS1),5,20,20,5,15,4,0.8,0.8,0.5075000000000001,0.5525,0.7292,17,13,4,4,0.25,5282102.0,Kaempferol 3-O-glucoside,0.58,0.5938,"HIGH=4, MED=1, LOW=0"
441,Leea AEQUATA L.,Leeaceae,cox2,COX-2 (PTGS2),6,20,20,12,16,0,0.0,0.0,0.14563333333333334,0.1333,0.3333,0,0,0,0,0.6,5318645.0,Isorhamnetin-3-O-glucoside,0.24,0.5352,"HIGH=10, MED=2, LOW=0"
441,Leea AEQUATA L.,Leeaceae,cox2,COX-2 (PTGS2),5,20,20,12,16,11,0.9166666666666666,0.9375,0.39445,0.3519,0.7037,19,8,11,11,0.6,5318645.0,Isorhamnetin-3-O-glucoside,0.6783,0.5352,"HIGH=10, MED=2, LOW=0"
441,Leea AEQUATA L.,Leeaceae,xo,Xanthine Oxidase (XDH),6,20,20,8,15,0,0.0,0.13333333333333333,0.1275125,0.09670000000000001,0.4933,2,2,0,0,0.4,5372945.0,trans-N-p-coumaroyltyramine,0.25,0.4146,"HIGH=7, MED=1, LOW=0"
441,Leea AEQUATA L.,Leeaceae,xo,Xanthine Oxidase (XDH),5,20,20,8,15,6,0.75,0.5333333333333333,0.339375,0.35914999999999997,0.4833,12,6,6,6,0.4,5372945.0,trans-N-p-coumaroyltyramine,0.4767,0.4146,"HIGH=7, MED=1, LOW=0"
441,Leea AEQUATA L.,Leeaceae,maoa,MAO-A (CHRFAM7A/MAOA),6,20,20,8,13,3,0.375,0.3076923076923077,0.2804375,0.25585,0.4667,5,2,3,3,0.4,5282102.0,Kaempferol 3-O-glucoside,0.4567,0.4355,"HIGH=6, MED=2, LOW=0"
441,Leea AEQUATA L.,Leeaceae,maoa,MAO-A (CHRFAM7A/MAOA),5,20,20,8,13,7,0.875,0.6923076923076923,0.46285,0.46435,0.5167,15,8,7,7,0.4,5280537.0,Moupinamide,0.5167,0.6863,"HIGH=6, MED=2, LOW=0"
442,Lawsonia INERMIS L.,Lythraceae,cox1,COX-1 (PTGS1),6,157,157,18,77,9,0.5,0.5324675324675324,0.35953333333333337,0.37,0.7117,88,79,9,9,0.11464968152866242,1017.0,"1,2-Benzenedicarboxylic acid",0.7117,0.4062,"HIGH=16, MED=2, LOW=0"
442,Lawsonia INERMIS L.,Lythraceae,cox1,COX-1 (PTGS1),5,157,157,18,77,15,0.8333333333333334,0.9090909090909091,0.5134722222222223,0.50085,0.8317,150,135,15,15,0.11464968152866242,7119.0,2-Methoxynaphthalene,0.8317,0.4688,"HIGH=16, MED=2, LOW=0"
442,Lawsonia INERMIS L.,Lythraceae,cox2,COX-2 (PTGS2),6,157,157,27,82,2,0.07407407407407407,0.036585365853658534,0.160537037037037,0.1333,0.6208,8,6,2,2,0.17197452229299362,30553.0,"2H-1-Benzopyran-3-carboxylic acid, 2-oxo-, methyl ester (Coumarin-3-carboxylic acid, methyl ester)",0.4567,0.4706,"HIGH=21, MED=6, LOW=0"
442,Lawsonia INERMIS L.,Lythraceae,cox2,COX-2 (PTGS2),5,157,157,28,82,28,1.0,0.975609756097561,0.4237285714285714,0.38085,0.8267,155,127,28,28,0.17834394904458598,21579254.0,Lawsoshamim,0.8267,0.6615,"HIGH=22, MED=6, LOW=0"
442,Lawsonia INERMIS L.,Lythraceae,xo,Xanthine Oxidase (XDH),6,157,157,26,57,0,0.0,0.05263157894736842,0.1950653846153846,0.16999999999999998,0.5733,5,5,0,0,0.16560509554140126,5280442.0,acacetin,0.3883,0.6809,"HIGH=21, MED=5, LOW=0"
442,Lawsonia INERMIS L.,Lythraceae,xo,Xanthine Oxidase (XDH),5,157,157,26,57,13,0.5,0.5964912280701754,0.3373692307692308,0.30085,0.7217,89,76,13,13,0.16560509554140126,5280442.0,acacetin,0.5683,0.6809,"HIGH=21, MED=5, LOW=0"
442,Lawsonia INERMIS L.,Lythraceae,maoa,MAO-A (CHRFAM7A/MAOA),6,157,157,33,68,3,0.09090909090909091,0.058823529411764705,0.2455878787878788,0.2398,0.9567,7,4,3,3,0.21019108280254778,5280953.0,Harmine,0.9567,0.7317,"HIGH=28, MED=8, LOW=0"
442,Lawsonia INERMIS L.,Lythraceae,maoa,MAO-A (CHRFAM7A/MAOA),5,157,157,33,68,16,0.48484848484848486,0.6764705882352942,0.41785757575757576,0.3783,0.9467,127,111,16,16,0.21019108280254778,5280953.0,Harmine,0.9467,0.7317,"HIGH=28, MED=8, LOW=0"
447,Lantana CAMARA L.,Verbenaceae,cox1,COX-1 (PTGS1),6,175,175,7,47,3,0.42857142857142855,0.5106382978723404,0.3754714285714285,0.385,0.7417,104,101,3,3,0.04,8445.0,5-methyl-o-Anisidine,0.4983,0.5,"HIGH=7, MED=0, LOW=0"
447,Lantana CAMARA L.,Verbenaceae,cox1,COX-1 (PTGS1),5,175,175,7,47,4,0.5714285714285714,0.8936170212765957,0.4341285714285714,0.3822,0.8217,167,163,4,4,0.04,8445.0,5-methyl-o-Anisidine,0.77,0.5,"HIGH=7, MED=0, LOW=0"
447,Lantana CAMARA L.,Verbenaceae,cox2,COX-2 (PTGS2),6,175,175,5,53,0,0.0,0.018867924528301886,0.198,0.21,0.5333,5,5,0,0,0.02857142857142857,75077.0,"Gentisic acid, methyl ester",0.2833,0.6176,"HIGH=5, MED=0, LOW=0"
447,Lantana CAMARA L.,Verbenaceae,cox2,COX-2 (PTGS2),5,175,175,5,53,5,1.0,1.0,0.5042199999999999,0.5836,0.78,175,170,5,5,0.02857142857142857,9804114.0,Katonic acid,0.78,0.5373,"HIGH=5, MED=0, LOW=0"
447,Lantana CAMARA L.,Verbenaceae,xo,Xanthine Oxidase (XDH),6,175,175,0,12,0,,0.0,,,0.4717,4,4,0,0,0.0,,None (No strict-domain compound),,,"HIGH=0, MED=0, LOW=0"
447,Lantana CAMARA L.,Verbenaceae,xo,Xanthine Oxidase (XDH),5,175,175,0,12,0,,0.8333333333333334,,,0.5567,104,104,0,0,0.0,,None (No strict-domain compound),,,"HIGH=0, MED=0, LOW=0"
447,Lantana CAMARA L.,Verbenaceae,maoa,MAO-A (CHRFAM7A/MAOA),6,175,175,6,18,1,0.16666666666666666,0.05555555555555555,0.2132333333333333,0.1624,0.5083,6,5,1,1,0.03428571428571429,3007.0,Amphetamine,0.5083,0.5556,"HIGH=6, MED=0, LOW=0"
447,Lantana CAMARA L.,Verbenaceae,maoa,MAO-A (CHRFAM7A/MAOA),5,175,175,6,18,4,0.6666666666666666,0.8333333333333334,0.5046833333333334,0.5225,0.7417,158,154,4,4,0.03428571428571429,3007.0,Amphetamine,0.7417,0.5556,"HIGH=6, MED=0, LOW=0"
449,Lagerstroemia speciosa (L.) Pers.,Lythraceae,cox1,COX-1 (PTGS1),6,82,82,7,51,0,0.0,0.7058823529411765,0.27905714285714284,0.2767,0.61,46,46,0,0,0.08536585365853659,157395.0,Stachyurin,0.3683,0.4556,"HIGH=7, MED=0, LOW=1"
449,Lagerstroemia speciosa (L.) Pers.,Lythraceae,cox1,COX-1 (PTGS1),5,82,82,7,51,1,0.14285714285714285,0.8627450980392157,0.29778571428571426,0.3122,0.6792,75,74,1,1,0.08536585365853659,157395.0,Stachyurin,0.4667,0.4556,"HIGH=7, MED=0, LOW=1"
449,Lagerstroemia speciosa (L.) Pers.,Lythraceae,cox2,COX-2 (PTGS2),6,82,82,15,59,1,0.06666666666666667,0.03389830508474576,0.19489333333333334,0.1767,0.5667,10,9,1,1,0.18292682926829268,157395.0,Stachyurin,0.5667,0.4556,"HIGH=14, MED=2, LOW=1"
449,Lagerstroemia speciosa (L.) Pers.,Lythraceae,cox2,COX-2 (PTGS2),5,82,82,15,59,14,0.9333333333333333,0.9830508474576272,0.5674466666666668,0.7717,0.83,81,67,14,14,0.18292682926829268,10494.0,Oleanolic acid,0.83,0.7586,"HIGH=14, MED=2, LOW=1"
449,Lagerstroemia speciosa (L.) Pers.,Lythraceae,xo,Xanthine Oxidase (XDH),6,82,82,5,34,2,0.4,0.11764705882352941,0.26765999999999995,0.1483,0.5517,5,3,2,2,0.06097560975609756,6844.0,1-hydroxy-2-naphthoic acid,0.5517,0.4,"HIGH=4, MED=1, LOW=0"
449,Lagerstroemia speciosa (L.) Pers.,Lythraceae,xo,Xanthine Oxidase (XDH),5,82,82,5,34,4,0.8,0.7647058823529411,0.40068000000000004,0.35,0.5833,52,48,4,4,0.06097560975609756,6844.0,1-hydroxy-2-naphthoic acid,0.5833,0.4,"HIGH=4, MED=1, LOW=0"
449,Lagerstroemia speciosa (L.) Pers.,Lythraceae,maoa,MAO-A (CHRFAM7A/MAOA),6,82,82,5,12,0,0.0,0.0,0.20865999999999998,0.2217,0.49,3,3,0,0,0.06097560975609756,7362.0,Furfural,0.2733,0.4,"HIGH=5, MED=0, LOW=0"
449,Lagerstroemia speciosa (L.) Pers.,Lythraceae,maoa,MAO-A (CHRFAM7A/MAOA),5,82,82,5,12,2,0.4,0.3333333333333333,0.37073999999999996,0.37,0.6983,73,71,2,2,0.06097560975609756,13250.0,Ethyl gallate,0.4604,0.4722,"HIGH=5, MED=0, LOW=0"
458,Justicia GENDARUSSA Burm.,Acanthaceae,cox1,COX-1 (PTGS1),6,15,15,4,8,1,0.25,0.5,0.310425,0.30169999999999997,0.6117,9,8,1,1,0.26666666666666666,332.0,2-Methoxy-4-vinylphenol,0.39,0.4651,"HIGH=4, MED=0, LOW=0"
458,Justicia GENDARUSSA Burm.,Acanthaceae,cox1,COX-1 (PTGS1),5,15,15,4,8,2,0.5,0.75,0.35157499999999997,0.3587,0.5917,13,11,2,2,0.26666666666666666,332.0,2-Methoxy-4-vinylphenol,0.4117,0.4651,"HIGH=4, MED=0, LOW=0"
458,Justicia GENDARUSSA Burm.,Acanthaceae,cox2,COX-2 (PTGS2),6,15,15,2,9,0,0.0,0.0,0.0817,0.0817,0.3208,0,0,0,0,0.13333333333333333,16928.0,Homovanillyl alcohol,0.1367,0.4146,"HIGH=2, MED=0, LOW=0"
458,Justicia GENDARUSSA Burm.,Acanthaceae,cox2,COX-2 (PTGS2),5,15,15,2,9,2,1.0,1.0,0.2775,0.2775,0.7253,15,13,2,2,0.13333333333333333,16928.0,Homovanillyl alcohol,0.3617,0.4146,"HIGH=2, MED=0, LOW=0"
458,Justicia GENDARUSSA Burm.,Acanthaceae,xo,Xanthine Oxidase (XDH),6,15,15,0,6,0,,0.0,,,0.3083,0,0,0,0,0.0,,None (No strict-domain compound),,,"HIGH=0, MED=0, LOW=0"
458,Justicia GENDARUSSA Burm.,Acanthaceae,xo,Xanthine Oxidase (XDH),5,15,15,0,6,0,,0.8333333333333334,,,0.4117,10,10,0,0,0.0,,None (No strict-domain compound),,,"HIGH=0, MED=0, LOW=0"
458,Justicia GENDARUSSA Burm.,Acanthaceae,maoa,MAO-A (CHRFAM7A/MAOA),6,15,15,1,2,0,0.0,0.0,0.2533,0.2533,0.2533,0,0,0,0,0.06666666666666667,332.0,2-Methoxy-4-vinylphenol,0.2533,0.4762,"HIGH=1, MED=0, LOW=0"
458,Justicia GENDARUSSA Burm.,Acanthaceae,maoa,MAO-A (CHRFAM7A/MAOA),5,15,15,1,2,1,1.0,1.0,0.6083,0.6083,0.6083,15,14,1,1,0.06666666666666667,332.0,2-Methoxy-4-vinylphenol,0.6083,0.4762,"HIGH=1, MED=0, LOW=0"
462,Jasminum SAMBAC (L.) Ait.,Oleaceae,cox1,COX-1 (PTGS1),6,153,153,16,73,11,0.6875,0.6027397260273972,0.49187499999999995,0.49085,0.86,87,76,11,11,0.10457516339869281,3102.0,Benzophenone,0.86,0.5,"HIGH=33, MED=0, LOW=0"
462,Jasminum SAMBAC (L.) Ait.,Oleaceae,cox1,COX-1 (PTGS1),5,153,153,16,73,12,0.75,0.9041095890410958,0.534575,0.5658000000000001,0.9258,144,132,12,12,0.10457516339869281,3102.0,Benzophenone,0.9258,0.5,"HIGH=33, MED=0, LOW=0"
462,Jasminum SAMBAC (L.) Ait.,Oleaceae,cox2,COX-2 (PTGS2),6,153,153,24,78,0,0.0,0.0,0.14892083333333334,0.14,0.3833,2,2,0,0,0.1568627450980392,6054.0,2-Phenylethanol,0.3167,0.4286,"HIGH=46, MED=0, LOW=0"
462,Jasminum SAMBAC (L.) Ait.,Oleaceae,cox2,COX-2 (PTGS2),5,153,153,24,78,22,0.9166666666666666,0.9615384615384616,0.35341249999999996,0.381,0.7661,150,128,22,22,0.1568627450980392,3102.0,Benzophenone,0.5206,0.5,"HIGH=46, MED=0, LOW=0"
462,Jasminum SAMBAC (L.) Ait.,Oleaceae,xo,Xanthine Oxidase (XDH),6,153,153,2,26,0,0.0,0.038461538461538464,0.24415,0.24415,0.4983,3,3,0,0,0.013071895424836602,637520.0,(E)-Methyl cinnamate,0.2983,0.4103,"HIGH=2, MED=0, LOW=0"
462,Jasminum SAMBAC (L.) Ait.,Oleaceae,xo,Xanthine Oxidase (XDH),5,153,153,2,26,1,0.5,0.7692307692307693,0.355,0.355,0.5117,83,82,1,1,0.013071895424836602,637520.0,(E)-Methyl cinnamate,0.4117,0.4103,"HIGH=2, MED=0, LOW=0"
462,Jasminum SAMBAC (L.) Ait.,Oleaceae,maoa,MAO-A (CHRFAM7A/MAOA),6,153,153,21,46,0,0.0,0.0,0.19176666666666667,0.1583,0.465,2,2,0,0,0.13725490196078433,8365.0,ethyl salicylate,0.3165,0.6364,"HIGH=32, MED=0, LOW=0"
462,Jasminum SAMBAC (L.) Ait.,Oleaceae,maoa,MAO-A (CHRFAM7A/MAOA),5,153,153,21,46,13,0.6190476190476191,0.782608695652174,0.4615476190476191,0.4617,0.655,134,121,13,13,0.13725490196078433,81591.0,"Benzoic acid, heptyl ester",0.6436,0.4444,"HIGH=32, MED=0, LOW=0"
464,Ixora NIGRICANS R. Br. ex Wight & Arn.,Rubiaceae,cox1,COX-1 (PTGS1),6,6,6,3,6,0,0.0,0.5,0.2794666666666667,0.2767,0.43,3,3,0,0,0.5,445639.0,Oleic acid,0.3267,0.4324,"HIGH=3, MED=0, LOW=0"
464,Ixora NIGRICANS R. Br. ex Wight & Arn.,Rubiaceae,cox1,COX-1 (PTGS1),5,6,6,3,6,0,0.0,0.5,0.2653666666666667,0.2772,0.4422,3,3,0,0,0.5,445639.0,Oleic acid,0.3122,0.4324,"HIGH=3, MED=0, LOW=0"
464,Ixora NIGRICANS R. Br. ex Wight & Arn.,Rubiaceae,cox2,COX-2 (PTGS2),6,6,6,0,5,0,,0.0,,,0.3208,0,0,0,0,0.0,,None (No strict-domain compound),,,"HIGH=0, MED=0, LOW=0"
464,Ixora NIGRICANS R. Br. ex Wight & Arn.,Rubiaceae,cox2,COX-2 (PTGS2),5,6,6,0,5,0,,1.0,,,0.6269,6,6,0,0,0.0,,None (No strict-domain compound),,,"HIGH=0, MED=0, LOW=0"
464,Ixora NIGRICANS R. Br. ex Wight & Arn.,Rubiaceae,xo,Xanthine Oxidase (XDH),6,6,6,0,3,0,,0.0,,,0.2883,0,0,0,0,0.0,,None (No strict-domain compound),,,"HIGH=0, MED=0, LOW=0"
464,Ixora NIGRICANS R. Br. ex Wight & Arn.,Rubiaceae,xo,Xanthine Oxidase (XDH),5,6,6,0,3,0,,1.0,,,0.385,6,6,0,0,0.0,,None (No strict-domain compound),,,"HIGH=0, MED=0, LOW=0"
464,Ixora NIGRICANS R. Br. ex Wight & Arn.,Rubiaceae,maoa,MAO-A (CHRFAM7A/MAOA),6,6,6,0,0,0,,,,,0.129,0,0,0,0,0.0,,None (No strict-domain compound),,,"HIGH=0, MED=0, LOW=0"
464,Ixora NIGRICANS R. Br. ex Wight & Arn.,Rubiaceae,maoa,MAO-A (CHRFAM7A/MAOA),5,6,6,0,0,0,,,,,0.5579,6,6,0,0,0.0,,None (No strict-domain compound),,,"HIGH=0, MED=0, LOW=0"
465,Ixora CUNEIFOLIA Roxb.,Rubiaceae,cox1,COX-1 (PTGS1),6,3,3,1,1,1,1.0,1.0,0.675,0.675,0.675,2,1,1,1,0.3333333333333333,996.0,Phenol,0.675,0.4348,"HIGH=1, MED=0, LOW=0"
465,Ixora CUNEIFOLIA Roxb.,Rubiaceae,cox1,COX-1 (PTGS1),5,3,3,1,1,1,1.0,1.0,0.7583,0.7583,0.7583,3,2,1,1,0.3333333333333333,996.0,Phenol,0.7583,0.4348,"HIGH=1, MED=0, LOW=0"
465,Ixora CUNEIFOLIA Roxb.,Rubiaceae,cox2,COX-2 (PTGS2),6,3,3,1,1,0,0.0,0.0,0.0133,0.0133,0.49,1,1,0,0,0.3333333333333333,996.0,Phenol,0.0133,0.4348,"HIGH=1, MED=0, LOW=0"
465,Ixora CUNEIFOLIA Roxb.,Rubiaceae,cox2,COX-2 (PTGS2),5,3,3,1,1,1,1.0,1.0,0.1769,0.1769,0.7525,3,2,1,1,0.3333333333333333,996.0,Phenol,0.1769,0.4348,"HIGH=1, MED=0, LOW=0"
465,Ixora CUNEIFOLIA Roxb.,Rubiaceae,xo,Xanthine Oxidase (XDH),6,3,3,0,1,0,,0.0,,,0.3467,0,0,0,0,0.0,,None (No strict-domain compound),,,"HIGH=0, MED=0, LOW=0"
465,Ixora CUNEIFOLIA Roxb.,Rubiaceae,xo,Xanthine Oxidase (XDH),5,3,3,0,1,0,,0.0,,,0.3583,1,1,0,0,0.0,,None (No strict-domain compound),,,"HIGH=0, MED=0, LOW=0"
465,Ixora CUNEIFOLIA Roxb.,Rubiaceae,maoa,MAO-A (CHRFAM7A/MAOA),6,3,3,1,1,0,0.0,0.0,0.0583,0.0583,0.2983,0,0,0,0,0.3333333333333333,996.0,Phenol,0.0583,0.4348,"HIGH=1, MED=0, LOW=0"
465,Ixora CUNEIFOLIA Roxb.,Rubiaceae,maoa,MAO-A (CHRFAM7A/MAOA),5,3,3,1,1,0,0.0,0.0,0.265,0.265,0.4781,2,2,0,0,0.3333333333333333,996.0,Phenol,0.265,0.4348,"HIGH=1, MED=0, LOW=0"
487,Hydrolea ZEYLANICA Vahl.,Hydrophyllaceae,cox1,COX-1 (PTGS1),6,19,19,1,6,0,0.0,0.3333333333333333,0.2867,0.2867,0.59,10,10,0,0,0.05263157894736842,5280933.0,Gamolenic acid,0.2867,0.5278,"HIGH=1, MED=0, LOW=0"
487,Hydrolea ZEYLANICA Vahl.,Hydrophyllaceae,cox1,COX-1 (PTGS1),5,19,19,1,6,0,0.0,0.6666666666666666,0.2939,0.2939,0.6985,17,17,0,0,0.05263157894736842,5280933.0,Gamolenic acid,0.2939,0.5278,"HIGH=1, MED=0, LOW=0"
487,Hydrolea ZEYLANICA Vahl.,Hydrophyllaceae,cox2,COX-2 (PTGS2),6,19,19,0,6,0,,0.0,,,0.3035,0,0,0,0,0.0,,None (No strict-domain compound),,,"HIGH=0, MED=0, LOW=0"
487,Hydrolea ZEYLANICA Vahl.,Hydrophyllaceae,cox2,COX-2 (PTGS2),5,19,19,0,6,0,,1.0,,,0.7183,19,19,0,0,0.0,,None (No strict-domain compound),,,"HIGH=0, MED=0, LOW=0"
487,Hydrolea ZEYLANICA Vahl.,Hydrophyllaceae,xo,Xanthine Oxidase (XDH),6,19,19,0,1,0,,0.0,,,0.4017,1,1,0,0,0.0,,None (No strict-domain compound),,,"HIGH=0, MED=0, LOW=0"
487,Hydrolea ZEYLANICA Vahl.,Hydrophyllaceae,xo,Xanthine Oxidase (XDH),5,19,19,0,1,0,,1.0,,,0.6033,9,9,0,0,0.0,,None (No strict-domain compound),,,"HIGH=0, MED=0, LOW=0"
487,Hydrolea ZEYLANICA Vahl.,Hydrophyllaceae,maoa,MAO-A (CHRFAM7A/MAOA),6,19,19,1,1,0,0.0,0.0,0.1317,0.1317,0.4167,1,1,0,0,0.05263157894736842,5459978.0,(1H-Indol-3-yl)acetaldehyde oxime,0.1317,0.4615,"HIGH=1, MED=0, LOW=0"
487,Hydrolea ZEYLANICA Vahl.,Hydrophyllaceae,maoa,MAO-A (CHRFAM7A/MAOA),5,19,19,1,1,1,1.0,1.0,0.6646,0.6646,0.6646,17,16,1,1,0.05263157894736842,5459978.0,(1H-Indol-3-yl)acetaldehyde oxime,0.6646,0.4615,"HIGH=1, MED=0, LOW=0"
491,Hopea ODORATA Roxb.,Dipterocarpaceae,cox1,COX-1 (PTGS1),6,12,12,7,10,0,0.0,0.1,0.17024285714285714,0.1817,0.4117,2,2,0,0,0.5833333333333334,5280863.0,Kaempferol,0.2117,0.4068,"HIGH=7, MED=0, LOW=1"
491,Hopea ODORATA Roxb.,Dipterocarpaceae,cox1,COX-1 (PTGS1),5,12,12,7,10,6,0.8571428571428571,0.9,0.3992714285714286,0.4333,0.5533,11,5,6,6,0.5833333333333334,5280804.0,Quercetin-3-glucoside,0.5533,0.6,"HIGH=7, MED=0, LOW=1"
491,Hopea ODORATA Roxb.,Dipterocarpaceae,cox2,COX-2 (PTGS2),6,12,12,10,10,0,0.0,0.0,0.13533,0.14500000000000002,0.33,0,0,0,0,0.8333333333333334,451674.0,Triterpenoid,0.2333,0.6143,"HIGH=8, MED=2, LOW=1"
491,Hopea ODORATA Roxb.,Dipterocarpaceae,cox2,COX-2 (PTGS2),5,12,12,10,10,9,0.9,0.9,0.47501000000000004,0.4821,0.78,11,2,9,9,0.8333333333333334,451674.0,Triterpenoid,0.78,0.6143,"HIGH=8, MED=2, LOW=1"
491,Hopea ODORATA Roxb.,Dipterocarpaceae,xo,Xanthine Oxidase (XDH),6,12,12,5,8,0,0.0,0.0,0.205,0.1933,0.3817,0,0,0,0,0.4166666666666667,5280443.0,apigenin,0.3817,0.6591,"HIGH=6, MED=0, LOW=0"
491,Hopea ODORATA Roxb.,Dipterocarpaceae,xo,Xanthine Oxidase (XDH),5,12,12,5,8,5,1.0,0.75,0.45899999999999996,0.495,0.565,10,5,5,5,0.4166666666666667,5280343.0,Quercetin,0.565,0.5957,"HIGH=6, MED=0, LOW=0"
491,Hopea ODORATA Roxb.,Dipterocarpaceae,maoa,MAO-A (CHRFAM7A/MAOA),6,12,12,9,9,3,0.3333333333333333,0.3333333333333333,0.3242111111111111,0.2783,0.5333,3,0,3,3,0.75,5280863.0,Kaempferol,0.5333,0.75,"HIGH=8, MED=1, LOW=1"
491,Hopea ODORATA Roxb.,Dipterocarpaceae,maoa,MAO-A (CHRFAM7A/MAOA),5,12,12,9,9,8,0.8888888888888888,0.8888888888888888,0.4492666666666667,0.4233,0.6467,11,3,8,8,0.75,11349.0,"4H-1-Benzopyran-4-one,3-hydroxy-2-phenyl",0.6467,0.5,"HIGH=8, MED=1, LOW=1"
492,Homalomena aromatica (Spreng.) Schott.,Araceae,cox1,COX-1 (PTGS1),6,78,78,2,14,0,0.0,0.5,0.30169999999999997,0.30169999999999997,0.745,45,45,0,0,0.02564102564102564,445639.0,Oleic acid,0.3267,0.4324,"HIGH=2, MED=0, LOW=0"
492,Homalomena aromatica (Spreng.) Schott.,Araceae,cox1,COX-1 (PTGS1),5,78,78,2,14,0,0.0,0.8571428571428571,0.29469999999999996,0.29469999999999996,0.7983,74,74,0,0,0.02564102564102564,445639.0,Oleic acid,0.3122,0.4324,"HIGH=2, MED=0, LOW=0"
492,Homalomena aromatica (Spreng.) Schott.,Araceae,cox2,COX-2 (PTGS2),6,78,78,0,14,0,,0.14285714285714285,,,0.4067,7,7,0,0,0.0,,None (No strict-domain compound),,,"HIGH=0, MED=0, LOW=0"
492,Homalomena aromatica (Spreng.) Schott.,Araceae,cox2,COX-2 (PTGS2),5,78,78,0,15,0,,1.0,,,0.6786,78,78,0,0,0.0,,None (No strict-domain compound),,,"HIGH=0, MED=0, LOW=0"
492,Homalomena aromatica (Spreng.) Schott.,Araceae,xo,Xanthine Oxidase (XDH),6,78,78,0,3,0,,0.3333333333333333,,,0.4483,1,1,0,0,0.0,,None (No strict-domain compound),,,"HIGH=0, MED=0, LOW=0"
492,Homalomena aromatica (Spreng.) Schott.,Araceae,xo,Xanthine Oxidase (XDH),5,78,78,0,3,0,,1.0,,,0.5817,46,46,0,0,0.0,,None (No strict-domain compound),,,"HIGH=0, MED=0, LOW=0"
492,Homalomena aromatica (Spreng.) Schott.,Araceae,maoa,MAO-A (CHRFAM7A/MAOA),6,78,78,1,8,0,0.0,0.125,0.1283,0.1283,0.4514,3,3,0,0,0.01282051282051282,6474556.0,cuminaldehyde thiosemicarbazone,0.1283,0.6216,"HIGH=1, MED=0, LOW=0"
492,Homalomena aromatica (Spreng.) Schott.,Araceae,maoa,MAO-A (CHRFAM7A/MAOA),5,78,78,1,8,1,1.0,1.0,0.7117,0.7117,0.7117,71,70,1,1,0.01282051282051282,6474556.0,cuminaldehyde thiosemicarbazone,0.7117,0.6216,"HIGH=1, MED=0, LOW=0"
496,Hibiscus SURATTENSIS L.,Malvaceae,cox1,COX-1 (PTGS1),6,77,77,2,14,2,1.0,0.8571428571428571,0.6275,0.6275,0.7967,57,55,2,2,0.025974025974025976,4133.0,Methyl salicylate,0.7967,0.4167,"HIGH=2, MED=0, LOW=0"
496,Hibiscus SURATTENSIS L.,Malvaceae,cox1,COX-1 (PTGS1),5,77,77,2,14,2,1.0,1.0,0.6769499999999999,0.6769499999999999,0.7837,76,74,2,2,0.025974025974025976,4133.0,Methyl salicylate,0.6883,0.4167,"HIGH=2, MED=0, LOW=0"
496,Hibiscus SURATTENSIS L.,Malvaceae,cox2,COX-2 (PTGS2),6,77,77,2,14,0,0.0,0.0,0.19169999999999998,0.19169999999999998,0.4767,6,6,0,0,0.025974025974025976,4133.0,Methyl salicylate,0.2567,0.4722,"HIGH=2, MED=0, LOW=0"
496,Hibiscus SURATTENSIS L.,Malvaceae,cox2,COX-2 (PTGS2),5,77,77,2,14,2,1.0,1.0,0.56105,0.56105,0.7633,77,75,2,2,0.025974025974025976,1711945.0,"(E,E)-farnesylacetone",0.6054,0.425,"HIGH=2, MED=0, LOW=0"
496,Hibiscus SURATTENSIS L.,Malvaceae,xo,Xanthine Oxidase (XDH),6,77,77,0,2,0,,0.0,,,0.3467,0,0,0,0,0.0,,None (No strict-domain compound),,,"HIGH=0, MED=0, LOW=0"
496,Hibiscus SURATTENSIS L.,Malvaceae,xo,Xanthine Oxidase (XDH),5,77,77,0,2,0,,1.0,,,0.4267,46,46,0,0,0.0,,None (No strict-domain compound),,,"HIGH=0, MED=0, LOW=0"
496,Hibiscus SURATTENSIS L.,Malvaceae,maoa,MAO-A (CHRFAM7A/MAOA),6,77,77,2,5,0,0.0,0.0,0.17835,0.17835,0.41,1,1,0,0,0.025974025974025976,4133.0,Methyl salicylate,0.2388,0.4474,"HIGH=2, MED=0, LOW=0"
496,Hibiscus SURATTENSIS L.,Malvaceae,maoa,MAO-A (CHRFAM7A/MAOA),5,77,77,2,5,1,0.5,0.8,0.40249999999999997,0.40249999999999997,0.6671,66,65,1,1,0.025974025974025976,4133.0,Methyl salicylate,0.4883,0.4474,"HIGH=2, MED=0, LOW=0"
497,Hibiscus SABDARIFFA L.,Malvaceae,cox1,COX-1 (PTGS1),6,618,618,81,210,27,0.3333333333333333,0.40476190476190477,0.3340567901234568,0.2567,0.8617,338,311,27,27,0.13106796116504854,338.0,Salicylic acid,0.8617,0.4242,"HIGH=81, MED=9, LOW=0"
497,Hibiscus SABDARIFFA L.,Malvaceae,cox1,COX-1 (PTGS1),5,618,618,81,210,57,0.7037037037037037,0.861904761904762,0.47387777777777773,0.44,0.9258,579,522,57,57,0.13106796116504854,3102.0,Benzophenone,0.9258,0.5,"HIGH=81, MED=9, LOW=0"
497,Hibiscus SABDARIFFA L.,Malvaceae,cox2,COX-2 (PTGS2),6,618,618,84,238,1,0.011904761904761904,0.029411764705882353,0.14776666666666666,0.14205,0.53,47,46,1,1,0.13592233009708737,641298.0,2-Methoxycinnamaldehyde,0.3867,0.4872,"HIGH=85, MED=8, LOW=0"
497,Hibiscus SABDARIFFA L.,Malvaceae,cox2,COX-2 (PTGS2),5,618,618,84,237,78,0.9285714285714286,0.9746835443037974,0.42635714285714293,0.4192,0.8083,612,534,78,78,0.13592233009708737,73145.0,beta-Amyrin,0.7933,0.5645,"HIGH=85, MED=8, LOW=0"
497,Hibiscus SABDARIFFA L.,Malvaceae,xo,Xanthine Oxidase (XDH),6,618,618,57,153,5,0.08771929824561403,0.06535947712418301,0.1897105263157895,0.1467,0.5233,13,8,5,5,0.09223300970873786,135.0,4-Hydroxybenzoic acid,0.5233,0.5926,"HIGH=59, MED=7, LOW=0"
497,Hibiscus SABDARIFFA L.,Malvaceae,xo,Xanthine Oxidase (XDH),5,618,618,57,153,44,0.7719298245614035,0.7320261437908496,0.3977807017543859,0.4017,0.65,372,328,44,44,0.09223300970873786,5281672.0,Myricetin,0.65,0.5319,"HIGH=59, MED=7, LOW=0"
497,Hibiscus SABDARIFFA L.,Malvaceae,maoa,MAO-A (CHRFAM7A/MAOA),6,618,618,74,165,10,0.13513513513513514,0.13333333333333333,0.2404797297297297,0.20829999999999999,0.5333,34,24,10,10,0.11974110032362459,5280863.0,Kaempferol,0.5333,0.75,"HIGH=74, MED=4, LOW=4"
497,Hibiscus SABDARIFFA L.,Malvaceae,maoa,MAO-A (CHRFAM7A/MAOA),5,618,618,74,165,38,0.5135135135135135,0.6909090909090909,0.39144864864864864,0.3833,0.7629,538,500,38,38,0.11974110032362459,11349.0,"4H-1-Benzopyran-4-one,3-hydroxy-2-phenyl",0.6467,0.5,"HIGH=74, MED=4, LOW=4"
498,Hibiscus ROSA-SINENSIS L.,Malvaceae,cox1,COX-1 (PTGS1),6,133,133,16,53,7,0.4375,0.5471698113207547,0.3444875,0.27,0.76,83,76,7,7,0.12030075187969924,101078.0,Cyclic acid,0.76,0.4048,"HIGH=20, MED=0, LOW=1"
498,Hibiscus ROSA-SINENSIS L.,Malvaceae,cox1,COX-1 (PTGS1),5,133,133,16,53,15,0.9375,0.9622641509433962,0.5238437499999999,0.5379499999999999,0.815,131,116,15,15,0.12030075187969924,7041.0,"Phenol, 2,6-dimethoxy-",0.7383,0.4583,"HIGH=20, MED=0, LOW=1"
498,Hibiscus ROSA-SINENSIS L.,Malvaceae,cox2,COX-2 (PTGS2),6,133,133,24,62,0,0.0,0.016129032258064516,0.14830000000000002,0.14375,0.5833,11,11,0,0,0.18045112781954886,72304.0,Isoflavone,0.345,0.439,"HIGH=29, MED=1, LOW=1"
498,Hibiscus ROSA-SINENSIS L.,Malvaceae,cox2,COX-2 (PTGS2),5,133,133,24,62,24,1.0,1.0,0.39664583333333336,0.3686,0.7583,133,109,24,24,0.18045112781954886,44259103.0,Quercetin-3-galactoside-7-glucoside,0.67,0.5217,"HIGH=29, MED=1, LOW=1"
498,Hibiscus ROSA-SINENSIS L.,Malvaceae,xo,Xanthine Oxidase (XDH),6,133,133,17,38,3,0.17647058823529413,0.15789473684210525,0.22215882352941177,0.1933,0.5233,6,3,3,3,0.12781954887218044,135.0,4-Hydroxybenzoic acid,0.5233,0.5926,"HIGH=20, MED=2, LOW=1"
498,Hibiscus ROSA-SINENSIS L.,Malvaceae,xo,Xanthine Oxidase (XDH),5,133,133,17,38,14,0.8235294117647058,0.868421052631579,0.4390235294117647,0.4833,0.65,85,71,14,14,0.12781954887218044,5281672.0,Myricetin,0.65,0.5319,"HIGH=20, MED=2, LOW=1"
498,Hibiscus ROSA-SINENSIS L.,Malvaceae,maoa,MAO-A (CHRFAM7A/MAOA),6,133,133,18,42,3,0.16666666666666666,0.14285714285714285,0.29011111111111115,0.2589,0.5333,7,4,3,3,0.13533834586466165,5280863.0,Kaempferol,0.5333,0.75,"HIGH=20, MED=1, LOW=2"
498,Hibiscus ROSA-SINENSIS L.,Malvaceae,maoa,MAO-A (CHRFAM7A/MAOA),5,133,133,18,42,11,0.6111111111111112,0.7142857142857143,0.4259277777777778,0.40665,0.715,117,106,11,11,0.13533834586466165,11349.0,"4H-1-Benzopyran-4-one,3-hydroxy-2-phenyl",0.6467,0.5,"HIGH=20, MED=1, LOW=2"
499,Hibiscus MUTABILIS L.,Malvaceae,cox1,COX-1 (PTGS1),6,76,76,15,35,1,0.06666666666666667,0.3142857142857143,0.24477999999999997,0.1883,0.8617,30,29,1,1,0.19736842105263158,338.0,Salicylic acid,0.8617,0.4242,"HIGH=15, MED=0, LOW=0"
499,Hibiscus MUTABILIS L.,Malvaceae,cox1,COX-1 (PTGS1),5,76,76,15,35,12,0.8,0.8857142857142857,0.43304666666666664,0.3942,0.85,70,58,12,12,0.19736842105263158,338.0,Salicylic acid,0.7783,0.4242,"HIGH=15, MED=0, LOW=0"
499,Hibiscus MUTABILIS L.,Malvaceae,cox2,COX-2 (PTGS2),6,76,76,18,35,1,0.05555555555555555,0.02857142857142857,0.1681777777777778,0.19165,0.3867,4,3,1,1,0.23684210526315788,5280960.0,Naringenin chalcone,0.3867,0.4857,"HIGH=18, MED=0, LOW=0"
499,Hibiscus MUTABILIS L.,Malvaceae,cox2,COX-2 (PTGS2),5,76,76,18,35,16,0.8888888888888888,0.9428571428571428,0.45881666666666665,0.4477,0.7486,74,58,16,16,0.23684210526315788,171489.0,5-O-methyl embelin,0.6718,0.5435,"HIGH=18, MED=0, LOW=0"
499,Hibiscus MUTABILIS L.,Malvaceae,xo,Xanthine Oxidase (XDH),6,76,76,20,29,1,0.05,0.06896551724137931,0.197245,0.18914999999999998,0.475,2,1,1,1,0.2631578947368421,439246.0,Naringenin,0.4017,0.7556,"HIGH=20, MED=0, LOW=0"
499,Hibiscus MUTABILIS L.,Malvaceae,xo,Xanthine Oxidase (XDH),5,76,76,20,29,18,0.9,0.8275862068965517,0.44908500000000007,0.4525,0.7467,50,32,18,18,0.2631578947368421,5280960.0,Naringenin chalcone,0.7467,0.6,"HIGH=20, MED=0, LOW=0"
499,Hibiscus MUTABILIS L.,Malvaceae,maoa,MAO-A (CHRFAM7A/MAOA),6,76,76,20,29,6,0.3,0.3103448275862069,0.32807500000000006,0.30574999999999997,0.655,9,3,6,6,0.2631578947368421,5281567.0,Methysticin,0.655,0.6458,"HIGH=20, MED=0, LOW=0"
499,Hibiscus MUTABILIS L.,Malvaceae,maoa,MAO-A (CHRFAM7A/MAOA),5,76,76,20,29,14,0.7,0.7586206896551724,0.42839,0.42500000000000004,0.6983,65,51,14,14,0.2631578947368421,5281567.0,Methysticin,0.6967,0.6458,"HIGH=20, MED=0, LOW=0"
503,Hemidesmus INDICUS (L.) R. Br.,Asclepiadaceae,cox1,COX-1 (PTGS1),6,51,51,13,23,5,0.38461538461538464,0.391304347826087,0.4152692307692308,0.3733,0.86,27,22,5,5,0.2549019607843137,3102.0,Benzophenone,0.86,0.5,"HIGH=13, MED=1, LOW=1"
503,Hemidesmus INDICUS (L.) R. Br.,Asclepiadaceae,cox1,COX-1 (PTGS1),5,51,51,13,23,13,1.0,0.9130434782608695,0.6423230769230769,0.6558,0.9258,49,36,13,13,0.2549019607843137,3102.0,Benzophenone,0.9258,0.5,"HIGH=13, MED=1, LOW=1"
503,Hemidesmus INDICUS (L.) R. Br.,Asclepiadaceae,cox2,COX-2 (PTGS2),6,51,51,16,25,0,0.0,0.0,0.14974375,0.16335,0.38,1,1,0,0,0.3137254901960784,5480505.0,Isoquercetrin,0.33,0.4714,"HIGH=16, MED=1, LOW=1"
503,Hemidesmus INDICUS (L.) R. Br.,Asclepiadaceae,cox2,COX-2 (PTGS2),5,51,51,16,25,13,0.8125,0.84,0.38463749999999997,0.32930000000000004,0.9217,47,34,13,13,0.3137254901960784,192587.0,Saponin,0.9217,0.7638,"HIGH=16, MED=1, LOW=1"
503,Hemidesmus INDICUS (L.) R. Br.,Asclepiadaceae,xo,Xanthine Oxidase (XDH),6,51,51,6,19,2,0.3333333333333333,0.15789473684210525,0.2783333333333333,0.1625,0.7083,3,1,2,2,0.11764705882352941,75231.0,4-Methoxysalicylic acid,0.7083,0.5111,"HIGH=4, MED=1, LOW=1"
503,Hemidesmus INDICUS (L.) R. Br.,Asclepiadaceae,xo,Xanthine Oxidase (XDH),5,51,51,6,19,5,0.8333333333333334,0.8421052631578947,0.4758333333333333,0.515,0.7417,29,24,5,5,0.11764705882352941,75231.0,4-Methoxysalicylic acid,0.7417,0.5111,"HIGH=4, MED=1, LOW=1"
503,Hemidesmus INDICUS (L.) R. Br.,Asclepiadaceae,maoa,MAO-A (CHRFAM7A/MAOA),6,51,51,12,19,2,0.16666666666666666,0.15789473684210525,0.2424166666666667,0.2242,0.4533,4,2,2,2,0.23529411764705882,5280804.0,Quercetin-3-glucoside,0.4467,0.4,"HIGH=13, MED=1, LOW=0"
503,Hemidesmus INDICUS (L.) R. Br.,Asclepiadaceae,maoa,MAO-A (CHRFAM7A/MAOA),5,51,51,12,19,9,0.75,0.6842105263157895,0.42575,0.4529,0.6567,41,32,9,9,0.23529411764705882,5480505.0,Isoquercetrin,0.51,0.4062,"HIGH=13, MED=1, LOW=0"
504,Helminthostachys ZEYLANICA L.,Helminthostachyaceae,cox1,COX-1 (PTGS1),6,11,11,2,5,1,0.5,0.2,0.43835,0.43835,0.675,4,3,1,1,0.18181818181818182,996.0,Phenol,0.675,0.4348,"HIGH=2, MED=0, LOW=0"
504,Helminthostachys ZEYLANICA L.,Helminthostachyaceae,cox1,COX-1 (PTGS1),5,11,11,2,5,2,1.0,0.8,0.5533,0.5533,0.7583,9,7,2,2,0.18181818181818182,996.0,Phenol,0.7583,0.4348,"HIGH=2, MED=0, LOW=0"
504,Helminthostachys ZEYLANICA L.,Helminthostachyaceae,cox2,COX-2 (PTGS2),6,11,11,3,6,0,0.0,0.0,0.09886666666666666,0.09,0.4817,2,2,0,0,0.2727272727272727,5280343.0,Quercetin,0.1933,0.4167,"HIGH=2, MED=1, LOW=0"
504,Helminthostachys ZEYLANICA L.,Helminthostachyaceae,cox2,COX-2 (PTGS2),5,11,11,3,6,3,1.0,1.0,0.3725,0.4537,0.7467,11,8,3,3,0.2727272727272727,5315116.0,"5-hydroxy-2-(4- hydroxyphenyl)-8,9,9-trimethyl-3,8-dihydro-2H-furo[2,3-h] chromen-4-one",0.4869,0.4265,"HIGH=2, MED=1, LOW=0"
504,Helminthostachys ZEYLANICA L.,Helminthostachyaceae,xo,Xanthine Oxidase (XDH),6,11,11,3,4,0,0.0,0.0,0.20776666666666666,0.1933,0.295,0,0,0,0,0.2727272727272727,5315116.0,"5-hydroxy-2-(4- hydroxyphenyl)-8,9,9-trimethyl-3,8-dihydro-2H-furo[2,3-h] chromen-4-one",0.295,0.5085,"HIGH=2, MED=1, LOW=0"
504,Helminthostachys ZEYLANICA L.,Helminthostachyaceae,xo,Xanthine Oxidase (XDH),5,11,11,3,4,3,1.0,0.75,0.4244333333333333,0.3883,0.565,8,5,3,3,0.2727272727272727,5280343.0,Quercetin,0.565,0.5957,"HIGH=2, MED=1, LOW=0"
504,Helminthostachys ZEYLANICA L.,Helminthostachyaceae,maoa,MAO-A (CHRFAM7A/MAOA),6,11,11,4,4,1,0.25,0.25,0.295425,0.31335,0.4967,1,0,1,1,0.36363636363636365,5280343.0,Quercetin,0.4967,0.6744,"HIGH=3, MED=1, LOW=0"
504,Helminthostachys ZEYLANICA L.,Helminthostachyaceae,maoa,MAO-A (CHRFAM7A/MAOA),5,11,11,4,4,2,0.5,0.5,0.3852,0.39875,0.5118,9,7,2,2,0.36363636363636365,5315115.0,Ugonin C,0.4783,0.4098,"HIGH=3, MED=1, LOW=0"
505,Heliotropium INDICUM L.,Boraginaceae,cox1,COX-1 (PTGS1),6,149,149,8,47,3,0.375,0.5319148936170213,0.4341625,0.36585,0.805,92,89,3,3,0.053691275167785234,4133.0,Methyl salicylate,0.7967,0.4167,"HIGH=8, MED=0, LOW=0"
505,Heliotropium INDICUM L.,Boraginaceae,cox1,COX-1 (PTGS1),5,149,149,8,47,5,0.625,0.9148936170212766,0.5432874999999999,0.6275,0.85,143,138,5,5,0.053691275167785234,351010.0,4-Methoxyanthranilic acid,0.7617,0.4211,"HIGH=8, MED=0, LOW=0"
505,Heliotropium INDICUM L.,Boraginaceae,cox2,COX-2 (PTGS2),6,149,149,15,58,1,0.06666666666666667,0.017241379310344827,0.17393333333333336,0.16,0.5013,14,13,1,1,0.10067114093959731,6442675.0,Echinatin,0.5013,0.4167,"HIGH=15, MED=0, LOW=0"
505,Heliotropium INDICUM L.,Boraginaceae,cox2,COX-2 (PTGS2),5,149,149,15,58,15,1.0,1.0,0.5286066666666667,0.5167,0.83,149,134,15,15,0.10067114093959731,10494.0,Oleanolic acid,0.83,0.7586,"HIGH=15, MED=0, LOW=0"
505,Heliotropium INDICUM L.,Boraginaceae,xo,Xanthine Oxidase (XDH),6,149,149,5,32,0,0.0,0.09375,0.23866,0.2333,0.61,3,3,0,0,0.03355704697986577,6442675.0,Echinatin,0.27,0.561,"HIGH=5, MED=0, LOW=0"
505,Heliotropium INDICUM L.,Boraginaceae,xo,Xanthine Oxidase (XDH),5,149,149,5,32,4,0.8,0.84375,0.46033999999999997,0.49,0.65,100,96,4,4,0.03355704697986577,6442675.0,Echinatin,0.65,0.561,"HIGH=5, MED=0, LOW=0"
505,Heliotropium INDICUM L.,Boraginaceae,maoa,MAO-A (CHRFAM7A/MAOA),6,149,149,15,28,1,0.06666666666666667,0.03571428571428571,0.20473333333333335,0.1567,0.4567,1,0,1,1,0.10067114093959731,6442675.0,Echinatin,0.4567,0.4878,"HIGH=15, MED=1, LOW=0"
505,Heliotropium INDICUM L.,Boraginaceae,maoa,MAO-A (CHRFAM7A/MAOA),5,149,149,15,28,11,0.7333333333333333,0.7142857142857143,0.46963999999999995,0.5375,0.6983,133,122,11,11,0.10067114093959731,3314.0,Eugenol,0.6,0.5532,"HIGH=15, MED=1, LOW=0"
508,Hedyotis SCANDENS Roxb.,Rubiaceae,cox1,COX-1 (PTGS1),6,34,34,4,8,3,0.75,0.875,0.527525,0.53585,0.7117,23,20,3,3,0.11764705882352941,1017.0,"1,2-Benzenedicarboxylic acid",0.7117,0.4062,"HIGH=3, MED=1, LOW=0"
508,Hedyotis SCANDENS Roxb.,Rubiaceae,cox1,COX-1 (PTGS1),5,34,34,4,8,3,0.75,0.875,0.649725,0.67,0.9467,33,30,3,3,0.11764705882352941,10422934.0,"Benzenepropanoic acid, 3,5-bis(1,1-dimethylethyl)-4-hydrox",0.9467,0.475,"HIGH=3, MED=1, LOW=0"
508,Hedyotis SCANDENS Roxb.,Rubiaceae,cox2,COX-2 (PTGS2),6,34,34,5,14,0,0.0,0.07142857142857142,0.17950000000000002,0.1408,0.4367,5,5,0,0,0.14705882352941177,6423497.0,"Phthalic acid, 4-bromophenyl heptyl ester",0.3175,0.4259,"HIGH=4, MED=1, LOW=0"
508,Hedyotis SCANDENS Roxb.,Rubiaceae,cox2,COX-2 (PTGS2),5,34,34,5,14,5,1.0,1.0,0.38367999999999997,0.3631,0.7193,34,29,5,5,0.14705882352941177,6423497.0,"Phthalic acid, 4-bromophenyl heptyl ester",0.5853,0.4259,"HIGH=4, MED=1, LOW=0"
508,Hedyotis SCANDENS Roxb.,Rubiaceae,xo,Xanthine Oxidase (XDH),6,34,34,0,7,0,,0.2857142857142857,,,0.655,4,4,0,0,0.0,,None (No strict-domain compound),,,"HIGH=0, MED=0, LOW=0"
508,Hedyotis SCANDENS Roxb.,Rubiaceae,xo,Xanthine Oxidase (XDH),5,34,34,0,7,0,,1.0,,,0.6683,27,27,0,0,0.0,,None (No strict-domain compound),,,"HIGH=0, MED=0, LOW=0"
508,Hedyotis SCANDENS Roxb.,Rubiaceae,maoa,MAO-A (CHRFAM7A/MAOA),6,34,34,2,8,0,0.0,0.125,0.0849,0.0849,0.4944,1,1,0,0,0.058823529411764705,1150.0,Tryptamine,0.1031,0.6061,"HIGH=2, MED=0, LOW=0"
508,Hedyotis SCANDENS Roxb.,Rubiaceae,maoa,MAO-A (CHRFAM7A/MAOA),5,34,34,2,8,1,0.5,0.875,0.42145,0.42145,0.6578,32,31,1,1,0.058823529411764705,1150.0,Tryptamine,0.6196,0.6061,"HIGH=2, MED=0, LOW=0"
515,Grewia asiatica L.,Tiliaceae,cox1,COX-1 (PTGS1),6,86,86,31,51,0,0.0,0.09803921568627451,0.19381935483870968,0.18,0.7083,18,18,0,0,0.36046511627906974,5280448.0,Calycosin,0.3283,0.4182,"HIGH=31, MED=2, LOW=0"
515,Grewia asiatica L.,Tiliaceae,cox1,COX-1 (PTGS1),5,86,86,31,51,23,0.7419354838709677,0.8431372549019608,0.45508064516129026,0.5267,0.773,78,55,23,23,0.36046511627906974,5491408.0,myricetin 3-O-galactoside,0.6325,0.7288,"HIGH=31, MED=2, LOW=0"
515,Grewia asiatica L.,Tiliaceae,cox2,COX-2 (PTGS2),6,86,86,32,57,0,0.0,0.0,0.15741875,0.16835,0.3967,2,2,0,0,0.37209302325581395,21722024.0,"5,4-Dihydroxy-3,3- dimethoxy-6:7- methylenedioxyflavone 4- O-glucuronide",0.3033,0.4872,"HIGH=29, MED=5, LOW=0"
515,Grewia asiatica L.,Tiliaceae,cox2,COX-2 (PTGS2),5,86,86,32,57,31,0.96875,0.9824561403508771,0.532346875,0.60535,0.7567,85,54,31,31,0.37209302325581395,131752025.0,alpha-Amyrin,0.755,0.4143,"HIGH=29, MED=5, LOW=0"
515,Grewia asiatica L.,Tiliaceae,xo,Xanthine Oxidase (XDH),6,86,86,41,60,0,0.0,0.016666666666666666,0.14772926829268293,0.1483,0.455,1,1,0,0,0.47674418604651164,46896123.0,Hesperetin-3-O-glucuronide,0.36,0.4684,"HIGH=39, MED=2, LOW=1"
515,Grewia asiatica L.,Tiliaceae,xo,Xanthine Oxidase (XDH),5,86,86,41,60,32,0.7804878048780488,0.7333333333333333,0.40301219512195124,0.3933,0.65,61,29,32,32,0.47674418604651164,5281672.0,Myricetin,0.65,0.5319,"HIGH=39, MED=2, LOW=1"
515,Grewia asiatica L.,Tiliaceae,maoa,MAO-A (CHRFAM7A/MAOA),6,86,86,29,59,9,0.3103448275862069,0.2711864406779661,0.3457344827586207,0.2998,0.87,16,7,9,9,0.3372093023255814,5281691.0,Rhamnetin,0.87,0.8095,"HIGH=25, MED=3, LOW=1"
515,Grewia asiatica L.,Tiliaceae,maoa,MAO-A (CHRFAM7A/MAOA),5,86,86,29,59,23,0.7931034482758621,0.8813559322033898,0.465303448275862,0.4267,0.8,74,51,23,23,0.3372093023255814,5281691.0,Rhamnetin,0.8,0.8095,"HIGH=25, MED=3, LOW=1"
523,Glycosmis PENTAPHYLLA (Retz.) A. DC.,Rutaceae,cox1,COX-1 (PTGS1),6,85,85,20,44,1,0.05,0.22727272727272727,0.23184999999999997,0.2092,0.69,33,32,1,1,0.23529411764705882,96944.0,Glycozoline,0.5067,0.4231,"HIGH=20, MED=0, LOW=0"
523,Glycosmis PENTAPHYLLA (Retz.) A. DC.,Rutaceae,cox1,COX-1 (PTGS1),5,85,85,20,44,8,0.4,0.6818181818181818,0.3746,0.3136,0.8433,71,63,8,8,0.23529411764705882,96944.0,Glycozoline,0.8433,0.4231,"HIGH=20, MED=0, LOW=0"
523,Glycosmis PENTAPHYLLA (Retz.) A. DC.,Rutaceae,cox2,COX-2 (PTGS2),6,85,85,19,41,0,0.0,0.0,0.16929473684210525,0.19,0.4667,7,7,0,0,0.2235294117647059,5280805.0,Rutin,0.25,0.5342,"HIGH=19, MED=0, LOW=0"
523,Glycosmis PENTAPHYLLA (Retz.) A. DC.,Rutaceae,cox2,COX-2 (PTGS2),5,85,85,20,41,18,0.9,0.9512195121951219,0.47207999999999994,0.4702,0.83,83,65,18,18,0.23529411764705882,10494.0,Oleanolic acid,0.83,0.7586,"HIGH=20, MED=0, LOW=0"
523,Glycosmis PENTAPHYLLA (Retz.) A. DC.,Rutaceae,xo,Xanthine Oxidase (XDH),6,85,85,15,33,0,0.0,0.0,0.14511999999999997,0.145,0.3083,0,0,0,0,0.17647058823529413,96539.0,"5-Hydroxy-6,7,8,4'-tetraMethoxyflavone",0.26,0.4808,"HIGH=15, MED=0, LOW=0"
523,Glycosmis PENTAPHYLLA (Retz.) A. DC.,Rutaceae,xo,Xanthine Oxidase (XDH),5,85,85,15,33,13,0.8666666666666667,0.696969696969697,0.4020066666666667,0.39,0.565,53,40,13,13,0.17647058823529413,5280343.0,Quercetin,0.565,0.5957,"HIGH=15, MED=0, LOW=0"
523,Glycosmis PENTAPHYLLA (Retz.) A. DC.,Rutaceae,maoa,MAO-A (CHRFAM7A/MAOA),6,85,85,18,32,4,0.2222222222222222,0.21875,0.2837222222222222,0.25329999999999997,0.5917,10,6,4,4,0.21176470588235294,5280863.0,Kaempferol,0.5333,0.75,"HIGH=18, MED=0, LOW=0"
523,Glycosmis PENTAPHYLLA (Retz.) A. DC.,Rutaceae,maoa,MAO-A (CHRFAM7A/MAOA),5,85,85,18,32,11,0.6111111111111112,0.65625,0.3983166666666667,0.39835,0.7729,73,62,11,11,0.21176470588235294,5281832.0,Arborinine,0.5847,0.4444,"HIGH=18, MED=0, LOW=0"
525,Gloriosa SUPERBA L.,Liliaceae,cox1,COX-1 (PTGS1),6,165,165,20,64,6,0.3,0.578125,0.31333500000000003,0.26165,0.7733,100,94,6,6,0.12121212121212122,6862.0,1-naphthaleneacetic acid,0.7733,0.4474,"HIGH=21, MED=0, LOW=1"
525,Gloriosa SUPERBA L.,Liliaceae,cox1,COX-1 (PTGS1),5,165,165,20,64,15,0.75,0.890625,0.500495,0.51335,0.815,158,143,15,15,0.12121212121212122,6862.0,1-naphthaleneacetic acid,0.7942,0.4474,"HIGH=21, MED=0, LOW=1"
525,Gloriosa SUPERBA L.,Liliaceae,cox2,COX-2 (PTGS2),6,165,165,26,74,1,0.038461538461538464,0.05405405405405406,0.14952692307692306,0.1274,0.4967,20,19,1,1,0.15757575757575756,6862.0,1-naphthaleneacetic acid,0.4967,0.4474,"HIGH=24, MED=1, LOW=2"
525,Gloriosa SUPERBA L.,Liliaceae,cox2,COX-2 (PTGS2),5,165,165,26,75,25,0.9615384615384616,0.9866666666666667,0.3914730769230769,0.35105,0.8067,164,139,25,25,0.15757575757575756,6862.0,1-naphthaleneacetic acid,0.8067,0.4474,"HIGH=24, MED=1, LOW=2"
525,Gloriosa SUPERBA L.,Liliaceae,xo,Xanthine Oxidase (XDH),6,165,165,11,48,0,0.0,0.10416666666666667,0.18636363636363634,0.1933,0.6417,8,8,0,0,0.06666666666666667,9025.0,"Benzene, 1,3-dimethoxy-",0.315,0.4118,"HIGH=10, MED=0, LOW=1"
525,Gloriosa SUPERBA L.,Liliaceae,xo,Xanthine Oxidase (XDH),5,165,165,11,48,9,0.8181818181818182,0.7916666666666666,0.38137272727272725,0.3767,0.6633,126,117,9,9,0.06666666666666667,5280343.0,Quercetin,0.565,0.5957,"HIGH=10, MED=0, LOW=1"
525,Gloriosa SUPERBA L.,Liliaceae,maoa,MAO-A (CHRFAM7A/MAOA),6,165,165,28,66,3,0.10714285714285714,0.06060606060606061,0.2544142857142857,0.2514,0.4967,9,6,3,3,0.1696969696969697,5280343.0,Quercetin,0.4967,0.6744,"HIGH=25, MED=2, LOW=1"
525,Gloriosa SUPERBA L.,Liliaceae,maoa,MAO-A (CHRFAM7A/MAOA),5,165,165,28,66,22,0.7857142857142857,0.8636363636363636,0.47430357142857144,0.495,0.7788,149,127,22,22,0.1696969696969697,11349.0,"4H-1-Benzopyran-4-one,3-hydroxy-2-phenyl",0.6467,0.5,"HIGH=25, MED=2, LOW=1"
539,Flacourtia JANGOMAS (Lour.) Raeus.,Flacourtiaceae,cox1,COX-1 (PTGS1),6,44,44,8,14,2,0.25,0.21428571428571427,0.3299875,0.32165,0.6617,16,14,2,2,0.18181818181818182,7150.0,Methyl benzoate,0.6183,0.4167,"HIGH=7, MED=1, LOW=0"
539,Flacourtia JANGOMAS (Lour.) Raeus.,Flacourtiaceae,cox1,COX-1 (PTGS1),5,44,44,8,14,7,0.875,0.9285714285714286,0.5609250000000001,0.5983,0.7354,43,36,7,7,0.18181818181818182,440936.0,Arbutin,0.7354,0.4833,"HIGH=7, MED=1, LOW=0"
539,Flacourtia JANGOMAS (Lour.) Raeus.,Flacourtiaceae,cox2,COX-2 (PTGS2),6,44,44,11,18,0,0.0,0.0,0.10607272727272726,0.08,0.4717,6,6,0,0,0.25,4871.0,Pomiferin,0.3067,0.4545,"HIGH=8, MED=3, LOW=0"
539,Flacourtia JANGOMAS (Lour.) Raeus.,Flacourtiaceae,cox2,COX-2 (PTGS2),5,44,44,11,18,10,0.9090909090909091,0.9444444444444444,0.40969090909090905,0.4087,0.7917,43,33,10,10,0.25,4871.0,Pomiferin,0.5917,0.4545,"HIGH=8, MED=3, LOW=0"
539,Flacourtia JANGOMAS (Lour.) Raeus.,Flacourtiaceae,xo,Xanthine Oxidase (XDH),6,44,44,10,23,1,0.1,0.043478260869565216,0.15450000000000003,0.12335,0.4583,2,1,1,1,0.22727272727272727,401129.0,(-) - Epigallocatechin 3-(4-methyl-gallate),0.4167,0.4667,"HIGH=9, MED=0, LOW=1"
539,Flacourtia JANGOMAS (Lour.) Raeus.,Flacourtiaceae,xo,Xanthine Oxidase (XDH),5,44,44,10,23,4,0.4,0.6086956521739131,0.26517,0.25085,0.58,25,21,4,4,0.22727272727272727,401129.0,(-) - Epigallocatechin 3-(4-methyl-gallate),0.58,0.4667,"HIGH=9, MED=0, LOW=1"
539,Flacourtia JANGOMAS (Lour.) Raeus.,Flacourtiaceae,maoa,MAO-A (CHRFAM7A/MAOA),6,44,44,5,14,0,0.0,0.21428571428571427,0.20787999999999998,0.1683,0.5494,9,9,0,0,0.11363636363636363,92794.0,Naringenin-7-O-glucoside,0.38,0.4328,"HIGH=4, MED=1, LOW=0"
539,Flacourtia JANGOMAS (Lour.) Raeus.,Flacourtiaceae,maoa,MAO-A (CHRFAM7A/MAOA),5,44,44,5,14,5,1.0,1.0,0.5155799999999999,0.5233,0.6867,42,37,5,5,0.11363636363636363,14039.0,Acetylhydrazide,0.6783,0.5,"HIGH=4, MED=1, LOW=0"
545,Ficus HISPIDA L. f.,Moraceae,cox1,COX-1 (PTGS1),6,82,82,10,33,2,0.2,0.3939393939393939,0.33216999999999997,0.2875,0.8033,42,40,2,2,0.12195121951219512,460.0,Guaiacol,0.65,0.5,"HIGH=10, MED=0, LOW=0"
545,Ficus HISPIDA L. f.,Moraceae,cox1,COX-1 (PTGS1),5,82,82,10,33,7,0.7,0.9090909090909091,0.39717,0.3617,0.7592,79,72,7,7,0.12195121951219512,460.0,Guaiacol,0.7592,0.5,"HIGH=10, MED=0, LOW=0"
545,Ficus HISPIDA L. f.,Moraceae,cox2,COX-2 (PTGS2),6,82,82,5,34,0,0.0,0.029411764705882353,0.061340000000000006,0.07,0.4267,9,9,0,0,0.06097560975609756,16822.0,4-Hydroxy-3-Methoxy-Benzenepropanol,0.1033,0.4043,"HIGH=5, MED=0, LOW=0"
545,Ficus HISPIDA L. f.,Moraceae,cox2,COX-2 (PTGS2),5,82,82,5,34,4,0.8,0.9411764705882353,0.24932000000000004,0.2167,0.7569,80,76,4,4,0.06097560975609756,16822.0,4-Hydroxy-3-Methoxy-Benzenepropanol,0.37,0.4043,"HIGH=5, MED=0, LOW=0"
545,Ficus HISPIDA L. f.,Moraceae,xo,Xanthine Oxidase (XDH),6,82,82,1,16,0,0.0,0.0,0.1167,0.1167,0.33,0,0,0,0,0.012195121951219513,16822.0,4-Hydroxy-3-Methoxy-Benzenepropanol,0.1167,0.4038,"HIGH=1, MED=0, LOW=0"
545,Ficus HISPIDA L. f.,Moraceae,xo,Xanthine Oxidase (XDH),5,82,82,1,16,0,0.0,0.75,0.255,0.255,0.4367,59,59,0,0,0.012195121951219513,16822.0,4-Hydroxy-3-Methoxy-Benzenepropanol,0.255,0.4038,"HIGH=1, MED=0, LOW=0"
545,Ficus HISPIDA L. f.,Moraceae,maoa,MAO-A (CHRFAM7A/MAOA),6,82,82,5,16,0,0.0,0.0,0.20814000000000005,0.2528,0.3717,0,0,0,0,0.06097560975609756,6781.0,Diethyl Phthalate,0.2848,0.6129,"HIGH=5, MED=0, LOW=0"
545,Ficus HISPIDA L. f.,Moraceae,maoa,MAO-A (CHRFAM7A/MAOA),5,82,82,5,16,4,0.8,0.625,0.48200000000000004,0.4917,0.6983,75,71,4,4,0.06097560975609756,332.0,2-Methoxy-4-vinylphenol,0.6083,0.4762,"HIGH=5, MED=0, LOW=0"
563,Entada rheedii Spreng.,Mimosaceae,cox1,COX-1 (PTGS1),6,44,44,4,29,0,0.0,0.5172413793103449,0.260025,0.25585,0.685,20,20,0,0,0.09090909090909091,445639.0,Oleic acid,0.3267,0.4324,"HIGH=3, MED=0, LOW=3"
563,Entada rheedii Spreng.,Mimosaceae,cox1,COX-1 (PTGS1),5,44,44,4,29,1,0.25,0.8620689655172413,0.2861,0.29469999999999996,0.7097,40,39,1,1,0.09090909090909091,5280343.0,Quercetin,0.3483,0.4167,"HIGH=3, MED=0, LOW=3"
563,Entada rheedii Spreng.,Mimosaceae,cox2,COX-2 (PTGS2),6,44,44,7,24,0,0.0,0.0,0.19952857142857144,0.2067,0.44,10,10,0,0,0.1590909090909091,73309.0,Echinocystic acid,0.26,0.5692,"HIGH=7, MED=0, LOW=3"
563,Entada rheedii Spreng.,Mimosaceae,cox2,COX-2 (PTGS2),5,44,44,7,24,7,1.0,1.0,0.6212,0.755,0.83,44,37,7,7,0.1590909090909091,10494.0,Oleanolic acid,0.83,0.7586,"HIGH=7, MED=0, LOW=3"
563,Entada rheedii Spreng.,Mimosaceae,xo,Xanthine Oxidase (XDH),6,44,44,1,21,0,0.0,0.047619047619047616,0.1933,0.1933,0.455,2,2,0,0,0.022727272727272728,5280343.0,Quercetin,0.1933,0.5957,"HIGH=1, MED=0, LOW=0"
563,Entada rheedii Spreng.,Mimosaceae,xo,Xanthine Oxidase (XDH),5,44,44,1,21,1,1.0,0.8095238095238095,0.565,0.565,0.5667,33,32,1,1,0.022727272727272728,5280343.0,Quercetin,0.565,0.5957,"HIGH=1, MED=0, LOW=0"
563,Entada rheedii Spreng.,Mimosaceae,maoa,MAO-A (CHRFAM7A/MAOA),6,44,44,2,5,1,0.5,0.2,0.3736,0.3736,0.4967,1,0,1,1,0.045454545454545456,5280343.0,Quercetin,0.4967,0.6744,"HIGH=2, MED=0, LOW=1"
563,Entada rheedii Spreng.,Mimosaceae,maoa,MAO-A (CHRFAM7A/MAOA),5,44,44,2,5,2,1.0,0.8,0.40665,0.40665,0.5717,42,40,2,2,0.045454545454545456,5280343.0,Quercetin,0.4233,0.6744,"HIGH=2, MED=0, LOW=1"
565,Cissus ADNATA Roxb.,Vitaceae,cox1,COX-1 (PTGS1),6,3,3,1,2,0,0.0,0.0,0.1967,0.1967,0.3033,0,0,0,0,0.3333333333333333,484757.0,Pallidol,0.1967,0.4524,"HIGH=1, MED=0, LOW=0"
565,Cissus ADNATA Roxb.,Vitaceae,cox1,COX-1 (PTGS1),5,3,3,1,2,1,1.0,1.0,0.36,0.36,0.4942,3,2,1,1,0.3333333333333333,484757.0,Pallidol,0.36,0.4524,"HIGH=1, MED=0, LOW=0"
565,Cissus ADNATA Roxb.,Vitaceae,cox2,COX-2 (PTGS2),6,3,3,1,2,0,0.0,0.0,0.1767,0.1767,0.38,1,1,0,0,0.3333333333333333,73641.0,Arjunolic acid,0.1767,0.6061,"HIGH=1, MED=0, LOW=0"
565,Cissus ADNATA Roxb.,Vitaceae,cox2,COX-2 (PTGS2),5,3,3,1,2,1,1.0,1.0,0.8183,0.8183,0.8183,3,2,1,1,0.3333333333333333,73641.0,Arjunolic acid,0.8183,0.6061,"HIGH=1, MED=0, LOW=0"
565,Cissus ADNATA Roxb.,Vitaceae,xo,Xanthine Oxidase (XDH),6,3,3,0,1,0,,0.0,,,0.225,0,0,0,0,0.0,,None (No strict-domain compound),,,"HIGH=0, MED=0, LOW=0"
565,Cissus ADNATA Roxb.,Vitaceae,xo,Xanthine Oxidase (XDH),5,3,3,0,1,0,,0.0,,,0.36,2,2,0,0,0.0,,None (No strict-domain compound),,,"HIGH=0, MED=0, LOW=0"
565,Cissus ADNATA Roxb.,Vitaceae,maoa,MAO-A (CHRFAM7A/MAOA),6,3,3,0,1,0,,0.0,,,0.369,0,0,0,0,0.0,,None (No strict-domain compound),,,"HIGH=0, MED=0, LOW=0"
565,Cissus ADNATA Roxb.,Vitaceae,maoa,MAO-A (CHRFAM7A/MAOA),5,3,3,0,1,0,,1.0,,,0.5662,3,3,0,0,0.0,,None (No strict-domain compound),,,"HIGH=0, MED=0, LOW=0"
568,Embelia RIBES Burm. f.,Myrsinaceae,cox1,COX-1 (PTGS1),6,5,5,0,2,0,,0.0,,,0.6383,2,2,0,0,0.0,,None (No strict-domain compound),,,"HIGH=0, MED=0, LOW=0"
568,Embelia RIBES Burm. f.,Myrsinaceae,cox1,COX-1 (PTGS1),5,5,5,0,2,0,,1.0,,,0.6192,5,5,0,0,0.0,,None (No strict-domain compound),,,"HIGH=0, MED=0, LOW=0"
568,Embelia RIBES Burm. f.,Myrsinaceae,cox2,COX-2 (PTGS2),6,5,5,2,2,0,0.0,0.0,0.2237,0.2237,0.2237,0,0,0,0,0.4,3218.0,Embelin,0.2237,0.4222,"HIGH=3, MED=0, LOW=0"
568,Embelia RIBES Burm. f.,Myrsinaceae,cox2,COX-2 (PTGS2),5,5,5,2,2,2,1.0,1.0,0.6647,0.6647,0.6652,5,3,2,2,0.4,3218.0,Embelin,0.6647,0.4222,"HIGH=3, MED=0, LOW=0"
568,Embelia RIBES Burm. f.,Myrsinaceae,xo,Xanthine Oxidase (XDH),6,5,5,0,0,0,,,,,0.2817,0,0,0,0,0.0,,None (No strict-domain compound),,,"HIGH=0, MED=0, LOW=0"
568,Embelia RIBES Burm. f.,Myrsinaceae,xo,Xanthine Oxidase (XDH),5,5,5,0,0,0,,,,,0.3583,3,3,0,0,0.0,,None (No strict-domain compound),,,"HIGH=0, MED=0, LOW=0"
568,Embelia RIBES Burm. f.,Myrsinaceae,maoa,MAO-A (CHRFAM7A/MAOA),6,5,5,0,0,0,,,,,0.2639,0,0,0,0,0.0,,None (No strict-domain compound),,,"HIGH=0, MED=0, LOW=0"
568,Embelia RIBES Burm. f.,Myrsinaceae,maoa,MAO-A (CHRFAM7A/MAOA),5,5,5,0,0,0,,,,,0.4981,2,2,0,0,0.0,,None (No strict-domain compound),,,"HIGH=0, MED=0, LOW=0"
570,Eleusine INDICA (L.) Gaertn.,Poaceae,cox1,COX-1 (PTGS1),6,7,7,1,4,0,0.0,0.0,0.1717,0.1717,0.1867,0,0,0,0,0.14285714285714285,5281702.0,Tricin,0.1717,0.4783,"HIGH=1, MED=0, LOW=0"
570,Eleusine INDICA (L.) Gaertn.,Poaceae,cox1,COX-1 (PTGS1),5,7,7,1,4,1,1.0,1.0,0.3483,0.3483,0.4775,7,6,1,1,0.14285714285714285,5281702.0,Tricin,0.3483,0.4783,"HIGH=1, MED=0, LOW=0"
570,Eleusine INDICA (L.) Gaertn.,Poaceae,cox2,COX-2 (PTGS2),6,7,7,2,7,0,0.0,0.0,0.1221,0.1221,0.21,0,0,0,0,0.2857142857142857,5280441.0,Vitexin,0.19,0.4237,"HIGH=2, MED=0, LOW=0"
570,Eleusine INDICA (L.) Gaertn.,Poaceae,cox2,COX-2 (PTGS2),5,7,7,2,7,2,1.0,1.0,0.40049999999999997,0.40049999999999997,0.535,7,5,2,2,0.2857142857142857,5281702.0,Tricin,0.4143,0.4783,"HIGH=2, MED=0, LOW=0"
570,Eleusine INDICA (L.) Gaertn.,Poaceae,xo,Xanthine Oxidase (XDH),6,7,7,7,7,0,0.0,0.0,0.15857142857142859,0.1483,0.29,0,0,0,0,1.0,5281702.0,Tricin,0.29,0.5192,"HIGH=7, MED=0, LOW=0"
570,Eleusine INDICA (L.) Gaertn.,Poaceae,xo,Xanthine Oxidase (XDH),5,7,7,7,7,3,0.42857142857142855,0.42857142857142855,0.3002571428571429,0.2967,0.5417,3,0,3,3,1.0,5281702.0,Tricin,0.5417,0.5192,"HIGH=7, MED=0, LOW=0"
570,Eleusine INDICA (L.) Gaertn.,Poaceae,maoa,MAO-A (CHRFAM7A/MAOA),6,7,7,1,6,0,0.0,0.16666666666666666,0.2667,0.2667,0.4117,1,1,0,0,0.14285714285714285,5281702.0,Tricin,0.2667,0.4706,"HIGH=1, MED=0, LOW=0"
570,Eleusine INDICA (L.) Gaertn.,Poaceae,maoa,MAO-A (CHRFAM7A/MAOA),5,7,7,1,6,0,0.0,0.8333333333333334,0.2883,0.2883,0.4783,6,6,0,0,0.14285714285714285,5281702.0,Tricin,0.2883,0.4706,"HIGH=1, MED=0, LOW=0"
571,Elephantopus SCABER L.,Asteraceae,cox1,COX-1 (PTGS1),6,17,17,1,5,0,0.0,0.0,0.2017,0.2017,0.4567,7,7,0,0,0.058823529411764705,5280343.0,Quercetin,0.2017,0.4167,"HIGH=1, MED=0, LOW=0"
571,Elephantopus SCABER L.,Asteraceae,cox1,COX-1 (PTGS1),5,17,17,1,5,1,1.0,0.8,0.3483,0.3483,0.6267,16,15,1,1,0.058823529411764705,5280343.0,Quercetin,0.3483,0.4167,"HIGH=1, MED=0, LOW=0"
571,Elephantopus SCABER L.,Asteraceae,cox2,COX-2 (PTGS2),6,17,17,1,9,0,0.0,0.2222222222222222,0.1933,0.1933,0.4675,7,7,0,0,0.058823529411764705,5280343.0,Quercetin,0.1933,0.4167,"HIGH=1, MED=0, LOW=0"
571,Elephantopus SCABER L.,Asteraceae,cox2,COX-2 (PTGS2),5,17,17,1,9,1,1.0,1.0,0.4537,0.4537,0.7983,17,16,1,1,0.058823529411764705,5280343.0,Quercetin,0.4537,0.4167,"HIGH=1, MED=0, LOW=0"
571,Elephantopus SCABER L.,Asteraceae,xo,Xanthine Oxidase (XDH),6,17,17,3,4,0,0.0,0.0,0.17166666666666666,0.1933,0.49,2,2,0,0,0.17647058823529413,5280445.0,Luteolin,0.275,0.5957,"HIGH=2, MED=0, LOW=1"
571,Elephantopus SCABER L.,Asteraceae,xo,Xanthine Oxidase (XDH),5,17,17,3,4,2,0.6666666666666666,0.5,0.4272333333333333,0.545,0.5733,9,7,2,2,0.17647058823529413,5280343.0,Quercetin,0.565,0.5957,"HIGH=2, MED=0, LOW=1"
571,Elephantopus SCABER L.,Asteraceae,maoa,MAO-A (CHRFAM7A/MAOA),6,17,17,2,3,1,0.5,0.3333333333333333,0.38085,0.38085,0.4967,4,3,1,1,0.11764705882352941,5280343.0,Quercetin,0.4967,0.6744,"HIGH=2, MED=0, LOW=0"
571,Elephantopus SCABER L.,Asteraceae,maoa,MAO-A (CHRFAM7A/MAOA),5,17,17,2,3,1,0.5,0.6666666666666666,0.36250000000000004,0.36250000000000004,0.6,16,15,1,1,0.11764705882352941,5280343.0,Quercetin,0.4233,0.6744,"HIGH=2, MED=0, LOW=0"
577,Pogostemon auricularius (L.) Hassk.,Lamiaceae,cox1,COX-1 (PTGS1),6,1,1,0,1,0,,0.0,,,0.225,0,0,0,0,0.0,,None (No strict-domain compound),,,"HIGH=0, MED=0, LOW=0"
577,Pogostemon auricularius (L.) Hassk.,Lamiaceae,cox1,COX-1 (PTGS1),5,1,1,0,1,0,,0.0,,,0.2731,0,0,0,0,0.0,,None (No strict-domain compound),,,"HIGH=0, MED=0, LOW=0"
577,Pogostemon auricularius (L.) Hassk.,Lamiaceae,cox2,COX-2 (PTGS2),6,1,1,0,0,0,,,,,0.3133,0,0,0,0,0.0,,None (No strict-domain compound),,,"HIGH=0, MED=0, LOW=0"
577,Pogostemon auricularius (L.) Hassk.,Lamiaceae,cox2,COX-2 (PTGS2),5,1,1,0,0,0,,,,,0.6737,1,1,0,0,0.0,,None (No strict-domain compound),,,"HIGH=0, MED=0, LOW=0"
577,Pogostemon auricularius (L.) Hassk.,Lamiaceae,xo,Xanthine Oxidase (XDH),6,1,1,0,0,0,,,,,0.3233,0,0,0,0,0.0,,None (No strict-domain compound),,,"HIGH=0, MED=0, LOW=0"
577,Pogostemon auricularius (L.) Hassk.,Lamiaceae,xo,Xanthine Oxidase (XDH),5,1,1,0,0,0,,,,,0.3817,1,1,0,0,0.0,,None (No strict-domain compound),,,"HIGH=0, MED=0, LOW=0"
577,Pogostemon auricularius (L.) Hassk.,Lamiaceae,maoa,MAO-A (CHRFAM7A/MAOA),6,1,1,0,0,0,,,,,0.3178,0,0,0,0,0.0,,None (No strict-domain compound),,,"HIGH=0, MED=0, LOW=0"
577,Pogostemon auricularius (L.) Hassk.,Lamiaceae,maoa,MAO-A (CHRFAM7A/MAOA),5,1,1,0,0,0,,,,,0.4804,1,1,0,0,0.0,,None (No strict-domain compound),,,"HIGH=0, MED=0, LOW=0"
579,Drynaria QUERCIFOLIA (L.) J. Sm.,Drynariaceae,cox1,COX-1 (PTGS1),6,83,83,10,37,2,0.2,0.4864864864864865,0.28198999999999996,0.21084999999999998,0.8533,49,47,2,2,0.12048192771084337,999.0,Benzeneacetic acid,0.8533,0.7273,"HIGH=11, MED=0, LOW=0"
579,Drynaria QUERCIFOLIA (L.) J. Sm.,Drynariaceae,cox1,COX-1 (PTGS1),5,83,83,10,37,9,0.9,0.9459459459459459,0.47851999999999995,0.4419,0.7925,81,72,9,9,0.12048192771084337,999.0,Benzeneacetic acid,0.7925,0.7273,"HIGH=11, MED=0, LOW=0"
579,Drynaria QUERCIFOLIA (L.) J. Sm.,Drynariaceae,cox2,COX-2 (PTGS2),6,83,83,12,43,0,0.0,0.0,0.14395,0.14665,0.5567,10,10,0,0,0.14457831325301204,101729.0,Cyclolaudenol,0.23,0.4,"HIGH=13, MED=0, LOW=0"
579,Drynaria QUERCIFOLIA (L.) J. Sm.,Drynariaceae,cox2,COX-2 (PTGS2),5,83,83,12,43,12,1.0,1.0,0.4766583333333334,0.44405,0.7933,83,71,12,12,0.14457831325301204,73145.0,beta-Amyrin,0.7933,0.5645,"HIGH=13, MED=0, LOW=0"
579,Drynaria QUERCIFOLIA (L.) J. Sm.,Drynariaceae,xo,Xanthine Oxidase (XDH),6,83,83,4,18,1,0.25,0.2222222222222222,0.23,0.1875,0.6967,6,5,1,1,0.04819277108433735,72.0,Protocatechuic acid,0.445,0.4545,"HIGH=4, MED=0, LOW=0"
579,Drynaria QUERCIFOLIA (L.) J. Sm.,Drynariaceae,xo,Xanthine Oxidase (XDH),5,83,83,4,18,3,0.75,0.8333333333333334,0.411675,0.42585,0.65,49,46,3,3,0.04819277108433735,5280343.0,Quercetin,0.565,0.5957,"HIGH=4, MED=0, LOW=0"
579,Drynaria QUERCIFOLIA (L.) J. Sm.,Drynariaceae,maoa,MAO-A (CHRFAM7A/MAOA),6,83,83,4,21,1,0.25,0.047619047619047616,0.302325,0.26880000000000004,0.4967,3,2,1,1,0.04819277108433735,5280343.0,Quercetin,0.4967,0.6744,"HIGH=5, MED=0, LOW=0"
579,Drynaria QUERCIFOLIA (L.) J. Sm.,Drynariaceae,maoa,MAO-A (CHRFAM7A/MAOA),5,83,83,4,21,3,0.75,0.7142857142857143,0.4471,0.4575,0.6725,70,67,3,3,0.04819277108433735,6781.0,Diethyl Phthalate,0.5667,0.6129,"HIGH=5, MED=0, LOW=0"
585,Diploclisia GLAUCESCENS (Bl.) Diels.,Menispermaceae,cox1,COX-1 (PTGS1),6,18,18,0,4,0,,0.25,,,0.6783,8,8,0,0,0.0,,None (No strict-domain compound),,,"HIGH=0, MED=0, LOW=0"
585,Diploclisia GLAUCESCENS (Bl.) Diels.,Menispermaceae,cox1,COX-1 (PTGS1),5,18,18,0,4,0,,1.0,,,0.7217,18,18,0,0,0.0,,None (No strict-domain compound),,,"HIGH=0, MED=0, LOW=0"
585,Diploclisia GLAUCESCENS (Bl.) Diels.,Menispermaceae,cox2,COX-2 (PTGS2),6,18,18,3,4,0,0.0,0.0,0.2422,0.2333,0.53,7,7,0,0,0.16666666666666666,13878342.0,phytolaccagenic acid,0.26,0.5915,"HIGH=3, MED=0, LOW=0"
585,Diploclisia GLAUCESCENS (Bl.) Diels.,Menispermaceae,cox2,COX-2 (PTGS2),5,18,18,3,4,3,1.0,1.0,0.8244333333333334,0.845,0.8483,18,15,3,3,0.16666666666666666,13878342.0,phytolaccagenic acid,0.8483,0.5915,"HIGH=3, MED=0, LOW=0"
585,Diploclisia GLAUCESCENS (Bl.) Diels.,Menispermaceae,xo,Xanthine Oxidase (XDH),6,18,18,0,3,0,,0.0,,,0.3333,0,0,0,0,0.0,,None (No strict-domain compound),,,"HIGH=0, MED=0, LOW=0"
585,Diploclisia GLAUCESCENS (Bl.) Diels.,Menispermaceae,xo,Xanthine Oxidase (XDH),5,18,18,0,3,0,,0.0,,,0.4717,8,8,0,0,0.0,,None (No strict-domain compound),,,"HIGH=0, MED=0, LOW=0"
585,Diploclisia GLAUCESCENS (Bl.) Diels.,Menispermaceae,maoa,MAO-A (CHRFAM7A/MAOA),6,18,18,0,2,0,,0.0,,,0.4394,1,1,0,0,0.0,,None (No strict-domain compound),,,"HIGH=0, MED=0, LOW=0"
585,Diploclisia GLAUCESCENS (Bl.) Diels.,Menispermaceae,maoa,MAO-A (CHRFAM7A/MAOA),5,18,18,0,2,0,,1.0,,,0.5588,16,16,0,0,0.0,,None (No strict-domain compound),,,"HIGH=0, MED=0, LOW=0"
587,Diospyros MALABARICA (Desr.) Kostel,Ebenaceae,cox1,COX-1 (PTGS1),6,30,30,4,17,1,0.25,0.4117647058823529,0.32585,0.27335,0.7117,12,11,1,1,0.13333333333333333,1549045.0,Trans-methyl isoeugenol,0.585,0.6333,"HIGH=3, MED=1, LOW=0"
587,Diospyros MALABARICA (Desr.) Kostel,Ebenaceae,cox1,COX-1 (PTGS1),5,30,30,4,17,3,0.75,0.9411764705882353,0.5354,0.55635,0.7617,29,26,3,3,0.13333333333333333,1549045.0,Trans-methyl isoeugenol,0.7167,0.6333,"HIGH=3, MED=1, LOW=0"
587,Diospyros MALABARICA (Desr.) Kostel,Ebenaceae,cox2,COX-2 (PTGS2),6,30,30,7,19,0,0.0,0.10526315789473684,0.15144285714285716,0.12,0.4833,5,5,0,0,0.23333333333333334,5280459.0,Quercetin 3-O-rhamnoside,0.2267,0.619,"HIGH=5, MED=1, LOW=1"
587,Diospyros MALABARICA (Desr.) Kostel,Ebenaceae,cox2,COX-2 (PTGS2),5,30,30,7,19,7,1.0,1.0,0.5437285714285714,0.6417,0.83,30,23,7,7,0.23333333333333334,10494.0,Oleanolic acid,0.83,0.7586,"HIGH=5, MED=1, LOW=1"
587,Diospyros MALABARICA (Desr.) Kostel,Ebenaceae,xo,Xanthine Oxidase (XDH),6,30,30,4,14,0,0.0,0.07142857142857142,0.18335,0.19085000000000002,0.475,2,2,0,0,0.13333333333333333,1549045.0,Trans-methyl isoeugenol,0.23,0.4667,"HIGH=3, MED=2, LOW=0"
587,Diospyros MALABARICA (Desr.) Kostel,Ebenaceae,xo,Xanthine Oxidase (XDH),5,30,30,4,14,3,0.75,0.5714285714285714,0.36417499999999997,0.37,0.57,15,12,3,3,0.13333333333333333,5317765.0,Dihydroflavonol glycoside,0.57,0.4516,"HIGH=3, MED=2, LOW=0"
587,Diospyros MALABARICA (Desr.) Kostel,Ebenaceae,maoa,MAO-A (CHRFAM7A/MAOA),6,30,30,4,7,2,0.5,0.2857142857142857,0.305,0.36165,0.4578,4,2,2,2,0.13333333333333333,5317765.0,Dihydroflavonol glycoside,0.4417,0.5263,"HIGH=1, MED=2, LOW=1"
587,Diospyros MALABARICA (Desr.) Kostel,Ebenaceae,maoa,MAO-A (CHRFAM7A/MAOA),5,30,30,4,7,3,0.75,0.7142857142857143,0.47525000000000006,0.5105,0.6467,28,25,3,3,0.13333333333333333,11349.0,"4H-1-Benzopyran-4-one,3-hydroxy-2-phenyl",0.6467,0.5,"HIGH=1, MED=2, LOW=1"
596,Dillenia INDICA L.,Dilleniaceae,cox1,COX-1 (PTGS1),6,32,32,2,5,1,0.5,0.6,0.4492,0.4492,0.7117,13,12,1,1,0.0625,1017.0,"1,2-Benzenedicarboxylic acid",0.7117,0.4062,"HIGH=2, MED=0, LOW=0"
596,Dillenia INDICA L.,Dilleniaceae,cox1,COX-1 (PTGS1),5,32,32,2,5,1,0.5,0.8,0.5087,0.5087,0.7233,30,29,1,1,0.0625,1017.0,"1,2-Benzenedicarboxylic acid",0.7033,0.4062,"HIGH=2, MED=0, LOW=0"
596,Dillenia INDICA L.,Dilleniaceae,cox2,COX-2 (PTGS2),6,32,32,4,10,0,0.0,0.1,0.1402,0.13040000000000002,0.4833,10,10,0,0,0.125,12305360.0,Cycloartenone,0.19,0.5,"HIGH=4, MED=0, LOW=0"
596,Dillenia INDICA L.,Dilleniaceae,cox2,COX-2 (PTGS2),5,32,32,4,10,4,1.0,1.0,0.453575,0.41445,0.8033,32,28,4,4,0.125,12305360.0,Cycloartenone,0.7437,0.5,"HIGH=4, MED=0, LOW=0"
596,Dillenia INDICA L.,Dilleniaceae,xo,Xanthine Oxidase (XDH),6,32,32,0,4,0,,0.25,,,0.4383,1,1,0,0,0.0,,None (No strict-domain compound),,,"HIGH=0, MED=0, LOW=0"
596,Dillenia INDICA L.,Dilleniaceae,xo,Xanthine Oxidase (XDH),5,32,32,0,4,0,,0.75,,,0.4383,19,19,0,0,0.0,,None (No strict-domain compound),,,"HIGH=0, MED=0, LOW=0"
596,Dillenia INDICA L.,Dilleniaceae,maoa,MAO-A (CHRFAM7A/MAOA),6,32,32,2,7,0,0.0,0.0,0.208,0.208,0.4207,1,1,0,0,0.0625,10286.0,Chromone,0.3493,0.4737,"HIGH=2, MED=0, LOW=0"
596,Dillenia INDICA L.,Dilleniaceae,maoa,MAO-A (CHRFAM7A/MAOA),5,32,32,2,7,1,0.5,0.8571428571428571,0.42379999999999995,0.42379999999999995,0.6683,29,28,1,1,0.0625,10286.0,Chromone,0.6243,0.4737,"HIGH=2, MED=0, LOW=0"
602,Desmodium GANGETICUM (L.) DC.,Fabeceae,cox1,COX-1 (PTGS1),6,101,101,20,54,9,0.45,0.5925925925925926,0.383675,0.3775,0.8617,61,52,9,9,0.19801980198019803,338.0,Salicylic acid,0.8617,0.4242,"HIGH=21, MED=0, LOW=0"
602,Desmodium GANGETICUM (L.) DC.,Fabeceae,cox1,COX-1 (PTGS1),5,101,101,20,54,17,0.85,0.9259259259259259,0.550915,0.55375,0.8583,97,80,17,17,0.19801980198019803,350928.0,"10H-Phenothiazine, 1-methoxy-",0.85,0.5333,"HIGH=21, MED=0, LOW=0"
602,Desmodium GANGETICUM (L.) DC.,Fabeceae,cox2,COX-2 (PTGS2),6,101,101,25,57,1,0.04,0.05263157894736842,0.158724,0.1267,0.6333,9,8,1,1,0.24752475247524752,350928.0,"10H-Phenothiazine, 1-methoxy-",0.6333,0.5333,"HIGH=26, MED=0, LOW=0"
602,Desmodium GANGETICUM (L.) DC.,Fabeceae,cox2,COX-2 (PTGS2),5,101,101,25,57,24,0.96,0.9824561403508771,0.390944,0.4269,0.7617,100,76,24,24,0.24752475247524752,5280805.0,Rutin,0.6667,0.5342,"HIGH=26, MED=0, LOW=0"
602,Desmodium GANGETICUM (L.) DC.,Fabeceae,xo,Xanthine Oxidase (XDH),6,101,101,11,40,1,0.09090909090909091,0.1,0.17952727272727273,0.19,0.4933,4,3,1,1,0.10891089108910891,72.0,Protocatechuic acid,0.445,0.4545,"HIGH=12, MED=0, LOW=0"
602,Desmodium GANGETICUM (L.) DC.,Fabeceae,xo,Xanthine Oxidase (XDH),5,101,101,11,40,11,1.0,0.85,0.4595545454545455,0.46,0.5667,66,55,11,11,0.10891089108910891,5280343.0,Quercetin,0.565,0.5957,"HIGH=12, MED=0, LOW=0"
602,Desmodium GANGETICUM (L.) DC.,Fabeceae,maoa,MAO-A (CHRFAM7A/MAOA),6,101,101,27,46,6,0.2222222222222222,0.17391304347826086,0.266962962962963,0.2267,0.625,9,3,6,6,0.26732673267326734,10095180.0,kaempferol 7-O-glucoside,0.625,0.5714,"HIGH=28, MED=0, LOW=0"
602,Desmodium GANGETICUM (L.) DC.,Fabeceae,maoa,MAO-A (CHRFAM7A/MAOA),5,101,101,27,46,18,0.6666666666666666,0.6521739130434783,0.4640925925925925,0.46,0.7911,81,63,18,18,0.26732673267326734,6089.0,"N,N-Dimethyltryptamine",0.7911,1.0,"HIGH=28, MED=0, LOW=0"
603,Derris TRIFOLIATA Lour.,Fabeceae,cox1,COX-1 (PTGS1),6,45,45,8,22,0,0.0,0.13636363636363635,0.21583750000000002,0.2067,0.5433,5,5,0,0,0.17777777777777778,10250777.0,lupinifolin,0.28,0.4103,"HIGH=8, MED=0, LOW=0"
603,Derris TRIFOLIATA Lour.,Fabeceae,cox1,COX-1 (PTGS1),5,45,45,8,22,8,1.0,1.0,0.499125,0.526,0.7329,45,37,8,8,0.17777777777777778,73145.0,beta-Amyrin,0.5894,0.4098,"HIGH=8, MED=0, LOW=0"
603,Derris TRIFOLIATA Lour.,Fabeceae,cox2,COX-2 (PTGS2),6,45,45,11,24,0,0.0,0.0,0.19212727272727273,0.1933,0.45,7,7,0,0,0.24444444444444444,5487094.0,Rhamnetin-3-O-neohesperidoside,0.2967,0.4557,"HIGH=11, MED=0, LOW=0"
603,Derris TRIFOLIATA Lour.,Fabeceae,cox2,COX-2 (PTGS2),5,45,45,11,24,11,1.0,1.0,0.6319818181818182,0.6408,0.83,45,34,11,11,0.24444444444444444,10494.0,Oleanolic acid,0.83,0.7586,"HIGH=11, MED=0, LOW=0"
603,Derris TRIFOLIATA Lour.,Fabeceae,xo,Xanthine Oxidase (XDH),6,45,45,12,25,0,0.0,0.0,0.11804999999999999,0.08415,0.3717,0,0,0,0,0.26666666666666666,10250777.0,lupinifolin,0.2217,0.5469,"HIGH=12, MED=0, LOW=0"
603,Derris TRIFOLIATA Lour.,Fabeceae,xo,Xanthine Oxidase (XDH),5,45,45,12,25,6,0.5,0.52,0.3451416666666666,0.35,0.565,27,21,6,6,0.26666666666666666,5280343.0,Quercetin,0.565,0.5957,"HIGH=12, MED=0, LOW=0"
603,Derris TRIFOLIATA Lour.,Fabeceae,maoa,MAO-A (CHRFAM7A/MAOA),6,45,45,10,16,6,0.6,0.5625,0.45359,0.46919999999999995,0.87,17,11,6,6,0.2222222222222222,5281691.0,Rhamnetin,0.87,0.8095,"HIGH=10, MED=0, LOW=0"
603,Derris TRIFOLIATA Lour.,Fabeceae,maoa,MAO-A (CHRFAM7A/MAOA),5,45,45,10,16,8,0.8,0.875,0.5179500000000001,0.51,0.8,42,34,8,8,0.2222222222222222,5281691.0,Rhamnetin,0.8,0.8095,"HIGH=10, MED=0, LOW=0"
612,Dalbergia STIPULACEA Roxb.,Fabaceae,cox1,COX-1 (PTGS1),6,12,12,4,10,1,0.25,0.2,0.30167499999999997,0.30335,0.4933,3,2,1,1,0.3333333333333333,67892477.0,"2,4-dimethoxyallylbenzene",0.4933,0.4054,"HIGH=4, MED=0, LOW=0"
612,Dalbergia STIPULACEA Roxb.,Fabaceae,cox1,COX-1 (PTGS1),5,12,12,4,10,1,0.25,0.6,0.364125,0.311,0.6958,8,7,1,1,0.3333333333333333,67892477.0,"2,4-dimethoxyallylbenzene",0.6778,0.4054,"HIGH=4, MED=0, LOW=0"
612,Dalbergia STIPULACEA Roxb.,Fabaceae,cox2,COX-2 (PTGS2),6,12,12,1,8,1,1.0,0.125,0.38,0.38,0.38,1,0,1,1,0.08333333333333333,638278.0,Isoliquiritigenin,0.38,0.4423,"HIGH=1, MED=0, LOW=0"
612,Dalbergia STIPULACEA Roxb.,Fabaceae,cox2,COX-2 (PTGS2),5,12,12,1,8,1,1.0,1.0,0.3708,0.3708,0.722,12,11,1,1,0.08333333333333333,638278.0,Isoliquiritigenin,0.3708,0.4423,"HIGH=1, MED=0, LOW=0"
612,Dalbergia STIPULACEA Roxb.,Fabaceae,xo,Xanthine Oxidase (XDH),6,12,12,3,8,1,0.3333333333333333,0.125,0.2422333333333333,0.1817,0.4317,1,0,1,1,0.25,638278.0,Isoliquiritigenin,0.4317,0.5833,"HIGH=2, MED=1, LOW=0"
612,Dalbergia STIPULACEA Roxb.,Fabaceae,xo,Xanthine Oxidase (XDH),5,12,12,3,8,2,0.6666666666666666,0.875,0.4955666666666667,0.3967,0.8367,11,9,2,2,0.25,638278.0,Isoliquiritigenin,0.8367,0.5833,"HIGH=2, MED=1, LOW=0"
612,Dalbergia STIPULACEA Roxb.,Fabaceae,maoa,MAO-A (CHRFAM7A/MAOA),6,12,12,6,12,1,0.16666666666666666,0.08333333333333333,0.23175000000000004,0.17420000000000002,0.5533,1,0,1,1,0.5,5280373.0,Biochanin A,0.5533,0.617,"HIGH=6, MED=0, LOW=0"
612,Dalbergia STIPULACEA Roxb.,Fabaceae,maoa,MAO-A (CHRFAM7A/MAOA),5,12,12,6,12,4,0.6666666666666666,0.8333333333333334,0.4183333333333333,0.395,0.7183,10,6,4,4,0.5,5280373.0,Biochanin A,0.6183,0.617,"HIGH=6, MED=0, LOW=0"
619,Cyperus ROTUNDUS L.,Cyperaceae,cox1,COX-1 (PTGS1),6,530,530,41,138,10,0.24390243902439024,0.39855072463768115,0.3267195121951219,0.2767,0.805,300,290,10,10,0.07735849056603773,4133.0,Methyl salicylate,0.7967,0.4167,"HIGH=41, MED=1, LOW=0"
619,Cyperus ROTUNDUS L.,Cyperaceae,cox1,COX-1 (PTGS1),5,530,530,41,137,26,0.6341463414634146,0.8394160583941606,0.44161219512195127,0.4233,0.8617,501,475,26,26,0.07735849056603773,10703.0,O-Cymene,0.8617,0.4783,"HIGH=41, MED=1, LOW=0"
619,Cyperus ROTUNDUS L.,Cyperaceae,cox2,COX-2 (PTGS2),6,530,530,58,158,3,0.05172413793103448,0.03164556962025317,0.1525310344827586,0.1275,0.5767,42,39,3,3,0.10943396226415095,610910.0,"2-imidazo[1,2-a]pyridin-2-ylphenol",0.5233,0.4865,"HIGH=55, MED=2, LOW=1"
619,Cyperus ROTUNDUS L.,Cyperaceae,cox2,COX-2 (PTGS2),5,530,530,58,158,53,0.9137931034482759,0.9683544303797469,0.40464655172413794,0.4078,0.8033,525,472,53,53,0.10943396226415095,538185.0,"1H?Cyclopropa[3,4]benz[1,2?e]azulene?4a, 5, 7b, 9,9a (1aH)?pentol, 3? [(acetyloxy)methyl]?1b, 4,5,7a, 8,9?hexahydro?1,1,6,8?tetramethyl?, 9,9a?dia",0.8017,0.4138,"HIGH=55, MED=2, LOW=1"
619,Cyperus ROTUNDUS L.,Cyperaceae,xo,Xanthine Oxidase (XDH),6,530,530,29,81,2,0.06896551724137931,0.06172839506172839,0.19056551724137935,0.1917,0.6783,15,13,2,2,0.05471698113207547,135.0,4-Hydroxybenzoic acid,0.5233,0.5926,"HIGH=29, MED=0, LOW=0"
619,Cyperus ROTUNDUS L.,Cyperaceae,xo,Xanthine Oxidase (XDH),5,530,530,29,81,19,0.6551724137931034,0.7407407407407407,0.35028620689655166,0.3633,0.7417,299,280,19,19,0.05471698113207547,5280343.0,Quercetin,0.565,0.5957,"HIGH=29, MED=0, LOW=0"
619,Cyperus ROTUNDUS L.,Cyperaceae,maoa,MAO-A (CHRFAM7A/MAOA),6,530,530,36,102,4,0.1111111111111111,0.0784313725490196,0.23418333333333338,0.2,0.5717,29,25,4,4,0.06792452830188679,6476403.0,"(2Z)-4,6-dihydroxy-2-[(3-hydroxy-4-methoxyphenyl)methylidene]-1-benzofuran-3-one",0.5717,0.6327,"HIGH=36, MED=0, LOW=0"
619,Cyperus ROTUNDUS L.,Cyperaceae,maoa,MAO-A (CHRFAM7A/MAOA),5,530,530,36,102,26,0.7222222222222222,0.8137254901960784,0.4671194444444444,0.46275,0.7483,475,449,26,26,0.06792452830188679,6476403.0,"(2Z)-4,6-dihydroxy-2-[(3-hydroxy-4-methoxyphenyl)methylidene]-1-benzofuran-3-one",0.7483,0.6327,"HIGH=36, MED=0, LOW=0"
623,Cynodon DACTYLON (L.)Pers.,Poaceae,cox1,COX-1 (PTGS1),6,30,30,2,12,0,0.0,0.4166666666666667,0.18335,0.18335,0.5383,11,11,0,0,0.06666666666666667,91472.0,Friedelin,0.195,0.4727,"HIGH=1, MED=0, LOW=1"
623,Cynodon DACTYLON (L.)Pers.,Poaceae,cox1,COX-1 (PTGS1),5,30,30,2,12,2,1.0,0.9166666666666666,0.43165,0.43165,0.7033,28,26,2,2,0.06666666666666667,91472.0,Friedelin,0.515,0.4727,"HIGH=1, MED=0, LOW=1"
623,Cynodon DACTYLON (L.)Pers.,Poaceae,cox2,COX-2 (PTGS2),6,30,30,3,13,0,0.0,0.0,0.077,0.0542,0.579,8,8,0,0,0.1,8468.0,Vanillic acid,0.1233,0.6333,"HIGH=3, MED=1, LOW=4"
623,Cynodon DACTYLON (L.)Pers.,Poaceae,cox2,COX-2 (PTGS2),5,30,30,3,13,2,0.6666666666666666,0.9230769230769231,0.22486666666666666,0.1703,0.755,29,27,2,2,0.1,5281702.0,Tricin,0.4143,0.4783,"HIGH=3, MED=1, LOW=4"
623,Cynodon DACTYLON (L.)Pers.,Poaceae,xo,Xanthine Oxidase (XDH),6,30,30,5,10,0,0.0,0.2,0.19266,0.1483,0.4933,3,3,0,0,0.16666666666666666,5281702.0,Tricin,0.29,0.5192,"HIGH=4, MED=0, LOW=2"
623,Cynodon DACTYLON (L.)Pers.,Poaceae,xo,Xanthine Oxidase (XDH),5,30,30,5,10,4,0.8,0.9,0.39833999999999997,0.365,0.6117,25,21,4,4,0.16666666666666666,5280445.0,Luteolin,0.545,0.5957,"HIGH=4, MED=0, LOW=2"
623,Cynodon DACTYLON (L.)Pers.,Poaceae,maoa,MAO-A (CHRFAM7A/MAOA),6,30,30,6,13,1,0.16666666666666666,0.15384615384615385,0.255,0.26585000000000003,0.4804,3,2,1,1,0.2,111247.0,Ferulic acid,0.4333,0.4333,"HIGH=3, MED=0, LOW=8"
623,Cynodon DACTYLON (L.)Pers.,Poaceae,maoa,MAO-A (CHRFAM7A/MAOA),5,30,30,6,13,3,0.5,0.6923076923076923,0.3740333333333334,0.39085000000000003,0.6517,24,21,3,3,0.2,8468.0,Vanillic acid,0.4408,0.4,"HIGH=3, MED=0, LOW=8"
624,Cymbopogon CITRATUS (DC.) Stapf.,Poaceae,cox1,COX-1 (PTGS1),6,211,211,15,64,7,0.4666666666666667,0.5,0.34778666666666663,0.3267,0.72,132,125,7,7,0.07109004739336493,7150.0,Methyl benzoate,0.6183,0.4167,"HIGH=17, MED=0, LOW=0"
624,Cymbopogon CITRATUS (DC.) Stapf.,Poaceae,cox1,COX-1 (PTGS1),5,211,211,15,61,12,0.8,0.9344262295081968,0.4775666666666666,0.4517,0.7837,207,195,12,12,0.07109004739336493,6989.0,Thymol,0.73,0.4074,"HIGH=17, MED=0, LOW=0"
624,Cymbopogon CITRATUS (DC.) Stapf.,Poaceae,cox2,COX-2 (PTGS2),6,211,211,19,62,0,0.0,0.016129032258064516,0.1019842105263158,0.1075,0.45,7,7,0,0,0.09004739336492891,5280343.0,Quercetin,0.1933,0.4167,"HIGH=21, MED=0, LOW=0"
624,Cymbopogon CITRATUS (DC.) Stapf.,Poaceae,cox2,COX-2 (PTGS2),5,211,211,19,62,16,0.8421052631578947,0.9516129032258065,0.29778947368421055,0.2633,0.7454,208,192,16,16,0.09004739336492891,1549778.0,(E)-geranylacetone,0.6054,0.425,"HIGH=21, MED=0, LOW=0"
624,Cymbopogon CITRATUS (DC.) Stapf.,Poaceae,xo,Xanthine Oxidase (XDH),6,211,211,9,31,1,0.1111111111111111,0.16129032258064516,0.2433222222222222,0.2033,0.5417,5,4,1,1,0.04265402843601896,19.0,"2,3-dihydroxybenzoic acid",0.5417,0.4054,"HIGH=10, MED=0, LOW=0"
624,Cymbopogon CITRATUS (DC.) Stapf.,Poaceae,xo,Xanthine Oxidase (XDH),5,211,211,9,31,6,0.6666666666666666,0.7741935483870968,0.40223333333333333,0.355,0.605,107,101,6,6,0.04265402843601896,5282154.0,Laricitrin,0.605,0.6458,"HIGH=10, MED=0, LOW=0"
624,Cymbopogon CITRATUS (DC.) Stapf.,Poaceae,maoa,MAO-A (CHRFAM7A/MAOA),6,211,211,17,43,2,0.11764705882352941,0.06976744186046512,0.20704117647058826,0.1848,0.4967,7,5,2,2,0.08056872037914692,5280343.0,Quercetin,0.4967,0.6744,"HIGH=19, MED=0, LOW=0"
624,Cymbopogon CITRATUS (DC.) Stapf.,Poaceae,maoa,MAO-A (CHRFAM7A/MAOA),5,211,211,17,43,8,0.47058823529411764,0.6976744186046512,0.38707058823529417,0.3783,0.7456,182,174,8,8,0.08056872037914692,7136.0,Acetyleugenol,0.6483,0.5918,"HIGH=19, MED=0, LOW=0"
625,Cymbidium ALOIFOLIUM (L.) Sw.,Orchidaceae,cox1,COX-1 (PTGS1),6,6,6,1,4,0,0.0,0.25,0.195,0.195,0.4033,1,1,0,0,0.16666666666666666,91472.0,Friedelin,0.195,0.4727,"HIGH=0, MED=0, LOW=1"
625,Cymbidium ALOIFOLIUM (L.) Sw.,Orchidaceae,cox1,COX-1 (PTGS1),5,6,6,1,4,1,1.0,1.0,0.515,0.515,0.6844,6,5,1,1,0.16666666666666666,91472.0,Friedelin,0.515,0.4727,"HIGH=0, MED=0, LOW=1"
625,Cymbidium ALOIFOLIUM (L.) Sw.,Orchidaceae,cox2,COX-2 (PTGS2),6,6,6,2,3,0,0.0,0.0,0.055,0.055,0.38,1,1,0,0,0.3333333333333333,12314045.0,Gigantol,0.06,0.5385,"HIGH=2, MED=0, LOW=4"
625,Cymbidium ALOIFOLIUM (L.) Sw.,Orchidaceae,cox2,COX-2 (PTGS2),5,6,6,2,3,2,1.0,1.0,0.2585,0.2585,0.745,6,4,2,2,0.3333333333333333,10466989.0,batatasin III,0.2767,0.5833,"HIGH=2, MED=0, LOW=4"
625,Cymbidium ALOIFOLIUM (L.) Sw.,Orchidaceae,xo,Xanthine Oxidase (XDH),6,6,6,1,2,0,0.0,0.0,0.0467,0.0467,0.28,0,0,0,0,0.16666666666666666,12314045.0,Pendulin,0.0467,0.5429,"HIGH=1, MED=0, LOW=1"
625,Cymbidium ALOIFOLIUM (L.) Sw.,Orchidaceae,xo,Xanthine Oxidase (XDH),5,6,6,1,2,0,0.0,0.5,0.1717,0.1717,0.4117,4,4,0,0,0.16666666666666666,12314045.0,Pendulin,0.1717,0.5429,"HIGH=1, MED=0, LOW=1"
625,Cymbidium ALOIFOLIUM (L.) Sw.,Orchidaceae,maoa,MAO-A (CHRFAM7A/MAOA),6,6,6,0,4,0,,0.0,,,0.32,0,0,0,0,0.0,,None (No strict-domain compound),,,"HIGH=0, MED=0, LOW=0"
625,Cymbidium ALOIFOLIUM (L.) Sw.,Orchidaceae,maoa,MAO-A (CHRFAM7A/MAOA),5,6,6,0,4,0,,1.0,,,0.5662,5,5,0,0,0.0,,None (No strict-domain compound),,,"HIGH=0, MED=0, LOW=0"
626,Cuscuta REFLEXA Roxb.,Cuscutaceae,cox1,COX-1 (PTGS1),6,28,28,11,17,0,0.0,0.11764705882352941,0.2097090909090909,0.1933,0.5717,6,6,0,0,0.39285714285714285,445639.0,Oleic acid,0.3267,0.4324,"HIGH=11, MED=0, LOW=5"
626,Cuscuta REFLEXA Roxb.,Cuscutaceae,cox1,COX-1 (PTGS1),5,28,28,11,17,7,0.6363636363636364,0.7058823529411765,0.40470909090909096,0.4083,0.7067,23,16,7,7,0.39285714285714285,5316673.0,Kaempferol 3-O-rhamnoside,0.5683,0.6129,"HIGH=11, MED=0, LOW=5"
626,Cuscuta REFLEXA Roxb.,Cuscutaceae,cox2,COX-2 (PTGS2),6,28,28,10,17,0,0.0,0.0,0.16401000000000002,0.19165,0.3967,3,3,0,0,0.35714285714285715,24204448.0,Isorhamnetin-3-O-neohesperidoside,0.2767,0.4634,"HIGH=7, MED=0, LOW=3"
626,Cuscuta REFLEXA Roxb.,Cuscutaceae,cox2,COX-2 (PTGS2),5,28,28,10,17,10,1.0,1.0,0.48326000000000013,0.4458,0.745,28,18,10,10,0.35714285714285715,5280804.0,Quercetin-3-glucoside,0.652,0.6,"HIGH=7, MED=0, LOW=3"
626,Cuscuta REFLEXA Roxb.,Cuscutaceae,xo,Xanthine Oxidase (XDH),6,28,28,10,18,0,0.0,0.0,0.15167,0.14084999999999998,0.4017,1,1,0,0,0.35714285714285715,5280445.0,Luteolin,0.275,0.5957,"HIGH=9, MED=0, LOW=2"
626,Cuscuta REFLEXA Roxb.,Cuscutaceae,xo,Xanthine Oxidase (XDH),5,28,28,10,18,8,0.8,0.6666666666666666,0.42249,0.41165,0.65,20,12,8,8,0.35714285714285715,5281672.0,Myricetin,0.65,0.5319,"HIGH=9, MED=0, LOW=2"
626,Cuscuta REFLEXA Roxb.,Cuscutaceae,maoa,MAO-A (CHRFAM7A/MAOA),6,28,28,11,15,4,0.36363636363636365,0.26666666666666666,0.3462727272727273,0.37,0.5333,5,1,4,4,0.39285714285714285,5280863.0,Kaempferol,0.5333,0.75,"HIGH=9, MED=0, LOW=3"
626,Cuscuta REFLEXA Roxb.,Cuscutaceae,maoa,MAO-A (CHRFAM7A/MAOA),5,28,28,11,15,7,0.6363636363636364,0.7333333333333333,0.40864545454545453,0.4233,0.6367,23,16,7,7,0.39285714285714285,5316673.0,Kaempferol 3-O-rhamnoside,0.5344,0.4746,"HIGH=9, MED=0, LOW=3"
628,Curcuma ZEDOARIA Rosc.,Zingiberaceae,cox1,COX-1 (PTGS1),6,171,171,14,39,5,0.35714285714285715,0.4358974358974359,0.3897642857142857,0.31835,0.805,111,106,5,5,0.08187134502923976,9231.0,Azulene,0.79,0.4091,"HIGH=12, MED=3, LOW=0"
628,Curcuma ZEDOARIA Rosc.,Zingiberaceae,cox1,COX-1 (PTGS1),5,171,171,14,37,11,0.7857142857142857,0.8648648648648649,0.5057785714285714,0.41335,0.8617,163,152,11,11,0.08187134502923976,10703.0,O-Cymene,0.8617,0.4783,"HIGH=12, MED=3, LOW=0"
628,Curcuma ZEDOARIA Rosc.,Zingiberaceae,cox2,COX-2 (PTGS2),6,171,171,13,35,0,0.0,0.02857142857142857,0.08446153846153846,0.0633,0.4033,9,9,0,0,0.07602339181286549,9906039.0,tetrahyrodemothxycurcumin,0.204,0.4894,"HIGH=10, MED=4, LOW=0"
628,Curcuma ZEDOARIA Rosc.,Zingiberaceae,cox2,COX-2 (PTGS2),5,171,171,13,35,10,0.7692307692307693,0.9142857142857143,0.23650769230769228,0.225,0.7717,168,158,10,10,0.07602339181286549,5281612.0,Diosmetin,0.515,0.434,"HIGH=10, MED=4, LOW=0"
628,Curcuma ZEDOARIA Rosc.,Zingiberaceae,xo,Xanthine Oxidase (XDH),6,171,171,7,21,0,0.0,0.0,0.2731,0.3017,0.405,1,1,0,0,0.04093567251461988,5281783.0,Ethyl p-methoxycinnamate,0.33,0.525,"HIGH=6, MED=2, LOW=0"
628,Curcuma ZEDOARIA Rosc.,Zingiberaceae,xo,Xanthine Oxidase (XDH),5,171,171,7,21,7,1.0,0.8095238095238095,0.47975714285714294,0.46,0.6167,92,85,7,7,0.04093567251461988,5281612.0,Diosmetin,0.6167,0.5686,"HIGH=6, MED=2, LOW=0"
628,Curcuma ZEDOARIA Rosc.,Zingiberaceae,maoa,MAO-A (CHRFAM7A/MAOA),6,171,171,14,28,0,0.0,0.0,0.16317857142857142,0.14334999999999998,0.4183,2,2,0,0,0.08187134502923976,10748.0,7-Methoxycoumarin,0.3433,0.525,"HIGH=13, MED=2, LOW=0"
628,Curcuma ZEDOARIA Rosc.,Zingiberaceae,maoa,MAO-A (CHRFAM7A/MAOA),5,171,171,14,28,9,0.6428571428571429,0.6785714285714286,0.42915714285714274,0.4138,0.6721,145,136,9,9,0.08187134502923976,10429233.0,dihydrocurcumin,0.605,0.5849,"HIGH=13, MED=2, LOW=0"
629,Curcuma LONGA L.,Zingiberaceae,cox1,COX-1 (PTGS1),6,209,209,17,64,4,0.23529411764705882,0.390625,0.3467764705882353,0.3367,0.7667,123,119,4,4,0.08133971291866028,10703.0,O-Cymene,0.6067,0.4783,"HIGH=22, MED=0, LOW=0"
629,Curcuma LONGA L.,Zingiberaceae,cox1,COX-1 (PTGS1),5,209,209,17,62,12,0.7058823529411765,0.8548387096774194,0.4278647058823529,0.4083,0.8617,200,188,12,12,0.08133971291866028,10703.0,O-Cymene,0.8617,0.4783,"HIGH=22, MED=0, LOW=0"
629,Curcuma LONGA L.,Zingiberaceae,cox2,COX-2 (PTGS2),6,209,209,19,57,0,0.0,0.0,0.10375789473684209,0.0933,0.4167,8,8,0,0,0.09090909090909091,10248.0,Elemicin,0.35,0.5714,"HIGH=24, MED=0, LOW=0"
629,Curcuma LONGA L.,Zingiberaceae,cox2,COX-2 (PTGS2),5,209,209,19,58,11,0.5789473684210527,0.8620689655172413,0.23355263157894737,0.2048,0.745,201,190,11,11,0.09090909090909091,14427394.0,"1,7-Bis(4-hydroxyphenyl)-3,5- heptanediol",0.6533,0.4194,"HIGH=24, MED=0, LOW=0"
629,Curcuma LONGA L.,Zingiberaceae,xo,Xanthine Oxidase (XDH),6,209,209,11,26,0,0.0,0.0,0.20727272727272725,0.21,0.3967,0,0,0,0,0.05263157894736842,637563.0,Anethole,0.2483,0.4571,"HIGH=15, MED=0, LOW=0"
629,Curcuma LONGA L.,Zingiberaceae,xo,Xanthine Oxidase (XDH),5,209,209,11,26,8,0.7272727272727273,0.7307692307692307,0.37454545454545446,0.3767,0.5217,121,113,8,8,0.05263157894736842,5315472.0,Bisdemethoxycurcumin,0.5217,0.5312,"HIGH=15, MED=0, LOW=0"
629,Curcuma LONGA L.,Zingiberaceae,maoa,MAO-A (CHRFAM7A/MAOA),6,209,209,22,46,0,0.0,0.0,0.1592409090909091,0.14584999999999998,0.4267,3,3,0,0,0.10526315789473684,80420.0,Heptyl salicylate,0.3167,0.4286,"HIGH=26, MED=0, LOW=0"
629,Curcuma LONGA L.,Zingiberaceae,maoa,MAO-A (CHRFAM7A/MAOA),5,209,209,22,46,16,0.7272727272727273,0.8260869565217391,0.4809409090909092,0.5183,0.7456,183,167,16,16,0.10526315789473684,5144.0,Safrole,0.6467,0.4,"HIGH=26, MED=0, LOW=0"
630,Curcuma CAESIA Roxb.,Zingiberaceae,cox1,COX-1 (PTGS1),6,46,46,2,9,2,1.0,0.8888888888888888,0.6375,0.6375,0.8317,35,33,2,2,0.043478260869565216,13101.0,beta-Selinene,0.8317,0.5,"HIGH=0, MED=0, LOW=2"
630,Curcuma CAESIA Roxb.,Zingiberaceae,cox1,COX-1 (PTGS1),5,46,46,2,9,2,1.0,1.0,0.64225,0.64225,0.8178,46,44,2,2,0.043478260869565216,13101.0,beta-Selinene,0.8178,0.5,"HIGH=0, MED=0, LOW=2"
630,Curcuma CAESIA Roxb.,Zingiberaceae,cox2,COX-2 (PTGS2),6,46,46,2,10,1,0.5,0.1,0.42169999999999996,0.42169999999999996,0.4967,4,3,1,1,0.043478260869565216,13101.0,beta-Selinene,0.4967,0.5,"HIGH=0, MED=0, LOW=2"
630,Curcuma CAESIA Roxb.,Zingiberaceae,cox2,COX-2 (PTGS2),5,46,46,2,10,2,1.0,1.0,0.5617000000000001,0.5617000000000001,0.6853,46,44,2,2,0.043478260869565216,17062.0,Elemol,0.6067,0.5094,"HIGH=0, MED=0, LOW=2"
630,Curcuma CAESIA Roxb.,Zingiberaceae,xo,Xanthine Oxidase (XDH),6,46,46,0,3,0,,0.3333333333333333,,,0.575,3,3,0,0,0.0,,None (No strict-domain compound),,,"HIGH=0, MED=0, LOW=0"
630,Curcuma CAESIA Roxb.,Zingiberaceae,xo,Xanthine Oxidase (XDH),5,46,46,0,3,0,,0.6666666666666666,,,0.6383,28,28,0,0,0.0,,None (No strict-domain compound),,,"HIGH=0, MED=0, LOW=0"
630,Curcuma CAESIA Roxb.,Zingiberaceae,maoa,MAO-A (CHRFAM7A/MAOA),6,46,46,3,10,0,0.0,0.0,0.159,0.1583,0.4267,3,3,0,0,0.06521739130434782,22499.0,"4-Dimethylamino-3,5-xylenol",0.1791,0.5,"HIGH=2, MED=0, LOW=1"
630,Curcuma CAESIA Roxb.,Zingiberaceae,maoa,MAO-A (CHRFAM7A/MAOA),5,46,46,3,10,3,1.0,0.9,0.5176999999999999,0.5322,0.6767,41,38,3,3,0.06521739130434782,7127.0,Methyleugenol,0.5767,0.5217,"HIGH=2, MED=0, LOW=1"
632,Curcuma ANGUSTIFOLIA Roxb.,Zingiberaceae,cox1,COX-1 (PTGS1),6,314,314,13,76,8,0.6153846153846154,0.4605263157894737,0.46347692307692306,0.48,0.7,180,172,8,8,0.041401273885350316,6943.0,o-Cumenol,0.6867,0.5909,"HIGH=13, MED=0, LOW=0"
632,Curcuma ANGUSTIFOLIA Roxb.,Zingiberaceae,cox1,COX-1 (PTGS1),5,314,314,13,73,9,0.6923076923076923,0.9315068493150684,0.5454,0.5683,0.8617,303,294,9,9,0.041401273885350316,10703.0,O-Cymene,0.8617,0.4783,"HIGH=13, MED=0, LOW=0"
632,Curcuma ANGUSTIFOLIA Roxb.,Zingiberaceae,cox2,COX-2 (PTGS2),6,314,314,11,71,0,0.0,0.014084507042253521,0.13136363636363638,0.12,0.42,24,24,0,0,0.03503184713375796,10248.0,Elemicin,0.35,0.5714,"HIGH=10, MED=1, LOW=0"
632,Curcuma ANGUSTIFOLIA Roxb.,Zingiberaceae,cox2,COX-2 (PTGS2),5,314,314,11,71,10,0.9090909090909091,0.9859154929577465,0.3559,0.3787,0.7567,313,303,10,10,0.03503184713375796,1711945.0,"(E,E)-farnesylacetone",0.6054,0.425,"HIGH=10, MED=1, LOW=0"
632,Curcuma ANGUSTIFOLIA Roxb.,Zingiberaceae,xo,Xanthine Oxidase (XDH),6,314,314,2,26,0,0.0,0.038461538461538464,0.24335,0.24335,0.4433,4,4,0,0,0.006369426751592357,445858.0,Ferulic acid,0.2567,0.4348,"HIGH=2, MED=0, LOW=0"
632,Curcuma ANGUSTIFOLIA Roxb.,Zingiberaceae,xo,Xanthine Oxidase (XDH),5,314,314,2,26,2,1.0,0.7692307692307693,0.36165,0.36165,0.5033,183,181,2,2,0.006369426751592357,445858.0,Ferulic acid,0.4083,0.4348,"HIGH=2, MED=0, LOW=0"
632,Curcuma ANGUSTIFOLIA Roxb.,Zingiberaceae,maoa,MAO-A (CHRFAM7A/MAOA),6,314,314,8,38,0,0.0,0.0,0.127025,0.1373,0.4267,5,5,0,0,0.025477707006369428,5353011.0,Geranyl benzoate,0.2233,0.4,"HIGH=7, MED=1, LOW=0"
632,Curcuma ANGUSTIFOLIA Roxb.,Zingiberaceae,maoa,MAO-A (CHRFAM7A/MAOA),5,314,314,8,38,4,0.5,0.868421052631579,0.38478749999999995,0.4075,0.6879,288,284,4,4,0.025477707006369428,3314.0,Eugenol,0.6,0.5532,"HIGH=7, MED=1, LOW=0"
635,Cuminum CYMINUM L.,Apiaceae,cox1,COX-1 (PTGS1),6,210,210,21,72,9,0.42857142857142855,0.5555555555555556,0.41040476190476194,0.3267,0.8617,136,127,9,9,0.1,338.0,Salicylic acid,0.8617,0.4242,"HIGH=20, MED=1, LOW=0"
635,Cuminum CYMINUM L.,Apiaceae,cox1,COX-1 (PTGS1),5,210,210,21,71,13,0.6190476190476191,0.8873239436619719,0.5057619047619049,0.4231,0.98,199,186,13,13,0.1,15007.0,"3,5-Di-t-butyl-4-hydroxy benzoic acid",0.98,0.4865,"HIGH=20, MED=1, LOW=0"
635,Cuminum CYMINUM L.,Apiaceae,cox2,COX-2 (PTGS2),6,210,210,17,73,0,0.0,0.0,0.1092235294117647,0.1033,0.54,10,10,0,0,0.08095238095238096,5370663.0,11-Phenyl-10-heneicosene,0.2701,0.4324,"HIGH=15, MED=2, LOW=0"
635,Cuminum CYMINUM L.,Apiaceae,cox2,COX-2 (PTGS2),5,210,210,17,74,15,0.8823529411764706,0.9594594594594594,0.3030470588235294,0.2633,0.7422,207,192,15,15,0.08095238095238096,5370663.0,11-Phenyl-10-heneicosene,0.6807,0.4324,"HIGH=15, MED=2, LOW=0"
635,Cuminum CYMINUM L.,Apiaceae,xo,Xanthine Oxidase (XDH),6,210,210,4,30,0,0.0,0.13333333333333333,0.2233,0.2258,0.5633,6,6,0,0,0.01904761904761905,349172.0,Ethyl 3-(4-hydroxyphenyl)-propenoate,0.2483,0.475,"HIGH=4, MED=0, LOW=0"
635,Cuminum CYMINUM L.,Apiaceae,xo,Xanthine Oxidase (XDH),5,210,210,4,30,3,0.75,0.9,0.41585,0.43335,0.5667,130,127,3,3,0.01904761904761905,5280343.0,Quercetin,0.565,0.5957,"HIGH=4, MED=0, LOW=0"
635,Cuminum CYMINUM L.,Apiaceae,maoa,MAO-A (CHRFAM7A/MAOA),6,210,210,20,42,2,0.1,0.07142857142857142,0.18823499999999999,0.1575,0.5307,4,2,2,2,0.09523809523809523,5280343.0,Quercetin,0.4967,0.6744,"HIGH=19, MED=1, LOW=0"
635,Cuminum CYMINUM L.,Apiaceae,maoa,MAO-A (CHRFAM7A/MAOA),5,210,210,20,42,11,0.55,0.6190476190476191,0.40458,0.40835,0.695,178,167,11,11,0.09523809523809523,530549.0,Pentyl 4-ethylbenzoate,0.6778,0.4773,"HIGH=19, MED=1, LOW=0"
637,Cucurbita MAXIMA Duch.,Cucurbitaceae,cox1,COX-1 (PTGS1),6,51,51,9,17,0,0.0,0.29411764705882354,0.26021111111111117,0.2767,0.6533,14,14,0,0,0.17647058823529413,5281792.0,Rosmarinic acid,0.3517,0.4545,"HIGH=3, MED=1, LOW=10"
637,Cucurbita MAXIMA Duch.,Cucurbitaceae,cox1,COX-1 (PTGS1),5,51,51,9,17,3,0.3333333333333333,0.5882352941176471,0.3441444444444444,0.2939,0.7139,43,40,3,3,0.17647058823529413,5280805.0,Rutin,0.5417,0.5342,"HIGH=3, MED=1, LOW=10"
637,Cucurbita MAXIMA Duch.,Cucurbitaceae,cox2,COX-2 (PTGS2),6,51,51,5,16,0,0.0,0.0625,0.13672,0.1267,0.63,22,22,0,0,0.09803921568627451,5280805.0,Rutin,0.25,0.5342,"HIGH=1, MED=0, LOW=4"
637,Cucurbita MAXIMA Duch.,Cucurbitaceae,cox2,COX-2 (PTGS2),5,51,51,5,16,4,0.8,0.9375,0.44475999999999993,0.5017,0.799,50,46,4,4,0.09803921568627451,5280805.0,Rutin,0.6667,0.5342,"HIGH=1, MED=0, LOW=4"
637,Cucurbita MAXIMA Duch.,Cucurbitaceae,xo,Xanthine Oxidase (XDH),6,51,51,6,10,0,0.0,0.1,0.18693333333333337,0.19415,0.585,6,6,0,0,0.11764705882352941,5280445.0,Luteolin,0.275,0.5957,"HIGH=1, MED=0, LOW=6"
637,Cucurbita MAXIMA Duch.,Cucurbitaceae,xo,Xanthine Oxidase (XDH),5,51,51,6,10,4,0.6666666666666666,0.7,0.46,0.54835,0.675,41,37,4,4,0.11764705882352941,5280376.0,Stearic acid,0.675,0.8409,"HIGH=1, MED=0, LOW=6"
637,Cucurbita MAXIMA Duch.,Cucurbitaceae,maoa,MAO-A (CHRFAM7A/MAOA),6,51,51,5,11,2,0.4,0.2727272727272727,0.40266,0.37,0.525,6,4,2,2,0.09803921568627451,222284.0,beta-Sitosterol,0.525,0.4792,"HIGH=1, MED=0, LOW=5"
637,Cucurbita MAXIMA Duch.,Cucurbitaceae,maoa,MAO-A (CHRFAM7A/MAOA),5,51,51,5,11,4,0.8,0.7272727272727273,0.50278,0.555,0.6717,46,42,4,4,0.09803921568627451,222284.0,beta-Sitosterol,0.66,0.4792,"HIGH=1, MED=0, LOW=5"
644,Croton CAUDATUS Geisel.,Euphorbiaceae,cox1,COX-1 (PTGS1),6,7,7,2,5,0,0.0,0.0,0.195,0.195,0.4667,1,1,0,0,0.2857142857142857,73145.0,beta-Amyrin,0.22,0.4098,"HIGH=1, MED=0, LOW=2"
644,Croton CAUDATUS Geisel.,Euphorbiaceae,cox1,COX-1 (PTGS1),5,7,7,2,5,2,1.0,1.0,0.4913,0.4913,0.5894,7,5,2,2,0.2857142857142857,73145.0,beta-Amyrin,0.5894,0.4098,"HIGH=1, MED=0, LOW=2"
644,Croton CAUDATUS Geisel.,Euphorbiaceae,cox2,COX-2 (PTGS2),6,7,7,1,5,0,0.0,0.2,0.16,0.16,0.3933,3,3,0,0,0.14285714285714285,73145.0,beta-Amyrin,0.16,0.5645,"HIGH=0, MED=0, LOW=2"
644,Croton CAUDATUS Geisel.,Euphorbiaceae,cox2,COX-2 (PTGS2),5,7,7,1,5,1,1.0,1.0,0.7933,0.7933,0.7933,7,6,1,1,0.14285714285714285,73145.0,beta-Amyrin,0.7933,0.5645,"HIGH=0, MED=0, LOW=2"
644,Croton CAUDATUS Geisel.,Euphorbiaceae,xo,Xanthine Oxidase (XDH),6,7,7,0,2,0,,0.5,,,0.6983,1,1,0,0,0.0,,None (No strict-domain compound),,,"HIGH=0, MED=0, LOW=0"
644,Croton CAUDATUS Geisel.,Euphorbiaceae,xo,Xanthine Oxidase (XDH),5,7,7,0,2,0,,0.5,,,0.6117,3,3,0,0,0.0,,None (No strict-domain compound),,,"HIGH=0, MED=0, LOW=0"
644,Croton CAUDATUS Geisel.,Euphorbiaceae,maoa,MAO-A (CHRFAM7A/MAOA),6,7,7,0,1,0,,0.0,,,0.3667,0,0,0,0,0.0,,None (No strict-domain compound),,,"HIGH=0, MED=0, LOW=0"
644,Croton CAUDATUS Geisel.,Euphorbiaceae,maoa,MAO-A (CHRFAM7A/MAOA),5,7,7,0,1,0,,1.0,,,0.5675,6,6,0,0,0.0,,None (No strict-domain compound),,,"HIGH=0, MED=0, LOW=0"
650,Crotalaria PALLIDA Ait.,Fabeceae,cox1,COX-1 (PTGS1),6,13,13,1,4,0,0.0,0.0,0.1983,0.1983,0.4667,3,3,0,0,0.07692307692307693,42607919.0,Naringenin 4'-O-alpha-L-rhamnopyranoside,0.1983,0.4776,"HIGH=1, MED=0, LOW=0"
650,Crotalaria PALLIDA Ait.,Fabeceae,cox1,COX-1 (PTGS1),5,13,13,1,4,1,1.0,0.75,0.5817,0.5817,0.7043,12,11,1,1,0.07692307692307693,42607919.0,Naringenin 4'-O-alpha-L-rhamnopyranoside,0.5817,0.4776,"HIGH=1, MED=0, LOW=0"
650,Crotalaria PALLIDA Ait.,Fabeceae,cox2,COX-2 (PTGS2),6,13,13,3,7,0,0.0,0.0,0.10776666666666668,0.07,0.4844,5,5,0,0,0.23076923076923078,5280441.0,Vitexin,0.19,0.4237,"HIGH=3, MED=0, LOW=0"
650,Crotalaria PALLIDA Ait.,Fabeceae,cox2,COX-2 (PTGS2),5,13,13,3,7,3,1.0,1.0,0.4253,0.44,0.6633,13,10,3,3,0.23076923076923078,42607919.0,Naringenin 4'-O-alpha-L-rhamnopyranoside,0.4492,0.4776,"HIGH=3, MED=0, LOW=0"
650,Crotalaria PALLIDA Ait.,Fabeceae,xo,Xanthine Oxidase (XDH),6,13,13,6,8,0,0.0,0.125,0.25835,0.245,0.6983,1,1,0,0,0.46153846153846156,5280443.0,apigenin,0.3817,0.6591,"HIGH=6, MED=0, LOW=0"
650,Crotalaria PALLIDA Ait.,Fabeceae,xo,Xanthine Oxidase (XDH),5,13,13,6,8,5,0.8333333333333334,0.75,0.43193333333333334,0.45915,0.6117,11,6,5,5,0.46153846153846156,5280445.0,Luteolin,0.545,0.5957,"HIGH=6, MED=0, LOW=0"
650,Crotalaria PALLIDA Ait.,Fabeceae,maoa,MAO-A (CHRFAM7A/MAOA),6,13,13,2,7,0,0.0,0.14285714285714285,0.25165000000000004,0.25165000000000004,0.4483,2,2,0,0,0.15384615384615385,5280445.0,Luteolin,0.265,0.4762,"HIGH=2, MED=0, LOW=0"
650,Crotalaria PALLIDA Ait.,Fabeceae,maoa,MAO-A (CHRFAM7A/MAOA),5,13,13,2,7,0,0.0,0.7142857142857143,0.3042,0.3042,0.5417,11,11,0,0,0.15384615384615385,5280443.0,apigenin,0.3067,0.5208,"HIGH=2, MED=0, LOW=0"
657,Crinum ASIATICUM L.,Amaryllidaceae,cox1,COX-1 (PTGS1),6,10,10,0,0,0,,,,,0.445,6,6,0,0,0.0,,None (No strict-domain compound),,,"HIGH=0, MED=0, LOW=0"
657,Crinum ASIATICUM L.,Amaryllidaceae,cox1,COX-1 (PTGS1),5,10,10,0,0,0,,,,,0.6078,10,10,0,0,0.0,,None (No strict-domain compound),,,"HIGH=0, MED=0, LOW=0"
657,Crinum ASIATICUM L.,Amaryllidaceae,cox2,COX-2 (PTGS2),6,10,10,1,2,0,0.0,0.0,0.22,0.22,0.39,2,2,0,0,0.1,71597391.0,triterpenoids,0.22,0.5072,"HIGH=1, MED=0, LOW=0"
657,Crinum ASIATICUM L.,Amaryllidaceae,cox2,COX-2 (PTGS2),5,10,10,1,2,1,1.0,1.0,0.7817,0.7817,0.79,10,9,1,1,0.1,71597391.0,triterpenoids,0.7817,0.5072,"HIGH=1, MED=0, LOW=0"
657,Crinum ASIATICUM L.,Amaryllidaceae,xo,Xanthine Oxidase (XDH),6,10,10,0,1,0,,0.0,,,0.3067,0,0,0,0,0.0,,None (No strict-domain compound),,,"HIGH=0, MED=0, LOW=0"
657,Crinum ASIATICUM L.,Amaryllidaceae,xo,Xanthine Oxidase (XDH),5,10,10,0,1,0,,1.0,,,0.495,8,8,0,0,0.0,,None (No strict-domain compound),,,"HIGH=0, MED=0, LOW=0"
657,Crinum ASIATICUM L.,Amaryllidaceae,maoa,MAO-A (CHRFAM7A/MAOA),6,10,10,0,2,0,,0.0,,,0.4283,1,1,0,0,0.0,,None (No strict-domain compound),,,"HIGH=0, MED=0, LOW=0"
657,Crinum ASIATICUM L.,Amaryllidaceae,maoa,MAO-A (CHRFAM7A/MAOA),5,10,10,0,2,0,,1.0,,,0.5798,10,10,0,0,0.0,,None (No strict-domain compound),,,"HIGH=0, MED=0, LOW=0"
659,Crassocephalum CREPIDIOIDES (Benth.) Moore,Asteraceae,cox1,COX-1 (PTGS1),6,35,35,0,3,0,,1.0,,,0.7433,22,22,0,0,0.0,,None (No strict-domain compound),,,"HIGH=0, MED=0, LOW=0"
659,Crassocephalum CREPIDIOIDES (Benth.) Moore,Asteraceae,cox1,COX-1 (PTGS1),5,35,35,0,3,0,,1.0,,,0.8337,35,35,0,0,0.0,,None (No strict-domain compound),,,"HIGH=0, MED=0, LOW=0"
659,Crassocephalum CREPIDIOIDES (Benth.) Moore,Asteraceae,cox2,COX-2 (PTGS2),6,35,35,1,6,1,1.0,0.5,0.5525,0.5525,0.5525,11,10,1,1,0.02857142857142857,5284560.0,Humulene,0.5525,0.4314,"HIGH=0, MED=0, LOW=1"
659,Crassocephalum CREPIDIOIDES (Benth.) Moore,Asteraceae,cox2,COX-2 (PTGS2),5,35,35,1,6,1,1.0,1.0,0.8341,0.8341,0.8341,35,34,1,1,0.02857142857142857,5284560.0,Humulene,0.8341,0.4314,"HIGH=0, MED=0, LOW=1"
659,Crassocephalum CREPIDIOIDES (Benth.) Moore,Asteraceae,xo,Xanthine Oxidase (XDH),6,35,35,1,3,1,1.0,0.3333333333333333,0.7017,0.7017,0.7017,3,2,1,1,0.02857142857142857,5284560.0,Humulene,0.7017,0.5,"HIGH=0, MED=0, LOW=1"
659,Crassocephalum CREPIDIOIDES (Benth.) Moore,Asteraceae,xo,Xanthine Oxidase (XDH),5,35,35,1,3,1,1.0,0.6666666666666666,0.745,0.745,0.745,22,21,1,1,0.02857142857142857,5284560.0,Humulene,0.745,0.5,"HIGH=0, MED=0, LOW=1"
659,Crassocephalum CREPIDIOIDES (Benth.) Moore,Asteraceae,maoa,MAO-A (CHRFAM7A/MAOA),6,35,35,1,8,0,0.0,0.0,0.3015,0.3015,0.4593,2,2,0,0,0.02857142857142857,388828.0,delta-Elemene,0.3015,0.4259,"HIGH=0, MED=0, LOW=1"
659,Crassocephalum CREPIDIOIDES (Benth.) Moore,Asteraceae,maoa,MAO-A (CHRFAM7A/MAOA),5,35,35,1,8,1,1.0,1.0,0.77,0.77,0.77,34,33,1,1,0.02857142857142857,388828.0,delta-Elemene,0.77,0.4259,"HIGH=0, MED=0, LOW=1"
661,Coriandrum SATIVUM L.,Apiaceae,cox1,COX-1 (PTGS1),6,347,347,23,115,5,0.21739130434782608,0.5304347826086957,0.31710434782608693,0.2933,0.7433,202,197,5,5,0.06628242074927954,1549045.0,Trans-methyl isoeugenol,0.585,0.6333,"HIGH=25, MED=0, LOW=0"
661,Coriandrum SATIVUM L.,Apiaceae,cox1,COX-1 (PTGS1),5,347,347,23,114,15,0.6521739130434783,0.9210526315789473,0.4590173913043478,0.4283,0.8183,333,318,15,15,0.06628242074927954,6989.0,Thymol,0.73,0.4074,"HIGH=25, MED=0, LOW=0"
661,Coriandrum SATIVUM L.,Apiaceae,cox2,COX-2 (PTGS2),6,347,347,20,127,0,0.0,0.007874015748031496,0.15318000000000004,0.14665,0.4667,12,12,0,0,0.05763688760806916,10248.0,Elemicin,0.35,0.5714,"HIGH=22, MED=0, LOW=0"
661,Coriandrum SATIVUM L.,Apiaceae,cox2,COX-2 (PTGS2),5,347,347,20,128,18,0.9,0.9765625,0.40884,0.41835,0.7933,344,326,18,18,0.05763688760806916,73145.0,beta-Amyrin,0.7933,0.5645,"HIGH=22, MED=0, LOW=0"
661,Coriandrum SATIVUM L.,Apiaceae,xo,Xanthine Oxidase (XDH),6,347,347,16,41,1,0.0625,0.024390243902439025,0.20988749999999998,0.19665,0.5233,1,0,1,1,0.04610951008645533,135.0,4-Hydroxybenzoic acid,0.5233,0.5926,"HIGH=18, MED=0, LOW=0"
661,Coriandrum SATIVUM L.,Apiaceae,xo,Xanthine Oxidase (XDH),5,347,347,16,41,13,0.8125,0.7804878048780488,0.37593125000000005,0.35,0.5717,193,180,13,13,0.04610951008645533,5281792.0,Rosmarinic acid,0.5717,0.5862,"HIGH=18, MED=0, LOW=0"
661,Coriandrum SATIVUM L.,Apiaceae,maoa,MAO-A (CHRFAM7A/MAOA),6,347,347,19,50,5,0.2631578947368421,0.1,0.2555210526315789,0.1767,0.5283,9,4,5,5,0.05475504322766571,5281654.0,Isorhamnetin,0.5283,0.7333,"HIGH=21, MED=0, LOW=0"
661,Coriandrum SATIVUM L.,Apiaceae,maoa,MAO-A (CHRFAM7A/MAOA),5,347,347,19,50,10,0.5263157894736842,0.78,0.40232631578947364,0.385,0.7456,319,309,10,10,0.05475504322766571,3314.0,Eugenol,0.6,0.5532,"HIGH=21, MED=0, LOW=0"
670,Commelina BENGHALENSIS L.,Commelinaceae,cox1,COX-1 (PTGS1),6,7,7,0,3,0,,0.0,,,0.4667,2,2,0,0,0.0,,None (No strict-domain compound),,,"HIGH=0, MED=0, LOW=0"
670,Commelina BENGHALENSIS L.,Commelinaceae,cox1,COX-1 (PTGS1),5,7,7,0,3,0,,1.0,,,0.57,7,7,0,0,0.0,,None (No strict-domain compound),,,"HIGH=0, MED=0, LOW=0"
670,Commelina BENGHALENSIS L.,Commelinaceae,cox2,COX-2 (PTGS2),6,7,7,0,4,0,,0.0,,,0.4067,2,2,0,0,0.0,,None (No strict-domain compound),,,"HIGH=0, MED=0, LOW=0"
670,Commelina BENGHALENSIS L.,Commelinaceae,cox2,COX-2 (PTGS2),5,7,7,0,4,0,,1.0,,,0.7567,7,7,0,0,0.0,,None (No strict-domain compound),,,"HIGH=0, MED=0, LOW=0"
670,Commelina BENGHALENSIS L.,Commelinaceae,xo,Xanthine Oxidase (XDH),6,7,7,0,1,0,,1.0,,,0.6983,1,1,0,0,0.0,,None (No strict-domain compound),,,"HIGH=0, MED=0, LOW=0"
670,Commelina BENGHALENSIS L.,Commelinaceae,xo,Xanthine Oxidase (XDH),5,7,7,0,1,0,,1.0,,,0.6117,2,2,0,0,0.0,,None (No strict-domain compound),,,"HIGH=0, MED=0, LOW=0"
670,Commelina BENGHALENSIS L.,Commelinaceae,maoa,MAO-A (CHRFAM7A/MAOA),6,7,7,0,1,0,,0.0,,,0.3517,0,0,0,0,0.0,,None (No strict-domain compound),,,"HIGH=0, MED=0, LOW=0"
670,Commelina BENGHALENSIS L.,Commelinaceae,maoa,MAO-A (CHRFAM7A/MAOA),5,7,7,0,1,0,,1.0,,,0.5757,7,7,0,0,0.0,,None (No strict-domain compound),,,"HIGH=0, MED=0, LOW=0"
671,Colocasia ESCULENTA (L.) Schott.,Araceae,cox1,COX-1 (PTGS1),6,67,67,11,28,8,0.7272727272727273,0.5714285714285714,0.5215272727272726,0.4783,0.86,42,34,8,8,0.16417910447761194,3102.0,Benzophenone,0.86,0.5,"HIGH=11, MED=0, LOW=0"
671,Colocasia ESCULENTA (L.) Schott.,Araceae,cox1,COX-1 (PTGS1),5,67,67,11,28,8,0.7272727272727273,0.8571428571428571,0.5765454545454545,0.6608,0.9258,63,55,8,8,0.16417910447761194,3102.0,Benzophenone,0.9258,0.5,"HIGH=11, MED=0, LOW=0"
671,Colocasia ESCULENTA (L.) Schott.,Araceae,cox2,COX-2 (PTGS2),6,67,67,8,33,0,0.0,0.06060606060606061,0.1379375,0.10335,0.5833,8,8,0,0,0.11940298507462686,6054.0,2-Phenylethanol,0.3167,0.4286,"HIGH=8, MED=0, LOW=0"
671,Colocasia ESCULENTA (L.) Schott.,Araceae,cox2,COX-2 (PTGS2),5,67,67,8,33,8,1.0,1.0,0.41371250000000004,0.4292,0.745,67,59,8,8,0.11940298507462686,1549778.0,(E)-geranylacetone,0.6054,0.425,"HIGH=8, MED=0, LOW=0"
671,Colocasia ESCULENTA (L.) Schott.,Araceae,xo,Xanthine Oxidase (XDH),6,67,67,3,15,0,0.0,0.0,0.2678,0.275,0.3817,0,0,0,0,0.04477611940298507,5280443.0,apigenin,0.3817,0.6591,"HIGH=3, MED=0, LOW=0"
671,Colocasia ESCULENTA (L.) Schott.,Araceae,xo,Xanthine Oxidase (XDH),5,67,67,3,15,3,1.0,0.8666666666666667,0.4644333333333333,0.5283,0.545,37,34,3,3,0.04477611940298507,5280445.0,Luteolin,0.545,0.5957,"HIGH=3, MED=0, LOW=0"
671,Colocasia ESCULENTA (L.) Schott.,Araceae,maoa,MAO-A (CHRFAM7A/MAOA),6,67,67,9,21,0,0.0,0.0,0.19108888888888892,0.2383,0.3465,0,0,0,0,0.13432835820895522,7362.0,Furfural,0.2733,0.4,"HIGH=9, MED=0, LOW=0"
671,Colocasia ESCULENTA (L.) Schott.,Araceae,maoa,MAO-A (CHRFAM7A/MAOA),5,67,67,9,21,3,0.3333333333333333,0.5238095238095238,0.38504444444444447,0.3192,0.6267,53,50,3,3,0.13432835820895522,332.0,2-Methoxy-4-vinylphenol,0.6083,0.4762,"HIGH=9, MED=0, LOW=0"
675,Cocos NUCIFERA L.,Arecaceae,cox1,COX-1 (PTGS1),6,34,34,3,13,0,0.0,0.5384615384615384,0.2950333333333333,0.2817,0.7133,17,17,0,0,0.08823529411764706,445858.0,Ferulic acid,0.3267,0.4865,"HIGH=2, MED=0, LOW=2"
675,Cocos NUCIFERA L.,Arecaceae,cox1,COX-1 (PTGS1),5,34,34,3,13,1,0.3333333333333333,0.8461538461538461,0.31203333333333333,0.2789,0.705,31,30,1,1,0.08823529411764706,445858.0,Ferulic acid,0.38,0.4865,"HIGH=2, MED=0, LOW=2"
675,Cocos NUCIFERA L.,Arecaceae,cox2,COX-2 (PTGS2),6,34,34,2,13,1,0.5,0.07692307692307693,0.26,0.26,0.5167,6,5,1,1,0.058823529411764705,446571.0,Acetovanillone,0.5167,0.4592,"HIGH=1, MED=0, LOW=1"
675,Cocos NUCIFERA L.,Arecaceae,cox2,COX-2 (PTGS2),5,34,34,2,13,1,0.5,0.9230769230769231,0.46425,0.46425,0.7867,33,32,1,1,0.058823529411764705,446571.0,Acetovanillone,0.7867,0.4592,"HIGH=1, MED=0, LOW=1"
675,Cocos NUCIFERA L.,Arecaceae,xo,Xanthine Oxidase (XDH),6,34,34,1,7,0,0.0,0.0,0.2567,0.2567,0.47,1,1,0,0,0.029411764705882353,445858.0,Ferulic acid,0.2567,0.4348,"HIGH=1, MED=0, LOW=0"
675,Cocos NUCIFERA L.,Arecaceae,xo,Xanthine Oxidase (XDH),5,34,34,1,7,1,1.0,0.8571428571428571,0.4083,0.4083,0.59,25,24,1,1,0.029411764705882353,445858.0,Ferulic acid,0.4083,0.4348,"HIGH=1, MED=0, LOW=0"
675,Cocos NUCIFERA L.,Arecaceae,maoa,MAO-A (CHRFAM7A/MAOA),6,34,34,3,7,0,0.0,0.0,0.0855,0.065,0.4933,1,1,0,0,0.08823529411764706,2879.0,p?Cresol,0.1265,0.4643,"HIGH=2, MED=0, LOW=1"
675,Cocos NUCIFERA L.,Arecaceae,maoa,MAO-A (CHRFAM7A/MAOA),5,34,34,3,7,3,1.0,0.8571428571428571,0.4444000000000001,0.4232,0.68,29,26,3,3,0.08823529411764706,445858.0,Ferulic acid,0.4983,0.5814,"HIGH=2, MED=0, LOW=1"
682,Clerodendrum INDICUM (L.) Kuntze.,Verbenaceae,cox1,COX-1 (PTGS1),6,13,13,6,7,0,0.0,0.0,0.19888333333333333,0.18414999999999998,0.5717,3,3,0,0,0.46153846153846156,5320438.0,Pectolinarigenin,0.255,0.4694,"HIGH=5, MED=0, LOW=1"
682,Clerodendrum INDICUM (L.) Kuntze.,Verbenaceae,cox1,COX-1 (PTGS1),5,13,13,6,7,3,0.5,0.5714285714285714,0.3629166666666667,0.33915,0.62,10,7,3,3,0.46153846153846156,185617.0,Scutellarin,0.4958,0.4783,"HIGH=5, MED=0, LOW=1"
682,Clerodendrum INDICUM (L.) Kuntze.,Verbenaceae,cox2,COX-2 (PTGS2),6,13,13,7,9,0,0.0,0.0,0.16714285714285712,0.17,0.3467,0,0,0,0,0.5384615384615384,71597391.0,triterpenoids,0.22,0.5072,"HIGH=6, MED=0, LOW=1"
682,Clerodendrum INDICUM (L.) Kuntze.,Verbenaceae,cox2,COX-2 (PTGS2),5,13,13,7,9,7,1.0,1.0,0.47000000000000003,0.4758,0.7817,13,6,7,7,0.5384615384615384,71597391.0,triterpenoids,0.7817,0.5072,"HIGH=6, MED=0, LOW=1"
682,Clerodendrum INDICUM (L.) Kuntze.,Verbenaceae,xo,Xanthine Oxidase (XDH),6,13,13,7,8,1,0.14285714285714285,0.25,0.22762857142857146,0.2133,0.6983,2,1,1,1,0.5384615384615384,5281255.0,Hispidulin,0.4483,0.5192,"HIGH=6, MED=0, LOW=1"
682,Clerodendrum INDICUM (L.) Kuntze.,Verbenaceae,xo,Xanthine Oxidase (XDH),5,13,13,7,8,4,0.5714285714285714,0.625,0.35855714285714285,0.3033,0.6767,6,2,4,4,0.5384615384615384,5281255.0,Hispidulin,0.6767,0.5192,"HIGH=6, MED=0, LOW=1"
682,Clerodendrum INDICUM (L.) Kuntze.,Verbenaceae,maoa,MAO-A (CHRFAM7A/MAOA),6,13,13,4,9,0,0.0,0.0,0.17460000000000003,0.1517,0.4283,1,1,0,0,0.3076923076923077,5281255.0,Hispidulin,0.2633,0.5333,"HIGH=3, MED=0, LOW=1"
682,Clerodendrum INDICUM (L.) Kuntze.,Verbenaceae,maoa,MAO-A (CHRFAM7A/MAOA),5,13,13,4,9,1,0.25,0.6666666666666666,0.366675,0.34750000000000003,0.5672,10,9,1,1,0.3076923076923077,5281255.0,Hispidulin,0.4867,0.5333,"HIGH=3, MED=0, LOW=1"
683,Cleome VISCOSA L.,Capparidaceae,cox1,COX-1 (PTGS1),6,25,25,5,10,0,0.0,0.2,0.22968000000000002,0.2217,0.685,8,8,0,0,0.2,5280450.0,Linoleic acid,0.2767,0.5135,"HIGH=6, MED=0, LOW=0"
683,Cleome VISCOSA L.,Capparidaceae,cox1,COX-1 (PTGS1),5,25,25,5,10,3,0.6,0.8,0.42648,0.3483,0.6708,23,20,3,3,0.2,44259089.0,Kaempferide 3-glucuronide,0.6458,0.7541,"HIGH=6, MED=0, LOW=0"
683,Cleome VISCOSA L.,Capparidaceae,cox2,COX-2 (PTGS2),6,25,25,4,13,0,0.0,0.0,0.157475,0.17665,0.43,5,5,0,0,0.16,44259089.0,Kaempferide 3-glucuronide,0.2533,0.7541,"HIGH=4, MED=0, LOW=0"
683,Cleome VISCOSA L.,Capparidaceae,cox2,COX-2 (PTGS2),5,25,25,4,13,4,1.0,1.0,0.5630499999999999,0.56455,0.8033,25,21,4,4,0.16,73145.0,beta-Amyrin,0.7933,0.5645,"HIGH=4, MED=0, LOW=0"
683,Cleome VISCOSA L.,Capparidaceae,xo,Xanthine Oxidase (XDH),6,25,25,3,13,1,0.3333333333333333,0.15384615384615385,0.27,0.215,0.6983,4,3,1,1,0.12,439246.0,Naringenin,0.4017,0.7556,"HIGH=3, MED=0, LOW=0"
683,Cleome VISCOSA L.,Capparidaceae,xo,Xanthine Oxidase (XDH),5,25,25,3,13,3,1.0,0.46153846153846156,0.4666666666666666,0.49,0.6117,12,9,3,3,0.12,5280343.0,Quercetin,0.565,0.5957,"HIGH=3, MED=0, LOW=0"
683,Cleome VISCOSA L.,Capparidaceae,maoa,MAO-A (CHRFAM7A/MAOA),6,25,25,4,9,2,0.5,0.2222222222222222,0.38225,0.4042,0.6183,2,0,2,2,0.16,44259089.0,Kaempferide 3-glucuronide,0.6183,0.5667,"HIGH=4, MED=0, LOW=0"
683,Cleome VISCOSA L.,Capparidaceae,maoa,MAO-A (CHRFAM7A/MAOA),5,25,25,4,9,3,0.75,0.8888888888888888,0.4546,0.41000000000000003,0.6517,24,21,3,3,0.16,44259089.0,Kaempferide 3-glucuronide,0.6517,0.5667,"HIGH=4, MED=0, LOW=0"
685,Clausena HEPTAPHYLLA (Roxb.) Wight.& Arn.,Rutaceae,cox1,COX-1 (PTGS1),6,21,21,2,6,1,0.5,0.8333333333333334,0.35250000000000004,0.35250000000000004,0.72,13,12,1,1,0.09523809523809523,31244.0,4-Methoxybenzaldehyde,0.435,0.4828,"HIGH=3, MED=0, LOW=0"
685,Clausena HEPTAPHYLLA (Roxb.) Wight.& Arn.,Rutaceae,cox1,COX-1 (PTGS1),5,21,21,2,6,2,1.0,1.0,0.5425,0.5425,0.84,19,17,2,2,0.09523809523809523,31244.0,4-Methoxybenzaldehyde,0.6617,0.4828,"HIGH=3, MED=0, LOW=0"
685,Clausena HEPTAPHYLLA (Roxb.) Wight.& Arn.,Rutaceae,cox2,COX-2 (PTGS2),6,21,21,4,7,0,0.0,0.0,0.122525,0.12835000000000002,0.4511,3,3,0,0,0.19047619047619047,243.0,Benzoic acid,0.1767,0.44,"HIGH=4, MED=0, LOW=2"
685,Clausena HEPTAPHYLLA (Roxb.) Wight.& Arn.,Rutaceae,cox2,COX-2 (PTGS2),5,21,21,4,7,4,1.0,1.0,0.278825,0.28664999999999996,0.7517,21,17,4,4,0.19047619047619047,243.0,Benzoic acid,0.3153,0.44,"HIGH=4, MED=0, LOW=2"
685,Clausena HEPTAPHYLLA (Roxb.) Wight.& Arn.,Rutaceae,xo,Xanthine Oxidase (XDH),6,21,21,2,4,0,0.0,0.25,0.275,0.275,0.49,2,2,0,0,0.09523809523809523,31244.0,4-Methoxybenzaldehyde,0.3017,0.4286,"HIGH=3, MED=0, LOW=0"
685,Clausena HEPTAPHYLLA (Roxb.) Wight.& Arn.,Rutaceae,xo,Xanthine Oxidase (XDH),5,21,21,2,4,2,1.0,1.0,0.39915,0.39915,0.6083,16,14,2,2,0.09523809523809523,31244.0,4-Methoxybenzaldehyde,0.4433,0.4286,"HIGH=3, MED=0, LOW=0"
685,Clausena HEPTAPHYLLA (Roxb.) Wight.& Arn.,Rutaceae,maoa,MAO-A (CHRFAM7A/MAOA),6,21,21,4,9,0,0.0,0.0,0.22357500000000002,0.2555,0.5567,4,4,0,0,0.19047619047619047,6773.0,Techtoquinone,0.3183,0.4848,"HIGH=4, MED=0, LOW=1"
685,Clausena HEPTAPHYLLA (Roxb.) Wight.& Arn.,Rutaceae,maoa,MAO-A (CHRFAM7A/MAOA),5,21,21,4,9,2,0.5,0.6666666666666666,0.42375,0.395,0.6767,17,15,2,2,0.19047619047619047,6773.0,Techtoquinone,0.5483,0.4848,"HIGH=4, MED=0, LOW=1"
687,Citrus maxima (Burm.) Merr.,Rutaceae,cox1,COX-1 (PTGS1),6,387,387,37,167,10,0.2702702702702703,0.3652694610778443,0.3211756756756757,0.2583,0.9217,182,172,10,10,0.09560723514211886,11487.0,Diphenylamine,0.9217,0.9231,"HIGH=44, MED=0, LOW=1"
687,Citrus maxima (Burm.) Merr.,Rutaceae,cox1,COX-1 (PTGS1),5,387,387,37,166,28,0.7567567567567568,0.8674698795180723,0.4829351351351351,0.5075,0.9267,358,330,28,28,0.09560723514211886,62603.0,"Benzenepropanoic acid, 3,5-bis (1,1-dimethylethyl)-4-hydroxy-, methyl ester",0.9267,0.4792,"HIGH=44, MED=0, LOW=1"
687,Citrus maxima (Burm.) Merr.,Rutaceae,cox2,COX-2 (PTGS2),6,387,387,57,191,5,0.08771929824561403,0.05235602094240838,0.14928245614035088,0.1267,0.4817,34,29,5,5,0.14728682170542637,11487.0,Diphenylamine,0.48,0.9231,"HIGH=69, MED=0, LOW=1"
687,Citrus maxima (Burm.) Merr.,Rutaceae,cox2,COX-2 (PTGS2),5,387,387,57,191,50,0.8771929824561403,0.9476439790575916,0.385859649122807,0.3945,0.8267,377,327,50,50,0.14728682170542637,73145.0,beta-Amyrin,0.7933,0.5645,"HIGH=69, MED=0, LOW=1"
687,Citrus maxima (Burm.) Merr.,Rutaceae,xo,Xanthine Oxidase (XDH),6,387,387,40,103,3,0.075,0.06796116504854369,0.2318,0.2267,0.4933,7,4,3,3,0.10335917312661498,72281.0,Hesperitin,0.4667,0.5818,"HIGH=42, MED=0, LOW=2"
687,Citrus maxima (Burm.) Merr.,Rutaceae,xo,Xanthine Oxidase (XDH),5,387,387,40,103,34,0.85,0.8155339805825242,0.41312249999999995,0.40915,0.6167,232,198,34,34,0.10335917312661498,5281612.0,Diosmetin,0.6167,0.5686,"HIGH=42, MED=0, LOW=2"
687,Citrus maxima (Burm.) Merr.,Rutaceae,maoa,MAO-A (CHRFAM7A/MAOA),6,387,387,59,138,7,0.11864406779661017,0.07246376811594203,0.2522576271186441,0.2533,0.5197,18,11,7,7,0.1524547803617571,5494827.0,Citpressine-I,0.5197,0.4231,"HIGH=69, MED=0, LOW=0"
687,Citrus maxima (Burm.) Merr.,Rutaceae,maoa,MAO-A (CHRFAM7A/MAOA),5,387,387,59,138,42,0.711864406779661,0.7536231884057971,0.4366406779661017,0.4389,0.7456,332,290,42,42,0.1524547803617571,5281855.0,Ellagic acid,0.735,1.0,"HIGH=69, MED=0, LOW=0"
692,Cissus QUADRANGULARIS L.,Vitaceae,cox1,COX-1 (PTGS1),6,17,17,3,4,0,0.0,0.0,0.17333333333333334,0.195,0.6717,7,7,0,0,0.17647058823529413,73145.0,beta-Amyrin,0.22,0.4098,"HIGH=1, MED=0, LOW=4"
692,Cissus QUADRANGULARIS L.,Vitaceae,cox1,COX-1 (PTGS1),5,17,17,3,4,3,1.0,1.0,0.4892333333333334,0.515,0.6708,17,14,3,3,0.17647058823529413,73145.0,beta-Amyrin,0.5894,0.4098,"HIGH=1, MED=0, LOW=4"
692,Cissus QUADRANGULARIS L.,Vitaceae,cox2,COX-2 (PTGS2),6,17,17,2,8,0,0.0,0.125,0.19,0.19,0.4033,4,4,0,0,0.11764705882352941,71597391.0,triterpenoids,0.22,0.5072,"HIGH=1, MED=0, LOW=1"
692,Cissus QUADRANGULARIS L.,Vitaceae,cox2,COX-2 (PTGS2),5,17,17,2,8,2,1.0,1.0,0.7875,0.7875,0.7933,17,15,2,2,0.11764705882352941,73145.0,beta-Amyrin,0.7933,0.5645,"HIGH=1, MED=0, LOW=1"
692,Cissus QUADRANGULARIS L.,Vitaceae,xo,Xanthine Oxidase (XDH),6,17,17,0,2,0,,0.0,,,0.4033,1,1,0,0,0.0,,None (No strict-domain compound),,,"HIGH=0, MED=0, LOW=0"
692,Cissus QUADRANGULARIS L.,Vitaceae,xo,Xanthine Oxidase (XDH),5,17,17,0,2,0,,0.5,,,0.4817,10,10,0,0,0.0,,None (No strict-domain compound),,,"HIGH=0, MED=0, LOW=0"
692,Cissus QUADRANGULARIS L.,Vitaceae,maoa,MAO-A (CHRFAM7A/MAOA),6,17,17,0,3,0,,0.0,,,0.4283,1,1,0,0,0.0,,None (No strict-domain compound),,,"HIGH=0, MED=0, LOW=0"
692,Cissus QUADRANGULARIS L.,Vitaceae,maoa,MAO-A (CHRFAM7A/MAOA),5,17,17,0,3,0,,1.0,,,0.6125,13,13,0,0,0.0,,None (No strict-domain compound),,,"HIGH=0, MED=0, LOW=0"
697,Alocasia INDICA (Roxb.) Schott.,Araceae,cox1,COX-1 (PTGS1),6,30,30,2,12,1,0.5,0.6666666666666666,0.5192,0.5192,0.7117,18,17,1,1,0.06666666666666667,1017.0,"1,2-Benzenedicarboxylic acid",0.7117,0.4062,"HIGH=1, MED=1, LOW=0"
697,Alocasia INDICA (Roxb.) Schott.,Araceae,cox1,COX-1 (PTGS1),5,30,30,2,12,1,0.5,0.9166666666666666,0.50775,0.50775,0.9167,29,28,1,1,0.06666666666666667,1017.0,"1,2-Benzenedicarboxylic acid",0.7033,0.4062,"HIGH=1, MED=1, LOW=0"
697,Alocasia INDICA (Roxb.) Schott.,Araceae,cox2,COX-2 (PTGS2),6,30,30,4,13,2,0.5,0.23076923076923078,0.274575,0.25665,0.5378,8,6,2,2,0.13333333333333333,253581.0,"1H indole, 5 methyl-2, 3 diphenyl",0.515,0.7436,"HIGH=3, MED=1, LOW=0"
697,Alocasia INDICA (Roxb.) Schott.,Araceae,cox2,COX-2 (PTGS2),5,30,30,4,13,4,1.0,1.0,0.38844999999999996,0.38105,0.7567,30,26,4,4,0.13333333333333333,253581.0,"1H indole, 5 methyl-2, 3 diphenyl",0.575,0.7436,"HIGH=3, MED=1, LOW=0"
697,Alocasia INDICA (Roxb.) Schott.,Araceae,xo,Xanthine Oxidase (XDH),6,30,30,0,7,0,,0.14285714285714285,,,0.5633,2,2,0,0,0.0,,None (No strict-domain compound),,,"HIGH=0, MED=0, LOW=0"
697,Alocasia INDICA (Roxb.) Schott.,Araceae,xo,Xanthine Oxidase (XDH),5,30,30,0,7,0,,1.0,,,0.6183,26,26,0,0,0.0,,None (No strict-domain compound),,,"HIGH=0, MED=0, LOW=0"
697,Alocasia INDICA (Roxb.) Schott.,Araceae,maoa,MAO-A (CHRFAM7A/MAOA),6,30,30,2,4,0,0.0,0.25,0.15975,0.15975,0.465,1,1,0,0,0.06666666666666667,3026.0,Dibutyl phthalate,0.2528,0.4211,"HIGH=1, MED=1, LOW=0"
697,Alocasia INDICA (Roxb.) Schott.,Araceae,maoa,MAO-A (CHRFAM7A/MAOA),5,30,30,2,4,1,0.5,0.75,0.35750000000000004,0.35750000000000004,0.6717,28,27,1,1,0.06666666666666667,3026.0,Dibutyl phthalate,0.4917,0.4211,"HIGH=1, MED=1, LOW=0"
699,Alpinia CALCARATA Rosc.,Zingiberaceae,cox1,COX-1 (PTGS1),6,109,109,1,20,1,1.0,0.2,0.5017,0.5017,0.6767,61,60,1,1,0.009174311926605505,2345.0,Benzyl benzoate,0.5017,0.4062,"HIGH=1, MED=0, LOW=0"
699,Alpinia CALCARATA Rosc.,Zingiberaceae,cox1,COX-1 (PTGS1),5,109,109,1,18,1,1.0,0.8888888888888888,0.6558,0.6558,0.7837,105,104,1,1,0.009174311926605505,2345.0,Benzyl benzoate,0.6558,0.4062,"HIGH=1, MED=0, LOW=0"
699,Alpinia CALCARATA Rosc.,Zingiberaceae,cox2,COX-2 (PTGS2),6,109,109,2,15,0,0.0,0.0,0.11335,0.11335,0.3833,4,4,0,0,0.01834862385321101,2345.0,Benzyl benzoate,0.17,0.4595,"HIGH=2, MED=0, LOW=0"
699,Alpinia CALCARATA Rosc.,Zingiberaceae,cox2,COX-2 (PTGS2),5,109,109,2,15,1,0.5,0.8666666666666667,0.28585,0.28585,0.7202,107,106,1,1,0.01834862385321101,2345.0,Benzyl benzoate,0.4184,0.4595,"HIGH=2, MED=0, LOW=0"
699,Alpinia CALCARATA Rosc.,Zingiberaceae,xo,Xanthine Oxidase (XDH),6,109,109,1,4,0,0.0,0.0,0.2983,0.2983,0.3967,0,0,0,0,0.009174311926605505,637520.0,(E)-Methyl cinnamate,0.2983,0.4103,"HIGH=2, MED=0, LOW=0"
699,Alpinia CALCARATA Rosc.,Zingiberaceae,xo,Xanthine Oxidase (XDH),5,109,109,1,4,1,1.0,0.75,0.4117,0.4117,0.4633,48,47,1,1,0.009174311926605505,637520.0,(E)-Methyl cinnamate,0.4117,0.4103,"HIGH=2, MED=0, LOW=0"
699,Alpinia CALCARATA Rosc.,Zingiberaceae,maoa,MAO-A (CHRFAM7A/MAOA),6,109,109,3,9,0,0.0,0.0,0.17166666666666666,0.16,0.4267,3,3,0,0,0.027522935779816515,5282110.0,Cinnamyl acetate,0.2517,0.4,"HIGH=4, MED=0, LOW=0"
699,Alpinia CALCARATA Rosc.,Zingiberaceae,maoa,MAO-A (CHRFAM7A/MAOA),5,109,109,3,9,1,0.3333333333333333,0.7777777777777778,0.3605333333333333,0.3783,0.665,95,94,1,1,0.027522935779816515,637758.0,ethyl (E)-cinnamate,0.4083,0.5385,"HIGH=4, MED=0, LOW=0"
702,Alpinia NIGRA (Gaertn.) Burtt.,Zingiberaceae,cox1,COX-1 (PTGS1),6,115,115,4,20,1,0.25,0.4,0.3125,0.24835000000000002,0.6517,59,58,1,1,0.034782608695652174,1549045.0,Trans-methyl isoeugenol,0.585,0.6333,"HIGH=2, MED=1, LOW=1"
702,Alpinia NIGRA (Gaertn.) Burtt.,Zingiberaceae,cox1,COX-1 (PTGS1),5,115,115,4,19,4,1.0,0.9473684210526315,0.58645,0.6029,0.7837,111,107,4,4,0.034782608695652174,1549045.0,Trans-methyl isoeugenol,0.7167,0.6333,"HIGH=2, MED=1, LOW=1"
702,Alpinia NIGRA (Gaertn.) Burtt.,Zingiberaceae,cox2,COX-2 (PTGS2),6,115,115,5,17,0,0.0,0.0,0.14467999999999998,0.12,0.4433,5,5,0,0,0.043478260869565216,5282102.0,Kaempferol 3-O-glucoside,0.21,0.5938,"HIGH=3, MED=1, LOW=1"
702,Alpinia NIGRA (Gaertn.) Burtt.,Zingiberaceae,cox2,COX-2 (PTGS2),5,115,115,5,17,5,1.0,0.9411764705882353,0.40632,0.2738,0.7712,114,109,5,5,0.043478260869565216,5282102.0,Kaempferol 3-O-glucoside,0.6387,0.5938,"HIGH=3, MED=1, LOW=1"
702,Alpinia NIGRA (Gaertn.) Burtt.,Zingiberaceae,xo,Xanthine Oxidase (XDH),6,115,115,5,9,0,0.0,0.0,0.203,0.23,0.355,0,0,0,0,0.043478260869565216,637520.0,(E)-Methyl cinnamate,0.2983,0.4103,"HIGH=3, MED=1, LOW=1"
702,Alpinia NIGRA (Gaertn.) Burtt.,Zingiberaceae,xo,Xanthine Oxidase (XDH),5,115,115,5,9,4,0.8,0.6666666666666666,0.36568,0.355,0.4867,50,46,4,4,0.043478260869565216,24721466.0,kaempferol-3-O-glucuronide,0.4667,0.5507,"HIGH=3, MED=1, LOW=1"
702,Alpinia NIGRA (Gaertn.) Burtt.,Zingiberaceae,maoa,MAO-A (CHRFAM7A/MAOA),6,115,115,6,9,2,0.3333333333333333,0.2222222222222222,0.26705,0.19825,0.5908,4,2,2,2,0.05217391304347826,24721466.0,kaempferol-3-O-glucuronide,0.5908,0.5714,"HIGH=4, MED=1, LOW=1"
702,Alpinia NIGRA (Gaertn.) Burtt.,Zingiberaceae,maoa,MAO-A (CHRFAM7A/MAOA),5,115,115,6,9,3,0.5,0.5555555555555556,0.4394333333333333,0.43,0.665,98,95,3,3,0.05217391304347826,24721466.0,kaempferol-3-O-glucuronide,0.6483,0.5714,"HIGH=4, MED=1, LOW=1"
705,Amaranthus SPINOSUS L.,Amaranthaceae,cox1,COX-1 (PTGS1),6,17,17,5,9,1,0.2,0.5555555555555556,0.31236,0.2767,0.545,6,5,1,1,0.29411764705882354,938.0,Nicotinic acid,0.545,0.4359,"HIGH=5, MED=0, LOW=1"
705,Amaranthus SPINOSUS L.,Amaranthaceae,cox1,COX-1 (PTGS1),5,17,17,5,9,3,0.6,0.7777777777777778,0.38186000000000003,0.3483,0.6842,15,12,3,3,0.29411764705882354,938.0,Nicotinic acid,0.5633,0.4359,"HIGH=5, MED=0, LOW=1"
705,Amaranthus SPINOSUS L.,Amaranthaceae,cox2,COX-2 (PTGS2),6,17,17,3,7,0,0.0,0.0,0.21666666666666667,0.1933,0.3883,5,5,0,0,0.17647058823529413,938.0,Nicotinic acid,0.2667,0.5143,"HIGH=3, MED=0, LOW=0"
705,Amaranthus SPINOSUS L.,Amaranthaceae,cox2,COX-2 (PTGS2),5,17,17,3,7,3,1.0,1.0,0.41706666666666664,0.432,0.7583,17,14,3,3,0.17647058823529413,5280343.0,Quercetin,0.4537,0.4167,"HIGH=3, MED=0, LOW=0"
705,Amaranthus SPINOSUS L.,Amaranthaceae,xo,Xanthine Oxidase (XDH),6,17,17,2,4,0,0.0,0.25,0.19665,0.19665,0.4667,2,2,0,0,0.11764705882352941,5280863.0,Kaempferol,0.2,0.5532,"HIGH=2, MED=0, LOW=0"
705,Amaranthus SPINOSUS L.,Amaranthaceae,xo,Xanthine Oxidase (XDH),5,17,17,2,4,2,1.0,1.0,0.53,0.53,0.565,14,12,2,2,0.11764705882352941,5280343.0,Quercetin,0.565,0.5957,"HIGH=2, MED=0, LOW=0"
705,Amaranthus SPINOSUS L.,Amaranthaceae,maoa,MAO-A (CHRFAM7A/MAOA),6,17,17,3,6,2,0.6666666666666666,0.5,0.4058333333333333,0.4967,0.5333,3,1,2,2,0.17647058823529413,5280863.0,Kaempferol,0.5333,0.75,"HIGH=3, MED=0, LOW=0"
705,Amaranthus SPINOSUS L.,Amaranthaceae,maoa,MAO-A (CHRFAM7A/MAOA),5,17,17,3,6,2,0.6666666666666666,0.6666666666666666,0.4291666666666667,0.4233,0.6692,13,11,2,2,0.17647058823529413,5280863.0,Kaempferol,0.5017,0.75,"HIGH=3, MED=0, LOW=0"
706,Amaranthus VIRIDIS L.,Amaranthaceae,cox1,COX-1 (PTGS1),6,7,7,1,6,0,0.0,0.8333333333333334,0.3267,0.3267,0.43,5,5,0,0,0.14285714285714285,445639.0,Oleic acid,0.3267,0.4324,"HIGH=1, MED=0, LOW=0"
706,Amaranthus VIRIDIS L.,Amaranthaceae,cox1,COX-1 (PTGS1),5,7,7,1,6,0,0.0,0.8333333333333334,0.3122,0.3122,0.5458,6,6,0,0,0.14285714285714285,445639.0,Oleic acid,0.3122,0.4324,"HIGH=1, MED=0, LOW=0"
706,Amaranthus VIRIDIS L.,Amaranthaceae,cox2,COX-2 (PTGS2),6,7,7,0,6,0,,0.0,,,0.4069,1,1,0,0,0.0,,None (No strict-domain compound),,,"HIGH=0, MED=0, LOW=0"
706,Amaranthus VIRIDIS L.,Amaranthaceae,cox2,COX-2 (PTGS2),5,7,7,0,6,0,,1.0,,,0.6503,7,7,0,0,0.0,,None (No strict-domain compound),,,"HIGH=0, MED=0, LOW=0"
706,Amaranthus VIRIDIS L.,Amaranthaceae,xo,Xanthine Oxidase (XDH),6,7,7,0,5,0,,0.0,,,0.2917,0,0,0,0,0.0,,None (No strict-domain compound),,,"HIGH=0, MED=0, LOW=0"
706,Amaranthus VIRIDIS L.,Amaranthaceae,xo,Xanthine Oxidase (XDH),5,7,7,0,5,0,,1.0,,,0.4517,7,7,0,0,0.0,,None (No strict-domain compound),,,"HIGH=0, MED=0, LOW=0"
706,Amaranthus VIRIDIS L.,Amaranthaceae,maoa,MAO-A (CHRFAM7A/MAOA),6,7,7,0,0,0,,,,,0.404,0,0,0,0,0.0,,None (No strict-domain compound),,,"HIGH=0, MED=0, LOW=0"
706,Amaranthus VIRIDIS L.,Amaranthaceae,maoa,MAO-A (CHRFAM7A/MAOA),5,7,7,0,0,0,,,,,0.5917,7,7,0,0,0.0,,None (No strict-domain compound),,,"HIGH=0, MED=0, LOW=0"
715,Anacardium OCCIDENTALE L.,Anacardiaceae,cox1,COX-1 (PTGS1),6,256,256,21,82,7,0.3333333333333333,0.5121951219512195,0.35254761904761905,0.2667,0.8617,171,164,7,7,0.08203125,338.0,Salicylic acid,0.8617,0.4242,"HIGH=24, MED=2, LOW=0"
715,Anacardium OCCIDENTALE L.,Anacardiaceae,cox1,COX-1 (PTGS1),5,256,256,21,80,17,0.8095238095238095,0.9375,0.4821190476190476,0.4208,0.83,249,232,17,17,0.08203125,338.0,Salicylic acid,0.7783,0.4242,"HIGH=24, MED=2, LOW=0"
715,Anacardium OCCIDENTALE L.,Anacardiaceae,cox2,COX-2 (PTGS2),6,256,256,27,87,0,0.0,0.0,0.1502814814814815,0.1433,0.46,14,14,0,0,0.10546875,11058690.0,Olean-12-ene,0.3167,0.4844,"HIGH=28, MED=1, LOW=0"
715,Anacardium OCCIDENTALE L.,Anacardiaceae,cox2,COX-2 (PTGS2),5,256,256,27,87,27,1.0,1.0,0.43744444444444447,0.432,0.7922,256,229,27,27,0.10546875,11058690.0,Olean-12-ene,0.7922,0.4844,"HIGH=28, MED=1, LOW=0"
715,Anacardium OCCIDENTALE L.,Anacardiaceae,xo,Xanthine Oxidase (XDH),6,256,256,9,34,1,0.1111111111111111,0.11764705882352941,0.22483333333333333,0.2,0.49,6,5,1,1,0.03515625,5281600.0,amentoflavone,0.4017,0.5,"HIGH=8, MED=1, LOW=0"
715,Anacardium OCCIDENTALE L.,Anacardiaceae,xo,Xanthine Oxidase (XDH),5,256,256,9,34,9,1.0,0.9117647058823529,0.5009111111111112,0.495,0.65,162,153,9,9,0.03515625,5281672.0,Myricetin,0.65,0.5319,"HIGH=8, MED=1, LOW=0"
715,Anacardium OCCIDENTALE L.,Anacardiaceae,maoa,MAO-A (CHRFAM7A/MAOA),6,256,256,20,54,4,0.2,0.07407407407407407,0.28959999999999997,0.23025,0.87,7,3,4,4,0.078125,5281691.0,Rhamnetin,0.87,0.8095,"HIGH=17, MED=2, LOW=1"
715,Anacardium OCCIDENTALE L.,Anacardiaceae,maoa,MAO-A (CHRFAM7A/MAOA),5,256,256,20,54,11,0.55,0.7407407407407407,0.43703499999999995,0.41000000000000003,0.8,221,210,11,11,0.078125,5281691.0,Rhamnetin,0.8,0.8095,"HIGH=17, MED=2, LOW=1"
717,Anamirta COCCULUS (L.) W. & A.,Menispermaceae,cox1,COX-1 (PTGS1),6,14,14,1,4,0,0.0,0.5,0.3267,0.3267,0.575,6,6,0,0,0.07142857142857142,445639.0,Oleic acid,0.3267,0.4324,"HIGH=1, MED=0, LOW=1"
717,Anamirta COCCULUS (L.) W. & A.,Menispermaceae,cox1,COX-1 (PTGS1),5,14,14,1,4,0,0.0,0.75,0.3122,0.3122,0.615,13,13,0,0,0.07142857142857142,445639.0,Oleic acid,0.3122,0.4324,"HIGH=1, MED=0, LOW=1"
717,Anamirta COCCULUS (L.) W. & A.,Menispermaceae,cox2,COX-2 (PTGS2),6,14,14,1,5,0,0.0,0.0,0.1767,0.1767,0.4667,5,5,0,0,0.07142857142857142,73641.0,Arjunolic acid,0.1767,0.6061,"HIGH=2, MED=0, LOW=1"
717,Anamirta COCCULUS (L.) W. & A.,Menispermaceae,cox2,COX-2 (PTGS2),5,14,14,1,5,1,1.0,1.0,0.8183,0.8183,0.8183,14,13,1,1,0.07142857142857142,73641.0,Arjunolic acid,0.8183,0.6061,"HIGH=2, MED=0, LOW=1"
717,Anamirta COCCULUS (L.) W. & A.,Menispermaceae,xo,Xanthine Oxidase (XDH),6,14,14,0,3,0,,0.0,,,0.2833,0,0,0,0,0.0,,None (No strict-domain compound),,,"HIGH=0, MED=0, LOW=0"
717,Anamirta COCCULUS (L.) W. & A.,Menispermaceae,xo,Xanthine Oxidase (XDH),5,14,14,0,3,0,,0.6666666666666666,,,0.3983,11,11,0,0,0.0,,None (No strict-domain compound),,,"HIGH=0, MED=0, LOW=0"
717,Anamirta COCCULUS (L.) W. & A.,Menispermaceae,maoa,MAO-A (CHRFAM7A/MAOA),6,14,14,2,5,1,0.5,0.2,0.33044999999999997,0.33044999999999997,0.47,2,1,1,1,0.14285714285714285,2353.0,Berberine,0.47,0.4915,"HIGH=1, MED=0, LOW=4"
717,Anamirta COCCULUS (L.) W. & A.,Menispermaceae,maoa,MAO-A (CHRFAM7A/MAOA),5,14,14,2,5,2,1.0,1.0,0.5620499999999999,0.5620499999999999,0.6412,14,12,2,2,0.14285714285714285,157076.0,(-)-8-Oxotetrahydropalmatine,0.5808,0.4118,"HIGH=1, MED=0, LOW=4"
721,Annona RETICULATA L.,Annonaceae,cox1,COX-1 (PTGS1),6,99,99,8,22,5,0.625,0.45454545454545453,0.4629125,0.4433,0.86,57,52,5,5,0.08080808080808081,3102.0,Benzophenone,0.86,0.5,"HIGH=10, MED=0, LOW=0"
721,Annona RETICULATA L.,Annonaceae,cox1,COX-1 (PTGS1),5,99,99,8,22,7,0.875,0.9090909090909091,0.5633375,0.54205,0.9258,95,88,7,7,0.08080808080808081,3102.0,Benzophenone,0.9258,0.5,"HIGH=10, MED=0, LOW=0"
721,Annona RETICULATA L.,Annonaceae,cox2,COX-2 (PTGS2),6,99,99,7,20,0,0.0,0.0,0.13095714285714286,0.1333,0.4133,7,7,0,0,0.0707070707070707,6054.0,2-Phenylethanol,0.3167,0.4286,"HIGH=8, MED=0, LOW=0"
721,Annona RETICULATA L.,Annonaceae,cox2,COX-2 (PTGS2),5,99,99,7,20,5,0.7142857142857143,0.9,0.33162857142857144,0.3383,0.7617,97,92,5,5,0.0707070707070707,150565.0,"1,4-Benzoguinone, 2,6-diethyl-, 1-imine",0.5542,0.4286,"HIGH=8, MED=0, LOW=0"
721,Annona RETICULATA L.,Annonaceae,xo,Xanthine Oxidase (XDH),6,99,99,1,6,0,0.0,0.0,0.2483,0.2483,0.3467,0,0,0,0,0.010101010101010102,1983.0,N-(4-Hydroxyphenyl)acetamide,0.2483,0.4359,"HIGH=1, MED=0, LOW=0"
721,Annona RETICULATA L.,Annonaceae,xo,Xanthine Oxidase (XDH),5,99,99,1,6,1,1.0,0.8333333333333334,0.3667,0.3667,0.4967,62,61,1,1,0.010101010101010102,1983.0,N-(4-Hydroxyphenyl)acetamide,0.3667,0.4359,"HIGH=1, MED=0, LOW=0"
721,Annona RETICULATA L.,Annonaceae,maoa,MAO-A (CHRFAM7A/MAOA),6,99,99,10,22,2,0.2,0.09090909090909091,0.22031,0.15665,0.5133,5,3,2,2,0.10101010101010101,1983.0,N-(4-Hydroxyphenyl)acetamide,0.5133,0.5556,"HIGH=10, MED=0, LOW=0"
721,Annona RETICULATA L.,Annonaceae,maoa,MAO-A (CHRFAM7A/MAOA),5,99,99,10,22,5,0.5,0.7272727272727273,0.42237,0.39125,0.685,82,77,5,5,0.10101010101010101,10144.0,Liriodenine,0.6542,0.4167,"HIGH=10, MED=0, LOW=0"
729,Ardisia PANICULATA Roxb.,Myrsinaceae,cox1,COX-1 (PTGS1),6,2,2,0,2,0,,0.0,,,0.3167,0,0,0,0,0.0,,None (No strict-domain compound),,,"HIGH=0, MED=0, LOW=0"
729,Ardisia PANICULATA Roxb.,Myrsinaceae,cox1,COX-1 (PTGS1),5,2,2,0,2,0,,1.0,,,0.5828,2,2,0,0,0.0,,None (No strict-domain compound),,,"HIGH=0, MED=0, LOW=0"
729,Ardisia PANICULATA Roxb.,Myrsinaceae,cox2,COX-2 (PTGS2),6,2,2,1,2,0,0.0,0.0,0.2237,0.2237,0.2433,0,0,0,0,0.5,100659.0,Rapanone,0.2237,0.4222,"HIGH=1, MED=0, LOW=0"
729,Ardisia PANICULATA Roxb.,Myrsinaceae,cox2,COX-2 (PTGS2),5,2,2,1,2,1,1.0,1.0,0.6647,0.6647,0.7821,2,1,1,1,0.5,100659.0,Rapanone,0.6647,0.4222,"HIGH=1, MED=0, LOW=0"
729,Ardisia PANICULATA Roxb.,Myrsinaceae,xo,Xanthine Oxidase (XDH),6,2,2,0,0,0,,,,,0.2367,0,0,0,0,0.0,,None (No strict-domain compound),,,"HIGH=0, MED=0, LOW=0"
729,Ardisia PANICULATA Roxb.,Myrsinaceae,xo,Xanthine Oxidase (XDH),5,2,2,0,0,0,,,,,0.3383,2,2,0,0,0.0,,None (No strict-domain compound),,,"HIGH=0, MED=0, LOW=0"
729,Ardisia PANICULATA Roxb.,Myrsinaceae,maoa,MAO-A (CHRFAM7A/MAOA),6,2,2,0,0,0,,,,,0.2812,0,0,0,0,0.0,,None (No strict-domain compound),,,"HIGH=0, MED=0, LOW=0"
729,Ardisia PANICULATA Roxb.,Myrsinaceae,maoa,MAO-A (CHRFAM7A/MAOA),5,2,2,0,0,0,,,,,0.4838,1,1,0,0,0.0,,None (No strict-domain compound),,,"HIGH=0, MED=0, LOW=0"
730,Ardisia SOLANACEA (Poir.) Roxb.,Myrsinaceae,cox1,COX-1 (PTGS1),6,4,4,1,2,1,1.0,0.5,0.4267,0.4267,0.4267,1,0,1,1,0.25,5280372.0,Coniferin,0.4267,0.4028,"HIGH=0, MED=0, LOW=1"
730,Ardisia SOLANACEA (Poir.) Roxb.,Myrsinaceae,cox1,COX-1 (PTGS1),5,4,4,1,2,1,1.0,1.0,0.7308,0.7308,0.7308,4,3,1,1,0.25,5280372.0,Coniferin,0.7308,0.4028,"HIGH=0, MED=0, LOW=1"
730,Ardisia SOLANACEA (Poir.) Roxb.,Myrsinaceae,cox2,COX-2 (PTGS2),6,4,4,2,3,0,0.0,0.0,0.2168,0.2168,0.38,1,1,0,0,0.5,5280372.0,Coniferin,0.2269,0.4028,"HIGH=1, MED=0, LOW=1"
730,Ardisia SOLANACEA (Poir.) Roxb.,Myrsinaceae,cox2,COX-2 (PTGS2),5,4,4,2,3,2,1.0,1.0,0.6877,0.6877,0.7821,4,2,2,2,0.5,131752025.0,alpha-Amyrin,0.755,0.4143,"HIGH=1, MED=0, LOW=1"
730,Ardisia SOLANACEA (Poir.) Roxb.,Myrsinaceae,xo,Xanthine Oxidase (XDH),6,4,4,0,2,0,,0.0,,,0.2733,0,0,0,0,0.0,,None (No strict-domain compound),,,"HIGH=0, MED=0, LOW=0"
730,Ardisia SOLANACEA (Poir.) Roxb.,Myrsinaceae,xo,Xanthine Oxidase (XDH),5,4,4,0,2,0,,0.5,,,0.325,3,3,0,0,0.0,,None (No strict-domain compound),,,"HIGH=0, MED=0, LOW=0"
730,Ardisia SOLANACEA (Poir.) Roxb.,Myrsinaceae,maoa,MAO-A (CHRFAM7A/MAOA),6,4,4,0,1,0,,0.0,,,0.32,0,0,0,0,0.0,,None (No strict-domain compound),,,"HIGH=0, MED=0, LOW=0"
730,Ardisia SOLANACEA (Poir.) Roxb.,Myrsinaceae,maoa,MAO-A (CHRFAM7A/MAOA),5,4,4,0,1,0,,1.0,,,0.5662,4,4,0,0,0.0,,None (No strict-domain compound),,,"HIGH=0, MED=0, LOW=0"
731,Areca CATECHU L.,Arecaceae,cox1,COX-1 (PTGS1),6,27,27,4,10,0,0.0,0.6,0.21710000000000002,0.2142,0.6667,20,20,0,0,0.14814814814814814,445639.0,Oleic acid,0.3267,0.4324,"HIGH=4, MED=0, LOW=16"
731,Areca CATECHU L.,Arecaceae,cox1,COX-1 (PTGS1),5,27,27,4,10,1,0.25,0.7,0.2861,0.29469999999999996,0.6985,24,23,1,1,0.14814814814814814,124016.0,"3,3'-Digalloylprocyanidin B2",0.36,0.5342,"HIGH=4, MED=0, LOW=16"
731,Areca CATECHU L.,Arecaceae,cox2,COX-2 (PTGS2),6,27,27,3,13,0,0.0,0.0,0.11203333333333333,0.1133,0.3581,0,0,0,0,0.1111111111111111,16846.0,(-)-Epicatechin,0.1367,0.4,"HIGH=3, MED=0, LOW=15"
731,Areca CATECHU L.,Arecaceae,cox2,COX-2 (PTGS2),5,27,27,3,13,3,1.0,1.0,0.5510333333333334,0.5,0.8033,27,24,3,3,0.1111111111111111,124016.0,"3,3'-Digalloylprocyanidin B2",0.79,0.873,"HIGH=3, MED=0, LOW=15"
731,Areca CATECHU L.,Arecaceae,xo,Xanthine Oxidase (XDH),6,27,27,0,8,0,,0.0,,,0.5967,3,3,0,0,0.0,,None (No strict-domain compound),,,"HIGH=0, MED=0, LOW=0"
731,Areca CATECHU L.,Arecaceae,xo,Xanthine Oxidase (XDH),5,27,27,0,8,0,,0.75,,,0.725,22,22,0,0,0.0,,None (No strict-domain compound),,,"HIGH=0, MED=0, LOW=0"
731,Areca CATECHU L.,Arecaceae,maoa,MAO-A (CHRFAM7A/MAOA),6,27,27,1,6,0,0.0,0.0,0.2433,0.2433,0.4417,2,2,0,0,0.037037037037037035,16846.0,(-)-Epicatechin,0.2433,0.4186,"HIGH=0, MED=0, LOW=4"
731,Areca CATECHU L.,Arecaceae,maoa,MAO-A (CHRFAM7A/MAOA),5,27,27,1,6,1,1.0,0.8333333333333334,0.6178,0.6178,0.6767,23,22,1,1,0.037037037037037035,16846.0,(-)-Epicatechin,0.6178,0.4186,"HIGH=0, MED=0, LOW=4"
739,Artocarpus HETEROPHYLLUS Lamk.,Urticaceae,cox1,COX-1 (PTGS1),6,155,155,25,55,4,0.16,0.36363636363636365,0.27040000000000003,0.215,0.7267,98,94,4,4,0.16129032258064516,5458461.0,artocarpin,0.5017,0.5455,"HIGH=27, MED=0, LOW=0"
739,Artocarpus HETEROPHYLLUS Lamk.,Urticaceae,cox1,COX-1 (PTGS1),5,155,155,25,55,18,0.72,0.8363636363636363,0.412164,0.4117,0.77,145,127,18,18,0.16129032258064516,6054.0,2-Phenylethanol,0.6732,0.4286,"HIGH=27, MED=0, LOW=0"
739,Artocarpus HETEROPHYLLUS Lamk.,Urticaceae,cox2,COX-2 (PTGS2),6,155,155,30,66,0,0.0,0.0,0.12695,0.09335,0.3967,6,6,0,0,0.1935483870967742,439224.0,Carnosine,0.3267,0.4265,"HIGH=31, MED=0, LOW=0"
739,Artocarpus HETEROPHYLLUS Lamk.,Urticaceae,cox2,COX-2 (PTGS2),5,155,155,30,66,28,0.9333333333333333,0.9696969696969697,0.41638666666666657,0.41015,0.8033,153,125,28,28,0.1935483870967742,12305360.0,Cycloartenone,0.7437,0.5,"HIGH=31, MED=0, LOW=0"
739,Artocarpus HETEROPHYLLUS Lamk.,Urticaceae,xo,Xanthine Oxidase (XDH),6,155,155,26,53,3,0.11538461538461539,0.07547169811320754,0.25525384615384616,0.25749999999999995,0.4983,6,3,3,3,0.16774193548387098,10006762.0,gemichalcone A,0.4583,0.4603,"HIGH=28, MED=0, LOW=0"
739,Artocarpus HETEROPHYLLUS Lamk.,Urticaceae,xo,Xanthine Oxidase (XDH),5,155,155,26,53,23,0.8846153846153846,0.8679245283018868,0.44981923076923075,0.47585,0.6683,105,82,23,23,0.16774193548387098,135508007.0,9-Carboxymethoxymethylguanine,0.6683,0.48,"HIGH=28, MED=0, LOW=0"
739,Artocarpus HETEROPHYLLUS Lamk.,Urticaceae,maoa,MAO-A (CHRFAM7A/MAOA),6,155,155,23,55,2,0.08695652173913043,0.09090909090909091,0.24994782608695656,0.2483,0.465,7,5,2,2,0.14838709677419354,5318767.0,Kaempferol 3-O-rutinoside,0.465,0.4058,"HIGH=25, MED=0, LOW=0"
739,Artocarpus HETEROPHYLLUS Lamk.,Urticaceae,maoa,MAO-A (CHRFAM7A/MAOA),5,155,155,23,55,14,0.6086956521739131,0.7636363636363637,0.40695217391304345,0.4,0.6789,139,125,14,14,0.14838709677419354,10006762.0,gemichalcone A,0.6117,0.4179,"HIGH=25, MED=0, LOW=0"
740,Artocarpus LACUCHA Buch-Ham.,Urticaceae,cox1,COX-1 (PTGS1),6,13,13,6,8,1,0.16666666666666666,0.125,0.2714,0.2525,0.6033,2,1,1,1,0.46153846153846156,5458461.0,artocarpin,0.5017,0.5455,"HIGH=6, MED=0, LOW=0"
740,Artocarpus LACUCHA Buch-Ham.,Urticaceae,cox1,COX-1 (PTGS1),5,13,13,6,8,5,0.8333333333333334,0.875,0.39748333333333336,0.38415,0.5689,12,7,5,5,0.46153846153846156,5458461.0,artocarpin,0.5083,0.5455,"HIGH=6, MED=0, LOW=0"
740,Artocarpus LACUCHA Buch-Ham.,Urticaceae,cox2,COX-2 (PTGS2),6,13,13,10,11,0,0.0,0.0,0.14973999999999998,0.1667,0.26,0,0,0,0,0.7692307692307693,92842.0,alpha-Amyrenyl acetate,0.2567,0.4324,"HIGH=9, MED=0, LOW=1"
740,Artocarpus LACUCHA Buch-Ham.,Urticaceae,cox2,COX-2 (PTGS2),5,13,13,10,11,10,1.0,1.0,0.56823,0.6378,0.8217,13,3,10,10,0.7692307692307693,92156.0,beta-Amyrin acetate,0.8217,0.5758,"HIGH=9, MED=0, LOW=1"
740,Artocarpus LACUCHA Buch-Ham.,Urticaceae,xo,Xanthine Oxidase (XDH),6,13,13,2,8,0,0.0,0.0,0.26415,0.26415,0.3033,0,0,0,0,0.15384615384615385,5481958.0,Mulberrin,0.3033,0.4211,"HIGH=2, MED=0, LOW=0"
740,Artocarpus LACUCHA Buch-Ham.,Urticaceae,xo,Xanthine Oxidase (XDH),5,13,13,2,8,2,1.0,0.875,0.46919999999999995,0.46919999999999995,0.5517,8,6,2,2,0.15384615384615385,5281616.0,Galangin,0.5517,0.5417,"HIGH=2, MED=0, LOW=0"
740,Artocarpus LACUCHA Buch-Ham.,Urticaceae,maoa,MAO-A (CHRFAM7A/MAOA),6,13,13,2,5,1,0.5,0.2,0.3847,0.3847,0.4683,1,0,1,1,0.15384615384615385,5281616.0,Galangin,0.4683,0.6905,"HIGH=2, MED=0, LOW=0"
740,Artocarpus LACUCHA Buch-Ham.,Urticaceae,maoa,MAO-A (CHRFAM7A/MAOA),5,13,13,2,5,1,0.5,0.8,0.4375,0.4375,0.6,12,11,1,1,0.15384615384615385,5281616.0,Galangin,0.5133,0.6905,"HIGH=2, MED=0, LOW=0"
748,Averrhoa CARAMBOLA L.,Averrhoaceae,cox1,COX-1 (PTGS1),6,201,201,12,57,6,0.5,0.6842105263157895,0.4622333333333333,0.39085000000000003,0.8617,139,133,6,6,0.05970149253731343,338.0,Salicylic acid,0.8617,0.4242,"HIGH=12, MED=1, LOW=0"
748,Averrhoa CARAMBOLA L.,Averrhoaceae,cox1,COX-1 (PTGS1),5,201,201,12,57,7,0.5833333333333334,0.8771929824561403,0.5014916666666667,0.41915,0.85,193,186,7,7,0.05970149253731343,999.0,Benzeneacetic acid,0.7925,0.7273,"HIGH=12, MED=1, LOW=0"
748,Averrhoa CARAMBOLA L.,Averrhoaceae,cox2,COX-2 (PTGS2),6,201,201,8,61,0,0.0,0.03278688524590164,0.14875,0.15000000000000002,0.4467,15,15,0,0,0.03980099502487562,7478.0,Anisic acid,0.22,0.4706,"HIGH=8, MED=0, LOW=0"
748,Averrhoa CARAMBOLA L.,Averrhoaceae,cox2,COX-2 (PTGS2),5,201,201,8,61,8,1.0,1.0,0.359325,0.347,0.7633,201,193,8,8,0.03980099502487562,1549778.0,(E)-geranylacetone,0.6054,0.425,"HIGH=8, MED=0, LOW=0"
748,Averrhoa CARAMBOLA L.,Averrhoaceae,xo,Xanthine Oxidase (XDH),6,201,201,4,31,1,0.25,0.0967741935483871,0.37085,0.3242,0.5867,4,3,1,1,0.01990049751243781,7478.0,Anisic acid,0.5867,0.6452,"HIGH=4, MED=0, LOW=0"
748,Averrhoa CARAMBOLA L.,Averrhoaceae,xo,Xanthine Oxidase (XDH),5,201,201,4,31,4,1.0,0.8387096774193549,0.412925,0.4075,0.4867,125,121,4,4,0.01990049751243781,7478.0,Anisic acid,0.4817,0.6452,"HIGH=4, MED=0, LOW=0"
748,Averrhoa CARAMBOLA L.,Averrhoaceae,maoa,MAO-A (CHRFAM7A/MAOA),6,201,201,8,25,1,0.125,0.04,0.2617125,0.25325,0.4633,8,7,1,1,0.03980099502487562,8499.0,Methyl anisate,0.4367,0.4444,"HIGH=8, MED=0, LOW=0"
748,Averrhoa CARAMBOLA L.,Averrhoaceae,maoa,MAO-A (CHRFAM7A/MAOA),5,201,201,8,25,5,0.625,0.6,0.4429375,0.4667,0.6767,184,179,5,5,0.03980099502487562,101365.0,"Benzoic acid, 2-(methylamino)-, ethyl ester",0.67,0.5,"HIGH=8, MED=0, LOW=0"
749,Azadirachta INDICA A. Juss.,Meliaceae,cox1,COX-1 (PTGS1),6,450,450,39,124,19,0.48717948717948717,0.5564516129032258,0.3946282051282052,0.3767,0.82,278,259,19,19,0.08666666666666667,135398634.0,Guanine,0.82,0.625,"HIGH=42, MED=1, LOW=0"
749,Azadirachta INDICA A. Juss.,Meliaceae,cox1,COX-1 (PTGS1),5,450,450,39,124,31,0.7948717948717948,0.9193548387096774,0.5052564102564103,0.4317,0.9367,430,399,31,31,0.08666666666666667,610030.0,"2,4-Cyclohexadien-1-one, 3,5-bis(1,1-dimethylethyl)-4-hydroxy",0.9367,0.4516,"HIGH=42, MED=1, LOW=0"
749,Azadirachta INDICA A. Juss.,Meliaceae,cox2,COX-2 (PTGS2),6,450,450,45,151,2,0.044444444444444446,0.046357615894039736,0.1505622222222222,0.1342,0.6367,41,39,2,2,0.1,173815.0,Prolylleucine,0.5333,0.6167,"HIGH=46, MED=2, LOW=0"
749,Azadirachta INDICA A. Juss.,Meliaceae,cox2,COX-2 (PTGS2),5,450,450,45,151,44,0.9777777777777777,0.9933774834437086,0.38731111111111116,0.3817,0.8387,449,405,44,44,0.1,173815.0,Prolylleucine,0.7375,0.6167,"HIGH=46, MED=2, LOW=0"
749,Azadirachta INDICA A. Juss.,Meliaceae,xo,Xanthine Oxidase (XDH),6,450,450,12,68,0,0.0,0.08823529411764706,0.1682,0.1725,0.59,16,16,0,0,0.02666666666666667,97286.0,"Phenol, 4-[[(4-methoxyphenyl)methylene]amino]-",0.3133,0.475,"HIGH=13, MED=0, LOW=0"
749,Azadirachta INDICA A. Juss.,Meliaceae,xo,Xanthine Oxidase (XDH),5,450,450,12,68,9,0.75,0.8088235294117647,0.4573666666666667,0.5125,0.6717,285,276,9,9,0.02666666666666667,5281672.0,Myricetin,0.65,0.5319,"HIGH=13, MED=0, LOW=0"
749,Azadirachta INDICA A. Juss.,Meliaceae,maoa,MAO-A (CHRFAM7A/MAOA),6,450,450,37,104,4,0.10810810810810811,0.07692307692307693,0.25315405405405406,0.2433,0.5594,32,28,4,4,0.08222222222222222,5280863.0,Kaempferol,0.5333,0.75,"HIGH=36, MED=1, LOW=1"
749,Azadirachta INDICA A. Juss.,Meliaceae,maoa,MAO-A (CHRFAM7A/MAOA),5,450,450,37,104,29,0.7837837837837838,0.8173076923076923,0.4657405405405406,0.4767,0.7629,398,369,29,29,0.08222222222222222,200718.0,Desmethyldeprenyl,0.7183,0.5,"HIGH=36, MED=1, LOW=1"
760,Bauhinia MALABARICA Roxb.,Caesalpinaeae,cox1,COX-1 (PTGS1),6,4,4,3,3,0,0.0,0.0,0.17056666666666664,0.1717,0.2917,0,0,0,0,0.75,5280805.0,Rutin,0.1767,0.5342,"HIGH=2, MED=0, LOW=1"
760,Bauhinia MALABARICA Roxb.,Caesalpinaeae,cox1,COX-1 (PTGS1),5,4,4,3,3,3,1.0,1.0,0.5394333333333333,0.5417,0.5533,4,1,3,3,0.75,5280804.0,Quercetin-3-glucoside,0.5533,0.6,"HIGH=2, MED=0, LOW=1"
760,Bauhinia MALABARICA Roxb.,Caesalpinaeae,cox2,COX-2 (PTGS2),6,4,4,3,3,0,0.0,0.0,0.23113333333333333,0.2267,0.25,0,0,0,0,0.75,5280805.0,Rutin,0.25,0.5342,"HIGH=2, MED=0, LOW=1"
760,Bauhinia MALABARICA Roxb.,Caesalpinaeae,cox2,COX-2 (PTGS2),5,4,4,3,3,3,1.0,1.0,0.6534666666666666,0.652,0.6667,4,1,3,3,0.75,5280805.0,Rutin,0.6667,0.5342,"HIGH=2, MED=0, LOW=1"
760,Bauhinia MALABARICA Roxb.,Caesalpinaeae,xo,Xanthine Oxidase (XDH),6,4,4,3,4,0,0.0,0.0,0.09889999999999999,0.1017,0.1417,0,0,0,0,0.75,5280459.0,Quercetin 3-O-rhamnoside,0.1217,0.5844,"HIGH=2, MED=0, LOW=1"
760,Bauhinia MALABARICA Roxb.,Caesalpinaeae,xo,Xanthine Oxidase (XDH),5,4,4,3,4,3,1.0,1.0,0.4522333333333333,0.425,0.5517,4,1,3,3,0.75,5280805.0,Rutin,0.5517,0.7143,"HIGH=2, MED=0, LOW=1"
760,Bauhinia MALABARICA Roxb.,Caesalpinaeae,maoa,MAO-A (CHRFAM7A/MAOA),6,4,4,2,3,2,1.0,1.0,0.43335,0.43335,0.48,4,2,2,2,0.5,5280804.0,Quercetin-3-glucoside,0.4467,0.4,"HIGH=1, MED=0, LOW=1"
760,Bauhinia MALABARICA Roxb.,Caesalpinaeae,maoa,MAO-A (CHRFAM7A/MAOA),5,4,4,2,3,2,1.0,1.0,0.4847,0.4847,0.54,4,2,2,2,0.5,5280459.0,Quercetin 3-O-rhamnoside,0.5011,0.4355,"HIGH=1, MED=0, LOW=1"
761,Bauhinia PURPUREA L.,Caesalpinaeae,cox1,COX-1 (PTGS1),6,40,40,7,20,0,0.0,0.4,0.2188142857142857,0.2017,0.75,19,19,0,0,0.175,445639.0,Oleic acid,0.3267,0.4324,"HIGH=8, MED=0, LOW=0"
761,Bauhinia PURPUREA L.,Caesalpinaeae,cox1,COX-1 (PTGS1),5,40,40,7,20,5,0.7142857142857143,0.9,0.4299142857142857,0.3967,0.7733,38,33,5,5,0.175,5282102.0,Kaempferol 3-O-glucoside,0.58,0.5938,"HIGH=8, MED=0, LOW=0"
761,Bauhinia PURPUREA L.,Caesalpinaeae,cox2,COX-2 (PTGS2),6,40,40,5,20,0,0.0,0.05,0.19734000000000002,0.21,0.4324,5,5,0,0,0.125,5280805.0,Rutin,0.25,0.5342,"HIGH=6, MED=0, LOW=0"
761,Bauhinia PURPUREA L.,Caesalpinaeae,cox2,COX-2 (PTGS2),5,40,40,5,20,5,1.0,1.0,0.56896,0.6387,0.75,40,35,5,5,0.125,5280805.0,Rutin,0.6667,0.5342,"HIGH=6, MED=0, LOW=0"
761,Bauhinia PURPUREA L.,Caesalpinaeae,xo,Xanthine Oxidase (XDH),6,40,40,6,13,0,0.0,0.0,0.13888333333333333,0.13585,0.3283,0,0,0,0,0.15,44258415.0,"5,6-Dihydroxy-7-methoxyflavone 6-O-beta-D-xylopyranoside",0.2033,0.5147,"HIGH=6, MED=0, LOW=1"
761,Bauhinia PURPUREA L.,Caesalpinaeae,xo,Xanthine Oxidase (XDH),5,40,40,6,13,3,0.5,0.7692307692307693,0.3780666666666666,0.33,0.565,27,24,3,3,0.15,5280343.0,Quercetin,0.565,0.5957,"HIGH=6, MED=0, LOW=1"
761,Bauhinia PURPUREA L.,Caesalpinaeae,maoa,MAO-A (CHRFAM7A/MAOA),6,40,40,5,11,3,0.6,0.36363636363636365,0.35131999999999997,0.4467,0.4967,6,3,3,3,0.125,5280343.0,Quercetin,0.4967,0.6744,"HIGH=5, MED=1, LOW=0"
761,Bauhinia PURPUREA L.,Caesalpinaeae,maoa,MAO-A (CHRFAM7A/MAOA),5,40,40,5,11,4,0.8,0.8181818181818182,0.44221999999999995,0.4683,0.5667,38,34,4,4,0.125,6781.0,Diethyl Phthalate,0.5667,0.6129,"HIGH=5, MED=1, LOW=0"
765,Benincasa HISPIDA (Thunb.) Cogn.,Cucurbitaceae,cox1,COX-1 (PTGS1),6,20,20,1,3,0,0.0,0.0,0.2767,0.2767,0.6683,7,7,0,0,0.05,5280450.0,Linoleic acid,0.2767,0.5135,"HIGH=1, MED=0, LOW=12"
765,Benincasa HISPIDA (Thunb.) Cogn.,Cucurbitaceae,cox1,COX-1 (PTGS1),5,20,20,1,3,0,0.0,0.6666666666666666,0.2772,0.2772,0.6985,19,19,0,0,0.05,5280450.0,Linoleic acid,0.2772,0.5135,"HIGH=1, MED=0, LOW=12"
765,Benincasa HISPIDA (Thunb.) Cogn.,Cucurbitaceae,cox2,COX-2 (PTGS2),6,20,20,2,6,0,0.0,0.16666666666666666,0.20500000000000002,0.20500000000000002,0.44,5,5,0,0,0.1,131752025.0,alpha-Amyrin,0.2067,0.4143,"HIGH=0, MED=0, LOW=10"
765,Benincasa HISPIDA (Thunb.) Cogn.,Cucurbitaceae,cox2,COX-2 (PTGS2),5,20,20,2,6,2,1.0,1.0,0.78835,0.78835,0.8217,20,18,2,2,0.1,92156.0,beta-Amyrin acetate,0.8217,0.5758,"HIGH=0, MED=0, LOW=10"
765,Benincasa HISPIDA (Thunb.) Cogn.,Cucurbitaceae,xo,Xanthine Oxidase (XDH),6,20,20,0,2,0,,0.0,,,0.6317,3,3,0,0,0.0,,None (No strict-domain compound),,,"HIGH=0, MED=0, LOW=0"
765,Benincasa HISPIDA (Thunb.) Cogn.,Cucurbitaceae,xo,Xanthine Oxidase (XDH),5,20,20,0,2,0,,0.5,,,0.7,10,10,0,0,0.0,,None (No strict-domain compound),,,"HIGH=0, MED=0, LOW=0"
765,Benincasa HISPIDA (Thunb.) Cogn.,Cucurbitaceae,maoa,MAO-A (CHRFAM7A/MAOA),6,20,20,1,2,0,0.0,0.0,0.1875,0.1875,0.5067,1,1,0,0,0.05,5571.0,Trigonelline,0.1875,0.413,"HIGH=1, MED=0, LOW=0"
765,Benincasa HISPIDA (Thunb.) Cogn.,Cucurbitaceae,maoa,MAO-A (CHRFAM7A/MAOA),5,20,20,1,2,0,0.0,0.5,0.3625,0.3625,0.6997,18,18,0,0,0.05,5571.0,Trigonelline,0.3625,0.413,"HIGH=1, MED=0, LOW=0"
768,Blumea BALSAMIFERA DC,Asteraceae,cox1,COX-1 (PTGS1),6,48,48,1,11,0,0.0,0.36363636363636365,0.335,0.335,0.5967,24,24,0,0,0.020833333333333332,5312414.0,(Z)-hexadec-11-enoic acid,0.335,0.4324,"HIGH=1, MED=0, LOW=0"
768,Blumea BALSAMIFERA DC,Asteraceae,cox1,COX-1 (PTGS1),5,48,48,1,9,0,0.0,0.8888888888888888,0.3322,0.3322,0.6975,46,46,0,0,0.020833333333333332,5312414.0,(Z)-hexadec-11-enoic acid,0.3322,0.4324,"HIGH=1, MED=0, LOW=0"
768,Blumea BALSAMIFERA DC,Asteraceae,cox2,COX-2 (PTGS2),6,48,48,2,9,0,0.0,0.0,0.32785,0.32785,0.4767,3,3,0,0,0.041666666666666664,14021258.0,Blumealactone B,0.3395,0.4074,"HIGH=2, MED=0, LOW=0"
768,Blumea BALSAMIFERA DC,Asteraceae,cox2,COX-2 (PTGS2),5,48,48,2,9,2,1.0,1.0,0.7833,0.7833,0.7883,48,46,2,2,0.041666666666666664,14021255.0,Blumealactone A,0.7883,0.4074,"HIGH=2, MED=0, LOW=0"
768,Blumea BALSAMIFERA DC,Asteraceae,xo,Xanthine Oxidase (XDH),6,48,48,0,4,0,,0.0,,,0.3967,0,0,0,0,0.0,,None (No strict-domain compound),,,"HIGH=0, MED=0, LOW=0"
768,Blumea BALSAMIFERA DC,Asteraceae,xo,Xanthine Oxidase (XDH),5,48,48,0,4,0,,1.0,,,0.4217,29,29,0,0,0.0,,None (No strict-domain compound),,,"HIGH=0, MED=0, LOW=0"
768,Blumea BALSAMIFERA DC,Asteraceae,maoa,MAO-A (CHRFAM7A/MAOA),6,48,48,1,1,0,0.0,0.0,0.2867,0.2867,0.4267,1,1,0,0,0.020833333333333332,66654.0,Xanthoxylin,0.2867,0.5238,"HIGH=1, MED=0, LOW=0"
768,Blumea BALSAMIFERA DC,Asteraceae,maoa,MAO-A (CHRFAM7A/MAOA),5,48,48,1,1,1,1.0,1.0,0.38,0.38,0.6671,43,42,1,1,0.020833333333333332,66654.0,Xanthoxylin,0.38,0.5238,"HIGH=1, MED=0, LOW=0"
776,Spermacoce articularis L.f.,Rubiaceae,cox1,COX-1 (PTGS1),6,6,6,1,3,0,0.0,0.0,0.215,0.215,0.5717,1,1,0,0,0.16666666666666666,5281654.0,Isorhamnetin,0.215,0.4118,"HIGH=1, MED=0, LOW=0"
776,Spermacoce articularis L.f.,Rubiaceae,cox1,COX-1 (PTGS1),5,6,6,1,3,1,1.0,1.0,0.345,0.345,0.62,6,5,1,1,0.16666666666666666,5281654.0,Isorhamnetin,0.345,0.4118,"HIGH=1, MED=0, LOW=0"
776,Spermacoce articularis L.f.,Rubiaceae,cox2,COX-2 (PTGS2),6,6,6,3,4,0,0.0,0.0,0.21776666666666666,0.2067,0.38,1,1,0,0,0.5,64945.0,Ursolic acid,0.2433,0.5294,"HIGH=3, MED=0, LOW=0"
776,Spermacoce articularis L.f.,Rubiaceae,cox2,COX-2 (PTGS2),5,6,6,3,4,3,1.0,1.0,0.7144333333333334,0.805,0.805,6,3,3,3,0.5,101761.0,Erythrodiol,0.805,0.5303,"HIGH=3, MED=0, LOW=0"
776,Spermacoce articularis L.f.,Rubiaceae,xo,Xanthine Oxidase (XDH),6,6,6,1,3,0,0.0,0.0,0.1883,0.1883,0.3117,0,0,0,0,0.16666666666666666,5281654.0,Isorhamnetin,0.1883,0.6875,"HIGH=1, MED=0, LOW=0"
776,Spermacoce articularis L.f.,Rubiaceae,xo,Xanthine Oxidase (XDH),5,6,6,1,3,1,1.0,0.6666666666666666,0.5483,0.5483,0.5483,3,2,1,1,0.16666666666666666,5281654.0,Isorhamnetin,0.5483,0.6875,"HIGH=1, MED=0, LOW=0"
776,Spermacoce articularis L.f.,Rubiaceae,maoa,MAO-A (CHRFAM7A/MAOA),6,6,6,1,1,1,1.0,1.0,0.5283,0.5283,0.5283,1,0,1,1,0.16666666666666666,5281654.0,Isorhamnetin,0.5283,0.7333,"HIGH=1, MED=0, LOW=0"
776,Spermacoce articularis L.f.,Rubiaceae,maoa,MAO-A (CHRFAM7A/MAOA),5,6,6,1,1,1,1.0,1.0,0.4983,0.4983,0.5662,6,5,1,1,0.16666666666666666,5281654.0,Isorhamnetin,0.4983,0.7333,"HIGH=1, MED=0, LOW=0"
781,Bridelia STIPULARIS Bl.,Euphorbiaceae,cox1,COX-1 (PTGS1),6,3,3,1,2,0,0.0,0.0,0.195,0.195,0.3033,0,0,0,0,0.3333333333333333,91472.0,Friedelin,0.195,0.4727,"HIGH=1, MED=0, LOW=0"
781,Bridelia STIPULARIS Bl.,Euphorbiaceae,cox1,COX-1 (PTGS1),5,3,3,1,2,1,1.0,1.0,0.515,0.515,0.515,3,2,1,1,0.3333333333333333,91472.0,Friedelin,0.515,0.4727,"HIGH=1, MED=0, LOW=0"
781,Bridelia STIPULARIS Bl.,Euphorbiaceae,cox2,COX-2 (PTGS2),6,3,3,0,0,0,,,,,0.38,2,2,0,0,0.0,,None (No strict-domain compound),,,"HIGH=0, MED=0, LOW=0"
781,Bridelia STIPULARIS Bl.,Euphorbiaceae,cox2,COX-2 (PTGS2),5,3,3,0,0,0,,,,,0.745,3,3,0,0,0.0,,None (No strict-domain compound),,,"HIGH=0, MED=0, LOW=0"
781,Bridelia STIPULARIS Bl.,Euphorbiaceae,xo,Xanthine Oxidase (XDH),6,3,3,0,0,0,,,,,0.2933,0,0,0,0,0.0,,None (No strict-domain compound),,,"HIGH=0, MED=0, LOW=0"
781,Bridelia STIPULARIS Bl.,Euphorbiaceae,xo,Xanthine Oxidase (XDH),5,3,3,0,0,0,,,,,0.395,2,2,0,0,0.0,,None (No strict-domain compound),,,"HIGH=0, MED=0, LOW=0"
781,Bridelia STIPULARIS Bl.,Euphorbiaceae,maoa,MAO-A (CHRFAM7A/MAOA),6,3,3,0,0,0,,,,,0.32,0,0,0,0,0.0,,None (No strict-domain compound),,,"HIGH=0, MED=0, LOW=0"
781,Bridelia STIPULARIS Bl.,Euphorbiaceae,maoa,MAO-A (CHRFAM7A/MAOA),5,3,3,0,0,0,,,,,0.5662,2,2,0,0,0.0,,None (No strict-domain compound),,,"HIGH=0, MED=0, LOW=0"
786,Caesalpinia BONDUC (L.) Roxb.,Caesalpiniaceae,cox1,COX-1 (PTGS1),6,118,118,35,65,2,0.05714285714285714,0.18461538461538463,0.21544,0.1917,0.6417,44,42,2,2,0.2966101694915254,6305.0,Tryptophan,0.525,0.4231,"HIGH=32, MED=5, LOW=0"
786,Caesalpinia BONDUC (L.) Roxb.,Caesalpiniaceae,cox1,COX-1 (PTGS1),5,118,118,35,65,24,0.6857142857142857,0.8,0.4068542857142858,0.4083,0.7051,103,79,24,24,0.2966101694915254,6305.0,Tryptophan,0.6975,0.4231,"HIGH=32, MED=5, LOW=0"
786,Caesalpinia BONDUC (L.) Roxb.,Caesalpiniaceae,cox2,COX-2 (PTGS2),6,118,118,36,69,2,0.05555555555555555,0.043478260869565216,0.1652888888888889,0.16110000000000002,0.56,15,13,2,2,0.3050847457627119,163184635.0,Palargonidin 3-(6- ferulylglucoside)-5-(6- malonylglucoside,0.3927,0.4,"HIGH=33, MED=4, LOW=0"
786,Caesalpinia BONDUC (L.) Roxb.,Caesalpiniaceae,cox2,COX-2 (PTGS2),5,118,118,36,68,33,0.9166666666666666,0.9558823529411765,0.4688833333333333,0.493,0.8317,115,82,33,33,0.3050847457627119,73145.0,beta-Amyrin,0.7933,0.5645,"HIGH=33, MED=4, LOW=0"
786,Caesalpinia BONDUC (L.) Roxb.,Caesalpiniaceae,xo,Xanthine Oxidase (XDH),6,118,118,31,56,2,0.06451612903225806,0.10714285714285714,0.17097419354838705,0.1483,0.5367,8,6,2,2,0.2627118644067797,5319688.0,"4,4?-dihydroxy-2?-methoxy-chalcone",0.5367,0.8158,"HIGH=29, MED=2, LOW=0"
786,Caesalpinia BONDUC (L.) Roxb.,Caesalpiniaceae,xo,Xanthine Oxidase (XDH),5,118,118,31,56,27,0.8709677419354839,0.8392857142857143,0.4551064516129032,0.4483,0.8367,94,67,27,27,0.2627118644067797,638278.0,Isoliquiritigenin,0.8367,0.5833,"HIGH=29, MED=2, LOW=0"
786,Caesalpinia BONDUC (L.) Roxb.,Caesalpiniaceae,maoa,MAO-A (CHRFAM7A/MAOA),6,118,118,27,51,10,0.37037037037037035,0.3333333333333333,0.3487777777777778,0.305,0.9217,20,10,10,10,0.2288135593220339,5378823.0,"Kaempferol 7,4-dimethyl ether",0.9217,0.8974,"HIGH=23, MED=4, LOW=0"
786,Caesalpinia BONDUC (L.) Roxb.,Caesalpiniaceae,maoa,MAO-A (CHRFAM7A/MAOA),5,118,118,27,51,20,0.7407407407407407,0.803921568627451,0.4720333333333333,0.485,0.84,106,86,20,20,0.2288135593220339,5378823.0,"Kaempferol 7,4-dimethyl ether",0.84,0.8974,"HIGH=23, MED=4, LOW=0"
787,Caesalpinia DIGYNA Rottl.,Caesalpinaeae,cox1,COX-1 (PTGS1),6,5,5,0,1,0,,1.0,,,0.6317,2,2,0,0,0.0,,None (No strict-domain compound),,,"HIGH=0, MED=0, LOW=0"
787,Caesalpinia DIGYNA Rottl.,Caesalpinaeae,cox1,COX-1 (PTGS1),5,5,5,0,1,0,,1.0,,,0.6794,5,5,0,0,0.0,,None (No strict-domain compound),,,"HIGH=0, MED=0, LOW=0"
787,Caesalpinia DIGYNA Rottl.,Caesalpinaeae,cox2,COX-2 (PTGS2),6,5,5,1,2,0,0.0,0.0,0.1167,0.1167,0.36,1,1,0,0,0.2,370.0,Gallic acid,0.1167,0.64,"HIGH=1, MED=0, LOW=0"
787,Caesalpinia DIGYNA Rottl.,Caesalpinaeae,cox2,COX-2 (PTGS2),5,5,5,1,2,1,1.0,1.0,0.1927,0.1927,0.6267,5,4,1,1,0.2,370.0,Gallic acid,0.1927,0.64,"HIGH=1, MED=0, LOW=0"
787,Caesalpinia DIGYNA Rottl.,Caesalpinaeae,xo,Xanthine Oxidase (XDH),6,5,5,0,3,0,,0.3333333333333333,,,0.455,1,1,0,0,0.0,,None (No strict-domain compound),,,"HIGH=0, MED=0, LOW=0"
787,Caesalpinia DIGYNA Rottl.,Caesalpinaeae,xo,Xanthine Oxidase (XDH),5,5,5,0,3,0,,0.6666666666666666,,,0.5667,3,3,0,0,0.0,,None (No strict-domain compound),,,"HIGH=0, MED=0, LOW=0"
787,Caesalpinia DIGYNA Rottl.,Caesalpinaeae,maoa,MAO-A (CHRFAM7A/MAOA),6,5,5,1,3,0,0.0,0.0,0.11,0.11,0.48,2,2,0,0,0.2,1057.0,"1,2,3-Benzenetriol",0.11,0.4091,"HIGH=1, MED=0, LOW=0"
787,Caesalpinia DIGYNA Rottl.,Caesalpinaeae,maoa,MAO-A (CHRFAM7A/MAOA),5,5,5,1,3,0,0.0,0.3333333333333333,0.33,0.33,0.5739,3,3,0,0,0.2,1057.0,"1,2,3-Benzenetriol",0.33,0.4091,"HIGH=1, MED=0, LOW=0"
793,Calotropis GIGANTEA (L.) R. Br.,Asclepiadaceae,cox1,COX-1 (PTGS1),6,140,140,14,40,6,0.42857142857142855,0.55,0.40381428571428574,0.3267,0.86,75,69,6,6,0.1,7095.0,Biphenyl,0.86,0.4286,"HIGH=16, MED=0, LOW=0"
793,Calotropis GIGANTEA (L.) R. Br.,Asclepiadaceae,cox1,COX-1 (PTGS1),5,140,140,14,40,9,0.6428571428571429,0.85,0.504842857142857,0.46,0.865,131,122,9,9,0.1,7095.0,Biphenyl,0.865,0.4286,"HIGH=16, MED=0, LOW=0"
793,Calotropis GIGANTEA (L.) R. Br.,Asclepiadaceae,cox2,COX-2 (PTGS2),6,140,140,10,51,1,0.1,0.11764705882352941,0.17427,0.14335,0.6017,26,25,1,1,0.07142857142857142,537607.0,3-O-ACETYL-6-METHOXY-CYCLOARTENOL,0.3667,0.4875,"HIGH=12, MED=0, LOW=0"
793,Calotropis GIGANTEA (L.) R. Br.,Asclepiadaceae,cox2,COX-2 (PTGS2),5,140,140,10,51,10,1.0,0.9803921568627451,0.61985,0.69485,0.83,139,129,10,10,0.07142857142857142,10494.0,Oleanolic acid,0.83,0.7586,"HIGH=12, MED=0, LOW=0"
793,Calotropis GIGANTEA (L.) R. Br.,Asclepiadaceae,xo,Xanthine Oxidase (XDH),6,140,140,1,16,0,0.0,0.0625,0.2983,0.2983,0.4683,5,5,0,0,0.007142857142857143,637520.0,(E)-Methyl cinnamate,0.2983,0.4103,"HIGH=1, MED=0, LOW=0"
793,Calotropis GIGANTEA (L.) R. Br.,Asclepiadaceae,xo,Xanthine Oxidase (XDH),5,140,140,1,16,1,1.0,0.6875,0.4117,0.4117,0.6633,86,85,1,1,0.007142857142857143,637520.0,(E)-Methyl cinnamate,0.4117,0.4103,"HIGH=1, MED=0, LOW=0"
793,Calotropis GIGANTEA (L.) R. Br.,Asclepiadaceae,maoa,MAO-A (CHRFAM7A/MAOA),6,140,140,7,19,0,0.0,0.0,0.16755714285714288,0.1417,0.4322,4,4,0,0,0.05,7362.0,Furfural,0.2733,0.4,"HIGH=7, MED=0, LOW=0"
793,Calotropis GIGANTEA (L.) R. Br.,Asclepiadaceae,maoa,MAO-A (CHRFAM7A/MAOA),5,140,140,7,19,3,0.42857142857142855,0.7894736842105263,0.36132857142857144,0.37,0.7629,127,124,3,3,0.05,7095.0,Biphenyl,0.4395,0.5,"HIGH=7, MED=0, LOW=0"
794,Calotropis PROCERA (Aiton) Dryand.,Asclepiadaceae,cox1,COX-1 (PTGS1),6,118,118,7,24,4,0.5714285714285714,0.5,0.3997714285714285,0.39,0.7117,60,56,4,4,0.059322033898305086,1017.0,"1,2-Benzenedicarboxylic acid",0.7117,0.4062,"HIGH=8, MED=0, LOW=0"
794,Calotropis PROCERA (Aiton) Dryand.,Asclepiadaceae,cox1,COX-1 (PTGS1),5,118,118,7,24,5,0.7142857142857143,0.9166666666666666,0.5110428571428571,0.5417,0.7837,113,108,5,5,0.059322033898305086,1017.0,"1,2-Benzenedicarboxylic acid",0.7033,0.4062,"HIGH=8, MED=0, LOW=0"
794,Calotropis PROCERA (Aiton) Dryand.,Asclepiadaceae,cox2,COX-2 (PTGS2),6,118,118,6,26,0,0.0,0.038461538461538464,0.14056666666666667,0.1267,0.5867,24,24,0,0,0.05084745762711865,5280805.0,Rutin,0.25,0.5342,"HIGH=7, MED=0, LOW=0"
794,Calotropis PROCERA (Aiton) Dryand.,Asclepiadaceae,cox2,COX-2 (PTGS2),5,118,118,6,26,6,1.0,1.0,0.5223666666666666,0.6054,0.8383,118,112,6,6,0.05084745762711865,92156.0,beta-Amyrin acetate,0.8217,0.5758,"HIGH=7, MED=0, LOW=0"
794,Calotropis PROCERA (Aiton) Dryand.,Asclepiadaceae,xo,Xanthine Oxidase (XDH),6,118,118,1,11,0,0.0,0.09090909090909091,0.0733,0.0733,0.4383,3,3,0,0,0.00847457627118644,5280805.0,Rutin,0.0733,0.7143,"HIGH=1, MED=0, LOW=0"
794,Calotropis PROCERA (Aiton) Dryand.,Asclepiadaceae,xo,Xanthine Oxidase (XDH),5,118,118,1,11,1,1.0,0.6363636363636364,0.5517,0.5517,0.6183,65,64,1,1,0.00847457627118644,5280805.0,Rutin,0.5517,0.7143,"HIGH=1, MED=0, LOW=0"
794,Calotropis PROCERA (Aiton) Dryand.,Asclepiadaceae,maoa,MAO-A (CHRFAM7A/MAOA),6,118,118,3,13,0,0.0,0.07692307692307693,0.15056666666666665,0.1317,0.4533,2,2,0,0,0.025423728813559324,332.0,2-Methoxy-4-vinylphenol,0.2533,0.4762,"HIGH=3, MED=0, LOW=0"
794,Calotropis PROCERA (Aiton) Dryand.,Asclepiadaceae,maoa,MAO-A (CHRFAM7A/MAOA),5,118,118,3,13,1,0.3333333333333333,0.6923076923076923,0.34706666666666663,0.2233,0.6604,109,108,1,1,0.025423728813559324,332.0,2-Methoxy-4-vinylphenol,0.6083,0.4762,"HIGH=3, MED=0, LOW=0"
796,Camellia sinensis (L.) O. Kuntze.,Theaceae,cox1,COX-1 (PTGS1),6,292,292,56,132,11,0.19642857142857142,0.26515151515151514,0.27336607142857144,0.19165,0.9217,140,129,11,11,0.1917808219178082,11487.0,Diphenylamine,0.9217,0.9231,"HIGH=65, MED=3, LOW=0"
796,Camellia sinensis (L.) O. Kuntze.,Theaceae,cox1,COX-1 (PTGS1),5,292,292,56,132,43,0.7678571428571429,0.8863636363636364,0.469275,0.47209999999999996,0.8917,276,233,43,43,0.1917808219178082,11487.0,Diphenylamine,0.8917,0.9231,"HIGH=65, MED=3, LOW=0"
796,Camellia sinensis (L.) O. Kuntze.,Theaceae,cox2,COX-2 (PTGS2),6,292,292,63,150,6,0.09523809523809523,0.05333333333333334,0.17716190476190477,0.1367,0.6289,24,18,6,6,0.21575342465753425,73330.0,Strictinin,0.49,0.5238,"HIGH=69, MED=7, LOW=0"
796,Camellia sinensis (L.) O. Kuntze.,Theaceae,cox2,COX-2 (PTGS2),5,292,292,63,149,60,0.9523809523809523,0.9798657718120806,0.4901079365079365,0.5183,0.8222,289,229,60,60,0.21575342465753425,44566256.0,theasaponins E1,0.8222,0.4286,"HIGH=69, MED=7, LOW=0"
796,Camellia sinensis (L.) O. Kuntze.,Theaceae,xo,Xanthine Oxidase (XDH),6,292,292,44,87,1,0.022727272727272728,0.06896551724137931,0.16163409090909095,0.14584999999999998,0.595,13,12,1,1,0.1506849315068493,439246.0,Naringenin,0.4017,0.7556,"HIGH=50, MED=2, LOW=0"
796,Camellia sinensis (L.) O. Kuntze.,Theaceae,xo,Xanthine Oxidase (XDH),5,292,292,44,87,26,0.5909090909090909,0.6781609195402298,0.35337045454545457,0.34914999999999996,0.65,179,153,26,26,0.1506849315068493,5281672.0,Myricetin,0.65,0.5319,"HIGH=50, MED=2, LOW=0"
796,Camellia sinensis (L.) O. Kuntze.,Theaceae,maoa,MAO-A (CHRFAM7A/MAOA),6,292,292,41,85,5,0.12195121951219512,0.15294117647058825,0.22207560975609755,0.2267,0.49,24,19,5,5,0.1404109589041096,44259965.0,Pollenitin,0.4717,0.6304,"HIGH=44, MED=0, LOW=2"
796,Camellia sinensis (L.) O. Kuntze.,Theaceae,maoa,MAO-A (CHRFAM7A/MAOA),5,292,292,41,85,21,0.5121951219512195,0.6705882352941176,0.3890585365853658,0.3833,0.735,249,228,21,21,0.1404109589041096,5281855.0,Ellagic acid,0.735,1.0,"HIGH=44, MED=0, LOW=2"
798,Canna INDICA L.,Cannaceae,cox1,COX-1 (PTGS1),6,4,4,0,1,0,,0.0,,,0.3317,0,0,0,0,0.0,,None (No strict-domain compound),,,"HIGH=0, MED=0, LOW=0"
798,Canna INDICA L.,Cannaceae,cox1,COX-1 (PTGS1),5,4,4,0,1,0,,1.0,,,0.5817,4,4,0,0,0.0,,None (No strict-domain compound),,,"HIGH=0, MED=0, LOW=0"
798,Canna INDICA L.,Cannaceae,cox2,COX-2 (PTGS2),6,4,4,0,1,0,,0.0,,,0.3967,3,3,0,0,0.0,,None (No strict-domain compound),,,"HIGH=0, MED=0, LOW=0"
798,Canna INDICA L.,Cannaceae,cox2,COX-2 (PTGS2),5,4,4,0,1,0,,1.0,,,0.7567,4,4,0,0,0.0,,None (No strict-domain compound),,,"HIGH=0, MED=0, LOW=0"
798,Canna INDICA L.,Cannaceae,xo,Xanthine Oxidase (XDH),6,4,4,0,0,0,,,,,0.23,0,0,0,0,0.0,,None (No strict-domain compound),,,"HIGH=0, MED=0, LOW=0"
798,Canna INDICA L.,Cannaceae,xo,Xanthine Oxidase (XDH),5,4,4,0,0,0,,,,,0.3583,3,3,0,0,0.0,,None (No strict-domain compound),,,"HIGH=0, MED=0, LOW=0"
798,Canna INDICA L.,Cannaceae,maoa,MAO-A (CHRFAM7A/MAOA),6,4,4,0,0,0,,,,,0.32,0,0,0,0,0.0,,None (No strict-domain compound),,,"HIGH=0, MED=0, LOW=0"
798,Canna INDICA L.,Cannaceae,maoa,MAO-A (CHRFAM7A/MAOA),5,4,4,0,0,0,,,,,0.5662,4,4,0,0,0.0,,None (No strict-domain compound),,,"HIGH=0, MED=0, LOW=0"
799,Cannabis SATIVA L.,Cannabidaceae,cox1,COX-1 (PTGS1),6,236,236,36,74,6,0.16666666666666666,0.35135135135135137,0.3100555555555556,0.2917,0.8617,122,116,6,6,0.15254237288135594,338.0,Salicylic acid,0.8617,0.4242,"HIGH=36, MED=3, LOW=0"
799,Cannabis SATIVA L.,Cannabidaceae,cox1,COX-1 (PTGS1),5,236,236,36,73,28,0.7777777777777778,0.8904109589041096,0.4674388888888889,0.485,0.7837,228,200,28,28,0.15254237288135594,338.0,Salicylic acid,0.7783,0.4242,"HIGH=36, MED=3, LOW=0"
799,Cannabis SATIVA L.,Cannabidaceae,cox2,COX-2 (PTGS2),6,236,236,42,85,0,0.0,0.023529411764705882,0.1309928571428572,0.11255,0.63,17,17,0,0,0.17796610169491525,6449999.0,CBGA,0.336,0.6078,"HIGH=42, MED=3, LOW=0"
799,Cannabis SATIVA L.,Cannabidaceae,cox2,COX-2 (PTGS2),5,236,236,42,85,38,0.9047619047619048,0.9529411764705882,0.4085785714285714,0.43895,0.7567,232,194,38,38,0.17796610169491525,25172436.0,"5-acetoxy-6-geranyl-3-n-pentyl-1,4-benzoquinone",0.7272,0.5,"HIGH=42, MED=3, LOW=0"
799,Cannabis SATIVA L.,Cannabidaceae,xo,Xanthine Oxidase (XDH),6,236,236,14,39,2,0.14285714285714285,0.15384615384615385,0.2542928571428571,0.22835,0.4933,23,21,2,2,0.059322033898305086,72.0,Protocatechuic acid,0.445,0.4545,"HIGH=13, MED=1, LOW=0"
799,Cannabis SATIVA L.,Cannabidaceae,xo,Xanthine Oxidase (XDH),5,236,236,14,39,13,0.9285714285714286,0.9487179487179487,0.46869285714285713,0.49835,0.65,170,157,13,13,0.059322033898305086,5281672.0,Myricetin,0.65,0.5319,"HIGH=13, MED=1, LOW=0"
799,Cannabis SATIVA L.,Cannabidaceae,maoa,MAO-A (CHRFAM7A/MAOA),6,236,236,27,53,3,0.1111111111111111,0.05660377358490566,0.21235925925925925,0.17,0.5333,4,1,3,3,0.11440677966101695,5280863.0,Kaempferol,0.5333,0.75,"HIGH=25, MED=2, LOW=0"
799,Cannabis SATIVA L.,Cannabidaceae,maoa,MAO-A (CHRFAM7A/MAOA),5,236,236,27,53,16,0.5925925925925926,0.660377358490566,0.4017333333333333,0.415,0.6767,199,183,16,16,0.11440677966101695,1102.0,spermidine,0.5558,0.5,"HIGH=25, MED=2, LOW=0"
802,Solenaamplexicaulis(lam.) gandhi.,Cucurbitaceae,cox1,COX-1 (PTGS1),6,25,25,5,14,0,0.0,0.5714285714285714,0.29835999999999996,0.3267,0.645,14,14,0,0,0.2,5282767.0,Gadoleic acid,0.3267,0.4324,"HIGH=5, MED=0, LOW=0"
802,Solenaamplexicaulis(lam.) gandhi.,Cucurbitaceae,cox1,COX-1 (PTGS1),5,25,25,5,14,0,0.0,0.5714285714285714,0.28409999999999996,0.3122,0.696,18,18,0,0,0.2,5282767.0,Gadoleic acid,0.3122,0.4324,"HIGH=5, MED=0, LOW=0"
802,Solenaamplexicaulis(lam.) gandhi.,Cucurbitaceae,cox2,COX-2 (PTGS2),6,25,25,0,14,0,,0.0,,,0.3367,0,0,0,0,0.0,,None (No strict-domain compound),,,"HIGH=0, MED=0, LOW=0"
802,Solenaamplexicaulis(lam.) gandhi.,Cucurbitaceae,cox2,COX-2 (PTGS2),5,25,25,0,14,0,,1.0,,,0.6925,25,25,0,0,0.0,,None (No strict-domain compound),,,"HIGH=0, MED=0, LOW=0"
802,Solenaamplexicaulis(lam.) gandhi.,Cucurbitaceae,xo,Xanthine Oxidase (XDH),6,25,25,0,8,0,,0.0,,,0.2883,0,0,0,0,0.0,,None (No strict-domain compound),,,"HIGH=0, MED=0, LOW=0"
802,Solenaamplexicaulis(lam.) gandhi.,Cucurbitaceae,xo,Xanthine Oxidase (XDH),5,25,25,0,8,0,,0.875,,,0.3883,17,17,0,0,0.0,,None (No strict-domain compound),,,"HIGH=0, MED=0, LOW=0"
802,Solenaamplexicaulis(lam.) gandhi.,Cucurbitaceae,maoa,MAO-A (CHRFAM7A/MAOA),6,25,25,0,1,0,,0.0,,,0.4179,1,1,0,0,0.0,,None (No strict-domain compound),,,"HIGH=0, MED=0, LOW=0"
802,Solenaamplexicaulis(lam.) gandhi.,Cucurbitaceae,maoa,MAO-A (CHRFAM7A/MAOA),5,25,25,0,1,0,,1.0,,,0.5851,25,25,0,0,0.0,,None (No strict-domain compound),,,"HIGH=0, MED=0, LOW=0"
806,Sida rhombifolia L.,Malvaceae,cox1,COX-1 (PTGS1),6,18,18,4,8,3,0.75,0.75,0.46460000000000007,0.47585,0.7967,14,11,3,3,0.2222222222222222,442935.0,"(3S)-3-hydroxy-2,3-dihydro-1H-pyrrolo[2,1-b]quinazolin-9-one",0.63,0.4286,"HIGH=4, MED=0, LOW=0"
806,Sida rhombifolia L.,Malvaceae,cox1,COX-1 (PTGS1),5,18,18,4,8,3,0.75,0.875,0.552225,0.6000000000000001,0.82,17,14,3,3,0.2222222222222222,442935.0,"(3S)-3-hydroxy-2,3-dihydro-1H-pyrrolo[2,1-b]quinazolin-9-one",0.7317,0.4286,"HIGH=4, MED=0, LOW=0"
806,Sida rhombifolia L.,Malvaceae,cox2,COX-2 (PTGS2),6,18,18,3,8,1,0.3333333333333333,0.125,0.2731,0.2667,0.5833,4,3,1,1,0.16666666666666666,442935.0,"(3S)-3-hydroxy-2,3-dihydro-1H-pyrrolo[2,1-b]quinazolin-9-one",0.4767,0.4286,"HIGH=3, MED=0, LOW=0"
806,Sida rhombifolia L.,Malvaceae,cox2,COX-2 (PTGS2),5,18,18,3,8,3,1.0,1.0,0.4479333333333333,0.3655,0.6983,18,15,3,3,0.16666666666666666,442935.0,"(3S)-3-hydroxy-2,3-dihydro-1H-pyrrolo[2,1-b]quinazolin-9-one",0.6333,0.4286,"HIGH=3, MED=0, LOW=0"
806,Sida rhombifolia L.,Malvaceae,xo,Xanthine Oxidase (XDH),6,18,18,0,2,0,,0.5,,,0.4617,1,1,0,0,0.0,,None (No strict-domain compound),,,"HIGH=0, MED=0, LOW=0"
806,Sida rhombifolia L.,Malvaceae,xo,Xanthine Oxidase (XDH),5,18,18,0,2,0,,1.0,,,0.5567,12,12,0,0,0.0,,None (No strict-domain compound),,,"HIGH=0, MED=0, LOW=0"
806,Sida rhombifolia L.,Malvaceae,maoa,MAO-A (CHRFAM7A/MAOA),6,18,18,4,9,0,0.0,0.0,0.20845,0.1673,0.4083,0,0,0,0,0.2222222222222222,82143.0,Cryptolepine,0.3961,0.425,"HIGH=4, MED=0, LOW=0"
806,Sida rhombifolia L.,Malvaceae,maoa,MAO-A (CHRFAM7A/MAOA),5,18,18,4,9,3,0.75,0.7777777777777778,0.541325,0.5896,0.6994,14,11,3,3,0.2222222222222222,82143.0,Cryptolepine,0.6994,0.425,"HIGH=4, MED=0, LOW=0"
810,Sida acuta Burm. f.,Malvaceae,cox1,COX-1 (PTGS1),6,26,26,1,7,1,1.0,0.8571428571428571,0.63,0.63,0.7967,14,13,1,1,0.038461538461538464,442935.0,"(3S)-3-hydroxy-2,3-dihydro-1H-pyrrolo[2,1-b]quinazolin-9-one",0.63,0.4286,"HIGH=1, MED=0, LOW=0"
810,Sida acuta Burm. f.,Malvaceae,cox1,COX-1 (PTGS1),5,26,26,1,7,1,1.0,1.0,0.7317,0.7317,0.82,26,25,1,1,0.038461538461538464,442935.0,"(3S)-3-hydroxy-2,3-dihydro-1H-pyrrolo[2,1-b]quinazolin-9-one",0.7317,0.4286,"HIGH=1, MED=0, LOW=0"
810,Sida acuta Burm. f.,Malvaceae,cox2,COX-2 (PTGS2),6,26,26,2,8,1,0.5,0.125,0.3417,0.3417,0.4767,10,9,1,1,0.07692307692307693,442935.0,"(3S)-3-hydroxy-2,3-dihydro-1H-pyrrolo[2,1-b]quinazolin-9-one",0.4767,0.4286,"HIGH=2, MED=0, LOW=0"
810,Sida acuta Burm. f.,Malvaceae,cox2,COX-2 (PTGS2),5,26,26,2,8,2,1.0,1.0,0.69415,0.69415,0.7583,26,24,2,2,0.07692307692307693,131752025.0,alpha-Amyrin,0.755,0.4143,"HIGH=2, MED=0, LOW=0"
810,Sida acuta Burm. f.,Malvaceae,xo,Xanthine Oxidase (XDH),6,26,26,0,3,0,,0.0,,,0.3017,0,0,0,0,0.0,,None (No strict-domain compound),,,"HIGH=0, MED=0, LOW=0"
810,Sida acuta Burm. f.,Malvaceae,xo,Xanthine Oxidase (XDH),5,26,26,0,3,0,,0.6666666666666666,,,0.4733,15,15,0,0,0.0,,None (No strict-domain compound),,,"HIGH=0, MED=0, LOW=0"
810,Sida acuta Burm. f.,Malvaceae,maoa,MAO-A (CHRFAM7A/MAOA),6,26,26,3,6,0,0.0,0.0,0.24356666666666668,0.2196,0.3961,0,0,0,0,0.11538461538461539,82143.0,Cryptolepine,0.3961,0.425,"HIGH=3, MED=0, LOW=0"
810,Sida acuta Burm. f.,Malvaceae,maoa,MAO-A (CHRFAM7A/MAOA),5,26,26,3,6,2,0.6666666666666666,0.8333333333333334,0.5152333333333333,0.5596,0.6994,24,22,2,2,0.11538461538461539,82143.0,Cryptolepine,0.6994,0.425,"HIGH=3, MED=0, LOW=0"
812,Hibiscus schizopetalus (Mast.) Hook. f.,Malvaceae,cox1,COX-1 (PTGS1),6,67,67,20,38,1,0.05,0.13157894736842105,0.216095,0.18835000000000002,0.57,17,16,1,1,0.29850746268656714,136420.0,"5,7,4'-Trimethoxyisoflavone",0.4333,0.4231,"HIGH=17, MED=4, LOW=0"
812,Hibiscus schizopetalus (Mast.) Hook. f.,Malvaceae,cox1,COX-1 (PTGS1),5,67,67,20,38,15,0.75,0.8421052631578947,0.45809000000000005,0.46585,0.67,60,45,15,15,0.29850746268656714,136420.0,"5,7,4'-Trimethoxyisoflavone",0.67,0.4231,"HIGH=17, MED=4, LOW=0"
812,Hibiscus schizopetalus (Mast.) Hook. f.,Malvaceae,cox2,COX-2 (PTGS2),6,67,67,18,45,0,0.0,0.06666666666666667,0.15597222222222223,0.185,0.4933,9,9,0,0,0.26865671641791045,5280805.0,Rutin,0.25,0.5342,"HIGH=15, MED=4, LOW=0"
812,Hibiscus schizopetalus (Mast.) Hook. f.,Malvaceae,cox2,COX-2 (PTGS2),5,67,67,18,45,18,1.0,1.0,0.5221166666666668,0.5052,0.8033,67,49,18,18,0.26865671641791045,5491408.0,myricetin 3-O-galactoside,0.68,0.7288,"HIGH=15, MED=4, LOW=0"
812,Hibiscus schizopetalus (Mast.) Hook. f.,Malvaceae,xo,Xanthine Oxidase (XDH),6,67,67,24,42,0,0.0,0.0,0.1545875,0.145,0.3817,0,0,0,0,0.3582089552238806,5280443.0,apigenin,0.3817,0.6591,"HIGH=18, MED=8, LOW=0"
812,Hibiscus schizopetalus (Mast.) Hook. f.,Malvaceae,xo,Xanthine Oxidase (XDH),5,67,67,24,42,23,0.9583333333333334,0.8333333333333334,0.43277916666666666,0.42415,0.65,54,31,23,23,0.3582089552238806,5281672.0,Myricetin,0.65,0.5319,"HIGH=18, MED=8, LOW=0"
812,Hibiscus schizopetalus (Mast.) Hook. f.,Malvaceae,maoa,MAO-A (CHRFAM7A/MAOA),6,67,67,21,38,9,0.42857142857142855,0.2894736842105263,0.3393809523809524,0.3867,0.5333,12,3,9,9,0.31343283582089554,5280863.0,Kaempferol,0.5333,0.75,"HIGH=16, MED=3, LOW=2"
812,Hibiscus schizopetalus (Mast.) Hook. f.,Malvaceae,maoa,MAO-A (CHRFAM7A/MAOA),5,67,67,21,38,15,0.7142857142857143,0.8157894736842105,0.4172714285714285,0.4233,0.6233,59,44,15,15,0.31343283582089554,5486199.0,Kaempferitrin,0.6194,0.5,"HIGH=16, MED=3, LOW=2"
814,Bombax insigne Wall.,Bombaceae,cox1,COX-1 (PTGS1),6,1,1,0,0,0,,,,,0.3033,0,0,0,0,0.0,,None (No strict-domain compound),,,"HIGH=0, MED=0, LOW=0"
814,Bombax insigne Wall.,Bombaceae,cox1,COX-1 (PTGS1),5,1,1,0,0,0,,,,,0.4942,1,1,0,0,0.0,,None (No strict-domain compound),,,"HIGH=0, MED=0, LOW=0"
814,Bombax insigne Wall.,Bombaceae,cox2,COX-2 (PTGS2),6,1,1,0,0,0,,,,,0.38,1,1,0,0,0.0,,None (No strict-domain compound),,,"HIGH=0, MED=0, LOW=0"
814,Bombax insigne Wall.,Bombaceae,cox2,COX-2 (PTGS2),5,1,1,0,0,0,,,,,0.745,1,1,0,0,0.0,,None (No strict-domain compound),,,"HIGH=0, MED=0, LOW=0"
814,Bombax insigne Wall.,Bombaceae,xo,Xanthine Oxidase (XDH),6,1,1,0,0,0,,,,,0.2083,0,0,0,0,0.0,,None (No strict-domain compound),,,"HIGH=0, MED=0, LOW=0"
814,Bombax insigne Wall.,Bombaceae,xo,Xanthine Oxidase (XDH),5,1,1,0,0,0,,,,,0.3117,1,1,0,0,0.0,,None (No strict-domain compound),,,"HIGH=0, MED=0, LOW=0"
814,Bombax insigne Wall.,Bombaceae,maoa,MAO-A (CHRFAM7A/MAOA),6,1,1,0,0,0,,,,,0.32,0,0,0,0,0.0,,None (No strict-domain compound),,,"HIGH=0, MED=0, LOW=0"
814,Bombax insigne Wall.,Bombaceae,maoa,MAO-A (CHRFAM7A/MAOA),5,1,1,0,0,0,,,,,0.5662,1,1,0,0,0.0,,None (No strict-domain compound),,,"HIGH=0, MED=0, LOW=0"
819,Melochia corchorifolia L.,Tiliaceae,cox1,COX-1 (PTGS1),6,32,32,9,14,1,0.1111111111111111,0.21428571428571427,0.2579666666666667,0.21,0.6783,14,13,1,1,0.28125,938.0,Nicotinic acid,0.545,0.4359,"HIGH=6, MED=2, LOW=1"
819,Melochia corchorifolia L.,Tiliaceae,cox1,COX-1 (PTGS1),5,32,32,9,14,8,0.8888888888888888,0.8571428571428571,0.47381111111111107,0.5558,0.7017,30,22,8,8,0.28125,73145.0,beta-Amyrin,0.5894,0.4098,"HIGH=6, MED=2, LOW=1"
819,Melochia corchorifolia L.,Tiliaceae,cox2,COX-2 (PTGS2),6,32,32,10,15,0,0.0,0.06666666666666667,0.15999,0.19165,0.5525,6,6,0,0,0.3125,938.0,Nicotinic acid,0.2667,0.5143,"HIGH=7, MED=2, LOW=1"
819,Melochia corchorifolia L.,Tiliaceae,cox2,COX-2 (PTGS2),5,32,32,10,15,8,0.8,0.8666666666666667,0.43674,0.4202,0.8056,30,22,8,8,0.3125,73145.0,beta-Amyrin,0.7933,0.5645,"HIGH=7, MED=2, LOW=1"
819,Melochia corchorifolia L.,Tiliaceae,xo,Xanthine Oxidase (XDH),6,32,32,7,14,0,0.0,0.21428571428571427,0.16952857142857145,0.1917,0.4817,3,3,0,0,0.21875,5280445.0,Luteolin,0.275,0.5957,"HIGH=5, MED=1, LOW=1"
819,Melochia corchorifolia L.,Tiliaceae,xo,Xanthine Oxidase (XDH),5,32,32,7,14,5,0.7142857142857143,0.7142857142857143,0.41714285714285715,0.4083,0.5667,20,15,5,5,0.21875,5280343.0,Quercetin,0.565,0.5957,"HIGH=5, MED=1, LOW=1"
819,Melochia corchorifolia L.,Tiliaceae,maoa,MAO-A (CHRFAM7A/MAOA),6,32,32,7,17,3,0.42857142857142855,0.23529411764705882,0.3296571428571428,0.2748,0.4994,4,1,3,3,0.21875,5281693.0,robunin,0.4994,0.4265,"HIGH=4, MED=2, LOW=1"
819,Melochia corchorifolia L.,Tiliaceae,maoa,MAO-A (CHRFAM7A/MAOA),5,32,32,7,17,6,0.8571428571428571,0.8235294117647058,0.46418571428571426,0.4983,0.6157,28,22,6,6,0.21875,5281693.0,robunin,0.6144,0.4265,"HIGH=4, MED=2, LOW=1"
821,Corchorus aestuans L.,Tiliaceae,cox1,COX-1 (PTGS1),6,13,13,1,3,0,0.0,0.3333333333333333,0.2767,0.2767,0.5817,7,7,0,0,0.07692307692307693,5280450.0,Linoleic acid,0.2767,0.5135,"HIGH=1, MED=0, LOW=0"
821,Corchorus aestuans L.,Tiliaceae,cox1,COX-1 (PTGS1),5,13,13,1,3,0,0.0,0.6666666666666666,0.2772,0.2772,0.6568,12,12,0,0,0.07692307692307693,5280450.0,Linoleic acid,0.2772,0.5135,"HIGH=1, MED=0, LOW=0"
821,Corchorus aestuans L.,Tiliaceae,cox2,COX-2 (PTGS2),6,13,13,0,4,0,,0.25,,,0.5267,4,4,0,0,0.0,,None (No strict-domain compound),,,"HIGH=0, MED=0, LOW=0"
821,Corchorus aestuans L.,Tiliaceae,cox2,COX-2 (PTGS2),5,13,13,0,4,0,,1.0,,,0.77,13,13,0,0,0.0,,None (No strict-domain compound),,,"HIGH=0, MED=0, LOW=0"
821,Corchorus aestuans L.,Tiliaceae,xo,Xanthine Oxidase (XDH),6,13,13,0,7,0,,0.14285714285714285,,,0.6983,1,1,0,0,0.0,,None (No strict-domain compound),,,"HIGH=0, MED=0, LOW=0"
821,Corchorus aestuans L.,Tiliaceae,xo,Xanthine Oxidase (XDH),5,13,13,0,7,0,,0.2857142857142857,,,0.6117,8,8,0,0,0.0,,None (No strict-domain compound),,,"HIGH=0, MED=0, LOW=0"
821,Corchorus aestuans L.,Tiliaceae,maoa,MAO-A (CHRFAM7A/MAOA),6,13,13,0,2,0,,0.0,,,0.4317,2,2,0,0,0.0,,None (No strict-domain compound),,,"HIGH=0, MED=0, LOW=0"
821,Corchorus aestuans L.,Tiliaceae,maoa,MAO-A (CHRFAM7A/MAOA),5,13,13,0,2,0,,1.0,,,0.5579,12,12,0,0,0.0,,None (No strict-domain compound),,,"HIGH=0, MED=0, LOW=0"
829,Dillenia indica L.,Dilleniaceae,cox1,COX-1 (PTGS1),6,32,32,2,5,1,0.5,0.6,0.4492,0.4492,0.7117,13,12,1,1,0.0625,1017.0,"1,2-Benzenedicarboxylic acid",0.7117,0.4062,"HIGH=2, MED=0, LOW=0"
829,Dillenia indica L.,Dilleniaceae,cox1,COX-1 (PTGS1),5,32,32,2,5,1,0.5,0.8,0.5087,0.5087,0.7233,30,29,1,1,0.0625,1017.0,"1,2-Benzenedicarboxylic acid",0.7033,0.4062,"HIGH=2, MED=0, LOW=0"
829,Dillenia indica L.,Dilleniaceae,cox2,COX-2 (PTGS2),6,32,32,4,10,0,0.0,0.1,0.1402,0.13040000000000002,0.4833,10,10,0,0,0.125,12305360.0,Cycloartenone,0.19,0.5,"HIGH=4, MED=0, LOW=0"
829,Dillenia indica L.,Dilleniaceae,cox2,COX-2 (PTGS2),5,32,32,4,10,4,1.0,1.0,0.453575,0.41445,0.8033,32,28,4,4,0.125,12305360.0,Cycloartenone,0.7437,0.5,"HIGH=4, MED=0, LOW=0"
829,Dillenia indica L.,Dilleniaceae,xo,Xanthine Oxidase (XDH),6,32,32,0,4,0,,0.25,,,0.4383,1,1,0,0,0.0,,None (No strict-domain compound),,,"HIGH=0, MED=0, LOW=0"
829,Dillenia indica L.,Dilleniaceae,xo,Xanthine Oxidase (XDH),5,32,32,0,4,0,,0.75,,,0.4383,19,19,0,0,0.0,,None (No strict-domain compound),,,"HIGH=0, MED=0, LOW=0"
829,Dillenia indica L.,Dilleniaceae,maoa,MAO-A (CHRFAM7A/MAOA),6,32,32,2,7,0,0.0,0.0,0.208,0.208,0.4207,1,1,0,0,0.0625,10286.0,Chromone,0.3493,0.4737,"HIGH=2, MED=0, LOW=0"
829,Dillenia indica L.,Dilleniaceae,maoa,MAO-A (CHRFAM7A/MAOA),5,32,32,2,7,1,0.5,0.8571428571428571,0.42379999999999995,0.42379999999999995,0.6683,29,28,1,1,0.0625,10286.0,Chromone,0.6243,0.4737,"HIGH=2, MED=0, LOW=0"
841,Cyathula prostrata (L.) Blume,Amaranthaceae,cox1,COX-1 (PTGS1),6,1,1,0,0,0,,,,,0.2583,0,0,0,0,0.0,,None (No strict-domain compound),,,"HIGH=0, MED=0, LOW=0"
841,Cyathula prostrata (L.) Blume,Amaranthaceae,cox1,COX-1 (PTGS1),5,1,1,0,0,0,,,,,0.4333,1,1,0,0,0.0,,None (No strict-domain compound),,,"HIGH=0, MED=0, LOW=0"
841,Cyathula prostrata (L.) Blume,Amaranthaceae,cox2,COX-2 (PTGS2),6,1,1,0,0,0,,,,,0.39,1,1,0,0,0.0,,None (No strict-domain compound),,,"HIGH=0, MED=0, LOW=0"
841,Cyathula prostrata (L.) Blume,Amaranthaceae,cox2,COX-2 (PTGS2),5,1,1,0,0,0,,,,,0.6279,1,1,0,0,0.0,,None (No strict-domain compound),,,"HIGH=0, MED=0, LOW=0"
841,Cyathula prostrata (L.) Blume,Amaranthaceae,xo,Xanthine Oxidase (XDH),6,1,1,0,0,0,,,,,0.3017,0,0,0,0,0.0,,None (No strict-domain compound),,,"HIGH=0, MED=0, LOW=0"
841,Cyathula prostrata (L.) Blume,Amaranthaceae,xo,Xanthine Oxidase (XDH),5,1,1,0,0,0,,,,,0.4383,1,1,0,0,0.0,,None (No strict-domain compound),,,"HIGH=0, MED=0, LOW=0"
841,Cyathula prostrata (L.) Blume,Amaranthaceae,maoa,MAO-A (CHRFAM7A/MAOA),6,1,1,0,0,0,,,,,0.3383,0,0,0,0,0.0,,None (No strict-domain compound),,,"HIGH=0, MED=0, LOW=0"
841,Cyathula prostrata (L.) Blume,Amaranthaceae,maoa,MAO-A (CHRFAM7A/MAOA),5,1,1,0,0,0,,,,,0.3817,1,1,0,0,0.0,,None (No strict-domain compound),,,"HIGH=0, MED=0, LOW=0"
843,Bougainvillea spectabilis Willd,Nyctaginaceae,cox1,COX-1 (PTGS1),6,36,36,6,11,2,0.3333333333333333,0.5454545454545454,0.3997166666666667,0.2533,0.8033,24,22,2,2,0.16666666666666666,4133.0,Methyl salicylate,0.7967,0.4167,"HIGH=2, MED=0, LOW=4"
843,Bougainvillea spectabilis Willd,Nyctaginaceae,cox1,COX-1 (PTGS1),5,36,36,6,11,6,1.0,1.0,0.4836,0.34665,0.84,36,30,6,6,0.16666666666666666,7243.0,o-Xylene,0.84,0.4737,"HIGH=2, MED=0, LOW=4"
843,Bougainvillea spectabilis Willd,Nyctaginaceae,cox2,COX-2 (PTGS2),6,36,36,3,13,0,0.0,0.07692307692307693,0.21889999999999998,0.2067,0.5,4,4,0,0,0.08333333333333333,4133.0,Methyl salicylate,0.2567,0.4722,"HIGH=2, MED=0, LOW=1"
843,Bougainvillea spectabilis Willd,Nyctaginaceae,cox2,COX-2 (PTGS2),5,36,36,3,13,3,1.0,1.0,0.5012333333333333,0.5167,0.7761,36,33,3,3,0.08333333333333333,5281654.0,Isorhamnetin,0.5333,0.4118,"HIGH=2, MED=0, LOW=1"
843,Bougainvillea spectabilis Willd,Nyctaginaceae,xo,Xanthine Oxidase (XDH),6,36,36,2,8,0,0.0,0.0,0.1908,0.1908,0.47,2,2,0,0,0.05555555555555555,5280343.0,Quercetin,0.1933,0.5957,"HIGH=2, MED=0, LOW=0"
843,Bougainvillea spectabilis Willd,Nyctaginaceae,xo,Xanthine Oxidase (XDH),5,36,36,2,8,2,1.0,0.75,0.55665,0.55665,0.565,27,25,2,2,0.05555555555555555,5280343.0,Quercetin,0.565,0.5957,"HIGH=2, MED=0, LOW=0"
843,Bougainvillea spectabilis Willd,Nyctaginaceae,maoa,MAO-A (CHRFAM7A/MAOA),6,36,36,6,9,2,0.3333333333333333,0.2222222222222222,0.30701666666666666,0.25605,0.5283,3,1,2,2,0.16666666666666666,5281654.0,Isorhamnetin,0.5283,0.7333,"HIGH=4, MED=0, LOW=2"
843,Bougainvillea spectabilis Willd,Nyctaginaceae,maoa,MAO-A (CHRFAM7A/MAOA),5,36,36,6,9,3,0.5,0.4444444444444444,0.40323333333333333,0.39665,0.6883,29,26,3,3,0.16666666666666666,5281654.0,Isorhamnetin,0.4983,0.7333,"HIGH=4, MED=0, LOW=2"
865,Cardiospermum HALICACABUML.,Sapindaceae,cox1,COX-1 (PTGS1),6,23,23,6,17,0,0.0,0.35294117647058826,0.22835000000000003,0.22749999999999998,0.685,7,7,0,0,0.2608695652173913,445639.0,Oleic acid,0.3267,0.4324,"HIGH=7, MED=0, LOW=0"
865,Cardiospermum HALICACABUML.,Sapindaceae,cox1,COX-1 (PTGS1),5,23,23,6,17,2,0.3333333333333333,0.7058823529411765,0.3586666666666667,0.29695,0.5867,18,16,2,2,0.2608695652173913,5280805.0,Rutin,0.5417,0.5342,"HIGH=7, MED=0, LOW=0"
865,Cardiospermum HALICACABUML.,Sapindaceae,cox2,COX-2 (PTGS2),6,23,23,5,18,0,0.0,0.0,0.17734,0.1333,0.38,3,3,0,0,0.21739130434782608,5318496.0,D-Pinitol,0.3167,0.4045,"HIGH=5, MED=0, LOW=2"
865,Cardiospermum HALICACABUML.,Sapindaceae,cox2,COX-2 (PTGS2),5,23,23,5,18,5,1.0,1.0,0.5817599999999999,0.6103,0.8056,23,18,5,5,0.21739130434782608,5280805.0,Rutin,0.6667,0.5342,"HIGH=5, MED=0, LOW=2"
865,Cardiospermum HALICACABUML.,Sapindaceae,xo,Xanthine Oxidase (XDH),6,23,23,6,15,1,0.16666666666666666,0.06666666666666667,0.28195,0.28335,0.4783,1,0,1,1,0.2608695652173913,108065.0,Proanthocyanidin,0.4783,0.4179,"HIGH=6, MED=0, LOW=2"
865,Cardiospermum HALICACABUML.,Sapindaceae,xo,Xanthine Oxidase (XDH),5,23,23,6,15,5,0.8333333333333334,0.8666666666666667,0.46445,0.525,0.5517,21,16,5,5,0.2608695652173913,5280805.0,Rutin,0.5517,0.7143,"HIGH=6, MED=0, LOW=2"
865,Cardiospermum HALICACABUML.,Sapindaceae,maoa,MAO-A (CHRFAM7A/MAOA),6,23,23,5,8,1,0.2,0.25,0.31316,0.2667,0.4533,2,1,1,1,0.21739130434782608,5318496.0,D-Pinitol,0.43,0.4054,"HIGH=4, MED=0, LOW=3"
865,Cardiospermum HALICACABUML.,Sapindaceae,maoa,MAO-A (CHRFAM7A/MAOA),5,23,23,5,8,3,0.6,0.75,0.42933999999999994,0.4667,0.61,20,17,3,3,0.21739130434782608,5318496.0,D-Pinitol,0.6033,0.4054,"HIGH=4, MED=0, LOW=3"
867,Carica PAPAYA L.,Caricaceae,cox1,COX-1 (PTGS1),6,355,355,35,130,16,0.45714285714285713,0.5846153846153846,0.4220028571428572,0.335,0.8533,242,226,16,16,0.09859154929577464,999.0,Benzeneacetic acid,0.8533,0.7273,"HIGH=49, MED=1, LOW=0"
867,Carica PAPAYA L.,Caricaceae,cox1,COX-1 (PTGS1),5,355,355,35,130,19,0.5428571428571428,0.8615384615384616,0.4608142857142857,0.3542,0.8433,335,316,19,19,0.09859154929577464,999.0,Benzeneacetic acid,0.7925,0.7273,"HIGH=49, MED=1, LOW=0"
867,Carica PAPAYA L.,Caricaceae,cox2,COX-2 (PTGS2),6,355,355,26,140,0,0.0,0.02857142857142857,0.13334230769230768,0.1167,0.4633,18,18,0,0,0.07323943661971831,11058690.0,Olean-12-ene,0.3167,0.4844,"HIGH=27, MED=0, LOW=0"
867,Carica PAPAYA L.,Caricaceae,cox2,COX-2 (PTGS2),5,355,355,26,140,23,0.8846153846153846,0.9714285714285714,0.35830000000000006,0.3628,0.7922,351,328,23,23,0.07323943661971831,11058690.0,Olean-12-ene,0.7922,0.4844,"HIGH=27, MED=0, LOW=0"
867,Carica PAPAYA L.,Caricaceae,xo,Xanthine Oxidase (XDH),6,355,355,6,63,2,0.3333333333333333,0.15873015873015872,0.29303333333333337,0.1983,0.6583,14,12,2,2,0.016901408450704224,135.0,4-Hydroxybenzoic acid,0.5233,0.5926,"HIGH=5, MED=1, LOW=0"
867,Carica PAPAYA L.,Caricaceae,xo,Xanthine Oxidase (XDH),5,355,355,6,63,5,0.8333333333333334,0.8412698412698413,0.42695,0.45415,0.705,222,217,5,5,0.016901408450704224,5280343.0,Quercetin,0.565,0.5957,"HIGH=5, MED=1, LOW=0"
867,Carica PAPAYA L.,Caricaceae,maoa,MAO-A (CHRFAM7A/MAOA),6,355,355,26,65,1,0.038461538461538464,0.015384615384615385,0.19155,0.1633,0.4967,2,1,1,1,0.07323943661971831,5280343.0,Quercetin,0.4967,0.6744,"HIGH=26, MED=1, LOW=0"
867,Carica PAPAYA L.,Caricaceae,maoa,MAO-A (CHRFAM7A/MAOA),5,355,355,26,65,15,0.5769230769230769,0.6461538461538462,0.4192730769230769,0.41415,0.7629,311,296,15,15,0.07323943661971831,5281855.0,Ellagic acid,0.735,1.0,"HIGH=26, MED=1, LOW=0"
870,Caryota URENS L.,Arecaceae,cox1,COX-1 (PTGS1),6,9,9,4,4,1,0.25,0.25,0.2671,0.1842,0.6517,5,4,1,1,0.4444444444444444,938.0,Nicotinic acid,0.545,0.4359,"HIGH=4, MED=0, LOW=1"
870,Caryota URENS L.,Arecaceae,cox1,COX-1 (PTGS1),5,9,9,4,4,4,1.0,1.0,0.46582500000000004,0.46585,0.725,9,5,4,4,0.4444444444444444,938.0,Nicotinic acid,0.5633,0.4359,"HIGH=4, MED=0, LOW=1"
870,Caryota URENS L.,Arecaceae,cox2,COX-2 (PTGS2),6,9,9,4,5,0,0.0,0.0,0.12085,0.07835,0.63,1,1,0,0,0.4444444444444444,938.0,Nicotinic acid,0.2667,0.5143,"HIGH=4, MED=0, LOW=1"
870,Caryota URENS L.,Arecaceae,cox2,COX-2 (PTGS2),5,9,9,4,5,4,1.0,1.0,0.40335,0.42815000000000003,0.7156,9,5,4,4,0.4444444444444444,65064.0,Epigallocatechin gallate,0.5104,0.678,"HIGH=4, MED=0, LOW=1"
870,Caryota URENS L.,Arecaceae,xo,Xanthine Oxidase (XDH),6,9,9,1,5,0,0.0,0.2,0.2617,0.2617,0.4617,2,2,0,0,0.1111111111111111,5276454.0,Catechin gallate,0.2617,0.4,"HIGH=2, MED=0, LOW=0"
870,Caryota URENS L.,Arecaceae,xo,Xanthine Oxidase (XDH),5,9,9,1,5,1,1.0,0.8,0.4233,0.4233,0.5483,6,5,1,1,0.1111111111111111,5276454.0,Catechin gallate,0.4233,0.4,"HIGH=2, MED=0, LOW=0"
870,Caryota URENS L.,Arecaceae,maoa,MAO-A (CHRFAM7A/MAOA),6,9,9,0,2,0,,0.0,,,0.4067,0,0,0,0,0.0,,None (No strict-domain compound),,,"HIGH=0, MED=0, LOW=0"
870,Caryota URENS L.,Arecaceae,maoa,MAO-A (CHRFAM7A/MAOA),5,9,9,0,2,0,,0.5,,,0.6233,8,8,0,0,0.0,,None (No strict-domain compound),,,"HIGH=0, MED=0, LOW=0"
872,Cassia FISTULA L.,Caesalpinaeae,cox1,COX-1 (PTGS1),6,342,342,44,142,10,0.22727272727272727,0.4225352112676056,0.3256522727272727,0.2767,0.815,163,153,10,10,0.1286549707602339,7515.0,Anilinomethane,0.815,0.5,"HIGH=46, MED=5, LOW=1"
872,Cassia FISTULA L.,Caesalpinaeae,cox1,COX-1 (PTGS1),5,342,342,44,142,28,0.6363636363636364,0.8450704225352113,0.4377318181818182,0.39415,0.9217,319,291,28,28,0.1286549707602339,9231.0,Azulene,0.8567,0.4091,"HIGH=46, MED=5, LOW=1"
872,Cassia FISTULA L.,Caesalpinaeae,cox2,COX-2 (PTGS2),6,342,342,45,158,1,0.022222222222222223,0.02531645569620253,0.16207333333333335,0.17,0.5467,34,33,1,1,0.13157894736842105,5281222.0,Butein,0.3933,0.4444,"HIGH=49, MED=3, LOW=1"
872,Cassia FISTULA L.,Caesalpinaeae,cox2,COX-2 (PTGS2),5,342,342,45,158,42,0.9333333333333333,0.9810126582278481,0.46593999999999997,0.4537,0.83,339,297,42,42,0.13157894736842105,10494.0,Oleanolic acid,0.83,0.7586,"HIGH=49, MED=3, LOW=1"
872,Cassia FISTULA L.,Caesalpinaeae,xo,Xanthine Oxidase (XDH),6,342,342,26,92,1,0.038461538461538464,0.05434782608695652,0.19371923076923078,0.1525,0.585,9,8,1,1,0.07602339181286549,439246.0,Naringenin,0.4017,0.7556,"HIGH=22, MED=3, LOW=1"
872,Cassia FISTULA L.,Caesalpinaeae,xo,Xanthine Oxidase (XDH),5,342,342,26,92,21,0.8076923076923077,0.7282608695652174,0.4371192307692308,0.45335000000000003,0.76,209,188,21,21,0.07602339181286549,5281222.0,Butein,0.76,0.5789,"HIGH=22, MED=3, LOW=1"
872,Cassia FISTULA L.,Caesalpinaeae,maoa,MAO-A (CHRFAM7A/MAOA),6,342,342,37,81,7,0.1891891891891892,0.14814814814814814,0.2567297297297297,0.2467,0.87,23,16,7,7,0.10818713450292397,5281691.0,Rhamnetin,0.87,0.8095,"HIGH=41, MED=1, LOW=0"
872,Cassia FISTULA L.,Caesalpinaeae,maoa,MAO-A (CHRFAM7A/MAOA),5,342,342,37,81,25,0.6756756756756757,0.7530864197530864,0.4445162162162162,0.4544,0.8,310,285,25,25,0.10818713450292397,5281691.0,Rhamnetin,0.8,0.8095,"HIGH=41, MED=1, LOW=0"
874,Senna occidentalis (L.) Link,Caesalpinaeae,cox1,COX-1 (PTGS1),6,102,102,7,33,3,0.42857142857142855,0.6060606060606061,0.3559571428571428,0.3267,0.6933,62,59,3,3,0.06862745098039216,16668.0,1-Methoxynaphthalene,0.5767,0.4615,"HIGH=7, MED=0, LOW=0"
874,Senna occidentalis (L.) Link,Caesalpinaeae,cox1,COX-1 (PTGS1),5,102,102,7,33,5,0.7142857142857143,0.8787878787878788,0.5049285714285714,0.4567,0.8089,98,93,5,5,0.06862745098039216,16668.0,1-Methoxynaphthalene,0.8089,0.4615,"HIGH=7, MED=0, LOW=0"
874,Senna occidentalis (L.) Link,Caesalpinaeae,cox2,COX-2 (PTGS2),6,102,102,6,35,0,0.0,0.0,0.1355666666666667,0.1267,0.3967,6,6,0,0,0.058823529411764705,44259820.0,Jaceidin 7-rhamnoside,0.2267,0.4079,"HIGH=6, MED=0, LOW=0"
874,Senna occidentalis (L.) Link,Caesalpinaeae,cox2,COX-2 (PTGS2),5,102,102,6,35,6,1.0,1.0,0.5405166666666666,0.5586500000000001,0.7633,102,96,6,6,0.058823529411764705,44259820.0,Jaceidin 7-rhamnoside,0.6267,0.4079,"HIGH=6, MED=0, LOW=0"
874,Senna occidentalis (L.) Link,Caesalpinaeae,xo,Xanthine Oxidase (XDH),6,102,102,5,16,0,0.0,0.0,0.197,0.1933,0.53,2,2,0,0,0.049019607843137254,5280443.0,apigenin,0.3817,0.6591,"HIGH=5, MED=0, LOW=0"
874,Senna occidentalis (L.) Link,Caesalpinaeae,xo,Xanthine Oxidase (XDH),5,102,102,5,16,4,0.8,0.875,0.44566,0.5283,0.615,69,65,4,4,0.049019607843137254,5280343.0,Quercetin,0.565,0.5957,"HIGH=5, MED=0, LOW=0"
874,Senna occidentalis (L.) Link,Caesalpinaeae,maoa,MAO-A (CHRFAM7A/MAOA),6,102,102,18,28,4,0.2222222222222222,0.17857142857142858,0.32531111111111105,0.3025,0.6033,10,6,4,4,0.17647058823529413,76295.0,"1,4,5-Trihydroxyanthraquinone",0.6033,0.6452,"HIGH=18, MED=0, LOW=0"
874,Senna occidentalis (L.) Link,Caesalpinaeae,maoa,MAO-A (CHRFAM7A/MAOA),5,102,102,18,28,10,0.5555555555555556,0.6785714285714286,0.4140111111111111,0.41000000000000003,0.765,85,75,10,10,0.17647058823529413,5281636.0,Gentisin,0.765,0.75,"HIGH=18, MED=0, LOW=0"
875,Senna sophera (L.) Roxb.,Caesalpinaeae,cox1,COX-1 (PTGS1),6,12,12,2,7,0,0.0,0.2857142857142857,0.19419999999999998,0.19419999999999998,0.6817,3,3,0,0,0.16666666666666666,5280343.0,Quercetin,0.2017,0.4167,"HIGH=2, MED=0, LOW=0"
875,Senna sophera (L.) Roxb.,Caesalpinaeae,cox1,COX-1 (PTGS1),5,12,12,2,7,2,1.0,1.0,0.42955,0.42955,0.7133,12,10,2,2,0.16666666666666666,122361335.0,"4H-1-Benzopyran-4-one, 2-(3,4-dihydroxyphenyl)-3-(beta-D-glucopyranosyloxy)-5-hydroxy-7-methoxy-",0.5108,0.4026,"HIGH=2, MED=0, LOW=0"
875,Senna sophera (L.) Roxb.,Caesalpinaeae,cox2,COX-2 (PTGS2),6,12,12,2,7,0,0.0,0.0,0.24,0.24,0.4817,3,3,0,0,0.16666666666666666,122361335.0,"4H-1-Benzopyran-4-one, 2-(3,4-dihydroxyphenyl)-3-(beta-D-glucopyranosyloxy)-5-hydroxy-7-methoxy-",0.2867,0.4026,"HIGH=2, MED=0, LOW=0"
875,Senna sophera (L.) Roxb.,Caesalpinaeae,cox2,COX-2 (PTGS2),5,12,12,2,7,2,1.0,1.0,0.5585,0.5585,0.7567,12,10,2,2,0.16666666666666666,122361335.0,"4H-1-Benzopyran-4-one, 2-(3,4-dihydroxyphenyl)-3-(beta-D-glucopyranosyloxy)-5-hydroxy-7-methoxy-",0.6633,0.4026,"HIGH=2, MED=0, LOW=0"
875,Senna sophera (L.) Roxb.,Caesalpinaeae,xo,Xanthine Oxidase (XDH),6,12,12,2,4,0,0.0,0.0,0.1175,0.1175,0.3067,0,0,0,0,0.16666666666666666,5280343.0,Quercetin,0.1933,0.5957,"HIGH=2, MED=0, LOW=0"
875,Senna sophera (L.) Roxb.,Caesalpinaeae,xo,Xanthine Oxidase (XDH),5,12,12,2,4,1,0.5,0.5,0.41914999999999997,0.41914999999999997,0.565,8,7,1,1,0.16666666666666666,5280343.0,Quercetin,0.565,0.5957,"HIGH=2, MED=0, LOW=0"
875,Senna sophera (L.) Roxb.,Caesalpinaeae,maoa,MAO-A (CHRFAM7A/MAOA),6,12,12,3,7,1,0.3333333333333333,0.42857142857142855,0.3305666666666667,0.3167,0.5312,4,3,1,1,0.25,5280343.0,Quercetin,0.4967,0.6744,"HIGH=3, MED=0, LOW=0"
875,Senna sophera (L.) Roxb.,Caesalpinaeae,maoa,MAO-A (CHRFAM7A/MAOA),5,12,12,3,7,2,0.6666666666666666,0.7142857142857143,0.46366666666666667,0.4233,0.63,10,8,2,2,0.25,6780.0,Anthraquinone,0.5883,0.7857,"HIGH=3, MED=0, LOW=0"
878,Catharanthus roseus (L.) G.Don,Apocynaceae,cox1,COX-1 (PTGS1),6,302,302,14,86,6,0.42857142857142855,0.5697674418604651,0.40417142857142857,0.30169999999999997,0.8617,167,161,6,6,0.046357615894039736,338.0,Salicylic acid,0.8617,0.4242,"HIGH=14, MED=0, LOW=1"
878,Catharanthus roseus (L.) G.Don,Apocynaceae,cox1,COX-1 (PTGS1),5,302,302,14,85,10,0.7142857142857143,0.9294117647058824,0.5164714285714286,0.4642,0.895,295,285,10,10,0.046357615894039736,137274.0,"3,5-bis(1,1-Dimethylethyl)-4-hydroxybenzonitrile",0.895,0.4359,"HIGH=14, MED=0, LOW=1"
878,Catharanthus roseus (L.) G.Don,Apocynaceae,cox2,COX-2 (PTGS2),6,302,302,18,107,0,0.0,0.009345794392523364,0.17280555555555555,0.14525,0.5767,45,45,0,0,0.059602649006622516,601627.0,Ethyl N-(o-anisyl) formimidate,0.2933,0.4091,"HIGH=15, MED=2, LOW=1"
878,Catharanthus roseus (L.) G.Don,Apocynaceae,cox2,COX-2 (PTGS2),5,302,302,18,107,18,1.0,1.0,0.47802222222222224,0.45085,0.8217,302,284,18,18,0.059602649006622516,92156.0,beta-Amyrin acetate,0.8217,0.5758,"HIGH=15, MED=2, LOW=1"
878,Catharanthus roseus (L.) G.Don,Apocynaceae,xo,Xanthine Oxidase (XDH),6,302,302,1,28,0,0.0,0.10714285714285714,0.2933,0.2933,0.6117,9,9,0,0,0.0033112582781456954,135398635.0,Guanosine,0.2933,0.4182,"HIGH=1, MED=0, LOW=0"
878,Catharanthus roseus (L.) G.Don,Apocynaceae,xo,Xanthine Oxidase (XDH),5,302,302,1,28,1,1.0,0.9285714285714286,0.4933,0.4933,0.6767,199,198,1,1,0.0033112582781456954,135398635.0,Guanosine,0.4933,0.4182,"HIGH=1, MED=0, LOW=0"
878,Catharanthus roseus (L.) G.Don,Apocynaceae,maoa,MAO-A (CHRFAM7A/MAOA),6,302,302,12,49,0,0.0,0.0,0.14243333333333333,0.12835000000000002,0.449,10,10,0,0,0.039735099337748346,6781.0,Diethyl Phthalate,0.2848,0.6129,"HIGH=10, MED=2, LOW=0"
878,Catharanthus roseus (L.) G.Don,Apocynaceae,maoa,MAO-A (CHRFAM7A/MAOA),5,302,302,12,49,5,0.4166666666666667,0.7346938775510204,0.38804999999999995,0.35975,0.7517,275,270,5,5,0.039735099337748346,1150.0,Tryptamine,0.6196,0.6061,"HIGH=10, MED=2, LOW=0"
883,Celosia ARGENTEA L.,Amaranthaceae,cox1,COX-1 (PTGS1),6,29,29,4,17,0,0.0,0.5882352941176471,0.291275,0.30169999999999997,0.5067,17,17,0,0,0.13793103448275862,445639.0,Oleic acid,0.3267,0.4324,"HIGH=3, MED=0, LOW=6"
883,Celosia ARGENTEA L.,Amaranthaceae,cox1,COX-1 (PTGS1),5,29,29,4,17,0,0.0,0.7647058823529411,0.277075,0.29469999999999996,0.68,25,25,0,0,0.13793103448275862,445639.0,Oleic acid,0.3122,0.4324,"HIGH=3, MED=0, LOW=6"
883,Celosia ARGENTEA L.,Amaranthaceae,cox2,COX-2 (PTGS2),6,29,29,1,17,1,1.0,0.058823529411764705,0.41,0.41,0.4956,4,3,1,1,0.034482758620689655,24715460.0,Stearic acid,0.41,0.4355,"HIGH=0, MED=0, LOW=1"
883,Celosia ARGENTEA L.,Amaranthaceae,cox2,COX-2 (PTGS2),5,29,29,1,16,1,1.0,1.0,0.5938,0.5938,0.745,29,28,1,1,0.034482758620689655,24715460.0,Stearic acid,0.5938,0.4355,"HIGH=0, MED=0, LOW=1"
883,Celosia ARGENTEA L.,Amaranthaceae,xo,Xanthine Oxidase (XDH),6,29,29,1,14,0,0.0,0.07142857142857142,0.2517,0.2517,0.44,2,2,0,0,0.034482758620689655,445639.0,Oleic acid,0.2517,0.5283,"HIGH=0, MED=0, LOW=1"
883,Celosia ARGENTEA L.,Amaranthaceae,xo,Xanthine Oxidase (XDH),5,29,29,1,14,1,1.0,0.9285714285714286,0.495,0.495,0.495,26,25,1,1,0.034482758620689655,445639.0,Oleic acid,0.495,0.5283,"HIGH=0, MED=0, LOW=1"
883,Celosia ARGENTEA L.,Amaranthaceae,maoa,MAO-A (CHRFAM7A/MAOA),6,29,29,1,4,0,0.0,0.25,0.2867,0.2867,0.5133,1,1,0,0,0.034482758620689655,445639.0,Oleic acid,0.2867,0.4717,"HIGH=0, MED=0, LOW=1"
883,Celosia ARGENTEA L.,Amaranthaceae,maoa,MAO-A (CHRFAM7A/MAOA),5,29,29,1,4,1,1.0,0.5,0.4983,0.4983,0.7208,26,25,1,1,0.034482758620689655,445639.0,Oleic acid,0.4983,0.4717,"HIGH=0, MED=0, LOW=1"
892,Actinodaphne obovata (NEES) BLUME,LAURACEAE,cox1,COX-1 (PTGS1),6,3,3,0,0,0,,,,,0.38,0,0,0,0,0.0,,None (No strict-domain compound),,,"HIGH=0, MED=0, LOW=0"
892,Actinodaphne obovata (NEES) BLUME,LAURACEAE,cox1,COX-1 (PTGS1),5,3,3,0,0,0,,,,,0.4983,3,3,0,0,0.0,,None (No strict-domain compound),,,"HIGH=0, MED=0, LOW=0"
892,Actinodaphne obovata (NEES) BLUME,LAURACEAE,cox2,COX-2 (PTGS2),6,3,3,0,0,0,,,,,0.2447,0,0,0,0,0.0,,None (No strict-domain compound),,,"HIGH=0, MED=0, LOW=0"
892,Actinodaphne obovata (NEES) BLUME,LAURACEAE,cox2,COX-2 (PTGS2),5,3,3,0,0,0,,,,,0.5472,3,3,0,0,0.0,,None (No strict-domain compound),,,"HIGH=0, MED=0, LOW=0"
892,Actinodaphne obovata (NEES) BLUME,LAURACEAE,xo,Xanthine Oxidase (XDH),6,3,3,0,0,0,,,,,0.2183,0,0,0,0,0.0,,None (No strict-domain compound),,,"HIGH=0, MED=0, LOW=0"
892,Actinodaphne obovata (NEES) BLUME,LAURACEAE,xo,Xanthine Oxidase (XDH),5,3,3,0,0,0,,,,,0.3983,3,3,0,0,0.0,,None (No strict-domain compound),,,"HIGH=0, MED=0, LOW=0"
892,Actinodaphne obovata (NEES) BLUME,LAURACEAE,maoa,MAO-A (CHRFAM7A/MAOA),6,3,3,3,3,0,0.0,0.0,0.2833333333333334,0.2817,0.395,0,0,0,0,1.0,160502.0,actinodaphnine,0.395,0.4211,"HIGH=3, MED=0, LOW=0"
892,Actinodaphne obovata (NEES) BLUME,LAURACEAE,maoa,MAO-A (CHRFAM7A/MAOA),5,3,3,3,3,2,0.6666666666666666,0.6666666666666666,0.4022333333333334,0.4067,0.4583,2,0,2,2,1.0,160502.0,actinodaphnine,0.4583,0.4211,"HIGH=3, MED=0, LOW=0"
894,Desmos chinensislour.,ANNONACEAE,cox1,COX-1 (PTGS1),6,72,72,6,21,2,0.3333333333333333,0.38095238095238093,0.2905666666666667,0.22835,0.72,40,38,2,2,0.08333333333333333,2345.0,Benzyl benzoate,0.5017,0.4062,"HIGH=6, MED=0, LOW=0"
894,Desmos chinensislour.,ANNONACEAE,cox1,COX-1 (PTGS1),5,72,72,6,21,5,0.8333333333333334,0.9523809523809523,0.4409666666666667,0.39,0.8233,71,66,5,5,0.08333333333333333,2345.0,Benzyl benzoate,0.6558,0.4062,"HIGH=6, MED=0, LOW=0"
894,Desmos chinensislour.,ANNONACEAE,cox2,COX-2 (PTGS2),6,72,72,9,24,0,0.0,0.041666666666666664,0.13112222222222225,0.1267,0.4333,8,8,0,0,0.125,369598.0,Desmosflavone,0.2267,0.6522,"HIGH=9, MED=0, LOW=0"
894,Desmos chinensislour.,ANNONACEAE,cox2,COX-2 (PTGS2),5,72,72,9,24,9,1.0,1.0,0.3391222222222222,0.32,0.745,72,63,9,9,0.125,5280459.0,Quercetin 3-O-rhamnoside,0.6417,0.619,"HIGH=9, MED=0, LOW=0"
894,Desmos chinensislour.,ANNONACEAE,xo,Xanthine Oxidase (XDH),6,72,72,3,15,0,0.0,0.13333333333333333,0.18833333333333335,0.2133,0.49,2,2,0,0,0.041666666666666664,471719.0,Negletein,0.23,0.4194,"HIGH=3, MED=0, LOW=0"
894,Desmos chinensislour.,ANNONACEAE,xo,Xanthine Oxidase (XDH),5,72,72,3,15,3,1.0,0.7333333333333333,0.3511,0.325,0.5883,44,41,3,3,0.041666666666666664,5280459.0,Quercetin 3-O-rhamnoside,0.425,0.5844,"HIGH=3, MED=0, LOW=0"
894,Desmos chinensislour.,ANNONACEAE,maoa,MAO-A (CHRFAM7A/MAOA),6,72,72,6,18,1,0.16666666666666666,0.05555555555555555,0.23465,0.21250000000000002,0.42,2,1,1,1,0.08333333333333333,5280459.0,Quercetin 3-O-rhamnoside,0.42,0.4355,"HIGH=6, MED=0, LOW=0"
894,Desmos chinensislour.,ANNONACEAE,maoa,MAO-A (CHRFAM7A/MAOA),5,72,72,6,18,2,0.3333333333333333,0.7222222222222222,0.38185,0.36915,0.67,61,59,2,2,0.08333333333333333,5280459.0,Quercetin 3-O-rhamnoside,0.5011,0.4355,"HIGH=6, MED=0, LOW=0"
897,Centella ASIATICA (L.) Urban.,Apiaceae,cox1,COX-1 (PTGS1),6,196,196,33,63,7,0.21212121212121213,0.3492063492063492,0.24646666666666667,0.2017,0.75,103,96,7,7,0.1683673469387755,6305.0,Tryptophan,0.525,0.4231,"HIGH=26, MED=8, LOW=2"
897,Centella ASIATICA (L.) Urban.,Apiaceae,cox1,COX-1 (PTGS1),5,196,196,33,63,27,0.8181818181818182,0.9047619047619048,0.49406060606060603,0.5383,0.9017,188,161,27,27,0.1683673469387755,31404.0,"2,6-Bis(1,1-Dimethylethyl)-4-Methylphenol",0.9017,0.4375,"HIGH=26, MED=8, LOW=2"
897,Centella ASIATICA (L.) Urban.,Apiaceae,cox2,COX-2 (PTGS2),6,196,196,30,75,3,0.1,0.05333333333333334,0.21536,0.21334999999999998,0.4467,18,15,3,3,0.15306122448979592,45356919.0,madecassoside,0.3825,0.5,"HIGH=21, MED=9, LOW=1"
897,Centella ASIATICA (L.) Urban.,Apiaceae,cox2,COX-2 (PTGS2),5,196,196,30,75,30,1.0,1.0,0.5763933333333334,0.6312,0.8739,196,166,30,30,0.15306122448979592,101675595.0,Scheffoleoside A,0.8739,0.6124,"HIGH=21, MED=9, LOW=1"
897,Centella ASIATICA (L.) Urban.,Apiaceae,xo,Xanthine Oxidase (XDH),6,196,196,19,45,0,0.0,0.022222222222222223,0.1511315789473684,0.17,0.5817,2,2,0,0,0.09693877551020408,316844.0,Isoastilbin,0.2533,0.4516,"HIGH=14, MED=5, LOW=1"
897,Centella ASIATICA (L.) Urban.,Apiaceae,xo,Xanthine Oxidase (XDH),5,196,196,19,45,9,0.47368421052631576,0.7111111111111111,0.28648421052631584,0.28,0.565,130,121,9,9,0.09693877551020408,5280343.0,Quercetin,0.565,0.5957,"HIGH=14, MED=5, LOW=1"
897,Centella ASIATICA (L.) Urban.,Apiaceae,maoa,MAO-A (CHRFAM7A/MAOA),6,196,196,19,41,5,0.2631578947368421,0.14634146341463414,0.2840368421052631,0.2733,0.625,12,7,5,5,0.09693877551020408,10095180.0,kaempferol 7-O-glucoside,0.625,0.5714,"HIGH=15, MED=5, LOW=0"
897,Centella ASIATICA (L.) Urban.,Apiaceae,maoa,MAO-A (CHRFAM7A/MAOA),5,196,196,19,41,15,0.7894736842105263,0.8536585365853658,0.4745052631578947,0.4683,0.6983,184,169,15,15,0.09693877551020408,10095180.0,kaempferol 7-O-glucoside,0.6539,0.5714,"HIGH=15, MED=5, LOW=0"
901,Chenopodium ALBUM L.,Chenopodiaceae,cox1,COX-1 (PTGS1),6,43,43,11,20,2,0.18181818181818182,0.25,0.30273636363636364,0.2883,0.715,17,15,2,2,0.2558139534883721,12140.0,N-Acetyltryptamine,0.6267,0.4,"HIGH=8, MED=0, LOW=3"
901,Chenopodium ALBUM L.,Chenopodiaceae,cox1,COX-1 (PTGS1),5,43,43,11,20,9,0.8181818181818182,0.9,0.46620909090909085,0.4353,0.795,41,32,9,9,0.2558139534883721,12140.0,N-Acetyltryptamine,0.795,0.4,"HIGH=8, MED=0, LOW=3"
901,Chenopodium ALBUM L.,Chenopodiaceae,cox2,COX-2 (PTGS2),6,43,43,13,23,0,0.0,0.0,0.11389230769230771,0.0933,0.4033,6,6,0,0,0.3023255813953488,5280805.0,Rutin,0.25,0.5342,"HIGH=9, MED=0, LOW=4"
901,Chenopodium ALBUM L.,Chenopodiaceae,cox2,COX-2 (PTGS2),5,43,43,13,22,12,0.9230769230769231,0.9545454545454546,0.39878461538461535,0.3321,0.83,42,30,12,12,0.3023255813953488,10494.0,Oleanolic acid,0.83,0.7586,"HIGH=9, MED=0, LOW=4"
901,Chenopodium ALBUM L.,Chenopodiaceae,xo,Xanthine Oxidase (XDH),6,43,43,6,12,0,0.0,0.08333333333333333,0.1997,0.20415,0.4233,2,2,0,0,0.13953488372093023,637542.0,p-Coumaric acid,0.3,0.6,"HIGH=5, MED=0, LOW=1"
901,Chenopodium ALBUM L.,Chenopodiaceae,xo,Xanthine Oxidase (XDH),5,43,43,6,12,5,0.8333333333333334,0.6666666666666666,0.45944999999999997,0.495,0.565,30,25,5,5,0.13953488372093023,5280343.0,Quercetin,0.565,0.5957,"HIGH=5, MED=0, LOW=1"
901,Chenopodium ALBUM L.,Chenopodiaceae,maoa,MAO-A (CHRFAM7A/MAOA),6,43,43,7,16,1,0.14285714285714285,0.125,0.21975714285714285,0.1683,0.4967,2,1,1,1,0.16279069767441862,5280343.0,Quercetin,0.4967,0.6744,"HIGH=5, MED=0, LOW=2"
901,Chenopodium ALBUM L.,Chenopodiaceae,maoa,MAO-A (CHRFAM7A/MAOA),5,43,43,7,16,4,0.5714285714285714,0.5625,0.4261857142857143,0.4233,0.6617,34,30,4,4,0.16279069767441862,14412557.0,N-trans-feruloyl-4'-O-methyldopamine,0.6283,0.74,"HIGH=5, MED=0, LOW=2"
906,Cinnamomum TAMALA Nees,Lauraceae,cox1,COX-1 (PTGS1),6,244,244,20,108,10,0.5,0.5833333333333334,0.38709,0.365,0.8617,138,128,10,10,0.08196721311475409,338.0,Salicylic acid,0.8617,0.4242,"HIGH=25, MED=1, LOW=0"
906,Cinnamomum TAMALA Nees,Lauraceae,cox1,COX-1 (PTGS1),5,244,244,20,105,13,0.65,0.819047619047619,0.452695,0.43415000000000004,0.7837,221,208,13,13,0.08196721311475409,338.0,Salicylic acid,0.7783,0.4242,"HIGH=25, MED=1, LOW=0"
906,Cinnamomum TAMALA Nees,Lauraceae,cox2,COX-2 (PTGS2),6,244,244,23,102,0,0.0,0.0196078431372549,0.10173478260869566,0.1133,0.4767,15,15,0,0,0.0942622950819672,734154.0,2-Methoxycinnamic acid,0.2633,0.4524,"HIGH=27, MED=2, LOW=0"
906,Cinnamomum TAMALA Nees,Lauraceae,cox2,COX-2 (PTGS2),5,244,244,23,102,20,0.8695652173913043,0.9607843137254902,0.3035434782608695,0.2738,0.7204,240,220,20,20,0.0942622950819672,1549778.0,(E)-geranylacetone,0.6054,0.425,"HIGH=27, MED=2, LOW=0"
906,Cinnamomum TAMALA Nees,Lauraceae,xo,Xanthine Oxidase (XDH),6,244,244,10,53,2,0.2,0.05660377358490566,0.297,0.29915,0.5233,3,1,2,2,0.040983606557377046,135.0,4-Hydroxybenzoic acid,0.5233,0.5926,"HIGH=11, MED=1, LOW=0"
906,Cinnamomum TAMALA Nees,Lauraceae,xo,Xanthine Oxidase (XDH),5,244,244,10,53,8,0.8,0.8679245283018868,0.40717,0.44335,0.55,163,155,8,8,0.040983606557377046,699414.0,4-Methoxycinnamic acid,0.55,0.6471,"HIGH=11, MED=1, LOW=0"
906,Cinnamomum TAMALA Nees,Lauraceae,maoa,MAO-A (CHRFAM7A/MAOA),6,244,244,31,66,0,0.0,0.0,0.1580677419354839,0.1567,0.4267,2,2,0,0,0.12704918032786885,641294.0,Methoxy cinnamaldehyde,0.3417,0.4634,"HIGH=40, MED=2, LOW=0"
906,Cinnamomum TAMALA Nees,Lauraceae,maoa,MAO-A (CHRFAM7A/MAOA),5,244,244,31,66,12,0.3870967741935484,0.6060606060606061,0.36120645161290327,0.3467,0.6767,208,196,12,12,0.12704918032786885,7136.0,Acetyleugenol,0.6483,0.5918,"HIGH=40, MED=2, LOW=0"
908,Piper sylvaticum Roxb,Piperaceae,cox1,COX-1 (PTGS1),6,8,8,0,4,0,,0.0,,,0.5033,1,1,0,0,0.0,,None (No strict-domain compound),,,"HIGH=0, MED=0, LOW=0"
908,Piper sylvaticum Roxb,Piperaceae,cox1,COX-1 (PTGS1),5,8,8,0,4,0,,0.75,,,0.575,7,7,0,0,0.0,,None (No strict-domain compound),,,"HIGH=0, MED=0, LOW=0"
908,Piper sylvaticum Roxb,Piperaceae,cox2,COX-2 (PTGS2),6,8,8,2,7,0,0.0,0.0,0.13335,0.13335,0.38,1,1,0,0,0.25,10026486.0,Aurantiamide acetate,0.24,0.4576,"HIGH=2, MED=0, LOW=0"
908,Piper sylvaticum Roxb,Piperaceae,cox2,COX-2 (PTGS2),5,8,8,2,7,2,1.0,1.0,0.28054999999999997,0.28054999999999997,0.745,8,6,2,2,0.25,10026486.0,Aurantiamide acetate,0.3711,0.4576,"HIGH=2, MED=0, LOW=0"
908,Piper sylvaticum Roxb,Piperaceae,xo,Xanthine Oxidase (XDH),6,8,8,1,1,0,0.0,0.0,0.0733,0.0733,0.3617,0,0,0,0,0.125,3083590.0,Sylvatesmin,0.0733,0.4074,"HIGH=1, MED=0, LOW=0"
908,Piper sylvaticum Roxb,Piperaceae,xo,Xanthine Oxidase (XDH),5,8,8,1,1,0,0.0,0.0,0.16,0.16,0.5667,6,6,0,0,0.125,3083590.0,Sylvatesmin,0.16,0.4074,"HIGH=1, MED=0, LOW=0"
908,Piper sylvaticum Roxb,Piperaceae,maoa,MAO-A (CHRFAM7A/MAOA),6,8,8,3,7,0,0.0,0.0,0.14733333333333334,0.1433,0.32,0,0,0,0,0.375,9922008.0,"5-[(1E)-dodec-1-en-1-yl]-2H-1,3-benzodioxole",0.1904,0.4038,"HIGH=3, MED=0, LOW=0"
908,Piper sylvaticum Roxb,Piperaceae,maoa,MAO-A (CHRFAM7A/MAOA),5,8,8,3,7,3,1.0,0.8571428571428571,0.5577,0.5514,0.58,7,4,3,3,0.375,131750975.0,Sylvatine,0.58,0.4394,"HIGH=3, MED=0, LOW=0"
913,Cyclea barbata Miers,Menispermaceae,cox1,COX-1 (PTGS1),6,4,4,0,0,0,,,,,0.31,0,0,0,0,0.0,,None (No strict-domain compound),,,"HIGH=0, MED=0, LOW=0"
913,Cyclea barbata Miers,Menispermaceae,cox1,COX-1 (PTGS1),5,4,4,0,0,0,,,,,0.49,4,4,0,0,0.0,,None (No strict-domain compound),,,"HIGH=0, MED=0, LOW=0"
913,Cyclea barbata Miers,Menispermaceae,cox2,COX-2 (PTGS2),6,4,4,0,0,0,,,,,0.44,2,2,0,0,0.0,,None (No strict-domain compound),,,"HIGH=0, MED=0, LOW=0"
913,Cyclea barbata Miers,Menispermaceae,cox2,COX-2 (PTGS2),5,4,4,0,0,0,,,,,0.6988,4,4,0,0,0.0,,None (No strict-domain compound),,,"HIGH=0, MED=0, LOW=0"
913,Cyclea barbata Miers,Menispermaceae,xo,Xanthine Oxidase (XDH),6,4,4,0,0,0,,,,,0.3083,0,0,0,0,0.0,,None (No strict-domain compound),,,"HIGH=0, MED=0, LOW=0"
913,Cyclea barbata Miers,Menispermaceae,xo,Xanthine Oxidase (XDH),5,4,4,0,0,0,,,,,0.4133,4,4,0,0,0.0,,None (No strict-domain compound),,,"HIGH=0, MED=0, LOW=0"
913,Cyclea barbata Miers,Menispermaceae,maoa,MAO-A (CHRFAM7A/MAOA),6,4,4,0,4,0,,0.0,,,0.2894,0,0,0,0,0.0,,None (No strict-domain compound),,,"HIGH=0, MED=0, LOW=0"
913,Cyclea barbata Miers,Menispermaceae,maoa,MAO-A (CHRFAM7A/MAOA),5,4,4,0,4,0,,1.0,,,0.585,4,4,0,0,0.0,,None (No strict-domain compound),,,"HIGH=0, MED=0, LOW=0"
915,Altingia excelsa Noronha,Hamamelidaceae,cox1,COX-1 (PTGS1),6,39,39,0,5,0,,0.2,,,0.6467,26,26,0,0,0.0,,None (No strict-domain compound),,,"HIGH=0, MED=0, LOW=0"
915,Altingia excelsa Noronha,Hamamelidaceae,cox1,COX-1 (PTGS1),5,39,39,0,5,0,,1.0,,,0.7517,39,39,0,0,0.0,,None (No strict-domain compound),,,"HIGH=0, MED=0, LOW=0"
915,Altingia excelsa Noronha,Hamamelidaceae,cox2,COX-2 (PTGS2),6,39,39,0,2,0,,0.0,,,0.4033,3,3,0,0,0.0,,None (No strict-domain compound),,,"HIGH=0, MED=0, LOW=0"
915,Altingia excelsa Noronha,Hamamelidaceae,cox2,COX-2 (PTGS2),5,39,39,0,2,0,,1.0,,,0.6786,39,39,0,0,0.0,,None (No strict-domain compound),,,"HIGH=0, MED=0, LOW=0"
915,Altingia excelsa Noronha,Hamamelidaceae,xo,Xanthine Oxidase (XDH),6,39,39,0,0,0,,,,,0.29,0,0,0,0,0.0,,None (No strict-domain compound),,,"HIGH=0, MED=0, LOW=0"
915,Altingia excelsa Noronha,Hamamelidaceae,xo,Xanthine Oxidase (XDH),5,39,39,0,0,0,,,,,0.4267,18,18,0,0,0.0,,None (No strict-domain compound),,,"HIGH=0, MED=0, LOW=0"
915,Altingia excelsa Noronha,Hamamelidaceae,maoa,MAO-A (CHRFAM7A/MAOA),6,39,39,1,3,0,0.0,0.0,0.14,0.14,0.4033,0,0,0,0,0.02564102564102564,4657.0,Camphene hydrate,0.14,0.4324,"HIGH=0, MED=0, LOW=1"
915,Altingia excelsa Noronha,Hamamelidaceae,maoa,MAO-A (CHRFAM7A/MAOA),5,39,39,1,3,0,0.0,0.6666666666666666,0.345,0.345,0.665,32,32,0,0,0.02564102564102564,4657.0,Camphene hydrate,0.345,0.4324,"HIGH=0, MED=0, LOW=1"
