candidate_id,target,target_full_name,plant,compound,flat_inchikey,full_inchikey,screening_threshold,pchembl_prediction,nearest_neighbor_similarity,prediction_rank,plant_rank,plant_link_confidence,evidence_status,exact_target_evidence,related_endpoint_evidence,contradictory_evidence,literature_source_count,manual_review_required,stereochemical_uncertainty,source_citation_missing,external_validation_status,integrated_interpretation
CAND_COX1_0462,cox1,COX-1 (PTGS1),Citrus maxima (Burm.) Merr.,Diphenylamine,DMBHHRLKUKUOEG,DMBHHRLKUKUOEG-UHFFFAOYSA-N,6,0.9217,0.9231,1,68.0,HIGH,NO_RELEVANT_REPORT_FOUND,False,False,False,0,False,False,False,Unsampled in Stage 7F,Computationally screened + no relevant target report located
CAND_COX1_0535,cox1,COX-1 (PTGS1),Camellia sinensis (L.) O. Kuntze.,Diphenylamine,DMBHHRLKUKUOEG,DMBHHRLKUKUOEG-UHFFFAOYSA-N,6,0.9217,0.9231,1,93.0,HIGH,NO_RELEVANT_REPORT_FOUND,False,False,False,0,False,False,False,Unsampled in Stage 7F,Computationally screened + no relevant target report located
CAND_COX1_0020,cox1,COX-1 (PTGS1),Moringa oleifera Lam.,Salicylic acid,YGSDEFSMJLZEOE,YGSDEFSMJLZEOE-UHFFFAOYSA-N,6,0.8617,0.4242,2,65.0,HIGH,NO_RELEVANT_REPORT_FOUND,False,False,False,0,False,False,False,Unsampled in Stage 7F,Computationally screened + no relevant target report located
CAND_COX1_0067,cox1,COX-1 (PTGS1),Holarrhena pubescens Wall.ex G.Don,Salicylic acid,YGSDEFSMJLZEOE,YGSDEFSMJLZEOE-UHFFFAOYSA-N,6,0.8617,0.4242,2,69.0,HIGH,NO_RELEVANT_REPORT_FOUND,False,False,False,0,False,False,False,Unsampled in Stage 7F,Computationally screened + no relevant target report located
CAND_COX1_0086,cox1,COX-1 (PTGS1),Acacia FARNESIANA (L.) Willd.,Salicylic acid,YGSDEFSMJLZEOE,YGSDEFSMJLZEOE-UHFFFAOYSA-N,6,0.8617,0.4242,2,82.0,HIGH,NO_RELEVANT_REPORT_FOUND,False,False,False,0,False,False,False,Unsampled in Stage 7F,Computationally screened + no relevant target report located
CAND_COX1_0184,cox1,COX-1 (PTGS1),Plumeria RUBRA L.,Salicylic acid,YGSDEFSMJLZEOE,YGSDEFSMJLZEOE-UHFFFAOYSA-N,6,0.8617,0.4242,2,12.0,HIGH,NO_RELEVANT_REPORT_FOUND,False,False,False,0,True,False,True,Unsampled in Stage 7F,Computationally screened + no relevant target report located
CAND_COX1_0211,cox1,COX-1 (PTGS1),Nigella SATIVA L,Salicylic acid,YGSDEFSMJLZEOE,YGSDEFSMJLZEOE-UHFFFAOYSA-N,6,0.8617,0.4242,2,85.0,HIGH,NO_RELEVANT_REPORT_FOUND,False,False,False,0,False,False,False,Unsampled in Stage 7F,Computationally screened + no relevant target report located
CAND_COX1_0226,cox1,COX-1 (PTGS1),Moringa OLEIFERA Lamk.,Salicylic acid,YGSDEFSMJLZEOE,YGSDEFSMJLZEOE-UHFFFAOYSA-N,6,0.8617,0.4242,2,66.0,HIGH,NO_RELEVANT_REPORT_FOUND,False,False,False,0,False,False,False,Unsampled in Stage 7F,Computationally screened + no relevant target report located
CAND_COX1_0247,cox1,COX-1 (PTGS1),Michelia CHAMPACA L.,Salicylic acid,YGSDEFSMJLZEOE,YGSDEFSMJLZEOE-UHFFFAOYSA-N,6,0.8617,0.4242,2,58.0,HIGH,NO_RELEVANT_REPORT_FOUND,False,False,False,0,False,False,False,Unsampled in Stage 7F,Computationally screened + no relevant target report located
CAND_COX1_0254,cox1,COX-1 (PTGS1),Manihot ESCULENTA Crantz.,salicylic acid,YGSDEFSMJLZEOE,YGSDEFSMJLZEOE-UHFFFAOYSA-N,6,0.8617,0.4242,2,45.0,HIGH,NO_RELEVANT_REPORT_FOUND,False,False,False,0,False,False,False,Unsampled in Stage 7F,Computationally screened + no relevant target report located
CAND_COX1_0354,cox1,COX-1 (PTGS1),Hibiscus SABDARIFFA L.,Salicyclic acid,YGSDEFSMJLZEOE,YGSDEFSMJLZEOE-UHFFFAOYSA-N,6,0.8617,0.4242,2,46.0,HIGH,NO_RELEVANT_REPORT_FOUND,False,False,False,0,False,False,False,Unsampled in Stage 7F,Computationally screened + no relevant target report located
CAND_COX1_0365,cox1,COX-1 (PTGS1),Hibiscus MUTABILIS L.,Salicylic acid,YGSDEFSMJLZEOE,YGSDEFSMJLZEOE-UHFFFAOYSA-N,6,0.8617,0.4242,2,112.0,HIGH,NO_RELEVANT_REPORT_FOUND,False,False,False,0,False,False,False,Unsampled in Stage 7F,Computationally screened + no relevant target report located
CAND_COX1_0398,cox1,COX-1 (PTGS1),Desmodium GANGETICUM (L.) DC.,Salicylic acid,YGSDEFSMJLZEOE,YGSDEFSMJLZEOE-UHFFFAOYSA-N,6,0.8617,0.4242,2,31.0,HIGH,NO_RELEVANT_REPORT_FOUND,False,False,False,0,False,False,False,Unsampled in Stage 7F,Computationally screened + no relevant target report located
CAND_COX1_0440,cox1,COX-1 (PTGS1),Cuminum CYMINUM L.,Salicylic acid,YGSDEFSMJLZEOE,YGSDEFSMJLZEOE-UHFFFAOYSA-N,6,0.8617,0.4242,2,34.0,HIGH,NO_RELEVANT_REPORT_FOUND,False,False,False,0,False,False,False,Unsampled in Stage 7F,Computationally screened + no relevant target report located
CAND_COX1_0477,cox1,COX-1 (PTGS1),Anacardium OCCIDENTALE L.,salicyclic acid,YGSDEFSMJLZEOE,YGSDEFSMJLZEOE-UHFFFAOYSA-N,6,0.8617,0.4242,2,47.0,HIGH,NO_RELEVANT_REPORT_FOUND,False,False,False,0,False,False,False,Unsampled in Stage 7F,Computationally screened + no relevant target report located
CAND_COX1_0496,cox1,COX-1 (PTGS1),Averrhoa CARAMBOLA L.,Salicylic acid,YGSDEFSMJLZEOE,YGSDEFSMJLZEOE-UHFFFAOYSA-N,6,0.8617,0.4242,2,22.0,HIGH,NO_RELEVANT_REPORT_FOUND,False,False,False,0,False,False,False,Unsampled in Stage 7F,Computationally screened + no relevant target report located
CAND_COX1_0546,cox1,COX-1 (PTGS1),Cannabis SATIVA L.,salicylic acid,YGSDEFSMJLZEOE,YGSDEFSMJLZEOE-UHFFFAOYSA-N,6,0.8617,0.4242,2,96.0,HIGH,NO_RELEVANT_REPORT_FOUND,False,False,False,0,False,False,False,Unsampled in Stage 7F,Computationally screened + no relevant target report located
CAND_COX1_0595,cox1,COX-1 (PTGS1),Catharanthus roseus (L.) G.Don,Salicylic Acid,YGSDEFSMJLZEOE,YGSDEFSMJLZEOE-UHFFFAOYSA-N,6,0.8617,0.4242,2,35.0,HIGH,NO_RELEVANT_REPORT_FOUND,False,False,False,0,False,False,False,Unsampled in Stage 7F,Computationally screened + no relevant target report located
CAND_COX1_0612,cox1,COX-1 (PTGS1),Cinnamomum TAMALA Nees,Salicylic acid,YGSDEFSMJLZEOE,YGSDEFSMJLZEOE-UHFFFAOYSA-N,6,0.8617,0.4242,2,19.0,HIGH,NO_RELEVANT_REPORT_FOUND,False,False,False,0,False,False,False,Unsampled in Stage 7F,Computationally screened + no relevant target report located
CAND_COX1_0617,cox1,COX-1 (PTGS1),Tabernaemontana DIVARICATA (L.) R.Br. ex Roem. & Schult.,Salicylic acid,YGSDEFSMJLZEOE,YGSDEFSMJLZEOE-UHFFFAOYSA-N,6,0.8617,0.4242,2,32.0,HIGH,NO_RELEVANT_REPORT_FOUND,False,False,False,0,True,False,True,Unsampled in Stage 7F,Computationally screened + no relevant target report located
CAND_COX1_0116,cox1,COX-1 (PTGS1),Terminalia CHEBULA Retz.,Suprofen,MDKGKXOCJGEUJW,MDKGKXOCJGEUJW-UHFFFAOYSA-N,6,0.86,0.5714,3,62.0,HIGH,LEVEL_A_EXACT_TARGET,True,False,False,1,True,False,False,Unsampled in Stage 7F,Computationally screened + exact-target literature supported
CAND_COX1_0070,cox1,COX-1 (PTGS1),Abelmoschus MOSCHATUS Medik.,Benzophenone,RWCCWEUUXYIKHB,RWCCWEUUXYIKHB-UHFFFAOYSA-N,6,0.86,0.5,4,16.0,HIGH,NO_RELEVANT_REPORT_FOUND,False,False,False,0,False,False,False,Unsampled in Stage 7F,Computationally screened + no relevant target report located
CAND_COX1_0262,cox1,COX-1 (PTGS1),Mangifera INDICA L.,Benzophenone,RWCCWEUUXYIKHB,RWCCWEUUXYIKHB-UHFFFAOYSA-N,6,0.86,0.5,4,7.0,HIGH,NO_RELEVANT_REPORT_FOUND,False,False,False,0,False,False,False,Unsampled in Stage 7F,Computationally screened + no relevant target report located
CAND_COX1_0268,cox1,COX-1 (PTGS1),Mangifera INDICA L.,benzophenone,RWCCWEUUXYIKHB,RWCCWEUUXYIKHB-UHFFFAOYSA-N,6,0.86,0.5,4,7.0,HIGH,NO_RELEVANT_REPORT_FOUND,False,False,False,0,False,False,False,Unsampled in Stage 7F,Computationally screened + no relevant target report located
CAND_COX1_0310,cox1,COX-1 (PTGS1),Jasminum SAMBAC (L.) Ait.,Benzophenone,RWCCWEUUXYIKHB,RWCCWEUUXYIKHB-UHFFFAOYSA-N,6,0.86,0.5,4,8.0,HIGH,NO_RELEVANT_REPORT_FOUND,False,False,False,0,False,False,False,Unsampled in Stage 7F,Computationally screened + no relevant target report located
CAND_COX1_0343,cox1,COX-1 (PTGS1),Hibiscus SABDARIFFA L.,Benzophenone,RWCCWEUUXYIKHB,RWCCWEUUXYIKHB-UHFFFAOYSA-N,6,0.86,0.5,4,46.0,HIGH,NO_RELEVANT_REPORT_FOUND,False,False,False,0,False,False,False,Unsampled in Stage 7F,Computationally screened + no relevant target report located
CAND_COX1_0369,cox1,COX-1 (PTGS1),Hemidesmus INDICUS (L.) R. Br.,benzophenone,RWCCWEUUXYIKHB,RWCCWEUUXYIKHB-UHFFFAOYSA-N,6,0.86,0.5,4,41.0,HIGH,NO_RELEVANT_REPORT_FOUND,False,False,False,0,False,False,False,Unsampled in Stage 7F,Computationally screened + no relevant target report located
CAND_COX1_0452,cox1,COX-1 (PTGS1),Colocasia ESCULENTA (L.) Schott.,Benzophenone,RWCCWEUUXYIKHB,RWCCWEUUXYIKHB-UHFFFAOYSA-N,6,0.86,0.5,4,6.0,HIGH,NO_RELEVANT_REPORT_FOUND,False,False,False,0,True,False,True,Unsampled in Stage 7F,Computationally screened + no relevant target report located
CAND_COX1_0481,cox1,COX-1 (PTGS1),Annona RETICULATA L.,Benzophenone,RWCCWEUUXYIKHB,RWCCWEUUXYIKHB-UHFFFAOYSA-N,6,0.86,0.5,4,10.0,HIGH,NO_RELEVANT_REPORT_FOUND,False,False,False,0,False,False,False,Unsampled in Stage 7F,Computationally screened + no relevant target report located
CAND_COX1_0522,cox1,COX-1 (PTGS1),Calotropis GIGANTEA (L.) R. Br.,Biphenyl,ZUOUZKKEUPVFJK,ZUOUZKKEUPVFJK-UHFFFAOYSA-N,6,0.86,0.4286,5,36.0,HIGH,NO_RELEVANT_REPORT_FOUND,False,False,False,0,False,False,False,Unsampled in Stage 7F,Computationally screened + no relevant target report located
CAND_COX1_0099,cox1,COX-1 (PTGS1),Ageratum CONYZOIDES L.,Benzeneacetic acid,WLJVXDMOQOGPHL,WLJVXDMOQOGPHL-UHFFFAOYSA-N,6,0.8533,0.7273,6,63.0,HIGH,NO_RELEVANT_REPORT_FOUND,False,False,False,0,False,False,False,Unsampled in Stage 7F,Computationally screened + no relevant target report located
CAND_COX1_0103,cox1,COX-1 (PTGS1),Allium SATIVUM L.,Phenylacetic acid,WLJVXDMOQOGPHL,WLJVXDMOQOGPHL-UHFFFAOYSA-N,6,0.8533,0.7273,6,57.0,HIGH,NO_RELEVANT_REPORT_FOUND,False,False,False,0,False,False,False,Unsampled in Stage 7F,Computationally screened + no relevant target report located
CAND_COX1_0183,cox1,COX-1 (PTGS1),Plumeria RUBRA L.,Phenylacetic acid,WLJVXDMOQOGPHL,WLJVXDMOQOGPHL-UHFFFAOYSA-N,6,0.8533,0.7273,6,12.0,HIGH,NO_RELEVANT_REPORT_FOUND,False,False,False,0,True,False,True,Unsampled in Stage 7F,Computationally screened + no relevant target report located
CAND_COX1_0388,cox1,COX-1 (PTGS1),Drynaria QUERCIFOLIA (L.) J. Sm.,Benzeneacetic acid,WLJVXDMOQOGPHL,WLJVXDMOQOGPHL-UHFFFAOYSA-N,6,0.8533,0.7273,6,90.0,HIGH,NO_RELEVANT_REPORT_FOUND,False,False,False,0,False,False,False,Unsampled in Stage 7F,Computationally screened + no relevant target report located
CAND_COX1_0495,cox1,COX-1 (PTGS1),Averrhoa CARAMBOLA L.,Phenylacetic acid,WLJVXDMOQOGPHL,WLJVXDMOQOGPHL-UHFFFAOYSA-N,6,0.8533,0.7273,6,22.0,HIGH,NO_RELEVANT_REPORT_FOUND,False,False,False,0,False,False,False,Unsampled in Stage 7F,Computationally screened + no relevant target report located
CAND_COX1_0561,cox1,COX-1 (PTGS1),Carica PAPAYA L.,Benzeneacetic acid,WLJVXDMOQOGPHL,WLJVXDMOQOGPHL-UHFFFAOYSA-N,6,0.8533,0.7273,6,29.0,HIGH,NO_RELEVANT_REPORT_FOUND,False,False,False,0,False,False,False,Unsampled in Stage 7F,Computationally screened + no relevant target report located
CAND_COX1_0509,cox1,COX-1 (PTGS1),Azadirachta INDICA A. Juss.,Guanine,UYTPUPDQBNUYGX,UYTPUPDQBNUYGX-UHFFFAOYSA-N,6,0.82,0.625,8,27.0,HIGH,NO_RELEVANT_REPORT_FOUND,False,False,False,0,False,False,False,Unsampled in Stage 7F,Computationally screened + no relevant target report located
CAND_COX1_0044,cox1,COX-1 (PTGS1),Citrus reticulata Blanco,Anilinomethane,AFBPFSWMIHJQDM,AFBPFSWMIHJQDM-UHFFFAOYSA-N,6,0.815,0.5,9,67.0,HIGH,NO_RELEVANT_REPORT_FOUND,False,False,False,0,False,False,False,Unsampled in Stage 7F,Computationally screened + no relevant target report located
CAND_COX1_0575,cox1,COX-1 (PTGS1),Cassia FISTULA L.,"Aniline, N-methyl-",AFBPFSWMIHJQDM,AFBPFSWMIHJQDM-UHFFFAOYSA-N,6,0.815,0.5,9,81.0,HIGH,NO_RELEVANT_REPORT_FOUND,False,False,False,0,False,False,False,Unsampled in Stage 7F,Computationally screened + no relevant target report located
CAND_COX1_0004,cox1,COX-1 (PTGS1),Piper cubeba Vahl,Methyl salicylate,OSWPMRLSEDHDFF,OSWPMRLSEDHDFF-UHFFFAOYSA-N,6,0.7967,0.4167,10,25.0,HIGH,LEVEL_A_EXACT_TARGET,True,False,False,1,True,False,True,Unsampled in Stage 7F,Computationally screened + exact-target literature supported
CAND_COX1_0051,cox1,COX-1 (PTGS1),Citrus reticulata Blanco,Methyl salicylate,OSWPMRLSEDHDFF,OSWPMRLSEDHDFF-UHFFFAOYSA-N,6,0.7967,0.4167,10,67.0,HIGH,LEVEL_A_EXACT_TARGET,True,False,False,1,False,False,False,Unsampled in Stage 7F,Computationally screened + exact-target literature supported
CAND_COX1_0072,cox1,COX-1 (PTGS1),Abelmoschus MOSCHATUS Medik.,Methyl salicylate,OSWPMRLSEDHDFF,OSWPMRLSEDHDFF-UHFFFAOYSA-N,6,0.7967,0.4167,10,16.0,HIGH,LEVEL_A_EXACT_TARGET,True,False,False,1,False,False,False,Unsampled in Stage 7F,Computationally screened + exact-target literature supported
CAND_COX1_0150,cox1,COX-1 (PTGS1),Tamarindus INDICA L.,Methyl salicylate,OSWPMRLSEDHDFF,OSWPMRLSEDHDFF-UHFFFAOYSA-N,6,0.7967,0.4167,10,18.0,HIGH,LEVEL_A_EXACT_TARGET,True,False,False,1,False,False,False,Unsampled in Stage 7F,Computationally screened + exact-target literature supported
CAND_COX1_0181,cox1,COX-1 (PTGS1),Plumeria RUBRA L.,Methyl salicylate,OSWPMRLSEDHDFF,OSWPMRLSEDHDFF-UHFFFAOYSA-N,6,0.7967,0.4167,10,12.0,HIGH,LEVEL_A_EXACT_TARGET,True,False,False,1,True,False,True,Unsampled in Stage 7F,Computationally screened + exact-target literature supported
CAND_COX1_0195,cox1,COX-1 (PTGS1),Passiflora FOETIDA L.,Methyl salicylate,OSWPMRLSEDHDFF,OSWPMRLSEDHDFF-UHFFFAOYSA-N,6,0.7967,0.4167,10,1.0,HIGH,LEVEL_A_EXACT_TARGET,True,False,False,1,True,False,True,Unsampled in Stage 7F,Computationally screened + exact-target literature supported
CAND_COX1_0202,cox1,COX-1 (PTGS1),Paederia FOETIDA L.,Methyl salicylate,OSWPMRLSEDHDFF,OSWPMRLSEDHDFF-UHFFFAOYSA-N,6,0.7967,0.4167,10,21.0,HIGH,LEVEL_A_EXACT_TARGET,True,False,False,1,False,False,False,Unsampled in Stage 7F,Computationally screened + exact-target literature supported
CAND_COX1_0217,cox1,COX-1 (PTGS1),Murraya PANICULATA (L.) Jacq.,methyl salicylate,OSWPMRLSEDHDFF,OSWPMRLSEDHDFF-UHFFFAOYSA-N,6,0.7967,0.4167,10,44.0,HIGH,LEVEL_A_EXACT_TARGET,True,False,False,1,False,False,False,Unsampled in Stage 7F,Computationally screened + exact-target literature supported
CAND_COX1_0264,cox1,COX-1 (PTGS1),Mangifera INDICA L.,Methyl salicylate,OSWPMRLSEDHDFF,OSWPMRLSEDHDFF-UHFFFAOYSA-N,6,0.7967,0.4167,10,7.0,HIGH,LEVEL_A_EXACT_TARGET,True,False,False,1,False,False,False,Unsampled in Stage 7F,Computationally screened + exact-target literature supported
CAND_COX1_0279,cox1,COX-1 (PTGS1),Mangifera INDICA L.,methyl salicylate,OSWPMRLSEDHDFF,OSWPMRLSEDHDFF-UHFFFAOYSA-N,6,0.7967,0.4167,10,7.0,HIGH,LEVEL_A_EXACT_TARGET,True,False,False,1,False,False,False,Unsampled in Stage 7F,Computationally screened + exact-target literature supported
CAND_COX1_0289,cox1,COX-1 (PTGS1),Leucas ASPERA (Willd.) Link.,Methylsalicylate,OSWPMRLSEDHDFF,OSWPMRLSEDHDFF-UHFFFAOYSA-N,6,0.7967,0.4167,10,60.0,HIGH,LEVEL_A_EXACT_TARGET,True,False,False,1,False,False,False,Unsampled in Stage 7F,Computationally screened + exact-target literature supported
CAND_COX1_0317,cox1,COX-1 (PTGS1),Jasminum SAMBAC (L.) Ait.,Methyl salicylate,OSWPMRLSEDHDFF,OSWPMRLSEDHDFF-UHFFFAOYSA-N,6,0.7967,0.4167,10,8.0,HIGH,LEVEL_A_EXACT_TARGET,True,False,False,1,False,False,False,Unsampled in Stage 7F,Computationally screened + exact-target literature supported
CAND_COX1_0319,cox1,COX-1 (PTGS1),Jasminum SAMBAC (L.) Ait.,Methylsalicylate,OSWPMRLSEDHDFF,OSWPMRLSEDHDFF-UHFFFAOYSA-N,6,0.7967,0.4167,10,8.0,HIGH,LEVEL_A_EXACT_TARGET,True,False,False,1,False,False,False,Unsampled in Stage 7F,Computationally screened + exact-target literature supported
CAND_COX1_0328,cox1,COX-1 (PTGS1),Jasminum SAMBAC (L.) Ait.,methyl salicylate,OSWPMRLSEDHDFF,OSWPMRLSEDHDFF-UHFFFAOYSA-N,6,0.7967,0.4167,10,8.0,HIGH,LEVEL_A_EXACT_TARGET,True,False,False,1,False,False,False,Unsampled in Stage 7F,Computationally screened + exact-target literature supported
CAND_COX1_0332,cox1,COX-1 (PTGS1),Hibiscus SURATTENSIS L.,Methyl salicylate,OSWPMRLSEDHDFF,OSWPMRLSEDHDFF-UHFFFAOYSA-N,6,0.7967,0.4167,10,,HIGH,LEVEL_A_EXACT_TARGET,True,False,False,1,False,False,False,Unsampled in Stage 7F,Computationally screened + exact-target literature supported
CAND_COX1_0351,cox1,COX-1 (PTGS1),Hibiscus SABDARIFFA L.,Methyl salicylate,OSWPMRLSEDHDFF,OSWPMRLSEDHDFF-UHFFFAOYSA-N,6,0.7967,0.4167,10,46.0,HIGH,LEVEL_A_EXACT_TARGET,True,False,False,1,False,False,False,Unsampled in Stage 7F,Computationally screened + exact-target literature supported
CAND_COX1_0368,cox1,COX-1 (PTGS1),Hemidesmus INDICUS (L.) R. Br.,Methyl salicylate,OSWPMRLSEDHDFF,OSWPMRLSEDHDFF-UHFFFAOYSA-N,6,0.7967,0.4167,10,41.0,HIGH,LEVEL_A_EXACT_TARGET,True,False,False,1,False,False,False,Unsampled in Stage 7F,Computationally screened + exact-target literature supported
CAND_COX1_0371,cox1,COX-1 (PTGS1),Hemidesmus INDICUS (L.) R. Br.,methyl salicylate,OSWPMRLSEDHDFF,OSWPMRLSEDHDFF-UHFFFAOYSA-N,6,0.7967,0.4167,10,41.0,HIGH,LEVEL_A_EXACT_TARGET,True,False,False,1,False,False,False,Unsampled in Stage 7F,Computationally screened + exact-target literature supported
CAND_COX1_0374,cox1,COX-1 (PTGS1),Heliotropium INDICUM L.,Methyl salicylate,OSWPMRLSEDHDFF,OSWPMRLSEDHDFF-UHFFFAOYSA-N,6,0.7967,0.4167,10,42.0,HIGH,LEVEL_A_EXACT_TARGET,True,False,False,1,False,False,False,Unsampled in Stage 7F,Computationally screened + exact-target literature supported
CAND_COX1_0407,cox1,COX-1 (PTGS1),Cyperus ROTUNDUS L.,"Benzoic acid, 2-hydroxy-, methyl ester",OSWPMRLSEDHDFF,OSWPMRLSEDHDFF-UHFFFAOYSA-N,6,0.7967,0.4167,10,78.0,HIGH,LEVEL_A_EXACT_TARGET,True,False,False,1,False,False,False,Unsampled in Stage 7F,Computationally screened + exact-target literature supported
CAND_COX1_0456,cox1,COX-1 (PTGS1),Colocasia ESCULENTA (L.) Schott.,Methyl salicylate,OSWPMRLSEDHDFF,OSWPMRLSEDHDFF-UHFFFAOYSA-N,6,0.7967,0.4167,10,6.0,HIGH,LEVEL_A_EXACT_TARGET,True,False,False,1,True,False,True,Unsampled in Stage 7F,Computationally screened + exact-target literature supported
CAND_COX1_0466,cox1,COX-1 (PTGS1),Citrus maxima (Burm.) Merr.,Methyl salicylate,OSWPMRLSEDHDFF,OSWPMRLSEDHDFF-UHFFFAOYSA-N,6,0.7967,0.4167,10,68.0,HIGH,LEVEL_A_EXACT_TARGET,True,False,False,1,False,False,False,Unsampled in Stage 7F,Computationally screened + exact-target literature supported
CAND_COX1_0475,cox1,COX-1 (PTGS1),Anacardium OCCIDENTALE L.,Methyl salicylate,OSWPMRLSEDHDFF,OSWPMRLSEDHDFF-UHFFFAOYSA-N,6,0.7967,0.4167,10,47.0,HIGH,LEVEL_A_EXACT_TARGET,True,False,False,1,False,False,False,Unsampled in Stage 7F,Computationally screened + exact-target literature supported
CAND_COX1_0539,cox1,COX-1 (PTGS1),Camellia sinensis (L.) O. Kuntze.,Methyl salicylate,OSWPMRLSEDHDFF,OSWPMRLSEDHDFF-UHFFFAOYSA-N,6,0.7967,0.4167,10,93.0,HIGH,LEVEL_A_EXACT_TARGET,True,False,False,1,False,False,False,Unsampled in Stage 7F,Computationally screened + exact-target literature supported
CAND_COX1_0568,cox1,COX-1 (PTGS1),Carica PAPAYA L.,Methyl salicylate,OSWPMRLSEDHDFF,OSWPMRLSEDHDFF-UHFFFAOYSA-N,6,0.7967,0.4167,10,29.0,HIGH,LEVEL_A_EXACT_TARGET,True,False,False,1,False,False,False,Unsampled in Stage 7F,Computationally screened + exact-target literature supported
CAND_COX1_0582,cox1,COX-1 (PTGS1),Cassia FISTULA L.,methyl salicylate,OSWPMRLSEDHDFF,OSWPMRLSEDHDFF-UHFFFAOYSA-N,6,0.7967,0.4167,10,81.0,HIGH,LEVEL_A_EXACT_TARGET,True,False,False,1,False,False,False,Unsampled in Stage 7F,Computationally screened + exact-target literature supported
CAND_COX1_0586,cox1,COX-1 (PTGS1),Cassia FISTULA L.,Methyl salicylate,OSWPMRLSEDHDFF,OSWPMRLSEDHDFF-UHFFFAOYSA-N,6,0.7967,0.4167,10,81.0,HIGH,LEVEL_A_EXACT_TARGET,True,False,False,1,False,False,False,Unsampled in Stage 7F,Computationally screened + exact-target literature supported
CAND_COX1_0017,cox1,COX-1 (PTGS1),Moringa oleifera Lam.,Azulene,CUFNKYGDVFVPHO,CUFNKYGDVFVPHO-UHFFFAOYSA-N,6,0.79,0.4091,11,65.0,HIGH,NO_RELEVANT_REPORT_FOUND,False,False,False,0,False,False,False,Unsampled in Stage 7F,Computationally screened + no relevant target report located
CAND_COX1_0098,cox1,COX-1 (PTGS1),Ageratum CONYZOIDES L.,Azulene,CUFNKYGDVFVPHO,CUFNKYGDVFVPHO-UHFFFAOYSA-N,6,0.79,0.4091,11,63.0,HIGH,NO_RELEVANT_REPORT_FOUND,False,False,False,0,False,False,False,Unsampled in Stage 7F,Computationally screened + no relevant target report located
CAND_COX1_0185,cox1,COX-1 (PTGS1),Piper NIGRUM L.,Azulene,CUFNKYGDVFVPHO,CUFNKYGDVFVPHO-UHFFFAOYSA-N,6,0.79,0.4091,11,9.0,HIGH,NO_RELEVANT_REPORT_FOUND,False,False,False,0,True,False,True,Unsampled in Stage 7F,Computationally screened + no relevant target report located
CAND_COX1_0223,cox1,COX-1 (PTGS1),Moringa OLEIFERA Lamk.,Azulene,CUFNKYGDVFVPHO,CUFNKYGDVFVPHO-UHFFFAOYSA-N,6,0.79,0.4091,11,66.0,HIGH,NO_RELEVANT_REPORT_FOUND,False,False,False,0,False,False,False,Unsampled in Stage 7F,Computationally screened + no relevant target report located
CAND_COX1_0238,cox1,COX-1 (PTGS1),Michelia CHAMPACA L.,Azulene,CUFNKYGDVFVPHO,CUFNKYGDVFVPHO-UHFFFAOYSA-N,6,0.79,0.4091,11,58.0,HIGH,NO_RELEVANT_REPORT_FOUND,False,False,False,0,False,False,False,Unsampled in Stage 7F,Computationally screened + no relevant target report located
CAND_COX1_0421,cox1,COX-1 (PTGS1),Curcuma ZEDOARIA Rosc.,azulene,CUFNKYGDVFVPHO,CUFNKYGDVFVPHO-UHFFFAOYSA-N,6,0.79,0.4091,11,43.0,HIGH,NO_RELEVANT_REPORT_FOUND,False,False,False,0,False,False,False,Unsampled in Stage 7F,Computationally screened + no relevant target report located
CAND_COX1_0520,cox1,COX-1 (PTGS1),Calotropis GIGANTEA (L.) R. Br.,Azulene,CUFNKYGDVFVPHO,CUFNKYGDVFVPHO-UHFFFAOYSA-N,6,0.79,0.4091,11,36.0,HIGH,NO_RELEVANT_REPORT_FOUND,False,False,False,0,False,False,False,Unsampled in Stage 7F,Computationally screened + no relevant target report located
CAND_COX1_0576,cox1,COX-1 (PTGS1),Cassia FISTULA L.,Azulene,CUFNKYGDVFVPHO,CUFNKYGDVFVPHO-UHFFFAOYSA-N,6,0.79,0.4091,11,81.0,HIGH,NO_RELEVANT_REPORT_FOUND,False,False,False,0,False,False,False,Unsampled in Stage 7F,Computationally screened + no relevant target report located
CAND_COX1_0393,cox1,COX-1 (PTGS1),Desmodium GANGETICUM (L.) DC.,Benzenepropanoic acid,XMIIGOLPHOKFCH,XMIIGOLPHOKFCH-UHFFFAOYSA-N,6,0.7867,0.4286,12,31.0,HIGH,NO_RELEVANT_REPORT_FOUND,False,False,False,0,False,False,False,Unsampled in Stage 7F,Computationally screened + no relevant target report located
CAND_COX1_0380,cox1,COX-1 (PTGS1),Gloriosa SUPERBA L.,1-naphthaleneacetic acid,PRPINYUDVPFIRX,PRPINYUDVPFIRX-UHFFFAOYSA-N,6,0.7733,0.4474,13,61.0,HIGH,NO_RELEVANT_REPORT_FOUND,False,False,False,0,False,False,False,Unsampled in Stage 7F,Computationally screened + no relevant target report located
CAND_COX1_0361,cox1,COX-1 (PTGS1),Hibiscus ROSA-SINENSIS L.,Cyclic acid,QIJSMAZWDBRXOQ,QSMUFXXTSUEZJA-UHFFFAOYSA-N,6,0.76,0.4048,14,33.0,HIGH,NO_RELEVANT_REPORT_FOUND,False,False,False,0,False,False,False,Unsampled in Stage 7F,Computationally screened + no relevant target report located
CAND_COX1_0592,cox1,COX-1 (PTGS1),Catharanthus roseus (L.) G.Don,"3,5-Dimethyl-4-Phenylpyridine",VLHIDEWBPIFGKH,VLHIDEWBPIFGKH-UHFFFAOYSA-N,6,0.745,0.4194,15,35.0,HIGH,NO_RELEVANT_REPORT_FOUND,False,False,False,0,False,False,False,Unsampled in Stage 7F,Computationally screened + no relevant target report located
CAND_COX1_0342,cox1,COX-1 (PTGS1),Hibiscus SABDARIFFA L.,"Benzoic acid, 2-benzoyl-, methyl ester",NQSMEZJWJJVYOI,NQSMEZJWJJVYOI-UHFFFAOYSA-N,6,0.7383,0.425,16,46.0,HIGH,NO_RELEVANT_REPORT_FOUND,False,False,False,0,False,False,False,Unsampled in Stage 7F,Computationally screened + no relevant target report located
CAND_COX1_0403,cox1,COX-1 (PTGS1),Cyperus ROTUNDUS L.,"2-imidazo[1,2-a]pyridin-2-ylphenol",FURHXLBXCVQCNL,FURHXLBXCVQCNL-UHFFFAOYSA-N,6,0.7267,0.4865,17,78.0,HIGH,NO_RELEVANT_REPORT_FOUND,False,False,False,0,False,False,False,Unsampled in Stage 7F,Computationally screened + no relevant target report located
CAND_COX1_0402,cox1,COX-1 (PTGS1),Cyperus ROTUNDUS L.,2-Phenylacetamide,LSBDFXRDZJMBSC,LSBDFXRDZJMBSC-UHFFFAOYSA-N,6,0.7233,0.4815,18,78.0,HIGH,NO_RELEVANT_REPORT_FOUND,False,False,False,0,False,False,False,Unsampled in Stage 7F,Computationally screened + no relevant target report located
CAND_COX1_0560,cox1,COX-1 (PTGS1),Carica PAPAYA L.,Benzeneacetamide,LSBDFXRDZJMBSC,LSBDFXRDZJMBSC-UHFFFAOYSA-N,6,0.7233,0.4815,18,29.0,HIGH,NO_RELEVANT_REPORT_FOUND,False,False,False,0,False,False,False,Unsampled in Stage 7F,Computationally screened + no relevant target report located
CAND_COX1_0437,cox1,COX-1 (PTGS1),Cuminum CYMINUM L.,"3,5-Di-t-butyl-4-hydroxy benzoic acid",YEXOWHQZWLCHHD,YEXOWHQZWLCHHD-UHFFFAOYSA-N,6,0.7167,0.4865,19,34.0,HIGH,NO_RELEVANT_REPORT_FOUND,False,False,False,0,False,False,False,Unsampled in Stage 7F,Computationally screened + no relevant target report located
CAND_COX1_0014,cox1,COX-1 (PTGS1),Moringa oleifera Lam.,"1,2-Benzenedicarboxylic acid",XNGIFLGASWRNHJ,XNGIFLGASWRNHJ-UHFFFAOYSA-N,6,0.7117,0.4062,20,65.0,HIGH,NO_RELEVANT_REPORT_FOUND,False,False,False,0,False,False,False,Unsampled in Stage 7F,Computationally screened + no relevant target report located
CAND_COX1_0080,cox1,COX-1 (PTGS1),Abutilon INDICUM (L.) Sweet,"1,2-Benzenedicarboxylic acid",XNGIFLGASWRNHJ,XNGIFLGASWRNHJ-UHFFFAOYSA-N,6,0.7117,0.4062,20,59.0,HIGH,NO_RELEVANT_REPORT_FOUND,False,False,False,0,False,False,False,Unsampled in Stage 7F,Computationally screened + no relevant target report located
CAND_COX1_0109,cox1,COX-1 (PTGS1),Terminalia CHEBULA Retz.,"1,2-Benzenedicarboxylic acid",XNGIFLGASWRNHJ,XNGIFLGASWRNHJ-UHFFFAOYSA-N,6,0.7117,0.4062,20,62.0,HIGH,NO_RELEVANT_REPORT_FOUND,False,False,False,0,False,False,False,Unsampled in Stage 7F,Computationally screened + no relevant target report located
CAND_COX1_0114,cox1,COX-1 (PTGS1),Terminalia CHEBULA Retz.,Phthalic acid,XNGIFLGASWRNHJ,XNGIFLGASWRNHJ-UHFFFAOYSA-N,6,0.7117,0.4062,20,62.0,HIGH,NO_RELEVANT_REPORT_FOUND,False,False,False,0,False,False,False,Unsampled in Stage 7F,Computationally screened + no relevant target report located
CAND_COX1_0119,cox1,COX-1 (PTGS1),Terminalia ARJUNA (Roxb. ex DC.) Wight & Arn.,"1,2-benzenedicarboxylic acid",XNGIFLGASWRNHJ,XNGIFLGASWRNHJ-UHFFFAOYSA-N,6,0.7117,0.4062,20,40.0,HIGH,NO_RELEVANT_REPORT_FOUND,False,False,False,0,True,False,True,Unsampled in Stage 7F,Computationally screened + no relevant target report located
CAND_COX1_0135,cox1,COX-1 (PTGS1),Tamarindus INDICA L.,"1,2-Benzenedicarboxylic Acid",XNGIFLGASWRNHJ,XNGIFLGASWRNHJ-UHFFFAOYSA-N,6,0.7117,0.4062,20,18.0,HIGH,NO_RELEVANT_REPORT_FOUND,False,False,False,0,False,False,False,Unsampled in Stage 7F,Computationally screened + no relevant target report located
CAND_COX1_0220,cox1,COX-1 (PTGS1),Moringa OLEIFERA Lamk.,"1,2-Benzenedicarboxylic acid",XNGIFLGASWRNHJ,XNGIFLGASWRNHJ-UHFFFAOYSA-N,6,0.7117,0.4062,20,66.0,HIGH,NO_RELEVANT_REPORT_FOUND,False,False,False,0,False,False,False,Unsampled in Stage 7F,Computationally screened + no relevant target report located
CAND_COX1_0227,cox1,COX-1 (PTGS1),Mimusops ELENGI L.,"1,2-Benzenedicarboxylic acid",XNGIFLGASWRNHJ,XNGIFLGASWRNHJ-UHFFFAOYSA-N,6,0.7117,0.4062,20,87.0,HIGH,NO_RELEVANT_REPORT_FOUND,False,False,False,0,False,False,False,Unsampled in Stage 7F,Computationally screened + no relevant target report located
CAND_COX1_0286,cox1,COX-1 (PTGS1),Leucas ASPERA (Willd.) Link.,"1,2-benzenedicarboxylic acid",XNGIFLGASWRNHJ,XNGIFLGASWRNHJ-UHFFFAOYSA-N,6,0.7117,0.4062,20,60.0,HIGH,NO_RELEVANT_REPORT_FOUND,False,False,False,0,False,False,False,Unsampled in Stage 7F,Computationally screened + no relevant target report located
CAND_COX1_0292,cox1,COX-1 (PTGS1),Leea INDICA (Burm. f.) Merr.,Phthalic acid,XNGIFLGASWRNHJ,XNGIFLGASWRNHJ-UHFFFAOYSA-N,6,0.7117,0.4062,20,113.0,HIGH,NO_RELEVANT_REPORT_FOUND,False,False,False,0,False,False,False,Unsampled in Stage 7F,Computationally screened + no relevant target report located
CAND_COX1_0359,cox1,COX-1 (PTGS1),Hibiscus ROSA-SINENSIS L.,"1, 2-benzenedicarboxylic acid",XNGIFLGASWRNHJ,XNGIFLGASWRNHJ-UHFFFAOYSA-N,6,0.7117,0.4062,20,33.0,HIGH,NO_RELEVANT_REPORT_FOUND,False,False,False,0,False,False,False,Unsampled in Stage 7F,Computationally screened + no relevant target report located
CAND_COX1_0376,cox1,COX-1 (PTGS1),Hedyotis SCANDENS Roxb.,"1,2-Benzenedicarboxylic acid",XNGIFLGASWRNHJ,XNGIFLGASWRNHJ-UHFFFAOYSA-N,6,0.7117,0.4062,20,3.0,HIGH,NO_RELEVANT_REPORT_FOUND,False,False,False,0,False,False,False,Unsampled in Stage 7F,Computationally screened + no relevant target report located
CAND_COX1_0391,cox1,COX-1 (PTGS1),Dillenia INDICA L.,Phthalic Acid,XNGIFLGASWRNHJ,XNGIFLGASWRNHJ-UHFFFAOYSA-N,6,0.7117,0.4062,20,,HIGH,NO_RELEVANT_REPORT_FOUND,False,False,False,0,False,False,False,Unsampled in Stage 7F,Computationally screened + no relevant target report located
CAND_COX1_0517,cox1,COX-1 (PTGS1),Azadirachta INDICA A. Juss.,phthalic acid,XNGIFLGASWRNHJ,XNGIFLGASWRNHJ-UHFFFAOYSA-N,6,0.7117,0.4062,20,27.0,HIGH,NO_RELEVANT_REPORT_FOUND,False,False,False,0,False,False,False,Unsampled in Stage 7F,Computationally screened + no relevant target report located
CAND_COX1_0526,cox1,COX-1 (PTGS1),Calotropis PROCERA (Aiton) Dryand.,"1,2-Benzenedicarboxylic acid",XNGIFLGASWRNHJ,XNGIFLGASWRNHJ-UHFFFAOYSA-N,6,0.7117,0.4062,20,15.0,HIGH,NO_RELEVANT_REPORT_FOUND,False,False,False,0,False,False,False,Unsampled in Stage 7F,Computationally screened + no relevant target report located
CAND_COX1_0554,cox1,COX-1 (PTGS1),Dillenia indica L.,Phthalic Acid,XNGIFLGASWRNHJ,XNGIFLGASWRNHJ-UHFFFAOYSA-N,6,0.7117,0.4062,20,,HIGH,NO_RELEVANT_REPORT_FOUND,False,False,False,0,False,False,False,Unsampled in Stage 7F,Computationally screened + no relevant target report located
CAND_COX1_0571,cox1,COX-1 (PTGS1),Carica PAPAYA L.,Phthalic acid,XNGIFLGASWRNHJ,XNGIFLGASWRNHJ-UHFFFAOYSA-N,6,0.7117,0.4062,20,29.0,HIGH,NO_RELEVANT_REPORT_FOUND,False,False,False,0,False,False,False,Unsampled in Stage 7F,Computationally screened + no relevant target report located
CAND_COX1_0574,cox1,COX-1 (PTGS1),Cassia FISTULA L.,"1,2-Benzenedicarboxylic acid",XNGIFLGASWRNHJ,XNGIFLGASWRNHJ-UHFFFAOYSA-N,6,0.7117,0.4062,20,81.0,HIGH,NO_RELEVANT_REPORT_FOUND,False,False,False,0,False,False,False,Unsampled in Stage 7F,Computationally screened + no relevant target report located
CAND_COX1_0590,cox1,COX-1 (PTGS1),Catharanthus roseus (L.) G.Don,"1,2-Benzenedicarboxylic acid",XNGIFLGASWRNHJ,XNGIFLGASWRNHJ-UHFFFAOYSA-N,6,0.7117,0.4062,20,35.0,HIGH,NO_RELEVANT_REPORT_FOUND,False,False,False,0,False,False,False,Unsampled in Stage 7F,Computationally screened + no relevant target report located
CAND_COX1_0180,cox1,COX-1 (PTGS1),Plumeria RUBRA L.,Methyl phenylacetate,CRZQGDNQQAALAY,CRZQGDNQQAALAY-UHFFFAOYSA-N,6,0.7033,0.4333,21,12.0,HIGH,NO_RELEVANT_REPORT_FOUND,False,False,False,0,True,False,True,Unsampled in Stage 7F,Computationally screened + no relevant target report located
CAND_COX1_0242,cox1,COX-1 (PTGS1),Michelia CHAMPACA L.,Methyl 2-phenylacetate,CRZQGDNQQAALAY,CRZQGDNQQAALAY-UHFFFAOYSA-N,6,0.7033,0.4333,21,58.0,HIGH,NO_RELEVANT_REPORT_FOUND,False,False,False,0,False,False,False,Unsampled in Stage 7F,Computationally screened + no relevant target report located
CAND_COX1_0278,cox1,COX-1 (PTGS1),Mangifera INDICA L.,methyl phenylacetate,CRZQGDNQQAALAY,CRZQGDNQQAALAY-UHFFFAOYSA-N,6,0.7033,0.4333,21,7.0,HIGH,NO_RELEVANT_REPORT_FOUND,False,False,False,0,False,False,False,Unsampled in Stage 7F,Computationally screened + no relevant target report located
CAND_COX1_0341,cox1,COX-1 (PTGS1),Hibiscus SABDARIFFA L.,"Acetic acid, phenyl-methyl ester",CRZQGDNQQAALAY,CRZQGDNQQAALAY-UHFFFAOYSA-N,6,0.7033,0.4333,21,46.0,HIGH,NO_RELEVANT_REPORT_FOUND,False,False,False,0,False,False,False,Unsampled in Stage 7F,Computationally screened + no relevant target report located
CAND_COX1_0392,cox1,COX-1 (PTGS1),Desmodium GANGETICUM (L.) DC.,"10H-Phenothiazine, 1-methoxy-",ROGKOUKGHMDPLN,ROGKOUKGHMDPLN-UHFFFAOYSA-N,6,0.6983,0.5333,22,31.0,HIGH,NO_RELEVANT_REPORT_FOUND,False,False,False,0,False,False,False,Unsampled in Stage 7F,Computationally screened + no relevant target report located
CAND_COX1_0164,cox1,COX-1 (PTGS1),Psidium GUAJAVA L.,Benzyl salicylate,ZCTQGTTXIYCGGC,ZCTQGTTXIYCGGC-UHFFFAOYSA-N,6,0.6983,0.4,23,30.0,HIGH,NO_RELEVANT_REPORT_FOUND,False,False,False,0,True,False,True,Unsampled in Stage 7F,Computationally screened + no relevant target report located
CAND_COX1_0177,cox1,COX-1 (PTGS1),Plumeria RUBRA L.,Benzyl salicylate,ZCTQGTTXIYCGGC,ZCTQGTTXIYCGGC-UHFFFAOYSA-N,6,0.6983,0.4,23,12.0,HIGH,NO_RELEVANT_REPORT_FOUND,False,False,False,0,True,False,True,Unsampled in Stage 7F,Computationally screened + no relevant target report located
CAND_COX1_0271,cox1,COX-1 (PTGS1),Mangifera INDICA L.,benzyl salicylate,ZCTQGTTXIYCGGC,ZCTQGTTXIYCGGC-UHFFFAOYSA-N,6,0.6983,0.4,23,7.0,HIGH,NO_RELEVANT_REPORT_FOUND,False,False,False,0,False,False,False,Unsampled in Stage 7F,Computationally screened + no relevant target report located
CAND_COX1_0307,cox1,COX-1 (PTGS1),Jasminum SAMBAC (L.) Ait.,"Benzoic acid, 2-hydroxy-, phenylmethyl ester",ZCTQGTTXIYCGGC,ZCTQGTTXIYCGGC-UHFFFAOYSA-N,6,0.6983,0.4,23,8.0,HIGH,NO_RELEVANT_REPORT_FOUND,False,False,False,0,False,False,False,Unsampled in Stage 7F,Computationally screened + no relevant target report located
CAND_COX1_0314,cox1,COX-1 (PTGS1),Jasminum SAMBAC (L.) Ait.,Benzyl salicylate,ZCTQGTTXIYCGGC,ZCTQGTTXIYCGGC-UHFFFAOYSA-N,6,0.6983,0.4,23,8.0,HIGH,NO_RELEVANT_REPORT_FOUND,False,False,False,0,False,False,False,Unsampled in Stage 7F,Computationally screened + no relevant target report located
CAND_COX1_0345,cox1,COX-1 (PTGS1),Hibiscus SABDARIFFA L.,Benzyl salicylate,ZCTQGTTXIYCGGC,ZCTQGTTXIYCGGC-UHFFFAOYSA-N,6,0.6983,0.4,23,46.0,HIGH,NO_RELEVANT_REPORT_FOUND,False,False,False,0,False,False,False,Unsampled in Stage 7F,Computationally screened + no relevant target report located
CAND_COX1_0474,cox1,COX-1 (PTGS1),Anacardium OCCIDENTALE L.,Benzyl salicylate,ZCTQGTTXIYCGGC,ZCTQGTTXIYCGGC-UHFFFAOYSA-N,6,0.6983,0.4,23,47.0,HIGH,NO_RELEVANT_REPORT_FOUND,False,False,False,0,False,False,False,Unsampled in Stage 7F,Computationally screened + no relevant target report located
CAND_COX1_0507,cox1,COX-1 (PTGS1),Azadirachta INDICA A. Juss.,Benzyl salicylate,ZCTQGTTXIYCGGC,ZCTQGTTXIYCGGC-UHFFFAOYSA-N,6,0.6983,0.4,23,27.0,HIGH,NO_RELEVANT_REPORT_FOUND,False,False,False,0,False,False,False,Unsampled in Stage 7F,Computationally screened + no relevant target report located
CAND_COX1_0562,cox1,COX-1 (PTGS1),Carica PAPAYA L.,Benzyl salicylate,ZCTQGTTXIYCGGC,ZCTQGTTXIYCGGC-UHFFFAOYSA-N,6,0.6983,0.4,23,29.0,HIGH,NO_RELEVANT_REPORT_FOUND,False,False,False,0,False,False,False,Unsampled in Stage 7F,Computationally screened + no relevant target report located
CAND_COX1_0578,cox1,COX-1 (PTGS1),Cassia FISTULA L.,Benzyl salicylate,ZCTQGTTXIYCGGC,ZCTQGTTXIYCGGC-UHFFFAOYSA-N,6,0.6983,0.4,23,81.0,HIGH,NO_RELEVANT_REPORT_FOUND,False,False,False,0,False,False,False,Unsampled in Stage 7F,Computationally screened + no relevant target report located
CAND_COX1_0583,cox1,COX-1 (PTGS1),Cassia FISTULA L.,Benzyl salicylate,ZCTQGTTXIYCGGC,ZCTQGTTXIYCGGC-UHFFFAOYSA-N,6,0.6983,0.4,23,81.0,HIGH,NO_RELEVANT_REPORT_FOUND,False,False,False,0,False,False,False,Unsampled in Stage 7F,Computationally screened + no relevant target report located
CAND_COX1_0434,cox1,COX-1 (PTGS1),Curcuma ANGUSTIFOLIA Roxb.,o-Cumenol,CRBJBYGJVIBWIY,CRBJBYGJVIBWIY-UHFFFAOYSA-N,6,0.6867,0.5909,24,11.0,HIGH,NO_RELEVANT_REPORT_FOUND,False,False,False,0,False,False,False,Unsampled in Stage 7F,Computationally screened + no relevant target report located
CAND_COX1_0272,cox1,COX-1 (PTGS1),Mangifera INDICA L.,diphenyl ether,USIUVYZYUHIAEV,USIUVYZYUHIAEV-UHFFFAOYSA-N,6,0.685,0.4138,25,7.0,HIGH,NO_RELEVANT_REPORT_FOUND,False,False,False,0,False,False,False,Unsampled in Stage 7F,Computationally screened + no relevant target report located
CAND_COX1_0298,cox1,COX-1 (PTGS1),Lawsonia INERMIS L.,Diphenyl ether,USIUVYZYUHIAEV,USIUVYZYUHIAEV-UHFFFAOYSA-N,6,0.685,0.4138,25,20.0,HIGH,NO_RELEVANT_REPORT_FOUND,False,False,False,0,False,False,False,Unsampled in Stage 7F,Computationally screened + no relevant target report located
CAND_COX1_0534,cox1,COX-1 (PTGS1),Camellia sinensis (L.) O. Kuntze.,Diphenyl ether,USIUVYZYUHIAEV,USIUVYZYUHIAEV-UHFFFAOYSA-N,6,0.685,0.4138,25,93.0,HIGH,NO_RELEVANT_REPORT_FOUND,False,False,False,0,False,False,False,Unsampled in Stage 7F,Computationally screened + no relevant target report located
CAND_COX1_0029,cox1,COX-1 (PTGS1),Saccharum officinarum L.,Xanthine,LRFVTYWOQMYALW,LRFVTYWOQMYALW-UHFFFAOYSA-N,6,0.6767,0.4,27,48.0,HIGH,NO_RELEVANT_REPORT_FOUND,False,False,False,0,True,False,True,Unsampled in Stage 7F,Computationally screened + no relevant target report located
CAND_COX1_0541,cox1,COX-1 (PTGS1),Camellia sinensis (L.) O. Kuntze.,Xanthine,LRFVTYWOQMYALW,LRFVTYWOQMYALW-UHFFFAOYSA-N,6,0.6767,0.4,27,93.0,HIGH,NO_RELEVANT_REPORT_FOUND,False,False,False,0,False,False,False,Unsampled in Stage 7F,Computationally screened + no relevant target report located
CAND_COX1_0644,cox1,COX-1 (PTGS1),Saccharum OFFICINARUM L.,Xanthine,LRFVTYWOQMYALW,LRFVTYWOQMYALW-UHFFFAOYSA-N,6,0.6767,0.4,27,49.0,HIGH,NO_RELEVANT_REPORT_FOUND,False,False,False,0,True,False,True,Unsampled in Stage 7F,Computationally screened + no relevant target report located
CAND_COX1_0352,cox1,COX-1 (PTGS1),Hibiscus SABDARIFFA L.,O-Benzylhydroxylamine hydrochloride,XYEOALKITRFCJJ,HYDZPXNVHXJHBG-UHFFFAOYSA-N,6,0.675,0.4444,28,46.0,HIGH,NO_RELEVANT_REPORT_FOUND,False,False,False,0,False,False,False,Unsampled in Stage 7F,Computationally screened + no relevant target report located
CAND_COX1_0018,cox1,COX-1 (PTGS1),Moringa oleifera Lam.,Phenol,ISWSIDIOOBJBQZ,ISWSIDIOOBJBQZ-UHFFFAOYSA-N,6,0.675,0.4348,29,65.0,HIGH,NO_RELEVANT_REPORT_FOUND,False,False,False,0,False,False,False,Unsampled in Stage 7F,Computationally screened + no relevant target report located
CAND_COX1_0073,cox1,COX-1 (PTGS1),Abelmoschus MOSCHATUS Medik.,Phenol,ISWSIDIOOBJBQZ,ISWSIDIOOBJBQZ-UHFFFAOYSA-N,6,0.675,0.4348,29,16.0,HIGH,NO_RELEVANT_REPORT_FOUND,False,False,False,0,False,False,False,Unsampled in Stage 7F,Computationally screened + no relevant target report located
CAND_COX1_0076,cox1,COX-1 (PTGS1),Abrus PRECATORIUS L.,"Phenol,",ISWSIDIOOBJBQZ,ISWSIDIOOBJBQZ-UHFFFAOYSA-N,6,0.675,0.4348,29,17.0,HIGH,NO_RELEVANT_REPORT_FOUND,False,False,False,0,False,False,False,Unsampled in Stage 7F,Computationally screened + no relevant target report located
CAND_COX1_0113,cox1,COX-1 (PTGS1),Terminalia CHEBULA Retz.,Phenol,ISWSIDIOOBJBQZ,ISWSIDIOOBJBQZ-UHFFFAOYSA-N,6,0.675,0.4348,29,62.0,HIGH,NO_RELEVANT_REPORT_FOUND,False,False,False,0,False,False,False,Unsampled in Stage 7F,Computationally screened + no relevant target report located
CAND_COX1_0130,cox1,COX-1 (PTGS1),Terminalia ARJUNA (Roxb. ex DC.) Wight & Arn.,Phenol,ISWSIDIOOBJBQZ,ISWSIDIOOBJBQZ-UHFFFAOYSA-N,6,0.675,0.4348,29,40.0,HIGH,NO_RELEVANT_REPORT_FOUND,False,False,False,0,True,False,True,Unsampled in Stage 7F,Computationally screened + no relevant target report located
CAND_COX1_0204,cox1,COX-1 (PTGS1),Ocimum tenuiflorum L.,Fenol,ISWSIDIOOBJBQZ,ISWSIDIOOBJBQZ-UHFFFAOYSA-N,6,0.675,0.4348,29,14.0,HIGH,NO_RELEVANT_REPORT_FOUND,False,False,False,0,False,False,False,Unsampled in Stage 7F,Computationally screened + no relevant target report located
CAND_COX1_0224,cox1,COX-1 (PTGS1),Moringa OLEIFERA Lamk.,Phenol,ISWSIDIOOBJBQZ,ISWSIDIOOBJBQZ-UHFFFAOYSA-N,6,0.675,0.4348,29,66.0,HIGH,NO_RELEVANT_REPORT_FOUND,False,False,False,0,False,False,False,Unsampled in Stage 7F,Computationally screened + no relevant target report located
CAND_COX1_0232,cox1,COX-1 (PTGS1),Mimusops ELENGI L.,Phenol,ISWSIDIOOBJBQZ,ISWSIDIOOBJBQZ-UHFFFAOYSA-N,6,0.675,0.4348,29,87.0,HIGH,NO_RELEVANT_REPORT_FOUND,False,False,False,0,False,False,False,Unsampled in Stage 7F,Computationally screened + no relevant target report located
CAND_COX1_0330,cox1,COX-1 (PTGS1),Ixora CUNEIFOLIA Roxb.,Phenol,ISWSIDIOOBJBQZ,ISWSIDIOOBJBQZ-UHFFFAOYSA-N,6,0.675,0.4348,29,,HIGH,NO_RELEVANT_REPORT_FOUND,False,False,False,0,False,False,False,Unsampled in Stage 7F,Computationally screened + no relevant target report located
CAND_COX1_0372,cox1,COX-1 (PTGS1),Helminthostachys ZEYLANICA L.,Phenol,ISWSIDIOOBJBQZ,ISWSIDIOOBJBQZ-UHFFFAOYSA-N,6,0.675,0.4348,29,,HIGH,NO_RELEVANT_REPORT_FOUND,False,False,False,0,False,False,False,Unsampled in Stage 7F,Computationally screened + no relevant target report located
CAND_COX1_0375,cox1,COX-1 (PTGS1),Heliotropium INDICUM L.,Phenol,ISWSIDIOOBJBQZ,ISWSIDIOOBJBQZ-UHFFFAOYSA-N,6,0.675,0.4348,29,42.0,HIGH,NO_RELEVANT_REPORT_FOUND,False,False,False,0,False,False,False,Unsampled in Stage 7F,Computationally screened + no relevant target report located
CAND_COX1_0397,cox1,COX-1 (PTGS1),Desmodium GANGETICUM (L.) DC.,Phenol,ISWSIDIOOBJBQZ,ISWSIDIOOBJBQZ-UHFFFAOYSA-N,6,0.675,0.4348,29,31.0,HIGH,NO_RELEVANT_REPORT_FOUND,False,False,False,0,False,False,False,Unsampled in Stage 7F,Computationally screened + no relevant target report located
CAND_COX1_0419,cox1,COX-1 (PTGS1),Curcuma ZEDOARIA Rosc.,Phenol,ISWSIDIOOBJBQZ,ISWSIDIOOBJBQZ-UHFFFAOYSA-N,6,0.675,0.4348,29,43.0,HIGH,NO_RELEVANT_REPORT_FOUND,False,False,False,0,False,False,False,Unsampled in Stage 7F,Computationally screened + no relevant target report located
CAND_COX1_0512,cox1,COX-1 (PTGS1),Azadirachta INDICA A. Juss.,Phenol,ISWSIDIOOBJBQZ,ISWSIDIOOBJBQZ-UHFFFAOYSA-N,6,0.675,0.4348,29,27.0,HIGH,NO_RELEVANT_REPORT_FOUND,False,False,False,0,False,False,False,Unsampled in Stage 7F,Computationally screened + no relevant target report located
CAND_COX1_0570,cox1,COX-1 (PTGS1),Carica PAPAYA L.,Phenol,ISWSIDIOOBJBQZ,ISWSIDIOOBJBQZ-UHFFFAOYSA-N,6,0.675,0.4348,29,29.0,HIGH,NO_RELEVANT_REPORT_FOUND,False,False,False,0,False,False,False,Unsampled in Stage 7F,Computationally screened + no relevant target report located
CAND_COX1_0016,cox1,COX-1 (PTGS1),Moringa oleifera Lam.,Acetophenone,KWOLFJPFCHCOCG,KWOLFJPFCHCOCG-UHFFFAOYSA-N,6,0.6717,0.4167,30,65.0,HIGH,NO_RELEVANT_REPORT_FOUND,False,False,False,0,False,False,False,Unsampled in Stage 7F,Computationally screened + no relevant target report located
CAND_COX1_0043,cox1,COX-1 (PTGS1),Citrus reticulata Blanco,Acetophenone,KWOLFJPFCHCOCG,KWOLFJPFCHCOCG-UHFFFAOYSA-N,6,0.6717,0.4167,30,67.0,HIGH,NO_RELEVANT_REPORT_FOUND,False,False,False,0,False,False,False,Unsampled in Stage 7F,Computationally screened + no relevant target report located
CAND_COX1_0122,cox1,COX-1 (PTGS1),Terminalia ARJUNA (Roxb. ex DC.) Wight & Arn.,Acetophenone,KWOLFJPFCHCOCG,KWOLFJPFCHCOCG-UHFFFAOYSA-N,6,0.6717,0.4167,30,40.0,HIGH,NO_RELEVANT_REPORT_FOUND,False,False,False,0,True,False,True,Unsampled in Stage 7F,Computationally screened + no relevant target report located
CAND_COX1_0142,cox1,COX-1 (PTGS1),Tamarindus INDICA L.,Acetophenone,KWOLFJPFCHCOCG,KWOLFJPFCHCOCG-UHFFFAOYSA-N,6,0.6717,0.4167,30,18.0,HIGH,NO_RELEVANT_REPORT_FOUND,False,False,False,0,False,False,False,Unsampled in Stage 7F,Computationally screened + no relevant target report located
CAND_COX1_0162,cox1,COX-1 (PTGS1),Psidium GUAJAVA L.,Acetophenone,KWOLFJPFCHCOCG,KWOLFJPFCHCOCG-UHFFFAOYSA-N,6,0.6717,0.4167,30,30.0,HIGH,NO_RELEVANT_REPORT_FOUND,False,False,False,0,True,False,True,Unsampled in Stage 7F,Computationally screened + no relevant target report located
CAND_COX1_0222,cox1,COX-1 (PTGS1),Moringa OLEIFERA Lamk.,Acetophenone,KWOLFJPFCHCOCG,KWOLFJPFCHCOCG-UHFFFAOYSA-N,6,0.6717,0.4167,30,66.0,HIGH,NO_RELEVANT_REPORT_FOUND,False,False,False,0,False,False,False,Unsampled in Stage 7F,Computationally screened + no relevant target report located
CAND_COX1_0267,cox1,COX-1 (PTGS1),Mangifera INDICA L.,acetophenone,KWOLFJPFCHCOCG,KWOLFJPFCHCOCG-UHFFFAOYSA-N,6,0.6717,0.4167,30,7.0,HIGH,NO_RELEVANT_REPORT_FOUND,False,False,False,0,False,False,False,Unsampled in Stage 7F,Computationally screened + no relevant target report located
CAND_COX1_0451,cox1,COX-1 (PTGS1),Colocasia ESCULENTA (L.) Schott.,Acetophenone,KWOLFJPFCHCOCG,KWOLFJPFCHCOCG-UHFFFAOYSA-N,6,0.6717,0.4167,30,6.0,HIGH,NO_RELEVANT_REPORT_FOUND,False,False,False,0,True,False,True,Unsampled in Stage 7F,Computationally screened + no relevant target report located
CAND_COX1_0605,cox1,COX-1 (PTGS1),Cinnamomum TAMALA Nees,Acetophenone,KWOLFJPFCHCOCG,KWOLFJPFCHCOCG-UHFFFAOYSA-N,6,0.6717,0.4167,30,19.0,HIGH,NO_RELEVANT_REPORT_FOUND,False,False,False,0,False,False,False,Unsampled in Stage 7F,Computationally screened + no relevant target report located
CAND_COX1_0615,cox1,COX-1 (PTGS1),Cinnamomum TAMALA Nees,acetophenone,KWOLFJPFCHCOCG,KWOLFJPFCHCOCG-UHFFFAOYSA-N,6,0.6717,0.4167,30,19.0,HIGH,NO_RELEVANT_REPORT_FOUND,False,False,False,0,False,False,False,Unsampled in Stage 7F,Computationally screened + no relevant target report located
CAND_COX1_0097,cox1,COX-1 (PTGS1),Ageratum CONYZOIDES L.,"3,5-di-tert-Butyl-4- hydroxyacetophenone",WGJPGMJLARWHRK,WGJPGMJLARWHRK-UHFFFAOYSA-N,6,0.665,0.4865,31,63.0,HIGH,NO_RELEVANT_REPORT_FOUND,False,False,False,0,False,False,False,Unsampled in Stage 7F,Computationally screened + no relevant target report located
CAND_COX1_0048,cox1,COX-1 (PTGS1),Citrus reticulata Blanco,Ethyl phenylacetate,DULCUDSUACXJJC,DULCUDSUACXJJC-UHFFFAOYSA-N,6,0.6567,0.4062,33,67.0,HIGH,NO_RELEVANT_REPORT_FOUND,False,False,False,0,False,False,False,Unsampled in Stage 7F,Computationally screened + no relevant target report located
CAND_COX1_0178,cox1,COX-1 (PTGS1),Plumeria RUBRA L.,Ethyl phenylacetate,DULCUDSUACXJJC,DULCUDSUACXJJC-UHFFFAOYSA-N,6,0.6567,0.4062,33,12.0,HIGH,NO_RELEVANT_REPORT_FOUND,False,False,False,0,True,False,True,Unsampled in Stage 7F,Computationally screened + no relevant target report located
CAND_COX1_0273,cox1,COX-1 (PTGS1),Mangifera INDICA L.,ethyl phenylacetate,DULCUDSUACXJJC,DULCUDSUACXJJC-UHFFFAOYSA-N,6,0.6567,0.4062,33,7.0,HIGH,NO_RELEVANT_REPORT_FOUND,False,False,False,0,False,False,False,Unsampled in Stage 7F,Computationally screened + no relevant target report located
CAND_COX1_0024,cox1,COX-1 (PTGS1),Sesamum indicum L.,Guaiacol,LHGVFZTZFXWLCP,LHGVFZTZFXWLCP-UHFFFAOYSA-N,6,0.65,0.5,34,23.0,HIGH,NO_RELEVANT_REPORT_FOUND,False,False,False,0,True,False,True,Unsampled in Stage 7F,Computationally screened + no relevant target report located
CAND_COX1_0133,cox1,COX-1 (PTGS1),Terminalia ARJUNA (Roxb. ex DC.) Wight & Arn.,o-Guaiacol,LHGVFZTZFXWLCP,LHGVFZTZFXWLCP-UHFFFAOYSA-N,6,0.65,0.5,34,40.0,HIGH,NO_RELEVANT_REPORT_FOUND,False,False,False,0,True,False,True,Unsampled in Stage 7F,Computationally screened + no relevant target report located
CAND_COX1_0145,cox1,COX-1 (PTGS1),Tamarindus INDICA L.,Guaiacol,LHGVFZTZFXWLCP,LHGVFZTZFXWLCP-UHFFFAOYSA-N,6,0.65,0.5,34,18.0,HIGH,NO_RELEVANT_REPORT_FOUND,False,False,False,0,False,False,False,Unsampled in Stage 7F,Computationally screened + no relevant target report located
CAND_COX1_0187,cox1,COX-1 (PTGS1),Piper NIGRUM L.,Guaiacol,LHGVFZTZFXWLCP,LHGVFZTZFXWLCP-UHFFFAOYSA-N,6,0.65,0.5,34,9.0,HIGH,NO_RELEVANT_REPORT_FOUND,False,False,False,0,True,False,True,Unsampled in Stage 7F,Computationally screened + no relevant target report located
CAND_COX1_0200,cox1,COX-1 (PTGS1),Paederia FOETIDA L.,2-Methoxyphenol,LHGVFZTZFXWLCP,LHGVFZTZFXWLCP-UHFFFAOYSA-N,6,0.65,0.5,34,21.0,HIGH,NO_RELEVANT_REPORT_FOUND,False,False,False,0,False,False,False,Unsampled in Stage 7F,Computationally screened + no relevant target report located
CAND_COX1_0253,cox1,COX-1 (PTGS1),Manihot ESCULENTA Crantz.,guaiacol,LHGVFZTZFXWLCP,LHGVFZTZFXWLCP-UHFFFAOYSA-N,6,0.65,0.5,34,45.0,HIGH,NO_RELEVANT_REPORT_FOUND,False,False,False,0,False,False,False,Unsampled in Stage 7F,Computationally screened + no relevant target report located
CAND_COX1_0366,cox1,COX-1 (PTGS1),Hemidesmus INDICUS (L.) R. Br.,2-methoxyphenol,LHGVFZTZFXWLCP,LHGVFZTZFXWLCP-UHFFFAOYSA-N,6,0.65,0.5,34,41.0,HIGH,NO_RELEVANT_REPORT_FOUND,False,False,False,0,False,False,False,Unsampled in Stage 7F,Computationally screened + no relevant target report located
CAND_COX1_0387,cox1,COX-1 (PTGS1),Ficus HISPIDA L. f.,2-Methoxy-Phenol,LHGVFZTZFXWLCP,LHGVFZTZFXWLCP-UHFFFAOYSA-N,6,0.65,0.5,34,89.0,HIGH,NO_RELEVANT_REPORT_FOUND,False,False,False,0,False,False,False,Unsampled in Stage 7F,Computationally screened + no relevant target report located
CAND_COX1_0455,cox1,COX-1 (PTGS1),Colocasia ESCULENTA (L.) Schott.,Guaiacol,LHGVFZTZFXWLCP,LHGVFZTZFXWLCP-UHFFFAOYSA-N,6,0.65,0.5,34,6.0,HIGH,NO_RELEVANT_REPORT_FOUND,False,False,False,0,True,False,True,Unsampled in Stage 7F,Computationally screened + no relevant target report located
CAND_COX1_0503,cox1,COX-1 (PTGS1),Azadirachta INDICA A. Juss.,2-methoxyphenol,LHGVFZTZFXWLCP,LHGVFZTZFXWLCP-UHFFFAOYSA-N,6,0.65,0.5,34,27.0,HIGH,NO_RELEVANT_REPORT_FOUND,False,False,False,0,False,False,False,Unsampled in Stage 7F,Computationally screened + no relevant target report located
CAND_COX1_0537,cox1,COX-1 (PTGS1),Camellia sinensis (L.) O. Kuntze.,Guaiacol,LHGVFZTZFXWLCP,LHGVFZTZFXWLCP-UHFFFAOYSA-N,6,0.65,0.5,34,93.0,HIGH,NO_RELEVANT_REPORT_FOUND,False,False,False,0,False,False,False,Unsampled in Stage 7F,Computationally screened + no relevant target report located
CAND_COX1_0622,cox1,COX-1 (PTGS1),Syzygium CUMINI (L.) Skeel.,Guaiacol,LHGVFZTZFXWLCP,LHGVFZTZFXWLCP-UHFFFAOYSA-N,6,0.65,0.5,34,86.0,HIGH,NO_RELEVANT_REPORT_FOUND,False,False,False,0,True,False,True,Unsampled in Stage 7F,Computationally screened + no relevant target report located
CAND_COX1_0626,cox1,COX-1 (PTGS1),Syzygium CUMINI (L.) Skeel.,o-Guaiacol,LHGVFZTZFXWLCP,LHGVFZTZFXWLCP-UHFFFAOYSA-N,6,0.65,0.5,34,86.0,HIGH,NO_RELEVANT_REPORT_FOUND,False,False,False,0,False,False,False,Unsampled in Stage 7F,Computationally screened + no relevant target report located
CAND_COX1_0633,cox1,COX-1 (PTGS1),Solanum MELONGENA L.,Guaiacol,LHGVFZTZFXWLCP,LHGVFZTZFXWLCP-UHFFFAOYSA-N,6,0.65,0.5,34,79.0,HIGH,NO_RELEVANT_REPORT_FOUND,False,False,False,0,True,False,True,Unsampled in Stage 7F,Computationally screened + no relevant target report located
CAND_COX1_0639,cox1,COX-1 (PTGS1),Sesamum INDICUM L.,Guaiacol,LHGVFZTZFXWLCP,LHGVFZTZFXWLCP-UHFFFAOYSA-N,6,0.65,0.5,34,24.0,HIGH,NO_RELEVANT_REPORT_FOUND,False,False,False,0,True,False,True,Unsampled in Stage 7F,Computationally screened + no relevant target report located
CAND_COX1_0497,cox1,COX-1 (PTGS1),Azadirachta INDICA A. Juss.,"1,4-Dimethoxybenzene",OHBQPCCCRFSCAX,OHBQPCCCRFSCAX-UHFFFAOYSA-N,6,0.65,0.4583,35,27.0,HIGH,NO_RELEVANT_REPORT_FOUND,False,False,False,0,False,False,False,Unsampled in Stage 7F,Computationally screened + no relevant target report located
CAND_COX1_0498,cox1,COX-1 (PTGS1),Azadirachta INDICA A. Juss.,"1,4-dimethoxy benzene",OHBQPCCCRFSCAX,OHBQPCCCRFSCAX-UHFFFAOYSA-N,6,0.65,0.4583,35,27.0,HIGH,NO_RELEVANT_REPORT_FOUND,False,False,False,0,False,False,False,Unsampled in Stage 7F,Computationally screened + no relevant target report located
CAND_COX1_0083,cox1,COX-1 (PTGS1),Abutilon INDICUM (L.) Sweet,Cathinone,PUAQLLVFLMYYJJ,PUAQLLVFLMYYJJ-ZETCQYMHSA-N,6,0.6483,0.4,36,59.0,HIGH,NO_RELEVANT_REPORT_FOUND,False,False,False,0,False,False,False,Unsampled in Stage 7F,Computationally screened + no relevant target report located
CAND_COX1_0439,cox1,COX-1 (PTGS1),Cuminum CYMINUM L.,"Benzene, 1,1'- oxybis[4-phenoxy-",GQGTXJRZSBTHOB,GQGTXJRZSBTHOB-UHFFFAOYSA-N,6,0.6433,0.4,37,34.0,HIGH,NO_RELEVANT_REPORT_FOUND,False,False,False,0,False,False,False,Unsampled in Stage 7F,Computationally screened + no relevant target report located
CAND_COX1_0153,cox1,COX-1 (PTGS1),Ricinus COMMUNIS L.,Indole-3-acetic acid,SEOVTRFCIGRIMH,SEOVTRFCIGRIMH-UHFFFAOYSA-N,6,0.6367,0.4681,38,88.0,HIGH,NO_RELEVANT_REPORT_FOUND,False,False,False,0,True,False,True,Unsampled in Stage 7F,Computationally screened + no relevant target report located
CAND_COX1_0381,cox1,COX-1 (PTGS1),Gloriosa SUPERBA L.,Indole-3-acetic acid,SEOVTRFCIGRIMH,SEOVTRFCIGRIMH-UHFFFAOYSA-N,6,0.6367,0.4681,38,61.0,HIGH,NO_RELEVANT_REPORT_FOUND,False,False,False,0,False,False,False,Unsampled in Stage 7F,Computationally screened + no relevant target report located
CAND_COX1_0408,cox1,COX-1 (PTGS1),Cyperus ROTUNDUS L.,Indole-3-acetate,SEOVTRFCIGRIMH,SEOVTRFCIGRIMH-UHFFFAOYSA-M,6,0.6367,0.4681,38,78.0,HIGH,NO_RELEVANT_REPORT_FOUND,False,False,False,0,False,False,False,Unsampled in Stage 7F,Computationally screened + no relevant target report located
CAND_COX1_0548,cox1,COX-1 (PTGS1),Sida rhombifolia L.,"(3S)-3-hydroxy-2,3-dihydro-1H-pyrrolo[2,1-b]quinazolin-9-one",SDIVYZXRQHWCKF,SDIVYZXRQHWCKF-VIFPVBQESA-N,6,0.63,0.4286,40,4.0,HIGH,NO_RELEVANT_REPORT_FOUND,False,False,False,0,True,False,True,Unsampled in Stage 7F,Computationally screened + no relevant target report located
CAND_COX1_0551,cox1,COX-1 (PTGS1),Sida acuta Burm. f.,"(3S)-3-hydroxy-2,3-dihydro-1H-pyrrolo[2,1-b]quinazolin-9-one",SDIVYZXRQHWCKF,SDIVYZXRQHWCKF-VIFPVBQESA-N,6,0.63,0.4286,40,,HIGH,NO_RELEVANT_REPORT_FOUND,False,False,False,0,True,False,True,Unsampled in Stage 7F,Computationally screened + no relevant target report located
CAND_COX1_0636,cox1,COX-1 (PTGS1),Sida ACUTA Burm. f.,"(3S)-3-hydroxy-2,3-dihydro-1H-pyrrolo[2,1-b]quinazolin-9-one",SDIVYZXRQHWCKF,SDIVYZXRQHWCKF-VIFPVBQESA-N,6,0.63,0.4286,40,,HIGH,NO_RELEVANT_REPORT_FOUND,False,False,False,0,True,False,True,Unsampled in Stage 7F,Computationally screened + no relevant target report located
CAND_COX1_0175,cox1,COX-1 (PTGS1),Plumeria RUBRA L.,4-Methoxyphenylacetic acid,NRPFNQUDKRYCNX,NRPFNQUDKRYCNX-UHFFFAOYSA-N,6,0.625,0.7,42,12.0,HIGH,NO_RELEVANT_REPORT_FOUND,False,False,False,0,True,False,True,Unsampled in Stage 7F,Computationally screened + no relevant target report located
CAND_COX1_0088,cox1,COX-1 (PTGS1),Haldina cordifolia (Roxb.) Ridsdale,p-hydroxyphenyl acetic acid,XQXPVVBIMDBYFF,XQXPVVBIMDBYFF-UHFFFAOYSA-N,6,0.625,0.6,43,106.0,HIGH,NO_RELEVANT_REPORT_FOUND,False,False,False,0,False,False,False,Unsampled in Stage 7F,Computationally screened + no relevant target report located
CAND_COX1_0544,cox1,COX-1 (PTGS1),Cannabis SATIVA L.,p hydroxy phenylacetic acid,XQXPVVBIMDBYFF,XQXPVVBIMDBYFF-UHFFFAOYSA-N,6,0.625,0.6,43,96.0,HIGH,NO_RELEVANT_REPORT_FOUND,False,False,False,0,False,False,False,Unsampled in Stage 7F,Computationally screened + no relevant target report located
CAND_COX1_0564,cox1,COX-1 (PTGS1),Carica PAPAYA L.,Ethyl benzyl ether,AXPZDYVDTMMLNB,AXPZDYVDTMMLNB-UHFFFAOYSA-N,6,0.6217,0.4138,44,29.0,HIGH,NO_RELEVANT_REPORT_FOUND,False,False,False,0,False,False,False,Unsampled in Stage 7F,Computationally screened + no relevant target report located
CAND_COX1_0194,cox1,COX-1 (PTGS1),Passiflora FOETIDA L.,"1,2-Dimethoxybenzene",ABDKAPXRBAPSQN,ABDKAPXRBAPSQN-UHFFFAOYSA-N,6,0.62,0.6316,45,1.0,HIGH,NO_RELEVANT_REPORT_FOUND,False,False,False,0,True,False,True,Unsampled in Stage 7F,Computationally screened + no relevant target report located
CAND_COX1_0197,cox1,COX-1 (PTGS1),Paederia FOETIDA L.,"1,2-Dimethoxybenzene",ABDKAPXRBAPSQN,ABDKAPXRBAPSQN-UHFFFAOYSA-N,6,0.62,0.6316,45,21.0,HIGH,NO_RELEVANT_REPORT_FOUND,False,False,False,0,False,False,False,Unsampled in Stage 7F,Computationally screened + no relevant target report located
CAND_COX1_0620,cox1,COX-1 (PTGS1),Syzygium CUMINI (L.) Skeel.,"1,2-Dimethoxybenzene",ABDKAPXRBAPSQN,ABDKAPXRBAPSQN-UHFFFAOYSA-N,6,0.62,0.6316,45,86.0,HIGH,NO_RELEVANT_REPORT_FOUND,False,False,False,0,True,False,True,Unsampled in Stage 7F,Computationally screened + no relevant target report located
CAND_COX1_0038,cox1,COX-1 (PTGS1),Citrus limon (L.) Osbeck,Methyl benzoate,QPJVMBTYPHYUOC,QPJVMBTYPHYUOC-UHFFFAOYSA-N,6,0.6183,0.4167,46,13.0,HIGH,NO_RELEVANT_REPORT_FOUND,False,False,False,0,False,False,False,Unsampled in Stage 7F,Computationally screened + no relevant target report located
CAND_COX1_0149,cox1,COX-1 (PTGS1),Tamarindus INDICA L.,Methyl benzoate,QPJVMBTYPHYUOC,QPJVMBTYPHYUOC-UHFFFAOYSA-N,6,0.6183,0.4167,46,18.0,HIGH,NO_RELEVANT_REPORT_FOUND,False,False,False,0,False,False,False,Unsampled in Stage 7F,Computationally screened + no relevant target report located
CAND_COX1_0168,cox1,COX-1 (PTGS1),Psidium GUAJAVA L.,Methyl benzoate,QPJVMBTYPHYUOC,QPJVMBTYPHYUOC-UHFFFAOYSA-N,6,0.6183,0.4167,46,30.0,HIGH,NO_RELEVANT_REPORT_FOUND,False,False,False,0,True,False,True,Unsampled in Stage 7F,Computationally screened + no relevant target report located
CAND_COX1_0179,cox1,COX-1 (PTGS1),Plumeria RUBRA L.,Methyl benzoate,QPJVMBTYPHYUOC,QPJVMBTYPHYUOC-UHFFFAOYSA-N,6,0.6183,0.4167,46,12.0,HIGH,NO_RELEVANT_REPORT_FOUND,False,False,False,0,True,False,True,Unsampled in Stage 7F,Computationally screened + no relevant target report located
CAND_COX1_0244,cox1,COX-1 (PTGS1),Michelia CHAMPACA L.,Methyl benzoate,QPJVMBTYPHYUOC,QPJVMBTYPHYUOC-UHFFFAOYSA-N,6,0.6183,0.4167,46,58.0,HIGH,NO_RELEVANT_REPORT_FOUND,False,False,False,0,False,False,False,Unsampled in Stage 7F,Computationally screened + no relevant target report located
CAND_COX1_0276,cox1,COX-1 (PTGS1),Mangifera INDICA L.,methyl benzoate,QPJVMBTYPHYUOC,QPJVMBTYPHYUOC-UHFFFAOYSA-N,6,0.6183,0.4167,46,7.0,HIGH,NO_RELEVANT_REPORT_FOUND,False,False,False,0,False,False,False,Unsampled in Stage 7F,Computationally screened + no relevant target report located
CAND_COX1_0309,cox1,COX-1 (PTGS1),Jasminum SAMBAC (L.) Ait.,"Benzoic acid, methyl ester",QPJVMBTYPHYUOC,QPJVMBTYPHYUOC-UHFFFAOYSA-N,6,0.6183,0.4167,46,8.0,HIGH,NO_RELEVANT_REPORT_FOUND,False,False,False,0,False,False,False,Unsampled in Stage 7F,Computationally screened + no relevant target report located
CAND_COX1_0316,cox1,COX-1 (PTGS1),Jasminum SAMBAC (L.) Ait.,Methyl benzoate,QPJVMBTYPHYUOC,QPJVMBTYPHYUOC-UHFFFAOYSA-N,6,0.6183,0.4167,46,8.0,HIGH,NO_RELEVANT_REPORT_FOUND,False,False,False,0,False,False,False,Unsampled in Stage 7F,Computationally screened + no relevant target report located
CAND_COX1_0318,cox1,COX-1 (PTGS1),Jasminum SAMBAC (L.) Ait.,Methylbenzoate,QPJVMBTYPHYUOC,QPJVMBTYPHYUOC-UHFFFAOYSA-N,6,0.6183,0.4167,46,8.0,HIGH,NO_RELEVANT_REPORT_FOUND,False,False,False,0,False,False,False,Unsampled in Stage 7F,Computationally screened + no relevant target report located
CAND_COX1_0327,cox1,COX-1 (PTGS1),Jasminum SAMBAC (L.) Ait.,methyl benzoate,QPJVMBTYPHYUOC,QPJVMBTYPHYUOC-UHFFFAOYSA-N,6,0.6183,0.4167,46,8.0,HIGH,NO_RELEVANT_REPORT_FOUND,False,False,False,0,False,False,False,Unsampled in Stage 7F,Computationally screened + no relevant target report located
CAND_COX1_0417,cox1,COX-1 (PTGS1),Cymbopogon CITRATUS (DC.) Stapf.,Methyl benzoate,QPJVMBTYPHYUOC,QPJVMBTYPHYUOC-UHFFFAOYSA-N,6,0.6183,0.4167,46,28.0,HIGH,NO_RELEVANT_REPORT_FOUND,False,False,False,0,False,False,False,Unsampled in Stage 7F,Computationally screened + no relevant target report located
CAND_COX1_0433,cox1,COX-1 (PTGS1),Curcuma ANGUSTIFOLIA Roxb.,Methyl benzoate,QPJVMBTYPHYUOC,QPJVMBTYPHYUOC-UHFFFAOYSA-N,6,0.6183,0.4167,46,11.0,HIGH,NO_RELEVANT_REPORT_FOUND,False,False,False,0,False,False,False,Unsampled in Stage 7F,Computationally screened + no relevant target report located
CAND_COX1_0465,cox1,COX-1 (PTGS1),Citrus maxima (Burm.) Merr.,Methyl benzoate,QPJVMBTYPHYUOC,QPJVMBTYPHYUOC-UHFFFAOYSA-N,6,0.6183,0.4167,46,68.0,HIGH,NO_RELEVANT_REPORT_FOUND,False,False,False,0,False,False,False,Unsampled in Stage 7F,Computationally screened + no relevant target report located
CAND_COX1_0566,cox1,COX-1 (PTGS1),Carica PAPAYA L.,Methyl benzoate,QPJVMBTYPHYUOC,QPJVMBTYPHYUOC-UHFFFAOYSA-N,6,0.6183,0.4167,46,29.0,HIGH,NO_RELEVANT_REPORT_FOUND,False,False,False,0,False,False,False,Unsampled in Stage 7F,Computationally screened + no relevant target report located
CAND_COX1_0257,cox1,COX-1 (PTGS1),Mangifera INDICA L.,2-Nitrophenol,IQUPABOKLQSFBK,IQUPABOKLQSFBK-UHFFFAOYSA-N,6,0.615,0.4286,47,7.0,HIGH,NO_RELEVANT_REPORT_FOUND,False,False,False,0,False,False,False,Unsampled in Stage 7F,Computationally screened + no relevant target report located
CAND_COX1_0508,cox1,COX-1 (PTGS1),Azadirachta INDICA A. Juss.,Catalponone,RCAWOWBPYYYZPZ,CWIWSAPEOCRNMD-LLVKDONJSA-N,6,0.6117,0.4186,48,27.0,HIGH,NO_RELEVANT_REPORT_FOUND,False,False,False,0,False,False,False,Unsampled in Stage 7F,Computationally screened + no relevant target report located
CAND_COX1_0077,cox1,COX-1 (PTGS1),Abrus PRECATORIUS L.,"Propanoic acid,2-methyl-3-[4-t- butyl]phenyl-",DWZYELZGJMFEMJ,DWZYELZGJMFEMJ-UHFFFAOYSA-N,6,0.61,0.4,49,17.0,HIGH,NO_RELEVANT_REPORT_FOUND,False,False,False,0,False,False,False,Unsampled in Stage 7F,Computationally screened + no relevant target report located
CAND_COX1_0039,cox1,COX-1 (PTGS1),Citrus limon (L.) Osbeck,O-Cymene,WWRCMNKATXZARA,WWRCMNKATXZARA-UHFFFAOYSA-N,6,0.6067,0.4783,50,13.0,HIGH,NO_RELEVANT_REPORT_FOUND,False,False,False,0,False,False,False,Unsampled in Stage 7F,Computationally screened + no relevant target report located
CAND_COX1_0040,cox1,COX-1 (PTGS1),Citrus limon (L.) Osbeck,O-cymene,WWRCMNKATXZARA,WWRCMNKATXZARA-UHFFFAOYSA-N,6,0.6067,0.4783,50,13.0,HIGH,NO_RELEVANT_REPORT_FOUND,False,False,False,0,False,False,False,Unsampled in Stage 7F,Computationally screened + no relevant target report located
CAND_COX1_0057,cox1,COX-1 (PTGS1),Citrus reticulata Blanco,o-Cymene,WWRCMNKATXZARA,WWRCMNKATXZARA-UHFFFAOYSA-N,6,0.6067,0.4783,50,67.0,HIGH,NO_RELEVANT_REPORT_FOUND,False,False,False,0,False,False,False,Unsampled in Stage 7F,Computationally screened + no relevant target report located
CAND_COX1_0108,cox1,COX-1 (PTGS1),Zingiber ZERUMBET (L.) Roscoe ex Sm.,O-Cymene,WWRCMNKATXZARA,WWRCMNKATXZARA-UHFFFAOYSA-N,6,0.6067,0.4783,50,52.0,HIGH,NO_RELEVANT_REPORT_FOUND,False,False,False,0,False,False,False,Unsampled in Stage 7F,Computationally screened + no relevant target report located
CAND_COX1_0132,cox1,COX-1 (PTGS1),Terminalia ARJUNA (Roxb. ex DC.) Wight & Arn.,o-Cymene,WWRCMNKATXZARA,WWRCMNKATXZARA-UHFFFAOYSA-N,6,0.6067,0.4783,50,40.0,HIGH,NO_RELEVANT_REPORT_FOUND,False,False,False,0,True,False,True,Unsampled in Stage 7F,Computationally screened + no relevant target report located
CAND_COX1_0170,cox1,COX-1 (PTGS1),Psidium GUAJAVA L.,O-Cymene,WWRCMNKATXZARA,WWRCMNKATXZARA-UHFFFAOYSA-N,6,0.6067,0.4783,50,30.0,HIGH,NO_RELEVANT_REPORT_FOUND,False,False,False,0,True,False,True,Unsampled in Stage 7F,Computationally screened + no relevant target report located
CAND_COX1_0188,cox1,COX-1 (PTGS1),Piper NIGRUM L.,O-Cymene,WWRCMNKATXZARA,WWRCMNKATXZARA-UHFFFAOYSA-N,6,0.6067,0.4783,50,9.0,HIGH,NO_RELEVANT_REPORT_FOUND,False,False,False,0,True,False,True,Unsampled in Stage 7F,Computationally screened + no relevant target report located
CAND_COX1_0209,cox1,COX-1 (PTGS1),Nigella SATIVA L,O-Cymene,WWRCMNKATXZARA,WWRCMNKATXZARA-UHFFFAOYSA-N,6,0.6067,0.4783,50,85.0,HIGH,NO_RELEVANT_REPORT_FOUND,False,False,False,0,False,False,False,Unsampled in Stage 7F,Computationally screened + no relevant target report located
CAND_COX1_0210,cox1,COX-1 (PTGS1),Nigella SATIVA L,O?Cymene,WWRCMNKATXZARA,WWRCMNKATXZARA-UHFFFAOYSA-N,6,0.6067,0.4783,50,85.0,HIGH,NO_RELEVANT_REPORT_FOUND,False,False,False,0,False,False,False,Unsampled in Stage 7F,Computationally screened + no relevant target report located
CAND_COX1_0213,cox1,COX-1 (PTGS1),Nigella SATIVA L,o-Cymene,WWRCMNKATXZARA,WWRCMNKATXZARA-UHFFFAOYSA-N,6,0.6067,0.4783,50,85.0,HIGH,NO_RELEVANT_REPORT_FOUND,False,False,False,0,False,False,False,Unsampled in Stage 7F,Computationally screened + no relevant target report located
CAND_COX1_0265,cox1,COX-1 (PTGS1),Mangifera INDICA L.,O-Cymene,WWRCMNKATXZARA,WWRCMNKATXZARA-UHFFFAOYSA-N,6,0.6067,0.4783,50,7.0,HIGH,NO_RELEVANT_REPORT_FOUND,False,False,False,0,False,False,False,Unsampled in Stage 7F,Computationally screened + no relevant target report located
CAND_COX1_0291,cox1,COX-1 (PTGS1),Leucas ASPERA (Willd.) Link.,o-Cymene,WWRCMNKATXZARA,WWRCMNKATXZARA-UHFFFAOYSA-N,6,0.6067,0.4783,50,60.0,HIGH,NO_RELEVANT_REPORT_FOUND,False,False,False,0,False,False,False,Unsampled in Stage 7F,Computationally screened + no relevant target report located
CAND_COX1_0356,cox1,COX-1 (PTGS1),Hibiscus SABDARIFFA L.,o-Cymene,WWRCMNKATXZARA,WWRCMNKATXZARA-UHFFFAOYSA-N,6,0.6067,0.4783,50,46.0,HIGH,NO_RELEVANT_REPORT_FOUND,False,False,False,0,False,False,False,Unsampled in Stage 7F,Computationally screened + no relevant target report located
CAND_COX1_0411,cox1,COX-1 (PTGS1),Cyperus ROTUNDUS L.,o-Cymene,WWRCMNKATXZARA,WWRCMNKATXZARA-UHFFFAOYSA-N,6,0.6067,0.4783,50,78.0,HIGH,NO_RELEVANT_REPORT_FOUND,False,False,False,0,False,False,False,Unsampled in Stage 7F,Computationally screened + no relevant target report located
CAND_COX1_0423,cox1,COX-1 (PTGS1),Curcuma ZEDOARIA Rosc.,o-cymene,WWRCMNKATXZARA,WWRCMNKATXZARA-UHFFFAOYSA-N,6,0.6067,0.4783,50,43.0,HIGH,NO_RELEVANT_REPORT_FOUND,False,False,False,0,False,False,False,Unsampled in Stage 7F,Computationally screened + no relevant target report located
CAND_COX1_0426,cox1,COX-1 (PTGS1),Curcuma LONGA L.,O-Cymene,WWRCMNKATXZARA,WWRCMNKATXZARA-UHFFFAOYSA-N,6,0.6067,0.4783,50,80.0,HIGH,NO_RELEVANT_REPORT_FOUND,False,False,False,0,False,False,False,Unsampled in Stage 7F,Computationally screened + no relevant target report located
CAND_COX1_0435,cox1,COX-1 (PTGS1),Curcuma ANGUSTIFOLIA Roxb.,o-Cymene,WWRCMNKATXZARA,WWRCMNKATXZARA-UHFFFAOYSA-N,6,0.6067,0.4783,50,11.0,HIGH,NO_RELEVANT_REPORT_FOUND,False,False,False,0,False,False,False,Unsampled in Stage 7F,Computationally screened + no relevant target report located
CAND_COX1_0443,cox1,COX-1 (PTGS1),Cuminum CYMINUM L.,o-cymene,WWRCMNKATXZARA,WWRCMNKATXZARA-UHFFFAOYSA-N,6,0.6067,0.4783,50,34.0,HIGH,NO_RELEVANT_REPORT_FOUND,False,False,False,0,False,False,False,Unsampled in Stage 7F,Computationally screened + no relevant target report located
CAND_COX1_0624,cox1,COX-1 (PTGS1),Syzygium CUMINI (L.) Skeel.,O-Cymene,WWRCMNKATXZARA,WWRCMNKATXZARA-UHFFFAOYSA-N,6,0.6067,0.4783,50,86.0,HIGH,NO_RELEVANT_REPORT_FOUND,False,False,False,0,False,False,False,Unsampled in Stage 7F,Computationally screened + no relevant target report located
CAND_COX1_0093,cox1,COX-1 (PTGS1),Aegle MARMELOS (L.) Corr.,"Benzenepropanoic acid, 3,5-bis (1,1-dimethylethyl)-4-hydroxy-, methyl ester",PXMJCECEFTYEKE,PXMJCECEFTYEKE-UHFFFAOYSA-N,6,0.5967,0.4792,51,64.0,HIGH,NO_RELEVANT_REPORT_FOUND,False,False,False,0,False,False,False,Unsampled in Stage 7F,Computationally screened + no relevant target report located
CAND_COX1_0461,cox1,COX-1 (PTGS1),Citrus maxima (Burm.) Merr.,"Benzenepropanoic acid,3,5-bis (1,1-dimethylethyl) 4 - hydroxy-, methyl ester",PXMJCECEFTYEKE,PXMJCECEFTYEKE-UHFFFAOYSA-N,6,0.5967,0.4792,51,68.0,HIGH,NO_RELEVANT_REPORT_FOUND,False,False,False,0,False,False,False,Unsampled in Stage 7F,Computationally screened + no relevant target report located
CAND_COX1_0429,cox1,COX-1 (PTGS1),Curcuma ANGUSTIFOLIA Roxb.,"2,6-Dimethyl phenol",NXXYKOUNUYWIHA,NXXYKOUNUYWIHA-UHFFFAOYSA-N,6,0.5967,0.4091,52,11.0,HIGH,NO_RELEVANT_REPORT_FOUND,False,False,False,0,False,False,False,Unsampled in Stage 7F,Computationally screened + no relevant target report located
CAND_COX1_0500,cox1,COX-1 (PTGS1),Azadirachta INDICA A. Juss.,"2,6-dimethylphenol",NXXYKOUNUYWIHA,NXXYKOUNUYWIHA-UHFFFAOYSA-N,6,0.5967,0.4091,52,27.0,HIGH,NO_RELEVANT_REPORT_FOUND,False,False,False,0,False,False,False,Unsampled in Stage 7F,Computationally screened + no relevant target report located
CAND_COX1_0492,cox1,COX-1 (PTGS1),Averrhoa CARAMBOLA L.,Anisic acid,ZEYHEAKUIGZSGI,ZEYHEAKUIGZSGI-UHFFFAOYSA-N,6,0.59,0.4118,53,22.0,HIGH,NO_RELEVANT_REPORT_FOUND,False,False,False,0,False,False,False,Unsampled in Stage 7F,Computationally screened + no relevant target report located
CAND_COX1_0021,cox1,COX-1 (PTGS1),Diospyros malabarica(desr.) Kostel.,Trans-methyl isoeugenol,NNWHUJCUHAELCL,NNWHUJCUHAELCL-PLNGDYQASA-N,6,0.585,0.6333,54,71.0,HIGH,NO_RELEVANT_REPORT_FOUND,False,False,False,0,True,True,False,Unsampled in Stage 7F,Computationally screened + no relevant target report located
CAND_COX1_0060,cox1,COX-1 (PTGS1),Carum carvi L.,Methylisoeugenol,NNWHUJCUHAELCL,NNWHUJCUHAELCL-SNAWJCMRSA-N,6,0.585,0.6333,54,2.0,HIGH,NO_RELEVANT_REPORT_FOUND,False,False,False,0,True,True,False,Unsampled in Stage 7F,Computationally screened + no relevant target report located
CAND_COX1_0111,cox1,COX-1 (PTGS1),Terminalia CHEBULA Retz.,Methyl isoeugenol,NNWHUJCUHAELCL,NNWHUJCUHAELCL-SNAWJCMRSA-N,6,0.585,0.6333,54,62.0,HIGH,NO_RELEVANT_REPORT_FOUND,False,False,False,0,True,True,False,Unsampled in Stage 7F,Computationally screened + no relevant target report located
CAND_COX1_0205,cox1,COX-1 (PTGS1),Ocimum tenuiflorum L.,Methyl isoeugenol,NNWHUJCUHAELCL,NNWHUJCUHAELCL-UHFFFAOYSA-N,6,0.585,0.6333,54,14.0,HIGH,NO_RELEVANT_REPORT_FOUND,False,False,False,0,True,True,False,Unsampled in Stage 7F,Computationally screened + no relevant target report located
CAND_COX1_0206,cox1,COX-1 (PTGS1),Ocimum tenuiflorum L.,Methylisoeugenol,NNWHUJCUHAELCL,NNWHUJCUHAELCL-SNAWJCMRSA-N,6,0.585,0.6333,54,14.0,HIGH,NO_RELEVANT_REPORT_FOUND,False,False,False,0,True,True,False,Unsampled in Stage 7F,Computationally screened + no relevant target report located
CAND_COX1_0256,cox1,COX-1 (PTGS1),Mangifera INDICA L.,(E)-methylisoeugenol,NNWHUJCUHAELCL,NNWHUJCUHAELCL-SNAWJCMRSA-N,6,0.585,0.6333,54,7.0,HIGH,NO_RELEVANT_REPORT_FOUND,False,False,False,0,True,True,False,Unsampled in Stage 7F,Computationally screened + no relevant target report located
CAND_COX1_0390,cox1,COX-1 (PTGS1),Diospyros MALABARICA (Desr.) Kostel,Trans-methyl isoeugenol,NNWHUJCUHAELCL,NNWHUJCUHAELCL-PLNGDYQASA-N,6,0.585,0.6333,54,72.0,HIGH,NO_RELEVANT_REPORT_FOUND,False,False,False,0,True,True,False,Unsampled in Stage 7F,Computationally screened + no relevant target report located
CAND_COX1_0428,cox1,COX-1 (PTGS1),Curcuma ANGUSTIFOLIA Roxb.,(E)-Methyl eugenol,NNWHUJCUHAELCL,NNWHUJCUHAELCL-PLNGDYQASA-N,6,0.585,0.6333,54,11.0,HIGH,NO_RELEVANT_REPORT_FOUND,False,False,False,0,True,True,False,Unsampled in Stage 7F,Computationally screened + no relevant target report located
CAND_COX1_0446,cox1,COX-1 (PTGS1),Coriandrum SATIVUM L.,Methylisoeugenol,NNWHUJCUHAELCL,NNWHUJCUHAELCL-SNAWJCMRSA-N,6,0.585,0.6333,54,83.0,HIGH,NO_RELEVANT_REPORT_FOUND,False,False,False,0,True,True,False,Unsampled in Stage 7F,Computationally screened + no relevant target report located
CAND_COX1_0587,cox1,COX-1 (PTGS1),Senna occidentalis (L.) Link,1-Methoxynaphthalene,NQMUGNMMFTYOHK,NQMUGNMMFTYOHK-UHFFFAOYSA-N,6,0.5767,0.4615,55,38.0,HIGH,NO_RELEVANT_REPORT_FOUND,False,False,False,0,True,False,True,Unsampled in Stage 7F,Computationally screened + no relevant target report located
CAND_COX1_0325,cox1,COX-1 (PTGS1),Jasminum SAMBAC (L.) Ait.,benzyl formate,UYWQUFXKFGHYNT,UYWQUFXKFGHYNT-UHFFFAOYSA-N,6,0.575,0.4,56,8.0,HIGH,NO_RELEVANT_REPORT_FOUND,False,False,False,0,False,False,False,Unsampled in Stage 7F,Computationally screened + no relevant target report located
CAND_COX1_0191,cox1,COX-1 (PTGS1),Piper LONGUM L.,4'-Methoxyacetophenone,NTPLXRHDUXRPNE,NTPLXRHDUXRPNE-UHFFFAOYSA-N,6,0.5683,0.4545,57,26.0,HIGH,NO_RELEVANT_REPORT_FOUND,False,False,False,0,True,False,True,Unsampled in Stage 7F,Computationally screened + no relevant target report located
CAND_COX1_0260,cox1,COX-1 (PTGS1),Mangifera INDICA L.,4-acetylanisole,NTPLXRHDUXRPNE,NTPLXRHDUXRPNE-UHFFFAOYSA-N,6,0.5683,0.4545,57,7.0,HIGH,NO_RELEVANT_REPORT_FOUND,False,False,False,0,False,False,False,Unsampled in Stage 7F,Computationally screened + no relevant target report located
CAND_COX1_0075,cox1,COX-1 (PTGS1),Abrus PRECATORIUS L.,Abrine,CZCIKBSVHDNIDH,CZCIKBSVHDNIDH-NSHDSACASA-N,6,0.5667,0.4259,58,17.0,HIGH,NO_RELEVANT_REPORT_FOUND,False,False,False,0,False,False,False,Unsampled in Stage 7F,Computationally screened + no relevant target report located
CAND_COX1_0110,cox1,COX-1 (PTGS1),Terminalia CHEBULA Retz.,"1,2-Benzenediol, 3-methoxy-",LPYUENQFPVNPHY,LPYUENQFPVNPHY-UHFFFAOYSA-N,6,0.5667,0.4231,59,62.0,HIGH,NO_RELEVANT_REPORT_FOUND,False,False,False,0,False,False,False,Unsampled in Stage 7F,Computationally screened + no relevant target report located
CAND_COX1_0499,cox1,COX-1 (PTGS1),Azadirachta INDICA A. Juss.,"2,4-Cyclohexadien-1-one, 3,5-bis(1,1-dimethylethyl)-4-hydroxy",JFGVTUJBHHZRAB,VMIBWUBKVGANRX-UHFFFAOYSA-N,6,0.5567,0.4516,60,27.0,HIGH,NO_RELEVANT_REPORT_FOUND,False,False,False,0,False,False,False,Unsampled in Stage 7F,Computationally screened + no relevant target report located
CAND_COX1_0609,cox1,COX-1 (PTGS1),Cinnamomum TAMALA Nees,Dihydrocoumaric acid,NMHMNPHRMNGLLB,NMHMNPHRMNGLLB-UHFFFAOYSA-N,6,0.5567,0.4333,61,19.0,HIGH,NO_RELEVANT_REPORT_FOUND,False,False,False,0,False,False,False,Unsampled in Stage 7F,Computationally screened + no relevant target report located
CAND_COX1_0410,cox1,COX-1 (PTGS1),Cyperus ROTUNDUS L.,m-Cumenol,VLJSLTNSFSOYQR,VLJSLTNSFSOYQR-UHFFFAOYSA-N,6,0.5567,0.4231,62,78.0,HIGH,NO_RELEVANT_REPORT_FOUND,False,False,False,0,False,False,False,Unsampled in Stage 7F,Computationally screened + no relevant target report located
CAND_COX1_0349,cox1,COX-1 (PTGS1),Hibiscus SABDARIFFA L.,Kushenol H,RWCMVIFEYADGMO,YWHHRFNOJTVNBI-HVVPNVAPSA-N,6,0.555,0.5,63,46.0,HIGH,NO_RELEVANT_REPORT_FOUND,False,False,False,0,False,False,False,Unsampled in Stage 7F,Computationally screened + no relevant target report located
CAND_COX1_0282,cox1,COX-1 (PTGS1),Maesa INDICA Wall.,Adenine,GFFGJBXGBJISGV,GFFGJBXGBJISGV-UHFFFAOYSA-N,6,0.5467,0.4643,65,111.0,HIGH,NO_RELEVANT_REPORT_FOUND,False,False,False,0,False,False,False,Unsampled in Stage 7F,Computationally screened + no relevant target report located
CAND_COX1_0405,cox1,COX-1 (PTGS1),Cyperus ROTUNDUS L.,Adenine,GFFGJBXGBJISGV,GFFGJBXGBJISGV-UHFFFAOYSA-N,6,0.5467,0.4643,65,78.0,HIGH,NO_RELEVANT_REPORT_FOUND,False,False,False,0,False,False,False,Unsampled in Stage 7F,Computationally screened + no relevant target report located
CAND_COX1_0505,cox1,COX-1 (PTGS1),Azadirachta INDICA A. Juss.,Adenine,GFFGJBXGBJISGV,GFFGJBXGBJISGV-UHFFFAOYSA-N,6,0.5467,0.4643,65,27.0,HIGH,NO_RELEVANT_REPORT_FOUND,False,False,False,0,False,False,False,Unsampled in Stage 7F,Computationally screened + no relevant target report located
CAND_COX1_0003,cox1,COX-1 (PTGS1),Piper betle L.,Nicotinic acid,PVNIIMVLHYAWGP,PVNIIMVLHYAWGP-UHFFFAOYSA-N,6,0.545,0.4359,66,5.0,HIGH,NO_RELEVANT_REPORT_FOUND,False,False,False,0,True,False,True,Unsampled in Stage 7F,Computationally screened + no relevant target report located
CAND_COX1_0006,cox1,COX-1 (PTGS1),Papaver somniferum L.,Nicotinic acid,PVNIIMVLHYAWGP,PVNIIMVLHYAWGP-UHFFFAOYSA-N,6,0.545,0.4359,66,109.0,HIGH,NO_RELEVANT_REPORT_FOUND,False,False,False,0,True,False,True,Unsampled in Stage 7F,Computationally screened + no relevant target report located
CAND_COX1_0025,cox1,COX-1 (PTGS1),Sesamum indicum L.,Nicotinic acid,PVNIIMVLHYAWGP,PVNIIMVLHYAWGP-UHFFFAOYSA-N,6,0.545,0.4359,66,23.0,HIGH,NO_RELEVANT_REPORT_FOUND,False,False,False,0,True,False,True,Unsampled in Stage 7F,Computationally screened + no relevant target report located
CAND_COX1_0028,cox1,COX-1 (PTGS1),Saccharum officinarum L.,Nicotinic acid,PVNIIMVLHYAWGP,PVNIIMVLHYAWGP-UHFFFAOYSA-N,6,0.545,0.4359,66,48.0,HIGH,NO_RELEVANT_REPORT_FOUND,False,False,False,0,True,False,True,Unsampled in Stage 7F,Computationally screened + no relevant target report located
CAND_COX1_0052,cox1,COX-1 (PTGS1),Citrus reticulata Blanco,Nicotinic acid,PVNIIMVLHYAWGP,PVNIIMVLHYAWGP-UHFFFAOYSA-N,6,0.545,0.4359,66,67.0,HIGH,NO_RELEVANT_REPORT_FOUND,False,False,False,0,False,False,False,Unsampled in Stage 7F,Computationally screened + no relevant target report located
CAND_COX1_0151,cox1,COX-1 (PTGS1),Tamarindus INDICA L.,Nicotinic acid,PVNIIMVLHYAWGP,PVNIIMVLHYAWGP-UHFFFAOYSA-N,6,0.545,0.4359,66,18.0,HIGH,NO_RELEVANT_REPORT_FOUND,False,False,False,0,True,False,True,Unsampled in Stage 7F,Computationally screened + no relevant target report located
CAND_COX1_0156,cox1,COX-1 (PTGS1),Punica GRANATUM L.,Nicotinic acid,PVNIIMVLHYAWGP,PVNIIMVLHYAWGP-UHFFFAOYSA-N,6,0.545,0.4359,66,95.0,HIGH,NO_RELEVANT_REPORT_FOUND,False,False,False,0,True,False,True,Unsampled in Stage 7F,Computationally screened + no relevant target report located
CAND_COX1_0169,cox1,COX-1 (PTGS1),Psidium GUAJAVA L.,Nicotinic acid,PVNIIMVLHYAWGP,PVNIIMVLHYAWGP-UHFFFAOYSA-N,6,0.545,0.4359,66,30.0,HIGH,NO_RELEVANT_REPORT_FOUND,False,False,False,0,True,False,True,Unsampled in Stage 7F,Computationally screened + no relevant target report located
CAND_COX1_0192,cox1,COX-1 (PTGS1),. PHYLLANTHUS EMBLICA L. (Euphorbiaceae),Nicotinic acid,PVNIIMVLHYAWGP,PVNIIMVLHYAWGP-UHFFFAOYSA-N,6,0.545,0.4359,66,114.0,HIGH,NO_RELEVANT_REPORT_FOUND,False,False,False,0,True,False,True,Unsampled in Stage 7F,Computationally screened + no relevant target report located
CAND_COX1_0193,cox1,COX-1 (PTGS1),Phoenix sylvestris (L.) Roxb.,Nicotinic acid,PVNIIMVLHYAWGP,PVNIIMVLHYAWGP-UHFFFAOYSA-N,6,0.545,0.4359,66,53.0,HIGH,NO_RELEVANT_REPORT_FOUND,False,False,False,0,True,False,True,Unsampled in Stage 7F,Computationally screened + no relevant target report located
CAND_COX1_0196,cox1,COX-1 (PTGS1),Passiflora FOETIDA L.,Nicotinic acid,PVNIIMVLHYAWGP,PVNIIMVLHYAWGP-UHFFFAOYSA-N,6,0.545,0.4359,66,1.0,HIGH,NO_RELEVANT_REPORT_FOUND,False,False,False,0,True,False,True,Unsampled in Stage 7F,Computationally screened + no relevant target report located
CAND_COX1_0248,cox1,COX-1 (PTGS1),Melochia CORCHORIFOLIA L.,nicotinic acid,PVNIIMVLHYAWGP,PVNIIMVLHYAWGP-UHFFFAOYSA-N,6,0.545,0.4359,66,107.0,HIGH,NO_RELEVANT_REPORT_FOUND,False,False,False,0,False,False,False,Unsampled in Stage 7F,Computationally screened + no relevant target report located
CAND_COX1_0339,cox1,COX-1 (PTGS1),Hibiscus SABDARIFFA L.,3-Pyridinecarboxylic acid,PVNIIMVLHYAWGP,PVNIIMVLHYAWGP-UHFFFAOYSA-N,6,0.545,0.4359,66,46.0,HIGH,NO_RELEVANT_REPORT_FOUND,False,False,False,0,False,False,False,Unsampled in Stage 7F,Computationally screened + no relevant target report located
CAND_COX1_0364,cox1,COX-1 (PTGS1),Hibiscus ROSA-SINENSIS L.,Niacin,PVNIIMVLHYAWGP,PVNIIMVLHYAWGP-UHFFFAOYSA-N,6,0.545,0.4359,66,33.0,HIGH,NO_RELEVANT_REPORT_FOUND,False,False,False,0,False,False,False,Unsampled in Stage 7F,Computationally screened + no relevant target report located
CAND_COX1_0471,cox1,COX-1 (PTGS1),Amaranthus SPINOSUS L.,Nicotinic acid,PVNIIMVLHYAWGP,PVNIIMVLHYAWGP-UHFFFAOYSA-N,6,0.545,0.4359,66,91.0,HIGH,NO_RELEVANT_REPORT_FOUND,False,False,False,0,False,False,False,Unsampled in Stage 7F,Computationally screened + no relevant target report located
CAND_COX1_0511,cox1,COX-1 (PTGS1),Azadirachta INDICA A. Juss.,Nicotinic acid,PVNIIMVLHYAWGP,PVNIIMVLHYAWGP-UHFFFAOYSA-N,6,0.545,0.4359,66,27.0,HIGH,NO_RELEVANT_REPORT_FOUND,False,False,False,0,False,False,False,Unsampled in Stage 7F,Computationally screened + no relevant target report located
CAND_COX1_0549,cox1,COX-1 (PTGS1),Sida rhombifolia L.,Nicotinic acid,PVNIIMVLHYAWGP,PVNIIMVLHYAWGP-UHFFFAOYSA-N,6,0.545,0.4359,66,4.0,HIGH,NO_RELEVANT_REPORT_FOUND,False,False,False,0,True,False,True,Unsampled in Stage 7F,Computationally screened + no relevant target report located
CAND_COX1_0553,cox1,COX-1 (PTGS1),Melochia corchorifolia L.,nicotinic acid,PVNIIMVLHYAWGP,PVNIIMVLHYAWGP-UHFFFAOYSA-N,6,0.545,0.4359,66,108.0,HIGH,NO_RELEVANT_REPORT_FOUND,False,False,False,0,False,False,False,Unsampled in Stage 7F,Computationally screened + no relevant target report located
CAND_COX1_0569,cox1,COX-1 (PTGS1),Carica PAPAYA L.,Nicotinic acid,PVNIIMVLHYAWGP,PVNIIMVLHYAWGP-UHFFFAOYSA-N,6,0.545,0.4359,66,29.0,HIGH,NO_RELEVANT_REPORT_FOUND,False,False,False,0,False,False,False,Unsampled in Stage 7F,Computationally screened + no relevant target report located
CAND_COX1_0572,cox1,COX-1 (PTGS1),Caryota URENS L.,Nicotinic acid,PVNIIMVLHYAWGP,PVNIIMVLHYAWGP-UHFFFAOYSA-N,6,0.545,0.4359,66,76.0,HIGH,NO_RELEVANT_REPORT_FOUND,False,False,False,0,False,False,False,Unsampled in Stage 7F,Computationally screened + no relevant target report located
CAND_COX1_0580,cox1,COX-1 (PTGS1),Cassia FISTULA L.,Nicotinic acid,PVNIIMVLHYAWGP,PVNIIMVLHYAWGP-UHFFFAOYSA-N,6,0.545,0.4359,66,81.0,HIGH,NO_RELEVANT_REPORT_FOUND,False,False,False,0,False,False,False,Unsampled in Stage 7F,Computationally screened + no relevant target report located
CAND_COX1_0623,cox1,COX-1 (PTGS1),Syzygium CUMINI (L.) Skeel.,Nicotinic acid,PVNIIMVLHYAWGP,PVNIIMVLHYAWGP-UHFFFAOYSA-N,6,0.545,0.4359,66,86.0,HIGH,NO_RELEVANT_REPORT_FOUND,False,False,False,0,False,False,False,Unsampled in Stage 7F,Computationally screened + no relevant target report located
CAND_COX1_0629,cox1,COX-1 (PTGS1),Spondias PINNATA (L.f.) Kurz.,Nicotinic acid,PVNIIMVLHYAWGP,PVNIIMVLHYAWGP-UHFFFAOYSA-N,6,0.545,0.4359,66,54.0,HIGH,NO_RELEVANT_REPORT_FOUND,False,False,False,0,True,False,True,Unsampled in Stage 7F,Computationally screened + no relevant target report located
CAND_COX1_0630,cox1,COX-1 (PTGS1),Solanum TORVUM Swartz.,Nicotinic acid,PVNIIMVLHYAWGP,PVNIIMVLHYAWGP-UHFFFAOYSA-N,6,0.545,0.4359,66,56.0,HIGH,NO_RELEVANT_REPORT_FOUND,False,False,False,0,True,False,True,Unsampled in Stage 7F,Computationally screened + no relevant target report located
CAND_COX1_0634,cox1,COX-1 (PTGS1),Solanum MELONGENA L.,Nicotinic acid,PVNIIMVLHYAWGP,PVNIIMVLHYAWGP-UHFFFAOYSA-N,6,0.545,0.4359,66,79.0,HIGH,NO_RELEVANT_REPORT_FOUND,False,False,False,0,True,False,True,Unsampled in Stage 7F,Computationally screened + no relevant target report located
CAND_COX1_0640,cox1,COX-1 (PTGS1),Sesamum INDICUM L.,Nicotinic acid,PVNIIMVLHYAWGP,PVNIIMVLHYAWGP-UHFFFAOYSA-N,6,0.545,0.4359,66,24.0,HIGH,NO_RELEVANT_REPORT_FOUND,False,False,False,0,True,False,True,Unsampled in Stage 7F,Computationally screened + no relevant target report located
CAND_COX1_0643,cox1,COX-1 (PTGS1),Saccharum OFFICINARUM L.,Nicotinic acid,PVNIIMVLHYAWGP,PVNIIMVLHYAWGP-UHFFFAOYSA-N,6,0.545,0.4359,66,49.0,HIGH,NO_RELEVANT_REPORT_FOUND,False,False,False,0,True,False,True,Unsampled in Stage 7F,Computationally screened + no relevant target report located
CAND_COX1_0050,cox1,COX-1 (PTGS1),Citrus reticulata Blanco,Methyl anthranilate,VAMXMNNIEUEQDV,VAMXMNNIEUEQDV-UHFFFAOYSA-N,6,0.545,0.4138,67,67.0,HIGH,NO_RELEVANT_REPORT_FOUND,False,False,False,0,False,False,False,Unsampled in Stage 7F,Computationally screened + no relevant target report located
CAND_COX1_0243,cox1,COX-1 (PTGS1),Michelia CHAMPACA L.,Methyl anthranilate,VAMXMNNIEUEQDV,VAMXMNNIEUEQDV-UHFFFAOYSA-N,6,0.545,0.4138,67,58.0,HIGH,NO_RELEVANT_REPORT_FOUND,False,False,False,0,False,False,False,Unsampled in Stage 7F,Computationally screened + no relevant target report located
CAND_COX1_0275,cox1,COX-1 (PTGS1),Mangifera INDICA L.,methyl anthranilate,VAMXMNNIEUEQDV,VAMXMNNIEUEQDV-UHFFFAOYSA-N,6,0.545,0.4138,67,7.0,HIGH,NO_RELEVANT_REPORT_FOUND,False,False,False,0,False,False,False,Unsampled in Stage 7F,Computationally screened + no relevant target report located
CAND_COX1_0315,cox1,COX-1 (PTGS1),Jasminum SAMBAC (L.) Ait.,Methyl anthranilate,VAMXMNNIEUEQDV,VAMXMNNIEUEQDV-UHFFFAOYSA-N,6,0.545,0.4138,67,8.0,HIGH,NO_RELEVANT_REPORT_FOUND,False,False,False,0,False,False,False,Unsampled in Stage 7F,Computationally screened + no relevant target report located
CAND_COX1_0326,cox1,COX-1 (PTGS1),Jasminum SAMBAC (L.) Ait.,methyl anthranilate,VAMXMNNIEUEQDV,VAMXMNNIEUEQDV-UHFFFAOYSA-N,6,0.545,0.4138,67,8.0,HIGH,NO_RELEVANT_REPORT_FOUND,False,False,False,0,False,False,False,Unsampled in Stage 7F,Computationally screened + no relevant target report located
CAND_COX1_0469,cox1,COX-1 (PTGS1),Citrus maxima (Burm.) Merr.,methyl anthranilate,VAMXMNNIEUEQDV,VAMXMNNIEUEQDV-UHFFFAOYSA-N,6,0.545,0.4138,67,68.0,HIGH,NO_RELEVANT_REPORT_FOUND,False,False,False,0,False,False,False,Unsampled in Stage 7F,Computationally screened + no relevant target report located
CAND_COX1_0115,cox1,COX-1 (PTGS1),Terminalia CHEBULA Retz.,"Purin-2,6-dione, 1,3-dimethyl-8-[2-[3,4-dimeth oxyphenyl]ethenyl]-",NMYFCINXTYVZIN,NMYFCINXTYVZIN-SOFGYWHQSA-N,6,0.54,0.4,68,62.0,HIGH,NO_RELEVANT_REPORT_FOUND,False,False,False,0,False,False,False,Unsampled in Stage 7F,Computationally screened + no relevant target report located
CAND_COX1_0032,cox1,COX-1 (PTGS1),Mallotus philippensis (Lam.) Muell.-Arg.,2-Furoic acid,SMNDYUVBFMFKNZ,SMNDYUVBFMFKNZ-UHFFFAOYSA-N,6,0.53,0.4571,69,92.0,HIGH,NO_RELEVANT_REPORT_FOUND,False,False,False,0,False,False,False,Unsampled in Stage 7F,Computationally screened + no relevant target report located
CAND_COX1_0056,cox1,COX-1 (PTGS1),Citrus reticulata Blanco,Tryptophan,QIVBCDIJIAJPQS,QIVBCDIJIAJPQS-VIFPVBQESA-N,6,0.525,0.4231,70,67.0,HIGH,NO_RELEVANT_REPORT_FOUND,False,False,False,0,False,False,False,Unsampled in Stage 7F,Computationally screened + no relevant target report located
CAND_COX1_0106,cox1,COX-1 (PTGS1),Allium SATIVUM L.,Tryptophan,QIVBCDIJIAJPQS,QIVBCDIJIAJPQS-VIFPVBQESA-N,6,0.525,0.4231,70,57.0,HIGH,NO_RELEVANT_REPORT_FOUND,False,False,False,0,False,False,False,Unsampled in Stage 7F,Computationally screened + no relevant target report located
CAND_COX1_0214,cox1,COX-1 (PTGS1),Murraya PANICULATA (L.) Jacq.,DL-tryptophan,QIVBCDIJIAJPQS,QIVBCDIJIAJPQS-UHFFFAOYSA-N,6,0.525,0.4231,70,44.0,HIGH,NO_RELEVANT_REPORT_FOUND,False,False,False,0,False,False,False,Unsampled in Stage 7F,Computationally screened + no relevant target report located
CAND_COX1_0250,cox1,COX-1 (PTGS1),Manihot ESCULENTA Crantz.,Tryptophan,QIVBCDIJIAJPQS,QIVBCDIJIAJPQS-VIFPVBQESA-N,6,0.525,0.4231,70,45.0,HIGH,NO_RELEVANT_REPORT_FOUND,False,False,False,0,False,False,False,Unsampled in Stage 7F,Computationally screened + no relevant target report located
CAND_COX1_0283,cox1,COX-1 (PTGS1),Maesa INDICA Wall.,L-tryptophan,QIVBCDIJIAJPQS,QIVBCDIJIAJPQS-VIFPVBQESA-N,6,0.525,0.4231,70,111.0,HIGH,NO_RELEVANT_REPORT_FOUND,False,False,False,0,False,False,False,Unsampled in Stage 7F,Computationally screened + no relevant target report located
CAND_COX1_0384,cox1,COX-1 (PTGS1),Gloriosa SUPERBA L.,tryptophan,QIVBCDIJIAJPQS,QIVBCDIJIAJPQS-VIFPVBQESA-N,6,0.525,0.4231,70,61.0,HIGH,NO_RELEVANT_REPORT_FOUND,False,False,False,0,False,False,False,Unsampled in Stage 7F,Computationally screened + no relevant target report located
CAND_COX1_0478,cox1,COX-1 (PTGS1),Anacardium OCCIDENTALE L.,tryptophan,QIVBCDIJIAJPQS,QIVBCDIJIAJPQS-VIFPVBQESA-N,6,0.525,0.4231,70,47.0,HIGH,NO_RELEVANT_REPORT_FOUND,False,False,False,0,False,False,False,Unsampled in Stage 7F,Computationally screened + no relevant target report located
CAND_COX1_0519,cox1,COX-1 (PTGS1),Caesalpinia BONDUC (L.) Roxb.,Tryptophan,QIVBCDIJIAJPQS,QIVBCDIJIAJPQS-VIFPVBQESA-N,6,0.525,0.4231,70,115.0,HIGH,NO_RELEVANT_REPORT_FOUND,False,False,False,0,False,False,False,Unsampled in Stage 7F,Computationally screened + no relevant target report located
CAND_COX1_0547,cox1,COX-1 (PTGS1),Cannabis SATIVA L.,tryptophan,QIVBCDIJIAJPQS,QIVBCDIJIAJPQS-VIFPVBQESA-N,6,0.525,0.4231,70,96.0,HIGH,NO_RELEVANT_REPORT_FOUND,False,False,False,0,False,False,False,Unsampled in Stage 7F,Computationally screened + no relevant target report located
CAND_COX1_0601,cox1,COX-1 (PTGS1),Centella ASIATICA (L.) Urban.,Tryptophan,QIVBCDIJIAJPQS,QIVBCDIJIAJPQS-VIFPVBQESA-N,6,0.525,0.4231,70,84.0,HIGH,NO_RELEVANT_REPORT_FOUND,False,False,False,0,False,False,False,Unsampled in Stage 7F,Computationally screened + no relevant target report located
CAND_COX1_0557,cox1,COX-1 (PTGS1),Carica PAPAYA L.,2-methoxybenzeneacetaldehyde,VKQKGJHUFQGOIX,VKQKGJHUFQGOIX-UHFFFAOYSA-N,6,0.525,0.4,71,29.0,HIGH,NO_RELEVANT_REPORT_FOUND,False,False,False,0,False,False,False,Unsampled in Stage 7F,Computationally screened + no relevant target report located
CAND_COX1_0493,cox1,COX-1 (PTGS1),Averrhoa CARAMBOLA L.,Methyl anisate,DDIZAANNODHTRB,DDIZAANNODHTRB-UHFFFAOYSA-N,6,0.5217,0.4,72,22.0,HIGH,NO_RELEVANT_REPORT_FOUND,False,False,False,0,False,False,False,Unsampled in Stage 7F,Computationally screened + no relevant target report located
CAND_COX1_0237,cox1,COX-1 (PTGS1),Michelia CHAMPACA L.,"3,5-di-tert-butyl-4-hydroxybenzaldehyde",DOZRDZLFLOODMB,DOZRDZLFLOODMB-UHFFFAOYSA-N,6,0.5183,0.4737,73,58.0,HIGH,NO_RELEVANT_REPORT_FOUND,False,False,False,0,False,False,False,Unsampled in Stage 7F,Computationally screened + no relevant target report located
CAND_COX1_0089,cox1,COX-1 (PTGS1),Haldina cordifolia (Roxb.) Ridsdale,veratric acid,DAUAQNGYDSHRET,DAUAQNGYDSHRET-UHFFFAOYSA-N,6,0.5183,0.4722,74,106.0,HIGH,NO_RELEVANT_REPORT_FOUND,False,False,False,0,False,False,False,Unsampled in Stage 7F,Computationally screened + no relevant target report located
CAND_COX1_0404,cox1,COX-1 (PTGS1),Cyperus ROTUNDUS L.,"3,4-Dihydroxyphenyllactic acid",PAFLSMZLRSPALU,PAFLSMZLRSPALU-UHFFFAOYSA-N,6,0.5183,0.4211,75,78.0,HIGH,NO_RELEVANT_REPORT_FOUND,False,False,False,0,False,False,False,Unsampled in Stage 7F,Computationally screened + no relevant target report located
CAND_COX1_0027,cox1,COX-1 (PTGS1),Saccharum officinarum L.,Hypoxanthine,FDGQSTZJBFJUBT,FDGQSTZJBFJUBT-UHFFFAOYSA-N,6,0.515,0.5385,76,48.0,HIGH,NO_RELEVANT_REPORT_FOUND,False,False,False,0,True,False,True,Unsampled in Stage 7F,Computationally screened + no relevant target report located
CAND_COX1_0538,cox1,COX-1 (PTGS1),Camellia sinensis (L.) O. Kuntze.,Hypoxanthine,FDGQSTZJBFJUBT,FDGQSTZJBFJUBT-UHFFFAOYSA-N,6,0.515,0.5385,76,93.0,HIGH,NO_RELEVANT_REPORT_FOUND,False,False,False,0,False,False,False,Unsampled in Stage 7F,Computationally screened + no relevant target report located
CAND_COX1_0642,cox1,COX-1 (PTGS1),Saccharum OFFICINARUM L.,Hypoxanthine,FDGQSTZJBFJUBT,FDGQSTZJBFJUBT-UHFFFAOYSA-N,6,0.515,0.5385,76,49.0,HIGH,NO_RELEVANT_REPORT_FOUND,False,False,False,0,True,False,True,Unsampled in Stage 7F,Computationally screened + no relevant target report located
CAND_COX1_0438,cox1,COX-1 (PTGS1),Cuminum CYMINUM L.,Anisyl alcohol,MSHFRERJPWKJFX,MSHFRERJPWKJFX-UHFFFAOYSA-N,6,0.5117,0.4242,77,34.0,HIGH,NO_RELEVANT_REPORT_FOUND,False,False,False,0,False,False,False,Unsampled in Stage 7F,Computationally screened + no relevant target report located
CAND_COX1_0378,cox1,COX-1 (PTGS1),Glycosmis PENTAPHYLLA (Retz.) A. DC.,Glycozoline,GQGQTPKMCGBOKG,GQGQTPKMCGBOKG-UHFFFAOYSA-N,6,0.5067,0.4231,78,116.0,HIGH,NO_RELEVANT_REPORT_FOUND,False,False,False,0,False,False,False,Unsampled in Stage 7F,Computationally screened + no relevant target report located
CAND_COX1_0134,cox1,COX-1 (PTGS1),Tamarindus INDICA L.,"(3,4-Dihydroxyphenyl)acetate",CFFZDZCDUFSOFZ,CFFZDZCDUFSOFZ-UHFFFAOYSA-M,6,0.505,0.4828,79,18.0,HIGH,NO_RELEVANT_REPORT_FOUND,False,False,False,0,False,False,False,Unsampled in Stage 7F,Computationally screened + no relevant target report located
CAND_COX1_0284,cox1,COX-1 (PTGS1),Luffa ACUTANGULA (L.) Roxb.,"3,4-dihydroxyphenylacetic acid",CFFZDZCDUFSOFZ,CFFZDZCDUFSOFZ-UHFFFAOYSA-N,6,0.505,0.4828,79,97.0,HIGH,NO_RELEVANT_REPORT_FOUND,False,False,False,0,False,False,False,Unsampled in Stage 7F,Computationally screened + no relevant target report located
CAND_COX1_0182,cox1,COX-1 (PTGS1),Plumeria RUBRA L.,Phenethyl benzoate,OSORMYZMWHVFOZ,OSORMYZMWHVFOZ-UHFFFAOYSA-N,6,0.505,0.4651,80,12.0,HIGH,NO_RELEVANT_REPORT_FOUND,False,False,False,0,True,False,True,Unsampled in Stage 7F,Computationally screened + no relevant target report located
CAND_COX1_0236,cox1,COX-1 (PTGS1),Michelia CHAMPACA L.,2-Phenylethyl benzoate,OSORMYZMWHVFOZ,OSORMYZMWHVFOZ-UHFFFAOYSA-N,6,0.505,0.4651,80,58.0,HIGH,NO_RELEVANT_REPORT_FOUND,False,False,False,0,False,False,False,Unsampled in Stage 7F,Computationally screened + no relevant target report located
CAND_COX1_0308,cox1,COX-1 (PTGS1),Jasminum SAMBAC (L.) Ait.,"Benzoic acid, 2-phenylethyl ester",OSORMYZMWHVFOZ,OSORMYZMWHVFOZ-UHFFFAOYSA-N,6,0.505,0.4651,80,8.0,HIGH,NO_RELEVANT_REPORT_FOUND,False,False,False,0,False,False,False,Unsampled in Stage 7F,Computationally screened + no relevant target report located
CAND_COX1_0323,cox1,COX-1 (PTGS1),Jasminum SAMBAC (L.) Ait.,Phenylethyl benzoate,OSORMYZMWHVFOZ,OSORMYZMWHVFOZ-UHFFFAOYSA-N,6,0.505,0.4651,80,8.0,HIGH,NO_RELEVANT_REPORT_FOUND,False,False,False,0,False,False,False,Unsampled in Stage 7F,Computationally screened + no relevant target report located
CAND_COX1_0288,cox1,COX-1 (PTGS1),Leucas ASPERA (Willd.) Link.,Meso-dihydroguaiaretic acid,ADFOLUXMYYCTRR,ADFOLUXMYYCTRR-OKILXGFUSA-N,6,0.505,0.4048,81,60.0,HIGH,LEVEL_B_RELATED_ENDPOINT,False,True,False,1,False,False,False,Unsampled in Stage 7F,Computationally screened + related biological evidence
CAND_COX1_0167,cox1,COX-1 (PTGS1),Psidium GUAJAVA L.,Guavin B,RPZNIDVYYGUDPA,RPZNIDVYYGUDPA-UHFFFAOYSA-N,6,0.5033,0.4316,82,30.0,HIGH,NO_RELEVANT_REPORT_FOUND,False,False,False,0,True,False,True,Unsampled in Stage 7F,Computationally screened + no relevant target report located
CAND_COX1_0009,cox1,COX-1 (PTGS1),Artocarpus heterophyllus Lam.,artocarpin,KRGDFVQWQJIMEK,KRGDFVQWQJIMEK-RMKNXTFCSA-N,6,0.5017,0.5455,83,102.0,HIGH,LEVEL_B_RELATED_ENDPOINT,False,True,False,2,False,False,False,Unsampled in Stage 7F,Computationally screened + related biological evidence
CAND_COX1_0488,cox1,COX-1 (PTGS1),Artocarpus HETEROPHYLLUS Lamk.,artocarpin,KRGDFVQWQJIMEK,KRGDFVQWQJIMEK-RMKNXTFCSA-N,6,0.5017,0.5455,83,103.0,HIGH,LEVEL_B_RELATED_ENDPOINT,False,True,False,2,False,False,False,Unsampled in Stage 7F,Computationally screened + related biological evidence
CAND_COX1_0490,cox1,COX-1 (PTGS1),Artocarpus LACUCHA Buch-Ham.,Artocarpin,KRGDFVQWQJIMEK,KRGDFVQWQJIMEK-RMKNXTFCSA-N,6,0.5017,0.5455,83,101.0,HIGH,LEVEL_B_RELATED_ENDPOINT,False,True,False,2,False,False,False,Unsampled in Stage 7F,Computationally screened + related biological evidence
CAND_COX1_0033,cox1,COX-1 (PTGS1),Citrus limon (L.) Osbeck,2'-Methoxyacetophenone,DWPLEOPKBWNPQV,DWPLEOPKBWNPQV-UHFFFAOYSA-N,6,0.5017,0.4286,84,13.0,HIGH,NO_RELEVANT_REPORT_FOUND,False,False,False,0,False,False,False,Unsampled in Stage 7F,Computationally screened + no relevant target report located
CAND_COX1_0290,cox1,COX-1 (PTGS1),Leucas ASPERA (Willd.) Link.,Triparanol,SYHDSBBKRLVLFF,SYHDSBBKRLVLFF-UHFFFAOYSA-N,6,0.5017,0.4107,85,60.0,HIGH,NO_RELEVANT_REPORT_FOUND,False,False,False,0,False,False,False,Unsampled in Stage 7F,Computationally screened + no relevant target report located
CAND_COX1_0525,cox1,COX-1 (PTGS1),Calotropis GIGANTEA (L.) R. Br.,Triparanol,SYHDSBBKRLVLFF,SYHDSBBKRLVLFF-UHFFFAOYSA-N,6,0.5017,0.4107,85,36.0,HIGH,NO_RELEVANT_REPORT_FOUND,False,False,False,0,False,False,False,Unsampled in Stage 7F,Computationally screened + no relevant target report located
CAND_COX1_0037,cox1,COX-1 (PTGS1),Citrus limon (L.) Osbeck,Benzyl benzoate,SESFRYSPDFLNCH,SESFRYSPDFLNCH-UHFFFAOYSA-N,6,0.5017,0.4062,86,13.0,HIGH,NO_RELEVANT_REPORT_FOUND,False,False,False,0,False,False,False,Unsampled in Stage 7F,Computationally screened + no relevant target report located
CAND_COX1_0046,cox1,COX-1 (PTGS1),Citrus reticulata Blanco,Benzyl benzoate,SESFRYSPDFLNCH,SESFRYSPDFLNCH-UHFFFAOYSA-N,6,0.5017,0.4062,86,67.0,HIGH,NO_RELEVANT_REPORT_FOUND,False,False,False,0,False,False,False,Unsampled in Stage 7F,Computationally screened + no relevant target report located
CAND_COX1_0143,cox1,COX-1 (PTGS1),Tamarindus INDICA L.,Benzyl benzoate,SESFRYSPDFLNCH,SESFRYSPDFLNCH-UHFFFAOYSA-N,6,0.5017,0.4062,86,18.0,HIGH,NO_RELEVANT_REPORT_FOUND,False,False,False,0,False,False,False,Unsampled in Stage 7F,Computationally screened + no relevant target report located
CAND_COX1_0163,cox1,COX-1 (PTGS1),Psidium GUAJAVA L.,Benzyl benzoate,SESFRYSPDFLNCH,SESFRYSPDFLNCH-UHFFFAOYSA-N,6,0.5017,0.4062,86,30.0,HIGH,NO_RELEVANT_REPORT_FOUND,False,False,False,0,True,False,True,Unsampled in Stage 7F,Computationally screened + no relevant target report located
CAND_COX1_0176,cox1,COX-1 (PTGS1),Plumeria RUBRA L.,Benzyl benzoate,SESFRYSPDFLNCH,SESFRYSPDFLNCH-UHFFFAOYSA-N,6,0.5017,0.4062,86,12.0,HIGH,NO_RELEVANT_REPORT_FOUND,False,False,False,0,True,False,True,Unsampled in Stage 7F,Computationally screened + no relevant target report located
CAND_COX1_0186,cox1,COX-1 (PTGS1),Piper NIGRUM L.,Benzyl benzoate,SESFRYSPDFLNCH,SESFRYSPDFLNCH-UHFFFAOYSA-N,6,0.5017,0.4062,86,9.0,HIGH,NO_RELEVANT_REPORT_FOUND,False,False,False,0,True,False,True,Unsampled in Stage 7F,Computationally screened + no relevant target report located
CAND_COX1_0215,cox1,COX-1 (PTGS1),Murraya PANICULATA (L.) Jacq.,benzyl benzoate,SESFRYSPDFLNCH,SESFRYSPDFLNCH-UHFFFAOYSA-N,6,0.5017,0.4062,86,44.0,HIGH,NO_RELEVANT_REPORT_FOUND,False,False,False,0,False,False,False,Unsampled in Stage 7F,Computationally screened + no relevant target report located
CAND_COX1_0239,cox1,COX-1 (PTGS1),Michelia CHAMPACA L.,Benzyl Benzoate,SESFRYSPDFLNCH,SESFRYSPDFLNCH-UHFFFAOYSA-N,6,0.5017,0.4062,86,58.0,HIGH,NO_RELEVANT_REPORT_FOUND,False,False,False,0,False,False,False,Unsampled in Stage 7F,Computationally screened + no relevant target report located
CAND_COX1_0270,cox1,COX-1 (PTGS1),Mangifera INDICA L.,benzyl benzoate,SESFRYSPDFLNCH,SESFRYSPDFLNCH-UHFFFAOYSA-N,6,0.5017,0.4062,86,7.0,HIGH,NO_RELEVANT_REPORT_FOUND,False,False,False,0,False,False,False,Unsampled in Stage 7F,Computationally screened + no relevant target report located
CAND_COX1_0287,cox1,COX-1 (PTGS1),Leucas ASPERA (Willd.) Link.,Benzylbenzoate,SESFRYSPDFLNCH,SESFRYSPDFLNCH-UHFFFAOYSA-N,6,0.5017,0.4062,86,60.0,HIGH,NO_RELEVANT_REPORT_FOUND,False,False,False,0,False,False,False,Unsampled in Stage 7F,Computationally screened + no relevant target report located
CAND_COX1_0311,cox1,COX-1 (PTGS1),Jasminum SAMBAC (L.) Ait.,Benzyl Benzoate,SESFRYSPDFLNCH,SESFRYSPDFLNCH-UHFFFAOYSA-N,6,0.5017,0.4062,86,8.0,HIGH,NO_RELEVANT_REPORT_FOUND,False,False,False,0,False,False,False,Unsampled in Stage 7F,Computationally screened + no relevant target report located
CAND_COX1_0313,cox1,COX-1 (PTGS1),Jasminum SAMBAC (L.) Ait.,Benzyl benzoate,SESFRYSPDFLNCH,SESFRYSPDFLNCH-UHFFFAOYSA-N,6,0.5017,0.4062,86,8.0,HIGH,NO_RELEVANT_REPORT_FOUND,False,False,False,0,False,False,False,Unsampled in Stage 7F,Computationally screened + no relevant target report located
CAND_COX1_0324,cox1,COX-1 (PTGS1),Jasminum SAMBAC (L.) Ait.,benzyl benzoate,SESFRYSPDFLNCH,SESFRYSPDFLNCH-UHFFFAOYSA-N,6,0.5017,0.4062,86,8.0,HIGH,NO_RELEVANT_REPORT_FOUND,False,False,False,0,False,False,False,Unsampled in Stage 7F,Computationally screened + no relevant target report located
CAND_COX1_0344,cox1,COX-1 (PTGS1),Hibiscus SABDARIFFA L.,Benzyl Benzoate,SESFRYSPDFLNCH,SESFRYSPDFLNCH-UHFFFAOYSA-N,6,0.5017,0.4062,86,46.0,HIGH,NO_RELEVANT_REPORT_FOUND,False,False,False,0,False,False,False,Unsampled in Stage 7F,Computationally screened + no relevant target report located
CAND_COX1_0370,cox1,COX-1 (PTGS1),Hemidesmus INDICUS (L.) R. Br.,benzyl benzoate,SESFRYSPDFLNCH,SESFRYSPDFLNCH-UHFFFAOYSA-N,6,0.5017,0.4062,86,41.0,HIGH,NO_RELEVANT_REPORT_FOUND,False,False,False,0,False,False,False,Unsampled in Stage 7F,Computationally screened + no relevant target report located
CAND_COX1_0414,cox1,COX-1 (PTGS1),Cymbopogon CITRATUS (DC.) Stapf.,Benzyl benzoate,SESFRYSPDFLNCH,SESFRYSPDFLNCH-UHFFFAOYSA-N,6,0.5017,0.4062,86,28.0,HIGH,NO_RELEVANT_REPORT_FOUND,False,False,False,0,False,False,False,Unsampled in Stage 7F,Computationally screened + no relevant target report located
CAND_COX1_0422,cox1,COX-1 (PTGS1),Curcuma ZEDOARIA Rosc.,benzyl benzoate,SESFRYSPDFLNCH,SESFRYSPDFLNCH-UHFFFAOYSA-N,6,0.5017,0.4062,86,43.0,HIGH,NO_RELEVANT_REPORT_FOUND,False,False,False,0,False,False,False,Unsampled in Stage 7F,Computationally screened + no relevant target report located
CAND_COX1_0431,cox1,COX-1 (PTGS1),Curcuma ANGUSTIFOLIA Roxb.,Benzyl benzoate,SESFRYSPDFLNCH,SESFRYSPDFLNCH-UHFFFAOYSA-N,6,0.5017,0.4062,86,11.0,HIGH,NO_RELEVANT_REPORT_FOUND,False,False,False,0,False,False,False,Unsampled in Stage 7F,Computationally screened + no relevant target report located
CAND_COX1_0453,cox1,COX-1 (PTGS1),Colocasia ESCULENTA (L.) Schott.,Benzyl benzoate,SESFRYSPDFLNCH,SESFRYSPDFLNCH-UHFFFAOYSA-N,6,0.5017,0.4062,86,6.0,HIGH,NO_RELEVANT_REPORT_FOUND,False,False,False,0,True,False,True,Unsampled in Stage 7F,Computationally screened + no relevant target report located
CAND_COX1_0470,cox1,COX-1 (PTGS1),Alpinia CALCARATA Rosc.,Benzyl Benzoate,SESFRYSPDFLNCH,SESFRYSPDFLNCH-UHFFFAOYSA-N,6,0.5017,0.4062,86,,HIGH,NO_RELEVANT_REPORT_FOUND,False,False,False,0,False,False,False,Unsampled in Stage 7F,Computationally screened + no relevant target report located
CAND_COX1_0473,cox1,COX-1 (PTGS1),Anacardium OCCIDENTALE L.,Benzyl benzoate,SESFRYSPDFLNCH,SESFRYSPDFLNCH-UHFFFAOYSA-N,6,0.5017,0.4062,86,47.0,HIGH,NO_RELEVANT_REPORT_FOUND,False,False,False,0,False,False,False,Unsampled in Stage 7F,Computationally screened + no relevant target report located
CAND_COX1_0482,cox1,COX-1 (PTGS1),Annona RETICULATA L.,Benzyl benzoate,SESFRYSPDFLNCH,SESFRYSPDFLNCH-UHFFFAOYSA-N,6,0.5017,0.4062,86,10.0,HIGH,NO_RELEVANT_REPORT_FOUND,False,False,False,0,False,False,False,Unsampled in Stage 7F,Computationally screened + no relevant target report located
CAND_COX1_0484,cox1,COX-1 (PTGS1),Annona RETICULATA L.,benzyl benzoate,SESFRYSPDFLNCH,SESFRYSPDFLNCH-UHFFFAOYSA-N,6,0.5017,0.4062,86,10.0,HIGH,NO_RELEVANT_REPORT_FOUND,False,False,False,0,False,False,False,Unsampled in Stage 7F,Computationally screened + no relevant target report located
CAND_COX1_0577,cox1,COX-1 (PTGS1),Cassia FISTULA L.,Benzyl Benzoate,SESFRYSPDFLNCH,SESFRYSPDFLNCH-UHFFFAOYSA-N,6,0.5017,0.4062,86,81.0,HIGH,NO_RELEVANT_REPORT_FOUND,False,False,False,0,False,False,False,Unsampled in Stage 7F,Computationally screened + no relevant target report located
CAND_COX1_0597,cox1,COX-1 (PTGS1),Desmos chinensislour.,Benzyl Benzoate,SESFRYSPDFLNCH,SESFRYSPDFLNCH-UHFFFAOYSA-N,6,0.5017,0.4062,86,51.0,HIGH,NO_RELEVANT_REPORT_FOUND,False,False,False,0,False,False,False,Unsampled in Stage 7F,Computationally screened + no relevant target report located
CAND_COX1_0606,cox1,COX-1 (PTGS1),Cinnamomum TAMALA Nees,Ascabin,SESFRYSPDFLNCH,SESFRYSPDFLNCH-UHFFFAOYSA-N,6,0.5017,0.4062,86,19.0,HIGH,NO_RELEVANT_REPORT_FOUND,False,False,False,0,False,False,False,Unsampled in Stage 7F,Computationally screened + no relevant target report located
CAND_COX1_0607,cox1,COX-1 (PTGS1),Cinnamomum TAMALA Nees,Benzyl benzoate,SESFRYSPDFLNCH,SESFRYSPDFLNCH-UHFFFAOYSA-N,6,0.5017,0.4062,86,19.0,HIGH,NO_RELEVANT_REPORT_FOUND,False,False,False,0,False,False,False,Unsampled in Stage 7F,Computationally screened + no relevant target report located
CAND_COX1_0608,cox1,COX-1 (PTGS1),Cinnamomum TAMALA Nees,Benzylbenzoate,SESFRYSPDFLNCH,SESFRYSPDFLNCH-UHFFFAOYSA-N,6,0.5017,0.4062,86,19.0,HIGH,NO_RELEVANT_REPORT_FOUND,False,False,False,0,False,False,False,Unsampled in Stage 7F,Computationally screened + no relevant target report located
CAND_COX1_0112,cox1,COX-1 (PTGS1),Terminalia CHEBULA Retz.,"Phenanthrene, 4-methoxy-",HDEZJHSZOHUVHB,HDEZJHSZOHUVHB-UHFFFAOYSA-N,6,0.5,0.4,87,62.0,HIGH,NO_RELEVANT_REPORT_FOUND,False,False,False,0,False,False,False,Unsampled in Stage 7F,Computationally screened + no relevant target report located
CAND_COX1_0301,cox1,COX-1 (PTGS1),Lantana CAMARA L.,5-methyl-o-Anisidine,WXWCDTXEKCVRRO,WXWCDTXEKCVRRO-UHFFFAOYSA-N,6,0.4983,0.5,88,37.0,HIGH,NO_RELEVANT_REPORT_FOUND,False,False,False,0,False,False,False,Unsampled in Stage 7F,Computationally screened + no relevant target report located
CAND_COX1_0542,cox1,COX-1 (PTGS1),Cannabis SATIVA L.,"4,5-dihydroxy-2,3,6-trimethoxy-9,10-dihydroxy-phenanthrene",AHCVNGFLPZSKFK,AHCVNGFLPZSKFK-UHFFFAOYSA-N,6,0.4983,0.4091,89,96.0,HIGH,NO_RELEVANT_REPORT_FOUND,False,False,False,0,False,False,False,Unsampled in Stage 7F,Computationally screened + no relevant target report located
CAND_COX1_0084,cox1,COX-1 (PTGS1),Abutilon INDICUM (L.) Sweet,"Phenol, 2,6-dimethoxy-",KLIDCXVFHGNTTM,KLIDCXVFHGNTTM-UHFFFAOYSA-N,6,0.4933,0.4583,90,59.0,HIGH,NO_RELEVANT_REPORT_FOUND,False,False,False,0,False,False,False,Unsampled in Stage 7F,Computationally screened + no relevant target report located
CAND_COX1_0360,cox1,COX-1 (PTGS1),Hibiscus ROSA-SINENSIS L.,"2,6,dimethoxy phenol",KLIDCXVFHGNTTM,KLIDCXVFHGNTTM-UHFFFAOYSA-N,6,0.4933,0.4583,90,33.0,HIGH,NO_RELEVANT_REPORT_FOUND,False,False,False,0,False,False,False,Unsampled in Stage 7F,Computationally screened + no relevant target report located
CAND_COX1_0513,cox1,COX-1 (PTGS1),Azadirachta INDICA A. Juss.,"Phenol, 2, 6-dimethoxy-",KLIDCXVFHGNTTM,KLIDCXVFHGNTTM-UHFFFAOYSA-N,6,0.4933,0.4583,90,27.0,HIGH,NO_RELEVANT_REPORT_FOUND,False,False,False,0,False,False,False,Unsampled in Stage 7F,Computationally screened + no relevant target report located
CAND_COX1_0514,cox1,COX-1 (PTGS1),Azadirachta INDICA A. Juss.,"Pyrogallol 1,3-dimethyl ether",KLIDCXVFHGNTTM,KLIDCXVFHGNTTM-UHFFFAOYSA-N,6,0.4933,0.4583,90,27.0,HIGH,NO_RELEVANT_REPORT_FOUND,False,False,False,0,False,False,False,Unsampled in Stage 7F,Computationally screened + no relevant target report located
CAND_COX1_0401,cox1,COX-1 (PTGS1),Dalbergia STIPULACEA Roxb.,"2,4-dimethoxyallylbenzene",KORNSMZEUZIMKC,KORNSMZEUZIMKC-UHFFFAOYSA-N,6,0.4933,0.4054,91,75.0,HIGH,NO_RELEVANT_REPORT_FOUND,False,False,False,0,False,False,False,Unsampled in Stage 7F,Computationally screened + no relevant target report located
CAND_COX1_0348,cox1,COX-1 (PTGS1),Hibiscus SABDARIFFA L.,Hydrocaffeic acid,DZAUWHJDUNRCTF,DZAUWHJDUNRCTF-UHFFFAOYSA-N,6,0.4917,0.5294,92,46.0,HIGH,NO_RELEVANT_REPORT_FOUND,False,False,False,0,False,False,False,Unsampled in Stage 7F,Computationally screened + no relevant target report located
CAND_COX1_0600,cox1,COX-1 (PTGS1),Centella ASIATICA (L.) Urban.,Dihydrocaffeic acid,DZAUWHJDUNRCTF,DZAUWHJDUNRCTF-UHFFFAOYSA-N,6,0.4917,0.5294,92,84.0,HIGH,NO_RELEVANT_REPORT_FOUND,False,False,False,0,False,False,False,Unsampled in Stage 7F,Computationally screened + no relevant target report located
CAND_COX1_0631,cox1,COX-1 (PTGS1),Solanum MELONGENA L.,"3-(3,4-Dihydroxyphenyl)propionic acid",DZAUWHJDUNRCTF,DZAUWHJDUNRCTF-UHFFFAOYSA-N,6,0.4917,0.5294,92,79.0,HIGH,NO_RELEVANT_REPORT_FOUND,False,False,False,0,True,False,True,Unsampled in Stage 7F,Computationally screened + no relevant target report located
CAND_COX1_0635,cox1,COX-1 (PTGS1),Solanum MELONGENA L.,Serotonin,QZAYGJVTTNCVMB,QZAYGJVTTNCVMB-UHFFFAOYSA-N,6,0.4883,0.5106,94,79.0,HIGH,NO_RELEVANT_REPORT_FOUND,False,False,False,0,True,False,True,Unsampled in Stage 7F,Computationally screened + no relevant target report located
CAND_COX1_0545,cox1,COX-1 (PTGS1),Cannabis SATIVA L.,piceol,TXFPEBPIARQUIG,TXFPEBPIARQUIG-UHFFFAOYSA-N,6,0.4883,0.4138,95,96.0,HIGH,NO_RELEVANT_REPORT_FOUND,False,False,False,0,False,False,False,Unsampled in Stage 7F,Computationally screened + no relevant target report located
CAND_COX1_0599,cox1,COX-1 (PTGS1),Centella ASIATICA (L.) Urban.,8-Desoxygartanin,GVQOVMKBYJKZSY,GVQOVMKBYJKZSY-UHFFFAOYSA-N,6,0.4883,0.4032,96,84.0,HIGH,NO_RELEVANT_REPORT_FOUND,False,False,False,0,False,False,False,Unsampled in Stage 7F,Computationally screened + no relevant target report located
CAND_COX1_0379,cox1,COX-1 (PTGS1),Gloriosa SUPERBA L.,"1,2,4-Trimethoxybenzene",AGIQIOSHSMJYJP,AGIQIOSHSMJYJP-UHFFFAOYSA-N,6,0.485,0.4194,97,61.0,HIGH,NO_RELEVANT_REPORT_FOUND,False,False,False,0,False,False,False,Unsampled in Stage 7F,Computationally screened + no relevant target report located
CAND_COX1_0063,cox1,COX-1 (PTGS1),Ferula foetida (Bunge) Regel,Ethyl 3-indoleacetate,HUDBDWIQSIGUDI,HUDBDWIQSIGUDI-UHFFFAOYSA-N,6,0.4833,0.434,98,98.0,HIGH,NO_RELEVANT_REPORT_FOUND,False,False,False,0,False,False,False,Unsampled in Stage 7F,Computationally screened + no relevant target report located
CAND_COX1_0036,cox1,COX-1 (PTGS1),Citrus limon (L.) Osbeck,Benzyl acetate,QUKGYYKBILRGFE,QUKGYYKBILRGFE-UHFFFAOYSA-N,6,0.48,0.4194,99,13.0,HIGH,NO_RELEVANT_REPORT_FOUND,False,False,False,0,False,False,False,Unsampled in Stage 7F,Computationally screened + no relevant target report located
CAND_COX1_0045,cox1,COX-1 (PTGS1),Citrus reticulata Blanco,Benzyl acetate,QUKGYYKBILRGFE,QUKGYYKBILRGFE-UHFFFAOYSA-N,6,0.48,0.4194,99,67.0,HIGH,NO_RELEVANT_REPORT_FOUND,False,False,False,0,False,False,False,Unsampled in Stage 7F,Computationally screened + no relevant target report located
CAND_COX1_0208,cox1,COX-1 (PTGS1),Ocimum tenuiflorum L.,benzyl acetate,QUKGYYKBILRGFE,QUKGYYKBILRGFE-UHFFFAOYSA-N,6,0.48,0.4194,99,14.0,HIGH,NO_RELEVANT_REPORT_FOUND,False,False,False,0,False,False,False,Unsampled in Stage 7F,Computationally screened + no relevant target report located
CAND_COX1_0240,cox1,COX-1 (PTGS1),Michelia CHAMPACA L.,Benzyl acetate,QUKGYYKBILRGFE,QUKGYYKBILRGFE-UHFFFAOYSA-N,6,0.48,0.4194,99,58.0,HIGH,NO_RELEVANT_REPORT_FOUND,False,False,False,0,False,False,False,Unsampled in Stage 7F,Computationally screened + no relevant target report located
CAND_COX1_0269,cox1,COX-1 (PTGS1),Mangifera INDICA L.,benzyl acetate,QUKGYYKBILRGFE,QUKGYYKBILRGFE-UHFFFAOYSA-N,6,0.48,0.4194,99,7.0,HIGH,NO_RELEVANT_REPORT_FOUND,False,False,False,0,False,False,False,Unsampled in Stage 7F,Computationally screened + no relevant target report located
CAND_COX1_0306,cox1,COX-1 (PTGS1),Jasminum SAMBAC (L.) Ait.,"Acetic acid, phenylmethyl ester",QUKGYYKBILRGFE,QUKGYYKBILRGFE-UHFFFAOYSA-N,6,0.48,0.4194,99,8.0,HIGH,NO_RELEVANT_REPORT_FOUND,False,False,False,0,False,False,False,Unsampled in Stage 7F,Computationally screened + no relevant target report located
CAND_COX1_0312,cox1,COX-1 (PTGS1),Jasminum SAMBAC (L.) Ait.,Benzyl acetate,QUKGYYKBILRGFE,QUKGYYKBILRGFE-UHFFFAOYSA-N,6,0.48,0.4194,99,8.0,HIGH,NO_RELEVANT_REPORT_FOUND,False,False,False,0,False,False,False,Unsampled in Stage 7F,Computationally screened + no relevant target report located
CAND_COX1_0413,cox1,COX-1 (PTGS1),Cymbopogon CITRATUS (DC.) Stapf.,Benzyl acetate,QUKGYYKBILRGFE,QUKGYYKBILRGFE-UHFFFAOYSA-N,6,0.48,0.4194,99,28.0,HIGH,NO_RELEVANT_REPORT_FOUND,False,False,False,0,False,False,False,Unsampled in Stage 7F,Computationally screened + no relevant target report located
CAND_COX1_0430,cox1,COX-1 (PTGS1),Curcuma ANGUSTIFOLIA Roxb.,Benzyl acetate,QUKGYYKBILRGFE,QUKGYYKBILRGFE-UHFFFAOYSA-N,6,0.48,0.4194,99,11.0,HIGH,NO_RELEVANT_REPORT_FOUND,False,False,False,0,False,False,False,Unsampled in Stage 7F,Computationally screened + no relevant target report located
CAND_COX1_0521,cox1,COX-1 (PTGS1),Calotropis GIGANTEA (L.) R. Br.,Benzyl Acetate,QUKGYYKBILRGFE,QUKGYYKBILRGFE-UHFFFAOYSA-N,6,0.48,0.4194,99,36.0,HIGH,NO_RELEVANT_REPORT_FOUND,False,False,False,0,False,False,False,Unsampled in Stage 7F,Computationally screened + no relevant target report located
CAND_COX1_0008,cox1,COX-1 (PTGS1),Artocarpus heterophyllus Lam.,2-Phenylethanol,WRMNZCZEMHIOCP,WRMNZCZEMHIOCP-UHFFFAOYSA-N,6,0.4783,0.4286,100,102.0,HIGH,NO_RELEVANT_REPORT_FOUND,False,False,False,0,False,False,False,Unsampled in Stage 7F,Computationally screened + no relevant target report located
CAND_COX1_0023,cox1,COX-1 (PTGS1),Sesamum indicum L.,2-Phenylethanol,WRMNZCZEMHIOCP,WRMNZCZEMHIOCP-UHFFFAOYSA-N,6,0.4783,0.4286,100,23.0,HIGH,NO_RELEVANT_REPORT_FOUND,False,False,False,0,True,False,True,Unsampled in Stage 7F,Computationally screened + no relevant target report located
CAND_COX1_0035,cox1,COX-1 (PTGS1),Citrus limon (L.) Osbeck,2-Phenylethanol,WRMNZCZEMHIOCP,WRMNZCZEMHIOCP-UHFFFAOYSA-N,6,0.4783,0.4286,100,13.0,HIGH,NO_RELEVANT_REPORT_FOUND,False,False,False,0,False,False,False,Unsampled in Stage 7F,Computationally screened + no relevant target report located
CAND_COX1_0053,cox1,COX-1 (PTGS1),Citrus reticulata Blanco,Phenyl ethyl alcohol,WRMNZCZEMHIOCP,WRMNZCZEMHIOCP-UHFFFAOYSA-N,6,0.4783,0.4286,100,67.0,HIGH,NO_RELEVANT_REPORT_FOUND,False,False,False,0,False,False,False,Unsampled in Stage 7F,Computationally screened + no relevant target report located
CAND_COX1_0141,cox1,COX-1 (PTGS1),Tamarindus INDICA L.,2-Phenylethanol,WRMNZCZEMHIOCP,WRMNZCZEMHIOCP-UHFFFAOYSA-N,6,0.4783,0.4286,100,18.0,HIGH,NO_RELEVANT_REPORT_FOUND,False,False,False,0,False,False,False,Unsampled in Stage 7F,Computationally screened + no relevant target report located
CAND_COX1_0160,cox1,COX-1 (PTGS1),Psidium GUAJAVA L.,2-Phenylethanol,WRMNZCZEMHIOCP,WRMNZCZEMHIOCP-UHFFFAOYSA-N,6,0.4783,0.4286,100,30.0,HIGH,NO_RELEVANT_REPORT_FOUND,False,False,False,0,True,False,True,Unsampled in Stage 7F,Computationally screened + no relevant target report located
CAND_COX1_0174,cox1,COX-1 (PTGS1),Plumeria RUBRA L.,2-Phenylethanol,WRMNZCZEMHIOCP,WRMNZCZEMHIOCP-UHFFFAOYSA-N,6,0.4783,0.4286,100,12.0,HIGH,NO_RELEVANT_REPORT_FOUND,False,False,False,0,True,False,True,Unsampled in Stage 7F,Computationally screened + no relevant target report located
CAND_COX1_0190,cox1,COX-1 (PTGS1),Piper LONGUM L.,2-Phenylethanol,WRMNZCZEMHIOCP,WRMNZCZEMHIOCP-UHFFFAOYSA-N,6,0.4783,0.4286,100,26.0,HIGH,NO_RELEVANT_REPORT_FOUND,False,False,False,0,True,False,True,Unsampled in Stage 7F,Computationally screened + no relevant target report located
CAND_COX1_0201,cox1,COX-1 (PTGS1),Paederia FOETIDA L.,2-Phenylethanol,WRMNZCZEMHIOCP,WRMNZCZEMHIOCP-UHFFFAOYSA-N,6,0.4783,0.4286,100,21.0,HIGH,NO_RELEVANT_REPORT_FOUND,False,False,False,0,False,False,False,Unsampled in Stage 7F,Computationally screened + no relevant target report located
CAND_COX1_0228,cox1,COX-1 (PTGS1),Mimusops ELENGI L.,2-Phenylethanol,WRMNZCZEMHIOCP,WRMNZCZEMHIOCP-UHFFFAOYSA-N,6,0.4783,0.4286,100,87.0,HIGH,NO_RELEVANT_REPORT_FOUND,False,False,False,0,False,False,False,Unsampled in Stage 7F,Computationally screened + no relevant target report located
CAND_COX1_0229,cox1,COX-1 (PTGS1),Mimusops ELENGI L.,2-phenyl ethanol,WRMNZCZEMHIOCP,WRMNZCZEMHIOCP-UHFFFAOYSA-N,6,0.4783,0.4286,100,87.0,HIGH,NO_RELEVANT_REPORT_FOUND,False,False,False,0,False,False,False,Unsampled in Stage 7F,Computationally screened + no relevant target report located
CAND_COX1_0235,cox1,COX-1 (PTGS1),Michelia CHAMPACA L.,2-Phenylethanol,WRMNZCZEMHIOCP,WRMNZCZEMHIOCP-UHFFFAOYSA-N,6,0.4783,0.4286,100,58.0,HIGH,NO_RELEVANT_REPORT_FOUND,False,False,False,0,False,False,False,Unsampled in Stage 7F,Computationally screened + no relevant target report located
CAND_COX1_0246,cox1,COX-1 (PTGS1),Michelia CHAMPACA L.,Phenylethyl alcohol,WRMNZCZEMHIOCP,WRMNZCZEMHIOCP-UHFFFAOYSA-N,6,0.4783,0.4286,100,58.0,HIGH,NO_RELEVANT_REPORT_FOUND,False,False,False,0,False,False,False,Unsampled in Stage 7F,Computationally screened + no relevant target report located
CAND_COX1_0258,cox1,COX-1 (PTGS1),Mangifera INDICA L.,2-Phenylethanol,WRMNZCZEMHIOCP,WRMNZCZEMHIOCP-UHFFFAOYSA-N,6,0.4783,0.4286,100,7.0,HIGH,NO_RELEVANT_REPORT_FOUND,False,False,False,0,False,False,False,Unsampled in Stage 7F,Computationally screened + no relevant target report located
CAND_COX1_0259,cox1,COX-1 (PTGS1),Mangifera INDICA L.,2-phenylethanol,WRMNZCZEMHIOCP,WRMNZCZEMHIOCP-UHFFFAOYSA-N,6,0.4783,0.4286,100,7.0,HIGH,NO_RELEVANT_REPORT_FOUND,False,False,False,0,False,False,False,Unsampled in Stage 7F,Computationally screened + no relevant target report located
CAND_COX1_0295,cox1,COX-1 (PTGS1),Lawsonia INERMIS L.,2-Phenylethanol,WRMNZCZEMHIOCP,WRMNZCZEMHIOCP-UHFFFAOYSA-N,6,0.4783,0.4286,100,20.0,HIGH,NO_RELEVANT_REPORT_FOUND,False,False,False,0,False,False,False,Unsampled in Stage 7F,Computationally screened + no relevant target report located
CAND_COX1_0320,cox1,COX-1 (PTGS1),Jasminum SAMBAC (L.) Ait.,Phenyl ethyl alcohol,WRMNZCZEMHIOCP,WRMNZCZEMHIOCP-UHFFFAOYSA-N,6,0.4783,0.4286,100,8.0,HIGH,NO_RELEVANT_REPORT_FOUND,False,False,False,0,False,False,False,Unsampled in Stage 7F,Computationally screened + no relevant target report located
CAND_COX1_0321,cox1,COX-1 (PTGS1),Jasminum SAMBAC (L.) Ait.,Phenylethyl Alcohol,WRMNZCZEMHIOCP,WRMNZCZEMHIOCP-UHFFFAOYSA-N,6,0.4783,0.4286,100,8.0,HIGH,NO_RELEVANT_REPORT_FOUND,False,False,False,0,False,False,False,Unsampled in Stage 7F,Computationally screened + no relevant target report located
CAND_COX1_0322,cox1,COX-1 (PTGS1),Jasminum SAMBAC (L.) Ait.,Phenylethyl alcohol,WRMNZCZEMHIOCP,WRMNZCZEMHIOCP-UHFFFAOYSA-N,6,0.4783,0.4286,100,8.0,HIGH,NO_RELEVANT_REPORT_FOUND,False,False,False,0,False,False,False,Unsampled in Stage 7F,Computationally screened + no relevant target report located
CAND_COX1_0329,cox1,COX-1 (PTGS1),Jasminum SAMBAC (L.) Ait.,phenylethyl alcohol,WRMNZCZEMHIOCP,WRMNZCZEMHIOCP-UHFFFAOYSA-N,6,0.4783,0.4286,100,8.0,HIGH,NO_RELEVANT_REPORT_FOUND,False,False,False,0,False,False,False,Unsampled in Stage 7F,Computationally screened + no relevant target report located
CAND_COX1_0353,cox1,COX-1 (PTGS1),Hibiscus SABDARIFFA L.,Phenylethyl alcohol,WRMNZCZEMHIOCP,WRMNZCZEMHIOCP-UHFFFAOYSA-N,6,0.4783,0.4286,100,46.0,HIGH,NO_RELEVANT_REPORT_FOUND,False,False,False,0,False,False,False,Unsampled in Stage 7F,Computationally screened + no relevant target report located
CAND_COX1_0444,cox1,COX-1 (PTGS1),Coriandrum SATIVUM L.,2-Phenylethanol,WRMNZCZEMHIOCP,WRMNZCZEMHIOCP-UHFFFAOYSA-N,6,0.4783,0.4286,100,83.0,HIGH,NO_RELEVANT_REPORT_FOUND,False,False,False,0,False,False,False,Unsampled in Stage 7F,Computationally screened + no relevant target report located
CAND_COX1_0450,cox1,COX-1 (PTGS1),Colocasia ESCULENTA (L.) Schott.,2-Phenylethanol,WRMNZCZEMHIOCP,WRMNZCZEMHIOCP-UHFFFAOYSA-N,6,0.4783,0.4286,100,6.0,HIGH,NO_RELEVANT_REPORT_FOUND,False,False,False,0,True,False,True,Unsampled in Stage 7F,Computationally screened + no relevant target report located
CAND_COX1_0480,cox1,COX-1 (PTGS1),Annona RETICULATA L.,2-Phenylethanol,WRMNZCZEMHIOCP,WRMNZCZEMHIOCP-UHFFFAOYSA-N,6,0.4783,0.4286,100,10.0,HIGH,NO_RELEVANT_REPORT_FOUND,False,False,False,0,False,False,False,Unsampled in Stage 7F,Computationally screened + no relevant target report located
CAND_COX1_0487,cox1,COX-1 (PTGS1),Artocarpus HETEROPHYLLUS Lamk.,2-Phenylethanol,WRMNZCZEMHIOCP,WRMNZCZEMHIOCP-UHFFFAOYSA-N,6,0.4783,0.4286,100,103.0,HIGH,NO_RELEVANT_REPORT_FOUND,False,False,False,0,False,False,False,Unsampled in Stage 7F,Computationally screened + no relevant target report located
CAND_COX1_0532,cox1,COX-1 (PTGS1),Camellia sinensis (L.) O. Kuntze.,2-Phenylethanol,WRMNZCZEMHIOCP,WRMNZCZEMHIOCP-UHFFFAOYSA-N,6,0.4783,0.4286,100,93.0,HIGH,NO_RELEVANT_REPORT_FOUND,False,False,False,0,False,False,False,Unsampled in Stage 7F,Computationally screened + no relevant target report located
CAND_COX1_0556,cox1,COX-1 (PTGS1),Carica PAPAYA L.,2-Phenylethanol,WRMNZCZEMHIOCP,WRMNZCZEMHIOCP-UHFFFAOYSA-N,6,0.4783,0.4286,100,29.0,HIGH,NO_RELEVANT_REPORT_FOUND,False,False,False,0,False,False,False,Unsampled in Stage 7F,Computationally screened + no relevant target report located
CAND_COX1_0638,cox1,COX-1 (PTGS1),Sesamum INDICUM L.,2-Phenylethanol,WRMNZCZEMHIOCP,WRMNZCZEMHIOCP-UHFFFAOYSA-N,6,0.4783,0.4286,100,24.0,HIGH,NO_RELEVANT_REPORT_FOUND,False,False,False,0,True,False,True,Unsampled in Stage 7F,Computationally screened + no relevant target report located
CAND_COX1_0579,cox1,COX-1 (PTGS1),Cassia FISTULA L.,"N,N'-Diacetylethylenediamine",WNYIBZHOMJZDKN,WNYIBZHOMJZDKN-UHFFFAOYSA-N,6,0.4783,0.4138,101,81.0,HIGH,NO_RELEVANT_REPORT_FOUND,False,False,False,0,False,False,False,Unsampled in Stage 7F,Computationally screened + no relevant target report located
CAND_COX1_0094,cox1,COX-1 (PTGS1),Aegle MARMELOS (L.) Corr.,N-(4-Methoxyphenethyl) benzamide,RAOWOXJDGFFKKD,RAOWOXJDGFFKKD-UHFFFAOYSA-N,6,0.4767,0.4,102,64.0,HIGH,NO_RELEVANT_REPORT_FOUND,False,False,False,0,False,False,False,Unsampled in Stage 7F,Computationally screened + no relevant target report located
CAND_COX1_0129,cox1,COX-1 (PTGS1),Terminalia ARJUNA (Roxb. ex DC.) Wight & Arn.,Pentyl benzene,PWATWSYOIIXYMA,PWATWSYOIIXYMA-UHFFFAOYSA-N,6,0.475,0.5769,103,40.0,HIGH,NO_RELEVANT_REPORT_FOUND,False,False,False,0,True,False,True,Unsampled in Stage 7F,Computationally screened + no relevant target report located
CAND_COX1_0406,cox1,COX-1 (PTGS1),Cyperus ROTUNDUS L.,"Benzene, pentyl-",PWATWSYOIIXYMA,PWATWSYOIIXYMA-UHFFFAOYSA-N,6,0.475,0.5769,103,78.0,HIGH,NO_RELEVANT_REPORT_FOUND,False,False,False,0,False,False,False,Unsampled in Stage 7F,Computationally screened + no relevant target report located
CAND_COX1_0625,cox1,COX-1 (PTGS1),Syzygium CUMINI (L.) Skeel.,Pentyl benzene,PWATWSYOIIXYMA,PWATWSYOIIXYMA-UHFFFAOYSA-N,6,0.475,0.5769,103,86.0,HIGH,NO_RELEVANT_REPORT_FOUND,False,False,False,0,False,False,False,Unsampled in Stage 7F,Computationally screened + no relevant target report located
CAND_COX1_0127,cox1,COX-1 (PTGS1),Terminalia ARJUNA (Roxb. ex DC.) Wight & Arn.,Methyl 2-furoate,HDJLSECJEQSPKW,HDJLSECJEQSPKW-UHFFFAOYSA-N,6,0.475,0.4103,104,40.0,HIGH,NO_RELEVANT_REPORT_FOUND,False,False,False,0,True,False,True,Unsampled in Stage 7F,Computationally screened + no relevant target report located
CAND_COX1_0148,cox1,COX-1 (PTGS1),Tamarindus INDICA L.,Methyl 2-furoate,HDJLSECJEQSPKW,HDJLSECJEQSPKW-UHFFFAOYSA-N,6,0.475,0.4103,104,18.0,HIGH,NO_RELEVANT_REPORT_FOUND,False,False,False,0,False,False,False,Unsampled in Stage 7F,Computationally screened + no relevant target report located
CAND_COX1_0263,cox1,COX-1 (PTGS1),Mangifera INDICA L.,Methyl 2-furoate,HDJLSECJEQSPKW,HDJLSECJEQSPKW-UHFFFAOYSA-N,6,0.475,0.4103,104,7.0,HIGH,NO_RELEVANT_REPORT_FOUND,False,False,False,0,False,False,False,Unsampled in Stage 7F,Computationally screened + no relevant target report located
CAND_COX1_0277,cox1,COX-1 (PTGS1),Mangifera INDICA L.,methyl furoate,HDJLSECJEQSPKW,HDJLSECJEQSPKW-UHFFFAOYSA-N,6,0.475,0.4103,104,7.0,HIGH,NO_RELEVANT_REPORT_FOUND,False,False,False,0,False,False,False,Unsampled in Stage 7F,Computationally screened + no relevant target report located
CAND_COX1_0350,cox1,COX-1 (PTGS1),Hibiscus SABDARIFFA L.,Methyl 2-furoate,HDJLSECJEQSPKW,HDJLSECJEQSPKW-UHFFFAOYSA-N,6,0.475,0.4103,104,46.0,HIGH,NO_RELEVANT_REPORT_FOUND,False,False,False,0,False,False,False,Unsampled in Stage 7F,Computationally screened + no relevant target report located
CAND_COX1_0567,cox1,COX-1 (PTGS1),Carica PAPAYA L.,Methyl furoate,HDJLSECJEQSPKW,HDJLSECJEQSPKW-UHFFFAOYSA-N,6,0.475,0.4103,104,29.0,HIGH,NO_RELEVANT_REPORT_FOUND,False,False,False,0,False,False,False,Unsampled in Stage 7F,Computationally screened + no relevant target report located
CAND_COX1_0147,cox1,COX-1 (PTGS1),Tamarindus INDICA L.,Isovanillic acid,LBKFGYZQBSGRHY,LBKFGYZQBSGRHY-UHFFFAOYSA-N,6,0.4733,0.4146,105,18.0,HIGH,NO_RELEVANT_REPORT_FOUND,False,False,False,0,False,False,False,Unsampled in Stage 7F,Computationally screened + no relevant target report located
CAND_COX1_0294,cox1,COX-1 (PTGS1),Lawsonia INERMIS L.,2-Methoxynaphthalene,LUZDYPLAQQGJEA,LUZDYPLAQQGJEA-UHFFFAOYSA-N,6,0.47,0.4688,106,20.0,HIGH,NO_RELEVANT_REPORT_FOUND,False,False,False,0,False,False,False,Unsampled in Stage 7F,Computationally screened + no relevant target report located
CAND_COX1_0066,cox1,COX-1 (PTGS1),Holarrhena pubescens Wall.ex G.Don,Mangostin,GNRIZKKCNOBBMO,GNRIZKKCNOBBMO-UHFFFAOYSA-N,6,0.4683,0.6296,107,69.0,HIGH,NO_RELEVANT_REPORT_FOUND,False,False,False,0,False,False,False,Unsampled in Stage 7F,Computationally screened + no relevant target report located
CAND_COX1_0026,cox1,COX-1 (PTGS1),Saccharum officinarum L.,"3,4-Dimethoxycinnamic acid",HJBWJAPEBGSQPR,HJBWJAPEBGSQPR-GQCTYLIASA-N,6,0.4683,0.5882,108,48.0,HIGH,NO_RELEVANT_REPORT_FOUND,False,False,False,0,True,False,True,Unsampled in Stage 7F,Computationally screened + no relevant target report located
CAND_COX1_0641,cox1,COX-1 (PTGS1),Saccharum OFFICINARUM L.,"3,4-Dimethoxycinnamic acid",HJBWJAPEBGSQPR,HJBWJAPEBGSQPR-GQCTYLIASA-N,6,0.4683,0.5882,108,49.0,HIGH,NO_RELEVANT_REPORT_FOUND,False,False,False,0,True,False,True,Unsampled in Stage 7F,Computationally screened + no relevant target report located
CAND_COX1_0092,cox1,COX-1 (PTGS1),Aegle MARMELOS (L.) Corr.,"Benzene, nitro",LQNUZADURLCDLV,LQNUZADURLCDLV-UHFFFAOYSA-N,6,0.4683,0.4,109,64.0,HIGH,NO_RELEVANT_REPORT_FOUND,False,False,False,0,False,False,False,Unsampled in Stage 7F,Computationally screened + no relevant target report located
CAND_COX1_0367,cox1,COX-1 (PTGS1),Hemidesmus INDICUS (L.) R. Br.,3-methoxyphenol,ASHGTJPOSUFTGB,ASHGTJPOSUFTGB-UHFFFAOYSA-N,6,0.4667,0.4194,110,41.0,HIGH,NO_RELEVANT_REPORT_FOUND,False,False,False,0,False,False,False,Unsampled in Stage 7F,Computationally screened + no relevant target report located
CAND_COX1_0383,cox1,COX-1 (PTGS1),Gloriosa SUPERBA L.,"Phenol, 3-methoxy-",ASHGTJPOSUFTGB,ASHGTJPOSUFTGB-UHFFFAOYSA-N,6,0.4667,0.4194,110,61.0,HIGH,NO_RELEVANT_REPORT_FOUND,False,False,False,0,False,False,False,Unsampled in Stage 7F,Computationally screened + no relevant target report located
CAND_COX1_0396,cox1,COX-1 (PTGS1),Desmodium GANGETICUM (L.) DC.,"N,N-Dimethyltryptamine",DMULVCHRPCFFGV,DMULVCHRPCFFGV-UHFFFAOYSA-N,6,0.465,0.42,112,31.0,HIGH,NO_RELEVANT_REPORT_FOUND,False,False,False,0,False,False,False,Unsampled in Stage 7F,Computationally screened + no relevant target report located
CAND_COX1_0581,cox1,COX-1 (PTGS1),Cassia FISTULA L.,isoelemicin,RRXOQHQFJOQLQR,RRXOQHQFJOQLQR-AATRIKPKSA-N,6,0.465,0.4118,113,81.0,HIGH,NO_RELEVANT_REPORT_FOUND,False,False,False,0,False,False,False,Unsampled in Stage 7F,Computationally screened + no relevant target report located
CAND_COX1_0585,cox1,COX-1 (PTGS1),Cassia FISTULA L.,Isoelemicin,RRXOQHQFJOQLQR,RRXOQHQFJOQLQR-AATRIKPKSA-N,6,0.465,0.4118,113,81.0,HIGH,NO_RELEVANT_REPORT_FOUND,False,False,False,0,False,False,False,Unsampled in Stage 7F,Computationally screened + no relevant target report located
CAND_COX1_0126,cox1,COX-1 (PTGS1),Terminalia ARJUNA (Roxb. ex DC.) Wight & Arn.,Furyl ethyl ketone,HCPORNAVHSWTOJ,HCPORNAVHSWTOJ-UHFFFAOYSA-N,6,0.4617,0.4211,114,40.0,HIGH,NO_RELEVANT_REPORT_FOUND,False,False,False,0,True,False,True,Unsampled in Stage 7F,Computationally screened + no relevant target report located
CAND_COX1_0137,cox1,COX-1 (PTGS1),Tamarindus INDICA L.,1-(2-furanyl)-1-propanone,HCPORNAVHSWTOJ,HCPORNAVHSWTOJ-UHFFFAOYSA-N,6,0.4617,0.4211,114,18.0,HIGH,NO_RELEVANT_REPORT_FOUND,False,False,False,0,False,False,False,Unsampled in Stage 7F,Computationally screened + no relevant target report located
CAND_COX1_0442,cox1,COX-1 (PTGS1),Cuminum CYMINUM L.,n-Eicosylbenzene,HPPLZROUJULWGU,HPPLZROUJULWGU-UHFFFAOYSA-N,6,0.46,0.6154,115,34.0,HIGH,NO_RELEVANT_REPORT_FOUND,False,False,False,0,False,False,False,Unsampled in Stage 7F,Computationally screened + no relevant target report located
CAND_COX1_0448,cox1,COX-1 (PTGS1),Coriandrum SATIVUM L.,Tridecylbenzene,MCVUKOYZUCWLQQ,MCVUKOYZUCWLQQ-UHFFFAOYSA-N,6,0.46,0.6154,116,83.0,HIGH,NO_RELEVANT_REPORT_FOUND,False,False,False,0,False,False,False,Unsampled in Stage 7F,Computationally screened + no relevant target report located
CAND_COX1_0296,cox1,COX-1 (PTGS1),Lawsonia INERMIS L.,"3',4'-dimethoxyflavone",ZGHORMOOTZTQFL,ZGHORMOOTZTQFL-UHFFFAOYSA-N,6,0.46,0.587,117,20.0,HIGH,LEVEL_B_RELATED_ENDPOINT,False,True,False,3,False,False,False,Unsampled in Stage 7F,Computationally screened + related biological evidence
CAND_COX1_0125,cox1,COX-1 (PTGS1),Terminalia ARJUNA (Roxb. ex DC.) Wight & Arn.,Flavone,VHBFFQKBGNRLFZ,VHBFFQKBGNRLFZ-UHFFFAOYSA-N,6,0.46,0.4884,118,40.0,HIGH,LEVEL_B_RELATED_ENDPOINT,False,True,False,1,False,False,False,Unsampled in Stage 7F,Computationally screened + related biological evidence
CAND_COX1_0154,cox1,COX-1 (PTGS1),Ricinus COMMUNIS L.,Nicotinamide,DFPAKSUCGFBDDF,DFPAKSUCGFBDDF-UHFFFAOYSA-N,6,0.46,0.425,119,88.0,HIGH,NO_RELEVANT_REPORT_FOUND,False,False,False,0,True,False,True,Unsampled in Stage 7F,Computationally screened + no relevant target report located
CAND_COX1_0510,cox1,COX-1 (PTGS1),Azadirachta INDICA A. Juss.,Nicotinamide,DFPAKSUCGFBDDF,DFPAKSUCGFBDDF-UHFFFAOYSA-N,6,0.46,0.425,119,27.0,HIGH,NO_RELEVANT_REPORT_FOUND,False,False,False,0,False,False,False,Unsampled in Stage 7F,Computationally screened + no relevant target report located
CAND_COX1_0382,cox1,COX-1 (PTGS1),Gloriosa SUPERBA L.,Indole-3-butyric acid,JTEDVYBZBROSJT,JTEDVYBZBROSJT-UHFFFAOYSA-N,6,0.4583,0.4898,120,61.0,HIGH,NO_RELEVANT_REPORT_FOUND,False,False,False,0,False,False,False,Unsampled in Stage 7F,Computationally screened + no relevant target report located
CAND_COX1_0069,cox1,COX-1 (PTGS1),Abelmoschus MOSCHATUS Medik.,(E)-geranylacetone,HNZUNIKWNYHEJJ,HNZUNIKWNYHEJJ-FMIVXFBMSA-N,6,0.4583,0.425,121,16.0,HIGH,NO_RELEVANT_REPORT_FOUND,False,False,False,0,True,True,False,Unsampled in Stage 7F,Computationally screened + no relevant target report located
CAND_COX1_0071,cox1,COX-1 (PTGS1),Abelmoschus MOSCHATUS Medik.,Geranylacetone,HNZUNIKWNYHEJJ,HNZUNIKWNYHEJJ-FMIVXFBMSA-N,6,0.4583,0.425,121,16.0,HIGH,NO_RELEVANT_REPORT_FOUND,False,False,False,0,True,True,False,Unsampled in Stage 7F,Computationally screened + no relevant target report located
CAND_COX1_0090,cox1,COX-1 (PTGS1),Aegle MARMELOS (L.) Corr.,"(E)-6,10-dimethyl-5,9-Undecadien-2-one",HNZUNIKWNYHEJJ,HNZUNIKWNYHEJJ-FMIVXFBMSA-N,6,0.4583,0.425,121,64.0,HIGH,NO_RELEVANT_REPORT_FOUND,False,False,False,0,True,True,False,Unsampled in Stage 7F,Computationally screened + no relevant target report located
CAND_COX1_0144,cox1,COX-1 (PTGS1),Tamarindus INDICA L.,Geranylacetone,HNZUNIKWNYHEJJ,HNZUNIKWNYHEJJ-FMIVXFBMSA-N,6,0.4583,0.425,121,18.0,HIGH,NO_RELEVANT_REPORT_FOUND,False,False,False,0,True,True,False,Unsampled in Stage 7F,Computationally screened + no relevant target report located
CAND_COX1_0166,cox1,COX-1 (PTGS1),Psidium GUAJAVA L.,Geranylacetone,HNZUNIKWNYHEJJ,HNZUNIKWNYHEJJ-FMIVXFBMSA-N,6,0.4583,0.425,121,30.0,HIGH,NO_RELEVANT_REPORT_FOUND,False,False,False,0,True,True,True,Unsampled in Stage 7F,Computationally screened + no relevant target report located
CAND_COX1_0274,cox1,COX-1 (PTGS1),Mangifera INDICA L.,geranylacetone,HNZUNIKWNYHEJJ,HNZUNIKWNYHEJJ-FMIVXFBMSA-N,6,0.4583,0.425,121,7.0,HIGH,NO_RELEVANT_REPORT_FOUND,False,False,False,0,True,True,False,Unsampled in Stage 7F,Computationally screened + no relevant target report located
CAND_COX1_0300,cox1,COX-1 (PTGS1),Lawsonia INERMIS L.,Geranyl acetone,HNZUNIKWNYHEJJ,HNZUNIKWNYHEJJ-FMIVXFBMSA-N,6,0.4583,0.425,121,20.0,HIGH,NO_RELEVANT_REPORT_FOUND,False,False,False,0,True,True,False,Unsampled in Stage 7F,Computationally screened + no relevant target report located
CAND_COX1_0335,cox1,COX-1 (PTGS1),Hibiscus SABDARIFFA L.,(Z)-Geranylacetone,HNZUNIKWNYHEJJ,HNZUNIKWNYHEJJ-XFXZXTDPSA-N,6,0.4583,0.425,121,46.0,HIGH,NO_RELEVANT_REPORT_FOUND,False,False,False,0,True,True,False,Unsampled in Stage 7F,Computationally screened + no relevant target report located
CAND_COX1_0347,cox1,COX-1 (PTGS1),Hibiscus SABDARIFFA L.,Geranylacetone,HNZUNIKWNYHEJJ,HNZUNIKWNYHEJJ-FMIVXFBMSA-N,6,0.4583,0.425,121,46.0,HIGH,NO_RELEVANT_REPORT_FOUND,False,False,False,0,True,True,False,Unsampled in Stage 7F,Computationally screened + no relevant target report located
CAND_COX1_0373,cox1,COX-1 (PTGS1),Heliotropium INDICUM L.,(E)-Geranyl acetone,HNZUNIKWNYHEJJ,HNZUNIKWNYHEJJ-XFXZXTDPSA-N,6,0.4583,0.425,121,42.0,HIGH,NO_RELEVANT_REPORT_FOUND,False,False,False,0,True,True,False,Unsampled in Stage 7F,Computationally screened + no relevant target report located
CAND_COX1_0415,cox1,COX-1 (PTGS1),Cymbopogon CITRATUS (DC.) Stapf.,Geranylacetone,HNZUNIKWNYHEJJ,HNZUNIKWNYHEJJ-FMIVXFBMSA-N,6,0.4583,0.425,121,28.0,HIGH,NO_RELEVANT_REPORT_FOUND,False,False,False,0,True,True,False,Unsampled in Stage 7F,Computationally screened + no relevant target report located
CAND_COX1_0454,cox1,COX-1 (PTGS1),Colocasia ESCULENTA (L.) Schott.,Geranylacetone,HNZUNIKWNYHEJJ,HNZUNIKWNYHEJJ-FMIVXFBMSA-N,6,0.4583,0.425,121,6.0,HIGH,NO_RELEVANT_REPORT_FOUND,False,False,False,0,True,True,True,Unsampled in Stage 7F,Computationally screened + no relevant target report located
CAND_COX1_0458,cox1,COX-1 (PTGS1),Citrus maxima (Burm.) Merr.,(E)-Geranylacetone,HNZUNIKWNYHEJJ,HNZUNIKWNYHEJJ-FMIVXFBMSA-N,6,0.4583,0.425,121,68.0,HIGH,NO_RELEVANT_REPORT_FOUND,False,False,False,0,True,True,False,Unsampled in Stage 7F,Computationally screened + no relevant target report located
CAND_COX1_0464,cox1,COX-1 (PTGS1),Citrus maxima (Burm.) Merr.,Geranylacetone,HNZUNIKWNYHEJJ,HNZUNIKWNYHEJJ-FMIVXFBMSA-N,6,0.4583,0.425,121,68.0,HIGH,NO_RELEVANT_REPORT_FOUND,False,False,False,0,True,True,False,Unsampled in Stage 7F,Computationally screened + no relevant target report located
CAND_COX1_0494,cox1,COX-1 (PTGS1),Averrhoa CARAMBOLA L.,Nerylacetone,HNZUNIKWNYHEJJ,HNZUNIKWNYHEJJ-XFXZXTDPSA-N,6,0.4583,0.425,121,22.0,HIGH,NO_RELEVANT_REPORT_FOUND,False,False,False,0,True,True,False,Unsampled in Stage 7F,Computationally screened + no relevant target report located
CAND_COX1_0516,cox1,COX-1 (PTGS1),Azadirachta INDICA A. Juss.,cis-geranyl acetone,HNZUNIKWNYHEJJ,HNZUNIKWNYHEJJ-XFXZXTDPSA-N,6,0.4583,0.425,121,27.0,HIGH,NO_RELEVANT_REPORT_FOUND,False,False,False,0,True,True,False,Unsampled in Stage 7F,Computationally screened + no relevant target report located
CAND_COX1_0524,cox1,COX-1 (PTGS1),Calotropis GIGANTEA (L.) R. Br.,Nerylacetone,HNZUNIKWNYHEJJ,HNZUNIKWNYHEJJ-XFXZXTDPSA-N,6,0.4583,0.425,121,36.0,HIGH,NO_RELEVANT_REPORT_FOUND,False,False,False,0,True,True,False,Unsampled in Stage 7F,Computationally screened + no relevant target report located
CAND_COX1_0529,cox1,COX-1 (PTGS1),Calotropis PROCERA (Aiton) Dryand.,Geranylacetone,HNZUNIKWNYHEJJ,HNZUNIKWNYHEJJ-FMIVXFBMSA-N,6,0.4583,0.425,121,15.0,HIGH,NO_RELEVANT_REPORT_FOUND,False,False,False,0,True,True,False,Unsampled in Stage 7F,Computationally screened + no relevant target report located
CAND_COX1_0530,cox1,COX-1 (PTGS1),Calotropis PROCERA (Aiton) Dryand.,Neryl acetone,HNZUNIKWNYHEJJ,HNZUNIKWNYHEJJ-UHFFFAOYSA-N,6,0.4583,0.425,121,15.0,HIGH,NO_RELEVANT_REPORT_FOUND,False,False,False,0,True,True,False,Unsampled in Stage 7F,Computationally screened + no relevant target report located
CAND_COX1_0536,cox1,COX-1 (PTGS1),Camellia sinensis (L.) O. Kuntze.,Geranylacetone,HNZUNIKWNYHEJJ,HNZUNIKWNYHEJJ-FMIVXFBMSA-N,6,0.4583,0.425,121,93.0,HIGH,NO_RELEVANT_REPORT_FOUND,False,False,False,0,True,True,False,Unsampled in Stage 7F,Computationally screened + no relevant target report located
CAND_COX1_0563,cox1,COX-1 (PTGS1),Carica PAPAYA L.,Dihydropseudoionone,HNZUNIKWNYHEJJ,HNZUNIKWNYHEJJ-FMIVXFBMSA-N,6,0.4583,0.425,121,29.0,HIGH,NO_RELEVANT_REPORT_FOUND,False,False,False,0,True,True,False,Unsampled in Stage 7F,Computationally screened + no relevant target report located
CAND_COX1_0565,cox1,COX-1 (PTGS1),Carica PAPAYA L.,Geranyl acetone,HNZUNIKWNYHEJJ,HNZUNIKWNYHEJJ-FMIVXFBMSA-N,6,0.4583,0.425,121,29.0,HIGH,NO_RELEVANT_REPORT_FOUND,False,False,False,0,True,True,False,Unsampled in Stage 7F,Computationally screened + no relevant target report located
CAND_COX1_0589,cox1,COX-1 (PTGS1),Senna occidentalis (L.) Link,Geranylacetone,HNZUNIKWNYHEJJ,HNZUNIKWNYHEJJ-FMIVXFBMSA-N,6,0.4583,0.425,121,38.0,HIGH,NO_RELEVANT_REPORT_FOUND,False,False,False,0,True,True,True,Unsampled in Stage 7F,Computationally screened + no relevant target report located
CAND_COX1_0594,cox1,COX-1 (PTGS1),Catharanthus roseus (L.) G.Don,Geranyl Acetone,HNZUNIKWNYHEJJ,HNZUNIKWNYHEJJ-FMIVXFBMSA-N,6,0.4583,0.425,121,35.0,HIGH,NO_RELEVANT_REPORT_FOUND,False,False,False,0,True,True,False,Unsampled in Stage 7F,Computationally screened + no relevant target report located
CAND_COX1_0603,cox1,COX-1 (PTGS1),Cinnamomum TAMALA Nees,(E)-Geranylacetone,HNZUNIKWNYHEJJ,HNZUNIKWNYHEJJ-FMIVXFBMSA-N,6,0.4583,0.425,121,19.0,HIGH,NO_RELEVANT_REPORT_FOUND,False,False,False,0,True,True,False,Unsampled in Stage 7F,Computationally screened + no relevant target report located
CAND_COX1_0628,cox1,COX-1 (PTGS1),Streblus ASPER Lour.,Geranylacetone,HNZUNIKWNYHEJJ,HNZUNIKWNYHEJJ-FMIVXFBMSA-N,6,0.4583,0.425,121,,HIGH,NO_RELEVANT_REPORT_FOUND,False,False,False,0,True,True,True,Unsampled in Stage 7F,Computationally screened + no relevant target report located
CAND_COX1_0013,cox1,COX-1 (PTGS1),Moringa oleifera Lam.,"(E,E)-farnesylacetone",LTUMRKDLVGQMJU,LTUMRKDLVGQMJU-IUBLYSDUSA-N,6,0.4583,0.425,122,65.0,HIGH,NO_RELEVANT_REPORT_FOUND,False,False,False,0,False,False,False,Unsampled in Stage 7F,Computationally screened + no relevant target report located
CAND_COX1_0049,cox1,COX-1 (PTGS1),Citrus reticulata Blanco,Farnesyl acetone,LTUMRKDLVGQMJU,LTUMRKDLVGQMJU-IUBLYSDUSA-N,6,0.4583,0.425,122,67.0,HIGH,NO_RELEVANT_REPORT_FOUND,False,False,False,0,False,False,False,Unsampled in Stage 7F,Computationally screened + no relevant target report located
CAND_COX1_0219,cox1,COX-1 (PTGS1),Moringa OLEIFERA Lamk.,"(E,E)-farnesylacetone",LTUMRKDLVGQMJU,LTUMRKDLVGQMJU-IUBLYSDUSA-N,6,0.4583,0.425,122,66.0,HIGH,NO_RELEVANT_REPORT_FOUND,False,False,False,0,False,False,False,Unsampled in Stage 7F,Computationally screened + no relevant target report located
CAND_COX1_0299,cox1,COX-1 (PTGS1),Lawsonia INERMIS L.,Farnesyl acetone,LTUMRKDLVGQMJU,LTUMRKDLVGQMJU-IUBLYSDUSA-N,6,0.4583,0.425,122,20.0,HIGH,NO_RELEVANT_REPORT_FOUND,False,False,False,0,False,False,False,Unsampled in Stage 7F,Computationally screened + no relevant target report located
CAND_COX1_0302,cox1,COX-1 (PTGS1),Lantana CAMARA L.,Farnesyl acetone,LTUMRKDLVGQMJU,LTUMRKDLVGQMJU-IUBLYSDUSA-N,6,0.4583,0.425,122,37.0,HIGH,NO_RELEVANT_REPORT_FOUND,False,False,False,0,False,False,False,Unsampled in Stage 7F,Computationally screened + no relevant target report located
CAND_COX1_0331,cox1,COX-1 (PTGS1),Hibiscus SURATTENSIS L.,Farnesyl acetone,LTUMRKDLVGQMJU,LTUMRKDLVGQMJU-IUBLYSDUSA-N,6,0.4583,0.425,122,,HIGH,NO_RELEVANT_REPORT_FOUND,False,False,False,0,False,False,False,Unsampled in Stage 7F,Computationally screened + no relevant target report located
CAND_COX1_0432,cox1,COX-1 (PTGS1),Curcuma ANGUSTIFOLIA Roxb.,Farnesyl acetone,LTUMRKDLVGQMJU,LTUMRKDLVGQMJU-IUBLYSDUSA-N,6,0.4583,0.425,122,11.0,HIGH,NO_RELEVANT_REPORT_FOUND,False,False,False,0,False,False,False,Unsampled in Stage 7F,Computationally screened + no relevant target report located
CAND_COX1_0459,cox1,COX-1 (PTGS1),Citrus maxima (Burm.) Merr.,"(E,E)-Farnesyl acetone",LTUMRKDLVGQMJU,LTUMRKDLVGQMJU-IUBLYSDUSA-N,6,0.4583,0.425,122,68.0,HIGH,NO_RELEVANT_REPORT_FOUND,False,False,False,0,False,False,False,Unsampled in Stage 7F,Computationally screened + no relevant target report located
CAND_COX1_0463,cox1,COX-1 (PTGS1),Citrus maxima (Burm.) Merr.,Farnesylacetone,LTUMRKDLVGQMJU,LTUMRKDLVGQMJU-IUBLYSDUSA-N,6,0.4583,0.425,122,68.0,HIGH,NO_RELEVANT_REPORT_FOUND,False,False,False,0,False,False,False,Unsampled in Stage 7F,Computationally screened + no relevant target report located
CAND_COX1_0523,cox1,COX-1 (PTGS1),Calotropis GIGANTEA (L.) R. Br.,Farnesyl Acetone,LTUMRKDLVGQMJU,LTUMRKDLVGQMJU-IUBLYSDUSA-N,6,0.4583,0.425,122,36.0,HIGH,NO_RELEVANT_REPORT_FOUND,False,False,False,0,False,False,False,Unsampled in Stage 7F,Computationally screened + no relevant target report located
CAND_COX1_0528,cox1,COX-1 (PTGS1),Calotropis PROCERA (Aiton) Dryand.,Farnesylacetone,LTUMRKDLVGQMJU,LTUMRKDLVGQMJU-IUBLYSDUSA-N,6,0.4583,0.425,122,15.0,HIGH,NO_RELEVANT_REPORT_FOUND,False,False,False,0,False,False,False,Unsampled in Stage 7F,Computationally screened + no relevant target report located
CAND_COX1_0573,cox1,COX-1 (PTGS1),Cassia FISTULA L.,"(E, E)-farnesylacetone",LTUMRKDLVGQMJU,LTUMRKDLVGQMJU-IUBLYSDUSA-N,6,0.4583,0.425,122,81.0,HIGH,NO_RELEVANT_REPORT_FOUND,False,False,False,0,False,False,False,Unsampled in Stage 7F,Computationally screened + no relevant target report located
CAND_COX1_0584,cox1,COX-1 (PTGS1),Cassia FISTULA L.,Farnesylacetone,LTUMRKDLVGQMJU,LTUMRKDLVGQMJU-IUBLYSDUSA-N,6,0.4583,0.425,122,81.0,HIGH,NO_RELEVANT_REPORT_FOUND,False,False,False,0,False,False,False,Unsampled in Stage 7F,Computationally screened + no relevant target report located
CAND_COX1_0588,cox1,COX-1 (PTGS1),Senna occidentalis (L.) Link,Farnesylacetone,LTUMRKDLVGQMJU,LTUMRKDLVGQMJU-IUBLYSDUSA-N,6,0.4583,0.425,122,38.0,HIGH,NO_RELEVANT_REPORT_FOUND,False,False,False,0,True,False,True,Unsampled in Stage 7F,Computationally screened + no relevant target report located
CAND_COX1_0136,cox1,COX-1 (PTGS1),Tamarindus INDICA L.,"1-(2-Furyl)propane-1,2-dione",JXZJRYDTSDCGLO,JXZJRYDTSDCGLO-UHFFFAOYSA-N,6,0.455,0.4595,123,18.0,HIGH,NO_RELEVANT_REPORT_FOUND,False,False,False,0,False,False,False,Unsampled in Stage 7F,Computationally screened + no relevant target report located
CAND_COX1_0022,cox1,COX-1 (PTGS1),Sesamum indicum L.,2-Acetylfuran,IEMMBWWQXVXBEU,IEMMBWWQXVXBEU-UHFFFAOYSA-N,6,0.4533,0.4857,124,23.0,HIGH,NO_RELEVANT_REPORT_FOUND,False,False,False,0,True,False,True,Unsampled in Stage 7F,Computationally screened + no relevant target report located
CAND_COX1_0120,cox1,COX-1 (PTGS1),Terminalia ARJUNA (Roxb. ex DC.) Wight & Arn.,2-Acetylfuran,IEMMBWWQXVXBEU,IEMMBWWQXVXBEU-UHFFFAOYSA-N,6,0.4533,0.4857,124,40.0,HIGH,NO_RELEVANT_REPORT_FOUND,False,False,False,0,True,False,True,Unsampled in Stage 7F,Computationally screened + no relevant target report located
CAND_COX1_0138,cox1,COX-1 (PTGS1),Tamarindus INDICA L.,1-(2-furanyl)-Ethanone,IEMMBWWQXVXBEU,IEMMBWWQXVXBEU-UHFFFAOYSA-N,6,0.4533,0.4857,124,18.0,HIGH,NO_RELEVANT_REPORT_FOUND,False,False,False,0,False,False,False,Unsampled in Stage 7F,Computationally screened + no relevant target report located
CAND_COX1_0139,cox1,COX-1 (PTGS1),Tamarindus INDICA L.,2-Acetylfuran,IEMMBWWQXVXBEU,IEMMBWWQXVXBEU-UHFFFAOYSA-N,6,0.4533,0.4857,124,18.0,HIGH,NO_RELEVANT_REPORT_FOUND,False,False,False,0,False,False,False,Unsampled in Stage 7F,Computationally screened + no relevant target report located
CAND_COX1_0199,cox1,COX-1 (PTGS1),Paederia FOETIDA L.,2-Acetylfuran,IEMMBWWQXVXBEU,IEMMBWWQXVXBEU-UHFFFAOYSA-N,6,0.4533,0.4857,124,21.0,HIGH,NO_RELEVANT_REPORT_FOUND,False,False,False,0,False,False,False,Unsampled in Stage 7F,Computationally screened + no relevant target report located
CAND_COX1_0251,cox1,COX-1 (PTGS1),Manihot ESCULENTA Crantz.,acetyl furan,IEMMBWWQXVXBEU,IEMMBWWQXVXBEU-UHFFFAOYSA-N,6,0.4533,0.4857,124,45.0,HIGH,NO_RELEVANT_REPORT_FOUND,False,False,False,0,False,False,False,Unsampled in Stage 7F,Computationally screened + no relevant target report located
CAND_COX1_0293,cox1,COX-1 (PTGS1),Lawsonia INERMIS L.,2-Acetylfuran,IEMMBWWQXVXBEU,IEMMBWWQXVXBEU-UHFFFAOYSA-N,6,0.4533,0.4857,124,20.0,HIGH,NO_RELEVANT_REPORT_FOUND,False,False,False,0,False,False,False,Unsampled in Stage 7F,Computationally screened + no relevant target report located
CAND_COX1_0336,cox1,COX-1 (PTGS1),Hibiscus SABDARIFFA L.,2-Acetylfuran,IEMMBWWQXVXBEU,IEMMBWWQXVXBEU-UHFFFAOYSA-N,6,0.4533,0.4857,124,46.0,HIGH,NO_RELEVANT_REPORT_FOUND,False,False,False,0,False,False,False,Unsampled in Stage 7F,Computationally screened + no relevant target report located
CAND_COX1_0436,cox1,COX-1 (PTGS1),Cuminum CYMINUM L.,2-Acetyl furan,IEMMBWWQXVXBEU,IEMMBWWQXVXBEU-UHFFFAOYSA-N,6,0.4533,0.4857,124,34.0,HIGH,NO_RELEVANT_REPORT_FOUND,False,False,False,0,False,False,False,Unsampled in Stage 7F,Computationally screened + no relevant target report located
CAND_COX1_0479,cox1,COX-1 (PTGS1),Annona RETICULATA L.,2-Acetylfuran,IEMMBWWQXVXBEU,IEMMBWWQXVXBEU-UHFFFAOYSA-N,6,0.4533,0.4857,124,10.0,HIGH,NO_RELEVANT_REPORT_FOUND,False,False,False,0,False,False,False,Unsampled in Stage 7F,Computationally screened + no relevant target report located
CAND_COX1_0555,cox1,COX-1 (PTGS1),Carica PAPAYA L.,1-(2-Furanyl)-ethanone,IEMMBWWQXVXBEU,IEMMBWWQXVXBEU-UHFFFAOYSA-N,6,0.4533,0.4857,124,29.0,HIGH,NO_RELEVANT_REPORT_FOUND,False,False,False,0,False,False,False,Unsampled in Stage 7F,Computationally screened + no relevant target report located
CAND_COX1_0637,cox1,COX-1 (PTGS1),Sesamum INDICUM L.,2-Acetylfuran,IEMMBWWQXVXBEU,IEMMBWWQXVXBEU-UHFFFAOYSA-N,6,0.4533,0.4857,124,24.0,HIGH,NO_RELEVANT_REPORT_FOUND,False,False,False,0,True,False,True,Unsampled in Stage 7F,Computationally screened + no relevant target report located
CAND_COX1_0058,cox1,COX-1 (PTGS1),Carum carvi L.,3-Benzyloxyphenol,FOTVZLOJAIEAOY,FOTVZLOJAIEAOY-UHFFFAOYSA-N,6,0.4517,0.6207,125,2.0,HIGH,NO_RELEVANT_REPORT_FOUND,False,False,False,0,False,False,False,Unsampled in Stage 7F,Computationally screened + no relevant target report located
CAND_COX1_0241,cox1,COX-1 (PTGS1),Michelia CHAMPACA L.,Broussonin C,CMOZGCJOTGLPKO,CMOZGCJOTGLPKO-UHFFFAOYSA-N,6,0.4483,0.4681,127,58.0,HIGH,NO_RELEVANT_REPORT_FOUND,False,False,False,0,False,False,False,Unsampled in Stage 7F,Computationally screened + no relevant target report located
CAND_COX1_0303,cox1,COX-1 (PTGS1),Lantana CAMARA L.,"Gentisic acid, methyl ester",XGDPKUKRQHHZTH,XGDPKUKRQHHZTH-UHFFFAOYSA-N,6,0.4483,0.4444,128,37.0,HIGH,NO_RELEVANT_REPORT_FOUND,False,False,False,0,False,False,False,Unsampled in Stage 7F,Computationally screened + no relevant target report located
CAND_COX1_0173,cox1,COX-1 (PTGS1),Psidium GUAJAVA L.,cis-3-Hexenoic acid,XXHDAWYDNSXJQM,XXHDAWYDNSXJQM-ARJAWSKDSA-N,6,0.4467,0.4062,129,30.0,HIGH,NO_RELEVANT_REPORT_FOUND,False,False,False,0,True,True,True,Unsampled in Stage 7F,Computationally screened + no relevant target report located
CAND_COX1_0334,cox1,COX-1 (PTGS1),Hibiscus SABDARIFFA L.,(Z)-3-Hexenoic acid,XXHDAWYDNSXJQM,XXHDAWYDNSXJQM-ARJAWSKDSA-N,6,0.4467,0.4062,129,46.0,HIGH,NO_RELEVANT_REPORT_FOUND,False,False,False,0,True,True,False,Unsampled in Stage 7F,Computationally screened + no relevant target report located
CAND_COX1_0491,cox1,COX-1 (PTGS1),Averrhoa CARAMBOLA L.,(Z)-Hex-3-enoic acid,XXHDAWYDNSXJQM,XXHDAWYDNSXJQM-ARJAWSKDSA-N,6,0.4467,0.4062,129,22.0,HIGH,NO_RELEVANT_REPORT_FOUND,False,False,False,0,True,True,False,Unsampled in Stage 7F,Computationally screened + no relevant target report located
CAND_COX1_0504,cox1,COX-1 (PTGS1),Azadirachta INDICA A. Juss.,3-Hexenoic acid,XXHDAWYDNSXJQM,XXHDAWYDNSXJQM-ONEGZZNKSA-N,6,0.4467,0.4062,129,27.0,HIGH,NO_RELEVANT_REPORT_FOUND,False,False,False,0,True,True,False,Unsampled in Stage 7F,Computationally screened + no relevant target report located
CAND_COX1_0533,cox1,COX-1 (PTGS1),Camellia sinensis (L.) O. Kuntze.,3-Hexenoic acid,XXHDAWYDNSXJQM,XXHDAWYDNSXJQM-ONEGZZNKSA-N,6,0.4467,0.4062,129,93.0,HIGH,NO_RELEVANT_REPORT_FOUND,False,False,False,0,True,True,False,Unsampled in Stage 7F,Computationally screened + no relevant target report located
CAND_COX1_0019,cox1,COX-1 (PTGS1),Moringa oleifera Lam.,"Phenol, 4?(methoxymethyl)?",AHXXIALEMINDAW,AHXXIALEMINDAW-UHFFFAOYSA-N,6,0.4433,0.4286,131,65.0,HIGH,NO_RELEVANT_REPORT_FOUND,False,False,False,0,False,False,False,Unsampled in Stage 7F,Computationally screened + no relevant target report located
CAND_COX1_0225,cox1,COX-1 (PTGS1),Moringa OLEIFERA Lamk.,"Phenol, 4?(methoxymethyl)?",AHXXIALEMINDAW,AHXXIALEMINDAW-UHFFFAOYSA-N,6,0.4433,0.4286,131,66.0,HIGH,NO_RELEVANT_REPORT_FOUND,False,False,False,0,False,False,False,Unsampled in Stage 7F,Computationally screened + no relevant target report located
CAND_COX1_0604,cox1,COX-1 (PTGS1),Cinnamomum TAMALA Nees,"3,4,5-Trimethoxyphenol",VTCDZPUMZAZMSB,VTCDZPUMZAZMSB-UHFFFAOYSA-N,6,0.4433,0.4194,132,19.0,HIGH,NO_RELEVANT_REPORT_FOUND,False,False,False,0,False,False,False,Unsampled in Stage 7F,Computationally screened + no relevant target report located
CAND_COX1_0002,cox1,COX-1 (PTGS1),Piper betle L.,Isoeugenol,BJIOGJUNALELMI,BJIOGJUNALELMI-ONEGZZNKSA-N,6,0.4417,0.5294,133,5.0,HIGH,NO_RELEVANT_REPORT_FOUND,False,False,False,0,True,False,True,Unsampled in Stage 7F,Computationally screened + no relevant target report located
CAND_COX1_0085,cox1,COX-1 (PTGS1),Abutilon INDICUM (L.) Sweet,Trans-isoeugenol,BJIOGJUNALELMI,BJIOGJUNALELMI-ONEGZZNKSA-N,6,0.4417,0.5294,133,59.0,HIGH,NO_RELEVANT_REPORT_FOUND,False,False,False,0,False,False,False,Unsampled in Stage 7F,Computationally screened + no relevant target report located
CAND_COX1_0100,cox1,COX-1 (PTGS1),Ageratum CONYZOIDES L.,"Phenol, 2-methoxy-4-(1-propenyl)-, (E)",BJIOGJUNALELMI,BJIOGJUNALELMI-ONEGZZNKSA-N,6,0.4417,0.5294,133,63.0,HIGH,NO_RELEVANT_REPORT_FOUND,False,False,False,0,False,False,False,Unsampled in Stage 7F,Computationally screened + no relevant target report located
CAND_COX1_0117,cox1,COX-1 (PTGS1),Terminalia ARJUNA (Roxb. ex DC.) Wight & Arn.,(E)-Isoeugenol,BJIOGJUNALELMI,BJIOGJUNALELMI-ONEGZZNKSA-N,6,0.4417,0.5294,133,40.0,HIGH,NO_RELEVANT_REPORT_FOUND,False,False,False,0,True,False,True,Unsampled in Stage 7F,Computationally screened + no relevant target report located
CAND_COX1_0118,cox1,COX-1 (PTGS1),Terminalia ARJUNA (Roxb. ex DC.) Wight & Arn.,(Z)-Isoeugenol,BJIOGJUNALELMI,BJIOGJUNALELMI-ARJAWSKDSA-N,6,0.4417,0.5294,133,40.0,HIGH,NO_RELEVANT_REPORT_FOUND,False,False,False,0,True,False,True,Unsampled in Stage 7F,Computationally screened + no relevant target report located
CAND_COX1_0146,cox1,COX-1 (PTGS1),Tamarindus INDICA L.,Isoeugenol,BJIOGJUNALELMI,BJIOGJUNALELMI-ONEGZZNKSA-N,6,0.4417,0.5294,133,18.0,HIGH,NO_RELEVANT_REPORT_FOUND,False,False,False,0,False,False,False,Unsampled in Stage 7F,Computationally screened + no relevant target report located
CAND_COX1_0333,cox1,COX-1 (PTGS1),Hibiscus SABDARIFFA L.,(E)-Isoeugenol,BJIOGJUNALELMI,BJIOGJUNALELMI-ONEGZZNKSA-N,6,0.4417,0.5294,133,46.0,HIGH,NO_RELEVANT_REPORT_FOUND,False,False,False,0,False,False,False,Unsampled in Stage 7F,Computationally screened + no relevant target report located
CAND_COX1_0416,cox1,COX-1 (PTGS1),Cymbopogon CITRATUS (DC.) Stapf.,Isoeugenol,BJIOGJUNALELMI,BJIOGJUNALELMI-ONEGZZNKSA-N,6,0.4417,0.5294,133,28.0,HIGH,NO_RELEVANT_REPORT_FOUND,False,False,False,0,False,False,False,Unsampled in Stage 7F,Computationally screened + no relevant target report located
CAND_COX1_0245,cox1,COX-1 (PTGS1),Michelia CHAMPACA L.,Methyldopa,CJCSPKMFHVPWAR,CJCSPKMFHVPWAR-JTQLQIEISA-N,6,0.4417,0.425,134,58.0,HIGH,NO_RELEVANT_REPORT_FOUND,False,False,False,0,False,False,False,Unsampled in Stage 7F,Computationally screened + no relevant target report located
CAND_COX1_0159,cox1,COX-1 (PTGS1),Psidium GUAJAVA L.,2-Phenoxyethanol,QCDWFXQBSFUVSP,QCDWFXQBSFUVSP-UHFFFAOYSA-N,6,0.4417,0.4138,135,30.0,HIGH,NO_RELEVANT_REPORT_FOUND,False,False,False,0,True,False,True,Unsampled in Stage 7F,Computationally screened + no relevant target report located
CAND_COX1_0338,cox1,COX-1 (PTGS1),Hibiscus SABDARIFFA L.,2-Phenoxy ethanol,QCDWFXQBSFUVSP,QCDWFXQBSFUVSP-UHFFFAOYSA-N,6,0.4417,0.4138,135,46.0,HIGH,NO_RELEVANT_REPORT_FOUND,False,False,False,0,False,False,False,Unsampled in Stage 7F,Computationally screened + no relevant target report located
CAND_COX1_0128,cox1,COX-1 (PTGS1),Terminalia ARJUNA (Roxb. ex DC.) Wight & Arn.,Methyl 4-Hydroxybenzoate,LXCFILQKKLGQFO,LXCFILQKKLGQFO-UHFFFAOYSA-N,6,0.4417,0.4103,136,40.0,HIGH,NO_RELEVANT_REPORT_FOUND,False,False,False,0,True,False,True,Unsampled in Stage 7F,Computationally screened + no relevant target report located
CAND_COX1_0231,cox1,COX-1 (PTGS1),Mimusops ELENGI L.,Methyl 4-hydroxybenzoate,LXCFILQKKLGQFO,LXCFILQKKLGQFO-UHFFFAOYSA-N,6,0.4417,0.4103,136,87.0,HIGH,NO_RELEVANT_REPORT_FOUND,False,False,False,0,False,False,False,Unsampled in Stage 7F,Computationally screened + no relevant target report located
CAND_COX1_0233,cox1,COX-1 (PTGS1),Mimusops ELENGI L.,methyl paraben,LXCFILQKKLGQFO,LXCFILQKKLGQFO-UHFFFAOYSA-N,6,0.4417,0.4103,136,87.0,HIGH,NO_RELEVANT_REPORT_FOUND,False,False,False,0,False,False,False,Unsampled in Stage 7F,Computationally screened + no relevant target report located
CAND_COX1_0468,cox1,COX-1 (PTGS1),Citrus maxima (Burm.) Merr.,methyl 4-hydroxybenzoate,LXCFILQKKLGQFO,LXCFILQKKLGQFO-UHFFFAOYSA-N,6,0.4417,0.4103,136,68.0,HIGH,NO_RELEVANT_REPORT_FOUND,False,False,False,0,False,False,False,Unsampled in Stage 7F,Computationally screened + no relevant target report located
CAND_COX1_0012,cox1,COX-1 (PTGS1),Mesua ferrea L.,Homovanillic acid,QRMZSPFSDQBLIX,QRMZSPFSDQBLIX-UHFFFAOYSA-N,6,0.44,0.5556,137,104.0,HIGH,NO_RELEVANT_REPORT_FOUND,False,False,False,0,False,False,False,Unsampled in Stage 7F,Computationally screened + no relevant target report located
CAND_COX1_0543,cox1,COX-1 (PTGS1),Cannabis SATIVA L.,homovanillic acid,QRMZSPFSDQBLIX,QRMZSPFSDQBLIX-UHFFFAOYSA-N,6,0.44,0.5556,137,96.0,HIGH,NO_RELEVANT_REPORT_FOUND,False,False,False,0,False,False,False,Unsampled in Stage 7F,Computationally screened + no relevant target report located
CAND_COX1_0015,cox1,COX-1 (PTGS1),Moringa oleifera Lam.,"2,6-Bis(1,1-Dimethylethyl)-4-Methylphenol",NLZUEZXRPGMBCV,NLZUEZXRPGMBCV-UHFFFAOYSA-N,6,0.4383,0.4375,138,65.0,HIGH,NO_RELEVANT_REPORT_FOUND,False,False,False,0,True,True,False,Unsampled in Stage 7F,Computationally screened + no relevant target report located
CAND_COX1_0198,cox1,COX-1 (PTGS1),Paederia FOETIDA L.,"2,6-Di-t-butyl-4-methylphenol",NLZUEZXRPGMBCV,NLZUEZXRPGMBCV-UHFFFAOYSA-N,6,0.4383,0.4375,138,21.0,HIGH,NO_RELEVANT_REPORT_FOUND,False,False,False,0,True,True,False,Unsampled in Stage 7F,Computationally screened + no relevant target report located
CAND_COX1_0221,cox1,COX-1 (PTGS1),Moringa OLEIFERA Lamk.,"2,6-Bis(1,1-Dimethylethyl)-4-Methylphenol",NLZUEZXRPGMBCV,NLZUEZXRPGMBCV-UHFFFAOYSA-N,6,0.4383,0.4375,138,66.0,HIGH,NO_RELEVANT_REPORT_FOUND,False,False,False,0,True,True,False,Unsampled in Stage 7F,Computationally screened + no relevant target report located
CAND_COX1_0340,cox1,COX-1 (PTGS1),Hibiscus SABDARIFFA L.,"4-Methyl-2,6-di-tert-butylphenol",NLZUEZXRPGMBCV,NLZUEZXRPGMBCV-UHFFFAOYSA-N,6,0.4383,0.4375,138,46.0,HIGH,NO_RELEVANT_REPORT_FOUND,False,False,False,0,True,True,False,Unsampled in Stage 7F,Computationally screened + no relevant target report located
CAND_COX1_0255,cox1,COX-1 (PTGS1),Manihot ESCULENTA Crantz.,syringaldehyde,KCDXJAYRVLXPFO,KCDXJAYRVLXPFO-UHFFFAOYSA-N,6,0.4367,0.4474,139,45.0,HIGH,NO_RELEVANT_REPORT_FOUND,False,False,False,0,False,False,False,Unsampled in Stage 7F,Computationally screened + no relevant target report located
CAND_COX1_0613,cox1,COX-1 (PTGS1),Cinnamomum TAMALA Nees,Syringaldehyde,KCDXJAYRVLXPFO,KCDXJAYRVLXPFO-UHFFFAOYSA-N,6,0.4367,0.4474,139,19.0,HIGH,NO_RELEVANT_REPORT_FOUND,False,False,False,0,False,False,False,Unsampled in Stage 7F,Computationally screened + no relevant target report located
CAND_COX1_0059,cox1,COX-1 (PTGS1),Carum carvi L.,4-Methoxybenzaldehyde,ZRSNZINYAWTAHE,ZRSNZINYAWTAHE-UHFFFAOYSA-N,6,0.435,0.4828,140,2.0,HIGH,NO_RELEVANT_REPORT_FOUND,False,False,False,0,False,False,False,Unsampled in Stage 7F,Computationally screened + no relevant target report located
CAND_COX1_0061,cox1,COX-1 (PTGS1),Carum carvi L.,P-Methoxy benzaldehyde,ZRSNZINYAWTAHE,ZRSNZINYAWTAHE-UHFFFAOYSA-N,6,0.435,0.4828,140,2.0,HIGH,NO_RELEVANT_REPORT_FOUND,False,False,False,0,False,False,False,Unsampled in Stage 7F,Computationally screened + no relevant target report located
CAND_COX1_0161,cox1,COX-1 (PTGS1),Psidium GUAJAVA L.,4-Methoxybenzaldehyde,ZRSNZINYAWTAHE,ZRSNZINYAWTAHE-UHFFFAOYSA-N,6,0.435,0.4828,140,30.0,HIGH,NO_RELEVANT_REPORT_FOUND,False,False,False,0,True,False,True,Unsampled in Stage 7F,Computationally screened + no relevant target report located
CAND_COX1_0280,cox1,COX-1 (PTGS1),Mangifera INDICA L.,p-anisaldehyde,ZRSNZINYAWTAHE,ZRSNZINYAWTAHE-UHFFFAOYSA-N,6,0.435,0.4828,140,7.0,HIGH,NO_RELEVANT_REPORT_FOUND,False,False,False,0,False,False,False,Unsampled in Stage 7F,Computationally screened + no relevant target report located
CAND_COX1_0297,cox1,COX-1 (PTGS1),Lawsonia INERMIS L.,Anisaldehyde,ZRSNZINYAWTAHE,ZRSNZINYAWTAHE-UHFFFAOYSA-N,6,0.435,0.4828,140,20.0,HIGH,NO_RELEVANT_REPORT_FOUND,False,False,False,0,False,False,False,Unsampled in Stage 7F,Computationally screened + no relevant target report located
CAND_COX1_0412,cox1,COX-1 (PTGS1),Cymbopogon CITRATUS (DC.) Stapf.,4-Methoxybenzaldehyde,ZRSNZINYAWTAHE,ZRSNZINYAWTAHE-UHFFFAOYSA-N,6,0.435,0.4828,140,28.0,HIGH,NO_RELEVANT_REPORT_FOUND,False,False,False,0,False,False,False,Unsampled in Stage 7F,Computationally screened + no relevant target report located
CAND_COX1_0420,cox1,COX-1 (PTGS1),Curcuma ZEDOARIA Rosc.,anisaldehyde,ZRSNZINYAWTAHE,ZRSNZINYAWTAHE-UHFFFAOYSA-N,6,0.435,0.4828,140,43.0,HIGH,NO_RELEVANT_REPORT_FOUND,False,False,False,0,False,False,False,Unsampled in Stage 7F,Computationally screened + no relevant target report located
CAND_COX1_0445,cox1,COX-1 (PTGS1),Coriandrum SATIVUM L.,4-Methoxybenzaldehyde,ZRSNZINYAWTAHE,ZRSNZINYAWTAHE-UHFFFAOYSA-N,6,0.435,0.4828,140,83.0,HIGH,NO_RELEVANT_REPORT_FOUND,False,False,False,0,False,False,False,Unsampled in Stage 7F,Computationally screened + no relevant target report located
CAND_COX1_0457,cox1,COX-1 (PTGS1),Clausena HEPTAPHYLLA (Roxb.) Wight.& Arn.,4-Methoxybenzaldehyde,ZRSNZINYAWTAHE,ZRSNZINYAWTAHE-UHFFFAOYSA-N,6,0.435,0.4828,140,,HIGH,NO_RELEVANT_REPORT_FOUND,False,False,False,0,False,False,False,Unsampled in Stage 7F,Computationally screened + no relevant target report located
CAND_COX1_0472,cox1,COX-1 (PTGS1),Anacardium OCCIDENTALE L.,4-Methoxybenzaldehyde,ZRSNZINYAWTAHE,ZRSNZINYAWTAHE-UHFFFAOYSA-N,6,0.435,0.4828,140,47.0,HIGH,NO_RELEVANT_REPORT_FOUND,False,False,False,0,False,False,False,Unsampled in Stage 7F,Computationally screened + no relevant target report located
CAND_COX1_0621,cox1,COX-1 (PTGS1),Syzygium CUMINI (L.) Skeel.,4-Methoxybenzaldehyde,ZRSNZINYAWTAHE,ZRSNZINYAWTAHE-UHFFFAOYSA-N,6,0.435,0.4828,140,86.0,HIGH,NO_RELEVANT_REPORT_FOUND,False,False,False,0,True,False,True,Unsampled in Stage 7F,Computationally screened + no relevant target report located
CAND_COX1_0627,cox1,COX-1 (PTGS1),Syzygium CUMINI (L.) Skeel.,p-Anisaldehyde,ZRSNZINYAWTAHE,ZRSNZINYAWTAHE-UHFFFAOYSA-N,6,0.435,0.4828,140,86.0,HIGH,NO_RELEVANT_REPORT_FOUND,False,False,False,0,False,False,False,Unsampled in Stage 7F,Computationally screened + no relevant target report located
CAND_COX1_0030,cox1,COX-1 (PTGS1),Santalum album L.,2-Methoxy-4-methylphenol,PETRWTHZSKVLRE,PETRWTHZSKVLRE-UHFFFAOYSA-N,6,0.435,0.4324,141,39.0,HIGH,NO_RELEVANT_REPORT_FOUND,False,False,False,0,True,False,True,Unsampled in Stage 7F,Computationally screened + no relevant target report located
CAND_COX1_0042,cox1,COX-1 (PTGS1),Citrus reticulata Blanco,4-Methylguaiacol,PETRWTHZSKVLRE,PETRWTHZSKVLRE-UHFFFAOYSA-N,6,0.435,0.4324,141,67.0,HIGH,NO_RELEVANT_REPORT_FOUND,False,False,False,0,False,False,False,Unsampled in Stage 7F,Computationally screened + no relevant target report located
CAND_COX1_0124,cox1,COX-1 (PTGS1),Terminalia ARJUNA (Roxb. ex DC.) Wight & Arn.,Creosol,PETRWTHZSKVLRE,PETRWTHZSKVLRE-UHFFFAOYSA-N,6,0.435,0.4324,141,40.0,HIGH,NO_RELEVANT_REPORT_FOUND,False,False,False,0,True,False,True,Unsampled in Stage 7F,Computationally screened + no relevant target report located
CAND_COX1_0358,cox1,COX-1 (PTGS1),Hibiscus SABDARIFFA L.,p-Creosol,PETRWTHZSKVLRE,PETRWTHZSKVLRE-UHFFFAOYSA-N,6,0.435,0.4324,141,46.0,HIGH,NO_RELEVANT_REPORT_FOUND,False,False,False,0,False,False,False,Unsampled in Stage 7F,Computationally screened + no relevant target report located
CAND_COX1_0531,cox1,COX-1 (PTGS1),Camellia sinensis (L.) O. Kuntze.,2-Methoxy-4-methylphenol,PETRWTHZSKVLRE,PETRWTHZSKVLRE-UHFFFAOYSA-N,6,0.435,0.4324,141,93.0,HIGH,NO_RELEVANT_REPORT_FOUND,False,False,False,0,False,False,False,Unsampled in Stage 7F,Computationally screened + no relevant target report located
CAND_COX1_0389,cox1,COX-1 (PTGS1),Drynaria QUERCIFOLIA (L.) J. Sm.,"Benzenepropanoic acid, 4-hydroxy-, methyl ester",XRAMJHXWXCMGJM,XRAMJHXWXCMGJM-UHFFFAOYSA-N,6,0.435,0.4242,142,90.0,HIGH,NO_RELEVANT_REPORT_FOUND,False,False,False,0,False,False,False,Unsampled in Stage 7F,Computationally screened + no relevant target report located
CAND_COX1_0385,cox1,COX-1 (PTGS1),Flacourtia JANGOMAS (Lour.) Raeus.,3-Indolecarboxylic acid,KMAKOBLIOCQGJP,KMAKOBLIOCQGJP-UHFFFAOYSA-N,6,0.435,0.413,143,70.0,HIGH,NO_RELEVANT_REPORT_FOUND,False,False,False,0,False,False,False,Unsampled in Stage 7F,Computationally screened + no relevant target report located
CAND_COX1_0552,cox1,COX-1 (PTGS1),Hibiscus schizopetalus (Mast.) Hook. f.,"5,7,4'-Trimethoxyisoflavone",PVVORTURQPBPEQ,PVVORTURQPBPEQ-UHFFFAOYSA-N,6,0.4333,0.4231,144,117.0,HIGH,NO_RELEVANT_REPORT_FOUND,False,False,False,0,False,False,False,Unsampled in Stage 7F,Computationally screened + no relevant target report located
CAND_COX1_0005,cox1,COX-1 (PTGS1),Piper cubeba Vahl,Thymol,MGSRCZKZVOBKFT,MGSRCZKZVOBKFT-UHFFFAOYSA-N,6,0.4333,0.4074,145,25.0,HIGH,NO_RELEVANT_REPORT_FOUND,False,False,False,0,True,False,True,Unsampled in Stage 7F,Computationally screened + no relevant target report located
CAND_COX1_0041,cox1,COX-1 (PTGS1),Citrus limon (L.) Osbeck,Thymol,MGSRCZKZVOBKFT,MGSRCZKZVOBKFT-UHFFFAOYSA-N,6,0.4333,0.4074,145,13.0,HIGH,NO_RELEVANT_REPORT_FOUND,False,False,False,0,False,False,False,Unsampled in Stage 7F,Computationally screened + no relevant target report located
CAND_COX1_0055,cox1,COX-1 (PTGS1),Citrus reticulata Blanco,Thymol,MGSRCZKZVOBKFT,MGSRCZKZVOBKFT-UHFFFAOYSA-N,6,0.4333,0.4074,145,67.0,HIGH,NO_RELEVANT_REPORT_FOUND,False,False,False,0,False,False,False,Unsampled in Stage 7F,Computationally screened + no relevant target report located
CAND_COX1_0062,cox1,COX-1 (PTGS1),Carum carvi L.,Thymol,MGSRCZKZVOBKFT,MGSRCZKZVOBKFT-UHFFFAOYSA-N,6,0.4333,0.4074,145,2.0,HIGH,NO_RELEVANT_REPORT_FOUND,False,False,False,0,False,False,False,Unsampled in Stage 7F,Computationally screened + no relevant target report located
CAND_COX1_0068,cox1,COX-1 (PTGS1),Holarrhena pubescens Wall.ex G.Don,thymol,MGSRCZKZVOBKFT,MGSRCZKZVOBKFT-UHFFFAOYSA-N,6,0.4333,0.4074,145,69.0,HIGH,NO_RELEVANT_REPORT_FOUND,False,False,False,0,False,False,False,Unsampled in Stage 7F,Computationally screened + no relevant target report located
CAND_COX1_0074,cox1,COX-1 (PTGS1),Abelmoschus MOSCHATUS Medik.,Thymol,MGSRCZKZVOBKFT,MGSRCZKZVOBKFT-UHFFFAOYSA-N,6,0.4333,0.4074,145,16.0,HIGH,NO_RELEVANT_REPORT_FOUND,False,False,False,0,False,False,False,Unsampled in Stage 7F,Computationally screened + no relevant target report located
CAND_COX1_0078,cox1,COX-1 (PTGS1),Abrus PRECATORIUS L.,Thymol,MGSRCZKZVOBKFT,MGSRCZKZVOBKFT-UHFFFAOYSA-N,6,0.4333,0.4074,145,17.0,HIGH,NO_RELEVANT_REPORT_FOUND,False,False,False,0,False,False,False,Unsampled in Stage 7F,Computationally screened + no relevant target report located
CAND_COX1_0101,cox1,COX-1 (PTGS1),Ageratum CONYZOIDES L.,Thymol,MGSRCZKZVOBKFT,MGSRCZKZVOBKFT-UHFFFAOYSA-N,6,0.4333,0.4074,145,63.0,HIGH,NO_RELEVANT_REPORT_FOUND,False,False,False,0,False,False,False,Unsampled in Stage 7F,Computationally screened + no relevant target report located
CAND_COX1_0105,cox1,COX-1 (PTGS1),Allium SATIVUM L.,Thymol,MGSRCZKZVOBKFT,MGSRCZKZVOBKFT-UHFFFAOYSA-N,6,0.4333,0.4074,145,57.0,HIGH,NO_RELEVANT_REPORT_FOUND,False,False,False,0,False,False,False,Unsampled in Stage 7F,Computationally screened + no relevant target report located
CAND_COX1_0131,cox1,COX-1 (PTGS1),Terminalia ARJUNA (Roxb. ex DC.) Wight & Arn.,Thymol,MGSRCZKZVOBKFT,MGSRCZKZVOBKFT-UHFFFAOYSA-N,6,0.4333,0.4074,145,40.0,HIGH,NO_RELEVANT_REPORT_FOUND,False,False,False,0,True,False,True,Unsampled in Stage 7F,Computationally screened + no relevant target report located
CAND_COX1_0157,cox1,COX-1 (PTGS1),Punica GRANATUM L.,Thymol,MGSRCZKZVOBKFT,MGSRCZKZVOBKFT-UHFFFAOYSA-N,6,0.4333,0.4074,145,95.0,HIGH,NO_RELEVANT_REPORT_FOUND,False,False,False,0,True,False,True,Unsampled in Stage 7F,Computationally screened + no relevant target report located
CAND_COX1_0172,cox1,COX-1 (PTGS1),Psidium GUAJAVA L.,Thymol,MGSRCZKZVOBKFT,MGSRCZKZVOBKFT-UHFFFAOYSA-N,6,0.4333,0.4074,145,30.0,HIGH,NO_RELEVANT_REPORT_FOUND,False,False,False,0,True,False,True,Unsampled in Stage 7F,Computationally screened + no relevant target report located
CAND_COX1_0189,cox1,COX-1 (PTGS1),Piper NIGRUM L.,Thymol,MGSRCZKZVOBKFT,MGSRCZKZVOBKFT-UHFFFAOYSA-N,6,0.4333,0.4074,145,9.0,HIGH,NO_RELEVANT_REPORT_FOUND,False,False,False,0,True,False,True,Unsampled in Stage 7F,Computationally screened + no relevant target report located
CAND_COX1_0207,cox1,COX-1 (PTGS1),Ocimum tenuiflorum L.,Thymol,MGSRCZKZVOBKFT,MGSRCZKZVOBKFT-UHFFFAOYSA-N,6,0.4333,0.4074,145,14.0,HIGH,NO_RELEVANT_REPORT_FOUND,False,False,False,0,False,False,False,Unsampled in Stage 7F,Computationally screened + no relevant target report located
CAND_COX1_0212,cox1,COX-1 (PTGS1),Nigella SATIVA L,Thymol,MGSRCZKZVOBKFT,MGSRCZKZVOBKFT-UHFFFAOYSA-N,6,0.4333,0.4074,145,85.0,HIGH,NO_RELEVANT_REPORT_FOUND,False,False,False,0,False,False,False,Unsampled in Stage 7F,Computationally screened + no relevant target report located
CAND_COX1_0234,cox1,COX-1 (PTGS1),Mikania CORDATA (Burm. f.) Rob,Thymol,MGSRCZKZVOBKFT,MGSRCZKZVOBKFT-UHFFFAOYSA-N,6,0.4333,0.4074,145,99.0,HIGH,NO_RELEVANT_REPORT_FOUND,False,False,False,0,False,False,False,Unsampled in Stage 7F,Computationally screened + no relevant target report located
CAND_COX1_0266,cox1,COX-1 (PTGS1),Mangifera INDICA L.,Thymol,MGSRCZKZVOBKFT,MGSRCZKZVOBKFT-UHFFFAOYSA-N,6,0.4333,0.4074,145,7.0,HIGH,NO_RELEVANT_REPORT_FOUND,False,False,False,0,False,False,False,Unsampled in Stage 7F,Computationally screened + no relevant target report located
CAND_COX1_0281,cox1,COX-1 (PTGS1),Mangifera INDICA L.,thymol,MGSRCZKZVOBKFT,MGSRCZKZVOBKFT-UHFFFAOYSA-N,6,0.4333,0.4074,145,7.0,HIGH,NO_RELEVANT_REPORT_FOUND,False,False,False,0,False,False,False,Unsampled in Stage 7F,Computationally screened + no relevant target report located
CAND_COX1_0355,cox1,COX-1 (PTGS1),Hibiscus SABDARIFFA L.,Thymol,MGSRCZKZVOBKFT,MGSRCZKZVOBKFT-UHFFFAOYSA-N,6,0.4333,0.4074,145,46.0,HIGH,NO_RELEVANT_REPORT_FOUND,False,False,False,0,False,False,False,Unsampled in Stage 7F,Computationally screened + no relevant target report located
CAND_COX1_0400,cox1,COX-1 (PTGS1),Desmodium GANGETICUM (L.) DC.,thymol,MGSRCZKZVOBKFT,MGSRCZKZVOBKFT-UHFFFAOYSA-N,6,0.4333,0.4074,145,31.0,HIGH,NO_RELEVANT_REPORT_FOUND,False,False,False,0,False,False,False,Unsampled in Stage 7F,Computationally screened + no relevant target report located
CAND_COX1_0409,cox1,COX-1 (PTGS1),Cyperus ROTUNDUS L.,Thymol,MGSRCZKZVOBKFT,MGSRCZKZVOBKFT-UHFFFAOYSA-N,6,0.4333,0.4074,145,78.0,HIGH,NO_RELEVANT_REPORT_FOUND,False,False,False,0,False,False,False,Unsampled in Stage 7F,Computationally screened + no relevant target report located
CAND_COX1_0418,cox1,COX-1 (PTGS1),Cymbopogon CITRATUS (DC.) Stapf.,Thymol,MGSRCZKZVOBKFT,MGSRCZKZVOBKFT-UHFFFAOYSA-N,6,0.4333,0.4074,145,28.0,HIGH,NO_RELEVANT_REPORT_FOUND,False,False,False,0,False,False,False,Unsampled in Stage 7F,Computationally screened + no relevant target report located
CAND_COX1_0427,cox1,COX-1 (PTGS1),Curcuma LONGA L.,Thymol,MGSRCZKZVOBKFT,MGSRCZKZVOBKFT-UHFFFAOYSA-N,6,0.4333,0.4074,145,80.0,HIGH,NO_RELEVANT_REPORT_FOUND,False,False,False,0,False,False,False,Unsampled in Stage 7F,Computationally screened + no relevant target report located
CAND_COX1_0441,cox1,COX-1 (PTGS1),Cuminum CYMINUM L.,Thymol,MGSRCZKZVOBKFT,MGSRCZKZVOBKFT-UHFFFAOYSA-N,6,0.4333,0.4074,145,34.0,HIGH,NO_RELEVANT_REPORT_FOUND,False,False,False,0,False,False,False,Unsampled in Stage 7F,Computationally screened + no relevant target report located
CAND_COX1_0447,cox1,COX-1 (PTGS1),Coriandrum SATIVUM L.,Thymol,MGSRCZKZVOBKFT,MGSRCZKZVOBKFT-UHFFFAOYSA-N,6,0.4333,0.4074,145,83.0,HIGH,NO_RELEVANT_REPORT_FOUND,False,False,False,0,False,False,False,Unsampled in Stage 7F,Computationally screened + no relevant target report located
CAND_COX1_0476,cox1,COX-1 (PTGS1),Anacardium OCCIDENTALE L.,Thymol,MGSRCZKZVOBKFT,MGSRCZKZVOBKFT-UHFFFAOYSA-N,6,0.4333,0.4074,145,47.0,HIGH,NO_RELEVANT_REPORT_FOUND,False,False,False,0,False,False,False,Unsampled in Stage 7F,Computationally screened + no relevant target report located
CAND_COX1_0483,cox1,COX-1 (PTGS1),Annona RETICULATA L.,Thymol,MGSRCZKZVOBKFT,MGSRCZKZVOBKFT-UHFFFAOYSA-N,6,0.4333,0.4074,145,10.0,HIGH,NO_RELEVANT_REPORT_FOUND,False,False,False,0,False,False,False,Unsampled in Stage 7F,Computationally screened + no relevant target report located
CAND_COX1_0485,cox1,COX-1 (PTGS1),Annona RETICULATA L.,thymol,MGSRCZKZVOBKFT,MGSRCZKZVOBKFT-UHFFFAOYSA-N,6,0.4333,0.4074,145,10.0,HIGH,NO_RELEVANT_REPORT_FOUND,False,False,False,0,False,False,False,Unsampled in Stage 7F,Computationally screened + no relevant target report located
CAND_COX1_0515,cox1,COX-1 (PTGS1),Azadirachta INDICA A. Juss.,Thymol,MGSRCZKZVOBKFT,MGSRCZKZVOBKFT-UHFFFAOYSA-N,6,0.4333,0.4074,145,27.0,HIGH,NO_RELEVANT_REPORT_FOUND,False,False,False,0,False,False,False,Unsampled in Stage 7F,Computationally screened + no relevant target report located
CAND_COX1_0614,cox1,COX-1 (PTGS1),Cinnamomum TAMALA Nees,Thymol,MGSRCZKZVOBKFT,MGSRCZKZVOBKFT-UHFFFAOYSA-N,6,0.4333,0.4074,145,19.0,HIGH,NO_RELEVANT_REPORT_FOUND,False,False,False,0,False,False,False,Unsampled in Stage 7F,Computationally screened + no relevant target report located
CAND_COX1_0001,cox1,COX-1 (PTGS1),Piper betle L.,Chavibetol,LHJZSWVADJCBNI,NPBVQXIMTZKSBA-UHFFFAOYSA-N,6,0.43,0.5294,146,5.0,HIGH,NO_RELEVANT_REPORT_FOUND,False,False,False,0,True,False,True,Unsampled in Stage 7F,Computationally screened + no relevant target report located
CAND_COX1_0165,cox1,COX-1 (PTGS1),Psidium GUAJAVA L.,Chavibetol,LHJZSWVADJCBNI,NPBVQXIMTZKSBA-UHFFFAOYSA-N,6,0.43,0.5294,146,30.0,HIGH,NO_RELEVANT_REPORT_FOUND,False,False,False,0,True,False,True,Unsampled in Stage 7F,Computationally screened + no relevant target report located
CAND_COX1_0305,cox1,COX-1 (PTGS1),Jasminum SAMBAC (L.) Ait.,3-Allyl-6-methoxyphenol,LHJZSWVADJCBNI,NPBVQXIMTZKSBA-UHFFFAOYSA-N,6,0.43,0.5294,146,8.0,HIGH,NO_RELEVANT_REPORT_FOUND,False,False,False,0,False,False,False,Unsampled in Stage 7F,Computationally screened + no relevant target report located
CAND_COX1_0506,cox1,COX-1 (PTGS1),Azadirachta INDICA A. Juss.,Apocynin,DFYRUELUNQRZTB,DFYRUELUNQRZTB-UHFFFAOYSA-N,6,0.4267,0.4103,147,27.0,HIGH,NO_RELEVANT_REPORT_FOUND,False,False,False,0,False,False,False,Unsampled in Stage 7F,Computationally screened + no relevant target report located
CAND_COX1_0047,cox1,COX-1 (PTGS1),Citrus reticulata Blanco,Coniferin,SFLMUHDGSQZDOW,SFLMUHDGSQZDOW-FAOXUISGSA-N,6,0.4267,0.4028,148,67.0,HIGH,CONTRADICTED,False,False,True,1,True,True,False,Unsampled in Stage 7F,Computationally screened + contradictory experimental evidence
CAND_COX1_0123,cox1,COX-1 (PTGS1),Terminalia ARJUNA (Roxb. ex DC.) Wight & Arn.,Afrormosin,KJGPBYUQZLUKLL,KJGPBYUQZLUKLL-UHFFFAOYSA-N,6,0.4233,0.4528,150,40.0,HIGH,NO_RELEVANT_REPORT_FOUND,False,False,False,0,True,False,True,Unsampled in Stage 7F,Computationally screened + no relevant target report located
CAND_COX1_0230,cox1,COX-1 (PTGS1),Mimusops ELENGI L.,4-Hydroxybenzenemethanol,BVJSUAQZOZWCKN,BVJSUAQZOZWCKN-UHFFFAOYSA-N,6,0.42,0.4231,152,87.0,HIGH,NO_RELEVANT_REPORT_FOUND,False,False,False,0,False,False,False,Unsampled in Stage 7F,Computationally screened + no relevant target report located
CAND_COX1_0559,cox1,COX-1 (PTGS1),Carica PAPAYA L.,4-hydroxybenzenemethanol,BVJSUAQZOZWCKN,BVJSUAQZOZWCKN-UHFFFAOYSA-N,6,0.42,0.4231,152,29.0,HIGH,NO_RELEVANT_REPORT_FOUND,False,False,False,0,False,False,False,Unsampled in Stage 7F,Computationally screened + no relevant target report located
CAND_COX1_0171,cox1,COX-1 (PTGS1),Psidium GUAJAVA L.,Pedunculagin,IYMHVUYNBVWXKH,IYMHVUYNBVWXKH-ZITZVVOASA-N,6,0.4167,0.4268,153,30.0,HIGH,NO_RELEVANT_REPORT_FOUND,False,False,False,0,True,False,True,Unsampled in Stage 7F,Computationally screened + no relevant target report located
CAND_COX1_0394,cox1,COX-1 (PTGS1),Desmodium GANGETICUM (L.) DC.,Candicine,PTOJXIKSKSASRB,PTOJXIKSKSASRB-UHFFFAOYSA-O,6,0.415,0.4828,154,31.0,HIGH,NO_RELEVANT_REPORT_FOUND,False,False,False,0,False,False,False,Unsampled in Stage 7F,Computationally screened + no relevant target report located
CAND_COX1_0619,cox1,COX-1 (PTGS1),Tabernaemontana DIVARICATA (L.) R.Br. ex Roem. & Schult.,Sinapyl alcohol,LZFOPEXOUVTGJS,LZFOPEXOUVTGJS-ONEGZZNKSA-N,6,0.4117,0.475,155,32.0,HIGH,NO_RELEVANT_REPORT_FOUND,False,False,False,0,True,False,True,Unsampled in Stage 7F,Computationally screened + no relevant target report located
CAND_COX1_0501,cox1,COX-1 (PTGS1),Azadirachta INDICA A. Juss.,"2-(3,4-dihydroxyphenyl)acetamide",PFDFJMIGPOJBQV,PFDFJMIGPOJBQV-UHFFFAOYSA-N,6,0.4117,0.4571,156,27.0,HIGH,NO_RELEVANT_REPORT_FOUND,False,False,False,0,False,False,False,Unsampled in Stage 7F,Computationally screened + no relevant target report located
CAND_COX1_0102,cox1,COX-1 (PTGS1),Allium SATIVUM L.,Gentisic acid,WXTMDXOMEHJXQO,WXTMDXOMEHJXQO-UHFFFAOYSA-N,6,0.4117,0.4444,157,57.0,HIGH,NO_RELEVANT_REPORT_FOUND,False,False,False,0,False,False,False,Unsampled in Stage 7F,Computationally screened + no relevant target report located
CAND_COX1_0152,cox1,COX-1 (PTGS1),Ricinus COMMUNIS L.,"2,5-Dihydroxybenzoic acid",WXTMDXOMEHJXQO,WXTMDXOMEHJXQO-UHFFFAOYSA-N,6,0.4117,0.4444,157,88.0,HIGH,NO_RELEVANT_REPORT_FOUND,False,False,False,0,True,False,True,Unsampled in Stage 7F,Computationally screened + no relevant target report located
CAND_COX1_0252,cox1,COX-1 (PTGS1),Manihot ESCULENTA Crantz.,gentisic acid,WXTMDXOMEHJXQO,WXTMDXOMEHJXQO-UHFFFAOYSA-N,6,0.4117,0.4444,157,45.0,HIGH,NO_RELEVANT_REPORT_FOUND,False,False,False,0,False,False,False,Unsampled in Stage 7F,Computationally screened + no relevant target report located
CAND_COX1_0346,cox1,COX-1 (PTGS1),Hibiscus SABDARIFFA L.,Gentisic acid,WXTMDXOMEHJXQO,WXTMDXOMEHJXQO-UHFFFAOYSA-N,6,0.4117,0.4444,157,46.0,HIGH,NO_RELEVANT_REPORT_FOUND,False,False,False,0,False,False,False,Unsampled in Stage 7F,Computationally screened + no relevant target report located
CAND_COX1_0362,cox1,COX-1 (PTGS1),Hibiscus ROSA-SINENSIS L.,Gentisic acid,WXTMDXOMEHJXQO,WXTMDXOMEHJXQO-UHFFFAOYSA-N,6,0.4117,0.4444,157,33.0,HIGH,NO_RELEVANT_REPORT_FOUND,False,False,False,0,False,False,False,Unsampled in Stage 7F,Computationally screened + no relevant target report located
CAND_COX1_0610,cox1,COX-1 (PTGS1),Cinnamomum TAMALA Nees,Gentisic acid,WXTMDXOMEHJXQO,WXTMDXOMEHJXQO-UHFFFAOYSA-N,6,0.4117,0.4444,157,19.0,HIGH,NO_RELEVANT_REPORT_FOUND,False,False,False,0,False,False,False,Unsampled in Stage 7F,Computationally screened + no relevant target report located
CAND_COX1_0616,cox1,COX-1 (PTGS1),Tabernaemontana DIVARICATA (L.) R.Br. ex Roem. & Schult.,"2,5-Dihydroxybenzoic acid",WXTMDXOMEHJXQO,WXTMDXOMEHJXQO-UHFFFAOYSA-N,6,0.4117,0.4444,157,32.0,HIGH,NO_RELEVANT_REPORT_FOUND,False,False,False,0,True,False,True,Unsampled in Stage 7F,Computationally screened + no relevant target report located
CAND_COX1_0593,cox1,COX-1 (PTGS1),Catharanthus roseus (L.) G.Don,"3,5-bis(1,1-Dimethylethyl)-4-hydroxybenzonitrile",AKXIIOLURNATOC,AKXIIOLURNATOC-UHFFFAOYSA-N,6,0.41,0.4359,158,35.0,HIGH,NO_RELEVANT_REPORT_FOUND,False,False,False,0,False,False,False,Unsampled in Stage 7F,Computationally screened + no relevant target report located
CAND_COX1_0082,cox1,COX-1 (PTGS1),Abutilon INDICUM (L.) Sweet,4-(3-Hydroxybutyl) phenol,SFUCGABQOMYVJW,SFUCGABQOMYVJW-UHFFFAOYSA-N,6,0.4067,0.4667,159,59.0,HIGH,NO_RELEVANT_REPORT_FOUND,False,False,False,0,False,False,False,Unsampled in Stage 7F,Computationally screened + no relevant target report located
CAND_COX1_0087,cox1,COX-1 (PTGS1),Acacia FARNESIANA (L.) Willd.,Tryptamine,APJYDQYYACXCRM,APJYDQYYACXCRM-UHFFFAOYSA-N,6,0.4067,0.4348,160,82.0,HIGH,NO_RELEVANT_REPORT_FOUND,False,False,False,0,False,False,False,Unsampled in Stage 7F,Computationally screened + no relevant target report located
CAND_COX1_0155,cox1,COX-1 (PTGS1),Rauvolfia SERPENTINA (L.) Benth. ex Kurz.,Tryptamine,APJYDQYYACXCRM,APJYDQYYACXCRM-UHFFFAOYSA-N,6,0.4067,0.4348,160,55.0,HIGH,NO_RELEVANT_REPORT_FOUND,False,False,False,0,True,False,True,Unsampled in Stage 7F,Computationally screened + no relevant target report located
CAND_COX1_0377,cox1,COX-1 (PTGS1),Hedyotis SCANDENS Roxb.,1H- Indole-3-Ethanamine,APJYDQYYACXCRM,APJYDQYYACXCRM-UHFFFAOYSA-N,6,0.4067,0.4348,160,3.0,HIGH,NO_RELEVANT_REPORT_FOUND,False,False,False,0,False,False,False,Unsampled in Stage 7F,Computationally screened + no relevant target report located
CAND_COX1_0399,cox1,COX-1 (PTGS1),Desmodium GANGETICUM (L.) DC.,Tryptamine,APJYDQYYACXCRM,APJYDQYYACXCRM-UHFFFAOYSA-N,6,0.4067,0.4348,160,31.0,HIGH,NO_RELEVANT_REPORT_FOUND,False,False,False,0,False,False,False,Unsampled in Stage 7F,Computationally screened + no relevant target report located
CAND_COX1_0550,cox1,COX-1 (PTGS1),Sida rhombifolia L.,Tryptamine,APJYDQYYACXCRM,APJYDQYYACXCRM-UHFFFAOYSA-N,6,0.4067,0.4348,160,4.0,HIGH,NO_RELEVANT_REPORT_FOUND,False,False,False,0,True,False,True,Unsampled in Stage 7F,Computationally screened + no relevant target report located
CAND_COX1_0591,cox1,COX-1 (PTGS1),Catharanthus roseus (L.) G.Don,1H-indole-3-ethanamine,APJYDQYYACXCRM,APJYDQYYACXCRM-UHFFFAOYSA-N,6,0.4067,0.4348,160,35.0,HIGH,NO_RELEVANT_REPORT_FOUND,False,False,False,0,False,False,False,Unsampled in Stage 7F,Computationally screened + no relevant target report located
CAND_COX1_0424,cox1,COX-1 (PTGS1),Curcuma LONGA L.,"1,7-Bis(4-hydroxyphenyl)-3,5- heptanediol",GZVIQGVWSNEONZ,GZVIQGVWSNEONZ-UHFFFAOYSA-N,6,0.405,0.4194,161,80.0,HIGH,NO_RELEVANT_REPORT_FOUND,False,False,False,0,False,False,False,Unsampled in Stage 7F,Computationally screened + no relevant target report located
CAND_COX1_0611,cox1,COX-1 (PTGS1),Cinnamomum TAMALA Nees,Octadecenedioic acid,SBLKVIQSIHEQOF,SBLKVIQSIHEQOF-UPHRSURJSA-N,6,0.405,0.4118,162,19.0,HIGH,NO_RELEVANT_REPORT_FOUND,False,False,False,0,False,False,False,Unsampled in Stage 7F,Computationally screened + no relevant target report located
CAND_COX1_0010,cox1,COX-1 (PTGS1),Artocarpus heterophyllus Lam.,isoartocarpesin,BEALEKDGCXYWLB,BEALEKDGCXYWLB-HWKANZROSA-N,6,0.4033,0.4062,163,102.0,HIGH,NO_RELEVANT_REPORT_FOUND,False,False,False,0,False,False,False,Unsampled in Stage 7F,Computationally screened + no relevant target report located
CAND_COX1_0489,cox1,COX-1 (PTGS1),Artocarpus HETEROPHYLLUS Lamk.,isoartocarpesin,BEALEKDGCXYWLB,BEALEKDGCXYWLB-HWKANZROSA-N,6,0.4033,0.4062,163,103.0,HIGH,NO_RELEVANT_REPORT_FOUND,False,False,False,0,False,False,False,Unsampled in Stage 7F,Computationally screened + no relevant target report located
CAND_COX1_0632,cox1,COX-1 (PTGS1),Solanum MELONGENA L.,4-Ethylcatechol,HFLGBNBLMBSXEM,HFLGBNBLMBSXEM-UHFFFAOYSA-N,6,0.4,0.4688,165,79.0,HIGH,NO_RELEVANT_REPORT_FOUND,False,False,False,0,True,False,True,Unsampled in Stage 7F,Computationally screened + no relevant target report located
CAND_COX1_0602,cox1,COX-1 (PTGS1),Chenopodium ALBUM L.,Methyl 3-(4-hydroxy-3-methoxyphenyl)propanoate,PDTCYIZPTRRYOT,PDTCYIZPTRRYOT-UHFFFAOYSA-N,6,0.3983,0.4048,166,94.0,HIGH,NO_RELEVANT_REPORT_FOUND,False,False,False,0,False,False,False,Unsampled in Stage 7F,Computationally screened + no relevant target report located
CAND_COX1_0249,cox1,COX-1 (PTGS1),Manihot ESCULENTA Crantz.,Coniferaldehyde,DKZBBWMURDFHNE,DKZBBWMURDFHNE-NSCUHMNNSA-N,6,0.3967,0.4865,167,45.0,HIGH,NO_RELEVANT_REPORT_FOUND,False,False,False,0,False,False,False,Unsampled in Stage 7F,Computationally screened + no relevant target report located
CAND_COX1_0395,cox1,COX-1 (PTGS1),Desmodium GANGETICUM (L.) DC.,"N,N-Dimethyl-5-methoxytryptamine",ZSTKHSQDNIGFLM,ZSTKHSQDNIGFLM-UHFFFAOYSA-N,6,0.3967,0.4655,168,31.0,HIGH,NO_RELEVANT_REPORT_FOUND,False,False,False,0,False,False,False,Unsampled in Stage 7F,Computationally screened + no relevant target report located
CAND_COX1_0596,cox1,COX-1 (PTGS1),Desmos chinensislour.,"2',4'-Dihydroxy-3'-(2,6-dihydroxybenzyl)-6'-methoxychalcone",INZGRPLRNMWDQV,INZGRPLRNMWDQV-UHFFFAOYSA-N,6,0.3933,0.4286,169,51.0,HIGH,NO_RELEVANT_REPORT_FOUND,False,False,False,0,False,False,False,Unsampled in Stage 7F,Computationally screened + no relevant target report located
CAND_COX1_0054,cox1,COX-1 (PTGS1),Citrus reticulata Blanco,Sinapic acid,PCMORTLOPMLEFB,PCMORTLOPMLEFB-ONEGZZNKSA-N,6,0.3917,0.5789,170,67.0,HIGH,CONTRADICTED,False,False,True,1,True,False,False,Unsampled in Stage 7F,Computationally screened + contradictory experimental evidence
CAND_COX1_0064,cox1,COX-1 (PTGS1),Strychnos potatorum L. f.,Sinapic acid,PCMORTLOPMLEFB,PCMORTLOPMLEFB-UHFFFAOYSA-N,6,0.3917,0.5789,170,105.0,HIGH,CONTRADICTED,False,False,True,1,True,False,True,Unsampled in Stage 7F,Computationally screened + contradictory experimental evidence
CAND_COX1_0104,cox1,COX-1 (PTGS1),Allium SATIVUM L.,Sinapic acid,PCMORTLOPMLEFB,PCMORTLOPMLEFB-ONEGZZNKSA-N,6,0.3917,0.5789,170,57.0,HIGH,CONTRADICTED,False,False,True,1,True,False,False,Unsampled in Stage 7F,Computationally screened + contradictory experimental evidence
CAND_COX1_0218,cox1,COX-1 (PTGS1),Murraya PANICULATA (L.) Jacq.,sinapic acid,PCMORTLOPMLEFB,PCMORTLOPMLEFB-ONEGZZNKSA-N,6,0.3917,0.5789,170,44.0,HIGH,CONTRADICTED,False,False,True,1,True,False,False,Unsampled in Stage 7F,Computationally screened + contradictory experimental evidence
CAND_COX1_0285,cox1,COX-1 (PTGS1),Luffa ACUTANGULA (L.) Roxb.,sinapic acid,PCMORTLOPMLEFB,PCMORTLOPMLEFB-ONEGZZNKSA-N,6,0.3917,0.5789,170,97.0,HIGH,CONTRADICTED,False,False,True,1,True,False,False,Unsampled in Stage 7F,Computationally screened + contradictory experimental evidence
CAND_COX1_0467,cox1,COX-1 (PTGS1),Citrus maxima (Burm.) Merr.,Sinapic acid,PCMORTLOPMLEFB,PCMORTLOPMLEFB-ONEGZZNKSA-N,6,0.3917,0.5789,170,68.0,HIGH,CONTRADICTED,False,False,True,1,True,False,False,Unsampled in Stage 7F,Computationally screened + contradictory experimental evidence
CAND_COX1_0518,cox1,COX-1 (PTGS1),Caesalpinia BONDUC (L.) Roxb.,Sinapic acid,PCMORTLOPMLEFB,PCMORTLOPMLEFB-ONEGZZNKSA-N,6,0.3917,0.5789,170,115.0,HIGH,CONTRADICTED,False,False,True,1,True,False,False,Unsampled in Stage 7F,Computationally screened + contradictory experimental evidence
CAND_COX1_0540,cox1,COX-1 (PTGS1),Camellia sinensis (L.) O. Kuntze.,Sinapic acid,PCMORTLOPMLEFB,PCMORTLOPMLEFB-ONEGZZNKSA-N,6,0.3917,0.5789,170,93.0,HIGH,CONTRADICTED,False,False,True,1,True,False,False,Unsampled in Stage 7F,Computationally screened + contradictory experimental evidence
CAND_COX1_0618,cox1,COX-1 (PTGS1),Tabernaemontana DIVARICATA (L.) R.Br. ex Roem. & Schult.,Sinapic acid,PCMORTLOPMLEFB,PCMORTLOPMLEFB-UHFFFAOYSA-N,6,0.3917,0.5789,170,32.0,HIGH,CONTRADICTED,False,False,True,1,True,False,True,Unsampled in Stage 7F,Computationally screened + contradictory experimental evidence
CAND_COX1_0011,cox1,COX-1 (PTGS1),Mesua ferrea L.,2-Methoxycinnamaldehyde,KKVZAVRSVHUSPL,KKVZAVRSVHUSPL-GQCTYLIASA-N,6,0.3917,0.4,171,104.0,HIGH,NO_RELEVANT_REPORT_FOUND,False,False,False,0,False,False,False,Unsampled in Stage 7F,Computationally screened + no relevant target report located
CAND_COX1_0357,cox1,COX-1 (PTGS1),Hibiscus SABDARIFFA L.,o-Methoxycinnamaldehyde,KKVZAVRSVHUSPL,KKVZAVRSVHUSPL-GQCTYLIASA-N,6,0.3917,0.4,171,46.0,HIGH,NO_RELEVANT_REPORT_FOUND,False,False,False,0,False,False,False,Unsampled in Stage 7F,Computationally screened + no relevant target report located
CAND_COX1_0065,cox1,COX-1 (PTGS1),Holarrhena pubescens Wall.ex G.Don,Isoflavone,GOMNOOKGLZYEJT,GOMNOOKGLZYEJT-UHFFFAOYSA-N,6,0.39,0.561,172,69.0,HIGH,NO_RELEVANT_REPORT_FOUND,False,False,False,0,False,False,False,Unsampled in Stage 7F,Computationally screened + no relevant target report located
CAND_COX1_0363,cox1,COX-1 (PTGS1),Hibiscus ROSA-SINENSIS L.,Isoflavone,GOMNOOKGLZYEJT,GOMNOOKGLZYEJT-UHFFFAOYSA-N,6,0.39,0.561,172,33.0,HIGH,NO_RELEVANT_REPORT_FOUND,False,False,False,0,False,False,False,Unsampled in Stage 7F,Computationally screened + no relevant target report located
CAND_COX1_0216,cox1,COX-1 (PTGS1),Murraya PANICULATA (L.) Jacq.,mahanimbine,HTNVFUBCWIYPJN,HTNVFUBCWIYPJN-UHFFFAOYSA-N,6,0.39,0.5085,173,44.0,HIGH,NO_RELEVANT_REPORT_FOUND,False,False,False,0,False,False,False,Unsampled in Stage 7F,Computationally screened + no relevant target report located
CAND_COX1_0007,cox1,COX-1 (PTGS1),Artocarpus heterophyllus Lam.,2-Methoxy-4-vinylphenol,YOMSJEATGXXYPX,YOMSJEATGXXYPX-UHFFFAOYSA-N,6,0.39,0.4651,174,102.0,HIGH,NO_RELEVANT_REPORT_FOUND,False,False,False,0,False,False,False,Unsampled in Stage 7F,Computationally screened + no relevant target report located
CAND_COX1_0031,cox1,COX-1 (PTGS1),Santalum album L.,2-Methoxy-4-vinylphenol,YOMSJEATGXXYPX,YOMSJEATGXXYPX-UHFFFAOYSA-N,6,0.39,0.4651,174,39.0,HIGH,NO_RELEVANT_REPORT_FOUND,False,False,False,0,True,False,True,Unsampled in Stage 7F,Computationally screened + no relevant target report located
CAND_COX1_0034,cox1,COX-1 (PTGS1),Citrus limon (L.) Osbeck,2-Methoxy-4-vinylphenol,YOMSJEATGXXYPX,YOMSJEATGXXYPX-UHFFFAOYSA-N,6,0.39,0.4651,174,13.0,HIGH,NO_RELEVANT_REPORT_FOUND,False,False,False,0,False,False,False,Unsampled in Stage 7F,Computationally screened + no relevant target report located
CAND_COX1_0079,cox1,COX-1 (PTGS1),Abrus PRECATORIUS L.,p-Vinylguaiacol,YOMSJEATGXXYPX,YOMSJEATGXXYPX-UHFFFAOYSA-N,6,0.39,0.4651,174,17.0,HIGH,NO_RELEVANT_REPORT_FOUND,False,False,False,0,False,False,False,Unsampled in Stage 7F,Computationally screened + no relevant target report located
CAND_COX1_0081,cox1,COX-1 (PTGS1),Abutilon INDICUM (L.) Sweet,2-Methoxy-4-vinylphenol,YOMSJEATGXXYPX,YOMSJEATGXXYPX-UHFFFAOYSA-N,6,0.39,0.4651,174,59.0,HIGH,NO_RELEVANT_REPORT_FOUND,False,False,False,0,False,False,False,Unsampled in Stage 7F,Computationally screened + no relevant target report located
CAND_COX1_0091,cox1,COX-1 (PTGS1),Aegle MARMELOS (L.) Corr.,2-Methoxy-4-vinylphenol,YOMSJEATGXXYPX,YOMSJEATGXXYPX-UHFFFAOYSA-N,6,0.39,0.4651,174,64.0,HIGH,NO_RELEVANT_REPORT_FOUND,False,False,False,0,False,False,False,Unsampled in Stage 7F,Computationally screened + no relevant target report located
CAND_COX1_0095,cox1,COX-1 (PTGS1),Ageratum CONYZOIDES L.,2-Methoxy-4- vinylphenol,YOMSJEATGXXYPX,YOMSJEATGXXYPX-UHFFFAOYSA-N,6,0.39,0.4651,174,63.0,HIGH,NO_RELEVANT_REPORT_FOUND,False,False,False,0,False,False,False,Unsampled in Stage 7F,Computationally screened + no relevant target report located
CAND_COX1_0096,cox1,COX-1 (PTGS1),Ageratum CONYZOIDES L.,2-Methoxy-4-vinylphenol,YOMSJEATGXXYPX,YOMSJEATGXXYPX-UHFFFAOYSA-N,6,0.39,0.4651,174,63.0,HIGH,NO_RELEVANT_REPORT_FOUND,False,False,False,0,False,False,False,Unsampled in Stage 7F,Computationally screened + no relevant target report located
CAND_COX1_0107,cox1,COX-1 (PTGS1),Allium SATIVUM L.,p-Vinylguaiacol,YOMSJEATGXXYPX,YOMSJEATGXXYPX-UHFFFAOYSA-N,6,0.39,0.4651,174,57.0,HIGH,NO_RELEVANT_REPORT_FOUND,False,False,False,0,False,False,False,Unsampled in Stage 7F,Computationally screened + no relevant target report located
CAND_COX1_0121,cox1,COX-1 (PTGS1),Terminalia ARJUNA (Roxb. ex DC.) Wight & Arn.,2-Methoxy-4-vinylphenol,YOMSJEATGXXYPX,YOMSJEATGXXYPX-UHFFFAOYSA-N,6,0.39,0.4651,174,40.0,HIGH,NO_RELEVANT_REPORT_FOUND,False,False,False,0,True,False,True,Unsampled in Stage 7F,Computationally screened + no relevant target report located
CAND_COX1_0140,cox1,COX-1 (PTGS1),Tamarindus INDICA L.,2-Methoxy-4-vinylphenol,YOMSJEATGXXYPX,YOMSJEATGXXYPX-UHFFFAOYSA-N,6,0.39,0.4651,174,18.0,HIGH,NO_RELEVANT_REPORT_FOUND,False,False,False,0,False,False,False,Unsampled in Stage 7F,Computationally screened + no relevant target report located
CAND_COX1_0158,cox1,COX-1 (PTGS1),Psidium GUAJAVA L.,2-Methoxy-4-vinylphenol,YOMSJEATGXXYPX,YOMSJEATGXXYPX-UHFFFAOYSA-N,6,0.39,0.4651,174,30.0,HIGH,NO_RELEVANT_REPORT_FOUND,False,False,False,0,True,False,True,Unsampled in Stage 7F,Computationally screened + no relevant target report located
CAND_COX1_0203,cox1,COX-1 (PTGS1),Paederia FOETIDA L.,p-Vinylguaiacol,YOMSJEATGXXYPX,YOMSJEATGXXYPX-UHFFFAOYSA-N,6,0.39,0.4651,174,21.0,HIGH,NO_RELEVANT_REPORT_FOUND,False,False,False,0,False,False,False,Unsampled in Stage 7F,Computationally screened + no relevant target report located
CAND_COX1_0261,cox1,COX-1 (PTGS1),Mangifera INDICA L.,4-vinylguaiacol,YOMSJEATGXXYPX,YOMSJEATGXXYPX-UHFFFAOYSA-N,6,0.39,0.4651,174,7.0,HIGH,NO_RELEVANT_REPORT_FOUND,False,False,False,0,False,False,False,Unsampled in Stage 7F,Computationally screened + no relevant target report located
CAND_COX1_0304,cox1,COX-1 (PTGS1),Justicia GENDARUSSA Burm.,2-Methoxy-4-vinylphenol,YOMSJEATGXXYPX,YOMSJEATGXXYPX-UHFFFAOYSA-N,6,0.39,0.4651,174,74.0,HIGH,NO_RELEVANT_REPORT_FOUND,False,False,False,0,False,False,False,Unsampled in Stage 7F,Computationally screened + no relevant target report located
CAND_COX1_0337,cox1,COX-1 (PTGS1),Hibiscus SABDARIFFA L.,2-Methoxy-4-vinylphenol,YOMSJEATGXXYPX,YOMSJEATGXXYPX-UHFFFAOYSA-N,6,0.39,0.4651,174,46.0,HIGH,NO_RELEVANT_REPORT_FOUND,False,False,False,0,False,False,False,Unsampled in Stage 7F,Computationally screened + no relevant target report located
CAND_COX1_0386,cox1,COX-1 (PTGS1),Ficus HISPIDA L. f.,2-Methoxy-4-vinylphenol,YOMSJEATGXXYPX,YOMSJEATGXXYPX-UHFFFAOYSA-N,6,0.39,0.4651,174,89.0,HIGH,NO_RELEVANT_REPORT_FOUND,False,False,False,0,False,False,False,Unsampled in Stage 7F,Computationally screened + no relevant target report located
CAND_COX1_0425,cox1,COX-1 (PTGS1),Curcuma LONGA L.,2-Methoxy-4-vinylphenol,YOMSJEATGXXYPX,YOMSJEATGXXYPX-UHFFFAOYSA-N,6,0.39,0.4651,174,80.0,HIGH,NO_RELEVANT_REPORT_FOUND,False,False,False,0,False,False,False,Unsampled in Stage 7F,Computationally screened + no relevant target report located
CAND_COX1_0449,cox1,COX-1 (PTGS1),Colocasia ESCULENTA (L.) Schott.,2-Methoxy-4-vinylphenol,YOMSJEATGXXYPX,YOMSJEATGXXYPX-UHFFFAOYSA-N,6,0.39,0.4651,174,6.0,HIGH,NO_RELEVANT_REPORT_FOUND,False,False,False,0,True,False,True,Unsampled in Stage 7F,Computationally screened + no relevant target report located
CAND_COX1_0460,cox1,COX-1 (PTGS1),Citrus maxima (Burm.) Merr.,2-Methoxy-4-vinylphenol,YOMSJEATGXXYPX,YOMSJEATGXXYPX-UHFFFAOYSA-N,6,0.39,0.4651,174,68.0,HIGH,NO_RELEVANT_REPORT_FOUND,False,False,False,0,False,False,False,Unsampled in Stage 7F,Computationally screened + no relevant target report located
CAND_COX1_0486,cox1,COX-1 (PTGS1),Artocarpus HETEROPHYLLUS Lamk.,2-Methoxy-4-vinylphenol,YOMSJEATGXXYPX,YOMSJEATGXXYPX-UHFFFAOYSA-N,6,0.39,0.4651,174,103.0,HIGH,NO_RELEVANT_REPORT_FOUND,False,False,False,0,False,False,False,Unsampled in Stage 7F,Computationally screened + no relevant target report located
CAND_COX1_0502,cox1,COX-1 (PTGS1),Azadirachta INDICA A. Juss.,2-Methoxy-4-vinylphenol,YOMSJEATGXXYPX,YOMSJEATGXXYPX-UHFFFAOYSA-N,6,0.39,0.4651,174,27.0,HIGH,NO_RELEVANT_REPORT_FOUND,False,False,False,0,False,False,False,Unsampled in Stage 7F,Computationally screened + no relevant target report located
CAND_COX1_0527,cox1,COX-1 (PTGS1),Calotropis PROCERA (Aiton) Dryand.,2-methoxy-4-vinylphenol,YOMSJEATGXXYPX,YOMSJEATGXXYPX-UHFFFAOYSA-N,6,0.39,0.4651,174,15.0,HIGH,NO_RELEVANT_REPORT_FOUND,False,False,False,0,False,False,False,Unsampled in Stage 7F,Computationally screened + no relevant target report located
CAND_COX1_0558,cox1,COX-1 (PTGS1),Carica PAPAYA L.,4-Vinylguaiacol,YOMSJEATGXXYPX,YOMSJEATGXXYPX-UHFFFAOYSA-N,6,0.39,0.4651,174,29.0,HIGH,NO_RELEVANT_REPORT_FOUND,False,False,False,0,False,False,False,Unsampled in Stage 7F,Computationally screened + no relevant target report located
CAND_COX1_0598,cox1,COX-1 (PTGS1),Centella ASIATICA (L.) Urban.,2-Methoxy-4-vinylphenol,YOMSJEATGXXYPX,YOMSJEATGXXYPX-UHFFFAOYSA-N,6,0.39,0.4651,174,84.0,HIGH,NO_RELEVANT_REPORT_FOUND,False,False,False,0,False,False,False,Unsampled in Stage 7F,Computationally screened + no relevant target report located
CAND_COX2_0676,cox2,COX-2 (PTGS2),Terminalia CHEBULA Retz.,chebulagic acid,HGJXAVROWQLCTP,HGJXAVROWQLCTP-UHFFFAOYSA-N,6,0.7267,0.9114,1,4.0,HIGH,LEVEL_A_EXACT_TARGET,True,False,False,1,True,True,False,Unsampled in Stage 7F,Computationally screened + exact-target literature supported
CAND_COX2_0694,cox2,COX-2 (PTGS2),. PHYLLANTHUS EMBLICA L. (Euphorbiaceae),Chebulagic acid,HGJXAVROWQLCTP,HGJXAVROWQLCTP-YABCKIEDSA-N,6,0.7267,0.9114,1,7.0,HIGH,LEVEL_A_EXACT_TARGET,True,False,False,1,True,True,True,Unsampled in Stage 7F,Computationally screened + exact-target literature supported
CAND_COX2_0664,cox2,COX-2 (PTGS2),Strychnos potatorum L. f.,Angustine,FACXQEOSOVJIPD,FACXQEOSOVJIPD-UHFFFAOYSA-N,6,0.6967,0.5273,2,12.0,HIGH,NO_RELEVANT_REPORT_FOUND,False,False,False,0,True,False,True,Unsampled in Stage 7F,Computationally screened + no relevant target report located
CAND_COX2_0666,cox2,COX-2 (PTGS2),Aegle MARMELOS (L.) Corr.,"5,6-dimethoxy-1-indanone",IHMQOBPGHZFGLC,IHMQOBPGHZFGLC-UHFFFAOYSA-N,6,0.6633,0.4222,3,15.0,HIGH,NO_RELEVANT_REPORT_FOUND,False,False,False,0,False,False,False,Unsampled in Stage 7F,Computationally screened + no relevant target report located
CAND_COX2_0713,cox2,COX-2 (PTGS2),Desmodium GANGETICUM (L.) DC.,"10H-Phenothiazine, 1-methoxy-",ROGKOUKGHMDPLN,ROGKOUKGHMDPLN-UHFFFAOYSA-N,6,0.6333,0.5333,4,40.0,HIGH,NO_RELEVANT_REPORT_FOUND,False,False,False,0,False,False,False,Unsampled in Stage 7F,Computationally screened + no relevant target report located
CAND_COX2_0684,cox2,COX-2 (PTGS2),Punica GRANATUM L.,Ellagitannin,DVBQHEGQMJLCBQ,DVBQHEGQMJLCBQ-VFBNLJSFSA-N,6,0.5858,0.5,6,5.0,HIGH,NO_RELEVANT_REPORT_FOUND,False,False,False,0,True,False,True,Unsampled in Stage 7F,Computationally screened + no relevant target report located
CAND_COX2_0743,cox2,COX-2 (PTGS2),Syzygium CUMINI (L.) Skeel.,ellagitannin,DVBQHEGQMJLCBQ,DVBQHEGQMJLCBQ-VFBNLJSFSA-N,6,0.5858,0.5,6,34.0,HIGH,NO_RELEVANT_REPORT_FOUND,False,False,False,0,False,False,False,Unsampled in Stage 7F,Computationally screened + no relevant target report located
CAND_COX2_0648,cox2,COX-2 (PTGS2),Lagerstroemia speciosa(l.) Pers.,Stachyurin,MMQXBTULXAEKQE,MMQXBTULXAEKQE-UHFFFAOYSA-N,6,0.5667,0.4556,7,26.0,HIGH,NO_RELEVANT_REPORT_FOUND,False,False,False,0,True,True,False,Unsampled in Stage 7F,Computationally screened + no relevant target report located
CAND_COX2_0708,cox2,COX-2 (PTGS2),Lagerstroemia speciosa (L.) Pers.,Stachyurin,MMQXBTULXAEKQE,MMQXBTULXAEKQE-UHFFFAOYSA-N,6,0.5667,0.4556,7,27.0,HIGH,NO_RELEVANT_REPORT_FOUND,False,False,False,0,True,True,False,Unsampled in Stage 7F,Computationally screened + no relevant target report located
CAND_COX2_0677,cox2,COX-2 (PTGS2),Terminalia CHEBULA Retz.,chebulinic acid,YGVHOSGNOYKRIH,YGVHOSGNOYKRIH-FJPMMHPYSA-N,6,0.5508,0.6154,10,4.0,HIGH,LEVEL_A_EXACT_TARGET,True,False,False,1,True,False,True,Unsampled in Stage 7F,Computationally screened + exact-target literature supported
CAND_COX2_0695,cox2,COX-2 (PTGS2),. PHYLLANTHUS EMBLICA L. (Euphorbiaceae),Chebulinic acid,YGVHOSGNOYKRIH,YGVHOSGNOYKRIH-AVXZFDTDSA-N,6,0.5508,0.6154,10,7.0,HIGH,LEVEL_A_EXACT_TARGET,True,False,False,1,True,False,True,Unsampled in Stage 7F,Computationally screened + exact-target literature supported
CAND_COX2_0689,cox2,COX-2 (PTGS2),Psidium GUAJAVA L.,Guavin B,RPZNIDVYYGUDPA,RPZNIDVYYGUDPA-UHFFFAOYSA-N,6,0.55,0.4316,11,13.0,HIGH,NO_RELEVANT_REPORT_FOUND,False,False,False,0,True,False,True,Unsampled in Stage 7F,Computationally screened + no relevant target report located
CAND_COX2_0728,cox2,COX-2 (PTGS2),Azadirachta INDICA A. Juss.,Prolylleucine,YCYXUKRYYSXSLJ,YCYXUKRYYSXSLJ-CVEARBPZSA-N,6,0.5333,0.6167,12,36.0,HIGH,NO_RELEVANT_REPORT_FOUND,False,False,False,0,False,False,False,Unsampled in Stage 7F,Computationally screened + no relevant target report located
CAND_COX2_0697,cox2,COX-2 (PTGS2),. PHYLLANTHUS EMBLICA L. (Euphorbiaceae),Geraniin,OCPAULKJMZLXQF,JQQBXPCJFAKSPG-SVYIMCMUSA-N,6,0.5267,0.5,14,7.0,HIGH,NO_RELEVANT_REPORT_FOUND,False,False,False,0,True,False,True,Unsampled in Stage 7F,Computationally screened + no relevant target report located
CAND_COX2_0744,cox2,COX-2 (PTGS2),Spondias PINNATA (L.f.) Kurz.,Geraniin,OCPAULKJMZLXQF,JQQBXPCJFAKSPG-SVYIMCMUSA-N,6,0.5267,0.5,14,6.0,HIGH,NO_RELEVANT_REPORT_FOUND,False,False,False,0,True,False,True,Unsampled in Stage 7F,Computationally screened + no relevant target report located
CAND_COX2_0716,cox2,COX-2 (PTGS2),Cyperus ROTUNDUS L.,"2-imidazo[1,2-a]pyridin-2-ylphenol",FURHXLBXCVQCNL,FURHXLBXCVQCNL-UHFFFAOYSA-N,6,0.5233,0.4865,15,33.0,HIGH,NO_RELEVANT_REPORT_FOUND,False,False,False,0,False,False,False,Unsampled in Stage 7F,Computationally screened + no relevant target report located
CAND_COX2_0678,cox2,COX-2 (PTGS2),Terminalia ARJUNA (Roxb. ex DC.) Wight & Arn.,1-O-Galloylpedunculagin,SWRFKGRMQVLMKA,SWRFKGRMQVLMKA-UHFFFAOYSA-N,6,0.52,0.5949,16,17.0,HIGH,NO_RELEVANT_REPORT_FOUND,False,False,False,0,True,True,True,Unsampled in Stage 7F,Computationally screened + no relevant target report located
CAND_COX2_0687,cox2,COX-2 (PTGS2),Psidium GUAJAVA L.,Casuarictin,SWRFKGRMQVLMKA,SWRFKGRMQVLMKA-JIZJWZDPSA-N,6,0.52,0.5949,16,13.0,HIGH,NO_RELEVANT_REPORT_FOUND,False,False,False,0,True,True,True,Unsampled in Stage 7F,Computationally screened + no relevant target report located
CAND_COX2_0727,cox2,COX-2 (PTGS2),Azadirachta INDICA A. Juss.,2-Phenyl-4-anilino-6[1H]-pyrimidinone,HDIDUVBFYOAUHI,HDIDUVBFYOAUHI-UHFFFAOYSA-N,6,0.52,0.48,17,36.0,HIGH,NO_RELEVANT_REPORT_FOUND,False,False,False,0,False,False,False,Unsampled in Stage 7F,Computationally screened + no relevant target report located
CAND_COX2_0726,cox2,COX-2 (PTGS2),Alocasia INDICA (Roxb.) Schott.,"1H indole, 5 methyl-2, 3 diphenyl",CEBLAUSMJSQGHL,CEBLAUSMJSQGHL-UHFFFAOYSA-N,6,0.515,0.7436,20,1.0,HIGH,NO_RELEVANT_REPORT_FOUND,False,False,False,0,False,False,False,Unsampled in Stage 7F,Computationally screened + no relevant target report located
CAND_COX2_0674,cox2,COX-2 (PTGS2),Terminalia CHEBULA Retz.,N-Cbz-glycylglycine p-nitrophenyl ester,VJPZTTLCVFONEM,VJPZTTLCVFONEM-UHFFFAOYSA-N,6,0.5133,0.6122,21,4.0,HIGH,NO_RELEVANT_REPORT_FOUND,False,False,False,0,False,False,False,Unsampled in Stage 7F,Computationally screened + no relevant target report located
CAND_COX2_0651,cox2,COX-2 (PTGS2),Mallotus philippensis (Lam.) Muell.-Arg.,trans-chalcone,DQFBYFPFKXHELB,DQFBYFPFKXHELB-VAWYXSNFSA-N,6,0.5133,0.4,22,9.0,HIGH,CONTRADICTED,False,False,True,1,True,False,False,Unsampled in Stage 7F,Computationally screened + contradictory experimental evidence
CAND_COX2_0704,cox2,COX-2 (PTGS2),Litsea MONOPETALA (Roxb.) Pers.,Chalcone,DQFBYFPFKXHELB,DQFBYFPFKXHELB-VAWYXSNFSA-N,6,0.5133,0.4,22,3.0,HIGH,CONTRADICTED,False,False,True,1,True,False,False,Unsampled in Stage 7F,Computationally screened + contradictory experimental evidence
CAND_COX2_0685,cox2,COX-2 (PTGS2),Punica GRANATUM L.,Punicafolin,DPBVYZVSXAZMAY,DPBVYZVSXAZMAY-UUUCSUBKSA-N,6,0.5033,0.4884,24,5.0,HIGH,NO_RELEVANT_REPORT_FOUND,False,False,False,0,True,False,True,Unsampled in Stage 7F,Computationally screened + no relevant target report located
CAND_COX2_0711,cox2,COX-2 (PTGS2),Heliotropium INDICUM L.,Echinatin,QJKMIJNRNRLQSS,QJKMIJNRNRLQSS-WEVVVXLNSA-N,6,0.5013,0.4167,25,28.0,HIGH,NO_RELEVANT_REPORT_FOUND,False,False,False,0,False,False,False,Unsampled in Stage 7F,Computationally screened + no relevant target report located
CAND_COX2_0712,cox2,COX-2 (PTGS2),Gloriosa SUPERBA L.,1-naphthaleneacetic acid,PRPINYUDVPFIRX,PRPINYUDVPFIRX-UHFFFAOYSA-N,6,0.4967,0.4474,27,41.0,HIGH,NO_RELEVANT_REPORT_FOUND,False,False,False,0,False,False,False,Unsampled in Stage 7F,Computationally screened + no relevant target report located
CAND_COX2_0686,cox2,COX-2 (PTGS2),Punica GRANATUM L.,Strictinin,FYIJLTSMNXUNLT,FYIJLTSMNXUNLT-CXQFPWCTSA-N,6,0.49,0.5238,28,5.0,HIGH,NO_RELEVANT_REPORT_FOUND,False,False,False,0,True,False,True,Unsampled in Stage 7F,Computationally screened + no relevant target report located
CAND_COX2_0692,cox2,COX-2 (PTGS2),Psidium GUAJAVA L.,Strictinin,FYIJLTSMNXUNLT,FYIJLTSMNXUNLT-CXQFPWCTSA-N,6,0.49,0.5238,28,13.0,HIGH,NO_RELEVANT_REPORT_FOUND,False,False,False,0,True,False,True,Unsampled in Stage 7F,Computationally screened + no relevant target report located
CAND_COX2_0734,cox2,COX-2 (PTGS2),Camellia sinensis (L.) O. Kuntze.,Strictinin,FYIJLTSMNXUNLT,FYIJLTSMNXUNLT-CXQFPWCTSA-N,6,0.49,0.5238,28,20.0,HIGH,NO_RELEVANT_REPORT_FOUND,False,False,False,0,False,False,False,Unsampled in Stage 7F,Computationally screened + no relevant target report located
CAND_COX2_0673,cox2,COX-2 (PTGS2),Terminalia CHEBULA Retz.,Eugeniin,JCGHAEBIBSEQAD,JCGHAEBIBSEQAD-UUUCSUBKSA-N,6,0.4867,0.5059,29,4.0,HIGH,NO_RELEVANT_REPORT_FOUND,False,False,False,0,False,False,False,Unsampled in Stage 7F,Computationally screened + no relevant target report located
CAND_COX2_0649,cox2,COX-2 (PTGS2),Macaranga peltata (Roxb.)Muell.-Arg.,Corilagin,TUSDEZXZIZRFGC,TUSDEZXZIZRFGC-XIGLUPEJSA-N,6,0.4867,0.5059,30,10.0,HIGH,LEVEL_B_RELATED_ENDPOINT,False,True,False,2,False,False,False,Unsampled in Stage 7F,Computationally screened + related biological evidence
CAND_COX2_0652,cox2,COX-2 (PTGS2),Phyllanthus niruri L.,Corilagin,TUSDEZXZIZRFGC,TUSDEZXZIZRFGC-XIGLUPEJSA-N,6,0.4867,0.5059,30,,HIGH,LEVEL_B_RELATED_ENDPOINT,False,True,False,2,True,False,True,Unsampled in Stage 7F,Computationally screened + related biological evidence
CAND_COX2_0672,cox2,COX-2 (PTGS2),Terminalia CHEBULA Retz.,Corilagin,TUSDEZXZIZRFGC,TUSDEZXZIZRFGC-XIGLUPEJSA-N,6,0.4867,0.5059,30,4.0,HIGH,LEVEL_B_RELATED_ENDPOINT,False,True,False,2,False,False,False,Unsampled in Stage 7F,Computationally screened + related biological evidence
CAND_COX2_0682,cox2,COX-2 (PTGS2),Ricinus COMMUNIS L.,Corilagin,TUSDEZXZIZRFGC,TUSDEZXZIZRFGC-XIGLUPEJSA-N,6,0.4867,0.5059,30,25.0,HIGH,LEVEL_B_RELATED_ENDPOINT,False,True,False,2,True,False,True,Unsampled in Stage 7F,Computationally screened + related biological evidence
CAND_COX2_0683,cox2,COX-2 (PTGS2),Punica GRANATUM L.,Corilagin,TUSDEZXZIZRFGC,TUSDEZXZIZRFGC-XIGLUPEJSA-N,6,0.4867,0.5059,30,5.0,HIGH,LEVEL_B_RELATED_ENDPOINT,False,True,False,2,True,False,True,Unsampled in Stage 7F,Computationally screened + related biological evidence
CAND_COX2_0693,cox2,COX-2 (PTGS2),Phyllanthus URINARIA L.,Corilagin,TUSDEZXZIZRFGC,TUSDEZXZIZRFGC-XIGLUPEJSA-N,6,0.4867,0.5059,30,16.0,HIGH,LEVEL_B_RELATED_ENDPOINT,False,True,False,2,True,False,True,Unsampled in Stage 7F,Computationally screened + related biological evidence
CAND_COX2_0696,cox2,COX-2 (PTGS2),. PHYLLANTHUS EMBLICA L. (Euphorbiaceae),Corilagin,TUSDEZXZIZRFGC,TUSDEZXZIZRFGC-XIGLUPEJSA-N,6,0.4867,0.5059,30,7.0,HIGH,LEVEL_B_RELATED_ENDPOINT,False,True,False,2,True,False,True,Unsampled in Stage 7F,Computationally screened + related biological evidence
CAND_COX2_0741,cox2,COX-2 (PTGS2),Terminalia CITRINA Flaming.,Corilagin,TUSDEZXZIZRFGC,TUSDEZXZIZRFGC-XIGLUPEJSA-N,6,0.4867,0.5059,30,,HIGH,LEVEL_B_RELATED_ENDPOINT,False,True,False,2,True,False,True,Unsampled in Stage 7F,Computationally screened + related biological evidence
CAND_COX2_0742,cox2,COX-2 (PTGS2),Syzygium CUMINI (L.) Skeel.,corilagin,TUSDEZXZIZRFGC,TUSDEZXZIZRFGC-XIGLUPEJSA-N,6,0.4867,0.5059,30,34.0,HIGH,LEVEL_B_RELATED_ENDPOINT,False,True,False,2,False,False,False,Unsampled in Stage 7F,Computationally screened + related biological evidence
CAND_COX2_0719,cox2,COX-2 (PTGS2),Citrus maxima (Burm.) Merr.,Diphenylamine,DMBHHRLKUKUOEG,DMBHHRLKUKUOEG-UHFFFAOYSA-N,6,0.48,0.9231,31,21.0,HIGH,NO_RELEVANT_REPORT_FOUND,False,False,False,0,False,False,False,Unsampled in Stage 7F,Computationally screened + no relevant target report located
CAND_COX2_0732,cox2,COX-2 (PTGS2),Camellia sinensis (L.) O. Kuntze.,Diphenylamine,DMBHHRLKUKUOEG,DMBHHRLKUKUOEG-UHFFFAOYSA-N,6,0.48,0.9231,31,20.0,HIGH,NO_RELEVANT_REPORT_FOUND,False,False,False,0,False,False,False,Unsampled in Stage 7F,Computationally screened + no relevant target report located
CAND_COX2_0705,cox2,COX-2 (PTGS2),Litsea MONOPETALA (Roxb.) Pers.,methylchalcone,XNLFHCPVTULKIV,XNLFHCPVTULKIV-VAWYXSNFSA-N,6,0.48,0.5217,32,3.0,HIGH,LEVEL_B_RELATED_ENDPOINT,False,True,False,1,False,False,False,Unsampled in Stage 7F,Computationally screened + related biological evidence
CAND_COX2_0737,cox2,COX-2 (PTGS2),Sida rhombifolia L.,"(3S)-3-hydroxy-2,3-dihydro-1H-pyrrolo[2,1-b]quinazolin-9-one",SDIVYZXRQHWCKF,SDIVYZXRQHWCKF-VIFPVBQESA-N,6,0.4767,0.4286,33,2.0,HIGH,NO_RELEVANT_REPORT_FOUND,False,False,False,0,True,False,True,Unsampled in Stage 7F,Computationally screened + no relevant target report located
CAND_COX2_0738,cox2,COX-2 (PTGS2),Sida acuta Burm. f.,"(3S)-3-hydroxy-2,3-dihydro-1H-pyrrolo[2,1-b]quinazolin-9-one",SDIVYZXRQHWCKF,SDIVYZXRQHWCKF-VIFPVBQESA-N,6,0.4767,0.4286,33,,HIGH,NO_RELEVANT_REPORT_FOUND,False,False,False,0,True,False,True,Unsampled in Stage 7F,Computationally screened + no relevant target report located
CAND_COX2_0745,cox2,COX-2 (PTGS2),Sida ACUTA Burm. f.,"(3S)-3-hydroxy-2,3-dihydro-1H-pyrrolo[2,1-b]quinazolin-9-one",SDIVYZXRQHWCKF,SDIVYZXRQHWCKF-VIFPVBQESA-N,6,0.4767,0.4286,33,,HIGH,NO_RELEVANT_REPORT_FOUND,False,False,False,0,True,False,True,Unsampled in Stage 7F,Computationally screened + no relevant target report located
CAND_COX2_0675,cox2,COX-2 (PTGS2),Terminalia CHEBULA Retz.,"Purin-2,6-dione, 1,3-dimethyl-8-[2-[3,4-dimeth oxyphenyl]ethenyl]-",NMYFCINXTYVZIN,NMYFCINXTYVZIN-SOFGYWHQSA-N,6,0.4567,0.4,35,4.0,HIGH,NO_RELEVANT_REPORT_FOUND,False,False,False,0,False,False,False,Unsampled in Stage 7F,Computationally screened + no relevant target report located
CAND_COX2_0657,cox2,COX-2 (PTGS2),Citrus reticulata Blanco,"4',5,7,8-Tetramethoxyflavone",DDGJUTBQQURRGE,DDGJUTBQQURRGE-UHFFFAOYSA-N,6,0.45,0.5102,36,22.0,HIGH,NO_RELEVANT_REPORT_FOUND,False,False,False,0,False,False,False,Unsampled in Stage 7F,Computationally screened + no relevant target report located
CAND_COX2_0658,cox2,COX-2 (PTGS2),Citrus reticulata Blanco,6-Demethoxytangeretin,DDGJUTBQQURRGE,DDGJUTBQQURRGE-UHFFFAOYSA-N,6,0.45,0.5102,36,22.0,HIGH,NO_RELEVANT_REPORT_FOUND,False,False,False,0,False,False,False,Unsampled in Stage 7F,Computationally screened + no relevant target report located
CAND_COX2_0700,cox2,COX-2 (PTGS2),Mimusops ELENGI L.,16 alpha-hydroxy Mi-saponin A,SHKGFTXUBGNKSG,SHKGFTXUBGNKSG-YMGHLUITSA-N,6,0.45,0.4564,37,29.0,HIGH,NO_RELEVANT_REPORT_FOUND,False,False,False,0,False,False,False,Unsampled in Stage 7F,Computationally screened + no relevant target report located
CAND_COX2_0688,cox2,COX-2 (PTGS2),Psidium GUAJAVA L.,Guajavin A,QJOSZTCZZUNIRY,QJOSZTCZZUNIRY-UHFFFAOYSA-N,6,0.45,0.4545,38,13.0,HIGH,NO_RELEVANT_REPORT_FOUND,False,False,False,0,True,False,True,Unsampled in Stage 7F,Computationally screened + no relevant target report located
CAND_COX2_0706,cox2,COX-2 (PTGS2),Leucas ASPERA (Willd.) Link.,6-Fluoro-2-trifluoromethylbenzoic acid,LNARMXLVVGHCRP,LNARMXLVVGHCRP-UHFFFAOYSA-N,6,0.4467,0.4318,39,39.0,HIGH,NO_RELEVANT_REPORT_FOUND,False,False,False,0,False,False,False,Unsampled in Stage 7F,Computationally screened + no relevant target report located
CAND_COX2_0659,cox2,COX-2 (PTGS2),Citrus reticulata Blanco,Isosinensetin,UYCWETIUOAGWIL,UYCWETIUOAGWIL-UHFFFAOYSA-N,6,0.44,0.48,41,22.0,HIGH,NO_RELEVANT_REPORT_FOUND,False,False,False,0,False,False,False,Unsampled in Stage 7F,Computationally screened + no relevant target report located
CAND_COX2_0718,cox2,COX-2 (PTGS2),Citrus maxima (Burm.) Merr.,"5,7,8,3?,4?-Penta-methoxyflavone",UYCWETIUOAGWIL,UYCWETIUOAGWIL-UHFFFAOYSA-N,6,0.44,0.48,41,21.0,HIGH,NO_RELEVANT_REPORT_FOUND,False,False,False,0,False,False,False,Unsampled in Stage 7F,Computationally screened + no relevant target report located
CAND_COX2_0720,cox2,COX-2 (PTGS2),Citrus maxima (Burm.) Merr.,Isosinensetin,UYCWETIUOAGWIL,UYCWETIUOAGWIL-UHFFFAOYSA-N,6,0.44,0.48,41,21.0,HIGH,NO_RELEVANT_REPORT_FOUND,False,False,False,0,False,False,False,Unsampled in Stage 7F,Computationally screened + no relevant target report located
CAND_COX2_0671,cox2,COX-2 (PTGS2),Terminalia CHEBULA Retz.,"Benzene, 5-(2-isothiocyanatoethyl)-1,2, 3- trimethoxy",RZLAHZWXEAROQW,RZLAHZWXEAROQW-UHFFFAOYSA-N,6,0.4367,0.4848,42,4.0,HIGH,NO_RELEVANT_REPORT_FOUND,False,False,False,0,False,False,False,Unsampled in Stage 7F,Computationally screened + no relevant target report located
CAND_COX2_0717,cox2,COX-2 (PTGS2),Cyperus ROTUNDUS L.,3-phenyl-2-(pyrrolidine-2-carbonylamino)propanoic Acid,IWIANZLCJVYEFX,IWIANZLCJVYEFX-UHFFFAOYSA-N,6,0.43,0.4828,43,33.0,HIGH,NO_RELEVANT_REPORT_FOUND,False,False,False,0,False,False,False,Unsampled in Stage 7F,Computationally screened + no relevant target report located
CAND_COX2_0679,cox2,COX-2 (PTGS2),Terminalia ARJUNA (Roxb. ex DC.) Wight & Arn.,Arjunin,FEBLWGGRRRMRIK,BQJLRFQOJZNELD-FNFXDCFUSA-N,6,0.4126,0.41,44,17.0,HIGH,NO_RELEVANT_REPORT_FOUND,False,False,False,0,True,False,True,Unsampled in Stage 7F,Computationally screened + no relevant target report located
CAND_COX2_0691,cox2,COX-2 (PTGS2),Psidium GUAJAVA L.,Pedunculagin,IYMHVUYNBVWXKH,IYMHVUYNBVWXKH-ZITZVVOASA-N,6,0.4124,0.4268,45,13.0,HIGH,NO_RELEVANT_REPORT_FOUND,False,False,False,0,True,False,True,Unsampled in Stage 7F,Computationally screened + no relevant target report located
CAND_COX2_0656,cox2,COX-2 (PTGS2),Citrus reticulata Blanco,"4',5,6,7-Tetramethoxyflavone",URSUMOWUGDXZHU,URSUMOWUGDXZHU-UHFFFAOYSA-N,6,0.41,0.4681,46,22.0,HIGH,NO_RELEVANT_REPORT_FOUND,False,False,False,0,False,False,False,Unsampled in Stage 7F,Computationally screened + no relevant target report located
CAND_COX2_0703,cox2,COX-2 (PTGS2),Manihot ESCULENTA Crantz.,scutellarein tetramethyl ether,URSUMOWUGDXZHU,URSUMOWUGDXZHU-UHFFFAOYSA-N,6,0.41,0.4681,46,42.0,HIGH,NO_RELEVANT_REPORT_FOUND,False,False,False,0,False,False,False,Unsampled in Stage 7F,Computationally screened + no relevant target report located
CAND_COX2_0735,cox2,COX-2 (PTGS2),Camellia sinensis (L.) O. Kuntze.,theasaponins E1,WWVKOCDDDWJQLC,WWVKOCDDDWJQLC-SEBBEXHUSA-N,6,0.41,0.4286,48,20.0,HIGH,NO_RELEVANT_REPORT_FOUND,False,False,False,0,False,False,False,Unsampled in Stage 7F,Computationally screened + no relevant target report located
CAND_COX2_0681,cox2,COX-2 (PTGS2),Tephrosia PURPUREA (L.) Pers.,Tephrone,HAIRUBAWLBUWML,HAIRUBAWLBUWML-HWKANZROSA-N,6,0.41,0.4035,49,11.0,HIGH,NO_RELEVANT_REPORT_FOUND,False,False,False,0,True,False,True,Unsampled in Stage 7F,Computationally screened + no relevant target report located
CAND_COX2_0702,cox2,COX-2 (PTGS2),Michelia CHAMPACA L.,Linoleoylethanolamide,KQXDGUVSAAQARU,KQXDGUVSAAQARU,6,0.4043,0.4737,50,44.0,HIGH,NO_RELEVANT_REPORT_FOUND,False,False,False,0,True,True,False,Unsampled in Stage 7F,Computationally screened + no relevant target report located
CAND_COX2_0725,cox2,COX-2 (PTGS2),Alocasia INDICA (Roxb.) Schott.,"1H indole, 3 benzyl -2-phenyl",MQFBSPASOVBTBD,MQFBSPASOVBTBD-UHFFFAOYSA-N,6,0.4033,0.4048,51,1.0,HIGH,NO_RELEVANT_REPORT_FOUND,False,False,False,0,False,False,False,Unsampled in Stage 7F,Computationally screened + no relevant target report located
CAND_COX2_0654,cox2,COX-2 (PTGS2),Citrus limon (L.) Osbeck,Sinensetin,LKMNXYDUQXAUCZ,LKMNXYDUQXAUCZ-UHFFFAOYSA-N,6,0.4,0.4681,52,14.0,HIGH,NO_RELEVANT_REPORT_FOUND,False,False,False,0,False,False,False,Unsampled in Stage 7F,Computationally screened + no relevant target report located
CAND_COX2_0662,cox2,COX-2 (PTGS2),Citrus reticulata Blanco,Sinensetin,LKMNXYDUQXAUCZ,LKMNXYDUQXAUCZ-UHFFFAOYSA-N,6,0.4,0.4681,52,22.0,HIGH,NO_RELEVANT_REPORT_FOUND,False,False,False,0,False,False,False,Unsampled in Stage 7F,Computationally screened + no relevant target report located
CAND_COX2_0722,cox2,COX-2 (PTGS2),Citrus maxima (Burm.) Merr.,Sinensetin,LKMNXYDUQXAUCZ,LKMNXYDUQXAUCZ-UHFFFAOYSA-N,6,0.4,0.4681,52,21.0,HIGH,NO_RELEVANT_REPORT_FOUND,False,False,False,0,False,False,False,Unsampled in Stage 7F,Computationally screened + no relevant target report located
CAND_COX2_0680,cox2,COX-2 (PTGS2),Terminalia ARJUNA (Roxb. ex DC.) Wight & Arn.,Cerasidin,IAUDUEQNUVKNBT,IAUDUEQNUVKNBT-SOFGYWHQSA-N,6,0.4,0.4231,53,17.0,HIGH,NO_RELEVANT_REPORT_FOUND,False,False,False,0,True,False,True,Unsampled in Stage 7F,Computationally screened + no relevant target report located
CAND_COX2_0690,cox2,COX-2 (PTGS2),Psidium GUAJAVA L.,Isostrictinin,MBPYHNAWMKVREM,MBPYHNAWMKVREM-BDYNXYCRSA-N,6,0.3967,0.4318,54,13.0,HIGH,NO_RELEVANT_REPORT_FOUND,False,False,False,0,True,False,True,Unsampled in Stage 7F,Computationally screened + no relevant target report located
CAND_COX2_0669,cox2,COX-2 (PTGS2),Allium SATIVUM L.,Butein,AYMYWHCQALZEGT,AYMYWHCQALZEGT-ORCRQEGFSA-N,6,0.3933,0.4444,55,43.0,HIGH,LEVEL_B_RELATED_ENDPOINT,False,True,False,5,False,False,False,Unsampled in Stage 7F,Computationally screened + related biological evidence
CAND_COX2_0739,cox2,COX-2 (PTGS2),Cassia FISTULA L.,Butein,AYMYWHCQALZEGT,AYMYWHCQALZEGT-ORCRQEGFSA-N,6,0.3933,0.4444,55,45.0,HIGH,LEVEL_B_RELATED_ENDPOINT,False,True,False,5,False,False,False,Unsampled in Stage 7F,Computationally screened + related biological evidence
CAND_COX2_0730,cox2,COX-2 (PTGS2),Caesalpinia BONDUC (L.) Roxb.,Palargonidin 3-(6- ferulylglucoside)-5-(6- malonylglucoside,ZWBURTPIYLFHIK,ZWBURTPIYLFHIK-QWSHCZFQSA-O,6,0.3927,0.4,56,30.0,HIGH,NO_RELEVANT_REPORT_FOUND,False,False,False,0,False,False,False,Unsampled in Stage 7F,Computationally screened + no relevant target report located
CAND_COX2_0647,cox2,COX-2 (PTGS2),Pterocarpus SANTALINUS L. f.,Pterostilbene,VLEUZFDZJKSGMX,VLEUZFDZJKSGMX-ONEGZZNKSA-N,6,0.3867,0.8889,57,8.0,HIGH,LEVEL_A_EXACT_TARGET,True,False,False,1,True,False,True,Unsampled in Stage 7F,Computationally screened + exact-target literature supported
CAND_COX2_0645,cox2,COX-2 (PTGS2),Mesua ferrea L.,2-Methoxycinnamaldehyde,KKVZAVRSVHUSPL,KKVZAVRSVHUSPL-GQCTYLIASA-N,6,0.3867,0.4872,58,38.0,HIGH,NO_RELEVANT_REPORT_FOUND,False,False,False,0,False,False,False,Unsampled in Stage 7F,Computationally screened + no relevant target report located
CAND_COX2_0709,cox2,COX-2 (PTGS2),Hibiscus SABDARIFFA L.,o-Methoxycinnamaldehyde,KKVZAVRSVHUSPL,KKVZAVRSVHUSPL-GQCTYLIASA-N,6,0.3867,0.4872,58,46.0,HIGH,NO_RELEVANT_REPORT_FOUND,False,False,False,0,False,False,False,Unsampled in Stage 7F,Computationally screened + no relevant target report located
CAND_COX2_0660,cox2,COX-2 (PTGS2),Citrus reticulata Blanco,Naringenin chalcone,YQHMWTPYORBCMF,YQHMWTPYORBCMF-ZZXKWVIFSA-N,6,0.3867,0.4857,59,22.0,HIGH,LEVEL_B_RELATED_ENDPOINT,False,True,False,1,False,False,False,Unsampled in Stage 7F,Computationally screened + related biological evidence
CAND_COX2_0710,cox2,COX-2 (PTGS2),Hibiscus MUTABILIS L.,Naringenin chalcone,YQHMWTPYORBCMF,YQHMWTPYORBCMF-ZZXKWVIFSA-N,6,0.3867,0.4857,59,31.0,HIGH,LEVEL_B_RELATED_ENDPOINT,False,True,False,1,False,False,False,Unsampled in Stage 7F,Computationally screened + related biological evidence
CAND_COX2_0699,cox2,COX-2 (PTGS2),Mussaenda ROXBURGHII Hook. f.,lupeol palmitate,BWXDHBQGBNPJMN,BWXDHBQGBNPJMN-VBHWJLTNSA-N,6,0.3836,0.4643,60,,HIGH,NO_RELEVANT_REPORT_FOUND,False,False,False,0,False,False,False,Unsampled in Stage 7F,Computationally screened + no relevant target report located
CAND_COX2_0740,cox2,COX-2 (PTGS2),Centella ASIATICA (L.) Urban.,Centellasaponin C,SOOVZDUBVGGAAJ,SOOVZDUBVGGAAJ-UHFFFAOYSA-N,6,0.38,0.4929,64,18.0,HIGH,NO_RELEVANT_REPORT_FOUND,False,False,False,0,False,False,False,Unsampled in Stage 7F,Computationally screened + no relevant target report located
CAND_COX2_0653,cox2,COX-2 (PTGS2),Citrus limon (L.) Osbeck,Nobiletin,MRIAQLRQZPPODS,MRIAQLRQZPPODS-UHFFFAOYSA-N,6,0.38,0.4898,65,14.0,HIGH,NO_RELEVANT_REPORT_FOUND,False,False,False,0,False,False,False,Unsampled in Stage 7F,Computationally screened + no relevant target report located
CAND_COX2_0661,cox2,COX-2 (PTGS2),Citrus reticulata Blanco,Nobiletin,MRIAQLRQZPPODS,MRIAQLRQZPPODS-UHFFFAOYSA-N,6,0.38,0.4898,65,22.0,HIGH,NO_RELEVANT_REPORT_FOUND,False,False,False,0,False,False,False,Unsampled in Stage 7F,Computationally screened + no relevant target report located
CAND_COX2_0721,cox2,COX-2 (PTGS2),Citrus maxima (Burm.) Merr.,Nobiletin,MRIAQLRQZPPODS,MRIAQLRQZPPODS-UHFFFAOYSA-N,6,0.38,0.4898,65,21.0,HIGH,NO_RELEVANT_REPORT_FOUND,False,False,False,0,False,False,False,Unsampled in Stage 7F,Computationally screened + no relevant target report located
CAND_COX2_0646,cox2,COX-2 (PTGS2),Pterocarpus SANTALINUS L. f.,Isoliquiritigenin,DXDRHHKMWQZJHT,DXDRHHKMWQZJHT-FPYGCLRLSA-N,6,0.38,0.4423,66,8.0,HIGH,LEVEL_B_RELATED_ENDPOINT,False,True,False,1,True,False,True,Unsampled in Stage 7F,Computationally screened + related biological evidence
CAND_COX2_0714,cox2,COX-2 (PTGS2),Dalbergia STIPULACEA Roxb.,"2' ,4' ,4' -trihydroxy chalcone",DXDRHHKMWQZJHT,DXDRHHKMWQZJHT-FPYGCLRLSA-N,6,0.38,0.4423,66,,HIGH,LEVEL_B_RELATED_ENDPOINT,False,True,False,1,False,False,False,Unsampled in Stage 7F,Computationally screened + related biological evidence
CAND_COX2_0729,cox2,COX-2 (PTGS2),Caesalpinia BONDUC (L.) Roxb.,"2', 4', 4-trihydroxychalcone",DXDRHHKMWQZJHT,DXDRHHKMWQZJHT-FPYGCLRLSA-N,6,0.38,0.4423,66,30.0,HIGH,LEVEL_B_RELATED_ENDPOINT,False,True,False,1,False,False,False,Unsampled in Stage 7F,Computationally screened + related biological evidence
CAND_COX2_0670,cox2,COX-2 (PTGS2),Zingiber ZERUMBET (L.) Roscoe ex Sm.,Cyclone,PLGPSDNOLCVGSS,PLGPSDNOLCVGSS-UHFFFAOYSA-N,6,0.3783,0.4194,67,,HIGH,NO_RELEVANT_REPORT_FOUND,False,False,False,0,False,False,False,Unsampled in Stage 7F,Computationally screened + no relevant target report located
CAND_COX2_0736,cox2,COX-2 (PTGS2),Camellia sinensis (L.) O. Kuntze.,theasaponins E2,RPFAABJEBARVGF,RPFAABJEBARVGF-SEBBEXHUSA-N,6,0.3767,0.4224,68,20.0,HIGH,NO_RELEVANT_REPORT_FOUND,False,False,False,0,False,False,False,Unsampled in Stage 7F,Computationally screened + no relevant target report located
CAND_COX2_0707,cox2,COX-2 (PTGS2),Lawsonia INERMIS L.,"3',4'-dimethoxyflavone",ZGHORMOOTZTQFL,ZGHORMOOTZTQFL-UHFFFAOYSA-N,6,0.3767,0.4035,69,24.0,HIGH,LEVEL_B_RELATED_ENDPOINT,False,True,False,3,False,False,False,Unsampled in Stage 7F,Computationally screened + related biological evidence
CAND_COX2_0667,cox2,COX-2 (PTGS2),Aegle MARMELOS (L.) Corr.,Saponins,AXNVHPCVMSNXNP,AXNVHPCVMSNXNP-ZELRDNAQSA-N,6,0.3733,0.4194,71,15.0,HIGH,NO_RELEVANT_REPORT_FOUND,False,False,False,0,False,False,False,Unsampled in Stage 7F,Computationally screened + no relevant target report located
CAND_COX2_0698,cox2,COX-2 (PTGS2),Ocimum AMERICANUM L.,Saponins,AXNVHPCVMSNXNP,AXNVHPCVMSNXNP-ZELRDNAQSA-N,6,0.3733,0.4194,71,23.0,HIGH,NO_RELEVANT_REPORT_FOUND,False,False,False,0,False,False,False,Unsampled in Stage 7F,Computationally screened + no relevant target report located
CAND_COX2_0733,cox2,COX-2 (PTGS2),Camellia sinensis (L.) O. Kuntze.,Saponins,AXNVHPCVMSNXNP,AXNVHPCVMSNXNP-ZELRDNAQSA-N,6,0.3733,0.4194,71,20.0,HIGH,NO_RELEVANT_REPORT_FOUND,False,False,False,0,False,False,False,Unsampled in Stage 7F,Computationally screened + no relevant target report located
CAND_COX2_0715,cox2,COX-2 (PTGS2),Cyperus ROTUNDUS L.,1-beta-D-Glucopyranosyl-L-tryptophan,ZHBHZDMTVVJASV,ZHBHZDMTVVJASV-JOSVURMMSA-N,6,0.3733,0.4085,72,33.0,HIGH,NO_RELEVANT_REPORT_FOUND,False,False,False,0,False,False,False,Unsampled in Stage 7F,Computationally screened + no relevant target report located
CAND_COX2_0655,cox2,COX-2 (PTGS2),Citrus limon (L.) Osbeck,Tangeretin,ULSUXBXHSYSGDT,ULSUXBXHSYSGDT-UHFFFAOYSA-N,6,0.3711,0.5435,73,14.0,HIGH,NO_RELEVANT_REPORT_FOUND,False,False,False,0,False,False,False,Unsampled in Stage 7F,Computationally screened + no relevant target report located
CAND_COX2_0663,cox2,COX-2 (PTGS2),Citrus reticulata Blanco,Tangeretin,ULSUXBXHSYSGDT,ULSUXBXHSYSGDT-UHFFFAOYSA-N,6,0.3711,0.5435,73,22.0,HIGH,NO_RELEVANT_REPORT_FOUND,False,False,False,0,False,False,False,Unsampled in Stage 7F,Computationally screened + no relevant target report located
CAND_COX2_0723,cox2,COX-2 (PTGS2),Citrus maxima (Burm.) Merr.,Tangeretin,ULSUXBXHSYSGDT,ULSUXBXHSYSGDT-UHFFFAOYSA-N,6,0.3711,0.5435,73,21.0,HIGH,NO_RELEVANT_REPORT_FOUND,False,False,False,0,False,False,False,Unsampled in Stage 7F,Computationally screened + no relevant target report located
CAND_COX2_0724,cox2,COX-2 (PTGS2),Citrus maxima (Burm.) Merr.,Tangeritin,ULSUXBXHSYSGDT,ULSUXBXHSYSGDT-UHFFFAOYSA-N,6,0.3711,0.5435,73,21.0,HIGH,NO_RELEVANT_REPORT_FOUND,False,False,False,0,False,False,False,Unsampled in Stage 7F,Computationally screened + no relevant target report located
CAND_COX2_0650,cox2,COX-2 (PTGS2),Mallotus philippensis (Lam.) Muell.-Arg.,Flemiwallichin D,CPEVXYSYBVNBGN,CPEVXYSYBVNBGN-RMKNXTFCSA-N,6,0.37,0.4458,74,9.0,HIGH,NO_RELEVANT_REPORT_FOUND,False,False,False,0,False,False,False,Unsampled in Stage 7F,Computationally screened + no relevant target report located
CAND_COX2_0665,cox2,COX-2 (PTGS2),Holarrhena pubescens Wall.ex G.Don,aminoguanidine,HAMNKKUPIHEESI,HAMNKKUPIHEESI-UHFFFAOYSA-N,6,0.37,0.4286,75,35.0,HIGH,LEVEL_B_RELATED_ENDPOINT,False,True,False,41,False,False,False,Unsampled in Stage 7F,Computationally screened + related biological evidence
CAND_COX2_0731,cox2,COX-2 (PTGS2),Calotropis GIGANTEA (L.) R. Br.,3-O-ACETYL-6-METHOXY-CYCLOARTENOL,RXIMBIRJURQOKO,RXIMBIRJURQOKO-UHFFFAOYSA-N,6,0.3667,0.4875,76,19.0,HIGH,NO_RELEVANT_REPORT_FOUND,False,False,False,0,False,False,False,Unsampled in Stage 7F,Computationally screened + no relevant target report located
CAND_COX2_0668,cox2,COX-2 (PTGS2),Ageratum CONYZOIDES L.,linderoflavone B,LKUJKDQDJLCGCT,LKUJKDQDJLCGCT-UHFFFAOYSA-N,6,0.3611,0.4528,77,37.0,HIGH,NO_RELEVANT_REPORT_FOUND,False,False,False,0,False,False,False,Unsampled in Stage 7F,Computationally screened + no relevant target report located
CAND_COX2_0701,cox2,COX-2 (PTGS2),Mimusops ELENGI L.,Mi-saponin A,CQUSHZSCDGSFBF,CQUSHZSCDGSFBF-NBHXUDFYSA-N,6,0.36,0.5357,78,29.0,HIGH,NO_RELEVANT_REPORT_FOUND,False,False,False,0,False,False,False,Unsampled in Stage 7F,Computationally screened + no relevant target report located
CAND_MAOA_0990,maoa,MAO-A (CHRFAM7A/MAOA),Lawsonia INERMIS L.,Harmine,BXNJHAXVSOCGBA,BXNJHAXVSOCGBA-UHFFFAOYSA-N,6,0.9567,0.7317,1,90.0,HIGH,LEVEL_A_EXACT_TARGET,True,False,False,1,False,False,False,Unsampled in Stage 7F,Computationally screened + exact-target literature supported
CAND_MAOA_1106,maoa,MAO-A (CHRFAM7A/MAOA),Caesalpinia BONDUC (L.) Roxb.,"Kaempferol 7,4-dimethyl ether",KZBAXKKOXPLOBX,KZBAXKKOXPLOBX-UHFFFAOYSA-N,6,0.9217,0.8974,2,23.0,HIGH,NO_RELEVANT_REPORT_FOUND,False,False,False,0,False,False,False,Unsampled in Stage 7F,Computationally screened + no relevant target report located
CAND_MAOA_0861,maoa,MAO-A (CHRFAM7A/MAOA),Macaranga peltata (Roxb.)Muell.-Arg.,Rhamnetin,JGUZGNYPMHHYRK,JGUZGNYPMHHYRK-UHFFFAOYSA-N,6,0.87,0.8095,3,39.0,HIGH,NO_RELEVANT_REPORT_FOUND,False,False,False,0,False,False,False,Unsampled in Stage 7F,Computationally screened + no relevant target report located
CAND_MAOA_1031,maoa,MAO-A (CHRFAM7A/MAOA),Grewia asiatica L.,Rhamnetin,JGUZGNYPMHHYRK,JGUZGNYPMHHYRK-UHFFFAOYSA-N,6,0.87,0.8095,3,35.0,HIGH,NO_RELEVANT_REPORT_FOUND,False,False,False,0,False,False,False,Unsampled in Stage 7F,Computationally screened + no relevant target report located
CAND_MAOA_1051,maoa,MAO-A (CHRFAM7A/MAOA),Derris TRIFOLIATA Lour.,Rhamnetin,JGUZGNYPMHHYRK,JGUZGNYPMHHYRK-UHFFFAOYSA-N,6,0.87,0.8095,3,5.0,HIGH,NO_RELEVANT_REPORT_FOUND,False,False,False,0,False,False,False,Unsampled in Stage 7F,Computationally screened + no relevant target report located
CAND_MAOA_1087,maoa,MAO-A (CHRFAM7A/MAOA),Anacardium OCCIDENTALE L.,rhamnetin,JGUZGNYPMHHYRK,JGUZGNYPMHHYRK-UHFFFAOYSA-N,6,0.87,0.8095,3,52.0,HIGH,NO_RELEVANT_REPORT_FOUND,False,False,False,0,False,False,False,Unsampled in Stage 7F,Computationally screened + no relevant target report located
CAND_MAOA_1140,maoa,MAO-A (CHRFAM7A/MAOA),Cassia FISTULA L.,Rhamnetin,JGUZGNYPMHHYRK,JGUZGNYPMHHYRK-UHFFFAOYSA-N,6,0.87,0.8095,3,57.0,HIGH,NO_RELEVANT_REPORT_FOUND,False,False,False,0,False,False,False,Unsampled in Stage 7F,Computationally screened + no relevant target report located
CAND_MAOA_0923,maoa,MAO-A (CHRFAM7A/MAOA),Passiflora FOETIDA L.,Harman,PSFDQSOCUJVVGF,PSFDQSOCUJVVGF-UHFFFAOYSA-N,6,0.8215,0.5641,4,38.0,HIGH,LEVEL_A_EXACT_TARGET,True,False,False,1,True,False,True,Unsampled in Stage 7F,Computationally screened + exact-target literature supported
CAND_MAOA_1017,maoa,MAO-A (CHRFAM7A/MAOA),Hibiscus MUTABILIS L.,Methysticin,GTEXBOVBADJOQH,GTEXBOVBADJOQH-FWEMWIAWSA-N,6,0.655,0.6458,5,36.0,HIGH,NO_RELEVANT_REPORT_FOUND,False,False,False,0,False,False,False,Unsampled in Stage 7F,Computationally screened + no relevant target report located
CAND_MAOA_0877,maoa,MAO-A (CHRFAM7A/MAOA),Acacia FARNESIANA (L.) Willd.,kaempferol 7-O-glucoside,YPWHZCPMOQGCDQ,YPWHZCPMOQGCDQ-HMGRVEAOSA-N,6,0.625,0.5714,6,45.0,HIGH,NO_RELEVANT_REPORT_FOUND,False,False,False,0,False,False,False,Unsampled in Stage 7F,Computationally screened + no relevant target report located
CAND_MAOA_1045,maoa,MAO-A (CHRFAM7A/MAOA),Desmodium GANGETICUM (L.) DC.,Kaempferol-7-o-D-glucopyranoside,YPWHZCPMOQGCDQ,YPWHZCPMOQGCDQ-HMGRVEAOSA-N,6,0.625,0.5714,6,48.0,HIGH,NO_RELEVANT_REPORT_FOUND,False,False,False,0,False,False,False,Unsampled in Stage 7F,Computationally screened + no relevant target report located
CAND_MAOA_1148,maoa,MAO-A (CHRFAM7A/MAOA),Centella ASIATICA (L.) Urban.,Kaempferol 7-O-glucoside,YPWHZCPMOQGCDQ,YPWHZCPMOQGCDQ-HMGRVEAOSA-N,6,0.625,0.5714,6,41.0,HIGH,NO_RELEVANT_REPORT_FOUND,False,False,False,0,False,False,False,Unsampled in Stage 7F,Computationally screened + no relevant target report located
CAND_MAOA_1149,maoa,MAO-A (CHRFAM7A/MAOA),Centella ASIATICA (L.) Urban.,kaempferol 7-glucoside,YPWHZCPMOQGCDQ,YPWHZCPMOQGCDQ-HMGRVEAOSA-N,6,0.625,0.5714,6,41.0,HIGH,NO_RELEVANT_REPORT_FOUND,False,False,False,0,False,False,False,Unsampled in Stage 7F,Computationally screened + no relevant target report located
CAND_MAOA_1073,maoa,MAO-A (CHRFAM7A/MAOA),Cleome VISCOSA L.,Kaempferide 3-glucuronide,FGOHVEYPHSAVIG,FGOHVEYPHSAVIG-UHFFFAOYSA-N,6,0.6183,0.5667,7,9.0,HIGH,NO_RELEVANT_REPORT_FOUND,False,False,False,0,False,False,False,Unsampled in Stage 7F,Computationally screened + no relevant target report located
CAND_MAOA_1141,maoa,MAO-A (CHRFAM7A/MAOA),Senna occidentalis (L.) Link,"1,4,5-Trihydroxyanthraquinone",ZEOSVASXEQYUGA,PRKNCOCERFKSLP-UHFFFAOYSA-N,6,0.6033,0.6452,8,49.0,HIGH,NO_RELEVANT_REPORT_FOUND,False,False,False,0,True,False,True,Unsampled in Stage 7F,Computationally screened + no relevant target report located
CAND_MAOA_1110,maoa,MAO-A (CHRFAM7A/MAOA),Caesalpinia BONDUC (L.) Roxb.,Quercetin 7-(6-tiglylglucoside,AMTJHZIQBTUFSJ,AMTJHZIQBTUFSJ-WUOADIQLSA-N,6,0.6017,0.4286,9,23.0,HIGH,NO_RELEVANT_REPORT_FOUND,False,False,False,0,False,False,False,Unsampled in Stage 7F,Computationally screened + no relevant target report located
CAND_MAOA_1030,maoa,MAO-A (CHRFAM7A/MAOA),Grewia asiatica L.,Quercetin-7-O-glucoside,BBFYUPYFXSSMNV,BBFYUPYFXSSMNV-UHFFFAOYSA-N,6,0.5967,0.4754,10,35.0,HIGH,NO_RELEVANT_REPORT_FOUND,False,False,False,0,True,True,False,Unsampled in Stage 7F,Computationally screened + no relevant target report located
CAND_MAOA_1048,maoa,MAO-A (CHRFAM7A/MAOA),Desmodium GANGETICUM (L.) DC.,Quercetin 7-O-glucoside,BBFYUPYFXSSMNV,BBFYUPYFXSSMNV,6,0.5967,0.4754,10,48.0,HIGH,NO_RELEVANT_REPORT_FOUND,False,False,False,0,True,True,False,Unsampled in Stage 7F,Computationally screened + no relevant target report located
CAND_MAOA_0891,maoa,MAO-A (CHRFAM7A/MAOA),Terminalia ARJUNA (Roxb. ex DC.) Wight & Arn.,Cerasidin,IAUDUEQNUVKNBT,IAUDUEQNUVKNBT-SOFGYWHQSA-N,6,0.5867,0.7619,12,97.0,HIGH,NO_RELEVANT_REPORT_FOUND,False,False,False,0,True,False,True,Unsampled in Stage 7F,Computationally screened + no relevant target report located
CAND_MAOA_1054,maoa,MAO-A (CHRFAM7A/MAOA),Derris TRIFOLIATA Lour.,prunetin,KQMVAGISDHMXJJ,KQMVAGISDHMXJJ-UHFFFAOYSA-N,6,0.585,0.6087,13,5.0,HIGH,NO_RELEVANT_REPORT_FOUND,False,False,False,0,False,False,False,Unsampled in Stage 7F,Computationally screened + no relevant target report located
CAND_MAOA_0864,maoa,MAO-A (CHRFAM7A/MAOA),Citrus reticulata Blanco,7-Methoxy-2-phenyl4H-chromen-4-one,QKNDCRMJDZLFEG,QKNDCRMJDZLFEG-UHFFFAOYSA-N,6,0.5767,0.575,14,102.0,HIGH,NO_RELEVANT_REPORT_FOUND,False,False,False,0,False,False,False,Unsampled in Stage 7F,Computationally screened + no relevant target report located
CAND_MAOA_1056,maoa,MAO-A (CHRFAM7A/MAOA),Cyperus ROTUNDUS L.,"(2Z)-4,6-dihydroxy-2-[(3-hydroxy-4-methoxyphenyl)methylidene]-1-benzofuran-3-one",WKEOZXMSVNVPCM,WKEOZXMSVNVPCM-RZNTYIFUSA-N,6,0.5717,0.6327,15,81.0,HIGH,NO_RELEVANT_REPORT_FOUND,False,False,False,0,False,False,False,Unsampled in Stage 7F,Computationally screened + no relevant target report located
CAND_MAOA_1042,maoa,MAO-A (CHRFAM7A/MAOA),Desmodium GANGETICUM (L.) DC.,"10H-Phenothiazine, 1-methoxy-",ROGKOUKGHMDPLN,ROGKOUKGHMDPLN-UHFFFAOYSA-N,6,0.5717,0.5333,16,48.0,HIGH,NO_RELEVANT_REPORT_FOUND,False,False,False,0,False,False,False,Unsampled in Stage 7F,Computationally screened + no relevant target report located
CAND_MAOA_0971,maoa,MAO-A (CHRFAM7A/MAOA),Maesa INDICA Wall.,Kaempferol-7-neohesperidoside,ZEJXENDZTYVXDP,ZEJXENDZTYVXDP-CSJHBIPPSA-N,6,0.5694,0.4925,17,25.0,HIGH,NO_RELEVANT_REPORT_FOUND,False,False,False,0,False,False,False,Unsampled in Stage 7F,Computationally screened + no relevant target report located
CAND_MAOA_0841,maoa,MAO-A (CHRFAM7A/MAOA),Papaver somniferum L.,Sanguinarine,INVGWHRKADIJHF,INVGWHRKADIJHF-UHFFFAOYSA-N,6,0.5645,0.6458,18,70.0,HIGH,NO_RELEVANT_REPORT_FOUND,False,False,False,0,True,False,True,Unsampled in Stage 7F,Computationally screened + no relevant target report located
CAND_MAOA_1142,maoa,MAO-A (CHRFAM7A/MAOA),Senna occidentalis (L.) Link,Gentisin,XOXYHGOIRWABTC,XOXYHGOIRWABTC-UHFFFAOYSA-N,6,0.5633,0.75,19,49.0,HIGH,NO_RELEVANT_REPORT_FOUND,False,False,False,0,True,False,True,Unsampled in Stage 7F,Computationally screened + no relevant target report located
CAND_MAOA_1158,maoa,MAO-A (CHRFAM7A/MAOA),Syzygium CUMINI (L.) Skeel.,Eugenin,SUTUBQHKZRNZRA,SUTUBQHKZRNZRA-UHFFFAOYSA-N,6,0.5583,0.5476,20,69.0,HIGH,NO_RELEVANT_REPORT_FOUND,False,False,False,0,True,False,True,Unsampled in Stage 7F,Computationally screened + no relevant target report located
CAND_MAOA_1109,maoa,MAO-A (CHRFAM7A/MAOA),Caesalpinia BONDUC (L.) Roxb.,"Quercetin 7,4-diglucoside",QZXHFNCQMMUANB,QZXHFNCQMMUANB-UINLEYECSA-N,6,0.555,0.4677,21,23.0,HIGH,NO_RELEVANT_REPORT_FOUND,False,False,False,0,False,False,False,Unsampled in Stage 7F,Computationally screened + no relevant target report located
CAND_MAOA_0871,maoa,MAO-A (CHRFAM7A/MAOA),Holarrhena pubescens Wall.ex G.Don,Biochanin A,WUADCCWRTIWANL,WUADCCWRTIWANL-UHFFFAOYSA-N,6,0.5533,0.617,22,80.0,HIGH,LEVEL_B_RELATED_ENDPOINT,False,True,False,1,False,False,False,Unsampled in Stage 7F,Computationally screened + related biological evidence
CAND_MAOA_0882,maoa,MAO-A (CHRFAM7A/MAOA),Albizia PROCERA (Roxb.) Benth.,biochanin A,WUADCCWRTIWANL,WUADCCWRTIWANL-UHFFFAOYSA-N,6,0.5533,0.617,22,20.0,HIGH,LEVEL_B_RELATED_ENDPOINT,False,True,False,1,False,False,False,Unsampled in Stage 7F,Computationally screened + related biological evidence
CAND_MAOA_1055,maoa,MAO-A (CHRFAM7A/MAOA),Dalbergia STIPULACEA Roxb.,biochanin A,WUADCCWRTIWANL,WUADCCWRTIWANL-UHFFFAOYSA-N,6,0.5533,0.617,22,64.0,HIGH,LEVEL_B_RELATED_ENDPOINT,False,True,False,1,False,False,False,Unsampled in Stage 7F,Computationally screened + related biological evidence
CAND_MAOA_0894,maoa,MAO-A (CHRFAM7A/MAOA),Tephrosia PURPUREA (L.) Pers.,"2-Phenylfuro[2,3-h]chromen-4-one",NQNOTBRHBRJKKH,NQNOTBRHBRJKKH-UHFFFAOYSA-N,6,0.5406,0.5349,23,14.0,HIGH,NO_RELEVANT_REPORT_FOUND,False,False,False,0,True,False,True,Unsampled in Stage 7F,Computationally screened + no relevant target report located
CAND_MAOA_0983,maoa,MAO-A (CHRFAM7A/MAOA),Leucas ASPERA (Willd.) Link.,6-Methoxyflavone,XZQLSABETMKIGG,XZQLSABETMKIGG-UHFFFAOYSA-N,6,0.54,0.561,24,78.0,HIGH,NO_RELEVANT_REPORT_FOUND,False,False,False,0,False,False,False,Unsampled in Stage 7F,Computationally screened + no relevant target report located
CAND_MAOA_0975,maoa,MAO-A (CHRFAM7A/MAOA),Maesa INDICA Wall.,Quercetin-4'-glucoside,OIUBYZLTFSLSBY,OIUBYZLTFSLSBY-HMGRVEAOSA-N,6,0.5383,0.4918,25,25.0,HIGH,NO_RELEVANT_REPORT_FOUND,False,False,False,0,False,False,False,Unsampled in Stage 7F,Computationally screened + no relevant target report located
CAND_MAOA_1029,maoa,MAO-A (CHRFAM7A/MAOA),Grewia asiatica L.,Quercetin-4-O-glucoside,OIUBYZLTFSLSBY,OIUBYZLTFSLSBY-HMGRVEAOSA-N,6,0.5383,0.4918,25,35.0,HIGH,NO_RELEVANT_REPORT_FOUND,False,False,False,0,False,False,False,Unsampled in Stage 7F,Computationally screened + no relevant target report located
CAND_MAOA_0889,maoa,MAO-A (CHRFAM7A/MAOA),Terminalia CHEBULA Retz.,"9H-Xanthen-9-one, 1,3-dihydroxy-6-methoxy-8-methyl",RFENQGQGMLPVJM,RFENQGQGMLPVJM-UHFFFAOYSA-N,6,0.5382,0.6429,26,58.0,HIGH,NO_RELEVANT_REPORT_FOUND,False,False,False,0,False,False,False,Unsampled in Stage 7F,Computationally screened + no relevant target report located
CAND_MAOA_1052,maoa,MAO-A (CHRFAM7A/MAOA),Derris TRIFOLIATA Lour.,Rhamnetin-3-O-neohesperidoside,BDQAVVLZKLFTIK,BDQAVVLZKLFTIK-KCYUVNIVSA-N,6,0.5344,0.4225,27,5.0,HIGH,NO_RELEVANT_REPORT_FOUND,False,False,False,0,False,False,False,Unsampled in Stage 7F,Computationally screened + no relevant target report located
CAND_MAOA_0839,maoa,MAO-A (CHRFAM7A/MAOA),Papaver somniferum L.,Kaempferol,IYRMWMYZSQPJKC,IYRMWMYZSQPJKC-UHFFFAOYSA-N,6,0.5333,0.75,28,70.0,HIGH,NO_RELEVANT_REPORT_FOUND,False,False,False,0,True,False,True,Unsampled in Stage 7F,Computationally screened + no relevant target report located
CAND_MAOA_0845,maoa,MAO-A (CHRFAM7A/MAOA),Plumbago indica L.,Kaempferol,IYRMWMYZSQPJKC,IYRMWMYZSQPJKC-UHFFFAOYSA-N,6,0.5333,0.75,28,88.0,HIGH,NO_RELEVANT_REPORT_FOUND,False,False,False,0,True,False,True,Unsampled in Stage 7F,Computationally screened + no relevant target report located
CAND_MAOA_0851,maoa,MAO-A (CHRFAM7A/MAOA),Moringa oleifera Lam.,Kaempferol,IYRMWMYZSQPJKC,IYRMWMYZSQPJKC-UHFFFAOYSA-N,6,0.5333,0.75,28,98.0,HIGH,NO_RELEVANT_REPORT_FOUND,False,False,False,0,False,False,False,Unsampled in Stage 7F,Computationally screened + no relevant target report located
CAND_MAOA_0858,maoa,MAO-A (CHRFAM7A/MAOA),Clitoria ternatea L.,Kaempferol,IYRMWMYZSQPJKC,IYRMWMYZSQPJKC-UHFFFAOYSA-N,6,0.5333,0.75,28,2.0,HIGH,NO_RELEVANT_REPORT_FOUND,False,False,False,0,False,False,False,Unsampled in Stage 7F,Computationally screened + no relevant target report located
CAND_MAOA_0863,maoa,MAO-A (CHRFAM7A/MAOA),Mallotus philippensis (Lam.) Muell.-Arg.,kaempferol,IYRMWMYZSQPJKC,IYRMWMYZSQPJKC-UHFFFAOYSA-N,6,0.5333,0.75,28,60.0,HIGH,NO_RELEVANT_REPORT_FOUND,False,False,False,0,False,False,False,Unsampled in Stage 7F,Computationally screened + no relevant target report located
CAND_MAOA_0866,maoa,MAO-A (CHRFAM7A/MAOA),Citrus reticulata Blanco,Kaempferol,IYRMWMYZSQPJKC,IYRMWMYZSQPJKC-UHFFFAOYSA-N,6,0.5333,0.75,28,102.0,HIGH,NO_RELEVANT_REPORT_FOUND,False,False,False,0,False,False,False,Unsampled in Stage 7F,Computationally screened + no relevant target report located
CAND_MAOA_0876,maoa,MAO-A (CHRFAM7A/MAOA),Acacia FARNESIANA (L.) Willd.,Kaempferol,IYRMWMYZSQPJKC,IYRMWMYZSQPJKC-UHFFFAOYSA-N,6,0.5333,0.75,28,45.0,HIGH,NO_RELEVANT_REPORT_FOUND,False,False,False,0,False,False,False,Unsampled in Stage 7F,Computationally screened + no relevant target report located
CAND_MAOA_0880,maoa,MAO-A (CHRFAM7A/MAOA),Ageratum CONYZOIDES L.,kaempferol,IYRMWMYZSQPJKC,IYRMWMYZSQPJKC-UHFFFAOYSA-N,6,0.5333,0.75,28,91.0,HIGH,NO_RELEVANT_REPORT_FOUND,False,False,False,0,False,False,False,Unsampled in Stage 7F,Computationally screened + no relevant target report located
CAND_MAOA_0885,maoa,MAO-A (CHRFAM7A/MAOA),Urena LOBATA L.,Kaempferol,IYRMWMYZSQPJKC,IYRMWMYZSQPJKC-UHFFFAOYSA-N,6,0.5333,0.75,28,19.0,HIGH,NO_RELEVANT_REPORT_FOUND,False,False,False,0,True,False,True,Unsampled in Stage 7F,Computationally screened + no relevant target report located
CAND_MAOA_0892,maoa,MAO-A (CHRFAM7A/MAOA),Terminalia ARJUNA (Roxb. ex DC.) Wight & Arn.,Kempferol,IYRMWMYZSQPJKC,IYRMWMYZSQPJKC-UHFFFAOYSA-N,6,0.5333,0.75,28,97.0,HIGH,NO_RELEVANT_REPORT_FOUND,False,False,False,0,True,False,True,Unsampled in Stage 7F,Computationally screened + no relevant target report located
CAND_MAOA_0912,maoa,MAO-A (CHRFAM7A/MAOA),Plumeria RUBRA L.,Kaempferol,IYRMWMYZSQPJKC,IYRMWMYZSQPJKC-UHFFFAOYSA-N,6,0.5333,0.75,28,68.0,HIGH,NO_RELEVANT_REPORT_FOUND,False,False,False,0,True,False,True,Unsampled in Stage 7F,Computationally screened + no relevant target report located
CAND_MAOA_0915,maoa,MAO-A (CHRFAM7A/MAOA),Plumbago INDICA L.,Kaempferol,IYRMWMYZSQPJKC,IYRMWMYZSQPJKC-UHFFFAOYSA-N,6,0.5333,0.75,28,89.0,HIGH,NO_RELEVANT_REPORT_FOUND,False,False,False,0,True,False,True,Unsampled in Stage 7F,Computationally screened + no relevant target report located
CAND_MAOA_0917,maoa,MAO-A (CHRFAM7A/MAOA),Phyllanthus URINARIA L.,Kaempferol,IYRMWMYZSQPJKC,IYRMWMYZSQPJKC-UHFFFAOYSA-N,6,0.5333,0.75,28,1.0,HIGH,NO_RELEVANT_REPORT_FOUND,False,False,False,0,True,False,True,Unsampled in Stage 7F,Computationally screened + no relevant target report located
CAND_MAOA_0921,maoa,MAO-A (CHRFAM7A/MAOA),. PHYLLANTHUS EMBLICA L. (Euphorbiaceae),Kaempferol,IYRMWMYZSQPJKC,IYRMWMYZSQPJKC-UHFFFAOYSA-N,6,0.5333,0.75,28,17.0,HIGH,NO_RELEVANT_REPORT_FOUND,False,False,False,0,True,False,True,Unsampled in Stage 7F,Computationally screened + no relevant target report located
CAND_MAOA_0926,maoa,MAO-A (CHRFAM7A/MAOA),Paederia FOETIDA L.,Kaempferol,IYRMWMYZSQPJKC,IYRMWMYZSQPJKC-UHFFFAOYSA-N,6,0.5333,0.75,28,42.0,HIGH,NO_RELEVANT_REPORT_FOUND,False,False,False,0,False,False,False,Unsampled in Stage 7F,Computationally screened + no relevant target report located
CAND_MAOA_0939,maoa,MAO-A (CHRFAM7A/MAOA),Nigella SATIVA L,Kaempferol,IYRMWMYZSQPJKC,IYRMWMYZSQPJKC-UHFFFAOYSA-N,6,0.5333,0.75,28,66.0,HIGH,NO_RELEVANT_REPORT_FOUND,False,False,False,0,False,False,False,Unsampled in Stage 7F,Computationally screened + no relevant target report located
CAND_MAOA_0941,maoa,MAO-A (CHRFAM7A/MAOA),Murraya PANICULATA (L.) Jacq.,kaempferol,IYRMWMYZSQPJKC,IYRMWMYZSQPJKC-UHFFFAOYSA-N,6,0.5333,0.75,28,29.0,HIGH,NO_RELEVANT_REPORT_FOUND,False,False,False,0,False,False,False,Unsampled in Stage 7F,Computationally screened + no relevant target report located
CAND_MAOA_0944,maoa,MAO-A (CHRFAM7A/MAOA),Moringa OLEIFERA Lamk.,Kaempferol,IYRMWMYZSQPJKC,IYRMWMYZSQPJKC-UHFFFAOYSA-N,6,0.5333,0.75,28,99.0,HIGH,NO_RELEVANT_REPORT_FOUND,False,False,False,0,False,False,False,Unsampled in Stage 7F,Computationally screened + no relevant target report located
CAND_MAOA_0953,maoa,MAO-A (CHRFAM7A/MAOA),Mimusops ELENGI L.,kaempferol,IYRMWMYZSQPJKC,IYRMWMYZSQPJKC-UHFFFAOYSA-N,6,0.5333,0.75,28,26.0,HIGH,NO_RELEVANT_REPORT_FOUND,False,False,False,0,False,False,False,Unsampled in Stage 7F,Computationally screened + no relevant target report located
CAND_MAOA_0958,maoa,MAO-A (CHRFAM7A/MAOA),Michelia CHAMPACA L.,Kaempferol,IYRMWMYZSQPJKC,IYRMWMYZSQPJKC-UHFFFAOYSA-N,6,0.5333,0.75,28,51.0,HIGH,NO_RELEVANT_REPORT_FOUND,False,False,False,0,False,False,False,Unsampled in Stage 7F,Computationally screened + no relevant target report located
CAND_MAOA_0964,maoa,MAO-A (CHRFAM7A/MAOA),Manihot ESCULENTA Crantz.,kaempferol,IYRMWMYZSQPJKC,IYRMWMYZSQPJKC-UHFFFAOYSA-N,6,0.5333,0.75,28,82.0,HIGH,NO_RELEVANT_REPORT_FOUND,False,False,False,0,False,False,False,Unsampled in Stage 7F,Computationally screened + no relevant target report located
CAND_MAOA_0969,maoa,MAO-A (CHRFAM7A/MAOA),Maesa INDICA Wall.,Kaempferol,IYRMWMYZSQPJKC,IYRMWMYZSQPJKC-UHFFFAOYSA-N,6,0.5333,0.75,28,25.0,HIGH,NO_RELEVANT_REPORT_FOUND,False,False,False,0,False,False,False,Unsampled in Stage 7F,Computationally screened + no relevant target report located
CAND_MAOA_0976,maoa,MAO-A (CHRFAM7A/MAOA),Lygodium FLEXUOSUM Sw.,Kaempferol,IYRMWMYZSQPJKC,IYRMWMYZSQPJKC-UHFFFAOYSA-N,6,0.5333,0.75,28,3.0,HIGH,NO_RELEVANT_REPORT_FOUND,False,False,False,0,False,False,False,Unsampled in Stage 7F,Computationally screened + no relevant target report located
CAND_MAOA_0985,maoa,MAO-A (CHRFAM7A/MAOA),Leea INDICA (Burm. f.) Merr.,Kaempferol,IYRMWMYZSQPJKC,IYRMWMYZSQPJKC-UHFFFAOYSA-N,6,0.5333,0.75,28,37.0,HIGH,NO_RELEVANT_REPORT_FOUND,False,False,False,0,False,False,False,Unsampled in Stage 7F,Computationally screened + no relevant target report located
CAND_MAOA_0992,maoa,MAO-A (CHRFAM7A/MAOA),Hopea ODORATA Roxb.,Kaempferol,IYRMWMYZSQPJKC,IYRMWMYZSQPJKC-UHFFFAOYSA-N,6,0.5333,0.75,28,27.0,HIGH,NO_RELEVANT_REPORT_FOUND,False,False,False,0,False,False,False,Unsampled in Stage 7F,Computationally screened + no relevant target report located
CAND_MAOA_0998,maoa,MAO-A (CHRFAM7A/MAOA),Hibiscus SABDARIFFA L.,Kaempferol,IYRMWMYZSQPJKC,IYRMWMYZSQPJKC-UHFFFAOYSA-N,6,0.5333,0.75,28,73.0,HIGH,NO_RELEVANT_REPORT_FOUND,False,False,False,0,False,False,False,Unsampled in Stage 7F,Computationally screened + no relevant target report located
CAND_MAOA_1009,maoa,MAO-A (CHRFAM7A/MAOA),Hibiscus ROSA-SINENSIS L.,Kaempferol,IYRMWMYZSQPJKC,IYRMWMYZSQPJKC-UHFFFAOYSA-N,6,0.5333,0.75,28,59.0,HIGH,NO_RELEVANT_REPORT_FOUND,False,False,False,0,False,False,False,Unsampled in Stage 7F,Computationally screened + no relevant target report located
CAND_MAOA_1012,maoa,MAO-A (CHRFAM7A/MAOA),Hibiscus ROSA-SINENSIS L.,kaempferol,IYRMWMYZSQPJKC,IYRMWMYZSQPJKC-UHFFFAOYSA-N,6,0.5333,0.75,28,59.0,HIGH,NO_RELEVANT_REPORT_FOUND,False,False,False,0,False,False,False,Unsampled in Stage 7F,Computationally screened + no relevant target report located
CAND_MAOA_1016,maoa,MAO-A (CHRFAM7A/MAOA),Hibiscus MUTABILIS L.,Kaempferol,IYRMWMYZSQPJKC,IYRMWMYZSQPJKC-UHFFFAOYSA-N,6,0.5333,0.75,28,36.0,HIGH,NO_RELEVANT_REPORT_FOUND,False,False,False,0,False,False,False,Unsampled in Stage 7F,Computationally screened + no relevant target report located
CAND_MAOA_1023,maoa,MAO-A (CHRFAM7A/MAOA),Grewia asiatica L.,Kaempferol,IYRMWMYZSQPJKC,IYRMWMYZSQPJKC-UHFFFAOYSA-N,6,0.5333,0.75,28,35.0,HIGH,NO_RELEVANT_REPORT_FOUND,False,False,False,0,False,False,False,Unsampled in Stage 7F,Computationally screened + no relevant target report located
CAND_MAOA_1033,maoa,MAO-A (CHRFAM7A/MAOA),Glycosmis PENTAPHYLLA (Retz.) A. DC.,Kaempferol,IYRMWMYZSQPJKC,IYRMWMYZSQPJKC-UHFFFAOYSA-N,6,0.5333,0.75,28,50.0,HIGH,NO_RELEVANT_REPORT_FOUND,False,False,False,0,False,False,False,Unsampled in Stage 7F,Computationally screened + no relevant target report located
CAND_MAOA_1043,maoa,MAO-A (CHRFAM7A/MAOA),Desmodium GANGETICUM (L.) DC.,Kaempferol,IYRMWMYZSQPJKC,IYRMWMYZSQPJKC-UHFFFAOYSA-N,6,0.5333,0.75,28,48.0,HIGH,NO_RELEVANT_REPORT_FOUND,False,False,False,0,False,False,False,Unsampled in Stage 7F,Computationally screened + no relevant target report located
CAND_MAOA_1049,maoa,MAO-A (CHRFAM7A/MAOA),Derris TRIFOLIATA Lour.,Kaempferol,IYRMWMYZSQPJKC,IYRMWMYZSQPJKC-UHFFFAOYSA-N,6,0.5333,0.75,28,5.0,HIGH,NO_RELEVANT_REPORT_FOUND,False,False,False,0,False,False,False,Unsampled in Stage 7F,Computationally screened + no relevant target report located
CAND_MAOA_1058,maoa,MAO-A (CHRFAM7A/MAOA),Cyperus ROTUNDUS L.,Kaempferol,IYRMWMYZSQPJKC,IYRMWMYZSQPJKC-UHFFFAOYSA-N,6,0.5333,0.75,28,81.0,HIGH,NO_RELEVANT_REPORT_FOUND,False,False,False,0,False,False,False,Unsampled in Stage 7F,Computationally screened + no relevant target report located
CAND_MAOA_1064,maoa,MAO-A (CHRFAM7A/MAOA),Cuscuta REFLEXA Roxb.,Kaempferol,IYRMWMYZSQPJKC,IYRMWMYZSQPJKC-UHFFFAOYSA-N,6,0.5333,0.75,28,24.0,HIGH,NO_RELEVANT_REPORT_FOUND,False,False,False,0,False,False,False,Unsampled in Stage 7F,Computationally screened + no relevant target report located
CAND_MAOA_1083,maoa,MAO-A (CHRFAM7A/MAOA),Amaranthus SPINOSUS L.,Kaempferol,IYRMWMYZSQPJKC,IYRMWMYZSQPJKC-UHFFFAOYSA-N,6,0.5333,0.75,28,4.0,HIGH,NO_RELEVANT_REPORT_FOUND,False,False,False,0,False,False,False,Unsampled in Stage 7F,Computationally screened + no relevant target report located
CAND_MAOA_1085,maoa,MAO-A (CHRFAM7A/MAOA),Anacardium OCCIDENTALE L.,kaempferol,IYRMWMYZSQPJKC,IYRMWMYZSQPJKC-UHFFFAOYSA-N,6,0.5333,0.75,28,52.0,HIGH,NO_RELEVANT_REPORT_FOUND,False,False,False,0,False,False,False,Unsampled in Stage 7F,Computationally screened + no relevant target report located
CAND_MAOA_1096,maoa,MAO-A (CHRFAM7A/MAOA),Azadirachta INDICA A. Juss.,Kaempferol,IYRMWMYZSQPJKC,IYRMWMYZSQPJKC-UHFFFAOYSA-N,6,0.5333,0.75,28,84.0,HIGH,NO_RELEVANT_REPORT_FOUND,False,False,False,0,False,False,False,Unsampled in Stage 7F,Computationally screened + no relevant target report located
CAND_MAOA_1122,maoa,MAO-A (CHRFAM7A/MAOA),Cannabis SATIVA L.,kaempferol,IYRMWMYZSQPJKC,IYRMWMYZSQPJKC-UHFFFAOYSA-N,6,0.5333,0.75,28,83.0,HIGH,NO_RELEVANT_REPORT_FOUND,False,False,False,0,False,False,False,Unsampled in Stage 7F,Computationally screened + no relevant target report located
CAND_MAOA_1127,maoa,MAO-A (CHRFAM7A/MAOA),Hibiscus schizopetalus (Mast.) Hook. f.,Kaempferol,IYRMWMYZSQPJKC,IYRMWMYZSQPJKC-UHFFFAOYSA-N,6,0.5333,0.75,28,13.0,HIGH,NO_RELEVANT_REPORT_FOUND,False,False,False,0,False,False,False,Unsampled in Stage 7F,Computationally screened + no relevant target report located
CAND_MAOA_1137,maoa,MAO-A (CHRFAM7A/MAOA),Cassia FISTULA L.,Kaempferol,IYRMWMYZSQPJKC,IYRMWMYZSQPJKC-UHFFFAOYSA-N,6,0.5333,0.75,28,57.0,HIGH,NO_RELEVANT_REPORT_FOUND,False,False,False,0,False,False,False,Unsampled in Stage 7F,Computationally screened + no relevant target report located
CAND_MAOA_1152,maoa,MAO-A (CHRFAM7A/MAOA),Vitex NEGUNDO L.,Kaempferol,IYRMWMYZSQPJKC,IYRMWMYZSQPJKC-UHFFFAOYSA-N,6,0.5333,0.75,28,86.0,HIGH,NO_RELEVANT_REPORT_FOUND,False,False,False,0,True,False,True,Unsampled in Stage 7F,Computationally screened + no relevant target report located
CAND_MAOA_1155,maoa,MAO-A (CHRFAM7A/MAOA),Tabernaemontana DIVARICATA (L.) R.Br. ex Roem. & Schult.,Kaempferol,IYRMWMYZSQPJKC,IYRMWMYZSQPJKC-UHFFFAOYSA-N,6,0.5333,0.75,28,40.0,HIGH,NO_RELEVANT_REPORT_FOUND,False,False,False,0,True,False,True,Unsampled in Stage 7F,Computationally screened + no relevant target report located
CAND_MAOA_1160,maoa,MAO-A (CHRFAM7A/MAOA),Syzygium CUMINI (L.) Skeel.,Kaempferol,IYRMWMYZSQPJKC,IYRMWMYZSQPJKC-UHFFFAOYSA-N,6,0.5333,0.75,28,69.0,HIGH,NO_RELEVANT_REPORT_FOUND,False,False,False,0,False,False,False,Unsampled in Stage 7F,Computationally screened + no relevant target report located
CAND_MAOA_0997,maoa,MAO-A (CHRFAM7A/MAOA),Hibiscus SABDARIFFA L.,Isorhamnetin,IZQSVPBOUDKVDZ,IZQSVPBOUDKVDZ-UHFFFAOYSA-N,6,0.5283,0.7333,29,73.0,HIGH,NO_RELEVANT_REPORT_FOUND,False,False,False,0,False,False,False,Unsampled in Stage 7F,Computationally screened + no relevant target report located
CAND_MAOA_1015,maoa,MAO-A (CHRFAM7A/MAOA),Hibiscus MUTABILIS L.,Isorhamnetin,IZQSVPBOUDKVDZ,IZQSVPBOUDKVDZ-UHFFFAOYSA-N,6,0.5283,0.7333,29,36.0,HIGH,NO_RELEVANT_REPORT_FOUND,False,False,False,0,False,False,False,Unsampled in Stage 7F,Computationally screened + no relevant target report located
CAND_MAOA_1071,maoa,MAO-A (CHRFAM7A/MAOA),Coriandrum SATIVUM L.,Isorhamnetin,IZQSVPBOUDKVDZ,IZQSVPBOUDKVDZ-UHFFFAOYSA-N,6,0.5283,0.7333,29,43.0,HIGH,NO_RELEVANT_REPORT_FOUND,False,False,False,0,False,False,False,Unsampled in Stage 7F,Computationally screened + no relevant target report located
CAND_MAOA_1095,maoa,MAO-A (CHRFAM7A/MAOA),Azadirachta INDICA A. Juss.,Isorhamnetin,IZQSVPBOUDKVDZ,IZQSVPBOUDKVDZ-UHFFFAOYSA-N,6,0.5283,0.7333,29,84.0,HIGH,NO_RELEVANT_REPORT_FOUND,False,False,False,0,False,False,False,Unsampled in Stage 7F,Computationally screened + no relevant target report located
CAND_MAOA_1104,maoa,MAO-A (CHRFAM7A/MAOA),Spermacoce articularis L.f.,Isorhamnetin,IZQSVPBOUDKVDZ,IZQSVPBOUDKVDZ-UHFFFAOYSA-N,6,0.5283,0.7333,29,,HIGH,NO_RELEVANT_REPORT_FOUND,False,False,False,0,True,False,True,Unsampled in Stage 7F,Computationally screened + no relevant target report located
CAND_MAOA_1121,maoa,MAO-A (CHRFAM7A/MAOA),Cannabis SATIVA L.,isorhamnetin,IZQSVPBOUDKVDZ,IZQSVPBOUDKVDZ-UHFFFAOYSA-N,6,0.5283,0.7333,29,83.0,HIGH,NO_RELEVANT_REPORT_FOUND,False,False,False,0,False,False,False,Unsampled in Stage 7F,Computationally screened + no relevant target report located
CAND_MAOA_1132,maoa,MAO-A (CHRFAM7A/MAOA),Bougainvillea spectabilis Willd,Isorhamnetin,IZQSVPBOUDKVDZ,IZQSVPBOUDKVDZ-UHFFFAOYSA-N,6,0.5283,0.7333,29,30.0,HIGH,NO_RELEVANT_REPORT_FOUND,False,False,False,0,False,False,False,Unsampled in Stage 7F,Computationally screened + no relevant target report located
CAND_MAOA_1124,maoa,MAO-A (CHRFAM7A/MAOA),Hibiscus schizopetalus (Mast.) Hook. f.,"3',4',7-Trimethylquercetin",OEEUHNAUMMATJT,OEEUHNAUMMATJT-UHFFFAOYSA-N,6,0.525,0.7727,30,13.0,HIGH,NO_RELEVANT_REPORT_FOUND,False,False,False,0,False,False,False,Unsampled in Stage 7F,Computationally screened + no relevant target report located
CAND_MAOA_1076,maoa,MAO-A (CHRFAM7A/MAOA),Citrus maxima (Burm.) Merr.,Citpressine-I,OQMSMWRXIZYYNR,OQMSMWRXIZYYNR-UHFFFAOYSA-N,6,0.5197,0.4231,32,77.0,HIGH,NO_RELEVANT_REPORT_FOUND,False,False,False,0,False,False,False,Unsampled in Stage 7F,Computationally screened + no relevant target report located
CAND_MAOA_1090,maoa,MAO-A (CHRFAM7A/MAOA),Annona RETICULATA L.,N-(4-Hydroxyphenyl)acetamide,RZVAJINKPMORJF,RZVAJINKPMORJF-UHFFFAOYSA-N,6,0.5133,0.5556,33,54.0,HIGH,NO_RELEVANT_REPORT_FOUND,False,False,False,0,False,False,False,Unsampled in Stage 7F,Computationally screened + no relevant target report located
CAND_MAOA_0982,maoa,MAO-A (CHRFAM7A/MAOA),Litsea MONOPETALA (Roxb.) Pers.,methylchalcone,XNLFHCPVTULKIV,XNLFHCPVTULKIV-VAWYXSNFSA-N,6,0.5117,0.7188,34,21.0,HIGH,NO_RELEVANT_REPORT_FOUND,False,False,False,0,False,False,False,Unsampled in Stage 7F,Computationally screened + no relevant target report located
CAND_MAOA_0991,maoa,MAO-A (CHRFAM7A/MAOA),Lantana CAMARA L.,Amphetamine,KWTSXDURSIMDCE,KWTSXDURSIMDCE-UHFFFAOYSA-N,6,0.5083,0.5556,35,65.0,HIGH,CONTRADICTED,False,False,True,1,True,False,False,Unsampled in Stage 7F,Computationally screened + contradictory experimental evidence
CAND_MAOA_0846,maoa,MAO-A (CHRFAM7A/MAOA),Mesua ferrea L.,"1,7-Dihydroxyxanthone",KDXFPEKLLFWHMN,KDXFPEKLLFWHMN-UHFFFAOYSA-N,6,0.505,0.697,36,44.0,HIGH,NO_RELEVANT_REPORT_FOUND,False,False,False,0,False,False,False,Unsampled in Stage 7F,Computationally screened + no relevant target report located
CAND_MAOA_1057,maoa,MAO-A (CHRFAM7A/MAOA),Cyperus ROTUNDUS L.,"6,3',4'-Trihydroxy-4-methoxy-5-methylaurone",APQPPUISLRYCEH,APQPPUISLRYCEH-UHFFFAOYSA-N,6,0.505,0.5098,37,81.0,HIGH,NO_RELEVANT_REPORT_FOUND,False,False,False,0,False,False,False,Unsampled in Stage 7F,Computationally screened + no relevant target report located
CAND_MAOA_0999,maoa,MAO-A (CHRFAM7A/MAOA),Hibiscus SABDARIFFA L.,Kaempferol 3-O-(6-O-acetyl) glucoside,AKENCGNASJPQNR,AKENCGNASJPQNR-LNNZMUSMSA-N,6,0.4983,0.4179,40,73.0,HIGH,NO_RELEVANT_REPORT_FOUND,False,False,False,0,False,False,False,Unsampled in Stage 7F,Computationally screened + no relevant target report located
CAND_MAOA_0840,maoa,MAO-A (CHRFAM7A/MAOA),Papaver somniferum L.,Quercetin,REFJWTPEDVJJIY,REFJWTPEDVJJIY-UHFFFAOYSA-N,6,0.4967,0.6744,41,70.0,HIGH,LEVEL_A_EXACT_TARGET,True,False,False,1,True,False,True,Unsampled in Stage 7F,Computationally screened + exact-target literature supported
CAND_MAOA_0849,maoa,MAO-A (CHRFAM7A/MAOA),Mesua ferrea L.,Quercetin,REFJWTPEDVJJIY,REFJWTPEDVJJIY-UHFFFAOYSA-N,6,0.4967,0.6744,41,44.0,HIGH,LEVEL_A_EXACT_TARGET,True,False,False,1,False,False,False,Unsampled in Stage 7F,Computationally screened + exact-target literature supported
CAND_MAOA_0852,maoa,MAO-A (CHRFAM7A/MAOA),Moringa oleifera Lam.,Quercitin,REFJWTPEDVJJIY,REFJWTPEDVJJIY-UHFFFAOYSA-N,6,0.4967,0.6744,41,98.0,HIGH,LEVEL_A_EXACT_TARGET,True,False,False,1,False,False,False,Unsampled in Stage 7F,Computationally screened + exact-target literature supported
CAND_MAOA_0854,maoa,MAO-A (CHRFAM7A/MAOA),Saraca asoca (Roxb.) Wild.,Quercetin,REFJWTPEDVJJIY,REFJWTPEDVJJIY-UHFFFAOYSA-N,6,0.4967,0.6744,41,7.0,HIGH,LEVEL_A_EXACT_TARGET,True,False,False,1,True,False,True,Unsampled in Stage 7F,Computationally screened + exact-target literature supported
CAND_MAOA_0869,maoa,MAO-A (CHRFAM7A/MAOA),Strychnos potatorum L. f.,Quercetin,REFJWTPEDVJJIY,REFJWTPEDVJJIY-UHFFFAOYSA-N,6,0.4967,0.6744,41,34.0,HIGH,LEVEL_A_EXACT_TARGET,True,False,False,1,True,False,True,Unsampled in Stage 7F,Computationally screened + exact-target literature supported
CAND_MAOA_0874,maoa,MAO-A (CHRFAM7A/MAOA),Abroma AUGUSTA (L.) L.f.,Quercetin,REFJWTPEDVJJIY,REFJWTPEDVJJIY-UHFFFAOYSA-N,6,0.4967,0.6744,41,32.0,HIGH,LEVEL_A_EXACT_TARGET,True,False,False,1,False,False,False,Unsampled in Stage 7F,Computationally screened + exact-target literature supported
CAND_MAOA_0879,maoa,MAO-A (CHRFAM7A/MAOA),Ageratum CONYZOIDES L.,Quercetin,REFJWTPEDVJJIY,REFJWTPEDVJJIY-UHFFFAOYSA-N,6,0.4967,0.6744,41,91.0,HIGH,LEVEL_A_EXACT_TARGET,True,False,False,1,False,False,False,Unsampled in Stage 7F,Computationally screened + exact-target literature supported
CAND_MAOA_0884,maoa,MAO-A (CHRFAM7A/MAOA),Allium SATIVUM L.,Quercetin,REFJWTPEDVJJIY,REFJWTPEDVJJIY-UHFFFAOYSA-N,6,0.4967,0.6744,41,96.0,HIGH,LEVEL_A_EXACT_TARGET,True,False,False,1,False,False,False,Unsampled in Stage 7F,Computationally screened + exact-target literature supported
CAND_MAOA_0886,maoa,MAO-A (CHRFAM7A/MAOA),Urena LOBATA L.,Quercetin,REFJWTPEDVJJIY,REFJWTPEDVJJIY-UHFFFAOYSA-N,6,0.4967,0.6744,41,19.0,HIGH,LEVEL_A_EXACT_TARGET,True,False,False,1,True,False,True,Unsampled in Stage 7F,Computationally screened + exact-target literature supported
CAND_MAOA_0893,maoa,MAO-A (CHRFAM7A/MAOA),Terminalia ARJUNA (Roxb. ex DC.) Wight & Arn.,Quercetin,REFJWTPEDVJJIY,REFJWTPEDVJJIY-UHFFFAOYSA-N,6,0.4967,0.6744,41,97.0,HIGH,LEVEL_A_EXACT_TARGET,True,False,False,1,True,False,True,Unsampled in Stage 7F,Computationally screened + exact-target literature supported
CAND_MAOA_0898,maoa,MAO-A (CHRFAM7A/MAOA),Tephrosia PURPUREA (L.) Pers.,Quercetin,REFJWTPEDVJJIY,REFJWTPEDVJJIY-UHFFFAOYSA-N,6,0.4967,0.6744,41,14.0,HIGH,LEVEL_A_EXACT_TARGET,True,False,False,1,True,False,True,Unsampled in Stage 7F,Computationally screened + exact-target literature supported
CAND_MAOA_0903,maoa,MAO-A (CHRFAM7A/MAOA),Ricinus COMMUNIS L.,Quercetin,REFJWTPEDVJJIY,REFJWTPEDVJJIY-UHFFFAOYSA-N,6,0.4967,0.6744,41,28.0,HIGH,LEVEL_A_EXACT_TARGET,True,False,False,1,True,False,True,Unsampled in Stage 7F,Computationally screened + exact-target literature supported
CAND_MAOA_0908,maoa,MAO-A (CHRFAM7A/MAOA),Psidium GUAJAVA L.,Quercetin,REFJWTPEDVJJIY,REFJWTPEDVJJIY-UHFFFAOYSA-N,6,0.4967,0.6744,41,67.0,HIGH,LEVEL_A_EXACT_TARGET,True,False,False,1,True,False,True,Unsampled in Stage 7F,Computationally screened + exact-target literature supported
CAND_MAOA_0911,maoa,MAO-A (CHRFAM7A/MAOA),polygonum PLEBEIUM R. Br.,Quercetin,REFJWTPEDVJJIY,REFJWTPEDVJJIY-UHFFFAOYSA-N,6,0.4967,0.6744,41,,HIGH,LEVEL_A_EXACT_TARGET,True,False,False,1,True,False,True,Unsampled in Stage 7F,Computationally screened + exact-target literature supported
CAND_MAOA_0913,maoa,MAO-A (CHRFAM7A/MAOA),Plumeria RUBRA L.,Quercetin,REFJWTPEDVJJIY,REFJWTPEDVJJIY-UHFFFAOYSA-N,6,0.4967,0.6744,41,68.0,HIGH,LEVEL_A_EXACT_TARGET,True,False,False,1,True,False,True,Unsampled in Stage 7F,Computationally screened + exact-target literature supported
CAND_MAOA_0918,maoa,MAO-A (CHRFAM7A/MAOA),Phyllanthus URINARIA L.,Quercetin,REFJWTPEDVJJIY,REFJWTPEDVJJIY-UHFFFAOYSA-N,6,0.4967,0.6744,41,1.0,HIGH,LEVEL_A_EXACT_TARGET,True,False,False,1,True,False,True,Unsampled in Stage 7F,Computationally screened + exact-target literature supported
CAND_MAOA_0922,maoa,MAO-A (CHRFAM7A/MAOA),. PHYLLANTHUS EMBLICA L. (Euphorbiaceae),Quercetin,REFJWTPEDVJJIY,REFJWTPEDVJJIY-UHFFFAOYSA-N,6,0.4967,0.6744,41,17.0,HIGH,LEVEL_A_EXACT_TARGET,True,False,False,1,True,False,True,Unsampled in Stage 7F,Computationally screened + exact-target literature supported
CAND_MAOA_0929,maoa,MAO-A (CHRFAM7A/MAOA),Paederia FOETIDA L.,Quercetin,REFJWTPEDVJJIY,REFJWTPEDVJJIY-UHFFFAOYSA-N,6,0.4967,0.6744,41,42.0,HIGH,LEVEL_A_EXACT_TARGET,True,False,False,1,False,False,False,Unsampled in Stage 7F,Computationally screened + exact-target literature supported
CAND_MAOA_0940,maoa,MAO-A (CHRFAM7A/MAOA),Nigella SATIVA L,Quercetin,REFJWTPEDVJJIY,REFJWTPEDVJJIY-UHFFFAOYSA-N,6,0.4967,0.6744,41,66.0,HIGH,LEVEL_A_EXACT_TARGET,True,False,False,1,False,False,False,Unsampled in Stage 7F,Computationally screened + exact-target literature supported
CAND_MAOA_0942,maoa,MAO-A (CHRFAM7A/MAOA),Murraya PANICULATA (L.) Jacq.,quercetin,REFJWTPEDVJJIY,REFJWTPEDVJJIY-UHFFFAOYSA-N,6,0.4967,0.6744,41,29.0,HIGH,LEVEL_A_EXACT_TARGET,True,False,False,1,False,False,False,Unsampled in Stage 7F,Computationally screened + exact-target literature supported
CAND_MAOA_0945,maoa,MAO-A (CHRFAM7A/MAOA),Moringa OLEIFERA Lamk.,Quercitin,REFJWTPEDVJJIY,REFJWTPEDVJJIY-UHFFFAOYSA-N,6,0.4967,0.6744,41,99.0,HIGH,LEVEL_A_EXACT_TARGET,True,False,False,1,False,False,False,Unsampled in Stage 7F,Computationally screened + exact-target literature supported
CAND_MAOA_0954,maoa,MAO-A (CHRFAM7A/MAOA),Mimusops ELENGI L.,quercetin,REFJWTPEDVJJIY,REFJWTPEDVJJIY-UHFFFAOYSA-N,6,0.4967,0.6744,41,26.0,HIGH,LEVEL_A_EXACT_TARGET,True,False,False,1,False,False,False,Unsampled in Stage 7F,Computationally screened + exact-target literature supported
CAND_MAOA_0961,maoa,MAO-A (CHRFAM7A/MAOA),Michelia CHAMPACA L.,Quercetin,REFJWTPEDVJJIY,REFJWTPEDVJJIY-UHFFFAOYSA-N,6,0.4967,0.6744,41,51.0,HIGH,LEVEL_A_EXACT_TARGET,True,False,False,1,False,False,False,Unsampled in Stage 7F,Computationally screened + exact-target literature supported
CAND_MAOA_0963,maoa,MAO-A (CHRFAM7A/MAOA),Melochia CORCHORIFOLIA L.,Quercetin,REFJWTPEDVJJIY,REFJWTPEDVJJIY-UHFFFAOYSA-N,6,0.4967,0.6744,41,15.0,HIGH,LEVEL_A_EXACT_TARGET,True,False,False,1,False,False,False,Unsampled in Stage 7F,Computationally screened + exact-target literature supported
CAND_MAOA_0966,maoa,MAO-A (CHRFAM7A/MAOA),Manihot ESCULENTA Crantz.,quercetin,REFJWTPEDVJJIY,REFJWTPEDVJJIY-UHFFFAOYSA-N,6,0.4967,0.6744,41,82.0,HIGH,LEVEL_A_EXACT_TARGET,True,False,False,1,False,False,False,Unsampled in Stage 7F,Computationally screened + exact-target literature supported
CAND_MAOA_0972,maoa,MAO-A (CHRFAM7A/MAOA),Maesa INDICA Wall.,Quercetin,REFJWTPEDVJJIY,REFJWTPEDVJJIY-UHFFFAOYSA-N,6,0.4967,0.6744,41,25.0,HIGH,LEVEL_A_EXACT_TARGET,True,False,False,1,False,False,False,Unsampled in Stage 7F,Computationally screened + exact-target literature supported
CAND_MAOA_0979,maoa,MAO-A (CHRFAM7A/MAOA),Luffa ACUTANGULA (L.) Roxb.,quercetin,REFJWTPEDVJJIY,REFJWTPEDVJJIY-UHFFFAOYSA-N,6,0.4967,0.6744,41,53.0,HIGH,LEVEL_A_EXACT_TARGET,True,False,False,1,False,False,False,Unsampled in Stage 7F,Computationally screened + exact-target literature supported
CAND_MAOA_0993,maoa,MAO-A (CHRFAM7A/MAOA),Hopea ODORATA Roxb.,Quercetin,REFJWTPEDVJJIY,REFJWTPEDVJJIY-UHFFFAOYSA-N,6,0.4967,0.6744,41,27.0,HIGH,LEVEL_A_EXACT_TARGET,True,False,False,1,False,False,False,Unsampled in Stage 7F,Computationally screened + exact-target literature supported
CAND_MAOA_1004,maoa,MAO-A (CHRFAM7A/MAOA),Hibiscus SABDARIFFA L.,Quercetin,REFJWTPEDVJJIY,REFJWTPEDVJJIY-UHFFFAOYSA-N,6,0.4967,0.6744,41,73.0,HIGH,LEVEL_A_EXACT_TARGET,True,False,False,1,False,False,False,Unsampled in Stage 7F,Computationally screened + exact-target literature supported
CAND_MAOA_1010,maoa,MAO-A (CHRFAM7A/MAOA),Hibiscus ROSA-SINENSIS L.,Quercetin,REFJWTPEDVJJIY,REFJWTPEDVJJIY-UHFFFAOYSA-N,6,0.4967,0.6744,41,59.0,HIGH,LEVEL_A_EXACT_TARGET,True,False,False,1,False,False,False,Unsampled in Stage 7F,Computationally screened + exact-target literature supported
CAND_MAOA_1013,maoa,MAO-A (CHRFAM7A/MAOA),Hibiscus ROSA-SINENSIS L.,quercetin,REFJWTPEDVJJIY,REFJWTPEDVJJIY-UHFFFAOYSA-N,6,0.4967,0.6744,41,59.0,HIGH,LEVEL_A_EXACT_TARGET,True,False,False,1,False,False,False,Unsampled in Stage 7F,Computationally screened + exact-target literature supported
CAND_MAOA_1018,maoa,MAO-A (CHRFAM7A/MAOA),Hibiscus MUTABILIS L.,Quercetin,REFJWTPEDVJJIY,REFJWTPEDVJJIY-UHFFFAOYSA-N,6,0.4967,0.6744,41,36.0,HIGH,LEVEL_A_EXACT_TARGET,True,False,False,1,False,False,False,Unsampled in Stage 7F,Computationally screened + exact-target literature supported
CAND_MAOA_1021,maoa,MAO-A (CHRFAM7A/MAOA),Helminthostachys ZEYLANICA L.,Quercetin,REFJWTPEDVJJIY,REFJWTPEDVJJIY-UHFFFAOYSA-N,6,0.4967,0.6744,41,47.0,HIGH,LEVEL_A_EXACT_TARGET,True,False,False,1,False,False,False,Unsampled in Stage 7F,Computationally screened + exact-target literature supported
CAND_MAOA_1027,maoa,MAO-A (CHRFAM7A/MAOA),Grewia asiatica L.,Quercetin,REFJWTPEDVJJIY,REFJWTPEDVJJIY-UHFFFAOYSA-N,6,0.4967,0.6744,41,35.0,HIGH,LEVEL_A_EXACT_TARGET,True,False,False,1,False,False,False,Unsampled in Stage 7F,Computationally screened + exact-target literature supported
CAND_MAOA_1034,maoa,MAO-A (CHRFAM7A/MAOA),Glycosmis PENTAPHYLLA (Retz.) A. DC.,Quercetin,REFJWTPEDVJJIY,REFJWTPEDVJJIY-UHFFFAOYSA-N,6,0.4967,0.6744,41,50.0,HIGH,LEVEL_A_EXACT_TARGET,True,False,False,1,False,False,False,Unsampled in Stage 7F,Computationally screened + exact-target literature supported
CAND_MAOA_1038,maoa,MAO-A (CHRFAM7A/MAOA),Gloriosa SUPERBA L.,Quercetin,REFJWTPEDVJJIY,REFJWTPEDVJJIY-UHFFFAOYSA-N,6,0.4967,0.6744,41,85.0,HIGH,LEVEL_A_EXACT_TARGET,True,False,False,1,False,False,False,Unsampled in Stage 7F,Computationally screened + exact-target literature supported
CAND_MAOA_1039,maoa,MAO-A (CHRFAM7A/MAOA),Entada rheedii Spreng.,Quercetin,REFJWTPEDVJJIY,REFJWTPEDVJJIY-UHFFFAOYSA-N,6,0.4967,0.6744,41,,HIGH,LEVEL_A_EXACT_TARGET,True,False,False,1,False,False,False,Unsampled in Stage 7F,Computationally screened + exact-target literature supported
CAND_MAOA_1040,maoa,MAO-A (CHRFAM7A/MAOA),Elephantopus SCABER L.,Quercetin,REFJWTPEDVJJIY,REFJWTPEDVJJIY-UHFFFAOYSA-N,6,0.4967,0.6744,41,,HIGH,LEVEL_A_EXACT_TARGET,True,False,False,1,False,False,False,Unsampled in Stage 7F,Computationally screened + exact-target literature supported
CAND_MAOA_1041,maoa,MAO-A (CHRFAM7A/MAOA),Drynaria QUERCIFOLIA (L.) J. Sm.,Quercetin,REFJWTPEDVJJIY,REFJWTPEDVJJIY-UHFFFAOYSA-N,6,0.4967,0.6744,41,46.0,HIGH,LEVEL_A_EXACT_TARGET,True,False,False,1,False,False,False,Unsampled in Stage 7F,Computationally screened + exact-target literature supported
CAND_MAOA_1047,maoa,MAO-A (CHRFAM7A/MAOA),Desmodium GANGETICUM (L.) DC.,Quercetin,REFJWTPEDVJJIY,REFJWTPEDVJJIY-UHFFFAOYSA-N,6,0.4967,0.6744,41,48.0,HIGH,LEVEL_A_EXACT_TARGET,True,False,False,1,False,False,False,Unsampled in Stage 7F,Computationally screened + exact-target literature supported
CAND_MAOA_1050,maoa,MAO-A (CHRFAM7A/MAOA),Derris TRIFOLIATA Lour.,Quercetin,REFJWTPEDVJJIY,REFJWTPEDVJJIY-UHFFFAOYSA-N,6,0.4967,0.6744,41,5.0,HIGH,LEVEL_A_EXACT_TARGET,True,False,False,1,False,False,False,Unsampled in Stage 7F,Computationally screened + exact-target literature supported
CAND_MAOA_1059,maoa,MAO-A (CHRFAM7A/MAOA),Cyperus ROTUNDUS L.,Quercetin,REFJWTPEDVJJIY,REFJWTPEDVJJIY-UHFFFAOYSA-N,6,0.4967,0.6744,41,81.0,HIGH,LEVEL_A_EXACT_TARGET,True,False,False,1,False,False,False,Unsampled in Stage 7F,Computationally screened + exact-target literature supported
CAND_MAOA_1061,maoa,MAO-A (CHRFAM7A/MAOA),Cymbopogon CITRATUS (DC.) Stapf.,Quercitin,REFJWTPEDVJJIY,REFJWTPEDVJJIY-UHFFFAOYSA-N,6,0.4967,0.6744,41,79.0,HIGH,LEVEL_A_EXACT_TARGET,True,False,False,1,True,False,True,Unsampled in Stage 7F,Computationally screened + exact-target literature supported
CAND_MAOA_1065,maoa,MAO-A (CHRFAM7A/MAOA),Cuscuta REFLEXA Roxb.,Quercetin,REFJWTPEDVJJIY,REFJWTPEDVJJIY-UHFFFAOYSA-N,6,0.4967,0.6744,41,24.0,HIGH,LEVEL_A_EXACT_TARGET,True,False,False,1,False,False,False,Unsampled in Stage 7F,Computationally screened + exact-target literature supported
CAND_MAOA_1067,maoa,MAO-A (CHRFAM7A/MAOA),Cuminum CYMINUM L.,Quercetin,REFJWTPEDVJJIY,REFJWTPEDVJJIY-UHFFFAOYSA-N,6,0.4967,0.6744,41,87.0,HIGH,LEVEL_A_EXACT_TARGET,True,False,False,1,False,False,False,Unsampled in Stage 7F,Computationally screened + exact-target literature supported
CAND_MAOA_1074,maoa,MAO-A (CHRFAM7A/MAOA),Cleome VISCOSA L.,Quercetin,REFJWTPEDVJJIY,REFJWTPEDVJJIY-UHFFFAOYSA-N,6,0.4967,0.6744,41,9.0,HIGH,LEVEL_A_EXACT_TARGET,True,False,False,1,False,False,False,Unsampled in Stage 7F,Computationally screened + exact-target literature supported
CAND_MAOA_1079,maoa,MAO-A (CHRFAM7A/MAOA),Citrus maxima (Burm.) Merr.,Quercetin,REFJWTPEDVJJIY,REFJWTPEDVJJIY-UHFFFAOYSA-N,6,0.4967,0.6744,41,77.0,HIGH,LEVEL_A_EXACT_TARGET,True,False,False,1,False,False,False,Unsampled in Stage 7F,Computationally screened + exact-target literature supported
CAND_MAOA_1084,maoa,MAO-A (CHRFAM7A/MAOA),Amaranthus SPINOSUS L.,Quercetin,REFJWTPEDVJJIY,REFJWTPEDVJJIY-UHFFFAOYSA-N,6,0.4967,0.6744,41,4.0,HIGH,LEVEL_A_EXACT_TARGET,True,False,False,1,False,False,False,Unsampled in Stage 7F,Computationally screened + exact-target literature supported
CAND_MAOA_1086,maoa,MAO-A (CHRFAM7A/MAOA),Anacardium OCCIDENTALE L.,quercetin,REFJWTPEDVJJIY,REFJWTPEDVJJIY-UHFFFAOYSA-N,6,0.4967,0.6744,41,52.0,HIGH,LEVEL_A_EXACT_TARGET,True,False,False,1,False,False,False,Unsampled in Stage 7F,Computationally screened + exact-target literature supported
CAND_MAOA_1097,maoa,MAO-A (CHRFAM7A/MAOA),Azadirachta INDICA A. Juss.,Quercetin,REFJWTPEDVJJIY,REFJWTPEDVJJIY-UHFFFAOYSA-N,6,0.4967,0.6744,41,84.0,HIGH,LEVEL_A_EXACT_TARGET,True,False,False,1,False,False,False,Unsampled in Stage 7F,Computationally screened + exact-target literature supported
CAND_MAOA_1101,maoa,MAO-A (CHRFAM7A/MAOA),Bauhinia PURPUREA L.,Quercetin,REFJWTPEDVJJIY,REFJWTPEDVJJIY-UHFFFAOYSA-N,6,0.4967,0.6744,41,6.0,HIGH,LEVEL_A_EXACT_TARGET,True,False,False,1,False,False,False,Unsampled in Stage 7F,Computationally screened + exact-target literature supported
CAND_MAOA_1107,maoa,MAO-A (CHRFAM7A/MAOA),Caesalpinia BONDUC (L.) Roxb.,Quercetin,REFJWTPEDVJJIY,REFJWTPEDVJJIY-UHFFFAOYSA-N,6,0.4967,0.6744,41,23.0,HIGH,LEVEL_A_EXACT_TARGET,True,False,False,1,False,False,False,Unsampled in Stage 7F,Computationally screened + exact-target literature supported
CAND_MAOA_1123,maoa,MAO-A (CHRFAM7A/MAOA),Cannabis SATIVA L.,quercetin,REFJWTPEDVJJIY,REFJWTPEDVJJIY-UHFFFAOYSA-N,6,0.4967,0.6744,41,83.0,HIGH,LEVEL_A_EXACT_TARGET,True,False,False,1,False,False,False,Unsampled in Stage 7F,Computationally screened + exact-target literature supported
CAND_MAOA_1130,maoa,MAO-A (CHRFAM7A/MAOA),Hibiscus schizopetalus (Mast.) Hook. f.,Quercetin,REFJWTPEDVJJIY,REFJWTPEDVJJIY-UHFFFAOYSA-N,6,0.4967,0.6744,41,13.0,HIGH,LEVEL_A_EXACT_TARGET,True,False,False,1,False,False,False,Unsampled in Stage 7F,Computationally screened + exact-target literature supported
CAND_MAOA_1131,maoa,MAO-A (CHRFAM7A/MAOA),Melochia corchorifolia L.,Quercetin,REFJWTPEDVJJIY,REFJWTPEDVJJIY-UHFFFAOYSA-N,6,0.4967,0.6744,41,16.0,HIGH,LEVEL_A_EXACT_TARGET,True,False,False,1,False,False,False,Unsampled in Stage 7F,Computationally screened + exact-target literature supported
CAND_MAOA_1133,maoa,MAO-A (CHRFAM7A/MAOA),Bougainvillea spectabilis Willd,Quercetin,REFJWTPEDVJJIY,REFJWTPEDVJJIY-UHFFFAOYSA-N,6,0.4967,0.6744,41,30.0,HIGH,LEVEL_A_EXACT_TARGET,True,False,False,1,False,False,False,Unsampled in Stage 7F,Computationally screened + exact-target literature supported
CAND_MAOA_1134,maoa,MAO-A (CHRFAM7A/MAOA),Carica PAPAYA L.,Quercetin,REFJWTPEDVJJIY,REFJWTPEDVJJIY-UHFFFAOYSA-N,6,0.4967,0.6744,41,105.0,HIGH,LEVEL_A_EXACT_TARGET,True,False,False,1,False,False,False,Unsampled in Stage 7F,Computationally screened + exact-target literature supported
CAND_MAOA_1138,maoa,MAO-A (CHRFAM7A/MAOA),Cassia FISTULA L.,Quercetin,REFJWTPEDVJJIY,REFJWTPEDVJJIY-UHFFFAOYSA-N,6,0.4967,0.6744,41,57.0,HIGH,LEVEL_A_EXACT_TARGET,True,False,False,1,False,False,False,Unsampled in Stage 7F,Computationally screened + exact-target literature supported
CAND_MAOA_1144,maoa,MAO-A (CHRFAM7A/MAOA),Senna occidentalis (L.) Link,Quercetin,REFJWTPEDVJJIY,REFJWTPEDVJJIY-UHFFFAOYSA-N,6,0.4967,0.6744,41,49.0,HIGH,LEVEL_A_EXACT_TARGET,True,False,False,1,True,False,True,Unsampled in Stage 7F,Computationally screened + exact-target literature supported
CAND_MAOA_1145,maoa,MAO-A (CHRFAM7A/MAOA),Senna sophera (L.) Roxb.,Quercetin,REFJWTPEDVJJIY,REFJWTPEDVJJIY-UHFFFAOYSA-N,6,0.4967,0.6744,41,33.0,HIGH,LEVEL_A_EXACT_TARGET,True,False,False,1,True,False,True,Unsampled in Stage 7F,Computationally screened + exact-target literature supported
CAND_MAOA_1150,maoa,MAO-A (CHRFAM7A/MAOA),Centella ASIATICA (L.) Urban.,quercetin,REFJWTPEDVJJIY,REFJWTPEDVJJIY-UHFFFAOYSA-N,6,0.4967,0.6744,41,41.0,HIGH,LEVEL_A_EXACT_TARGET,True,False,False,1,False,False,False,Unsampled in Stage 7F,Computationally screened + exact-target literature supported
CAND_MAOA_1151,maoa,MAO-A (CHRFAM7A/MAOA),Chenopodium ALBUM L.,Quercetin,REFJWTPEDVJJIY,REFJWTPEDVJJIY-UHFFFAOYSA-N,6,0.4967,0.6744,41,71.0,HIGH,LEVEL_A_EXACT_TARGET,True,False,False,1,False,False,False,Unsampled in Stage 7F,Computationally screened + exact-target literature supported
CAND_MAOA_1153,maoa,MAO-A (CHRFAM7A/MAOA),Vitex NEGUNDO L.,Quercetin,REFJWTPEDVJJIY,REFJWTPEDVJJIY-UHFFFAOYSA-N,6,0.4967,0.6744,41,86.0,HIGH,LEVEL_A_EXACT_TARGET,True,False,False,1,True,False,True,Unsampled in Stage 7F,Computationally screened + exact-target literature supported
CAND_MAOA_1156,maoa,MAO-A (CHRFAM7A/MAOA),Tabernaemontana DIVARICATA (L.) R.Br. ex Roem. & Schult.,Quercetin,REFJWTPEDVJJIY,REFJWTPEDVJJIY-UHFFFAOYSA-N,6,0.4967,0.6744,41,40.0,HIGH,LEVEL_A_EXACT_TARGET,True,False,False,1,True,False,True,Unsampled in Stage 7F,Computationally screened + exact-target literature supported
CAND_MAOA_1161,maoa,MAO-A (CHRFAM7A/MAOA),Syzygium CUMINI (L.) Skeel.,Quercetin,REFJWTPEDVJJIY,REFJWTPEDVJJIY-UHFFFAOYSA-N,6,0.4967,0.6744,41,69.0,HIGH,LEVEL_A_EXACT_TARGET,True,False,False,1,False,False,False,Unsampled in Stage 7F,Computationally screened + exact-target literature supported
CAND_MAOA_1163,maoa,MAO-A (CHRFAM7A/MAOA),Solanum MELONGENA L.,Quercetin,REFJWTPEDVJJIY,REFJWTPEDVJJIY-UHFFFAOYSA-N,6,0.4967,0.6744,41,74.0,HIGH,LEVEL_A_EXACT_TARGET,True,False,False,1,True,False,True,Unsampled in Stage 7F,Computationally screened + exact-target literature supported
CAND_MAOA_1165,maoa,MAO-A (CHRFAM7A/MAOA),Saraca ASOCA (Roxb.) De Wilde.,Quercetin,REFJWTPEDVJJIY,REFJWTPEDVJJIY-UHFFFAOYSA-N,6,0.4967,0.6744,41,8.0,HIGH,LEVEL_A_EXACT_TARGET,True,False,False,1,True,False,True,Unsampled in Stage 7F,Computationally screened + exact-target literature supported
CAND_MAOA_1135,maoa,MAO-A (CHRFAM7A/MAOA),Cassia FISTULA L.,"Benzoic acid, 4-(acetylamino)-2-nitro",DQKOLPCSICJNQJ,DQKOLPCSICJNQJ-UHFFFAOYSA-N,6,0.4933,0.4583,43,57.0,HIGH,NO_RELEVANT_REPORT_FOUND,False,False,False,0,False,False,False,Unsampled in Stage 7F,Computationally screened + no relevant target report located
CAND_MAOA_0895,maoa,MAO-A (CHRFAM7A/MAOA),Tephrosia PURPUREA (L.) Pers.,Flemichapparin C,ZIZYKBRERUNPAU,ZIZYKBRERUNPAU-UHFFFAOYSA-N,6,0.4917,0.4423,44,14.0,HIGH,NO_RELEVANT_REPORT_FOUND,False,False,False,0,True,False,True,Unsampled in Stage 7F,Computationally screened + no relevant target report located
CAND_MAOA_1069,maoa,MAO-A (CHRFAM7A/MAOA),Coriandrum SATIVUM L.,Isokaempferide,VJJZJBUCDWKPLC,VJJZJBUCDWKPLC-UHFFFAOYSA-N,6,0.49,0.6667,45,43.0,HIGH,NO_RELEVANT_REPORT_FOUND,False,False,False,0,False,False,False,Unsampled in Stage 7F,Computationally screened + no relevant target report located
CAND_MAOA_1125,maoa,MAO-A (CHRFAM7A/MAOA),Hibiscus schizopetalus (Mast.) Hook. f.,3-Methylkaempferol,VJJZJBUCDWKPLC,VJJZJBUCDWKPLC-UHFFFAOYSA-N,6,0.49,0.6667,45,13.0,HIGH,NO_RELEVANT_REPORT_FOUND,False,False,False,0,False,False,False,Unsampled in Stage 7F,Computationally screened + no relevant target report located
CAND_MAOA_0887,maoa,MAO-A (CHRFAM7A/MAOA),Terminalia CHEBULA Retz.,"2,4-dimethoxy-10H-acridin-9-one",KRLIZBLAVMPMSE,KRLIZBLAVMPMSE-UHFFFAOYSA-N,6,0.49,0.4468,46,58.0,HIGH,NO_RELEVANT_REPORT_FOUND,False,False,False,0,False,False,False,Unsampled in Stage 7F,Computationally screened + no relevant target report located
CAND_MAOA_1066,maoa,MAO-A (CHRFAM7A/MAOA),Cuminum CYMINUM L.,Pentyl 4-ethylbenzoate,ZQAAPECGIMFVID,ZQAAPECGIMFVID-UHFFFAOYSA-N,6,0.4883,0.4773,47,87.0,HIGH,NO_RELEVANT_REPORT_FOUND,False,False,False,0,False,False,False,Unsampled in Stage 7F,Computationally screened + no relevant target report located
CAND_MAOA_0924,maoa,MAO-A (CHRFAM7A/MAOA),Passiflora FOETIDA L.,Pachypodol,KQFUXLQBMQGNRT,KQFUXLQBMQGNRT-UHFFFAOYSA-N,6,0.4867,0.6122,48,38.0,HIGH,NO_RELEVANT_REPORT_FOUND,False,False,False,0,True,False,True,Unsampled in Stage 7F,Computationally screened + no relevant target report located
CAND_MAOA_0883,maoa,MAO-A (CHRFAM7A/MAOA),Allium SATIVUM L.,N-Acetylarylamine,FZERHIULMFGESH,FZERHIULMFGESH-UHFFFAOYSA-N,6,0.485,0.5185,49,96.0,HIGH,NO_RELEVANT_REPORT_FOUND,False,False,False,0,False,False,False,Unsampled in Stage 7F,Computationally screened + no relevant target report located
CAND_MAOA_0862,maoa,MAO-A (CHRFAM7A/MAOA),Mallotus philippensis (Lam.) Muell.-Arg.,4-Methoxyacetanilide,XVAIDCNLVLTVFM,XVAIDCNLVLTVFM-UHFFFAOYSA-N,6,0.4833,0.5312,50,60.0,HIGH,NO_RELEVANT_REPORT_FOUND,False,False,False,0,False,False,False,Unsampled in Stage 7F,Computationally screened + no relevant target report located
CAND_MAOA_1001,maoa,MAO-A (CHRFAM7A/MAOA),Hibiscus SABDARIFFA L.,Kaempferol 3-alpha-d-glucoside-7-rhamnoside,JYXSWDCPHRTYGU,JYXSWDCPHRTYGU-QXWQMAJMSA-N,6,0.4828,0.4394,51,73.0,HIGH,NO_RELEVANT_REPORT_FOUND,False,False,False,0,True,True,False,Unsampled in Stage 7F,Computationally screened + no relevant target report located
CAND_MAOA_1024,maoa,MAO-A (CHRFAM7A/MAOA),Grewia asiatica L.,Kaempferol-3-O-galactoside-7-O-rhamnoside,JYXSWDCPHRTYGU,JYXSWDCPHRTYGU-VYARGGPUSA-N,6,0.4828,0.4394,51,35.0,HIGH,NO_RELEVANT_REPORT_FOUND,False,False,False,0,True,True,False,Unsampled in Stage 7F,Computationally screened + no relevant target report located
CAND_MAOA_1126,maoa,MAO-A (CHRFAM7A/MAOA),Hibiscus schizopetalus (Mast.) Hook. f.,Kaempferitrin,PUPKKEQDLNREIM,PUPKKEQDLNREIM-QNSQPKOQSA-N,6,0.4811,0.5,52,13.0,HIGH,NO_RELEVANT_REPORT_FOUND,False,False,False,0,False,False,False,Unsampled in Stage 7F,Computationally screened + no relevant target report located
CAND_MAOA_0900,maoa,MAO-A (CHRFAM7A/MAOA),Tamarindus INDICA L.,Dioctyl Terephthalate,OEIWPNWSDYFMIL,OEIWPNWSDYFMIL-UHFFFAOYSA-N,6,0.4789,0.5122,53,103.0,HIGH,NO_RELEVANT_REPORT_FOUND,False,False,False,0,False,False,False,Unsampled in Stage 7F,Computationally screened + no relevant target report located
CAND_MAOA_1105,maoa,MAO-A (CHRFAM7A/MAOA),Caesalpinia BONDUC (L.) Roxb.,"Kaempferol 3,7,4-tri-O-sulfate",PCYBUYVULWMAJX,PCYBUYVULWMAJX-UHFFFAOYSA-N,6,0.475,0.5,54,23.0,HIGH,NO_RELEVANT_REPORT_FOUND,False,False,False,0,False,False,False,Unsampled in Stage 7F,Computationally screened + no relevant target report located
CAND_MAOA_1060,maoa,MAO-A (CHRFAM7A/MAOA),Cymbopogon CITRATUS (DC.) Stapf.,Laricitrin,CFYMYCCYMJIYAB,CFYMYCCYMJIYAB-UHFFFAOYSA-N,6,0.4733,0.6889,55,79.0,HIGH,NO_RELEVANT_REPORT_FOUND,False,False,False,0,True,False,True,Unsampled in Stage 7F,Computationally screened + no relevant target report located
CAND_MAOA_1117,maoa,MAO-A (CHRFAM7A/MAOA),Camellia sinensis (L.) O. Kuntze.,Pollenitin,VRODWQGSCHPDJK,VRODWQGSCHPDJK-UHFFFAOYSA-N,6,0.4717,0.6304,56,76.0,HIGH,NO_RELEVANT_REPORT_FOUND,False,False,False,0,False,False,False,Unsampled in Stage 7F,Computationally screened + no relevant target report located
CAND_MAOA_0838,maoa,MAO-A (CHRFAM7A/MAOA),Papaver somniferum L.,Berberine,YBHILYKTIRIUTE,YBHILYKTIRIUTE-UHFFFAOYSA-N,6,0.47,0.4915,57,70.0,HIGH,NO_RELEVANT_REPORT_FOUND,False,False,False,0,True,False,True,Unsampled in Stage 7F,Computationally screened + no relevant target report located
CAND_MAOA_0870,maoa,MAO-A (CHRFAM7A/MAOA),Holarrhena pubescens Wall.ex G.Don,Berberine,YBHILYKTIRIUTE,YBHILYKTIRIUTE-UHFFFAOYSA-N,6,0.47,0.4915,57,80.0,HIGH,NO_RELEVANT_REPORT_FOUND,False,False,False,0,False,False,False,Unsampled in Stage 7F,Computationally screened + no relevant target report located
CAND_MAOA_1088,maoa,MAO-A (CHRFAM7A/MAOA),Anamirta COCCULUS (L.) W. & A.,Berberine,YBHILYKTIRIUTE,YBHILYKTIRIUTE-UHFFFAOYSA-N,6,0.47,0.4915,57,,HIGH,NO_RELEVANT_REPORT_FOUND,False,False,False,0,True,False,True,Unsampled in Stage 7F,Computationally screened + no relevant target report located
CAND_MAOA_0938,maoa,MAO-A (CHRFAM7A/MAOA),Nigella SATIVA L,Galangin,VCCRNZQBSJXYJD,VCCRNZQBSJXYJD-UHFFFAOYSA-N,6,0.4683,0.6905,58,66.0,HIGH,LEVEL_A_EXACT_TARGET,True,False,False,1,False,False,False,Unsampled in Stage 7F,Computationally screened + exact-target literature supported
CAND_MAOA_1093,maoa,MAO-A (CHRFAM7A/MAOA),Artocarpus LACUCHA Buch-Ham.,Galangin,VCCRNZQBSJXYJD,VCCRNZQBSJXYJD-UHFFFAOYSA-N,6,0.4683,0.6905,58,,HIGH,LEVEL_A_EXACT_TARGET,True,False,False,1,False,False,False,Unsampled in Stage 7F,Computationally screened + exact-target literature supported
CAND_MAOA_0842,maoa,MAO-A (CHRFAM7A/MAOA),Artocarpus heterophyllus Lam.,Kaempferol 3-O-rutinoside,RTATXGUCZHCSNG,RTATXGUCZHCSNG-QHWHWDPRSA-N,6,0.465,0.4058,59,94.0,HIGH,NO_RELEVANT_REPORT_FOUND,False,False,False,0,True,True,False,Unsampled in Stage 7F,Computationally screened + no relevant target report located
CAND_MAOA_0859,maoa,MAO-A (CHRFAM7A/MAOA),Clitoria ternatea L.,Nicotiflorin,RTATXGUCZHCSNG,JUHFTROMPGJNSA-UHFFFAOYSA-N,6,0.465,0.4058,59,2.0,HIGH,NO_RELEVANT_REPORT_FOUND,False,False,False,0,True,True,False,Unsampled in Stage 7F,Computationally screened + no relevant target report located
CAND_MAOA_0867,maoa,MAO-A (CHRFAM7A/MAOA),Citrus reticulata Blanco,Kaempferol-3-O-rutinoside,RTATXGUCZHCSNG,RTATXGUCZHCSNG-QHWHWDPRSA-N,6,0.465,0.4058,59,102.0,HIGH,NO_RELEVANT_REPORT_FOUND,False,False,False,0,True,True,False,Unsampled in Stage 7F,Computationally screened + no relevant target report located
CAND_MAOA_0878,maoa,MAO-A (CHRFAM7A/MAOA),Aegle MARMELOS (L.) Corr.,Kaempferol-3-Orutinoside,RTATXGUCZHCSNG,RTATXGUCZHCSNG-QHWHWDPRSA-N,6,0.465,0.4058,59,104.0,HIGH,NO_RELEVANT_REPORT_FOUND,False,False,False,0,True,True,False,Unsampled in Stage 7F,Computationally screened + no relevant target report located
CAND_MAOA_0936,maoa,MAO-A (CHRFAM7A/MAOA),Nyctanthes ARBOR-TRISTIS L.,Nicotiflorin,RTATXGUCZHCSNG,RTATXGUCZHCSNG-BCUAHVTGSA-N,6,0.465,0.4058,59,12.0,HIGH,NO_RELEVANT_REPORT_FOUND,False,False,False,0,True,True,False,Unsampled in Stage 7F,Computationally screened + no relevant target report located
CAND_MAOA_0937,maoa,MAO-A (CHRFAM7A/MAOA),Nyctanthes ARBOR-TRISTIS L.,Nicotiflorin,RTATXGUCZHCSNG,RTATXGUCZHCSNG-BCUAHVTGSA-N,6,0.465,0.4058,59,12.0,HIGH,NO_RELEVANT_REPORT_FOUND,False,False,False,0,True,True,False,Unsampled in Stage 7F,Computationally screened + no relevant target report located
CAND_MAOA_0959,maoa,MAO-A (CHRFAM7A/MAOA),Michelia CHAMPACA L.,Kaempferol-3-O-rutinoside,RTATXGUCZHCSNG,RTATXGUCZHCSNG-QHWHWDPRSA-N,6,0.465,0.4058,59,51.0,HIGH,NO_RELEVANT_REPORT_FOUND,False,False,False,0,True,True,False,Unsampled in Stage 7F,Computationally screened + no relevant target report located
CAND_MAOA_0965,maoa,MAO-A (CHRFAM7A/MAOA),Manihot ESCULENTA Crantz.,nicotiflorin,RTATXGUCZHCSNG,RTATXGUCZHCSNG-QHWHWDPRSA-N,6,0.465,0.4058,59,82.0,HIGH,NO_RELEVANT_REPORT_FOUND,False,False,False,0,True,True,False,Unsampled in Stage 7F,Computationally screened + no relevant target report located
CAND_MAOA_0978,maoa,MAO-A (CHRFAM7A/MAOA),Luffa ACUTANGULA (L.) Roxb.,kaempferol-3-O-rutinoside,RTATXGUCZHCSNG,RTATXGUCZHCSNG-QHWHWDPRSA-N,6,0.465,0.4058,59,53.0,HIGH,NO_RELEVANT_REPORT_FOUND,False,False,False,0,True,True,False,Unsampled in Stage 7F,Computationally screened + no relevant target report located
CAND_MAOA_1003,maoa,MAO-A (CHRFAM7A/MAOA),Hibiscus SABDARIFFA L.,Kaempferol-3-o-rutinoside,RTATXGUCZHCSNG,RTATXGUCZHCSNG-QHWHWDPRSA-N,6,0.465,0.4058,59,73.0,HIGH,NO_RELEVANT_REPORT_FOUND,False,False,False,0,True,True,False,Unsampled in Stage 7F,Computationally screened + no relevant target report located
CAND_MAOA_1019,maoa,MAO-A (CHRFAM7A/MAOA),Hibiscus MUTABILIS L.,kaempferol 3-O-rutinoside,RTATXGUCZHCSNG,RTATXGUCZHCSNG-QHWHWDPRSA-N,6,0.465,0.4058,59,36.0,HIGH,NO_RELEVANT_REPORT_FOUND,False,False,False,0,True,True,False,Unsampled in Stage 7F,Computationally screened + no relevant target report located
CAND_MAOA_1044,maoa,MAO-A (CHRFAM7A/MAOA),Desmodium GANGETICUM (L.) DC.,Kaempferol-3-O-robinobioside,RTATXGUCZHCSNG,RTATXGUCZHCSNG-KYGWAIEOSA-N,6,0.465,0.4058,59,48.0,HIGH,NO_RELEVANT_REPORT_FOUND,False,False,False,0,True,True,False,Unsampled in Stage 7F,Computationally screened + no relevant target report located
CAND_MAOA_1046,maoa,MAO-A (CHRFAM7A/MAOA),Desmodium GANGETICUM (L.) DC.,Nicotiflorin,RTATXGUCZHCSNG,RTATXGUCZHCSNG-QHWHWDPRSA-N,6,0.465,0.4058,59,48.0,HIGH,NO_RELEVANT_REPORT_FOUND,False,False,False,0,True,True,False,Unsampled in Stage 7F,Computationally screened + no relevant target report located
CAND_MAOA_1091,maoa,MAO-A (CHRFAM7A/MAOA),Artocarpus HETEROPHYLLUS Lamk.,Kaempferol 3-O-rutinoside,RTATXGUCZHCSNG,RTATXGUCZHCSNG-QHWHWDPRSA-N,6,0.465,0.4058,59,95.0,HIGH,NO_RELEVANT_REPORT_FOUND,False,False,False,0,True,True,False,Unsampled in Stage 7F,Computationally screened + no relevant target report located
CAND_MAOA_1116,maoa,MAO-A (CHRFAM7A/MAOA),Camellia sinensis (L.) O. Kuntze.,Nicotiflorin,RTATXGUCZHCSNG,RTATXGUCZHCSNG-QHWHWDPRSA-N,6,0.465,0.4058,59,76.0,HIGH,NO_RELEVANT_REPORT_FOUND,False,False,False,0,True,True,False,Unsampled in Stage 7F,Computationally screened + no relevant target report located
CAND_MAOA_1162,maoa,MAO-A (CHRFAM7A/MAOA),Solanum MELONGENA L.,Nicotiflorin,RTATXGUCZHCSNG,RTATXGUCZHCSNG-QHWHWDPRSA-N,6,0.465,0.4058,59,74.0,HIGH,NO_RELEVANT_REPORT_FOUND,False,False,False,0,True,True,True,Unsampled in Stage 7F,Computationally screened + no relevant target report located
CAND_MAOA_1143,maoa,MAO-A (CHRFAM7A/MAOA),Senna occidentalis (L.) Link,Islandicin,JVFKEAXMXKZYRX,FHFHNVHRVKQQHN-UHFFFAOYSA-N,6,0.4633,0.4146,60,49.0,HIGH,NO_RELEVANT_REPORT_FOUND,False,False,False,0,True,False,True,Unsampled in Stage 7F,Computationally screened + no relevant target report located
CAND_MAOA_0888,maoa,MAO-A (CHRFAM7A/MAOA),Terminalia CHEBULA Retz.,"3(2H)-Benzofuranone, 6-methoxy-2-[(3- methoxyphenyl)methylene]-, (E)-",VGYKFEDOWJOOCJ,VGYKFEDOWJOOCJ-CXUHLZMHSA-N,6,0.4617,0.4717,61,58.0,HIGH,NO_RELEVANT_REPORT_FOUND,False,False,False,0,False,False,False,Unsampled in Stage 7F,Computationally screened + no relevant target report located
CAND_MAOA_0873,maoa,MAO-A (CHRFAM7A/MAOA),Abelmoschus MOSCHATUS Medik.,cannabiscitrin,ZJYAVUPWMNHHEU,ZJYAVUPWMNHHEU-GFOOFYSOSA-N,6,0.46,0.459,62,56.0,HIGH,NO_RELEVANT_REPORT_FOUND,False,False,False,0,False,False,False,Unsampled in Stage 7F,Computationally screened + no relevant target report located
CAND_MAOA_1115,maoa,MAO-A (CHRFAM7A/MAOA),Camellia sinensis (L.) O. Kuntze.,Myricetin-3-glucoside,ZJYAVUPWMNHHEU,ZJYAVUPWMNHHEU-GFOOFYSOSA-N,6,0.46,0.459,62,76.0,HIGH,NO_RELEVANT_REPORT_FOUND,False,False,False,0,False,False,False,Unsampled in Stage 7F,Computationally screened + no relevant target report located
CAND_MAOA_1022,maoa,MAO-A (CHRFAM7A/MAOA),Heliotropium INDICUM L.,Echinatin,QJKMIJNRNRLQSS,QJKMIJNRNRLQSS-WEVVVXLNSA-N,6,0.4567,0.4878,63,100.0,HIGH,NO_RELEVANT_REPORT_FOUND,False,False,False,0,False,False,False,Unsampled in Stage 7F,Computationally screened + no relevant target report located
CAND_MAOA_0847,maoa,MAO-A (CHRFAM7A/MAOA),Mesua ferrea L.,Kaempferol 3-O-glucoside,JPUKWEQWGBDDQB,JPUKWEQWGBDDQB-QSOFNFLRSA-N,6,0.4567,0.4355,64,44.0,HIGH,NO_RELEVANT_REPORT_FOUND,False,False,False,0,True,True,False,Unsampled in Stage 7F,Computationally screened + no relevant target report located
CAND_MAOA_0853,maoa,MAO-A (CHRFAM7A/MAOA),Saraca asoca (Roxb.) Wild.,Kaempferol 3-O-beta-D-glucoside,JPUKWEQWGBDDQB,JPUKWEQWGBDDQB-QSOFNFLRSA-N,6,0.4567,0.4355,64,7.0,HIGH,NO_RELEVANT_REPORT_FOUND,False,False,False,0,True,True,True,Unsampled in Stage 7F,Computationally screened + no relevant target report located
CAND_MAOA_0865,maoa,MAO-A (CHRFAM7A/MAOA),Citrus reticulata Blanco,Astragalin,JPUKWEQWGBDDQB,JPUKWEQWGBDDQB-QSOFNFLRSA-N,6,0.4567,0.4355,64,102.0,HIGH,NO_RELEVANT_REPORT_FOUND,False,False,False,0,True,True,False,Unsampled in Stage 7F,Computationally screened + no relevant target report located
CAND_MAOA_0901,maoa,MAO-A (CHRFAM7A/MAOA),Ricinus COMMUNIS L.,Astragalin,JPUKWEQWGBDDQB,JPUKWEQWGBDDQB-QSOFNFLRSA-N,6,0.4567,0.4355,64,28.0,HIGH,NO_RELEVANT_REPORT_FOUND,False,False,False,0,True,True,True,Unsampled in Stage 7F,Computationally screened + no relevant target report located
CAND_MAOA_0916,maoa,MAO-A (CHRFAM7A/MAOA),Phyllanthus URINARIA L.,Astragalin,JPUKWEQWGBDDQB,JPUKWEQWGBDDQB-QSOFNFLRSA-N,6,0.4567,0.4355,64,1.0,HIGH,NO_RELEVANT_REPORT_FOUND,False,False,False,0,True,True,True,Unsampled in Stage 7F,Computationally screened + no relevant target report located
CAND_MAOA_0920,maoa,MAO-A (CHRFAM7A/MAOA),. PHYLLANTHUS EMBLICA L. (Euphorbiaceae),Astragalin,JPUKWEQWGBDDQB,JPUKWEQWGBDDQB-QSOFNFLRSA-N,6,0.4567,0.4355,64,17.0,HIGH,NO_RELEVANT_REPORT_FOUND,False,False,False,0,True,True,True,Unsampled in Stage 7F,Computationally screened + no relevant target report located
CAND_MAOA_0927,maoa,MAO-A (CHRFAM7A/MAOA),Paederia FOETIDA L.,Kaempferol 3-alpha-D-galactoside,JPUKWEQWGBDDQB,JPUKWEQWGBDDQB-DHTVHLPASA-N,6,0.4567,0.4355,64,42.0,HIGH,NO_RELEVANT_REPORT_FOUND,False,False,False,0,True,True,False,Unsampled in Stage 7F,Computationally screened + no relevant target report located
CAND_MAOA_0928,maoa,MAO-A (CHRFAM7A/MAOA),Paederia FOETIDA L.,Kaempferol 3-alpha-D-glucoside,JPUKWEQWGBDDQB,JPUKWEQWGBDDQB-LVIXBQNQSA-N,6,0.4567,0.4355,64,42.0,HIGH,NO_RELEVANT_REPORT_FOUND,False,False,False,0,True,True,False,Unsampled in Stage 7F,Computationally screened + no relevant target report located
CAND_MAOA_0935,maoa,MAO-A (CHRFAM7A/MAOA),Nyctanthes ARBOR-TRISTIS L.,Astragaline,JPUKWEQWGBDDQB,JPUKWEQWGBDDQB-QSOFNFLRSA-N,6,0.4567,0.4355,64,12.0,HIGH,NO_RELEVANT_REPORT_FOUND,False,False,False,0,True,True,False,Unsampled in Stage 7F,Computationally screened + no relevant target report located
CAND_MAOA_0970,maoa,MAO-A (CHRFAM7A/MAOA),Maesa INDICA Wall.,Kaempferol-3-O-glucoside,JPUKWEQWGBDDQB,JPUKWEQWGBDDQB-QSOFNFLRSA-N,6,0.4567,0.4355,64,25.0,HIGH,NO_RELEVANT_REPORT_FOUND,False,False,False,0,True,True,False,Unsampled in Stage 7F,Computationally screened + no relevant target report located
CAND_MAOA_0977,maoa,MAO-A (CHRFAM7A/MAOA),Lygodium FLEXUOSUM Sw.,kaempferol 3-O-beta-D-glucoside,JPUKWEQWGBDDQB,JPUKWEQWGBDDQB-QSOFNFLRSA-M,6,0.4567,0.4355,64,3.0,HIGH,NO_RELEVANT_REPORT_FOUND,False,False,False,0,True,True,False,Unsampled in Stage 7F,Computationally screened + no relevant target report located
CAND_MAOA_0987,maoa,MAO-A (CHRFAM7A/MAOA),Leea AEQUATA L.,astragalin,JPUKWEQWGBDDQB,JPUKWEQWGBDDQB-QSOFNFLRSA-N,6,0.4567,0.4355,64,22.0,HIGH,NO_RELEVANT_REPORT_FOUND,False,False,False,0,True,True,False,Unsampled in Stage 7F,Computationally screened + no relevant target report located
CAND_MAOA_1002,maoa,MAO-A (CHRFAM7A/MAOA),Hibiscus SABDARIFFA L.,Kaempferol-3-o-glucoside,JPUKWEQWGBDDQB,JPUKWEQWGBDDQB-QSOFNFLRSA-N,6,0.4567,0.4355,64,73.0,HIGH,NO_RELEVANT_REPORT_FOUND,False,False,False,0,True,True,False,Unsampled in Stage 7F,Computationally screened + no relevant target report located
CAND_MAOA_1006,maoa,MAO-A (CHRFAM7A/MAOA),Hibiscus SABDARIFFA L.,Trifolin,JPUKWEQWGBDDQB,JPUKWEQWGBDDQB-DTGCRPNFSA-N,6,0.4567,0.4355,64,73.0,HIGH,NO_RELEVANT_REPORT_FOUND,False,False,False,0,True,True,False,Unsampled in Stage 7F,Computationally screened + no relevant target report located
CAND_MAOA_1014,maoa,MAO-A (CHRFAM7A/MAOA),Hibiscus MUTABILIS L.,Astragalin,JPUKWEQWGBDDQB,JPUKWEQWGBDDQB-QSOFNFLRSA-N,6,0.4567,0.4355,64,36.0,HIGH,NO_RELEVANT_REPORT_FOUND,False,False,False,0,True,True,False,Unsampled in Stage 7F,Computationally screened + no relevant target report located
CAND_MAOA_1025,maoa,MAO-A (CHRFAM7A/MAOA),Grewia asiatica L.,Kaempferol-3-O-glucoside,JPUKWEQWGBDDQB,JPUKWEQWGBDDQB-QSOFNFLRSA-N,6,0.4567,0.4355,64,35.0,HIGH,NO_RELEVANT_REPORT_FOUND,False,False,False,0,True,True,False,Unsampled in Stage 7F,Computationally screened + no relevant target report located
CAND_MAOA_1082,maoa,MAO-A (CHRFAM7A/MAOA),Alpinia NIGRA (Gaertn.) Burtt.,kaempferol-3-O-glucoside,JPUKWEQWGBDDQB,JPUKWEQWGBDDQB-QSOFNFLRSA-N,6,0.4567,0.4355,64,31.0,HIGH,NO_RELEVANT_REPORT_FOUND,False,False,False,0,True,True,False,Unsampled in Stage 7F,Computationally screened + no relevant target report located
CAND_MAOA_1098,maoa,MAO-A (CHRFAM7A/MAOA),Azadirachta INDICA A. Juss.,Trifolin,JPUKWEQWGBDDQB,JPUKWEQWGBDDQB-DTGCRPNFSA-N,6,0.4567,0.4355,64,84.0,HIGH,NO_RELEVANT_REPORT_FOUND,False,False,False,0,True,True,False,Unsampled in Stage 7F,Computationally screened + no relevant target report located
CAND_MAOA_1102,maoa,MAO-A (CHRFAM7A/MAOA),Bauhinia PURPUREA L.,astragalin,JPUKWEQWGBDDQB,JPUKWEQWGBDDQB-QSOFNFLRSA-N,6,0.4567,0.4355,64,6.0,HIGH,NO_RELEVANT_REPORT_FOUND,False,False,False,0,True,True,False,Unsampled in Stage 7F,Computationally screened + no relevant target report located
CAND_MAOA_1111,maoa,MAO-A (CHRFAM7A/MAOA),Camellia sinensis (L.) O. Kuntze.,Astragalin,JPUKWEQWGBDDQB,JPUKWEQWGBDDQB-QSOFNFLRSA-N,6,0.4567,0.4355,64,76.0,HIGH,NO_RELEVANT_REPORT_FOUND,False,False,False,0,True,True,False,Unsampled in Stage 7F,Computationally screened + no relevant target report located
CAND_MAOA_1113,maoa,MAO-A (CHRFAM7A/MAOA),Camellia sinensis (L.) O. Kuntze.,Kaempferol-3-galactoside,JPUKWEQWGBDDQB,JPUKWEQWGBDDQB-DTGCRPNFSA-N,6,0.4567,0.4355,64,76.0,HIGH,NO_RELEVANT_REPORT_FOUND,False,False,False,0,True,True,False,Unsampled in Stage 7F,Computationally screened + no relevant target report located
CAND_MAOA_1114,maoa,MAO-A (CHRFAM7A/MAOA),Camellia sinensis (L.) O. Kuntze.,Kaempferol-3-glucoside,JPUKWEQWGBDDQB,JPUKWEQWGBDDQB-QSOFNFLRSA-N,6,0.4567,0.4355,64,76.0,HIGH,NO_RELEVANT_REPORT_FOUND,False,False,False,0,True,True,False,Unsampled in Stage 7F,Computationally screened + no relevant target report located
CAND_MAOA_1120,maoa,MAO-A (CHRFAM7A/MAOA),Camellia sinensis (L.) O. Kuntze.,Trifolin,JPUKWEQWGBDDQB,JPUKWEQWGBDDQB-DTGCRPNFSA-N,6,0.4567,0.4355,64,76.0,HIGH,NO_RELEVANT_REPORT_FOUND,False,False,False,0,True,True,False,Unsampled in Stage 7F,Computationally screened + no relevant target report located
CAND_MAOA_1157,maoa,MAO-A (CHRFAM7A/MAOA),Syzygium CUMINI (L.) Skeel.,Astragalin,JPUKWEQWGBDDQB,JPUKWEQWGBDDQB-QSOFNFLRSA-N,6,0.4567,0.4355,64,69.0,HIGH,NO_RELEVANT_REPORT_FOUND,False,False,False,0,True,True,True,Unsampled in Stage 7F,Computationally screened + no relevant target report located
CAND_MAOA_1164,maoa,MAO-A (CHRFAM7A/MAOA),Saraca ASOCA (Roxb.) De Wilde.,Kaempferol 3-O-beta-D-glucoside,JPUKWEQWGBDDQB,JPUKWEQWGBDDQB-QSOFNFLRSA-N,6,0.4567,0.4355,64,8.0,HIGH,NO_RELEVANT_REPORT_FOUND,False,False,False,0,True,True,True,Unsampled in Stage 7F,Computationally screened + no relevant target report located
CAND_MAOA_0952,maoa,MAO-A (CHRFAM7A/MAOA),Mimusops ELENGI L.,Syringetin-3-O-galactoside,JMFWYRWPJVEZPV,JMFWYRWPJVEZPV-SFBSONLZSA-N,6,0.45,0.4308,65,26.0,HIGH,NO_RELEVANT_REPORT_FOUND,False,False,False,0,True,True,False,Unsampled in Stage 7F,Computationally screened + no relevant target report located
CAND_MAOA_1005,maoa,MAO-A (CHRFAM7A/MAOA),Hibiscus SABDARIFFA L.,Syringetin-3-O-glucoside,JMFWYRWPJVEZPV,JMFWYRWPJVEZPV-AVGVHVDKSA-N,6,0.45,0.4308,65,73.0,HIGH,NO_RELEVANT_REPORT_FOUND,False,False,False,0,True,True,False,Unsampled in Stage 7F,Computationally screened + no relevant target report located
CAND_MAOA_0986,maoa,MAO-A (CHRFAM7A/MAOA),Leea INDICA (Burm. f.) Merr.,Kaempferol 3-O-arabinoside,RNVUDWOQYYWXBJ,RNVUDWOQYYWXBJ-IEGSVRCHSA-N,6,0.4494,0.4576,66,37.0,HIGH,NO_RELEVANT_REPORT_FOUND,False,False,False,0,True,True,False,Unsampled in Stage 7F,Computationally screened + no relevant target report located
CAND_MAOA_1032,maoa,MAO-A (CHRFAM7A/MAOA),Glycosmis PENTAPHYLLA (Retz.) A. DC.,3'-O-Methylquercetin,WEPBGSIAWZTEJR,WEPBGSIAWZTEJR-UHFFFAOYSA-N,6,0.4483,0.6042,67,50.0,HIGH,NO_RELEVANT_REPORT_FOUND,False,False,False,0,False,False,False,Unsampled in Stage 7F,Computationally screened + no relevant target report located
CAND_MAOA_1108,maoa,MAO-A (CHRFAM7A/MAOA),Caesalpinia BONDUC (L.) Roxb.,Quercetin 3-methyl ether,WEPBGSIAWZTEJR,WEPBGSIAWZTEJR-UHFFFAOYSA-N,6,0.4483,0.6042,67,23.0,HIGH,NO_RELEVANT_REPORT_FOUND,False,False,False,0,False,False,False,Unsampled in Stage 7F,Computationally screened + no relevant target report located
CAND_MAOA_0947,maoa,MAO-A (CHRFAM7A/MAOA),Mimusops ELENGI L.,Isorhamnetin-3-O-glucoside,CQLRUIIRRZYHHS,CQLRUIIRRZYHHS-LFXZADKFSA-N,6,0.4483,0.4328,68,26.0,HIGH,NO_RELEVANT_REPORT_FOUND,False,False,False,0,True,True,False,Unsampled in Stage 7F,Computationally screened + no relevant target report located
CAND_MAOA_0957,maoa,MAO-A (CHRFAM7A/MAOA),Michelia CHAMPACA L.,Isorhamnetin-3-O-glucoside,CQLRUIIRRZYHHS,CQLRUIIRRZYHHS-LFXZADKFSA-N,6,0.4483,0.4328,68,51.0,HIGH,NO_RELEVANT_REPORT_FOUND,False,False,False,0,True,True,False,Unsampled in Stage 7F,Computationally screened + no relevant target report located
CAND_MAOA_0968,maoa,MAO-A (CHRFAM7A/MAOA),Maesa INDICA Wall.,Isorhamnetin-3-O-glucoside,CQLRUIIRRZYHHS,CQLRUIIRRZYHHS-LFXZADKFSA-N,6,0.4483,0.4328,68,25.0,HIGH,NO_RELEVANT_REPORT_FOUND,False,False,False,0,True,True,False,Unsampled in Stage 7F,Computationally screened + no relevant target report located
CAND_MAOA_0855,maoa,MAO-A (CHRFAM7A/MAOA),Saraca asoca (Roxb.) Wild.,Quercetin-3-glucoside,OVSQVDMCBVZWGM,OVSQVDMCBVZWGM,6,0.4467,0.4,69,7.0,HIGH,CONTRADICTED,False,False,True,1,True,True,True,Stage 7F External False Positive (Discordant),Computationally screened + contradictory experimental evidence
CAND_MAOA_0875,maoa,MAO-A (CHRFAM7A/MAOA),Abutilon INDICUM (L.) Sweet,Quercetin-3?O???glucopyranoside,OVSQVDMCBVZWGM,OVSQVDMCBVZWGM-QSOFNFLRSA-N,6,0.4467,0.4,69,101.0,HIGH,CONTRADICTED,False,False,True,1,True,True,False,Unsampled in Stage 7F,Computationally screened + contradictory experimental evidence
CAND_MAOA_0890,maoa,MAO-A (CHRFAM7A/MAOA),Terminalia CHEBULA Retz.,Isoquercitrin,OVSQVDMCBVZWGM,OVSQVDMCBVZWGM-QSOFNFLRSA-N,6,0.4467,0.4,69,58.0,HIGH,CONTRADICTED,False,False,True,1,True,True,False,Unsampled in Stage 7F,Computationally screened + contradictory experimental evidence
CAND_MAOA_0902,maoa,MAO-A (CHRFAM7A/MAOA),Ricinus COMMUNIS L.,Hyperoside,OVSQVDMCBVZWGM,OVSQVDMCBVZWGM-DTGCRPNFSA-N,6,0.4467,0.4,69,28.0,HIGH,CONTRADICTED,False,False,True,1,True,True,True,Unsampled in Stage 7F,Computationally screened + contradictory experimental evidence
CAND_MAOA_0904,maoa,MAO-A (CHRFAM7A/MAOA),Ricinus COMMUNIS L.,Quercetin-3-glucoside,OVSQVDMCBVZWGM,OVSQVDMCBVZWGM,6,0.4467,0.4,69,28.0,HIGH,CONTRADICTED,False,False,True,1,True,True,True,Stage 7F External False Positive (Discordant),Computationally screened + contradictory experimental evidence
CAND_MAOA_0907,maoa,MAO-A (CHRFAM7A/MAOA),Psidium GUAJAVA L.,Hyperoside,OVSQVDMCBVZWGM,OVSQVDMCBVZWGM-DTGCRPNFSA-N,6,0.4467,0.4,69,67.0,HIGH,CONTRADICTED,False,False,True,1,True,True,True,Unsampled in Stage 7F,Computationally screened + contradictory experimental evidence
CAND_MAOA_0925,maoa,MAO-A (CHRFAM7A/MAOA),Paederia FOETIDA L.,Isoquercetin,OVSQVDMCBVZWGM,OVSQVDMCBVZWGM-QSOFNFLRSA-N,6,0.4467,0.4,69,42.0,HIGH,CONTRADICTED,False,False,True,1,True,True,False,Unsampled in Stage 7F,Computationally screened + contradictory experimental evidence
CAND_MAOA_0930,maoa,MAO-A (CHRFAM7A/MAOA),Paederia FOETIDA L.,Quercetin 3-beta-D-glucoside,OVSQVDMCBVZWGM,OVSQVDMCBVZWGM-QSOFNFLRSA-N,6,0.4467,0.4,69,42.0,HIGH,CONTRADICTED,False,False,True,1,True,True,False,Unsampled in Stage 7F,Computationally screened + contradictory experimental evidence
CAND_MAOA_0931,maoa,MAO-A (CHRFAM7A/MAOA),Paederia FOETIDA L.,Quercetin 3-galactoside,OVSQVDMCBVZWGM,OVSQVDMCBVZWGM-DTGCRPNFSA-N,6,0.4467,0.4,69,42.0,HIGH,CONTRADICTED,False,False,True,1,True,True,False,Unsampled in Stage 7F,Computationally screened + contradictory experimental evidence
CAND_MAOA_0955,maoa,MAO-A (CHRFAM7A/MAOA),Michelia CHAMPACA L.,Hyperoside,OVSQVDMCBVZWGM,OVSQVDMCBVZWGM-DTGCRPNFSA-N,6,0.4467,0.4,69,51.0,HIGH,CONTRADICTED,False,False,True,1,True,True,False,Unsampled in Stage 7F,Computationally screened + contradictory experimental evidence
CAND_MAOA_0956,maoa,MAO-A (CHRFAM7A/MAOA),Michelia CHAMPACA L.,Isoquercetin,OVSQVDMCBVZWGM,OVSQVDMCBVZWGM-QSOFNFLRSA-N,6,0.4467,0.4,69,51.0,HIGH,CONTRADICTED,False,False,True,1,True,True,False,Unsampled in Stage 7F,Computationally screened + contradictory experimental evidence
CAND_MAOA_0988,maoa,MAO-A (CHRFAM7A/MAOA),Leea AEQUATA L.,isoquercitrin,OVSQVDMCBVZWGM,OVSQVDMCBVZWGM-QSOFNFLRSA-N,6,0.4467,0.4,69,22.0,HIGH,CONTRADICTED,False,False,True,1,True,True,False,Unsampled in Stage 7F,Computationally screened + contradictory experimental evidence
CAND_MAOA_0994,maoa,MAO-A (CHRFAM7A/MAOA),Hopea ODORATA Roxb.,Quercetin 3-glucoside,OVSQVDMCBVZWGM,OVSQVDMCBVZWGM-QSOFNFLRSA-N,6,0.4467,0.4,69,27.0,HIGH,CONTRADICTED,False,False,True,1,True,True,False,Unsampled in Stage 7F,Computationally screened + contradictory experimental evidence
CAND_MAOA_0995,maoa,MAO-A (CHRFAM7A/MAOA),Hibiscus SABDARIFFA L.,Isoquercitin,OVSQVDMCBVZWGM,OVSQVDMCBVZWGM-LQSBFMDOSA-N,6,0.4467,0.4,69,73.0,HIGH,CONTRADICTED,False,False,True,1,True,True,False,Unsampled in Stage 7F,Computationally screened + contradictory experimental evidence
CAND_MAOA_0996,maoa,MAO-A (CHRFAM7A/MAOA),Hibiscus SABDARIFFA L.,Isoquercitrin,OVSQVDMCBVZWGM,OVSQVDMCBVZWGM-QSOFNFLRSA-N,6,0.4467,0.4,69,73.0,HIGH,CONTRADICTED,False,False,True,1,True,True,False,Unsampled in Stage 7F,Computationally screened + contradictory experimental evidence
CAND_MAOA_1007,maoa,MAO-A (CHRFAM7A/MAOA),Hibiscus ROSA-SINENSIS L.,Hyperoside,OVSQVDMCBVZWGM,OVSQVDMCBVZWGM-DTGCRPNFSA-N,6,0.4467,0.4,69,59.0,HIGH,CONTRADICTED,False,False,True,1,True,True,False,Unsampled in Stage 7F,Computationally screened + contradictory experimental evidence
CAND_MAOA_1008,maoa,MAO-A (CHRFAM7A/MAOA),Hibiscus ROSA-SINENSIS L.,Isoquercitrin,OVSQVDMCBVZWGM,OVSQVDMCBVZWGM-QSOFNFLRSA-N,6,0.4467,0.4,69,59.0,HIGH,CONTRADICTED,False,False,True,1,True,True,False,Unsampled in Stage 7F,Computationally screened + contradictory experimental evidence
CAND_MAOA_1011,maoa,MAO-A (CHRFAM7A/MAOA),Hibiscus ROSA-SINENSIS L.,Quercetin-3-beta-D-glucoside,OVSQVDMCBVZWGM,OVSQVDMCBVZWGM-ZVIPYZFUSA-N,6,0.4467,0.4,69,59.0,HIGH,CONTRADICTED,False,False,True,1,True,True,False,Unsampled in Stage 7F,Computationally screened + contradictory experimental evidence
CAND_MAOA_1020,maoa,MAO-A (CHRFAM7A/MAOA),Hemidesmus INDICUS (L.) R. Br.,Hyperoside,OVSQVDMCBVZWGM,OVSQVDMCBVZWGM-DTGCRPNFSA-N,6,0.4467,0.4,69,61.0,HIGH,CONTRADICTED,False,False,True,1,True,True,False,Unsampled in Stage 7F,Computationally screened + contradictory experimental evidence
CAND_MAOA_1035,maoa,MAO-A (CHRFAM7A/MAOA),Glycosmis PENTAPHYLLA (Retz.) A. DC.,Quercetin-3-O-beta-D-glucoside,OVSQVDMCBVZWGM,OVSQVDMCBVZWGM-QSOFNFLRSA-M,6,0.4467,0.4,69,50.0,HIGH,CONTRADICTED,False,False,True,1,True,True,False,Unsampled in Stage 7F,Computationally screened + contradictory experimental evidence
CAND_MAOA_1036,maoa,MAO-A (CHRFAM7A/MAOA),Gloriosa SUPERBA L.,Isoquercetin,OVSQVDMCBVZWGM,OVSQVDMCBVZWGM-QSOFNFLRSA-N,6,0.4467,0.4,69,85.0,HIGH,CONTRADICTED,False,False,True,1,True,True,False,Unsampled in Stage 7F,Computationally screened + contradictory experimental evidence
CAND_MAOA_1063,maoa,MAO-A (CHRFAM7A/MAOA),Cuscuta REFLEXA Roxb.,Hyperoside,OVSQVDMCBVZWGM,OVSQVDMCBVZWGM-DTGCRPNFSA-N,6,0.4467,0.4,69,24.0,HIGH,CONTRADICTED,False,False,True,1,True,True,False,Unsampled in Stage 7F,Computationally screened + contradictory experimental evidence
CAND_MAOA_1070,maoa,MAO-A (CHRFAM7A/MAOA),Coriandrum SATIVUM L.,Isoquercitrin,OVSQVDMCBVZWGM,OVSQVDMCBVZWGM-QSOFNFLRSA-N,6,0.4467,0.4,69,43.0,HIGH,CONTRADICTED,False,False,True,1,True,True,False,Unsampled in Stage 7F,Computationally screened + contradictory experimental evidence
CAND_MAOA_1080,maoa,MAO-A (CHRFAM7A/MAOA),Citrus maxima (Burm.) Merr.,isoquercitrin,OVSQVDMCBVZWGM,OVSQVDMCBVZWGM-QSOFNFLRSA-N,6,0.4467,0.4,69,77.0,HIGH,CONTRADICTED,False,False,True,1,True,True,False,Unsampled in Stage 7F,Computationally screened + contradictory experimental evidence
CAND_MAOA_1100,maoa,MAO-A (CHRFAM7A/MAOA),Bauhinia PURPUREA L.,Isoquercitrin,OVSQVDMCBVZWGM,OVSQVDMCBVZWGM-QSOFNFLRSA-N,6,0.4467,0.4,69,6.0,HIGH,CONTRADICTED,False,False,True,1,True,True,False,Unsampled in Stage 7F,Computationally screened + contradictory experimental evidence
CAND_MAOA_1103,maoa,MAO-A (CHRFAM7A/MAOA),Bauhinia PURPUREA L.,isoquercitin,OVSQVDMCBVZWGM,OVSQVDMCBVZWGM-QSOFNFLRSA-N,6,0.4467,0.4,69,6.0,HIGH,CONTRADICTED,False,False,True,1,True,True,False,Unsampled in Stage 7F,Computationally screened + contradictory experimental evidence
CAND_MAOA_1112,maoa,MAO-A (CHRFAM7A/MAOA),Camellia sinensis (L.) O. Kuntze.,Hyperoside,OVSQVDMCBVZWGM,OVSQVDMCBVZWGM-DTGCRPNFSA-N,6,0.4467,0.4,69,76.0,HIGH,CONTRADICTED,False,False,True,1,True,True,False,Unsampled in Stage 7F,Computationally screened + contradictory experimental evidence
CAND_MAOA_1118,maoa,MAO-A (CHRFAM7A/MAOA),Camellia sinensis (L.) O. Kuntze.,Quercetin-3-galactoside,OVSQVDMCBVZWGM,OVSQVDMCBVZWGM-DTGCRPNFSA-N,6,0.4467,0.4,69,76.0,HIGH,CONTRADICTED,False,False,True,1,True,True,False,Unsampled in Stage 7F,Computationally screened + contradictory experimental evidence
CAND_MAOA_1119,maoa,MAO-A (CHRFAM7A/MAOA),Camellia sinensis (L.) O. Kuntze.,Quercetin-3-glucoside,OVSQVDMCBVZWGM,OVSQVDMCBVZWGM-QSOFNFLRSA-N,6,0.4467,0.4,69,76.0,HIGH,CONTRADICTED,False,False,True,1,True,True,False,Unsampled in Stage 7F,Computationally screened + contradictory experimental evidence
CAND_MAOA_1136,maoa,MAO-A (CHRFAM7A/MAOA),Cassia FISTULA L.,Isoquercitrin,OVSQVDMCBVZWGM,OVSQVDMCBVZWGM-QSOFNFLRSA-N,6,0.4467,0.4,69,57.0,HIGH,CONTRADICTED,False,False,True,1,True,True,False,Unsampled in Stage 7F,Computationally screened + contradictory experimental evidence
CAND_MAOA_1159,maoa,MAO-A (CHRFAM7A/MAOA),Syzygium CUMINI (L.) Skeel.,Isoquercetin,OVSQVDMCBVZWGM,OVSQVDMCBVZWGM-QSOFNFLRSA-N,6,0.4467,0.4,69,69.0,HIGH,CONTRADICTED,False,False,True,1,True,True,False,Unsampled in Stage 7F,Computationally screened + contradictory experimental evidence
CAND_MAOA_1166,maoa,MAO-A (CHRFAM7A/MAOA),Saraca ASOCA (Roxb.) De Wilde.,Quercetin-3-glucoside,OVSQVDMCBVZWGM,OVSQVDMCBVZWGM,6,0.4467,0.4,69,8.0,HIGH,CONTRADICTED,False,False,True,1,True,True,True,Stage 7F External False Positive (Discordant),Computationally screened + contradictory experimental evidence
CAND_MAOA_0906,maoa,MAO-A (CHRFAM7A/MAOA),Psidium GUAJAVA L.,Guaijaverin,PZZRDJXEMZMZFD,PZZRDJXEMZMZFD-IEGSVRCHSA-N,6,0.4444,0.4194,70,67.0,HIGH,NO_RELEVANT_REPORT_FOUND,False,False,False,0,True,True,True,Unsampled in Stage 7F,Computationally screened + no relevant target report located
CAND_MAOA_0910,maoa,MAO-A (CHRFAM7A/MAOA),polygonum PLEBEIUM R. Br.,Guaijaverin,PZZRDJXEMZMZFD,PZZRDJXEMZMZFD-IEGSVRCHSA-N,6,0.4444,0.4194,70,,HIGH,NO_RELEVANT_REPORT_FOUND,False,False,False,0,True,True,True,Unsampled in Stage 7F,Computationally screened + no relevant target report located
CAND_MAOA_0949,maoa,MAO-A (CHRFAM7A/MAOA),Mimusops ELENGI L.,Quercetin-3-D-xyloside,PZZRDJXEMZMZFD,PZZRDJXEMZMZFD-DUYPVGENSA-N,6,0.4444,0.4194,70,26.0,HIGH,NO_RELEVANT_REPORT_FOUND,False,False,False,0,True,True,False,Unsampled in Stage 7F,Computationally screened + no relevant target report located
CAND_MAOA_0973,maoa,MAO-A (CHRFAM7A/MAOA),Maesa INDICA Wall.,Quercetin-3-D-xyloside,PZZRDJXEMZMZFD,PZZRDJXEMZMZFD-DUYPVGENSA-N,6,0.4444,0.4194,70,25.0,HIGH,NO_RELEVANT_REPORT_FOUND,False,False,False,0,True,True,False,Unsampled in Stage 7F,Computationally screened + no relevant target report located
CAND_MAOA_1028,maoa,MAO-A (CHRFAM7A/MAOA),Grewia asiatica L.,Quercetin-3-O-xyloside,PZZRDJXEMZMZFD,PZZRDJXEMZMZFD-UHFFFAOYSA-N,6,0.4444,0.4194,70,35.0,HIGH,NO_RELEVANT_REPORT_FOUND,False,False,False,0,True,True,False,Unsampled in Stage 7F,Computationally screened + no relevant target report located
CAND_MAOA_1154,maoa,MAO-A (CHRFAM7A/MAOA),Tacca INTEGRIFOLIA Ker.-Gawl.,Guaijaverin,PZZRDJXEMZMZFD,PZZRDJXEMZMZFD-IEGSVRCHSA-N,6,0.4444,0.4194,70,,HIGH,NO_RELEVANT_REPORT_FOUND,False,False,False,0,True,True,True,Unsampled in Stage 7F,Computationally screened + no relevant target report located
CAND_MAOA_0948,maoa,MAO-A (CHRFAM7A/MAOA),Mimusops ELENGI L.,Kaempferol-3-Glucuronide,FNTJVYCFNVUBOL,FNTJVYCFNVUBOL-MBIBTLSJSA-N,6,0.4442,0.4355,71,26.0,HIGH,NO_RELEVANT_REPORT_FOUND,False,False,False,0,True,True,False,Unsampled in Stage 7F,Computationally screened + no relevant target report located
CAND_MAOA_1000,maoa,MAO-A (CHRFAM7A/MAOA),Hibiscus SABDARIFFA L.,Kaempferol 3-O-glucuronide,FNTJVYCFNVUBOL,FNTJVYCFNVUBOL-ZUGPOPFOSA-N,6,0.4442,0.4355,71,73.0,HIGH,NO_RELEVANT_REPORT_FOUND,False,False,False,0,True,True,False,Unsampled in Stage 7F,Computationally screened + no relevant target report located
CAND_MAOA_1037,maoa,MAO-A (CHRFAM7A/MAOA),Gloriosa SUPERBA L.,Kaempferol-3-glucuronide,FNTJVYCFNVUBOL,FNTJVYCFNVUBOL-MBIBTLSJSA-N,6,0.4442,0.4355,71,85.0,HIGH,NO_RELEVANT_REPORT_FOUND,False,False,False,0,True,True,False,Unsampled in Stage 7F,Computationally screened + no relevant target report located
CAND_MAOA_1072,maoa,MAO-A (CHRFAM7A/MAOA),Coriandrum SATIVUM L.,Kaempferol 3-glucuronide,FNTJVYCFNVUBOL,FNTJVYCFNVUBOL-ZUGPOPFOSA-N,6,0.4442,0.4355,71,43.0,HIGH,NO_RELEVANT_REPORT_FOUND,False,False,False,0,True,True,False,Unsampled in Stage 7F,Computationally screened + no relevant target report located
CAND_MAOA_1128,maoa,MAO-A (CHRFAM7A/MAOA),Hibiscus schizopetalus (Mast.) Hook. f.,Kaempferol O-glucuronide,FNTJVYCFNVUBOL,FNTJVYCFNVUBOL-ZUGPOPFOSA-N,6,0.4442,0.4355,71,13.0,HIGH,NO_RELEVANT_REPORT_FOUND,False,False,False,0,True,True,False,Unsampled in Stage 7F,Computationally screened + no relevant target report located
CAND_MAOA_1078,maoa,MAO-A (CHRFAM7A/MAOA),Citrus maxima (Burm.) Merr.,Grandisine-I,VPMIRWSZFAXDKP,VPMIRWSZFAXDKP-UHFFFAOYSA-N,6,0.443,0.4444,72,77.0,HIGH,NO_RELEVANT_REPORT_FOUND,False,False,False,0,False,False,False,Unsampled in Stage 7F,Computationally screened + no relevant target report located
CAND_MAOA_1053,maoa,MAO-A (CHRFAM7A/MAOA),Derris TRIFOLIATA Lour.,dereticulatin,LZDOHAQXBZGKIA,LZDOHAQXBZGKIA-IJHRGXPZSA-N,6,0.4417,0.4493,74,5.0,HIGH,NO_RELEVANT_REPORT_FOUND,False,False,False,0,False,False,False,Unsampled in Stage 7F,Computationally screened + no relevant target report located
CAND_MAOA_0868,maoa,MAO-A (CHRFAM7A/MAOA),Ferula foetida (Bunge) Regel,Microbin,XRHGYUZYPHTUJZ,GHMWZRWCBLXYBX-UHFFFAOYSA-M,6,0.44,0.4062,75,93.0,HIGH,NO_RELEVANT_REPORT_FOUND,False,False,False,0,False,False,False,Unsampled in Stage 7F,Computationally screened + no relevant target report located
CAND_MAOA_0950,maoa,MAO-A (CHRFAM7A/MAOA),Mimusops ELENGI L.,Quercetin-3-glucuronide,DUBCCGAQYVUYEU,DUBCCGAQYVUYEU-UHFFFAOYSA-N,6,0.4392,0.4,76,26.0,HIGH,NO_RELEVANT_REPORT_FOUND,False,False,False,0,True,True,False,Unsampled in Stage 7F,Computationally screened + no relevant target report located
CAND_MAOA_0974,maoa,MAO-A (CHRFAM7A/MAOA),Maesa INDICA Wall.,Quercetin-3-Glucuronide,DUBCCGAQYVUYEU,DUBCCGAQYVUYEU-ZUGPOPFOSA-N,6,0.4392,0.4,76,25.0,HIGH,NO_RELEVANT_REPORT_FOUND,False,False,False,0,True,True,False,Unsampled in Stage 7F,Computationally screened + no relevant target report located
CAND_MAOA_0981,maoa,MAO-A (CHRFAM7A/MAOA),Litsea MONOPETALA (Roxb.) Pers.,Querciturone,DUBCCGAQYVUYEU,DUBCCGAQYVUYEU-ZUGPOPFOSA-N,6,0.4392,0.4,76,21.0,HIGH,NO_RELEVANT_REPORT_FOUND,False,False,False,0,True,True,False,Unsampled in Stage 7F,Computationally screened + no relevant target report located
CAND_MAOA_1026,maoa,MAO-A (CHRFAM7A/MAOA),Grewia asiatica L.,Myricetin-3-O-rhamnoside,KPKDFSLIRPVPJF,KPKDFSLIRPVPJF-YDOQJWOYSA-N,6,0.4367,0.4915,77,35.0,HIGH,NO_RELEVANT_REPORT_FOUND,False,False,False,0,False,False,False,Unsampled in Stage 7F,Computationally screened + no relevant target report located
CAND_MAOA_1094,maoa,MAO-A (CHRFAM7A/MAOA),Averrhoa CARAMBOLA L.,Methyl anisate,DDIZAANNODHTRB,DDIZAANNODHTRB-UHFFFAOYSA-N,6,0.4367,0.4444,78,75.0,HIGH,NO_RELEVANT_REPORT_FOUND,False,False,False,0,False,False,False,Unsampled in Stage 7F,Computationally screened + no relevant target report located
CAND_MAOA_0905,maoa,MAO-A (CHRFAM7A/MAOA),Psidium GUAJAVA L.,Avicularin,BDCDNTVZSILEOY,BDCDNTVZSILEOY-UXYNSRGZSA-N,6,0.4367,0.4062,79,67.0,HIGH,NO_RELEVANT_REPORT_FOUND,False,False,False,0,True,False,True,Unsampled in Stage 7F,Computationally screened + no relevant target report located
CAND_MAOA_0934,maoa,MAO-A (CHRFAM7A/MAOA),Ocimum AMERICANUM L.,Genkwanin,JPMYFOBNRRGFNO,JPMYFOBNRRGFNO-UHFFFAOYSA-N,6,0.435,0.6364,80,72.0,HIGH,NO_RELEVANT_REPORT_FOUND,False,False,False,0,False,False,False,Unsampled in Stage 7F,Computationally screened + no relevant target report located
CAND_MAOA_0844,maoa,MAO-A (CHRFAM7A/MAOA),Boerhavia diffusa L.,Liriodenine,MUMCCPUVOAUBAN,MUMCCPUVOAUBAN-UHFFFAOYSA-N,6,0.435,0.4167,81,92.0,HIGH,NO_RELEVANT_REPORT_FOUND,False,False,False,0,False,False,False,Unsampled in Stage 7F,Computationally screened + no relevant target report located
CAND_MAOA_0960,maoa,MAO-A (CHRFAM7A/MAOA),Michelia CHAMPACA L.,Liriodenine,MUMCCPUVOAUBAN,MUMCCPUVOAUBAN-UHFFFAOYSA-N,6,0.435,0.4167,81,51.0,HIGH,NO_RELEVANT_REPORT_FOUND,False,False,False,0,False,False,False,Unsampled in Stage 7F,Computationally screened + no relevant target report located
CAND_MAOA_1089,maoa,MAO-A (CHRFAM7A/MAOA),Annona RETICULATA L.,Liriodenine,MUMCCPUVOAUBAN,MUMCCPUVOAUBAN-UHFFFAOYSA-N,6,0.435,0.4167,81,54.0,HIGH,NO_RELEVANT_REPORT_FOUND,False,False,False,0,False,False,False,Unsampled in Stage 7F,Computationally screened + no relevant target report located
CAND_MAOA_0897,maoa,MAO-A (CHRFAM7A/MAOA),Tephrosia PURPUREA (L.) Pers.,Purpuritenin A,JAZVSCKRKREELH,JAZVSCKRKREELH-VQHVLOKHSA-N,6,0.4297,0.4694,84,14.0,HIGH,NO_RELEVANT_REPORT_FOUND,False,False,False,0,True,False,True,Unsampled in Stage 7F,Computationally screened + no relevant target report located
CAND_MAOA_0896,maoa,MAO-A (CHRFAM7A/MAOA),Tephrosia PURPUREA (L.) Pers.,Purpurin,CHERCCPWQNZOOH,BBNQQADTFFCFGB-UHFFFAOYSA-N,6,0.4292,0.5,85,14.0,HIGH,NO_RELEVANT_REPORT_FOUND,False,False,False,0,True,False,True,Unsampled in Stage 7F,Computationally screened + no relevant target report located
CAND_MAOA_1068,maoa,MAO-A (CHRFAM7A/MAOA),Coriandrum SATIVUM L.,Dillenetin,MHALJYZRPGYQSI,MHALJYZRPGYQSI-UHFFFAOYSA-N,6,0.4283,0.7333,86,43.0,HIGH,NO_RELEVANT_REPORT_FOUND,False,False,False,0,False,False,False,Unsampled in Stage 7F,Computationally screened + no relevant target report located
CAND_MAOA_0848,maoa,MAO-A (CHRFAM7A/MAOA),Mesua ferrea L.,Kaempferol 3-O-rhamnoside,SOSLMHZOJATCCP,SOSLMHZOJATCCP-AEIZVZFYSA-N,6,0.4283,0.4746,87,44.0,HIGH,NO_RELEVANT_REPORT_FOUND,False,False,False,0,True,True,False,Unsampled in Stage 7F,Computationally screened + no relevant target report located
CAND_MAOA_0857,maoa,MAO-A (CHRFAM7A/MAOA),Clitoria ternatea L.,Afzelin,SOSLMHZOJATCCP,SOSLMHZOJATCCP-AEIZVZFYSA-N,6,0.4283,0.4746,87,2.0,HIGH,NO_RELEVANT_REPORT_FOUND,False,False,False,0,True,True,False,Unsampled in Stage 7F,Computationally screened + no relevant target report located
CAND_MAOA_0980,maoa,MAO-A (CHRFAM7A/MAOA),Litsea MONOPETALA (Roxb.) Pers.,Kaempferol-3-O-alpha-L-rhamnoside,SOSLMHZOJATCCP,SOSLMHZOJATCCP-MKMJNHTISA-N,6,0.4283,0.4746,87,21.0,HIGH,NO_RELEVANT_REPORT_FOUND,False,False,False,0,True,True,False,Unsampled in Stage 7F,Computationally screened + no relevant target report located
CAND_MAOA_1062,maoa,MAO-A (CHRFAM7A/MAOA),Cuscuta REFLEXA Roxb.,Afzelin,SOSLMHZOJATCCP,SOSLMHZOJATCCP-AEIZVZFYSA-N,6,0.4283,0.4746,87,24.0,HIGH,NO_RELEVANT_REPORT_FOUND,False,False,False,0,True,True,False,Unsampled in Stage 7F,Computationally screened + no relevant target report located
CAND_MAOA_1129,maoa,MAO-A (CHRFAM7A/MAOA),Hibiscus schizopetalus (Mast.) Hook. f.,Kaempferolrhamnoside,SOSLMHZOJATCCP,SOSLMHZOJATCCP-AEIZVZFYSA-N,6,0.4283,0.4746,87,13.0,HIGH,NO_RELEVANT_REPORT_FOUND,False,False,False,0,True,True,False,Unsampled in Stage 7F,Computationally screened + no relevant target report located
CAND_MAOA_1077,maoa,MAO-A (CHRFAM7A/MAOA),Citrus maxima (Burm.) Merr.,Citpressine-II,CHCYJKZBXNSGCG,CHCYJKZBXNSGCG-UHFFFAOYSA-N,6,0.428,0.5,89,77.0,HIGH,NO_RELEVANT_REPORT_FOUND,False,False,False,0,False,False,False,Unsampled in Stage 7F,Computationally screened + no relevant target report located
CAND_MAOA_0899,maoa,MAO-A (CHRFAM7A/MAOA),Tephrosia PURPUREA (L.) Pers.,Tephrone,HAIRUBAWLBUWML,HAIRUBAWLBUWML-HWKANZROSA-N,6,0.4267,0.5962,90,14.0,HIGH,NO_RELEVANT_REPORT_FOUND,False,False,False,0,True,False,True,Unsampled in Stage 7F,Computationally screened + no relevant target report located
CAND_MAOA_0881,maoa,MAO-A (CHRFAM7A/MAOA),Albizia PROCERA (Roxb.) Benth.,Formononetin,HKQYGTCOTHHOMP,HKQYGTCOTHHOMP-UHFFFAOYSA-N,6,0.4233,0.5294,91,20.0,HIGH,CONTRADICTED,False,False,True,1,True,False,False,Unsampled in Stage 7F,Computationally screened + contradictory experimental evidence
CAND_MAOA_0967,maoa,MAO-A (CHRFAM7A/MAOA),Maesa INDICA Wall.,Formononetin,HKQYGTCOTHHOMP,HKQYGTCOTHHOMP-UHFFFAOYSA-N,6,0.4233,0.5294,91,25.0,HIGH,CONTRADICTED,False,False,True,1,True,False,False,Unsampled in Stage 7F,Computationally screened + contradictory experimental evidence
CAND_MAOA_0843,maoa,MAO-A (CHRFAM7A/MAOA),Artocarpus heterophyllus Lam.,artocarpetin,VOCATNAJXJSCLN,VOCATNAJXJSCLN-UHFFFAOYSA-N,6,0.4217,0.5106,93,94.0,HIGH,NO_RELEVANT_REPORT_FOUND,False,False,False,0,False,False,False,Unsampled in Stage 7F,Computationally screened + no relevant target report located
CAND_MAOA_1092,maoa,MAO-A (CHRFAM7A/MAOA),Artocarpus HETEROPHYLLUS Lamk.,artocarpetin,VOCATNAJXJSCLN,VOCATNAJXJSCLN-UHFFFAOYSA-N,6,0.4217,0.5106,93,95.0,HIGH,NO_RELEVANT_REPORT_FOUND,False,False,False,0,False,False,False,Unsampled in Stage 7F,Computationally screened + no relevant target report located
CAND_MAOA_0850,maoa,MAO-A (CHRFAM7A/MAOA),Mesua ferrea L.,Quercetin 3-O-rhamnoside,OXGUCUVFOIWWQJ,OXGUCUVFOIWWQJ-HQBVPOQASA-N,6,0.42,0.4355,94,44.0,HIGH,CONTRADICTED,False,False,True,1,True,False,False,Unsampled in Stage 7F,Computationally screened + contradictory experimental evidence
CAND_MAOA_0856,maoa,MAO-A (CHRFAM7A/MAOA),Saraca asoca (Roxb.) Wild.,Quercitrin,OXGUCUVFOIWWQJ,OXGUCUVFOIWWQJ-HQBVPOQASA-N,6,0.42,0.4355,94,7.0,HIGH,CONTRADICTED,False,False,True,1,True,False,True,Unsampled in Stage 7F,Computationally screened + contradictory experimental evidence
CAND_MAOA_0860,maoa,MAO-A (CHRFAM7A/MAOA),Macaranga peltata (Roxb.)Muell.-Arg.,Quercetrin,OXGUCUVFOIWWQJ,OXGUCUVFOIWWQJ-HQBVPOQASA-N,6,0.42,0.4355,94,39.0,HIGH,CONTRADICTED,False,False,True,1,True,False,False,Unsampled in Stage 7F,Computationally screened + contradictory experimental evidence
CAND_MAOA_0909,maoa,MAO-A (CHRFAM7A/MAOA),Psidium GUAJAVA L.,Quercitrin,OXGUCUVFOIWWQJ,OXGUCUVFOIWWQJ-HQBVPOQASA-N,6,0.42,0.4355,94,67.0,HIGH,CONTRADICTED,False,False,True,1,True,False,True,Unsampled in Stage 7F,Computationally screened + contradictory experimental evidence
CAND_MAOA_0914,maoa,MAO-A (CHRFAM7A/MAOA),Plumeria RUBRA L.,Quercitrin,OXGUCUVFOIWWQJ,OXGUCUVFOIWWQJ-HQBVPOQASA-N,6,0.42,0.4355,94,68.0,HIGH,CONTRADICTED,False,False,True,1,True,False,True,Unsampled in Stage 7F,Computationally screened + contradictory experimental evidence
CAND_MAOA_0919,maoa,MAO-A (CHRFAM7A/MAOA),Phyllanthus URINARIA L.,Quercitrin,OXGUCUVFOIWWQJ,OXGUCUVFOIWWQJ-HQBVPOQASA-N,6,0.42,0.4355,94,1.0,HIGH,CONTRADICTED,False,False,True,1,True,False,True,Unsampled in Stage 7F,Computationally screened + contradictory experimental evidence
CAND_MAOA_0943,maoa,MAO-A (CHRFAM7A/MAOA),Murraya PANICULATA (L.) Jacq.,quercitrin,OXGUCUVFOIWWQJ,OXGUCUVFOIWWQJ-HQBVPOQASA-N,6,0.42,0.4355,94,29.0,HIGH,CONTRADICTED,False,False,True,1,True,False,False,Unsampled in Stage 7F,Computationally screened + contradictory experimental evidence
CAND_MAOA_0951,maoa,MAO-A (CHRFAM7A/MAOA),Mimusops ELENGI L.,Quercitrin,OXGUCUVFOIWWQJ,OXGUCUVFOIWWQJ-HQBVPOQASA-N,6,0.42,0.4355,94,26.0,HIGH,CONTRADICTED,False,False,True,1,True,False,False,Unsampled in Stage 7F,Computationally screened + contradictory experimental evidence
CAND_MAOA_0962,maoa,MAO-A (CHRFAM7A/MAOA),Michelia CHAMPACA L.,Quercitrin,OXGUCUVFOIWWQJ,OXGUCUVFOIWWQJ-HQBVPOQASA-N,6,0.42,0.4355,94,51.0,HIGH,CONTRADICTED,False,False,True,1,True,False,False,Unsampled in Stage 7F,Computationally screened + contradictory experimental evidence
CAND_MAOA_1081,maoa,MAO-A (CHRFAM7A/MAOA),Citrus maxima (Burm.) Merr.,quercitrin,OXGUCUVFOIWWQJ,OXGUCUVFOIWWQJ-HQBVPOQASA-N,6,0.42,0.4355,94,77.0,HIGH,CONTRADICTED,False,False,True,1,True,False,False,Unsampled in Stage 7F,Computationally screened + contradictory experimental evidence
CAND_MAOA_1099,maoa,MAO-A (CHRFAM7A/MAOA),Bauhinia MALABARICA Roxb.,Quercitrin,OXGUCUVFOIWWQJ,OXGUCUVFOIWWQJ-HQBVPOQASA-N,6,0.42,0.4355,94,,HIGH,CONTRADICTED,False,False,True,1,True,False,False,Unsampled in Stage 7F,Computationally screened + contradictory experimental evidence
CAND_MAOA_1139,maoa,MAO-A (CHRFAM7A/MAOA),Cassia FISTULA L.,Quercitrin,OXGUCUVFOIWWQJ,OXGUCUVFOIWWQJ-HQBVPOQASA-N,6,0.42,0.4355,94,57.0,HIGH,CONTRADICTED,False,False,True,1,True,False,False,Unsampled in Stage 7F,Computationally screened + contradictory experimental evidence
CAND_MAOA_1146,maoa,MAO-A (CHRFAM7A/MAOA),Desmos chinensislour.,Quercitrin,OXGUCUVFOIWWQJ,OXGUCUVFOIWWQJ-HQBVPOQASA-N,6,0.42,0.4355,94,63.0,HIGH,CONTRADICTED,False,False,True,1,True,False,False,Unsampled in Stage 7F,Computationally screened + contradictory experimental evidence
CAND_MAOA_1167,maoa,MAO-A (CHRFAM7A/MAOA),Saraca ASOCA (Roxb.) De Wilde.,Quercitrin,OXGUCUVFOIWWQJ,OXGUCUVFOIWWQJ-HQBVPOQASA-N,6,0.42,0.4355,94,8.0,HIGH,CONTRADICTED,False,False,True,1,True,False,True,Unsampled in Stage 7F,Computationally screened + contradictory experimental evidence
CAND_MAOA_1147,maoa,MAO-A (CHRFAM7A/MAOA),Centella ASIATICA (L.) Urban.,Isorhamnetin 3-O-glucuronide,VVZWHOMBDMMRSC,VVZWHOMBDMMRSC-NTKSAMNMSA-N,6,0.4183,0.4328,95,41.0,HIGH,NO_RELEVANT_REPORT_FOUND,False,False,False,0,False,False,False,Unsampled in Stage 7F,Computationally screened + no relevant target report located
CAND_MAOA_0872,maoa,MAO-A (CHRFAM7A/MAOA),Holarrhena pubescens Wall.ex G.Don,acacetin,DANYIYRPLHHOCZ,DANYIYRPLHHOCZ-UHFFFAOYSA-N,6,0.4133,0.6304,96,80.0,HIGH,LEVEL_A_EXACT_TARGET,True,False,False,1,False,False,False,Unsampled in Stage 7F,Computationally screened + exact-target literature supported
CAND_MAOA_0932,maoa,MAO-A (CHRFAM7A/MAOA),Ocimum AMERICANUM L.,Acacetin,DANYIYRPLHHOCZ,DANYIYRPLHHOCZ-UHFFFAOYSA-N,6,0.4133,0.6304,96,72.0,HIGH,LEVEL_A_EXACT_TARGET,True,False,False,1,False,False,False,Unsampled in Stage 7F,Computationally screened + exact-target literature supported
CAND_MAOA_0946,maoa,MAO-A (CHRFAM7A/MAOA),Mimusops ELENGI L.,Acacetin,DANYIYRPLHHOCZ,DANYIYRPLHHOCZ-UHFFFAOYSA-N,6,0.4133,0.6304,96,26.0,HIGH,LEVEL_A_EXACT_TARGET,True,False,False,1,False,False,False,Unsampled in Stage 7F,Computationally screened + exact-target literature supported
CAND_MAOA_0984,maoa,MAO-A (CHRFAM7A/MAOA),Leucas ASPERA (Willd.) Link.,Acacetin,DANYIYRPLHHOCZ,DANYIYRPLHHOCZ-UHFFFAOYSA-N,6,0.4133,0.6304,96,78.0,HIGH,LEVEL_A_EXACT_TARGET,True,False,False,1,False,False,False,Unsampled in Stage 7F,Computationally screened + exact-target literature supported
CAND_MAOA_1075,maoa,MAO-A (CHRFAM7A/MAOA),Citrus maxima (Burm.) Merr.,Acacetin,DANYIYRPLHHOCZ,DANYIYRPLHHOCZ-UHFFFAOYSA-N,6,0.4133,0.6304,96,77.0,HIGH,LEVEL_A_EXACT_TARGET,True,False,False,1,False,False,False,Unsampled in Stage 7F,Computationally screened + exact-target literature supported
CAND_MAOA_0933,maoa,MAO-A (CHRFAM7A/MAOA),Ocimum AMERICANUM L.,"Apigenin 7,4'-dimethyl ether",LZERJKGWTQYMBB,LZERJKGWTQYMBB-UHFFFAOYSA-N,6,0.4117,0.6042,98,72.0,HIGH,LEVEL_B_RELATED_ENDPOINT,False,True,False,1,False,False,False,Unsampled in Stage 7F,Computationally screened + related biological evidence
CAND_MAOA_0989,maoa,MAO-A (CHRFAM7A/MAOA),Lawsonia INERMIS L.,Acacetin-7-O-glucoside,NLZCOTZRUWYPTP,NLZCOTZRUWYPTP-MIUGBVLSSA-N,6,0.41,0.4478,99,90.0,HIGH,NO_RELEVANT_REPORT_FOUND,False,False,False,0,False,False,False,Unsampled in Stage 7F,Computationally screened + no relevant target report located
CAND_XO_0762,xo,Xanthine Oxidase (XDH),Strychnos potatorum L. f.,4-Methoxysalicylic acid,MRIXVKKOHPQOFK,MRIXVKKOHPQOFK-UHFFFAOYSA-N,6,0.7083,0.5111,1,6.0,HIGH,NO_RELEVANT_REPORT_FOUND,False,False,False,0,True,False,True,Unsampled in Stage 7F,Computationally screened + no relevant target report located
CAND_XO_0804,xo,Xanthine Oxidase (XDH),Hemidesmus INDICUS (L.) R. Br.,2-Hydroxy-4-Methoxybenzoic acid,MRIXVKKOHPQOFK,MRIXVKKOHPQOFK-UHFFFAOYSA-N,6,0.7083,0.5111,1,5.0,HIGH,NO_RELEVANT_REPORT_FOUND,False,False,False,0,False,False,False,Unsampled in Stage 7F,Computationally screened + no relevant target report located
CAND_XO_0768,xo,Xanthine Oxidase (XDH),Terminalia CHEBULA Retz.,"2,4-Dihydroxybenzoic acid",UIAFKZKHHVMJGS,UIAFKZKHHVMJGS-UHFFFAOYSA-N,6,0.6483,0.4444,3,27.0,HIGH,NO_RELEVANT_REPORT_FOUND,False,False,False,0,False,False,False,Unsampled in Stage 7F,Computationally screened + no relevant target report located
CAND_XO_0822,xo,Xanthine Oxidase (XDH),Averrhoa CARAMBOLA L.,Anisic acid,ZEYHEAKUIGZSGI,ZEYHEAKUIGZSGI-UHFFFAOYSA-N,6,0.5867,0.6452,4,12.0,HIGH,NO_RELEVANT_REPORT_FOUND,False,False,False,0,False,False,False,Unsampled in Stage 7F,Computationally screened + no relevant target report located
CAND_XO_0757,xo,Xanthine Oxidase (XDH),Lagerstroemia speciosa(l.) Pers.,1-hydroxy-2-naphthoic acid,SJJCQDRGABAVBB,SJJCQDRGABAVBB-UHFFFAOYSA-N,6,0.5517,0.4,5,2.0,HIGH,NO_RELEVANT_REPORT_FOUND,False,False,False,0,False,False,False,Unsampled in Stage 7F,Computationally screened + no relevant target report located
CAND_XO_0794,xo,Xanthine Oxidase (XDH),Lagerstroemia speciosa (L.) Pers.,1-hydroxy-2-naphthoic acid,SJJCQDRGABAVBB,SJJCQDRGABAVBB-UHFFFAOYSA-N,6,0.5517,0.4,5,3.0,HIGH,NO_RELEVANT_REPORT_FOUND,False,False,False,0,False,False,False,Unsampled in Stage 7F,Computationally screened + no relevant target report located
CAND_XO_0791,xo,Xanthine Oxidase (XDH),Luffa ACUTANGULA (L.) Roxb.,"2,3-dihydroxybenzoic acid",GLDQAMYCGOIJDV,GLDQAMYCGOIJDV-UHFFFAOYSA-N,6,0.5417,0.4054,6,40.0,HIGH,NO_RELEVANT_REPORT_FOUND,False,False,False,0,False,False,False,Unsampled in Stage 7F,Computationally screened + no relevant target report located
CAND_XO_0812,xo,Xanthine Oxidase (XDH),Cymbopogon CITRATUS (DC.) Stapf.,Dihydroxybenzoic acid,GLDQAMYCGOIJDV,GLDQAMYCGOIJDV-UHFFFAOYSA-N,6,0.5417,0.4054,6,33.0,HIGH,NO_RELEVANT_REPORT_FOUND,False,False,False,0,True,False,True,Unsampled in Stage 7F,Computationally screened + no relevant target report located
CAND_XO_0824,xo,Xanthine Oxidase (XDH),Caesalpinia BONDUC (L.) Roxb.,"4,4?-dihydroxy-2?-methoxy-chalcone",PACBGANPVNHGNP,PACBGANPVNHGNP-RUDMXATFSA-N,6,0.5367,0.8158,7,46.0,HIGH,NO_RELEVANT_REPORT_FOUND,False,False,False,0,False,False,False,Unsampled in Stage 7F,Computationally screened + no relevant target report located
CAND_XO_0746,xo,Xanthine Oxidase (XDH),Papaver somniferum L.,4-Hydroxybenzoic acid,FJKROLUGYXJWQN,FJKROLUGYXJWQN-UHFFFAOYSA-N,6,0.5233,0.5926,8,7.0,HIGH,NO_RELEVANT_REPORT_FOUND,False,False,False,0,True,False,True,Unsampled in Stage 7F,Computationally screened + no relevant target report located
CAND_XO_0752,xo,Xanthine Oxidase (XDH),Mesua ferrea L.,p-Hydroxybenzoic acid,FJKROLUGYXJWQN,FJKROLUGYXJWQN-UHFFFAOYSA-N,6,0.5233,0.5926,8,21.0,HIGH,NO_RELEVANT_REPORT_FOUND,False,False,False,0,False,False,False,Unsampled in Stage 7F,Computationally screened + no relevant target report located
CAND_XO_0754,xo,Xanthine Oxidase (XDH),Moringa oleifera Lam.,p-Hydroxy benzoic acid,FJKROLUGYXJWQN,FJKROLUGYXJWQN-UHFFFAOYSA-N,6,0.5233,0.5926,8,16.0,HIGH,NO_RELEVANT_REPORT_FOUND,False,False,False,0,False,False,False,Unsampled in Stage 7F,Computationally screened + no relevant target report located
CAND_XO_0763,xo,Xanthine Oxidase (XDH),Abutilon INDICUM (L.) Sweet,p?hydroxybenzoic acid,FJKROLUGYXJWQN,FJKROLUGYXJWQN-UHFFFAOYSA-N,6,0.5233,0.5926,8,38.0,HIGH,NO_RELEVANT_REPORT_FOUND,False,False,False,0,False,False,False,Unsampled in Stage 7F,Computationally screened + no relevant target report located
CAND_XO_0766,xo,Xanthine Oxidase (XDH),Haldina cordifolia (Roxb.) Ridsdale,p-hydroxybenzoic acid,FJKROLUGYXJWQN,FJKROLUGYXJWQN-UHFFFAOYSA-N,6,0.5233,0.5926,8,26.0,HIGH,NO_RELEVANT_REPORT_FOUND,False,False,False,0,False,False,False,Unsampled in Stage 7F,Computationally screened + no relevant target report located
CAND_XO_0774,xo,Xanthine Oxidase (XDH),Nigella SATIVA L,4-Hydroxybenzoic acid,FJKROLUGYXJWQN,FJKROLUGYXJWQN-UHFFFAOYSA-N,6,0.5233,0.5926,8,10.0,HIGH,NO_RELEVANT_REPORT_FOUND,False,False,False,0,False,False,False,Unsampled in Stage 7F,Computationally screened + no relevant target report located
CAND_XO_0780,xo,Xanthine Oxidase (XDH),Moringa OLEIFERA Lamk.,p-Hydroxy benzoic acid,FJKROLUGYXJWQN,FJKROLUGYXJWQN-UHFFFAOYSA-N,6,0.5233,0.5926,8,17.0,HIGH,NO_RELEVANT_REPORT_FOUND,False,False,False,0,False,False,False,Unsampled in Stage 7F,Computationally screened + no relevant target report located
CAND_XO_0782,xo,Xanthine Oxidase (XDH),Michelia CHAMPACA L.,4-Hydroxybenzoic acid,FJKROLUGYXJWQN,FJKROLUGYXJWQN-UHFFFAOYSA-N,6,0.5233,0.5926,8,53.0,HIGH,NO_RELEVANT_REPORT_FOUND,False,False,False,0,False,False,False,Unsampled in Stage 7F,Computationally screened + no relevant target report located
CAND_XO_0783,xo,Xanthine Oxidase (XDH),Manihot ESCULENTA Crantz.,Hydroxybenzoic acid,FJKROLUGYXJWQN,FJKROLUGYXJWQN-UHFFFAOYSA-N,6,0.5233,0.5926,8,11.0,HIGH,NO_RELEVANT_REPORT_FOUND,False,False,False,0,False,False,False,Unsampled in Stage 7F,Computationally screened + no relevant target report located
CAND_XO_0790,xo,Xanthine Oxidase (XDH),Maesa INDICA Wall.,P-hydroxybenzoic acid,FJKROLUGYXJWQN,FJKROLUGYXJWQN-UHFFFAOYSA-N,6,0.5233,0.5926,8,25.0,HIGH,NO_RELEVANT_REPORT_FOUND,False,False,False,0,False,False,False,Unsampled in Stage 7F,Computationally screened + no relevant target report located
CAND_XO_0796,xo,Xanthine Oxidase (XDH),Hibiscus SABDARIFFA L.,"Benzoic acid, 4-hydroxy-",FJKROLUGYXJWQN,FJKROLUGYXJWQN-UHFFFAOYSA-N,6,0.5233,0.5926,8,42.0,HIGH,NO_RELEVANT_REPORT_FOUND,False,False,False,0,False,False,False,Unsampled in Stage 7F,Computationally screened + no relevant target report located
CAND_XO_0802,xo,Xanthine Oxidase (XDH),Hibiscus ROSA-SINENSIS L.,p-hydroxybenzoic acid,FJKROLUGYXJWQN,FJKROLUGYXJWQN-UHFFFAOYSA-N,6,0.5233,0.5926,8,18.0,HIGH,NO_RELEVANT_REPORT_FOUND,False,False,False,0,False,False,False,Unsampled in Stage 7F,Computationally screened + no relevant target report located
CAND_XO_0810,xo,Xanthine Oxidase (XDH),Cyperus ROTUNDUS L.,4-Hydroxybenzoate,FJKROLUGYXJWQN,FJKROLUGYXJWQN-UHFFFAOYSA-M,6,0.5233,0.5926,8,45.0,HIGH,NO_RELEVANT_REPORT_FOUND,False,False,False,0,False,False,False,Unsampled in Stage 7F,Computationally screened + no relevant target report located
CAND_XO_0813,xo,Xanthine Oxidase (XDH),Coriandrum SATIVUM L.,4-Hydroxybenzoic acid,FJKROLUGYXJWQN,FJKROLUGYXJWQN-UHFFFAOYSA-N,6,0.5233,0.5926,8,47.0,HIGH,NO_RELEVANT_REPORT_FOUND,False,False,False,0,False,False,False,Unsampled in Stage 7F,Computationally screened + no relevant target report located
CAND_XO_0830,xo,Xanthine Oxidase (XDH),Carica PAPAYA L.,4-hydroxybenzoic acid,FJKROLUGYXJWQN,FJKROLUGYXJWQN-UHFFFAOYSA-N,6,0.5233,0.5926,8,4.0,HIGH,NO_RELEVANT_REPORT_FOUND,False,False,False,0,False,False,False,Unsampled in Stage 7F,Computationally screened + no relevant target report located
CAND_XO_0833,xo,Xanthine Oxidase (XDH),Cinnamomum TAMALA Nees,p-Hydroxybenzoic acid,FJKROLUGYXJWQN,FJKROLUGYXJWQN-UHFFFAOYSA-N,6,0.5233,0.5926,8,14.0,HIGH,NO_RELEVANT_REPORT_FOUND,False,False,False,0,False,False,False,Unsampled in Stage 7F,Computationally screened + no relevant target report located
CAND_XO_0834,xo,Xanthine Oxidase (XDH),Vitex NEGUNDO L.,4-Hydroxybenzoic acid,FJKROLUGYXJWQN,FJKROLUGYXJWQN-UHFFFAOYSA-N,6,0.5233,0.5926,8,51.0,HIGH,NO_RELEVANT_REPORT_FOUND,False,False,False,0,True,False,True,Unsampled in Stage 7F,Computationally screened + no relevant target report located
CAND_XO_0829,xo,Xanthine Oxidase (XDH),Carica PAPAYA L.,"1,4-benzenedicarboxylic acid",KKEYFWRCBNTPAC,KKEYFWRCBNTPAC-UHFFFAOYSA-N,6,0.52,0.4444,9,4.0,HIGH,NO_RELEVANT_REPORT_FOUND,False,False,False,0,False,False,False,Unsampled in Stage 7F,Computationally screened + no relevant target report located
CAND_XO_0771,xo,Xanthine Oxidase (XDH),Tamarindus INDICA L.,Proanthocyanidin,JPFCOVZKLAXXOE,JPFCOVZKLAXXOE-XBNSMERZSA-N,6,0.4783,0.4179,10,24.0,HIGH,NO_RELEVANT_REPORT_FOUND,False,False,False,0,True,False,True,Unsampled in Stage 7F,Computationally screened + no relevant target report located
CAND_XO_0772,xo,Xanthine Oxidase (XDH),Punica GRANATUM L.,Proanthocyanidin,JPFCOVZKLAXXOE,JPFCOVZKLAXXOE-XBNSMERZSA-N,6,0.4783,0.4179,10,35.0,HIGH,NO_RELEVANT_REPORT_FOUND,False,False,False,0,True,False,True,Unsampled in Stage 7F,Computationally screened + no relevant target report located
CAND_XO_0773,xo,Xanthine Oxidase (XDH),. PHYLLANTHUS EMBLICA L. (Euphorbiaceae),Proanthocyanidin,JPFCOVZKLAXXOE,JPFCOVZKLAXXOE-XBNSMERZSA-N,6,0.4783,0.4179,10,28.0,HIGH,NO_RELEVANT_REPORT_FOUND,False,False,False,0,True,False,True,Unsampled in Stage 7F,Computationally screened + no relevant target report located
CAND_XO_0828,xo,Xanthine Oxidase (XDH),Cardiospermum HALICACABUML.,Proanthocyanidin,JPFCOVZKLAXXOE,JPFCOVZKLAXXOE-XBNSMERZSA-N,6,0.4783,0.4179,10,20.0,HIGH,NO_RELEVANT_REPORT_FOUND,False,False,False,0,False,False,False,Unsampled in Stage 7F,Computationally screened + no relevant target report located
CAND_XO_0769,xo,Xanthine Oxidase (XDH),Terminalia CHEBULA Retz.,"3(2H)-Benzofuranone, 6-methoxy-2-[(3- methoxyphenyl)methylene]-, (E)-",VGYKFEDOWJOOCJ,VGYKFEDOWJOOCJ-CXUHLZMHSA-N,6,0.4717,0.4038,11,27.0,HIGH,NO_RELEVANT_REPORT_FOUND,False,False,False,0,False,False,False,Unsampled in Stage 7F,Computationally screened + no relevant target report located
CAND_XO_0770,xo,Xanthine Oxidase (XDH),Terminalia ARJUNA (Roxb. ex DC.) Wight & Arn.,Hesperitin,AIONOLUJZLIMTK,AIONOLUJZLIMTK-AWEZNQCLSA-N,6,0.4667,0.5818,12,36.0,HIGH,LEVEL_A_EXACT_TARGET,True,False,False,1,True,False,True,Unsampled in Stage 7F,Computationally screened + exact-target literature supported
CAND_XO_0788,xo,Xanthine Oxidase (XDH),Maesa INDICA Wall.,Hesperetin,AIONOLUJZLIMTK,AIONOLUJZLIMTK-AWEZNQCLSA-N,6,0.4667,0.5818,12,25.0,HIGH,LEVEL_A_EXACT_TARGET,True,False,False,1,False,False,False,Unsampled in Stage 7F,Computationally screened + exact-target literature supported
CAND_XO_0797,xo,Xanthine Oxidase (XDH),Hibiscus SABDARIFFA L.,Hesperetin,AIONOLUJZLIMTK,AIONOLUJZLIMTK-AWEZNQCLSA-N,6,0.4667,0.5818,12,42.0,HIGH,LEVEL_A_EXACT_TARGET,True,False,False,1,False,False,False,Unsampled in Stage 7F,Computationally screened + exact-target literature supported
CAND_XO_0817,xo,Xanthine Oxidase (XDH),Citrus maxima (Burm.) Merr.,hesperetin,AIONOLUJZLIMTK,AIONOLUJZLIMTK-AWEZNQCLSA-N,6,0.4667,0.5818,12,44.0,HIGH,LEVEL_A_EXACT_TARGET,True,False,False,1,False,False,False,Unsampled in Stage 7F,Computationally screened + exact-target literature supported
CAND_XO_0805,xo,Xanthine Oxidase (XDH),Hemidesmus INDICUS (L.) R. Br.,methyl 2-hydroxy-4-methoxybenzoate,ZICRWXFGZCVTBZ,ZICRWXFGZCVTBZ-UHFFFAOYSA-N,6,0.4617,0.4419,13,5.0,HIGH,NO_RELEVANT_REPORT_FOUND,False,False,False,0,False,False,False,Unsampled in Stage 7F,Computationally screened + no relevant target report located
CAND_XO_0749,xo,Xanthine Oxidase (XDH),Artocarpus heterophyllus Lam.,gemichalcone A,OZHIKCIPCFAOPM,OZHIKCIPCFAOPM-MZNNUVDVSA-N,6,0.4583,0.4603,14,29.0,HIGH,NO_RELEVANT_REPORT_FOUND,False,False,False,0,False,False,False,Unsampled in Stage 7F,Computationally screened + no relevant target report located
CAND_XO_0821,xo,Xanthine Oxidase (XDH),Artocarpus HETEROPHYLLUS Lamk.,gemichalcone A,OZHIKCIPCFAOPM,OZHIKCIPCFAOPM-MZNNUVDVSA-N,6,0.4583,0.4603,14,30.0,HIGH,NO_RELEVANT_REPORT_FOUND,False,False,False,0,False,False,False,Unsampled in Stage 7F,Computationally screened + no relevant target report located
CAND_XO_0815,xo,Xanthine Oxidase (XDH),Citrus maxima (Burm.) Merr.,Honyucitrin,DOFKPAVSYGZVQD,DOFKPAVSYGZVQD-UHFFFAOYSA-N,6,0.4483,0.4737,16,44.0,HIGH,NO_RELEVANT_REPORT_FOUND,False,False,False,0,False,False,False,Unsampled in Stage 7F,Computationally screened + no relevant target report located
CAND_XO_0748,xo,Xanthine Oxidase (XDH),Artocarpus heterophyllus Lam.,9-Carboxymethoxymethylguanine,MICNQLKUSOVNNG,MICNQLKUSOVNNG-UHFFFAOYSA-N,6,0.4467,0.48,17,29.0,HIGH,NO_RELEVANT_REPORT_FOUND,False,False,False,0,False,False,False,Unsampled in Stage 7F,Computationally screened + no relevant target report located
CAND_XO_0820,xo,Xanthine Oxidase (XDH),Artocarpus HETEROPHYLLUS Lamk.,9-Carboxymethoxymethylguanine,MICNQLKUSOVNNG,MICNQLKUSOVNNG-UHFFFAOYSA-N,6,0.4467,0.48,17,30.0,HIGH,NO_RELEVANT_REPORT_FOUND,False,False,False,0,False,False,False,Unsampled in Stage 7F,Computationally screened + no relevant target report located
CAND_XO_0751,xo,Xanthine Oxidase (XDH),Mesua ferrea L.,Protocatechuic acid,YQUVCSBJEUQKSH,YQUVCSBJEUQKSH-UHFFFAOYSA-N,6,0.445,0.4545,19,21.0,HIGH,LEVEL_B_RELATED_ENDPOINT,False,True,False,1,False,False,False,Unsampled in Stage 7F,Computationally screened + related biological evidence
CAND_XO_0758,xo,Xanthine Oxidase (XDH),Lagerstroemia speciosa(l.) Pers.,Protocatechuic acid,YQUVCSBJEUQKSH,YQUVCSBJEUQKSH-UHFFFAOYSA-N,6,0.445,0.4545,19,2.0,HIGH,LEVEL_B_RELATED_ENDPOINT,False,True,False,1,False,False,False,Unsampled in Stage 7F,Computationally screened + related biological evidence
CAND_XO_0764,xo,Xanthine Oxidase (XDH),Acacia FARNESIANA (L.) Willd.,"3,4-Dihydroxybenzoic acid",YQUVCSBJEUQKSH,YQUVCSBJEUQKSH-UHFFFAOYSA-N,6,0.445,0.4545,19,19.0,HIGH,LEVEL_B_RELATED_ENDPOINT,False,True,False,1,False,False,False,Unsampled in Stage 7F,Computationally screened + related biological evidence
CAND_XO_0767,xo,Xanthine Oxidase (XDH),Haldina cordifolia (Roxb.) Ridsdale,protocatechuic acid,YQUVCSBJEUQKSH,YQUVCSBJEUQKSH-UHFFFAOYSA-N,6,0.445,0.4545,19,26.0,HIGH,LEVEL_B_RELATED_ENDPOINT,False,True,False,1,False,False,False,Unsampled in Stage 7F,Computationally screened + related biological evidence
CAND_XO_0778,xo,Xanthine Oxidase (XDH),Nigella SATIVA L,Protocatechuic acid,YQUVCSBJEUQKSH,YQUVCSBJEUQKSH-UHFFFAOYSA-N,6,0.445,0.4545,19,10.0,HIGH,LEVEL_B_RELATED_ENDPOINT,False,True,False,1,False,False,False,Unsampled in Stage 7F,Computationally screened + related biological evidence
CAND_XO_0787,xo,Xanthine Oxidase (XDH),Maesa INDICA Wall.,"3,4-Dihydroxybenzoic acid",YQUVCSBJEUQKSH,YQUVCSBJEUQKSH-UHFFFAOYSA-N,6,0.445,0.4545,19,25.0,HIGH,LEVEL_B_RELATED_ENDPOINT,False,True,False,1,False,False,False,Unsampled in Stage 7F,Computationally screened + related biological evidence
CAND_XO_0795,xo,Xanthine Oxidase (XDH),Lagerstroemia speciosa (L.) Pers.,Protocatechuic acid,YQUVCSBJEUQKSH,YQUVCSBJEUQKSH-UHFFFAOYSA-N,6,0.445,0.4545,19,3.0,HIGH,LEVEL_B_RELATED_ENDPOINT,False,True,False,1,False,False,False,Unsampled in Stage 7F,Computationally screened + related biological evidence
CAND_XO_0799,xo,Xanthine Oxidase (XDH),Hibiscus SABDARIFFA L.,Protocatechuic acid,YQUVCSBJEUQKSH,YQUVCSBJEUQKSH-UHFFFAOYSA-N,6,0.445,0.4545,19,42.0,HIGH,LEVEL_B_RELATED_ENDPOINT,False,True,False,1,False,False,False,Unsampled in Stage 7F,Computationally screened + related biological evidence
CAND_XO_0801,xo,Xanthine Oxidase (XDH),Hibiscus ROSA-SINENSIS L.,Protocatechuic acid,YQUVCSBJEUQKSH,YQUVCSBJEUQKSH-UHFFFAOYSA-N,6,0.445,0.4545,19,18.0,HIGH,LEVEL_B_RELATED_ENDPOINT,False,True,False,1,False,False,False,Unsampled in Stage 7F,Computationally screened + related biological evidence
CAND_XO_0807,xo,Xanthine Oxidase (XDH),Drynaria QUERCIFOLIA (L.) J. Sm.,"3,4-Dihydroxy Benzoic Acid",YQUVCSBJEUQKSH,YQUVCSBJEUQKSH-UHFFFAOYSA-N,6,0.445,0.4545,19,13.0,HIGH,LEVEL_B_RELATED_ENDPOINT,False,True,False,1,False,False,False,Unsampled in Stage 7F,Computationally screened + related biological evidence
CAND_XO_0808,xo,Xanthine Oxidase (XDH),Desmodium GANGETICUM (L.) DC.,"3,4-Dihydroxybenzoic acid",YQUVCSBJEUQKSH,YQUVCSBJEUQKSH-UHFFFAOYSA-N,6,0.445,0.4545,19,41.0,HIGH,LEVEL_B_RELATED_ENDPOINT,False,True,False,1,False,False,False,Unsampled in Stage 7F,Computationally screened + related biological evidence
CAND_XO_0826,xo,Xanthine Oxidase (XDH),Cannabis SATIVA L.,"3,4-dihydroxybenzoic acid",YQUVCSBJEUQKSH,YQUVCSBJEUQKSH-UHFFFAOYSA-N,6,0.445,0.4545,19,22.0,HIGH,LEVEL_B_RELATED_ENDPOINT,False,True,False,1,False,False,False,Unsampled in Stage 7F,Computationally screened + related biological evidence
CAND_XO_0832,xo,Xanthine Oxidase (XDH),Cinnamomum TAMALA Nees,Protocatechuic acid,YQUVCSBJEUQKSH,YQUVCSBJEUQKSH-UHFFFAOYSA-N,6,0.445,0.4545,19,14.0,HIGH,LEVEL_B_RELATED_ENDPOINT,False,True,False,1,False,False,False,Unsampled in Stage 7F,Computationally screened + related biological evidence
CAND_XO_0835,xo,Xanthine Oxidase (XDH),Tabernaemontana DIVARICATA (L.) R.Br. ex Roem. & Schult.,"3,4-Dihydroxybenzoic acid",YQUVCSBJEUQKSH,YQUVCSBJEUQKSH-UHFFFAOYSA-N,6,0.445,0.4545,19,15.0,HIGH,LEVEL_B_RELATED_ENDPOINT,False,True,False,1,True,False,True,Unsampled in Stage 7F,Computationally screened + related biological evidence
CAND_XO_0836,xo,Xanthine Oxidase (XDH),Syzygium CUMINI (L.) Skeel.,protocatechuic acid,YQUVCSBJEUQKSH,YQUVCSBJEUQKSH-UHFFFAOYSA-N,6,0.445,0.4545,19,50.0,HIGH,LEVEL_B_RELATED_ENDPOINT,False,True,False,1,False,False,False,Unsampled in Stage 7F,Computationally screened + related biological evidence
CAND_XO_0837,xo,Xanthine Oxidase (XDH),Solanum MELONGENA L.,"3,4-Dihydroxybenzoic acid",YQUVCSBJEUQKSH,YQUVCSBJEUQKSH-UHFFFAOYSA-N,6,0.445,0.4545,19,43.0,HIGH,LEVEL_B_RELATED_ENDPOINT,False,True,False,1,True,False,True,Unsampled in Stage 7F,Computationally screened + related biological evidence
CAND_XO_0756,xo,Xanthine Oxidase (XDH),Pterocarpus SANTALINUS L. f.,Pterostilbene,VLEUZFDZJKSGMX,VLEUZFDZJKSGMX-ONEGZZNKSA-N,6,0.4333,0.5135,20,1.0,HIGH,LEVEL_B_RELATED_ENDPOINT,False,True,False,1,True,False,True,Unsampled in Stage 7F,Computationally screened + related biological evidence
CAND_XO_0755,xo,Xanthine Oxidase (XDH),Pterocarpus SANTALINUS L. f.,Isoliquiritigenin,DXDRHHKMWQZJHT,DXDRHHKMWQZJHT-FPYGCLRLSA-N,6,0.4317,0.5833,21,1.0,HIGH,LEVEL_A_EXACT_TARGET,True,False,False,1,True,False,True,Unsampled in Stage 7F,Computationally screened + exact-target literature supported
CAND_XO_0809,xo,Xanthine Oxidase (XDH),Dalbergia STIPULACEA Roxb.,"2' ,4' ,4' -trihydroxy chalcone",DXDRHHKMWQZJHT,DXDRHHKMWQZJHT-FPYGCLRLSA-N,6,0.4317,0.5833,21,9.0,HIGH,LEVEL_A_EXACT_TARGET,True,False,False,1,False,False,False,Unsampled in Stage 7F,Computationally screened + exact-target literature supported
CAND_XO_0823,xo,Xanthine Oxidase (XDH),Caesalpinia BONDUC (L.) Roxb.,"2', 4', 4-trihydroxychalcone",DXDRHHKMWQZJHT,DXDRHHKMWQZJHT-FPYGCLRLSA-N,6,0.4317,0.5833,21,46.0,HIGH,LEVEL_A_EXACT_TARGET,True,False,False,1,False,False,False,Unsampled in Stage 7F,Computationally screened + exact-target literature supported
CAND_XO_0747,xo,Xanthine Oxidase (XDH),Artocarpus heterophyllus Lam.,"2,3-dihydro-5,7-dihydroxy-2-(2-hydroxy-4-methoxyphenyl)-4H-1-benzopyran-4-one",SYIAVNZMBYAGGJ,SYIAVNZMBYAGGJ-UHFFFAOYSA-N,6,0.42,0.4828,23,29.0,HIGH,NO_RELEVANT_REPORT_FOUND,False,False,False,0,False,False,False,Unsampled in Stage 7F,Computationally screened + no relevant target report located
CAND_XO_0819,xo,Xanthine Oxidase (XDH),Artocarpus HETEROPHYLLUS Lamk.,"2,3-dihydro-5,7-dihydroxy-2-(2-hydroxy-4-methoxyphenyl)-4H-1-benzopyran-4-one",SYIAVNZMBYAGGJ,SYIAVNZMBYAGGJ-UHFFFAOYSA-N,6,0.42,0.4828,23,30.0,HIGH,NO_RELEVANT_REPORT_FOUND,False,False,False,0,False,False,False,Unsampled in Stage 7F,Computationally screened + no relevant target report located
CAND_XO_0775,xo,Xanthine Oxidase (XDH),Nigella SATIVA L,Chrysin,RTIXKCRFFJGDFG,RTIXKCRFFJGDFG-UHFFFAOYSA-N,6,0.4167,0.6444,24,10.0,HIGH,LEVEL_A_EXACT_TARGET,True,False,False,1,False,False,False,Unsampled in Stage 7F,Computationally screened + exact-target literature supported
CAND_XO_0793,xo,Xanthine Oxidase (XDH),Leucas ASPERA (Willd.) Link.,Chrysin,RTIXKCRFFJGDFG,RTIXKCRFFJGDFG-UHFFFAOYSA-N,6,0.4167,0.6444,24,32.0,HIGH,LEVEL_A_EXACT_TARGET,True,False,False,1,False,False,False,Unsampled in Stage 7F,Computationally screened + exact-target literature supported
CAND_XO_0806,xo,Xanthine Oxidase (XDH),Flacourtia JANGOMAS (Lour.) Raeus.,(-) - Epigallocatechin 3-(4-methyl-gallate),BMJHAAZDURGGSC,BMJHAAZDURGGSC-TZIWHRDSSA-N,6,0.4167,0.4667,25,37.0,HIGH,NO_RELEVANT_REPORT_FOUND,False,False,False,0,False,False,False,Unsampled in Stage 7F,Computationally screened + no relevant target report located
CAND_XO_0760,xo,Xanthine Oxidase (XDH),Citrus reticulata Blanco,Isosakuranetin,HMUJXQRRKBLVOO,HMUJXQRRKBLVOO-AWEZNQCLSA-N,6,0.4133,0.6038,26,49.0,HIGH,NO_RELEVANT_REPORT_FOUND,False,False,False,0,False,False,False,Unsampled in Stage 7F,Computationally screened + no relevant target report located
CAND_XO_0792,xo,Xanthine Oxidase (XDH),Litsea MONOPETALA (Roxb.) Pers.,methylchalcone,XNLFHCPVTULKIV,XNLFHCPVTULKIV-VAWYXSNFSA-N,6,0.4033,0.5429,27,39.0,HIGH,NO_RELEVANT_REPORT_FOUND,False,False,False,0,False,False,False,Unsampled in Stage 7F,Computationally screened + no relevant target report located
CAND_XO_0750,xo,Xanthine Oxidase (XDH),Mesua ferrea L.,Naringenin,FTVWIRXFELQLPI,FTVWIRXFELQLPI-ZDUSSCGKSA-N,6,0.4017,0.7556,28,21.0,HIGH,LEVEL_B_RELATED_ENDPOINT,False,True,False,2,True,True,False,Unsampled in Stage 7F,Computationally screened + related biological evidence
CAND_XO_0753,xo,Xanthine Oxidase (XDH),Moringa oleifera Lam.,Naringenin,FTVWIRXFELQLPI,FTVWIRXFELQLPI-ZDUSSCGKSA-N,6,0.4017,0.7556,28,16.0,HIGH,LEVEL_B_RELATED_ENDPOINT,False,True,False,2,True,True,False,Unsampled in Stage 7F,Computationally screened + related biological evidence
CAND_XO_0761,xo,Xanthine Oxidase (XDH),Citrus reticulata Blanco,Naringenin,FTVWIRXFELQLPI,FTVWIRXFELQLPI-ZDUSSCGKSA-N,6,0.4017,0.7556,28,49.0,HIGH,LEVEL_B_RELATED_ENDPOINT,False,True,False,2,True,True,False,Unsampled in Stage 7F,Computationally screened + related biological evidence
CAND_XO_0765,xo,Xanthine Oxidase (XDH),Acacia FARNESIANA (L.) Willd.,Naringetol,FTVWIRXFELQLPI,FTVWIRXFELQLPI-ZDUSSCGKSA-N,6,0.4017,0.7556,28,19.0,HIGH,LEVEL_B_RELATED_ENDPOINT,False,True,False,2,True,True,False,Unsampled in Stage 7F,Computationally screened + related biological evidence
CAND_XO_0776,xo,Xanthine Oxidase (XDH),Nigella SATIVA L,Naringenin,FTVWIRXFELQLPI,FTVWIRXFELQLPI-ZDUSSCGKSA-N,6,0.4017,0.7556,28,10.0,HIGH,LEVEL_B_RELATED_ENDPOINT,False,True,False,2,True,True,False,Unsampled in Stage 7F,Computationally screened + related biological evidence
CAND_XO_0779,xo,Xanthine Oxidase (XDH),Moringa OLEIFERA Lamk.,Naringenin,FTVWIRXFELQLPI,FTVWIRXFELQLPI-ZDUSSCGKSA-N,6,0.4017,0.7556,28,17.0,HIGH,LEVEL_B_RELATED_ENDPOINT,False,True,False,2,True,True,False,Unsampled in Stage 7F,Computationally screened + related biological evidence
CAND_XO_0781,xo,Xanthine Oxidase (XDH),Mimusops ELENGI L.,Naringenin,FTVWIRXFELQLPI,FTVWIRXFELQLPI-ZDUSSCGKSA-N,6,0.4017,0.7556,28,52.0,HIGH,LEVEL_B_RELATED_ENDPOINT,False,True,False,2,True,True,False,Unsampled in Stage 7F,Computationally screened + related biological evidence
CAND_XO_0786,xo,Xanthine Oxidase (XDH),Manihot ESCULENTA Crantz.,naringenin,FTVWIRXFELQLPI,FTVWIRXFELQLPI-ZDUSSCGKSA-N,6,0.4017,0.7556,28,11.0,HIGH,LEVEL_B_RELATED_ENDPOINT,False,True,False,2,True,True,False,Unsampled in Stage 7F,Computationally screened + related biological evidence
CAND_XO_0789,xo,Xanthine Oxidase (XDH),Maesa INDICA Wall.,Naringenin,FTVWIRXFELQLPI,FTVWIRXFELQLPI-ZDUSSCGKSA-N,6,0.4017,0.7556,28,25.0,HIGH,LEVEL_B_RELATED_ENDPOINT,False,True,False,2,True,True,False,Unsampled in Stage 7F,Computationally screened + related biological evidence
CAND_XO_0798,xo,Xanthine Oxidase (XDH),Hibiscus SABDARIFFA L.,Naringenin,FTVWIRXFELQLPI,FTVWIRXFELQLPI-ZDUSSCGKSA-N,6,0.4017,0.7556,28,42.0,HIGH,LEVEL_B_RELATED_ENDPOINT,False,True,False,2,True,True,False,Unsampled in Stage 7F,Computationally screened + related biological evidence
CAND_XO_0800,xo,Xanthine Oxidase (XDH),Hibiscus ROSA-SINENSIS L.,Naringenin,FTVWIRXFELQLPI,FTVWIRXFELQLPI-ZDUSSCGKSA-N,6,0.4017,0.7556,28,18.0,HIGH,LEVEL_B_RELATED_ENDPOINT,False,True,False,2,True,True,False,Unsampled in Stage 7F,Computationally screened + related biological evidence
CAND_XO_0803,xo,Xanthine Oxidase (XDH),Hibiscus MUTABILIS L.,Naringenin,FTVWIRXFELQLPI,FTVWIRXFELQLPI-ZDUSSCGKSA-N,6,0.4017,0.7556,28,48.0,HIGH,LEVEL_B_RELATED_ENDPOINT,False,True,False,2,True,True,False,Unsampled in Stage 7F,Computationally screened + related biological evidence
CAND_XO_0814,xo,Xanthine Oxidase (XDH),Cleome VISCOSA L.,Naringetol,FTVWIRXFELQLPI,FTVWIRXFELQLPI-ZDUSSCGKSA-N,6,0.4017,0.7556,28,8.0,HIGH,LEVEL_B_RELATED_ENDPOINT,False,True,False,2,True,True,False,Unsampled in Stage 7F,Computationally screened + related biological evidence
CAND_XO_0816,xo,Xanthine Oxidase (XDH),Citrus maxima (Burm.) Merr.,Naringenin,FTVWIRXFELQLPI,FTVWIRXFELQLPI-ZDUSSCGKSA-N,6,0.4017,0.7556,28,44.0,HIGH,LEVEL_B_RELATED_ENDPOINT,False,True,False,2,True,True,False,Unsampled in Stage 7F,Computationally screened + related biological evidence
CAND_XO_0825,xo,Xanthine Oxidase (XDH),Camellia sinensis (L.) O. Kuntze.,Naringenin,FTVWIRXFELQLPI,FTVWIRXFELQLPI-UHFFFAOYSA-N,6,0.4017,0.7556,28,55.0,HIGH,LEVEL_B_RELATED_ENDPOINT,False,True,False,2,True,True,False,Unsampled in Stage 7F,Computationally screened + related biological evidence
CAND_XO_0827,xo,Xanthine Oxidase (XDH),Cannabis SATIVA L.,naringenin,FTVWIRXFELQLPI,FTVWIRXFELQLPI-ZDUSSCGKSA-N,6,0.4017,0.7556,28,22.0,HIGH,LEVEL_B_RELATED_ENDPOINT,False,True,False,2,True,True,False,Unsampled in Stage 7F,Computationally screened + related biological evidence
CAND_XO_0831,xo,Xanthine Oxidase (XDH),Cassia FISTULA L.,(+/-)-Naringenin,FTVWIRXFELQLPI,FTVWIRXFELQLPI-UHFFFAOYSA-N,6,0.4017,0.7556,28,54.0,HIGH,LEVEL_B_RELATED_ENDPOINT,False,True,False,2,True,True,False,Unsampled in Stage 7F,Computationally screened + related biological evidence
CAND_XO_0784,xo,Xanthine Oxidase (XDH),Manihot ESCULENTA Crantz.,amentoflavone,YUSWMAULDXZHPY,YUSWMAULDXZHPY-UHFFFAOYSA-N,6,0.4017,0.5,29,11.0,HIGH,NO_RELEVANT_REPORT_FOUND,False,False,False,0,False,False,False,Unsampled in Stage 7F,Computationally screened + no relevant target report located
CAND_XO_0818,xo,Xanthine Oxidase (XDH),Anacardium OCCIDENTALE L.,Amentoflavone,YUSWMAULDXZHPY,YUSWMAULDXZHPY-UHFFFAOYSA-N,6,0.4017,0.5,29,34.0,HIGH,NO_RELEVANT_REPORT_FOUND,False,False,False,0,False,False,False,Unsampled in Stage 7F,Computationally screened + no relevant target report located
CAND_XO_0777,xo,Xanthine Oxidase (XDH),Nigella SATIVA L,Pinocembrin,URFCJEUYXNAHFI,URFCJEUYXNAHFI-ZDUSSCGKSA-N,6,0.4,0.6327,30,10.0,HIGH,NO_RELEVANT_REPORT_FOUND,False,False,False,0,False,False,False,Unsampled in Stage 7F,Computationally screened + no relevant target report located
CAND_XO_0759,xo,Xanthine Oxidase (XDH),Citrus reticulata Blanco,Homoeriodictyol,FTODBIPDTXRIGS,FTODBIPDTXRIGS-ZDUSSCGKSA-N,6,0.4,0.6111,31,49.0,HIGH,NO_RELEVANT_REPORT_FOUND,False,False,False,0,False,False,False,Unsampled in Stage 7F,Computationally screened + no relevant target report located
CAND_XO_0811,xo,Xanthine Oxidase (XDH),Cyperus ROTUNDUS L.,Homoeriodictyol,FTODBIPDTXRIGS,FTODBIPDTXRIGS-ZDUSSCGKSA-N,6,0.4,0.6111,31,45.0,HIGH,NO_RELEVANT_REPORT_FOUND,False,False,False,0,False,False,False,Unsampled in Stage 7F,Computationally screened + no relevant target report located
CAND_XO_0785,xo,Xanthine Oxidase (XDH),Manihot ESCULENTA Crantz.,isoginkgetin,HUOOMAOYXQFIDQ,HUOOMAOYXQFIDQ-UHFFFAOYSA-N,6,0.4,0.5079,32,11.0,HIGH,NO_RELEVANT_REPORT_FOUND,False,False,False,0,False,False,False,Unsampled in Stage 7F,Computationally screened + no relevant target report located
