run_timestamp,plant_index,site_id,detail_url,cache_status,http_status,duration_seconds,parser_status,quality_flags,error_message
2026-09-24T18:36:39.219374+00:00,1,4,https://mpbd.cu.ac.bd/details.php?id=4,FETCHED_LIVE,200,1.16,SUCCESS,empty_both,
2026-09-24T18:36:40.438162+00:00,25,28,https://mpbd.cu.ac.bd/details.php?id=28,FETCHED_LIVE,200,1.21,SUCCESS,empty_both,
2026-09-24T18:36:41.941176+00:00,70,73,https://mpbd.cu.ac.bd/details.php?id=73,FETCHED_LIVE,200,1.50,SUCCESS,empty_both,
2026-09-24T18:36:43.335360+00:00,150,155,https://mpbd.cu.ac.bd/details.php?id=155,FETCHED_LIVE,200,1.39,SUCCESS,empty_both,
2026-09-24T18:36:44.868337+00:00,300,306,https://mpbd.cu.ac.bd/details.php?id=306,FETCHED_LIVE,200,1.53,SUCCESS,empty_both,
2026-09-24T18:36:46.097147+00:00,407,414,https://mpbd.cu.ac.bd/details.php?id=414,FETCHED_LIVE,200,1.22,SUCCESS,empty_both,
2026-09-24T18:36:47.143393+00:00,497,504,https://mpbd.cu.ac.bd/details.php?id=504,FETCHED_LIVE,200,1.04,SUCCESS,empty_both,
2026-09-24T18:36:48.490045+00:00,638,646,https://mpbd.cu.ac.bd/details.php?id=646,FETCHED_LIVE,200,1.34,SUCCESS,empty_both,
2026-09-24T18:36:49.781012+00:00,736,744,https://mpbd.cu.ac.bd/details.php?id=744,FETCHED_LIVE,200,1.28,SUCCESS,empty_both,
2026-09-24T18:36:50.914318+00:00,916,925,https://mpbd.cu.ac.bd/details.php?id=925,FETCHED_LIVE,200,1.13,SUCCESS,empty_both,
2026-09-24T18:37:46.951693+00:00,1,4,https://mpbd.cu.ac.bd/details.php?id=4,CACHE_HIT,200,0.00,SUCCESS,encoding_loss_suspected,
2026-09-24T18:37:46.962868+00:00,25,28,https://mpbd.cu.ac.bd/details.php?id=28,CACHE_HIT,200,0.00,SUCCESS,,
2026-09-24T18:37:46.970347+00:00,70,73,https://mpbd.cu.ac.bd/details.php?id=73,CACHE_HIT,200,0.00,SUCCESS,,
2026-09-24T18:37:46.977631+00:00,150,155,https://mpbd.cu.ac.bd/details.php?id=155,CACHE_HIT,200,0.00,SUCCESS,,
2026-09-24T18:37:46.984556+00:00,300,306,https://mpbd.cu.ac.bd/details.php?id=306,CACHE_HIT,200,0.00,SUCCESS,,
2026-09-24T18:37:46.991719+00:00,407,414,https://mpbd.cu.ac.bd/details.php?id=414,CACHE_HIT,200,0.00,SUCCESS,encoding_loss_suspected,
2026-09-24T18:37:46.998699+00:00,497,504,https://mpbd.cu.ac.bd/details.php?id=504,CACHE_HIT,200,0.00,SUCCESS,encoding_loss_suspected,
2026-09-24T18:37:47.005955+00:00,638,646,https://mpbd.cu.ac.bd/details.php?id=646,CACHE_HIT,200,0.00,SUCCESS,encoding_loss_suspected,
2026-09-24T18:37:47.012910+00:00,736,744,https://mpbd.cu.ac.bd/details.php?id=744,CACHE_HIT,200,0.00,SUCCESS,,
2026-09-24T18:37:47.020182+00:00,916,925,https://mpbd.cu.ac.bd/details.php?id=925,CACHE_HIT,200,0.00,SUCCESS,,
2026-09-24T18:38:04.285239+00:00,1,4,https://mpbd.cu.ac.bd/details.php?id=4,CACHE_HIT,200,0.00,SUCCESS,encoding_loss_suspected,
2026-09-24T18:38:05.576655+00:00,2,5,https://mpbd.cu.ac.bd/details.php?id=5,FETCHED_LIVE,200,1.28,SUCCESS,,
2026-09-24T18:38:06.676351+00:00,3,6,https://mpbd.cu.ac.bd/details.php?id=6,FETCHED_LIVE,200,1.09,SUCCESS,,
2026-09-24T18:38:08.088150+00:00,4,7,https://mpbd.cu.ac.bd/details.php?id=7,FETCHED_LIVE,200,1.40,SUCCESS,,
2026-09-24T18:38:09.136538+00:00,5,8,https://mpbd.cu.ac.bd/details.php?id=8,FETCHED_LIVE,200,1.04,SUCCESS,encoding_loss_suspected,
2026-09-24T18:38:10.327597+00:00,6,9,https://mpbd.cu.ac.bd/details.php?id=9,FETCHED_LIVE,200,1.18,SUCCESS,encoding_loss_suspected,
2026-09-24T18:38:11.806168+00:00,7,10,https://mpbd.cu.ac.bd/details.php?id=10,FETCHED_LIVE,200,1.47,SUCCESS,,
2026-09-24T18:38:13.058080+00:00,8,11,https://mpbd.cu.ac.bd/details.php?id=11,FETCHED_LIVE,200,1.24,SUCCESS,,
2026-09-24T18:38:14.516821+00:00,9,12,https://mpbd.cu.ac.bd/details.php?id=12,FETCHED_LIVE,200,1.45,SUCCESS,encoding_loss_suspected,
2026-09-24T18:38:15.649183+00:00,10,13,https://mpbd.cu.ac.bd/details.php?id=13,FETCHED_LIVE,200,1.13,SUCCESS,encoding_loss_suspected,
2026-09-24T18:38:16.807663+00:00,11,14,https://mpbd.cu.ac.bd/details.php?id=14,FETCHED_LIVE,200,1.15,SUCCESS,encoding_loss_suspected,
2026-09-24T18:38:17.955343+00:00,12,15,https://mpbd.cu.ac.bd/details.php?id=15,FETCHED_LIVE,200,1.14,SUCCESS,encoding_loss_suspected,
2026-09-24T18:38:19.151061+00:00,13,16,https://mpbd.cu.ac.bd/details.php?id=16,FETCHED_LIVE,200,1.19,SUCCESS,,
2026-09-24T18:38:20.512004+00:00,14,17,https://mpbd.cu.ac.bd/details.php?id=17,FETCHED_LIVE,200,1.35,SUCCESS,,
2026-09-24T18:38:21.572782+00:00,15,18,https://mpbd.cu.ac.bd/details.php?id=18,FETCHED_LIVE,200,1.05,SUCCESS,,
2026-09-24T18:38:22.959111+00:00,16,19,https://mpbd.cu.ac.bd/details.php?id=19,FETCHED_LIVE,200,1.38,SUCCESS,,
2026-09-24T18:38:23.989014+00:00,17,20,https://mpbd.cu.ac.bd/details.php?id=20,FETCHED_LIVE,200,1.02,SUCCESS,,
2026-09-24T18:38:25.377441+00:00,18,21,https://mpbd.cu.ac.bd/details.php?id=21,FETCHED_LIVE,200,1.38,SUCCESS,,
2026-09-24T18:38:26.520899+00:00,19,22,https://mpbd.cu.ac.bd/details.php?id=22,FETCHED_LIVE,200,1.13,SUCCESS,,
2026-09-24T18:38:27.993422+00:00,20,23,https://mpbd.cu.ac.bd/details.php?id=23,FETCHED_LIVE,200,1.45,SUCCESS,encoding_loss_suspected,
2026-09-24T18:38:29.074909+00:00,21,24,https://mpbd.cu.ac.bd/details.php?id=24,FETCHED_LIVE,200,1.07,SUCCESS,encoding_loss_suspected,
2026-09-24T18:38:30.577005+00:00,22,25,https://mpbd.cu.ac.bd/details.php?id=25,FETCHED_LIVE,200,1.50,SUCCESS,,
2026-09-24T18:38:31.906892+00:00,23,26,https://mpbd.cu.ac.bd/details.php?id=26,FETCHED_LIVE,200,1.32,SUCCESS,,
2026-09-24T18:38:33.039227+00:00,24,27,https://mpbd.cu.ac.bd/details.php?id=27,FETCHED_LIVE,200,1.12,SUCCESS,,
2026-09-24T18:38:33.046629+00:00,25,28,https://mpbd.cu.ac.bd/details.php?id=28,CACHE_HIT,200,0.00,SUCCESS,,
2026-09-24T18:38:34.187488+00:00,26,29,https://mpbd.cu.ac.bd/details.php?id=29,FETCHED_LIVE,200,1.13,SUCCESS,,
2026-09-24T18:38:35.551300+00:00,27,30,https://mpbd.cu.ac.bd/details.php?id=30,FETCHED_LIVE,200,1.36,SUCCESS,encoding_loss_suspected,
2026-09-24T18:38:37.035821+00:00,28,31,https://mpbd.cu.ac.bd/details.php?id=31,FETCHED_LIVE,200,1.48,SUCCESS,encoding_loss_suspected,
2026-09-24T18:38:38.303288+00:00,29,32,https://mpbd.cu.ac.bd/details.php?id=32,FETCHED_LIVE,200,1.26,SUCCESS,,
2026-09-24T18:38:39.352859+00:00,30,33,https://mpbd.cu.ac.bd/details.php?id=33,FETCHED_LIVE,200,1.04,SUCCESS,,
2026-09-24T18:38:40.506977+00:00,31,34,https://mpbd.cu.ac.bd/details.php?id=34,FETCHED_LIVE,200,1.15,SUCCESS,,
2026-09-24T18:38:41.775299+00:00,32,35,https://mpbd.cu.ac.bd/details.php?id=35,FETCHED_LIVE,200,1.26,SUCCESS,encoding_loss_suspected,
2026-09-24T18:38:43.110272+00:00,33,36,https://mpbd.cu.ac.bd/details.php?id=36,FETCHED_LIVE,200,1.33,SUCCESS,encoding_loss_suspected,
2026-09-24T18:38:44.640146+00:00,34,37,https://mpbd.cu.ac.bd/details.php?id=37,FETCHED_LIVE,200,1.52,SUCCESS,encoding_loss_suspected,
2026-09-24T18:38:45.905119+00:00,35,38,https://mpbd.cu.ac.bd/details.php?id=38,FETCHED_LIVE,200,1.26,SUCCESS,,
2026-09-24T18:38:47.105423+00:00,36,39,https://mpbd.cu.ac.bd/details.php?id=39,FETCHED_LIVE,200,1.19,SUCCESS,,
2026-09-24T18:38:48.192957+00:00,37,40,https://mpbd.cu.ac.bd/details.php?id=40,FETCHED_LIVE,200,1.08,SUCCESS,,
2026-09-24T18:38:49.454340+00:00,38,41,https://mpbd.cu.ac.bd/details.php?id=41,FETCHED_LIVE,200,1.25,SUCCESS,encoding_loss_suspected,
2026-09-24T18:38:50.551167+00:00,39,42,https://mpbd.cu.ac.bd/details.php?id=42,FETCHED_LIVE,200,1.09,SUCCESS,,
2026-09-24T18:38:52.053423+00:00,40,43,https://mpbd.cu.ac.bd/details.php?id=43,FETCHED_LIVE,200,1.50,SUCCESS,,
2026-09-24T18:38:53.366082+00:00,41,44,https://mpbd.cu.ac.bd/details.php?id=44,FETCHED_LIVE,200,1.31,SUCCESS,,
2026-09-24T18:38:54.666603+00:00,42,45,https://mpbd.cu.ac.bd/details.php?id=45,FETCHED_LIVE,200,1.29,SUCCESS,,
2026-09-24T18:38:56.020560+00:00,43,46,https://mpbd.cu.ac.bd/details.php?id=46,FETCHED_LIVE,200,1.35,SUCCESS,,
2026-09-24T18:38:57.204992+00:00,44,47,https://mpbd.cu.ac.bd/details.php?id=47,FETCHED_LIVE,200,1.18,SUCCESS,encoding_loss_suspected,
2026-09-24T18:38:58.281606+00:00,45,48,https://mpbd.cu.ac.bd/details.php?id=48,FETCHED_LIVE,200,1.07,SUCCESS,,
2026-09-24T18:38:59.509434+00:00,46,49,https://mpbd.cu.ac.bd/details.php?id=49,FETCHED_LIVE,200,1.22,SUCCESS,,
2026-09-24T18:39:00.779521+00:00,47,50,https://mpbd.cu.ac.bd/details.php?id=50,FETCHED_LIVE,200,1.26,SUCCESS,,
2026-09-24T18:39:02.238010+00:00,48,51,https://mpbd.cu.ac.bd/details.php?id=51,FETCHED_LIVE,200,1.45,SUCCESS,,
2026-09-24T18:39:03.597464+00:00,49,52,https://mpbd.cu.ac.bd/details.php?id=52,FETCHED_LIVE,200,1.35,SUCCESS,,
2026-09-24T18:39:04.911085+00:00,50,53,https://mpbd.cu.ac.bd/details.php?id=53,FETCHED_LIVE,200,1.31,SUCCESS,,
2026-09-24T18:39:06.289397+00:00,51,54,https://mpbd.cu.ac.bd/details.php?id=54,FETCHED_LIVE,200,1.37,SUCCESS,,
2026-09-24T18:39:07.509554+00:00,52,55,https://mpbd.cu.ac.bd/details.php?id=55,FETCHED_LIVE,200,1.21,SUCCESS,,
2026-09-24T18:39:09.014227+00:00,53,56,https://mpbd.cu.ac.bd/details.php?id=56,FETCHED_LIVE,200,1.50,SUCCESS,,
2026-09-24T18:39:10.455876+00:00,54,57,https://mpbd.cu.ac.bd/details.php?id=57,FETCHED_LIVE,200,1.43,SUCCESS,encoding_loss_suspected,
2026-09-24T18:39:11.719817+00:00,55,58,https://mpbd.cu.ac.bd/details.php?id=58,FETCHED_LIVE,200,1.26,SUCCESS,,
2026-09-24T18:39:13.064951+00:00,56,59,https://mpbd.cu.ac.bd/details.php?id=59,FETCHED_LIVE,200,1.34,SUCCESS,,
2026-09-24T18:39:14.131438+00:00,57,60,https://mpbd.cu.ac.bd/details.php?id=60,FETCHED_LIVE,200,1.06,SUCCESS,,
2026-09-24T18:39:15.653654+00:00,58,61,https://mpbd.cu.ac.bd/details.php?id=61,FETCHED_LIVE,200,1.51,SUCCESS,,
2026-09-24T18:39:16.865331+00:00,59,62,https://mpbd.cu.ac.bd/details.php?id=62,FETCHED_LIVE,200,1.21,SUCCESS,encoding_loss_suspected,
2026-09-24T18:39:18.143697+00:00,60,63,https://mpbd.cu.ac.bd/details.php?id=63,FETCHED_LIVE,200,1.27,SUCCESS,,
2026-09-24T18:39:19.199238+00:00,61,64,https://mpbd.cu.ac.bd/details.php?id=64,FETCHED_LIVE,200,1.05,SUCCESS,,
2026-09-24T18:39:20.705040+00:00,62,65,https://mpbd.cu.ac.bd/details.php?id=65,FETCHED_LIVE,200,1.50,SUCCESS,,
2026-09-24T18:39:22.199843+00:00,63,66,https://mpbd.cu.ac.bd/details.php?id=66,FETCHED_LIVE,200,1.49,SUCCESS,,
2026-09-24T18:39:23.358507+00:00,64,67,https://mpbd.cu.ac.bd/details.php?id=67,FETCHED_LIVE,200,1.15,SUCCESS,encoding_loss_suspected,
2026-09-24T18:39:24.824542+00:00,65,68,https://mpbd.cu.ac.bd/details.php?id=68,FETCHED_LIVE,200,1.46,SUCCESS,encoding_loss_suspected,
2026-09-24T18:39:26.092610+00:00,66,69,https://mpbd.cu.ac.bd/details.php?id=69,FETCHED_LIVE,200,1.26,SUCCESS,,
2026-09-24T18:39:27.619385+00:00,67,70,https://mpbd.cu.ac.bd/details.php?id=70,FETCHED_LIVE,200,1.52,SUCCESS,,
2026-09-24T18:39:29.109435+00:00,68,71,https://mpbd.cu.ac.bd/details.php?id=71,FETCHED_LIVE,200,1.48,SUCCESS,,
2026-09-24T18:39:30.474971+00:00,69,72,https://mpbd.cu.ac.bd/details.php?id=72,FETCHED_LIVE,200,1.36,SUCCESS,,
2026-09-24T18:39:30.482248+00:00,70,73,https://mpbd.cu.ac.bd/details.php?id=73,CACHE_HIT,200,0.00,SUCCESS,,
2026-09-24T18:39:31.643778+00:00,71,74,https://mpbd.cu.ac.bd/details.php?id=74,FETCHED_LIVE,200,1.15,SUCCESS,,
2026-09-24T18:39:32.749975+00:00,72,75,https://mpbd.cu.ac.bd/details.php?id=75,FETCHED_LIVE,200,1.10,SUCCESS,,
2026-09-24T18:39:34.036249+00:00,73,76,https://mpbd.cu.ac.bd/details.php?id=76,FETCHED_LIVE,200,1.28,SUCCESS,,
2026-09-24T18:39:35.159245+00:00,74,77,https://mpbd.cu.ac.bd/details.php?id=77,FETCHED_LIVE,200,1.12,SUCCESS,,
2026-09-24T18:39:36.481252+00:00,75,78,https://mpbd.cu.ac.bd/details.php?id=78,FETCHED_LIVE,200,1.32,SUCCESS,,
2026-09-24T18:39:37.960361+00:00,76,79,https://mpbd.cu.ac.bd/details.php?id=79,FETCHED_LIVE,200,1.47,SUCCESS,,
2026-09-24T18:39:39.221566+00:00,77,80,https://mpbd.cu.ac.bd/details.php?id=80,FETCHED_LIVE,200,1.25,SUCCESS,encoding_loss_suspected,
2026-09-24T18:39:40.514056+00:00,78,81,https://mpbd.cu.ac.bd/details.php?id=81,FETCHED_LIVE,200,1.29,SUCCESS,,
2026-09-24T18:39:41.810221+00:00,79,82,https://mpbd.cu.ac.bd/details.php?id=82,FETCHED_LIVE,200,1.29,SUCCESS,,
2026-09-24T18:39:42.832262+00:00,80,83,https://mpbd.cu.ac.bd/details.php?id=83,FETCHED_LIVE,200,1.02,SUCCESS,encoding_loss_suspected,
2026-09-24T18:39:43.870985+00:00,81,84,https://mpbd.cu.ac.bd/details.php?id=84,FETCHED_LIVE,200,1.03,SUCCESS,,
2026-09-24T18:39:45.007750+00:00,82,85,https://mpbd.cu.ac.bd/details.php?id=85,FETCHED_LIVE,200,1.13,SUCCESS,,
2026-09-24T18:39:46.332600+00:00,83,86,https://mpbd.cu.ac.bd/details.php?id=86,FETCHED_LIVE,200,1.32,SUCCESS,,
2026-09-24T18:39:47.586520+00:00,84,87,https://mpbd.cu.ac.bd/details.php?id=87,FETCHED_LIVE,200,1.25,SUCCESS,,
2026-09-24T18:39:49.039231+00:00,85,88,https://mpbd.cu.ac.bd/details.php?id=88,FETCHED_LIVE,200,1.45,SUCCESS,,
2026-09-24T18:39:50.479671+00:00,86,89,https://mpbd.cu.ac.bd/details.php?id=89,FETCHED_LIVE,200,1.43,SUCCESS,,
2026-09-24T18:39:51.843266+00:00,87,90,https://mpbd.cu.ac.bd/details.php?id=90,FETCHED_LIVE,200,1.36,SUCCESS,,
2026-09-24T18:39:53.058967+00:00,88,91,https://mpbd.cu.ac.bd/details.php?id=91,FETCHED_LIVE,200,1.21,SUCCESS,,
2026-09-24T18:39:54.101037+00:00,89,94,https://mpbd.cu.ac.bd/details.php?id=94,FETCHED_LIVE,200,1.04,SUCCESS,encoding_loss_suspected,
2026-09-24T18:39:55.257060+00:00,90,95,https://mpbd.cu.ac.bd/details.php?id=95,FETCHED_LIVE,200,1.15,SUCCESS,encoding_loss_suspected,
2026-09-24T18:39:56.401731+00:00,91,96,https://mpbd.cu.ac.bd/details.php?id=96,FETCHED_LIVE,200,1.14,SUCCESS,,
2026-09-24T18:39:57.813352+00:00,92,97,https://mpbd.cu.ac.bd/details.php?id=97,FETCHED_LIVE,200,1.40,SUCCESS,encoding_loss_suspected,
2026-09-24T18:39:59.300527+00:00,93,98,https://mpbd.cu.ac.bd/details.php?id=98,FETCHED_LIVE,200,1.48,SUCCESS,encoding_loss_suspected,
2026-09-24T18:40:00.328822+00:00,94,99,https://mpbd.cu.ac.bd/details.php?id=99,FETCHED_LIVE,200,1.02,SUCCESS,,
2026-09-24T18:40:01.427029+00:00,95,100,https://mpbd.cu.ac.bd/details.php?id=100,FETCHED_LIVE,200,1.09,SUCCESS,encoding_loss_suspected,
2026-09-24T18:40:02.732354+00:00,96,101,https://mpbd.cu.ac.bd/details.php?id=101,FETCHED_LIVE,200,1.30,SUCCESS,encoding_loss_suspected,
2026-09-24T18:40:03.965802+00:00,97,102,https://mpbd.cu.ac.bd/details.php?id=102,FETCHED_LIVE,200,1.22,SUCCESS,,
2026-09-24T18:40:05.419312+00:00,98,103,https://mpbd.cu.ac.bd/details.php?id=103,FETCHED_LIVE,200,1.45,SUCCESS,,
2026-09-24T18:40:06.927655+00:00,99,104,https://mpbd.cu.ac.bd/details.php?id=104,FETCHED_LIVE,200,1.50,SUCCESS,encoding_loss_suspected,
2026-09-24T18:40:08.102555+00:00,100,105,https://mpbd.cu.ac.bd/details.php?id=105,FETCHED_LIVE,200,1.17,SUCCESS,,
2026-09-24T18:40:09.229656+00:00,101,106,https://mpbd.cu.ac.bd/details.php?id=106,FETCHED_LIVE,200,1.12,SUCCESS,encoding_loss_suspected,
2026-09-24T18:40:10.417569+00:00,102,107,https://mpbd.cu.ac.bd/details.php?id=107,FETCHED_LIVE,200,1.18,SUCCESS,,
2026-09-24T18:40:11.565816+00:00,103,108,https://mpbd.cu.ac.bd/details.php?id=108,FETCHED_LIVE,200,1.14,SUCCESS,encoding_loss_suspected,
2026-09-24T18:40:13.060546+00:00,104,109,https://mpbd.cu.ac.bd/details.php?id=109,FETCHED_LIVE,200,1.49,SUCCESS,,
2026-09-24T18:40:14.252218+00:00,105,110,https://mpbd.cu.ac.bd/details.php?id=110,FETCHED_LIVE,200,1.19,SUCCESS,encoding_loss_suspected,
2026-09-24T18:40:15.382812+00:00,106,111,https://mpbd.cu.ac.bd/details.php?id=111,FETCHED_LIVE,200,1.12,SUCCESS,encoding_loss_suspected,
2026-09-24T18:40:16.846382+00:00,107,112,https://mpbd.cu.ac.bd/details.php?id=112,FETCHED_LIVE,200,1.46,SUCCESS,encoding_loss_suspected,
2026-09-24T18:40:18.061656+00:00,108,113,https://mpbd.cu.ac.bd/details.php?id=113,FETCHED_LIVE,200,1.21,SUCCESS,,
2026-09-24T18:40:19.276548+00:00,109,114,https://mpbd.cu.ac.bd/details.php?id=114,FETCHED_LIVE,200,1.21,SUCCESS,,
2026-09-24T18:40:20.436720+00:00,110,115,https://mpbd.cu.ac.bd/details.php?id=115,FETCHED_LIVE,200,1.15,SUCCESS,,
2026-09-24T18:40:21.787721+00:00,111,116,https://mpbd.cu.ac.bd/details.php?id=116,FETCHED_LIVE,200,1.34,SUCCESS,encoding_loss_suspected,
2026-09-24T18:40:23.180698+00:00,112,117,https://mpbd.cu.ac.bd/details.php?id=117,FETCHED_LIVE,200,1.39,SUCCESS,,
2026-09-24T18:40:24.447540+00:00,113,118,https://mpbd.cu.ac.bd/details.php?id=118,FETCHED_LIVE,200,1.26,SUCCESS,,
2026-09-24T18:40:25.840040+00:00,114,119,https://mpbd.cu.ac.bd/details.php?id=119,FETCHED_LIVE,200,1.39,SUCCESS,,
2026-09-24T18:40:27.203180+00:00,115,120,https://mpbd.cu.ac.bd/details.php?id=120,FETCHED_LIVE,200,1.36,SUCCESS,,
2026-09-24T18:40:28.501453+00:00,116,121,https://mpbd.cu.ac.bd/details.php?id=121,FETCHED_LIVE,200,1.29,SUCCESS,encoding_loss_suspected,
2026-09-24T18:40:29.833927+00:00,117,122,https://mpbd.cu.ac.bd/details.php?id=122,FETCHED_LIVE,200,1.33,SUCCESS,,
2026-09-24T18:40:31.084063+00:00,118,123,https://mpbd.cu.ac.bd/details.php?id=123,FETCHED_LIVE,200,1.24,SUCCESS,,
2026-09-24T18:40:32.245756+00:00,119,124,https://mpbd.cu.ac.bd/details.php?id=124,FETCHED_LIVE,200,1.15,SUCCESS,encoding_loss_suspected,
2026-09-24T18:40:33.726618+00:00,120,125,https://mpbd.cu.ac.bd/details.php?id=125,FETCHED_LIVE,200,1.47,SUCCESS,,
2026-09-24T18:40:35.043861+00:00,121,126,https://mpbd.cu.ac.bd/details.php?id=126,FETCHED_LIVE,200,1.31,SUCCESS,encoding_loss_suspected,
2026-09-24T18:40:36.173230+00:00,122,127,https://mpbd.cu.ac.bd/details.php?id=127,FETCHED_LIVE,200,1.12,SUCCESS,encoding_loss_suspected,
2026-09-24T18:40:37.447187+00:00,123,128,https://mpbd.cu.ac.bd/details.php?id=128,FETCHED_LIVE,200,1.27,SUCCESS,,
2026-09-24T18:40:38.938875+00:00,124,129,https://mpbd.cu.ac.bd/details.php?id=129,FETCHED_LIVE,200,1.48,SUCCESS,,
2026-09-24T18:40:40.345511+00:00,125,130,https://mpbd.cu.ac.bd/details.php?id=130,FETCHED_LIVE,200,1.40,SUCCESS,encoding_loss_suspected,
2026-09-24T18:40:41.761817+00:00,126,131,https://mpbd.cu.ac.bd/details.php?id=131,FETCHED_LIVE,200,1.41,SUCCESS,,
2026-09-24T18:40:43.003111+00:00,127,132,https://mpbd.cu.ac.bd/details.php?id=132,FETCHED_LIVE,200,1.23,SUCCESS,,
2026-09-24T18:40:44.246004+00:00,128,133,https://mpbd.cu.ac.bd/details.php?id=133,FETCHED_LIVE,200,1.24,SUCCESS,encoding_loss_suspected,
2026-09-24T18:40:45.607288+00:00,129,134,https://mpbd.cu.ac.bd/details.php?id=134,FETCHED_LIVE,200,1.35,SUCCESS,,
2026-09-24T18:40:46.772191+00:00,130,135,https://mpbd.cu.ac.bd/details.php?id=135,FETCHED_LIVE,200,1.16,SUCCESS,,
2026-09-24T18:40:48.070992+00:00,131,136,https://mpbd.cu.ac.bd/details.php?id=136,FETCHED_LIVE,200,1.29,SUCCESS,,
2026-09-24T18:40:49.236172+00:00,132,137,https://mpbd.cu.ac.bd/details.php?id=137,FETCHED_LIVE,200,1.16,SUCCESS,,
2026-09-24T18:40:50.615884+00:00,133,138,https://mpbd.cu.ac.bd/details.php?id=138,FETCHED_LIVE,200,1.37,SUCCESS,encoding_loss_suspected,
2026-09-24T18:40:51.990097+00:00,134,139,https://mpbd.cu.ac.bd/details.php?id=139,FETCHED_LIVE,200,1.37,SUCCESS,encoding_loss_suspected,
2026-09-24T18:40:53.099116+00:00,135,140,https://mpbd.cu.ac.bd/details.php?id=140,FETCHED_LIVE,200,1.10,SUCCESS,,
2026-09-24T18:40:54.498279+00:00,136,141,https://mpbd.cu.ac.bd/details.php?id=141,FETCHED_LIVE,200,1.39,SUCCESS,,
2026-09-24T18:40:55.966215+00:00,137,142,https://mpbd.cu.ac.bd/details.php?id=142,FETCHED_LIVE,200,1.46,SUCCESS,encoding_loss_suspected,
2026-09-24T18:40:57.100504+00:00,138,143,https://mpbd.cu.ac.bd/details.php?id=143,FETCHED_LIVE,200,1.13,SUCCESS,,
2026-09-24T18:40:58.616293+00:00,139,144,https://mpbd.cu.ac.bd/details.php?id=144,FETCHED_LIVE,200,1.51,SUCCESS,,
2026-09-24T18:40:59.777754+00:00,140,145,https://mpbd.cu.ac.bd/details.php?id=145,FETCHED_LIVE,200,1.15,SUCCESS,encoding_loss_suspected,
2026-09-24T18:41:00.867150+00:00,141,146,https://mpbd.cu.ac.bd/details.php?id=146,FETCHED_LIVE,200,1.08,SUCCESS,,
2026-09-24T18:41:02.238325+00:00,142,147,https://mpbd.cu.ac.bd/details.php?id=147,FETCHED_LIVE,200,1.36,SUCCESS,encoding_loss_suspected,
2026-09-24T18:41:03.612206+00:00,143,148,https://mpbd.cu.ac.bd/details.php?id=148,FETCHED_LIVE,200,1.37,SUCCESS,,
2026-09-24T18:41:04.672405+00:00,144,149,https://mpbd.cu.ac.bd/details.php?id=149,FETCHED_LIVE,200,1.05,SUCCESS,,
2026-09-24T18:41:05.967447+00:00,145,150,https://mpbd.cu.ac.bd/details.php?id=150,FETCHED_LIVE,200,1.29,SUCCESS,,
2026-09-24T18:41:07.192507+00:00,146,151,https://mpbd.cu.ac.bd/details.php?id=151,FETCHED_LIVE,200,1.22,SUCCESS,,
2026-09-24T18:41:08.562886+00:00,147,152,https://mpbd.cu.ac.bd/details.php?id=152,FETCHED_LIVE,200,1.36,SUCCESS,,
2026-09-24T18:41:10.034003+00:00,148,153,https://mpbd.cu.ac.bd/details.php?id=153,FETCHED_LIVE,200,1.46,SUCCESS,,
2026-09-24T18:41:11.436689+00:00,149,154,https://mpbd.cu.ac.bd/details.php?id=154,FETCHED_LIVE,200,1.40,SUCCESS,,
2026-09-24T18:41:11.443453+00:00,150,155,https://mpbd.cu.ac.bd/details.php?id=155,CACHE_HIT,200,0.00,SUCCESS,,
2026-09-24T18:41:12.538093+00:00,151,156,https://mpbd.cu.ac.bd/details.php?id=156,FETCHED_LIVE,200,1.09,SUCCESS,encoding_loss_suspected,
2026-09-24T18:41:13.815371+00:00,152,157,https://mpbd.cu.ac.bd/details.php?id=157,FETCHED_LIVE,200,1.27,SUCCESS,,
2026-09-24T18:41:15.335555+00:00,153,158,https://mpbd.cu.ac.bd/details.php?id=158,FETCHED_LIVE,200,1.51,SUCCESS,,
2026-09-24T18:41:16.425793+00:00,154,159,https://mpbd.cu.ac.bd/details.php?id=159,FETCHED_LIVE,200,1.08,SUCCESS,,
2026-09-24T18:41:17.877855+00:00,155,160,https://mpbd.cu.ac.bd/details.php?id=160,FETCHED_LIVE,200,1.45,SUCCESS,encoding_loss_suspected,
2026-09-24T18:41:19.393915+00:00,156,161,https://mpbd.cu.ac.bd/details.php?id=161,FETCHED_LIVE,200,1.51,SUCCESS,encoding_loss_suspected,
2026-09-24T18:41:20.502753+00:00,157,162,https://mpbd.cu.ac.bd/details.php?id=162,FETCHED_LIVE,200,1.10,SUCCESS,encoding_loss_suspected,
2026-09-24T18:41:21.782603+00:00,158,163,https://mpbd.cu.ac.bd/details.php?id=163,FETCHED_LIVE,200,1.27,SUCCESS,encoding_loss_suspected,
2026-09-24T18:41:23.140253+00:00,159,164,https://mpbd.cu.ac.bd/details.php?id=164,FETCHED_LIVE,200,1.35,SUCCESS,,
2026-09-24T18:41:24.660936+00:00,160,165,https://mpbd.cu.ac.bd/details.php?id=165,FETCHED_LIVE,200,1.51,SUCCESS,,
2026-09-24T18:41:25.939977+00:00,161,166,https://mpbd.cu.ac.bd/details.php?id=166,FETCHED_LIVE,200,1.27,SUCCESS,,
2026-09-24T18:41:27.030930+00:00,162,167,https://mpbd.cu.ac.bd/details.php?id=167,FETCHED_LIVE,200,1.08,SUCCESS,,
2026-09-24T18:41:28.190228+00:00,163,168,https://mpbd.cu.ac.bd/details.php?id=168,FETCHED_LIVE,200,1.15,SUCCESS,,
2026-09-24T18:41:29.489742+00:00,164,169,https://mpbd.cu.ac.bd/details.php?id=169,FETCHED_LIVE,200,1.29,SUCCESS,,
2026-09-24T18:41:31.008416+00:00,165,170,https://mpbd.cu.ac.bd/details.php?id=170,FETCHED_LIVE,200,1.51,SUCCESS,,
2026-09-24T18:41:32.344188+00:00,166,171,https://mpbd.cu.ac.bd/details.php?id=171,FETCHED_LIVE,200,1.33,SUCCESS,encoding_loss_suspected,
2026-09-24T18:41:33.498390+00:00,167,172,https://mpbd.cu.ac.bd/details.php?id=172,FETCHED_LIVE,200,1.15,SUCCESS,,
2026-09-24T18:41:34.589109+00:00,168,173,https://mpbd.cu.ac.bd/details.php?id=173,FETCHED_LIVE,200,1.08,SUCCESS,,
2026-09-24T18:41:35.831432+00:00,169,174,https://mpbd.cu.ac.bd/details.php?id=174,FETCHED_LIVE,200,1.23,SUCCESS,,
2026-09-24T18:41:37.175607+00:00,170,175,https://mpbd.cu.ac.bd/details.php?id=175,FETCHED_LIVE,200,1.34,SUCCESS,,
2026-09-24T18:41:38.458767+00:00,171,176,https://mpbd.cu.ac.bd/details.php?id=176,FETCHED_LIVE,200,1.28,SUCCESS,encoding_loss_suspected,
2026-09-24T18:41:39.664345+00:00,172,177,https://mpbd.cu.ac.bd/details.php?id=177,FETCHED_LIVE,200,1.20,SUCCESS,,
2026-09-24T18:41:40.997705+00:00,173,178,https://mpbd.cu.ac.bd/details.php?id=178,FETCHED_LIVE,200,1.32,SUCCESS,,
2026-09-24T18:41:42.284740+00:00,174,179,https://mpbd.cu.ac.bd/details.php?id=179,FETCHED_LIVE,200,1.28,SUCCESS,,
2026-09-24T18:41:43.772052+00:00,175,180,https://mpbd.cu.ac.bd/details.php?id=180,FETCHED_LIVE,200,1.48,SUCCESS,,
2026-09-24T18:41:44.853742+00:00,176,181,https://mpbd.cu.ac.bd/details.php?id=181,FETCHED_LIVE,200,1.07,SUCCESS,encoding_loss_suspected,
2026-09-24T18:41:46.080942+00:00,177,182,https://mpbd.cu.ac.bd/details.php?id=182,FETCHED_LIVE,200,1.22,SUCCESS,encoding_loss_suspected,
2026-09-24T18:41:47.107779+00:00,178,183,https://mpbd.cu.ac.bd/details.php?id=183,FETCHED_LIVE,200,1.02,SUCCESS,,
2026-09-24T18:41:48.326812+00:00,179,184,https://mpbd.cu.ac.bd/details.php?id=184,FETCHED_LIVE,200,1.21,SUCCESS,,
2026-09-24T18:41:49.794113+00:00,180,185,https://mpbd.cu.ac.bd/details.php?id=185,FETCHED_LIVE,200,1.46,SUCCESS,,
2026-09-24T18:41:50.876459+00:00,181,186,https://mpbd.cu.ac.bd/details.php?id=186,FETCHED_LIVE,200,1.08,SUCCESS,,
2026-09-24T18:41:52.290900+00:00,182,187,https://mpbd.cu.ac.bd/details.php?id=187,FETCHED_LIVE,200,1.41,SUCCESS,,
2026-09-24T18:41:53.783799+00:00,183,188,https://mpbd.cu.ac.bd/details.php?id=188,FETCHED_LIVE,200,1.48,SUCCESS,,
2026-09-24T18:41:55.266664+00:00,184,189,https://mpbd.cu.ac.bd/details.php?id=189,FETCHED_LIVE,200,1.48,SUCCESS,,
2026-09-24T18:41:56.667407+00:00,185,190,https://mpbd.cu.ac.bd/details.php?id=190,FETCHED_LIVE,200,1.39,SUCCESS,encoding_loss_suspected,
2026-09-24T18:41:58.054385+00:00,186,191,https://mpbd.cu.ac.bd/details.php?id=191,FETCHED_LIVE,200,1.38,SUCCESS,,
2026-09-24T18:41:59.271161+00:00,187,192,https://mpbd.cu.ac.bd/details.php?id=192,FETCHED_LIVE,200,1.21,SUCCESS,,
2026-09-24T18:42:00.757848+00:00,188,193,https://mpbd.cu.ac.bd/details.php?id=193,FETCHED_LIVE,200,1.48,SUCCESS,,
2026-09-24T18:42:02.243113+00:00,189,194,https://mpbd.cu.ac.bd/details.php?id=194,FETCHED_LIVE,200,1.48,SUCCESS,,
2026-09-24T18:42:03.353812+00:00,190,195,https://mpbd.cu.ac.bd/details.php?id=195,FETCHED_LIVE,200,1.10,SUCCESS,,
2026-09-24T18:42:04.412548+00:00,191,196,https://mpbd.cu.ac.bd/details.php?id=196,FETCHED_LIVE,200,1.05,SUCCESS,,
2026-09-24T18:42:05.905042+00:00,192,197,https://mpbd.cu.ac.bd/details.php?id=197,FETCHED_LIVE,200,1.48,SUCCESS,,
2026-09-24T18:42:07.132062+00:00,193,198,https://mpbd.cu.ac.bd/details.php?id=198,FETCHED_LIVE,200,1.22,SUCCESS,,
2026-09-24T18:42:08.652599+00:00,194,200,https://mpbd.cu.ac.bd/details.php?id=200,FETCHED_LIVE,200,1.51,SUCCESS,encoding_loss_suspected,
2026-09-24T18:42:09.927686+00:00,195,201,https://mpbd.cu.ac.bd/details.php?id=201,FETCHED_LIVE,200,1.27,SUCCESS,,
2026-09-24T18:42:11.376973+00:00,196,202,https://mpbd.cu.ac.bd/details.php?id=202,FETCHED_LIVE,200,1.44,SUCCESS,,
2026-09-24T18:42:12.511204+00:00,197,203,https://mpbd.cu.ac.bd/details.php?id=203,FETCHED_LIVE,200,1.13,SUCCESS,,
2026-09-24T18:42:13.568340+00:00,198,204,https://mpbd.cu.ac.bd/details.php?id=204,FETCHED_LIVE,200,1.05,SUCCESS,encoding_loss_suspected,
2026-09-24T18:42:14.721224+00:00,199,205,https://mpbd.cu.ac.bd/details.php?id=205,FETCHED_LIVE,200,1.15,SUCCESS,,
2026-09-24T18:42:15.776582+00:00,200,206,https://mpbd.cu.ac.bd/details.php?id=206,FETCHED_LIVE,200,1.05,SUCCESS,,
2026-09-24T18:42:17.112497+00:00,201,207,https://mpbd.cu.ac.bd/details.php?id=207,FETCHED_LIVE,200,1.33,SUCCESS,,
2026-09-24T18:42:18.520068+00:00,202,208,https://mpbd.cu.ac.bd/details.php?id=208,FETCHED_LIVE,200,1.40,SUCCESS,encoding_loss_suspected,
2026-09-24T18:42:19.659342+00:00,203,209,https://mpbd.cu.ac.bd/details.php?id=209,FETCHED_LIVE,200,1.13,SUCCESS,,
2026-09-24T18:42:20.972562+00:00,204,210,https://mpbd.cu.ac.bd/details.php?id=210,FETCHED_LIVE,200,1.31,SUCCESS,,
2026-09-24T18:42:22.017239+00:00,205,211,https://mpbd.cu.ac.bd/details.php?id=211,FETCHED_LIVE,200,1.04,SUCCESS,,
2026-09-24T18:42:23.110784+00:00,206,212,https://mpbd.cu.ac.bd/details.php?id=212,FETCHED_LIVE,200,1.09,SUCCESS,,
2026-09-24T18:42:24.473592+00:00,207,213,https://mpbd.cu.ac.bd/details.php?id=213,FETCHED_LIVE,200,1.36,SUCCESS,encoding_loss_suspected,
2026-09-24T18:42:25.702058+00:00,208,214,https://mpbd.cu.ac.bd/details.php?id=214,FETCHED_LIVE,200,1.22,SUCCESS,encoding_loss_suspected,
2026-09-24T18:42:27.105434+00:00,209,215,https://mpbd.cu.ac.bd/details.php?id=215,FETCHED_LIVE,200,1.40,SUCCESS,,
2026-09-24T18:42:28.358935+00:00,210,216,https://mpbd.cu.ac.bd/details.php?id=216,FETCHED_LIVE,200,1.25,SUCCESS,encoding_loss_suspected,
2026-09-24T18:42:29.437046+00:00,211,217,https://mpbd.cu.ac.bd/details.php?id=217,FETCHED_LIVE,200,1.07,SUCCESS,,
2026-09-24T18:42:30.859215+00:00,212,218,https://mpbd.cu.ac.bd/details.php?id=218,FETCHED_LIVE,200,1.42,SUCCESS,encoding_loss_suspected,
2026-09-24T18:42:32.297397+00:00,213,219,https://mpbd.cu.ac.bd/details.php?id=219,FETCHED_LIVE,200,1.43,SUCCESS,,
2026-09-24T18:42:33.761875+00:00,214,220,https://mpbd.cu.ac.bd/details.php?id=220,FETCHED_LIVE,200,1.46,SUCCESS,encoding_loss_suspected,
2026-09-24T18:42:35.136998+00:00,215,221,https://mpbd.cu.ac.bd/details.php?id=221,FETCHED_LIVE,200,1.37,SUCCESS,,
2026-09-24T18:42:36.280819+00:00,216,222,https://mpbd.cu.ac.bd/details.php?id=222,FETCHED_LIVE,200,1.14,SUCCESS,,
2026-09-24T18:42:37.724658+00:00,217,223,https://mpbd.cu.ac.bd/details.php?id=223,FETCHED_LIVE,200,1.44,SUCCESS,,
2026-09-24T18:42:39.316832+00:00,218,224,https://mpbd.cu.ac.bd/details.php?id=224,FETCHED_LIVE,200,1.58,SUCCESS,encoding_loss_suspected,
2026-09-24T18:42:40.591775+00:00,219,225,https://mpbd.cu.ac.bd/details.php?id=225,FETCHED_LIVE,200,1.27,SUCCESS,,
2026-09-24T18:42:42.082894+00:00,220,226,https://mpbd.cu.ac.bd/details.php?id=226,FETCHED_LIVE,200,1.48,SUCCESS,encoding_loss_suspected,
2026-09-24T18:42:43.382505+00:00,221,227,https://mpbd.cu.ac.bd/details.php?id=227,FETCHED_LIVE,200,1.29,SUCCESS,encoding_loss_suspected,
2026-09-24T18:42:44.662858+00:00,222,228,https://mpbd.cu.ac.bd/details.php?id=228,FETCHED_LIVE,200,1.27,SUCCESS,encoding_loss_suspected,
2026-09-24T18:42:45.894231+00:00,223,229,https://mpbd.cu.ac.bd/details.php?id=229,FETCHED_LIVE,200,1.22,SUCCESS,,
2026-09-24T18:42:47.016067+00:00,224,230,https://mpbd.cu.ac.bd/details.php?id=230,FETCHED_LIVE,200,1.11,SUCCESS,encoding_loss_suspected,
2026-09-24T18:42:48.386666+00:00,225,231,https://mpbd.cu.ac.bd/details.php?id=231,FETCHED_LIVE,200,1.36,SUCCESS,,
2026-09-24T18:42:49.540549+00:00,226,232,https://mpbd.cu.ac.bd/details.php?id=232,FETCHED_LIVE,200,1.15,SUCCESS,,
2026-09-24T18:42:50.885287+00:00,227,233,https://mpbd.cu.ac.bd/details.php?id=233,FETCHED_LIVE,200,1.34,SUCCESS,,
2026-09-24T18:42:52.283882+00:00,228,234,https://mpbd.cu.ac.bd/details.php?id=234,FETCHED_LIVE,200,1.39,SUCCESS,,
2026-09-24T18:42:53.500342+00:00,229,235,https://mpbd.cu.ac.bd/details.php?id=235,FETCHED_LIVE,200,1.21,SUCCESS,,
2026-09-24T18:42:54.652680+00:00,230,236,https://mpbd.cu.ac.bd/details.php?id=236,FETCHED_LIVE,200,1.15,SUCCESS,,
2026-09-24T18:42:55.723082+00:00,231,237,https://mpbd.cu.ac.bd/details.php?id=237,FETCHED_LIVE,200,1.06,SUCCESS,encoding_loss_suspected,
2026-09-24T18:42:57.052844+00:00,232,238,https://mpbd.cu.ac.bd/details.php?id=238,FETCHED_LIVE,200,1.31,SUCCESS,encoding_loss_suspected,
2026-09-24T18:42:58.347305+00:00,233,239,https://mpbd.cu.ac.bd/details.php?id=239,FETCHED_LIVE,200,1.29,SUCCESS,,
2026-09-24T18:42:59.815489+00:00,234,240,https://mpbd.cu.ac.bd/details.php?id=240,FETCHED_LIVE,200,1.46,SUCCESS,encoding_loss_suspected,
2026-09-24T18:43:01.246645+00:00,235,241,https://mpbd.cu.ac.bd/details.php?id=241,FETCHED_LIVE,200,1.42,SUCCESS,,
2026-09-24T18:43:02.334501+00:00,236,242,https://mpbd.cu.ac.bd/details.php?id=242,FETCHED_LIVE,200,1.08,SUCCESS,,
2026-09-24T18:43:03.808173+00:00,237,243,https://mpbd.cu.ac.bd/details.php?id=243,FETCHED_LIVE,200,1.47,SUCCESS,,
2026-09-24T18:43:04.870663+00:00,238,244,https://mpbd.cu.ac.bd/details.php?id=244,FETCHED_LIVE,200,1.06,SUCCESS,,
2026-09-24T18:43:06.263255+00:00,239,245,https://mpbd.cu.ac.bd/details.php?id=245,FETCHED_LIVE,200,1.38,SUCCESS,,
2026-09-24T18:43:07.439778+00:00,240,246,https://mpbd.cu.ac.bd/details.php?id=246,FETCHED_LIVE,200,1.17,SUCCESS,encoding_loss_suspected,
2026-09-24T18:43:08.579430+00:00,241,247,https://mpbd.cu.ac.bd/details.php?id=247,FETCHED_LIVE,200,1.13,SUCCESS,,
2026-09-24T18:43:09.871552+00:00,242,248,https://mpbd.cu.ac.bd/details.php?id=248,FETCHED_LIVE,200,1.29,SUCCESS,,
2026-09-24T18:43:11.102210+00:00,243,249,https://mpbd.cu.ac.bd/details.php?id=249,FETCHED_LIVE,200,1.22,SUCCESS,encoding_loss_suspected,
2026-09-24T18:43:12.452708+00:00,244,250,https://mpbd.cu.ac.bd/details.php?id=250,FETCHED_LIVE,200,1.34,SUCCESS,,
2026-09-24T18:43:13.740152+00:00,245,251,https://mpbd.cu.ac.bd/details.php?id=251,FETCHED_LIVE,200,1.28,SUCCESS,,
2026-09-24T18:43:14.797034+00:00,246,252,https://mpbd.cu.ac.bd/details.php?id=252,FETCHED_LIVE,200,1.05,SUCCESS,,
2026-09-24T18:43:16.193574+00:00,247,253,https://mpbd.cu.ac.bd/details.php?id=253,FETCHED_LIVE,200,1.39,SUCCESS,,
2026-09-24T18:43:17.672800+00:00,248,254,https://mpbd.cu.ac.bd/details.php?id=254,FETCHED_LIVE,200,1.47,SUCCESS,,
2026-09-24T18:43:19.135793+00:00,249,255,https://mpbd.cu.ac.bd/details.php?id=255,FETCHED_LIVE,200,1.46,SUCCESS,,
2026-09-24T18:43:20.392228+00:00,250,256,https://mpbd.cu.ac.bd/details.php?id=256,FETCHED_LIVE,200,1.25,SUCCESS,,
2026-09-24T18:43:21.853448+00:00,251,257,https://mpbd.cu.ac.bd/details.php?id=257,FETCHED_LIVE,200,1.45,SUCCESS,,
2026-09-24T18:43:23.107042+00:00,252,258,https://mpbd.cu.ac.bd/details.php?id=258,FETCHED_LIVE,200,1.24,SUCCESS,,
2026-09-24T18:43:24.620849+00:00,253,259,https://mpbd.cu.ac.bd/details.php?id=259,FETCHED_LIVE,200,1.51,SUCCESS,encoding_loss_suspected,
2026-09-24T18:43:25.881948+00:00,254,260,https://mpbd.cu.ac.bd/details.php?id=260,FETCHED_LIVE,200,1.25,SUCCESS,,
2026-09-24T18:43:27.007398+00:00,255,261,https://mpbd.cu.ac.bd/details.php?id=261,FETCHED_LIVE,200,1.12,SUCCESS,,
2026-09-24T18:43:28.434929+00:00,256,262,https://mpbd.cu.ac.bd/details.php?id=262,FETCHED_LIVE,200,1.42,SUCCESS,,
2026-09-24T18:43:29.493403+00:00,257,263,https://mpbd.cu.ac.bd/details.php?id=263,FETCHED_LIVE,200,1.05,SUCCESS,,
2026-09-24T18:43:30.732727+00:00,258,264,https://mpbd.cu.ac.bd/details.php?id=264,FETCHED_LIVE,200,1.23,SUCCESS,,
2026-09-24T18:43:31.914627+00:00,259,265,https://mpbd.cu.ac.bd/details.php?id=265,FETCHED_LIVE,200,1.17,SUCCESS,,
2026-09-24T18:43:33.401805+00:00,260,266,https://mpbd.cu.ac.bd/details.php?id=266,FETCHED_LIVE,200,1.48,SUCCESS,,
2026-09-24T18:43:34.811067+00:00,261,267,https://mpbd.cu.ac.bd/details.php?id=267,FETCHED_LIVE,200,1.40,SUCCESS,,
2026-09-24T18:43:35.931793+00:00,262,268,https://mpbd.cu.ac.bd/details.php?id=268,FETCHED_LIVE,200,1.11,SUCCESS,,
2026-09-24T18:43:37.424316+00:00,263,269,https://mpbd.cu.ac.bd/details.php?id=269,FETCHED_LIVE,200,1.49,SUCCESS,,
2026-09-24T18:43:38.920074+00:00,264,270,https://mpbd.cu.ac.bd/details.php?id=270,FETCHED_LIVE,200,1.49,SUCCESS,,
2026-09-24T18:43:40.203411+00:00,265,271,https://mpbd.cu.ac.bd/details.php?id=271,FETCHED_LIVE,200,1.28,SUCCESS,encoding_loss_suspected,
2026-09-24T18:43:41.244332+00:00,266,272,https://mpbd.cu.ac.bd/details.php?id=272,FETCHED_LIVE,200,1.03,SUCCESS,,
2026-09-24T18:43:42.429816+00:00,267,273,https://mpbd.cu.ac.bd/details.php?id=273,FETCHED_LIVE,200,1.18,SUCCESS,,
2026-09-24T18:43:43.881376+00:00,268,274,https://mpbd.cu.ac.bd/details.php?id=274,FETCHED_LIVE,200,1.44,SUCCESS,,
2026-09-24T18:43:44.960913+00:00,269,275,https://mpbd.cu.ac.bd/details.php?id=275,FETCHED_LIVE,200,1.07,SUCCESS,,
2026-09-24T18:43:46.032268+00:00,270,276,https://mpbd.cu.ac.bd/details.php?id=276,FETCHED_LIVE,200,1.06,SUCCESS,,
2026-09-24T18:43:47.514706+00:00,271,277,https://mpbd.cu.ac.bd/details.php?id=277,FETCHED_LIVE,200,1.47,SUCCESS,,
2026-09-24T18:43:48.748959+00:00,272,278,https://mpbd.cu.ac.bd/details.php?id=278,FETCHED_LIVE,200,1.23,SUCCESS,,
2026-09-24T18:43:49.994658+00:00,273,279,https://mpbd.cu.ac.bd/details.php?id=279,FETCHED_LIVE,200,1.24,SUCCESS,,
2026-09-24T18:43:51.427405+00:00,274,280,https://mpbd.cu.ac.bd/details.php?id=280,FETCHED_LIVE,200,1.42,SUCCESS,encoding_loss_suspected,
2026-09-24T18:43:52.945850+00:00,275,281,https://mpbd.cu.ac.bd/details.php?id=281,FETCHED_LIVE,200,1.51,SUCCESS,,
2026-09-24T18:43:54.373469+00:00,276,282,https://mpbd.cu.ac.bd/details.php?id=282,FETCHED_LIVE,200,1.42,SUCCESS,,
2026-09-24T18:43:55.433510+00:00,277,283,https://mpbd.cu.ac.bd/details.php?id=283,FETCHED_LIVE,200,1.05,SUCCESS,,
2026-09-24T18:43:56.834065+00:00,278,284,https://mpbd.cu.ac.bd/details.php?id=284,FETCHED_LIVE,200,1.39,SUCCESS,encoding_loss_suspected,
2026-09-24T18:43:57.900320+00:00,279,285,https://mpbd.cu.ac.bd/details.php?id=285,FETCHED_LIVE,200,1.06,SUCCESS,,
2026-09-24T18:43:59.118405+00:00,280,286,https://mpbd.cu.ac.bd/details.php?id=286,FETCHED_LIVE,200,1.21,SUCCESS,,
2026-09-24T18:44:00.547059+00:00,281,287,https://mpbd.cu.ac.bd/details.php?id=287,FETCHED_LIVE,200,1.42,SUCCESS,,
2026-09-24T18:44:01.735985+00:00,282,288,https://mpbd.cu.ac.bd/details.php?id=288,FETCHED_LIVE,200,1.18,SUCCESS,,
2026-09-24T18:44:03.023634+00:00,283,289,https://mpbd.cu.ac.bd/details.php?id=289,FETCHED_LIVE,200,1.28,SUCCESS,encoding_loss_suspected,
2026-09-24T18:44:04.175960+00:00,284,290,https://mpbd.cu.ac.bd/details.php?id=290,FETCHED_LIVE,200,1.14,SUCCESS,encoding_loss_suspected,
2026-09-24T18:44:05.400041+00:00,285,291,https://mpbd.cu.ac.bd/details.php?id=291,FETCHED_LIVE,200,1.22,SUCCESS,,
2026-09-24T18:44:06.532998+00:00,286,292,https://mpbd.cu.ac.bd/details.php?id=292,FETCHED_LIVE,200,1.13,SUCCESS,,
2026-09-24T18:44:07.560238+00:00,287,293,https://mpbd.cu.ac.bd/details.php?id=293,FETCHED_LIVE,200,1.02,SUCCESS,encoding_loss_suspected,
2026-09-24T18:44:08.914613+00:00,288,294,https://mpbd.cu.ac.bd/details.php?id=294,FETCHED_LIVE,200,1.35,SUCCESS,encoding_loss_suspected,
2026-09-24T18:44:10.175988+00:00,289,295,https://mpbd.cu.ac.bd/details.php?id=295,FETCHED_LIVE,200,1.25,SUCCESS,,
2026-09-24T18:44:11.492268+00:00,290,296,https://mpbd.cu.ac.bd/details.php?id=296,FETCHED_LIVE,200,1.31,SUCCESS,,
2026-09-24T18:44:12.826509+00:00,291,297,https://mpbd.cu.ac.bd/details.php?id=297,FETCHED_LIVE,200,1.33,SUCCESS,,
2026-09-24T18:44:14.166749+00:00,292,298,https://mpbd.cu.ac.bd/details.php?id=298,FETCHED_LIVE,200,1.33,SUCCESS,encoding_loss_suspected,
2026-09-24T18:44:15.510518+00:00,293,299,https://mpbd.cu.ac.bd/details.php?id=299,FETCHED_LIVE,200,1.34,SUCCESS,encoding_loss_suspected,
2026-09-24T18:44:16.694769+00:00,294,300,https://mpbd.cu.ac.bd/details.php?id=300,FETCHED_LIVE,200,1.18,SUCCESS,,
2026-09-24T18:44:18.028373+00:00,295,301,https://mpbd.cu.ac.bd/details.php?id=301,FETCHED_LIVE,200,1.32,SUCCESS,encoding_loss_suspected,
2026-09-24T18:44:19.533241+00:00,296,302,https://mpbd.cu.ac.bd/details.php?id=302,FETCHED_LIVE,200,1.50,SUCCESS,,
2026-09-24T18:44:20.744581+00:00,297,303,https://mpbd.cu.ac.bd/details.php?id=303,FETCHED_LIVE,200,1.20,SUCCESS,,
2026-09-24T18:44:22.169088+00:00,298,304,https://mpbd.cu.ac.bd/details.php?id=304,FETCHED_LIVE,200,1.42,SUCCESS,encoding_loss_suspected,
2026-09-24T18:44:23.653627+00:00,299,305,https://mpbd.cu.ac.bd/details.php?id=305,FETCHED_LIVE,200,1.48,SUCCESS,encoding_loss_suspected,
2026-09-24T18:44:23.665217+00:00,300,306,https://mpbd.cu.ac.bd/details.php?id=306,CACHE_HIT,200,0.00,SUCCESS,,
2026-09-24T18:44:24.932979+00:00,301,307,https://mpbd.cu.ac.bd/details.php?id=307,FETCHED_LIVE,200,1.26,SUCCESS,,
2026-09-24T18:44:26.371500+00:00,302,308,https://mpbd.cu.ac.bd/details.php?id=308,FETCHED_LIVE,200,1.43,SUCCESS,encoding_loss_suspected,
2026-09-24T18:44:27.647132+00:00,303,309,https://mpbd.cu.ac.bd/details.php?id=309,FETCHED_LIVE,200,1.27,SUCCESS,,
2026-09-24T18:44:28.968480+00:00,304,310,https://mpbd.cu.ac.bd/details.php?id=310,FETCHED_LIVE,200,1.31,SUCCESS,,
2026-09-24T18:44:30.440388+00:00,305,311,https://mpbd.cu.ac.bd/details.php?id=311,FETCHED_LIVE,200,1.46,SUCCESS,,
2026-09-24T18:44:31.799431+00:00,306,312,https://mpbd.cu.ac.bd/details.php?id=312,FETCHED_LIVE,200,1.35,SUCCESS,,
2026-09-24T18:44:32.982702+00:00,307,313,https://mpbd.cu.ac.bd/details.php?id=313,FETCHED_LIVE,200,1.18,SUCCESS,encoding_loss_suspected,
2026-09-24T18:44:34.367416+00:00,308,314,https://mpbd.cu.ac.bd/details.php?id=314,FETCHED_LIVE,200,1.37,SUCCESS,,
2026-09-24T18:44:35.839469+00:00,309,315,https://mpbd.cu.ac.bd/details.php?id=315,FETCHED_LIVE,200,1.46,SUCCESS,encoding_loss_suspected,
2026-09-24T18:44:37.151795+00:00,310,316,https://mpbd.cu.ac.bd/details.php?id=316,FETCHED_LIVE,200,1.31,SUCCESS,,
2026-09-24T18:44:38.510929+00:00,311,317,https://mpbd.cu.ac.bd/details.php?id=317,FETCHED_LIVE,200,1.35,SUCCESS,encoding_loss_suspected,
2026-09-24T18:44:39.832413+00:00,312,318,https://mpbd.cu.ac.bd/details.php?id=318,FETCHED_LIVE,200,1.31,SUCCESS,,
2026-09-24T18:44:41.229968+00:00,313,319,https://mpbd.cu.ac.bd/details.php?id=319,FETCHED_LIVE,200,1.39,SUCCESS,,
2026-09-24T18:44:42.635921+00:00,314,320,https://mpbd.cu.ac.bd/details.php?id=320,FETCHED_LIVE,200,1.40,SUCCESS,encoding_loss_suspected,
2026-09-24T18:44:44.083921+00:00,315,321,https://mpbd.cu.ac.bd/details.php?id=321,FETCHED_LIVE,200,1.44,SUCCESS,,
2026-09-24T18:44:45.317179+00:00,316,322,https://mpbd.cu.ac.bd/details.php?id=322,FETCHED_LIVE,200,1.23,SUCCESS,,
2026-09-24T18:44:46.735009+00:00,317,323,https://mpbd.cu.ac.bd/details.php?id=323,FETCHED_LIVE,200,1.41,SUCCESS,,
2026-09-24T18:44:48.150275+00:00,318,324,https://mpbd.cu.ac.bd/details.php?id=324,FETCHED_LIVE,200,1.41,SUCCESS,,
2026-09-24T18:44:49.504250+00:00,319,325,https://mpbd.cu.ac.bd/details.php?id=325,FETCHED_LIVE,200,1.35,SUCCESS,encoding_loss_suspected,
2026-09-24T18:44:50.981413+00:00,320,326,https://mpbd.cu.ac.bd/details.php?id=326,FETCHED_LIVE,200,1.47,SUCCESS,,
2026-09-24T18:44:52.027196+00:00,321,327,https://mpbd.cu.ac.bd/details.php?id=327,FETCHED_LIVE,200,1.04,SUCCESS,,
2026-09-24T18:44:53.368305+00:00,322,328,https://mpbd.cu.ac.bd/details.php?id=328,FETCHED_LIVE,200,1.33,SUCCESS,encoding_loss_suspected,
2026-09-24T18:44:54.506160+00:00,323,329,https://mpbd.cu.ac.bd/details.php?id=329,FETCHED_LIVE,200,1.13,SUCCESS,encoding_loss_suspected,
2026-09-24T18:44:55.839826+00:00,324,330,https://mpbd.cu.ac.bd/details.php?id=330,FETCHED_LIVE,200,1.33,SUCCESS,,
2026-09-24T18:44:56.875853+00:00,325,331,https://mpbd.cu.ac.bd/details.php?id=331,FETCHED_LIVE,200,1.03,SUCCESS,,
2026-09-24T18:44:57.982201+00:00,326,332,https://mpbd.cu.ac.bd/details.php?id=332,FETCHED_LIVE,200,1.10,SUCCESS,,
2026-09-24T18:44:59.506798+00:00,327,333,https://mpbd.cu.ac.bd/details.php?id=333,FETCHED_LIVE,200,1.52,SUCCESS,,
2026-09-24T18:45:00.718772+00:00,328,334,https://mpbd.cu.ac.bd/details.php?id=334,FETCHED_LIVE,200,1.20,SUCCESS,encoding_loss_suspected,
2026-09-24T18:45:02.055696+00:00,329,335,https://mpbd.cu.ac.bd/details.php?id=335,FETCHED_LIVE,200,1.33,SUCCESS,,
2026-09-24T18:45:03.187904+00:00,330,336,https://mpbd.cu.ac.bd/details.php?id=336,FETCHED_LIVE,200,1.13,SUCCESS,encoding_loss_suspected,
2026-09-24T18:45:04.282765+00:00,331,337,https://mpbd.cu.ac.bd/details.php?id=337,FETCHED_LIVE,200,1.09,SUCCESS,encoding_loss_suspected,
2026-09-24T18:45:05.706541+00:00,332,338,https://mpbd.cu.ac.bd/details.php?id=338,FETCHED_LIVE,200,1.42,SUCCESS,,
2026-09-24T18:45:06.953448+00:00,333,339,https://mpbd.cu.ac.bd/details.php?id=339,FETCHED_LIVE,200,1.24,SUCCESS,,
2026-09-24T18:45:08.336511+00:00,334,340,https://mpbd.cu.ac.bd/details.php?id=340,FETCHED_LIVE,200,1.38,SUCCESS,encoding_loss_suspected,
2026-09-24T18:45:09.551950+00:00,335,341,https://mpbd.cu.ac.bd/details.php?id=341,FETCHED_LIVE,200,1.21,SUCCESS,,
2026-09-24T18:45:10.960136+00:00,336,342,https://mpbd.cu.ac.bd/details.php?id=342,FETCHED_LIVE,200,1.40,SUCCESS,,
2026-09-24T18:45:12.044579+00:00,337,343,https://mpbd.cu.ac.bd/details.php?id=343,FETCHED_LIVE,200,1.08,SUCCESS,,
2026-09-24T18:45:13.441009+00:00,338,344,https://mpbd.cu.ac.bd/details.php?id=344,FETCHED_LIVE,200,1.39,SUCCESS,,
2026-09-24T18:45:14.782915+00:00,339,345,https://mpbd.cu.ac.bd/details.php?id=345,FETCHED_LIVE,200,1.33,SUCCESS,,
2026-09-24T18:45:16.178037+00:00,340,346,https://mpbd.cu.ac.bd/details.php?id=346,FETCHED_LIVE,200,1.39,SUCCESS,encoding_loss_suspected,
2026-09-24T18:45:17.294060+00:00,341,347,https://mpbd.cu.ac.bd/details.php?id=347,FETCHED_LIVE,200,1.11,SUCCESS,,
2026-09-24T18:45:18.724663+00:00,342,348,https://mpbd.cu.ac.bd/details.php?id=348,FETCHED_LIVE,200,1.42,SUCCESS,,
2026-09-24T18:45:19.827382+00:00,343,349,https://mpbd.cu.ac.bd/details.php?id=349,FETCHED_LIVE,200,1.09,SUCCESS,,
2026-09-24T18:45:21.094959+00:00,344,350,https://mpbd.cu.ac.bd/details.php?id=350,FETCHED_LIVE,200,1.26,SUCCESS,,
2026-09-24T18:45:22.543452+00:00,345,351,https://mpbd.cu.ac.bd/details.php?id=351,FETCHED_LIVE,200,1.44,SUCCESS,,
2026-09-24T18:45:23.829982+00:00,346,352,https://mpbd.cu.ac.bd/details.php?id=352,FETCHED_LIVE,200,1.28,SUCCESS,encoding_loss_suspected,
2026-09-24T18:45:24.891117+00:00,347,353,https://mpbd.cu.ac.bd/details.php?id=353,FETCHED_LIVE,200,1.05,SUCCESS,encoding_loss_suspected,
2026-09-24T18:45:26.351135+00:00,348,354,https://mpbd.cu.ac.bd/details.php?id=354,FETCHED_LIVE,200,1.45,SUCCESS,,
2026-09-24T18:45:27.716023+00:00,349,356,https://mpbd.cu.ac.bd/details.php?id=356,FETCHED_LIVE,200,1.36,SUCCESS,,
2026-09-24T18:45:29.019740+00:00,350,357,https://mpbd.cu.ac.bd/details.php?id=357,FETCHED_LIVE,200,1.30,SUCCESS,,
2026-09-24T18:45:30.163193+00:00,351,358,https://mpbd.cu.ac.bd/details.php?id=358,FETCHED_LIVE,200,1.14,SUCCESS,,
2026-09-24T18:45:31.219439+00:00,352,359,https://mpbd.cu.ac.bd/details.php?id=359,FETCHED_LIVE,200,1.05,SUCCESS,,
2026-09-24T18:45:32.286762+00:00,353,360,https://mpbd.cu.ac.bd/details.php?id=360,FETCHED_LIVE,200,1.06,SUCCESS,,
2026-09-24T18:45:33.716291+00:00,354,361,https://mpbd.cu.ac.bd/details.php?id=361,FETCHED_LIVE,200,1.42,SUCCESS,encoding_loss_suspected,
2026-09-24T18:45:35.101648+00:00,355,362,https://mpbd.cu.ac.bd/details.php?id=362,FETCHED_LIVE,200,1.37,SUCCESS,,
2026-09-24T18:45:36.344651+00:00,356,363,https://mpbd.cu.ac.bd/details.php?id=363,FETCHED_LIVE,200,1.23,SUCCESS,,
2026-09-24T18:45:37.686207+00:00,357,364,https://mpbd.cu.ac.bd/details.php?id=364,FETCHED_LIVE,200,1.33,SUCCESS,,
2026-09-24T18:45:38.803171+00:00,358,365,https://mpbd.cu.ac.bd/details.php?id=365,FETCHED_LIVE,200,1.11,SUCCESS,,
2026-09-24T18:45:40.167278+00:00,359,366,https://mpbd.cu.ac.bd/details.php?id=366,FETCHED_LIVE,200,1.36,SUCCESS,encoding_loss_suspected,
2026-09-24T18:45:41.313594+00:00,360,367,https://mpbd.cu.ac.bd/details.php?id=367,FETCHED_LIVE,200,1.14,SUCCESS,,
2026-09-24T18:45:42.504557+00:00,361,368,https://mpbd.cu.ac.bd/details.php?id=368,FETCHED_LIVE,200,1.18,SUCCESS,,
2026-09-24T18:45:43.746417+00:00,362,369,https://mpbd.cu.ac.bd/details.php?id=369,FETCHED_LIVE,200,1.23,SUCCESS,,
2026-09-24T18:45:44.806266+00:00,363,370,https://mpbd.cu.ac.bd/details.php?id=370,FETCHED_LIVE,200,1.05,SUCCESS,encoding_loss_suspected,
2026-09-24T18:45:46.073375+00:00,364,371,https://mpbd.cu.ac.bd/details.php?id=371,FETCHED_LIVE,200,1.26,SUCCESS,,
2026-09-24T18:45:47.554451+00:00,365,372,https://mpbd.cu.ac.bd/details.php?id=372,FETCHED_LIVE,200,1.47,SUCCESS,encoding_loss_suspected,
2026-09-24T18:45:48.965626+00:00,366,373,https://mpbd.cu.ac.bd/details.php?id=373,FETCHED_LIVE,200,1.40,SUCCESS,,
2026-09-24T18:45:50.318658+00:00,367,374,https://mpbd.cu.ac.bd/details.php?id=374,FETCHED_LIVE,200,1.34,SUCCESS,,
2026-09-24T18:45:51.364776+00:00,368,375,https://mpbd.cu.ac.bd/details.php?id=375,FETCHED_LIVE,200,1.04,SUCCESS,,
2026-09-24T18:45:52.414928+00:00,369,376,https://mpbd.cu.ac.bd/details.php?id=376,FETCHED_LIVE,200,1.04,SUCCESS,,
2026-09-24T18:45:53.927944+00:00,370,377,https://mpbd.cu.ac.bd/details.php?id=377,FETCHED_LIVE,200,1.51,SUCCESS,,
2026-09-24T18:45:55.190937+00:00,371,378,https://mpbd.cu.ac.bd/details.php?id=378,FETCHED_LIVE,200,1.26,SUCCESS,,
2026-09-24T18:45:56.313692+00:00,372,379,https://mpbd.cu.ac.bd/details.php?id=379,FETCHED_LIVE,200,1.12,SUCCESS,,
2026-09-24T18:45:57.689253+00:00,373,380,https://mpbd.cu.ac.bd/details.php?id=380,FETCHED_LIVE,200,1.37,SUCCESS,,
2026-09-24T18:45:58.867855+00:00,374,381,https://mpbd.cu.ac.bd/details.php?id=381,FETCHED_LIVE,200,1.17,SUCCESS,encoding_loss_suspected,
2026-09-24T18:46:00.245061+00:00,375,382,https://mpbd.cu.ac.bd/details.php?id=382,FETCHED_LIVE,200,1.37,SUCCESS,encoding_loss_suspected,
2026-09-24T18:46:01.403415+00:00,376,383,https://mpbd.cu.ac.bd/details.php?id=383,FETCHED_LIVE,200,1.15,SUCCESS,,
2026-09-24T18:46:02.923669+00:00,377,384,https://mpbd.cu.ac.bd/details.php?id=384,FETCHED_LIVE,200,1.51,SUCCESS,,
2026-09-24T18:46:04.299239+00:00,378,385,https://mpbd.cu.ac.bd/details.php?id=385,FETCHED_LIVE,200,1.37,SUCCESS,,
2026-09-24T18:46:05.447336+00:00,379,386,https://mpbd.cu.ac.bd/details.php?id=386,FETCHED_LIVE,200,1.14,SUCCESS,,
2026-09-24T18:46:06.503522+00:00,380,387,https://mpbd.cu.ac.bd/details.php?id=387,FETCHED_LIVE,200,1.05,SUCCESS,,
2026-09-24T18:46:07.899079+00:00,381,388,https://mpbd.cu.ac.bd/details.php?id=388,FETCHED_LIVE,200,1.39,SUCCESS,encoding_loss_suspected,
2026-09-24T18:46:09.392179+00:00,382,389,https://mpbd.cu.ac.bd/details.php?id=389,FETCHED_LIVE,200,1.49,SUCCESS,,
2026-09-24T18:46:10.498786+00:00,383,390,https://mpbd.cu.ac.bd/details.php?id=390,FETCHED_LIVE,200,1.10,SUCCESS,,
2026-09-24T18:46:11.754158+00:00,384,391,https://mpbd.cu.ac.bd/details.php?id=391,FETCHED_LIVE,200,1.25,SUCCESS,,
2026-09-24T18:46:12.948220+00:00,385,392,https://mpbd.cu.ac.bd/details.php?id=392,FETCHED_LIVE,200,1.19,SUCCESS,,
2026-09-24T18:46:14.198186+00:00,386,393,https://mpbd.cu.ac.bd/details.php?id=393,FETCHED_LIVE,200,1.24,SUCCESS,encoding_loss_suspected,
2026-09-24T18:46:15.249110+00:00,387,394,https://mpbd.cu.ac.bd/details.php?id=394,FETCHED_LIVE,200,1.04,SUCCESS,,
2026-09-24T18:46:16.555852+00:00,388,395,https://mpbd.cu.ac.bd/details.php?id=395,FETCHED_LIVE,200,1.30,SUCCESS,,
2026-09-24T18:46:18.034099+00:00,389,396,https://mpbd.cu.ac.bd/details.php?id=396,FETCHED_LIVE,200,1.47,SUCCESS,encoding_loss_suspected,
2026-09-24T18:46:19.337610+00:00,390,397,https://mpbd.cu.ac.bd/details.php?id=397,FETCHED_LIVE,200,1.30,SUCCESS,,
2026-09-24T18:46:20.574909+00:00,391,398,https://mpbd.cu.ac.bd/details.php?id=398,FETCHED_LIVE,200,1.23,SUCCESS,,
2026-09-24T18:46:21.802785+00:00,392,399,https://mpbd.cu.ac.bd/details.php?id=399,FETCHED_LIVE,200,1.22,SUCCESS,,
2026-09-24T18:46:22.961898+00:00,393,400,https://mpbd.cu.ac.bd/details.php?id=400,FETCHED_LIVE,200,1.15,SUCCESS,,
2026-09-24T18:46:24.049519+00:00,394,401,https://mpbd.cu.ac.bd/details.php?id=401,FETCHED_LIVE,200,1.08,SUCCESS,encoding_loss_suspected,
2026-09-24T18:46:25.220164+00:00,395,402,https://mpbd.cu.ac.bd/details.php?id=402,FETCHED_LIVE,200,1.16,SUCCESS,,
2026-09-24T18:46:26.599022+00:00,396,403,https://mpbd.cu.ac.bd/details.php?id=403,FETCHED_LIVE,200,1.37,SUCCESS,encoding_loss_suspected,
2026-09-24T18:46:28.059194+00:00,397,404,https://mpbd.cu.ac.bd/details.php?id=404,FETCHED_LIVE,200,1.45,SUCCESS,,
2026-09-24T18:46:29.273372+00:00,398,405,https://mpbd.cu.ac.bd/details.php?id=405,FETCHED_LIVE,200,1.21,SUCCESS,encoding_loss_suspected,
2026-09-24T18:46:30.399172+00:00,399,406,https://mpbd.cu.ac.bd/details.php?id=406,FETCHED_LIVE,200,1.12,SUCCESS,,
2026-09-24T18:46:31.831556+00:00,400,407,https://mpbd.cu.ac.bd/details.php?id=407,FETCHED_LIVE,200,1.43,SUCCESS,,
2026-09-24T18:46:33.228408+00:00,401,408,https://mpbd.cu.ac.bd/details.php?id=408,FETCHED_LIVE,200,1.39,SUCCESS,encoding_loss_suspected,
2026-09-24T18:46:34.724062+00:00,402,409,https://mpbd.cu.ac.bd/details.php?id=409,FETCHED_LIVE,200,1.49,SUCCESS,,
2026-09-24T18:46:35.788255+00:00,403,410,https://mpbd.cu.ac.bd/details.php?id=410,FETCHED_LIVE,200,1.06,SUCCESS,encoding_loss_suspected,
2026-09-24T18:46:36.852622+00:00,404,411,https://mpbd.cu.ac.bd/details.php?id=411,FETCHED_LIVE,200,1.06,SUCCESS,encoding_loss_suspected,
2026-09-24T18:46:38.158773+00:00,405,412,https://mpbd.cu.ac.bd/details.php?id=412,FETCHED_LIVE,200,1.30,SUCCESS,encoding_loss_suspected,
2026-09-24T18:46:39.252376+00:00,406,413,https://mpbd.cu.ac.bd/details.php?id=413,FETCHED_LIVE,200,1.09,SUCCESS,,
2026-09-24T18:46:39.259302+00:00,407,414,https://mpbd.cu.ac.bd/details.php?id=414,CACHE_HIT,200,0.00,SUCCESS,encoding_loss_suspected,
2026-09-24T18:46:40.762547+00:00,408,415,https://mpbd.cu.ac.bd/details.php?id=415,FETCHED_LIVE,200,1.50,SUCCESS,,
2026-09-24T18:46:42.108237+00:00,409,416,https://mpbd.cu.ac.bd/details.php?id=416,FETCHED_LIVE,200,1.34,SUCCESS,,
2026-09-24T18:46:43.172639+00:00,410,417,https://mpbd.cu.ac.bd/details.php?id=417,FETCHED_LIVE,200,1.06,SUCCESS,,
2026-09-24T18:46:44.525173+00:00,411,418,https://mpbd.cu.ac.bd/details.php?id=418,FETCHED_LIVE,200,1.35,SUCCESS,,
2026-09-24T18:46:45.615380+00:00,412,419,https://mpbd.cu.ac.bd/details.php?id=419,FETCHED_LIVE,200,1.08,SUCCESS,encoding_loss_suspected,
2026-09-24T18:46:47.091727+00:00,413,420,https://mpbd.cu.ac.bd/details.php?id=420,FETCHED_LIVE,200,1.47,SUCCESS,,
2026-09-24T18:46:48.117828+00:00,414,421,https://mpbd.cu.ac.bd/details.php?id=421,FETCHED_LIVE,200,1.02,SUCCESS,,
2026-09-24T18:46:49.425811+00:00,415,422,https://mpbd.cu.ac.bd/details.php?id=422,FETCHED_LIVE,200,1.30,SUCCESS,encoding_loss_suspected,
2026-09-24T18:46:50.737851+00:00,416,423,https://mpbd.cu.ac.bd/details.php?id=423,FETCHED_LIVE,200,1.31,SUCCESS,,
2026-09-24T18:46:51.778823+00:00,417,424,https://mpbd.cu.ac.bd/details.php?id=424,FETCHED_LIVE,200,1.03,SUCCESS,,
2026-09-24T18:46:52.875853+00:00,418,425,https://mpbd.cu.ac.bd/details.php?id=425,FETCHED_LIVE,200,1.09,SUCCESS,,
2026-09-24T18:46:54.040487+00:00,419,426,https://mpbd.cu.ac.bd/details.php?id=426,FETCHED_LIVE,200,1.16,SUCCESS,,
2026-09-24T18:46:55.108103+00:00,420,427,https://mpbd.cu.ac.bd/details.php?id=427,FETCHED_LIVE,200,1.06,SUCCESS,encoding_loss_suspected,
2026-09-24T18:46:56.536156+00:00,421,428,https://mpbd.cu.ac.bd/details.php?id=428,FETCHED_LIVE,200,1.42,SUCCESS,,
2026-09-24T18:46:57.594871+00:00,422,429,https://mpbd.cu.ac.bd/details.php?id=429,FETCHED_LIVE,200,1.05,SUCCESS,,
2026-09-24T18:46:58.964323+00:00,423,430,https://mpbd.cu.ac.bd/details.php?id=430,FETCHED_LIVE,200,1.36,SUCCESS,,
2026-09-24T18:47:00.236569+00:00,424,431,https://mpbd.cu.ac.bd/details.php?id=431,FETCHED_LIVE,200,1.26,SUCCESS,,
2026-09-24T18:47:01.567807+00:00,425,432,https://mpbd.cu.ac.bd/details.php?id=432,FETCHED_LIVE,200,1.32,SUCCESS,encoding_loss_suspected,
2026-09-24T18:47:02.872862+00:00,426,433,https://mpbd.cu.ac.bd/details.php?id=433,FETCHED_LIVE,200,1.30,SUCCESS,,
2026-09-24T18:47:04.163710+00:00,427,434,https://mpbd.cu.ac.bd/details.php?id=434,FETCHED_LIVE,200,1.28,SUCCESS,encoding_loss_suspected,
2026-09-24T18:47:05.387503+00:00,428,435,https://mpbd.cu.ac.bd/details.php?id=435,FETCHED_LIVE,200,1.22,SUCCESS,encoding_loss_suspected,
2026-09-24T18:47:06.580367+00:00,429,436,https://mpbd.cu.ac.bd/details.php?id=436,FETCHED_LIVE,200,1.19,SUCCESS,,
2026-09-24T18:47:07.701587+00:00,430,437,https://mpbd.cu.ac.bd/details.php?id=437,FETCHED_LIVE,200,1.11,SUCCESS,encoding_loss_suspected,
2026-09-24T18:47:09.073669+00:00,431,438,https://mpbd.cu.ac.bd/details.php?id=438,FETCHED_LIVE,200,1.36,SUCCESS,,
2026-09-24T18:47:10.310732+00:00,432,439,https://mpbd.cu.ac.bd/details.php?id=439,FETCHED_LIVE,200,1.23,SUCCESS,,
2026-09-24T18:47:11.656186+00:00,433,440,https://mpbd.cu.ac.bd/details.php?id=440,FETCHED_LIVE,200,1.34,SUCCESS,,
2026-09-24T18:47:13.123999+00:00,434,441,https://mpbd.cu.ac.bd/details.php?id=441,FETCHED_LIVE,200,1.46,SUCCESS,encoding_loss_suspected,
2026-09-24T18:47:14.630193+00:00,435,442,https://mpbd.cu.ac.bd/details.php?id=442,FETCHED_LIVE,200,1.50,SUCCESS,encoding_loss_suspected,
2026-09-24T18:47:15.818253+00:00,436,443,https://mpbd.cu.ac.bd/details.php?id=443,FETCHED_LIVE,200,1.18,SUCCESS,,
2026-09-24T18:47:17.135510+00:00,437,444,https://mpbd.cu.ac.bd/details.php?id=444,FETCHED_LIVE,200,1.31,SUCCESS,encoding_loss_suspected,
2026-09-24T18:47:18.212732+00:00,438,445,https://mpbd.cu.ac.bd/details.php?id=445,FETCHED_LIVE,200,1.07,SUCCESS,,
2026-09-24T18:47:19.408064+00:00,439,446,https://mpbd.cu.ac.bd/details.php?id=446,FETCHED_LIVE,200,1.19,SUCCESS,,
2026-09-24T18:47:20.533415+00:00,440,447,https://mpbd.cu.ac.bd/details.php?id=447,FETCHED_LIVE,200,1.12,SUCCESS,,
2026-09-24T18:47:21.795189+00:00,441,448,https://mpbd.cu.ac.bd/details.php?id=448,FETCHED_LIVE,200,1.26,SUCCESS,,
2026-09-24T18:47:23.036572+00:00,442,449,https://mpbd.cu.ac.bd/details.php?id=449,FETCHED_LIVE,200,1.23,SUCCESS,,
2026-09-24T18:47:24.378262+00:00,443,450,https://mpbd.cu.ac.bd/details.php?id=450,FETCHED_LIVE,200,1.33,SUCCESS,,
2026-09-24T18:47:25.547493+00:00,444,451,https://mpbd.cu.ac.bd/details.php?id=451,FETCHED_LIVE,200,1.16,SUCCESS,,
2026-09-24T18:47:27.003266+00:00,445,452,https://mpbd.cu.ac.bd/details.php?id=452,FETCHED_LIVE,200,1.44,SUCCESS,,
2026-09-24T18:47:28.292019+00:00,446,453,https://mpbd.cu.ac.bd/details.php?id=453,FETCHED_LIVE,200,1.28,SUCCESS,,
2026-09-24T18:47:29.350517+00:00,447,454,https://mpbd.cu.ac.bd/details.php?id=454,FETCHED_LIVE,200,1.05,SUCCESS,,
2026-09-24T18:47:30.640803+00:00,448,455,https://mpbd.cu.ac.bd/details.php?id=455,FETCHED_LIVE,200,1.28,SUCCESS,encoding_loss_suspected,
2026-09-24T18:47:31.884400+00:00,449,456,https://mpbd.cu.ac.bd/details.php?id=456,FETCHED_LIVE,200,1.24,SUCCESS,encoding_loss_suspected,
2026-09-24T18:47:32.950381+00:00,450,457,https://mpbd.cu.ac.bd/details.php?id=457,FETCHED_LIVE,200,1.06,SUCCESS,encoding_loss_suspected,
2026-09-24T18:47:34.440034+00:00,451,458,https://mpbd.cu.ac.bd/details.php?id=458,FETCHED_LIVE,200,1.48,SUCCESS,,
2026-09-24T18:47:35.504803+00:00,452,459,https://mpbd.cu.ac.bd/details.php?id=459,FETCHED_LIVE,200,1.06,SUCCESS,,
2026-09-24T18:47:36.749846+00:00,453,460,https://mpbd.cu.ac.bd/details.php?id=460,FETCHED_LIVE,200,1.24,SUCCESS,,
2026-09-24T18:47:38.144903+00:00,454,461,https://mpbd.cu.ac.bd/details.php?id=461,FETCHED_LIVE,200,1.39,SUCCESS,,
2026-09-24T18:47:39.201392+00:00,455,462,https://mpbd.cu.ac.bd/details.php?id=462,FETCHED_LIVE,200,1.05,SUCCESS,,
2026-09-24T18:47:40.485554+00:00,456,463,https://mpbd.cu.ac.bd/details.php?id=463,FETCHED_LIVE,200,1.28,SUCCESS,,
2026-09-24T18:47:41.792689+00:00,457,464,https://mpbd.cu.ac.bd/details.php?id=464,FETCHED_LIVE,200,1.30,SUCCESS,,
2026-09-24T18:47:43.212788+00:00,458,465,https://mpbd.cu.ac.bd/details.php?id=465,FETCHED_LIVE,200,1.41,SUCCESS,encoding_loss_suspected,
2026-09-24T18:47:44.443340+00:00,459,466,https://mpbd.cu.ac.bd/details.php?id=466,FETCHED_LIVE,200,1.22,SUCCESS,,
2026-09-24T18:47:45.775984+00:00,460,467,https://mpbd.cu.ac.bd/details.php?id=467,FETCHED_LIVE,200,1.33,SUCCESS,,
2026-09-24T18:47:46.849735+00:00,461,468,https://mpbd.cu.ac.bd/details.php?id=468,FETCHED_LIVE,200,1.07,SUCCESS,,
2026-09-24T18:47:48.095388+00:00,462,469,https://mpbd.cu.ac.bd/details.php?id=469,FETCHED_LIVE,200,1.24,SUCCESS,,
2026-09-24T18:47:49.448795+00:00,463,470,https://mpbd.cu.ac.bd/details.php?id=470,FETCHED_LIVE,200,1.35,SUCCESS,,
2026-09-24T18:47:50.732001+00:00,464,471,https://mpbd.cu.ac.bd/details.php?id=471,FETCHED_LIVE,200,1.27,SUCCESS,,
2026-09-24T18:47:52.243690+00:00,465,472,https://mpbd.cu.ac.bd/details.php?id=472,FETCHED_LIVE,200,1.51,SUCCESS,,
2026-09-24T18:47:53.712176+00:00,466,473,https://mpbd.cu.ac.bd/details.php?id=473,FETCHED_LIVE,200,1.46,SUCCESS,,
2026-09-24T18:47:54.936621+00:00,467,474,https://mpbd.cu.ac.bd/details.php?id=474,FETCHED_LIVE,200,1.22,SUCCESS,encoding_loss_suspected,
2026-09-24T18:47:56.157809+00:00,468,475,https://mpbd.cu.ac.bd/details.php?id=475,FETCHED_LIVE,200,1.21,SUCCESS,,
2026-09-24T18:47:57.261043+00:00,469,476,https://mpbd.cu.ac.bd/details.php?id=476,FETCHED_LIVE,200,1.10,SUCCESS,,
2026-09-24T18:47:58.572652+00:00,470,477,https://mpbd.cu.ac.bd/details.php?id=477,FETCHED_LIVE,200,1.30,SUCCESS,,
2026-09-24T18:47:59.768169+00:00,471,478,https://mpbd.cu.ac.bd/details.php?id=478,FETCHED_LIVE,200,1.19,SUCCESS,,
2026-09-24T18:48:01.121589+00:00,472,479,https://mpbd.cu.ac.bd/details.php?id=479,FETCHED_LIVE,200,1.35,SUCCESS,,
2026-09-24T18:48:02.637204+00:00,473,480,https://mpbd.cu.ac.bd/details.php?id=480,FETCHED_LIVE,200,1.51,SUCCESS,,
2026-09-24T18:48:04.157415+00:00,474,481,https://mpbd.cu.ac.bd/details.php?id=481,FETCHED_LIVE,200,1.51,SUCCESS,encoding_loss_suspected,
2026-09-24T18:48:05.669714+00:00,475,482,https://mpbd.cu.ac.bd/details.php?id=482,FETCHED_LIVE,200,1.51,SUCCESS,,
2026-09-24T18:48:06.950376+00:00,476,483,https://mpbd.cu.ac.bd/details.php?id=483,FETCHED_LIVE,200,1.27,SUCCESS,encoding_loss_suspected,
2026-09-24T18:48:08.243707+00:00,477,484,https://mpbd.cu.ac.bd/details.php?id=484,FETCHED_LIVE,200,1.29,SUCCESS,,
2026-09-24T18:48:09.590895+00:00,478,485,https://mpbd.cu.ac.bd/details.php?id=485,FETCHED_LIVE,200,1.34,SUCCESS,,
2026-09-24T18:48:10.652882+00:00,479,486,https://mpbd.cu.ac.bd/details.php?id=486,FETCHED_LIVE,200,1.05,SUCCESS,,
2026-09-24T18:48:12.028285+00:00,480,487,https://mpbd.cu.ac.bd/details.php?id=487,FETCHED_LIVE,200,1.37,SUCCESS,encoding_loss_suspected,
2026-09-24T18:48:13.528893+00:00,481,488,https://mpbd.cu.ac.bd/details.php?id=488,FETCHED_LIVE,200,1.49,SUCCESS,,
2026-09-24T18:48:14.686968+00:00,482,489,https://mpbd.cu.ac.bd/details.php?id=489,FETCHED_LIVE,200,1.15,SUCCESS,encoding_loss_suspected,
2026-09-24T18:48:15.860763+00:00,483,490,https://mpbd.cu.ac.bd/details.php?id=490,FETCHED_LIVE,200,1.16,SUCCESS,,
2026-09-24T18:48:17.061617+00:00,484,491,https://mpbd.cu.ac.bd/details.php?id=491,FETCHED_LIVE,200,1.19,SUCCESS,,
2026-09-24T18:48:18.460426+00:00,485,492,https://mpbd.cu.ac.bd/details.php?id=492,FETCHED_LIVE,200,1.39,SUCCESS,,
2026-09-24T18:48:19.514561+00:00,486,493,https://mpbd.cu.ac.bd/details.php?id=493,FETCHED_LIVE,200,1.04,SUCCESS,,
2026-09-24T18:48:20.764439+00:00,487,494,https://mpbd.cu.ac.bd/details.php?id=494,FETCHED_LIVE,200,1.24,SUCCESS,,
2026-09-24T18:48:22.054693+00:00,488,495,https://mpbd.cu.ac.bd/details.php?id=495,FETCHED_LIVE,200,1.28,SUCCESS,,
2026-09-24T18:48:23.160948+00:00,489,496,https://mpbd.cu.ac.bd/details.php?id=496,FETCHED_LIVE,200,1.10,SUCCESS,encoding_loss_suspected,
2026-09-24T18:48:24.348543+00:00,490,497,https://mpbd.cu.ac.bd/details.php?id=497,FETCHED_LIVE,200,1.18,SUCCESS,,
2026-09-24T18:48:25.817323+00:00,491,498,https://mpbd.cu.ac.bd/details.php?id=498,FETCHED_LIVE,200,1.46,SUCCESS,encoding_loss_suspected,
2026-09-24T18:48:26.978981+00:00,492,499,https://mpbd.cu.ac.bd/details.php?id=499,FETCHED_LIVE,200,1.16,SUCCESS,,
2026-09-24T18:48:28.294459+00:00,493,500,https://mpbd.cu.ac.bd/details.php?id=500,FETCHED_LIVE,200,1.31,SUCCESS,,
2026-09-24T18:48:29.770488+00:00,494,501,https://mpbd.cu.ac.bd/details.php?id=501,FETCHED_LIVE,200,1.47,SUCCESS,encoding_loss_suspected,
2026-09-24T18:48:31.172606+00:00,495,502,https://mpbd.cu.ac.bd/details.php?id=502,FETCHED_LIVE,200,1.40,SUCCESS,,
2026-09-24T18:48:32.309004+00:00,496,503,https://mpbd.cu.ac.bd/details.php?id=503,FETCHED_LIVE,200,1.13,SUCCESS,,
2026-09-24T18:48:32.316118+00:00,497,504,https://mpbd.cu.ac.bd/details.php?id=504,CACHE_HIT,200,0.00,SUCCESS,encoding_loss_suspected,
2026-09-24T18:48:33.582529+00:00,498,505,https://mpbd.cu.ac.bd/details.php?id=505,FETCHED_LIVE,200,1.26,SUCCESS,encoding_loss_suspected,
2026-09-24T18:48:35.067624+00:00,499,506,https://mpbd.cu.ac.bd/details.php?id=506,FETCHED_LIVE,200,1.48,SUCCESS,,
2026-09-24T18:48:36.543949+00:00,500,507,https://mpbd.cu.ac.bd/details.php?id=507,FETCHED_LIVE,200,1.47,SUCCESS,encoding_loss_suspected,
2026-09-24T18:48:38.034094+00:00,501,508,https://mpbd.cu.ac.bd/details.php?id=508,FETCHED_LIVE,200,1.48,SUCCESS,,
2026-09-24T18:48:39.249031+00:00,502,509,https://mpbd.cu.ac.bd/details.php?id=509,FETCHED_LIVE,200,1.21,SUCCESS,,
2026-09-24T18:48:40.426317+00:00,503,510,https://mpbd.cu.ac.bd/details.php?id=510,FETCHED_LIVE,200,1.17,SUCCESS,encoding_loss_suspected,
2026-09-24T18:48:41.593157+00:00,504,511,https://mpbd.cu.ac.bd/details.php?id=511,FETCHED_LIVE,200,1.16,SUCCESS,,
2026-09-24T18:48:43.018267+00:00,505,512,https://mpbd.cu.ac.bd/details.php?id=512,FETCHED_LIVE,200,1.42,SUCCESS,,
2026-09-24T18:48:44.256946+00:00,506,513,https://mpbd.cu.ac.bd/details.php?id=513,FETCHED_LIVE,200,1.23,SUCCESS,,
2026-09-24T18:48:45.357861+00:00,507,514,https://mpbd.cu.ac.bd/details.php?id=514,FETCHED_LIVE,200,1.09,SUCCESS,encoding_loss_suspected,
2026-09-24T18:48:46.858824+00:00,508,515,https://mpbd.cu.ac.bd/details.php?id=515,FETCHED_LIVE,200,1.49,SUCCESS,,
2026-09-24T18:48:48.324761+00:00,509,516,https://mpbd.cu.ac.bd/details.php?id=516,FETCHED_LIVE,200,1.46,SUCCESS,encoding_loss_suspected,
2026-09-24T18:48:49.712399+00:00,510,517,https://mpbd.cu.ac.bd/details.php?id=517,FETCHED_LIVE,200,1.38,SUCCESS,,
2026-09-24T18:48:51.227331+00:00,511,518,https://mpbd.cu.ac.bd/details.php?id=518,FETCHED_LIVE,200,1.51,SUCCESS,,
2026-09-24T18:48:52.630374+00:00,512,519,https://mpbd.cu.ac.bd/details.php?id=519,FETCHED_LIVE,200,1.40,SUCCESS,,
2026-09-24T18:48:53.961499+00:00,513,520,https://mpbd.cu.ac.bd/details.php?id=520,FETCHED_LIVE,200,1.32,SUCCESS,,
2026-09-24T18:48:55.218690+00:00,514,521,https://mpbd.cu.ac.bd/details.php?id=521,FETCHED_LIVE,200,1.25,SUCCESS,,
2026-09-24T18:48:56.465842+00:00,515,522,https://mpbd.cu.ac.bd/details.php?id=522,FETCHED_LIVE,200,1.24,SUCCESS,encoding_loss_suspected,
2026-09-24T18:48:57.747993+00:00,516,523,https://mpbd.cu.ac.bd/details.php?id=523,FETCHED_LIVE,200,1.28,SUCCESS,,
2026-09-24T18:48:59.254823+00:00,517,524,https://mpbd.cu.ac.bd/details.php?id=524,FETCHED_LIVE,200,1.50,SUCCESS,,
2026-09-24T18:49:00.739544+00:00,518,525,https://mpbd.cu.ac.bd/details.php?id=525,FETCHED_LIVE,200,1.48,SUCCESS,,
2026-09-24T18:49:02.129271+00:00,519,526,https://mpbd.cu.ac.bd/details.php?id=526,FETCHED_LIVE,200,1.38,SUCCESS,,
2026-09-24T18:49:03.373315+00:00,520,527,https://mpbd.cu.ac.bd/details.php?id=527,FETCHED_LIVE,200,1.24,SUCCESS,encoding_loss_suspected,
2026-09-24T18:49:04.485295+00:00,521,528,https://mpbd.cu.ac.bd/details.php?id=528,FETCHED_LIVE,200,1.10,SUCCESS,,
2026-09-24T18:49:05.693716+00:00,522,529,https://mpbd.cu.ac.bd/details.php?id=529,FETCHED_LIVE,200,1.20,SUCCESS,,
2026-09-24T18:49:07.015648+00:00,523,530,https://mpbd.cu.ac.bd/details.php?id=530,FETCHED_LIVE,200,1.31,SUCCESS,encoding_loss_suspected,
2026-09-24T18:49:08.508296+00:00,524,531,https://mpbd.cu.ac.bd/details.php?id=531,FETCHED_LIVE,200,1.49,SUCCESS,encoding_loss_suspected,
2026-09-24T18:49:09.942635+00:00,525,532,https://mpbd.cu.ac.bd/details.php?id=532,FETCHED_LIVE,200,1.43,SUCCESS,encoding_loss_suspected,
2026-09-24T18:49:11.008529+00:00,526,533,https://mpbd.cu.ac.bd/details.php?id=533,FETCHED_LIVE,200,1.06,SUCCESS,,
2026-09-24T18:49:12.491695+00:00,527,534,https://mpbd.cu.ac.bd/details.php?id=534,FETCHED_LIVE,200,1.48,SUCCESS,encoding_loss_suspected,
2026-09-24T18:49:14.017642+00:00,528,535,https://mpbd.cu.ac.bd/details.php?id=535,FETCHED_LIVE,200,1.52,SUCCESS,,
2026-09-24T18:49:15.440692+00:00,529,536,https://mpbd.cu.ac.bd/details.php?id=536,FETCHED_LIVE,200,1.42,SUCCESS,,
2026-09-24T18:49:16.647824+00:00,530,537,https://mpbd.cu.ac.bd/details.php?id=537,FETCHED_LIVE,200,1.20,SUCCESS,encoding_loss_suspected,
2026-09-24T18:49:17.797440+00:00,531,538,https://mpbd.cu.ac.bd/details.php?id=538,FETCHED_LIVE,200,1.14,SUCCESS,,
2026-09-24T18:49:18.972891+00:00,532,539,https://mpbd.cu.ac.bd/details.php?id=539,FETCHED_LIVE,200,1.17,SUCCESS,,
2026-09-24T18:49:20.071824+00:00,533,540,https://mpbd.cu.ac.bd/details.php?id=540,FETCHED_LIVE,200,1.09,SUCCESS,,
2026-09-24T18:49:21.144692+00:00,534,541,https://mpbd.cu.ac.bd/details.php?id=541,FETCHED_LIVE,200,1.07,SUCCESS,,
2026-09-24T18:49:22.670738+00:00,535,542,https://mpbd.cu.ac.bd/details.php?id=542,FETCHED_LIVE,200,1.52,SUCCESS,encoding_loss_suspected,
2026-09-24T18:49:24.130017+00:00,536,543,https://mpbd.cu.ac.bd/details.php?id=543,FETCHED_LIVE,200,1.45,SUCCESS,,
2026-09-24T18:49:25.518398+00:00,537,544,https://mpbd.cu.ac.bd/details.php?id=544,FETCHED_LIVE,200,1.38,SUCCESS,encoding_loss_suspected,
2026-09-24T18:49:26.876518+00:00,538,545,https://mpbd.cu.ac.bd/details.php?id=545,FETCHED_LIVE,200,1.35,SUCCESS,,
2026-09-24T18:49:27.961616+00:00,539,546,https://mpbd.cu.ac.bd/details.php?id=546,FETCHED_LIVE,200,1.08,SUCCESS,,
2026-09-24T18:49:29.253444+00:00,540,547,https://mpbd.cu.ac.bd/details.php?id=547,FETCHED_LIVE,200,1.28,SUCCESS,,
2026-09-24T18:49:30.789670+00:00,541,548,https://mpbd.cu.ac.bd/details.php?id=548,FETCHED_LIVE,200,1.52,SUCCESS,,
2026-09-24T18:49:31.962155+00:00,542,549,https://mpbd.cu.ac.bd/details.php?id=549,FETCHED_LIVE,200,1.16,SUCCESS,,
2026-09-24T18:49:33.009960+00:00,543,550,https://mpbd.cu.ac.bd/details.php?id=550,FETCHED_LIVE,200,1.04,SUCCESS,,
2026-09-24T18:49:34.193274+00:00,544,551,https://mpbd.cu.ac.bd/details.php?id=551,FETCHED_LIVE,200,1.18,SUCCESS,encoding_loss_suspected,
2026-09-24T18:49:35.320777+00:00,545,552,https://mpbd.cu.ac.bd/details.php?id=552,FETCHED_LIVE,200,1.12,SUCCESS,encoding_loss_suspected,
2026-09-24T18:49:36.708458+00:00,546,553,https://mpbd.cu.ac.bd/details.php?id=553,FETCHED_LIVE,200,1.38,SUCCESS,,
2026-09-24T18:49:37.771331+00:00,547,554,https://mpbd.cu.ac.bd/details.php?id=554,FETCHED_LIVE,200,1.06,SUCCESS,encoding_loss_suspected,
2026-09-24T18:49:39.215343+00:00,548,555,https://mpbd.cu.ac.bd/details.php?id=555,FETCHED_LIVE,200,1.44,SUCCESS,,
2026-09-24T18:49:40.606478+00:00,549,556,https://mpbd.cu.ac.bd/details.php?id=556,FETCHED_LIVE,200,1.38,SUCCESS,,
2026-09-24T18:49:41.916614+00:00,550,557,https://mpbd.cu.ac.bd/details.php?id=557,FETCHED_LIVE,200,1.30,SUCCESS,encoding_loss_suspected,
2026-09-24T18:49:43.326962+00:00,551,558,https://mpbd.cu.ac.bd/details.php?id=558,FETCHED_LIVE,200,1.40,SUCCESS,,
2026-09-24T18:49:44.401147+00:00,552,559,https://mpbd.cu.ac.bd/details.php?id=559,FETCHED_LIVE,200,1.07,SUCCESS,,
2026-09-24T18:49:45.565432+00:00,553,560,https://mpbd.cu.ac.bd/details.php?id=560,FETCHED_LIVE,200,1.16,SUCCESS,encoding_loss_suspected,
2026-09-24T18:49:46.662673+00:00,554,561,https://mpbd.cu.ac.bd/details.php?id=561,FETCHED_LIVE,200,1.09,SUCCESS,,
2026-09-24T18:49:48.083848+00:00,555,562,https://mpbd.cu.ac.bd/details.php?id=562,FETCHED_LIVE,200,1.41,SUCCESS,,
2026-09-24T18:49:49.257475+00:00,556,563,https://mpbd.cu.ac.bd/details.php?id=563,FETCHED_LIVE,200,1.17,SUCCESS,encoding_loss_suspected,
2026-09-24T18:49:50.528081+00:00,557,564,https://mpbd.cu.ac.bd/details.php?id=564,FETCHED_LIVE,200,1.26,SUCCESS,,
2026-09-24T18:49:51.731699+00:00,558,565,https://mpbd.cu.ac.bd/details.php?id=565,FETCHED_LIVE,200,1.20,SUCCESS,encoding_loss_suspected,
2026-09-24T18:49:52.770406+00:00,559,566,https://mpbd.cu.ac.bd/details.php?id=566,FETCHED_LIVE,200,1.03,SUCCESS,,
2026-09-24T18:49:53.990837+00:00,560,567,https://mpbd.cu.ac.bd/details.php?id=567,FETCHED_LIVE,200,1.21,SUCCESS,encoding_loss_suspected,
2026-09-24T18:49:55.269098+00:00,561,568,https://mpbd.cu.ac.bd/details.php?id=568,FETCHED_LIVE,200,1.27,SUCCESS,,
2026-09-24T18:49:56.432117+00:00,562,569,https://mpbd.cu.ac.bd/details.php?id=569,FETCHED_LIVE,200,1.16,SUCCESS,,
2026-09-24T18:49:57.588217+00:00,563,570,https://mpbd.cu.ac.bd/details.php?id=570,FETCHED_LIVE,200,1.15,SUCCESS,,
2026-09-24T18:49:58.950000+00:00,564,571,https://mpbd.cu.ac.bd/details.php?id=571,FETCHED_LIVE,200,1.35,SUCCESS,,
2026-09-24T18:50:00.081545+00:00,565,572,https://mpbd.cu.ac.bd/details.php?id=572,FETCHED_LIVE,200,1.12,SUCCESS,,
2026-09-24T18:50:01.337092+00:00,566,573,https://mpbd.cu.ac.bd/details.php?id=573,FETCHED_LIVE,200,1.25,SUCCESS,encoding_loss_suspected,
2026-09-24T18:50:02.375417+00:00,567,574,https://mpbd.cu.ac.bd/details.php?id=574,FETCHED_LIVE,200,1.03,SUCCESS,encoding_loss_suspected,
2026-09-24T18:50:03.504906+00:00,568,575,https://mpbd.cu.ac.bd/details.php?id=575,FETCHED_LIVE,200,1.12,SUCCESS,,
2026-09-24T18:50:04.857404+00:00,569,576,https://mpbd.cu.ac.bd/details.php?id=576,FETCHED_LIVE,200,1.35,SUCCESS,,
2026-09-24T18:50:06.364435+00:00,570,577,https://mpbd.cu.ac.bd/details.php?id=577,FETCHED_LIVE,200,1.50,SUCCESS,encoding_loss_suspected,
2026-09-24T18:50:07.821439+00:00,571,578,https://mpbd.cu.ac.bd/details.php?id=578,FETCHED_LIVE,200,1.45,SUCCESS,,
2026-09-24T18:50:09.206712+00:00,572,579,https://mpbd.cu.ac.bd/details.php?id=579,FETCHED_LIVE,200,1.38,SUCCESS,,
2026-09-24T18:50:10.710316+00:00,573,580,https://mpbd.cu.ac.bd/details.php?id=580,FETCHED_LIVE,200,1.50,SUCCESS,,
2026-09-24T18:50:11.790655+00:00,574,581,https://mpbd.cu.ac.bd/details.php?id=581,FETCHED_LIVE,200,1.07,SUCCESS,encoding_loss_suspected,
2026-09-24T18:50:13.083816+00:00,575,583,https://mpbd.cu.ac.bd/details.php?id=583,FETCHED_LIVE,200,1.29,SUCCESS,,
2026-09-24T18:50:14.475217+00:00,576,584,https://mpbd.cu.ac.bd/details.php?id=584,FETCHED_LIVE,200,1.38,SUCCESS,,
2026-09-24T18:50:15.533729+00:00,577,585,https://mpbd.cu.ac.bd/details.php?id=585,FETCHED_LIVE,200,1.05,SUCCESS,,
2026-09-24T18:50:16.659597+00:00,578,586,https://mpbd.cu.ac.bd/details.php?id=586,FETCHED_LIVE,200,1.11,SUCCESS,,
2026-09-24T18:50:17.870423+00:00,579,587,https://mpbd.cu.ac.bd/details.php?id=587,FETCHED_LIVE,200,1.20,SUCCESS,,
2026-09-24T18:50:19.150491+00:00,580,588,https://mpbd.cu.ac.bd/details.php?id=588,FETCHED_LIVE,200,1.27,SUCCESS,,
2026-09-24T18:50:20.262936+00:00,581,589,https://mpbd.cu.ac.bd/details.php?id=589,FETCHED_LIVE,200,1.10,SUCCESS,encoding_loss_suspected,
2026-09-24T18:50:21.327786+00:00,582,590,https://mpbd.cu.ac.bd/details.php?id=590,FETCHED_LIVE,200,1.06,SUCCESS,encoding_loss_suspected,
2026-09-24T18:50:22.712240+00:00,583,591,https://mpbd.cu.ac.bd/details.php?id=591,FETCHED_LIVE,200,1.38,SUCCESS,encoding_loss_suspected,
2026-09-24T18:50:23.914930+00:00,584,592,https://mpbd.cu.ac.bd/details.php?id=592,FETCHED_LIVE,200,1.20,SUCCESS,,
2026-09-24T18:50:25.057814+00:00,585,593,https://mpbd.cu.ac.bd/details.php?id=593,FETCHED_LIVE,200,1.13,SUCCESS,encoding_loss_suspected,
2026-09-24T18:50:26.291057+00:00,586,594,https://mpbd.cu.ac.bd/details.php?id=594,FETCHED_LIVE,200,1.23,SUCCESS,encoding_loss_suspected,
2026-09-24T18:50:27.466577+00:00,587,595,https://mpbd.cu.ac.bd/details.php?id=595,FETCHED_LIVE,200,1.17,SUCCESS,encoding_loss_suspected,
2026-09-24T18:50:28.498368+00:00,588,596,https://mpbd.cu.ac.bd/details.php?id=596,FETCHED_LIVE,200,1.02,SUCCESS,,
2026-09-24T18:50:29.778563+00:00,589,597,https://mpbd.cu.ac.bd/details.php?id=597,FETCHED_LIVE,200,1.27,SUCCESS,,
2026-09-24T18:50:31.081237+00:00,590,598,https://mpbd.cu.ac.bd/details.php?id=598,FETCHED_LIVE,200,1.30,SUCCESS,,
2026-09-24T18:50:32.224612+00:00,591,599,https://mpbd.cu.ac.bd/details.php?id=599,FETCHED_LIVE,200,1.14,SUCCESS,,
2026-09-24T18:50:33.351016+00:00,592,600,https://mpbd.cu.ac.bd/details.php?id=600,FETCHED_LIVE,200,1.12,SUCCESS,,
2026-09-24T18:50:34.826623+00:00,593,601,https://mpbd.cu.ac.bd/details.php?id=601,FETCHED_LIVE,200,1.47,SUCCESS,encoding_loss_suspected,
2026-09-24T18:50:36.151342+00:00,594,602,https://mpbd.cu.ac.bd/details.php?id=602,FETCHED_LIVE,200,1.32,SUCCESS,encoding_loss_suspected,
2026-09-24T18:50:37.396406+00:00,595,603,https://mpbd.cu.ac.bd/details.php?id=603,FETCHED_LIVE,200,1.23,SUCCESS,encoding_loss_suspected,
2026-09-24T18:50:38.489860+00:00,596,604,https://mpbd.cu.ac.bd/details.php?id=604,FETCHED_LIVE,200,1.09,SUCCESS,encoding_loss_suspected,
2026-09-24T18:50:39.659145+00:00,597,605,https://mpbd.cu.ac.bd/details.php?id=605,FETCHED_LIVE,200,1.16,SUCCESS,encoding_loss_suspected,
2026-09-24T18:50:41.144407+00:00,598,606,https://mpbd.cu.ac.bd/details.php?id=606,FETCHED_LIVE,200,1.48,SUCCESS,encoding_loss_suspected,
2026-09-24T18:50:42.404261+00:00,599,607,https://mpbd.cu.ac.bd/details.php?id=607,FETCHED_LIVE,200,1.25,SUCCESS,,
2026-09-24T18:50:43.698304+00:00,600,608,https://mpbd.cu.ac.bd/details.php?id=608,FETCHED_LIVE,200,1.29,SUCCESS,encoding_loss_suspected,
2026-09-24T18:50:45.004505+00:00,601,609,https://mpbd.cu.ac.bd/details.php?id=609,FETCHED_LIVE,200,1.30,SUCCESS,,
2026-09-24T18:50:46.262392+00:00,602,610,https://mpbd.cu.ac.bd/details.php?id=610,FETCHED_LIVE,200,1.25,SUCCESS,encoding_loss_suspected,
2026-09-24T18:50:47.503456+00:00,603,611,https://mpbd.cu.ac.bd/details.php?id=611,FETCHED_LIVE,200,1.23,SUCCESS,,
2026-09-24T18:50:48.610537+00:00,604,612,https://mpbd.cu.ac.bd/details.php?id=612,FETCHED_LIVE,200,1.10,SUCCESS,encoding_loss_suspected,
2026-09-24T18:50:50.065059+00:00,605,613,https://mpbd.cu.ac.bd/details.php?id=613,FETCHED_LIVE,200,1.45,SUCCESS,encoding_loss_suspected,
2026-09-24T18:50:51.438671+00:00,606,614,https://mpbd.cu.ac.bd/details.php?id=614,FETCHED_LIVE,200,1.37,SUCCESS,encoding_loss_suspected,
2026-09-24T18:50:52.769874+00:00,607,615,https://mpbd.cu.ac.bd/details.php?id=615,FETCHED_LIVE,200,1.32,SUCCESS,encoding_loss_suspected,
2026-09-24T18:50:54.135630+00:00,608,616,https://mpbd.cu.ac.bd/details.php?id=616,FETCHED_LIVE,200,1.36,SUCCESS,,
2026-09-24T18:50:55.530902+00:00,609,617,https://mpbd.cu.ac.bd/details.php?id=617,FETCHED_LIVE,200,1.39,SUCCESS,,
2026-09-24T18:50:56.743269+00:00,610,618,https://mpbd.cu.ac.bd/details.php?id=618,FETCHED_LIVE,200,1.21,SUCCESS,,
2026-09-24T18:50:57.860230+00:00,611,619,https://mpbd.cu.ac.bd/details.php?id=619,FETCHED_LIVE,200,1.11,SUCCESS,encoding_loss_suspected,
2026-09-24T18:50:59.360046+00:00,612,620,https://mpbd.cu.ac.bd/details.php?id=620,FETCHED_LIVE,200,1.49,SUCCESS,,
2026-09-24T18:51:00.668739+00:00,613,621,https://mpbd.cu.ac.bd/details.php?id=621,FETCHED_LIVE,200,1.30,SUCCESS,,
2026-09-24T18:51:01.762930+00:00,614,622,https://mpbd.cu.ac.bd/details.php?id=622,FETCHED_LIVE,200,1.09,SUCCESS,,
2026-09-24T18:51:02.895637+00:00,615,623,https://mpbd.cu.ac.bd/details.php?id=623,FETCHED_LIVE,200,1.13,SUCCESS,encoding_loss_suspected,
2026-09-24T18:51:04.298707+00:00,616,624,https://mpbd.cu.ac.bd/details.php?id=624,FETCHED_LIVE,200,1.40,SUCCESS,encoding_loss_suspected,
2026-09-24T18:51:05.376592+00:00,617,625,https://mpbd.cu.ac.bd/details.php?id=625,FETCHED_LIVE,200,1.07,SUCCESS,,
2026-09-24T18:51:06.804141+00:00,618,626,https://mpbd.cu.ac.bd/details.php?id=626,FETCHED_LIVE,200,1.42,SUCCESS,encoding_loss_suspected,
2026-09-24T18:51:08.211835+00:00,619,627,https://mpbd.cu.ac.bd/details.php?id=627,FETCHED_LIVE,200,1.40,SUCCESS,encoding_loss_suspected,
2026-09-24T18:51:09.544516+00:00,620,628,https://mpbd.cu.ac.bd/details.php?id=628,FETCHED_LIVE,200,1.33,SUCCESS,encoding_loss_suspected,
2026-09-24T18:51:10.918485+00:00,621,629,https://mpbd.cu.ac.bd/details.php?id=629,FETCHED_LIVE,200,1.37,SUCCESS,,
2026-09-24T18:51:12.095714+00:00,622,630,https://mpbd.cu.ac.bd/details.php?id=630,FETCHED_LIVE,200,1.17,SUCCESS,,
2026-09-24T18:51:13.336818+00:00,623,631,https://mpbd.cu.ac.bd/details.php?id=631,FETCHED_LIVE,200,1.23,SUCCESS,,
2026-09-24T18:51:14.744818+00:00,624,632,https://mpbd.cu.ac.bd/details.php?id=632,FETCHED_LIVE,200,1.40,SUCCESS,,
2026-09-24T18:51:16.100841+00:00,625,633,https://mpbd.cu.ac.bd/details.php?id=633,FETCHED_LIVE,200,1.35,SUCCESS,,
2026-09-24T18:51:17.373602+00:00,626,634,https://mpbd.cu.ac.bd/details.php?id=634,FETCHED_LIVE,200,1.27,SUCCESS,,
2026-09-24T18:51:18.735813+00:00,627,635,https://mpbd.cu.ac.bd/details.php?id=635,FETCHED_LIVE,200,1.35,SUCCESS,,
2026-09-24T18:51:20.193595+00:00,628,636,https://mpbd.cu.ac.bd/details.php?id=636,FETCHED_LIVE,200,1.45,SUCCESS,,
2026-09-24T18:51:21.307859+00:00,629,637,https://mpbd.cu.ac.bd/details.php?id=637,FETCHED_LIVE,200,1.11,SUCCESS,encoding_loss_suspected,
2026-09-24T18:51:22.433240+00:00,630,638,https://mpbd.cu.ac.bd/details.php?id=638,FETCHED_LIVE,200,1.12,SUCCESS,,
2026-09-24T18:51:23.905072+00:00,631,639,https://mpbd.cu.ac.bd/details.php?id=639,FETCHED_LIVE,200,1.46,SUCCESS,,
2026-09-24T18:51:25.431560+00:00,632,640,https://mpbd.cu.ac.bd/details.php?id=640,FETCHED_LIVE,200,1.52,SUCCESS,,
2026-09-24T18:51:26.924461+00:00,633,641,https://mpbd.cu.ac.bd/details.php?id=641,FETCHED_LIVE,200,1.49,SUCCESS,encoding_loss_suspected,
2026-09-24T18:51:28.304752+00:00,634,642,https://mpbd.cu.ac.bd/details.php?id=642,FETCHED_LIVE,200,1.37,SUCCESS,,
2026-09-24T18:51:29.421982+00:00,635,643,https://mpbd.cu.ac.bd/details.php?id=643,FETCHED_LIVE,200,1.11,SUCCESS,,
2026-09-24T18:51:30.878494+00:00,636,644,https://mpbd.cu.ac.bd/details.php?id=644,FETCHED_LIVE,200,1.45,SUCCESS,,
2026-09-24T18:51:32.364926+00:00,637,645,https://mpbd.cu.ac.bd/details.php?id=645,FETCHED_LIVE,200,1.48,SUCCESS,encoding_loss_suspected,
2026-09-24T18:51:32.372147+00:00,638,646,https://mpbd.cu.ac.bd/details.php?id=646,CACHE_HIT,200,0.00,SUCCESS,encoding_loss_suspected,
2026-09-24T18:51:33.827035+00:00,639,647,https://mpbd.cu.ac.bd/details.php?id=647,FETCHED_LIVE,200,1.44,SUCCESS,encoding_loss_suspected,
2026-09-24T18:51:34.897242+00:00,640,648,https://mpbd.cu.ac.bd/details.php?id=648,FETCHED_LIVE,200,1.06,SUCCESS,encoding_loss_suspected,
2026-09-24T18:51:36.032757+00:00,641,649,https://mpbd.cu.ac.bd/details.php?id=649,FETCHED_LIVE,200,1.13,SUCCESS,,
2026-09-24T18:51:37.494687+00:00,642,650,https://mpbd.cu.ac.bd/details.php?id=650,FETCHED_LIVE,200,1.45,SUCCESS,,
2026-09-24T18:51:38.808017+00:00,643,651,https://mpbd.cu.ac.bd/details.php?id=651,FETCHED_LIVE,200,1.31,SUCCESS,encoding_loss_suspected,
2026-09-24T18:51:40.013018+00:00,644,652,https://mpbd.cu.ac.bd/details.php?id=652,FETCHED_LIVE,200,1.20,SUCCESS,encoding_loss_suspected,
2026-09-24T18:51:41.271304+00:00,645,653,https://mpbd.cu.ac.bd/details.php?id=653,FETCHED_LIVE,200,1.25,SUCCESS,encoding_loss_suspected,
2026-09-24T18:51:42.708804+00:00,646,654,https://mpbd.cu.ac.bd/details.php?id=654,FETCHED_LIVE,200,1.43,SUCCESS,encoding_loss_suspected,
2026-09-24T18:51:43.882740+00:00,647,655,https://mpbd.cu.ac.bd/details.php?id=655,FETCHED_LIVE,200,1.17,SUCCESS,encoding_loss_suspected,
2026-09-24T18:51:45.154216+00:00,648,656,https://mpbd.cu.ac.bd/details.php?id=656,FETCHED_LIVE,200,1.26,SUCCESS,,
2026-09-24T18:51:46.257283+00:00,649,657,https://mpbd.cu.ac.bd/details.php?id=657,FETCHED_LIVE,200,1.10,SUCCESS,,
2026-09-24T18:51:47.349999+00:00,650,658,https://mpbd.cu.ac.bd/details.php?id=658,FETCHED_LIVE,200,1.08,SUCCESS,,
2026-09-24T18:51:48.626402+00:00,651,659,https://mpbd.cu.ac.bd/details.php?id=659,FETCHED_LIVE,200,1.27,SUCCESS,encoding_loss_suspected,
2026-09-24T18:51:49.811899+00:00,652,660,https://mpbd.cu.ac.bd/details.php?id=660,FETCHED_LIVE,200,1.18,SUCCESS,,
2026-09-24T18:51:51.141096+00:00,653,661,https://mpbd.cu.ac.bd/details.php?id=661,FETCHED_LIVE,200,1.32,SUCCESS,,
2026-09-24T18:51:52.185926+00:00,654,662,https://mpbd.cu.ac.bd/details.php?id=662,FETCHED_LIVE,200,1.04,SUCCESS,,
2026-09-24T18:51:53.707867+00:00,655,663,https://mpbd.cu.ac.bd/details.php?id=663,FETCHED_LIVE,200,1.51,SUCCESS,,
2026-09-24T18:51:54.954443+00:00,656,664,https://mpbd.cu.ac.bd/details.php?id=664,FETCHED_LIVE,200,1.24,SUCCESS,,
2026-09-24T18:51:56.275078+00:00,657,665,https://mpbd.cu.ac.bd/details.php?id=665,FETCHED_LIVE,200,1.31,SUCCESS,,
2026-09-24T18:51:57.770541+00:00,658,666,https://mpbd.cu.ac.bd/details.php?id=666,FETCHED_LIVE,200,1.49,SUCCESS,encoding_loss_suspected,
2026-09-24T18:51:58.917187+00:00,659,667,https://mpbd.cu.ac.bd/details.php?id=667,FETCHED_LIVE,200,1.14,SUCCESS,,
2026-09-24T18:52:00.407849+00:00,660,668,https://mpbd.cu.ac.bd/details.php?id=668,FETCHED_LIVE,200,1.48,SUCCESS,encoding_loss_suspected,
2026-09-24T18:52:01.592001+00:00,661,669,https://mpbd.cu.ac.bd/details.php?id=669,FETCHED_LIVE,200,1.18,SUCCESS,encoding_loss_suspected,
2026-09-24T18:52:02.710531+00:00,662,670,https://mpbd.cu.ac.bd/details.php?id=670,FETCHED_LIVE,200,1.11,SUCCESS,encoding_loss_suspected,
2026-09-24T18:52:03.977229+00:00,663,671,https://mpbd.cu.ac.bd/details.php?id=671,FETCHED_LIVE,200,1.26,SUCCESS,,
2026-09-24T18:52:05.158824+00:00,664,672,https://mpbd.cu.ac.bd/details.php?id=672,FETCHED_LIVE,200,1.17,SUCCESS,encoding_loss_suspected,
2026-09-24T18:52:06.204571+00:00,665,673,https://mpbd.cu.ac.bd/details.php?id=673,FETCHED_LIVE,200,1.04,SUCCESS,encoding_loss_suspected,
2026-09-24T18:52:07.670532+00:00,666,674,https://mpbd.cu.ac.bd/details.php?id=674,FETCHED_LIVE,200,1.46,SUCCESS,,
2026-09-24T18:52:08.834974+00:00,667,675,https://mpbd.cu.ac.bd/details.php?id=675,FETCHED_LIVE,200,1.16,SUCCESS,,
2026-09-24T18:52:10.261193+00:00,668,676,https://mpbd.cu.ac.bd/details.php?id=676,FETCHED_LIVE,200,1.42,SUCCESS,,
2026-09-24T18:52:11.448488+00:00,669,677,https://mpbd.cu.ac.bd/details.php?id=677,FETCHED_LIVE,200,1.18,SUCCESS,,
2026-09-24T18:52:12.855799+00:00,670,678,https://mpbd.cu.ac.bd/details.php?id=678,FETCHED_LIVE,200,1.40,SUCCESS,encoding_loss_suspected,
2026-09-24T18:52:13.904101+00:00,671,679,https://mpbd.cu.ac.bd/details.php?id=679,FETCHED_LIVE,200,1.04,SUCCESS,encoding_loss_suspected,
2026-09-24T18:52:15.286281+00:00,672,680,https://mpbd.cu.ac.bd/details.php?id=680,FETCHED_LIVE,200,1.38,SUCCESS,,
2026-09-24T18:52:16.414823+00:00,673,681,https://mpbd.cu.ac.bd/details.php?id=681,FETCHED_LIVE,200,1.12,SUCCESS,encoding_loss_suspected,
2026-09-24T18:52:17.718028+00:00,674,682,https://mpbd.cu.ac.bd/details.php?id=682,FETCHED_LIVE,200,1.30,SUCCESS,,
2026-09-24T18:52:18.951171+00:00,675,683,https://mpbd.cu.ac.bd/details.php?id=683,FETCHED_LIVE,200,1.22,SUCCESS,,
2026-09-24T18:52:20.470776+00:00,676,684,https://mpbd.cu.ac.bd/details.php?id=684,FETCHED_LIVE,200,1.51,SUCCESS,,
2026-09-24T18:52:21.813385+00:00,677,685,https://mpbd.cu.ac.bd/details.php?id=685,FETCHED_LIVE,200,1.34,SUCCESS,encoding_loss_suspected,
2026-09-24T18:52:22.895611+00:00,678,686,https://mpbd.cu.ac.bd/details.php?id=686,FETCHED_LIVE,200,1.07,SUCCESS,encoding_loss_suspected,
2026-09-24T18:52:24.323978+00:00,679,687,https://mpbd.cu.ac.bd/details.php?id=687,FETCHED_LIVE,200,1.42,SUCCESS,,
2026-09-24T18:52:25.615916+00:00,680,688,https://mpbd.cu.ac.bd/details.php?id=688,FETCHED_LIVE,200,1.28,SUCCESS,encoding_loss_suspected,
2026-09-24T18:52:26.983034+00:00,681,689,https://mpbd.cu.ac.bd/details.php?id=689,FETCHED_LIVE,200,1.36,SUCCESS,,
2026-09-24T18:52:28.214143+00:00,682,690,https://mpbd.cu.ac.bd/details.php?id=690,FETCHED_LIVE,200,1.22,SUCCESS,encoding_loss_suspected,
2026-09-24T18:52:29.393289+00:00,683,691,https://mpbd.cu.ac.bd/details.php?id=691,FETCHED_LIVE,200,1.17,SUCCESS,,
2026-09-24T18:52:30.420888+00:00,684,692,https://mpbd.cu.ac.bd/details.php?id=692,FETCHED_LIVE,200,1.02,SUCCESS,encoding_loss_suspected,
2026-09-24T18:52:31.931232+00:00,685,693,https://mpbd.cu.ac.bd/details.php?id=693,FETCHED_LIVE,200,1.50,SUCCESS,encoding_loss_suspected,
2026-09-24T18:52:33.271161+00:00,686,694,https://mpbd.cu.ac.bd/details.php?id=694,FETCHED_LIVE,200,1.33,SUCCESS,,
2026-09-24T18:52:34.503628+00:00,687,695,https://mpbd.cu.ac.bd/details.php?id=695,FETCHED_LIVE,200,1.23,SUCCESS,encoding_loss_suspected,
2026-09-24T18:52:35.838979+00:00,688,696,https://mpbd.cu.ac.bd/details.php?id=696,FETCHED_LIVE,200,1.33,SUCCESS,,
2026-09-24T18:52:37.205480+00:00,689,697,https://mpbd.cu.ac.bd/details.php?id=697,FETCHED_LIVE,200,1.36,SUCCESS,,
2026-09-24T18:52:38.622207+00:00,690,698,https://mpbd.cu.ac.bd/details.php?id=698,FETCHED_LIVE,200,1.41,SUCCESS,,
2026-09-24T18:52:39.782956+00:00,691,699,https://mpbd.cu.ac.bd/details.php?id=699,FETCHED_LIVE,200,1.15,SUCCESS,,
2026-09-24T18:52:41.068798+00:00,692,700,https://mpbd.cu.ac.bd/details.php?id=700,FETCHED_LIVE,200,1.28,SUCCESS,encoding_loss_suspected,
2026-09-24T18:52:42.230749+00:00,693,701,https://mpbd.cu.ac.bd/details.php?id=701,FETCHED_LIVE,200,1.16,SUCCESS,,
2026-09-24T18:52:43.694149+00:00,694,702,https://mpbd.cu.ac.bd/details.php?id=702,FETCHED_LIVE,200,1.45,SUCCESS,,
2026-09-24T18:52:45.056368+00:00,695,703,https://mpbd.cu.ac.bd/details.php?id=703,FETCHED_LIVE,200,1.36,SUCCESS,,
2026-09-24T18:52:46.578706+00:00,696,704,https://mpbd.cu.ac.bd/details.php?id=704,FETCHED_LIVE,200,1.52,SUCCESS,encoding_loss_suspected,
2026-09-24T18:52:47.743925+00:00,697,705,https://mpbd.cu.ac.bd/details.php?id=705,FETCHED_LIVE,200,1.16,SUCCESS,,
2026-09-24T18:52:49.070245+00:00,698,706,https://mpbd.cu.ac.bd/details.php?id=706,FETCHED_LIVE,200,1.32,SUCCESS,encoding_loss_suspected,
2026-09-24T18:52:50.259020+00:00,699,707,https://mpbd.cu.ac.bd/details.php?id=707,FETCHED_LIVE,200,1.18,SUCCESS,encoding_loss_suspected,
2026-09-24T18:52:51.771049+00:00,700,708,https://mpbd.cu.ac.bd/details.php?id=708,FETCHED_LIVE,200,1.51,SUCCESS,,
2026-09-24T18:52:53.087102+00:00,701,709,https://mpbd.cu.ac.bd/details.php?id=709,FETCHED_LIVE,200,1.31,SUCCESS,,
2026-09-24T18:52:54.511214+00:00,702,710,https://mpbd.cu.ac.bd/details.php?id=710,FETCHED_LIVE,200,1.42,SUCCESS,,
2026-09-24T18:52:55.586062+00:00,703,711,https://mpbd.cu.ac.bd/details.php?id=711,FETCHED_LIVE,200,1.07,SUCCESS,encoding_loss_suspected,
2026-09-24T18:52:57.105469+00:00,704,712,https://mpbd.cu.ac.bd/details.php?id=712,FETCHED_LIVE,200,1.51,SUCCESS,encoding_loss_suspected,
2026-09-24T18:52:58.605701+00:00,705,713,https://mpbd.cu.ac.bd/details.php?id=713,FETCHED_LIVE,200,1.49,SUCCESS,encoding_loss_suspected,
2026-09-24T18:53:00.047585+00:00,706,714,https://mpbd.cu.ac.bd/details.php?id=714,FETCHED_LIVE,200,1.44,SUCCESS,,
2026-09-24T18:53:01.387931+00:00,707,715,https://mpbd.cu.ac.bd/details.php?id=715,FETCHED_LIVE,200,1.33,SUCCESS,,
2026-09-24T18:53:02.545186+00:00,708,716,https://mpbd.cu.ac.bd/details.php?id=716,FETCHED_LIVE,200,1.15,SUCCESS,,
2026-09-24T18:53:03.607020+00:00,709,717,https://mpbd.cu.ac.bd/details.php?id=717,FETCHED_LIVE,200,1.05,SUCCESS,,
2026-09-24T18:53:04.844594+00:00,710,718,https://mpbd.cu.ac.bd/details.php?id=718,FETCHED_LIVE,200,1.23,SUCCESS,,
2026-09-24T18:53:06.097612+00:00,711,719,https://mpbd.cu.ac.bd/details.php?id=719,FETCHED_LIVE,200,1.24,SUCCESS,,
2026-09-24T18:53:07.417594+00:00,712,720,https://mpbd.cu.ac.bd/details.php?id=720,FETCHED_LIVE,200,1.31,SUCCESS,encoding_loss_suspected,
2026-09-24T18:53:08.698094+00:00,713,721,https://mpbd.cu.ac.bd/details.php?id=721,FETCHED_LIVE,200,1.27,SUCCESS,,
2026-09-24T18:53:09.892959+00:00,714,722,https://mpbd.cu.ac.bd/details.php?id=722,FETCHED_LIVE,200,1.19,SUCCESS,,
2026-09-24T18:53:10.950339+00:00,715,723,https://mpbd.cu.ac.bd/details.php?id=723,FETCHED_LIVE,200,1.05,SUCCESS,,
2026-09-24T18:53:12.109168+00:00,716,724,https://mpbd.cu.ac.bd/details.php?id=724,FETCHED_LIVE,200,1.15,SUCCESS,encoding_loss_suspected,
2026-09-24T18:53:13.438762+00:00,717,725,https://mpbd.cu.ac.bd/details.php?id=725,FETCHED_LIVE,200,1.32,SUCCESS,,
2026-09-24T18:53:14.805331+00:00,718,726,https://mpbd.cu.ac.bd/details.php?id=726,FETCHED_LIVE,200,1.36,SUCCESS,encoding_loss_suspected,
2026-09-24T18:53:15.929038+00:00,719,727,https://mpbd.cu.ac.bd/details.php?id=727,FETCHED_LIVE,200,1.12,SUCCESS,,
2026-09-24T18:53:17.419381+00:00,720,728,https://mpbd.cu.ac.bd/details.php?id=728,FETCHED_LIVE,200,1.48,SUCCESS,encoding_loss_suspected,
2026-09-24T18:53:18.914478+00:00,721,729,https://mpbd.cu.ac.bd/details.php?id=729,FETCHED_LIVE,200,1.49,SUCCESS,,
2026-09-24T18:53:20.381157+00:00,722,730,https://mpbd.cu.ac.bd/details.php?id=730,FETCHED_LIVE,200,1.46,SUCCESS,,
2026-09-24T18:53:21.439409+00:00,723,731,https://mpbd.cu.ac.bd/details.php?id=731,FETCHED_LIVE,200,1.05,SUCCESS,,
2026-09-24T18:53:22.698571+00:00,724,732,https://mpbd.cu.ac.bd/details.php?id=732,FETCHED_LIVE,200,1.25,SUCCESS,encoding_loss_suspected,
2026-09-24T18:53:24.048602+00:00,725,733,https://mpbd.cu.ac.bd/details.php?id=733,FETCHED_LIVE,200,1.34,SUCCESS,,
2026-09-24T18:53:25.475395+00:00,726,734,https://mpbd.cu.ac.bd/details.php?id=734,FETCHED_LIVE,200,1.42,SUCCESS,encoding_loss_suspected,
2026-09-24T18:53:26.556170+00:00,727,735,https://mpbd.cu.ac.bd/details.php?id=735,FETCHED_LIVE,200,1.07,SUCCESS,,
2026-09-24T18:53:27.886767+00:00,728,736,https://mpbd.cu.ac.bd/details.php?id=736,FETCHED_LIVE,200,1.32,SUCCESS,,
2026-09-24T18:53:29.282616+00:00,729,737,https://mpbd.cu.ac.bd/details.php?id=737,FETCHED_LIVE,200,1.39,SUCCESS,,
2026-09-24T18:53:30.810190+00:00,730,738,https://mpbd.cu.ac.bd/details.php?id=738,FETCHED_LIVE,200,1.52,SUCCESS,encoding_loss_suspected,
2026-09-24T18:53:31.917095+00:00,731,739,https://mpbd.cu.ac.bd/details.php?id=739,FETCHED_LIVE,200,1.10,SUCCESS,encoding_loss_suspected,
2026-09-24T18:53:32.957006+00:00,732,740,https://mpbd.cu.ac.bd/details.php?id=740,FETCHED_LIVE,200,1.03,SUCCESS,,
2026-09-24T18:53:34.325342+00:00,733,741,https://mpbd.cu.ac.bd/details.php?id=741,FETCHED_LIVE,200,1.36,SUCCESS,,
2026-09-24T18:53:35.521686+00:00,734,742,https://mpbd.cu.ac.bd/details.php?id=742,FETCHED_LIVE,200,1.19,SUCCESS,encoding_loss_suspected,
2026-09-24T18:53:36.752126+00:00,735,743,https://mpbd.cu.ac.bd/details.php?id=743,FETCHED_LIVE,200,1.22,SUCCESS,,
2026-09-24T18:53:36.759334+00:00,736,744,https://mpbd.cu.ac.bd/details.php?id=744,CACHE_HIT,200,0.00,SUCCESS,,
2026-09-24T18:53:38.027187+00:00,737,745,https://mpbd.cu.ac.bd/details.php?id=745,FETCHED_LIVE,200,1.26,SUCCESS,,
2026-09-24T18:53:39.120980+00:00,738,746,https://mpbd.cu.ac.bd/details.php?id=746,FETCHED_LIVE,200,1.09,SUCCESS,,
2026-09-24T18:53:40.348217+00:00,739,747,https://mpbd.cu.ac.bd/details.php?id=747,FETCHED_LIVE,200,1.22,SUCCESS,encoding_loss_suspected,
2026-09-24T18:53:41.405781+00:00,740,748,https://mpbd.cu.ac.bd/details.php?id=748,FETCHED_LIVE,200,1.05,SUCCESS,encoding_loss_suspected,
2026-09-24T18:53:42.467630+00:00,741,749,https://mpbd.cu.ac.bd/details.php?id=749,FETCHED_LIVE,200,1.05,SUCCESS,,
2026-09-24T18:53:43.605073+00:00,742,750,https://mpbd.cu.ac.bd/details.php?id=750,FETCHED_LIVE,200,1.13,SUCCESS,,
2026-09-24T18:53:44.895996+00:00,743,751,https://mpbd.cu.ac.bd/details.php?id=751,FETCHED_LIVE,200,1.28,SUCCESS,,
2026-09-24T18:53:46.134605+00:00,744,752,https://mpbd.cu.ac.bd/details.php?id=752,FETCHED_LIVE,200,1.23,SUCCESS,encoding_loss_suspected,
2026-09-24T18:53:47.352302+00:00,745,753,https://mpbd.cu.ac.bd/details.php?id=753,FETCHED_LIVE,200,1.21,SUCCESS,,
2026-09-24T18:53:48.755954+00:00,746,754,https://mpbd.cu.ac.bd/details.php?id=754,FETCHED_LIVE,200,1.40,SUCCESS,,
2026-09-24T18:53:49.913295+00:00,747,755,https://mpbd.cu.ac.bd/details.php?id=755,FETCHED_LIVE,200,1.15,SUCCESS,,
2026-09-24T18:53:51.334623+00:00,748,756,https://mpbd.cu.ac.bd/details.php?id=756,FETCHED_LIVE,200,1.41,SUCCESS,,
2026-09-24T18:53:52.601674+00:00,749,757,https://mpbd.cu.ac.bd/details.php?id=757,FETCHED_LIVE,200,1.26,SUCCESS,,
2026-09-24T18:53:54.097828+00:00,750,758,https://mpbd.cu.ac.bd/details.php?id=758,FETCHED_LIVE,200,1.49,SUCCESS,encoding_loss_suspected,
2026-09-24T18:53:55.249344+00:00,751,759,https://mpbd.cu.ac.bd/details.php?id=759,FETCHED_LIVE,200,1.14,SUCCESS,encoding_loss_suspected,
2026-09-24T18:53:56.534436+00:00,752,760,https://mpbd.cu.ac.bd/details.php?id=760,FETCHED_LIVE,200,1.28,SUCCESS,,
2026-09-24T18:53:57.863063+00:00,753,761,https://mpbd.cu.ac.bd/details.php?id=761,FETCHED_LIVE,200,1.32,SUCCESS,,
2026-09-24T18:53:59.273962+00:00,754,762,https://mpbd.cu.ac.bd/details.php?id=762,FETCHED_LIVE,200,1.40,SUCCESS,encoding_loss_suspected,
2026-09-24T18:54:00.798235+00:00,755,763,https://mpbd.cu.ac.bd/details.php?id=763,FETCHED_LIVE,200,1.52,SUCCESS,,
2026-09-24T18:54:02.010124+00:00,756,764,https://mpbd.cu.ac.bd/details.php?id=764,FETCHED_LIVE,200,1.20,SUCCESS,,
2026-09-24T18:54:03.369468+00:00,757,765,https://mpbd.cu.ac.bd/details.php?id=765,FETCHED_LIVE,200,1.35,SUCCESS,encoding_loss_suspected,
2026-09-24T18:54:04.781855+00:00,758,766,https://mpbd.cu.ac.bd/details.php?id=766,FETCHED_LIVE,200,1.40,SUCCESS,,
2026-09-24T18:54:06.042482+00:00,759,767,https://mpbd.cu.ac.bd/details.php?id=767,FETCHED_LIVE,200,1.25,SUCCESS,,
2026-09-24T18:54:07.342094+00:00,760,768,https://mpbd.cu.ac.bd/details.php?id=768,FETCHED_LIVE,200,1.29,SUCCESS,,
2026-09-24T18:54:08.701224+00:00,761,769,https://mpbd.cu.ac.bd/details.php?id=769,FETCHED_LIVE,200,1.35,SUCCESS,,
2026-09-24T18:54:10.053017+00:00,762,770,https://mpbd.cu.ac.bd/details.php?id=770,FETCHED_LIVE,200,1.35,SUCCESS,encoding_loss_suspected,
2026-09-24T18:54:11.401349+00:00,763,771,https://mpbd.cu.ac.bd/details.php?id=771,FETCHED_LIVE,200,1.34,SUCCESS,,
2026-09-24T18:54:12.818714+00:00,764,772,https://mpbd.cu.ac.bd/details.php?id=772,FETCHED_LIVE,200,1.41,SUCCESS,,
2026-09-24T18:54:14.084192+00:00,765,773,https://mpbd.cu.ac.bd/details.php?id=773,FETCHED_LIVE,200,1.26,SUCCESS,encoding_loss_suspected,
2026-09-24T18:54:15.155836+00:00,766,774,https://mpbd.cu.ac.bd/details.php?id=774,FETCHED_LIVE,200,1.06,SUCCESS,,
2026-09-24T18:54:16.658940+00:00,767,775,https://mpbd.cu.ac.bd/details.php?id=775,FETCHED_LIVE,200,1.50,SUCCESS,,
2026-09-24T18:54:17.859074+00:00,768,776,https://mpbd.cu.ac.bd/details.php?id=776,FETCHED_LIVE,200,1.19,SUCCESS,,
2026-09-24T18:54:19.190989+00:00,769,777,https://mpbd.cu.ac.bd/details.php?id=777,FETCHED_LIVE,200,1.33,SUCCESS,,
2026-09-24T18:54:20.499680+00:00,770,778,https://mpbd.cu.ac.bd/details.php?id=778,FETCHED_LIVE,200,1.30,SUCCESS,encoding_loss_suspected,
2026-09-24T18:54:21.770339+00:00,771,779,https://mpbd.cu.ac.bd/details.php?id=779,FETCHED_LIVE,200,1.26,SUCCESS,,
2026-09-24T18:54:23.039727+00:00,772,780,https://mpbd.cu.ac.bd/details.php?id=780,FETCHED_LIVE,200,1.26,SUCCESS,,
2026-09-24T18:54:24.398845+00:00,773,781,https://mpbd.cu.ac.bd/details.php?id=781,FETCHED_LIVE,200,1.35,SUCCESS,,
2026-09-24T18:54:25.736449+00:00,774,782,https://mpbd.cu.ac.bd/details.php?id=782,FETCHED_LIVE,200,1.33,SUCCESS,encoding_loss_suspected,
2026-09-24T18:54:26.795056+00:00,775,783,https://mpbd.cu.ac.bd/details.php?id=783,FETCHED_LIVE,200,1.05,SUCCESS,,
2026-09-24T18:54:27.951845+00:00,776,784,https://mpbd.cu.ac.bd/details.php?id=784,FETCHED_LIVE,200,1.15,SUCCESS,encoding_loss_suspected,
2026-09-24T18:54:29.195220+00:00,777,785,https://mpbd.cu.ac.bd/details.php?id=785,FETCHED_LIVE,200,1.24,SUCCESS,encoding_loss_suspected,
2026-09-24T18:54:30.708048+00:00,778,786,https://mpbd.cu.ac.bd/details.php?id=786,FETCHED_LIVE,200,1.51,SUCCESS,,
2026-09-24T18:54:32.039956+00:00,779,787,https://mpbd.cu.ac.bd/details.php?id=787,FETCHED_LIVE,200,1.32,SUCCESS,,
2026-09-24T18:54:33.195443+00:00,780,788,https://mpbd.cu.ac.bd/details.php?id=788,FETCHED_LIVE,200,1.15,SUCCESS,,
2026-09-24T18:54:34.476285+00:00,781,789,https://mpbd.cu.ac.bd/details.php?id=789,FETCHED_LIVE,200,1.27,SUCCESS,encoding_loss_suspected,
2026-09-24T18:54:35.827184+00:00,782,790,https://mpbd.cu.ac.bd/details.php?id=790,FETCHED_LIVE,200,1.34,SUCCESS,,
2026-09-24T18:54:36.884693+00:00,783,791,https://mpbd.cu.ac.bd/details.php?id=791,FETCHED_LIVE,200,1.05,SUCCESS,,
2026-09-24T18:54:38.039406+00:00,784,792,https://mpbd.cu.ac.bd/details.php?id=792,FETCHED_LIVE,200,1.15,SUCCESS,,
2026-09-24T18:54:39.297586+00:00,785,793,https://mpbd.cu.ac.bd/details.php?id=793,FETCHED_LIVE,200,1.25,SUCCESS,,
2026-09-24T18:54:40.511892+00:00,786,794,https://mpbd.cu.ac.bd/details.php?id=794,FETCHED_LIVE,200,1.21,SUCCESS,encoding_loss_suspected,
2026-09-24T18:54:41.748079+00:00,787,795,https://mpbd.cu.ac.bd/details.php?id=795,FETCHED_LIVE,200,1.23,SUCCESS,,
2026-09-24T18:54:43.177770+00:00,788,796,https://mpbd.cu.ac.bd/details.php?id=796,FETCHED_LIVE,200,1.42,SUCCESS,encoding_loss_suspected,
2026-09-24T18:54:44.295134+00:00,789,797,https://mpbd.cu.ac.bd/details.php?id=797,FETCHED_LIVE,200,1.11,SUCCESS,,
2026-09-24T18:54:45.545148+00:00,790,798,https://mpbd.cu.ac.bd/details.php?id=798,FETCHED_LIVE,200,1.24,SUCCESS,,
2026-09-24T18:54:46.714731+00:00,791,799,https://mpbd.cu.ac.bd/details.php?id=799,FETCHED_LIVE,200,1.16,SUCCESS,encoding_loss_suspected,
2026-09-24T18:54:47.996401+00:00,792,800,https://mpbd.cu.ac.bd/details.php?id=800,FETCHED_LIVE,200,1.27,SUCCESS,,
2026-09-24T18:54:49.431042+00:00,793,801,https://mpbd.cu.ac.bd/details.php?id=801,FETCHED_LIVE,200,1.43,SUCCESS,,
2026-09-24T18:54:50.645625+00:00,794,802,https://mpbd.cu.ac.bd/details.php?id=802,FETCHED_LIVE,200,1.21,SUCCESS,,
2026-09-24T18:54:52.057520+00:00,795,803,https://mpbd.cu.ac.bd/details.php?id=803,FETCHED_LIVE,200,1.40,SUCCESS,,
2026-09-24T18:54:53.501382+00:00,796,804,https://mpbd.cu.ac.bd/details.php?id=804,FETCHED_LIVE,200,1.44,SUCCESS,,
2026-09-24T18:54:54.586665+00:00,797,805,https://mpbd.cu.ac.bd/details.php?id=805,FETCHED_LIVE,200,1.08,SUCCESS,,
2026-09-24T18:54:55.899734+00:00,798,806,https://mpbd.cu.ac.bd/details.php?id=806,FETCHED_LIVE,200,1.31,SUCCESS,encoding_loss_suspected,
2026-09-24T18:54:57.354781+00:00,799,807,https://mpbd.cu.ac.bd/details.php?id=807,FETCHED_LIVE,200,1.45,SUCCESS,,
2026-09-24T18:54:58.808303+00:00,800,808,https://mpbd.cu.ac.bd/details.php?id=808,FETCHED_LIVE,200,1.44,SUCCESS,,
2026-09-24T18:55:00.265650+00:00,801,809,https://mpbd.cu.ac.bd/details.php?id=809,FETCHED_LIVE,200,1.45,SUCCESS,,
2026-09-24T18:55:01.733590+00:00,802,810,https://mpbd.cu.ac.bd/details.php?id=810,FETCHED_LIVE,200,1.46,SUCCESS,,
2026-09-24T18:55:03.095532+00:00,803,811,https://mpbd.cu.ac.bd/details.php?id=811,FETCHED_LIVE,200,1.35,SUCCESS,,
2026-09-24T18:55:04.214528+00:00,804,812,https://mpbd.cu.ac.bd/details.php?id=812,FETCHED_LIVE,200,1.11,SUCCESS,,
2026-09-24T18:55:05.658879+00:00,805,813,https://mpbd.cu.ac.bd/details.php?id=813,FETCHED_LIVE,200,1.44,SUCCESS,,
2026-09-24T18:55:06.727745+00:00,806,814,https://mpbd.cu.ac.bd/details.php?id=814,FETCHED_LIVE,200,1.06,SUCCESS,,
2026-09-24T18:55:08.123815+00:00,807,815,https://mpbd.cu.ac.bd/details.php?id=815,FETCHED_LIVE,200,1.39,SUCCESS,,
2026-09-24T18:55:09.430945+00:00,808,816,https://mpbd.cu.ac.bd/details.php?id=816,FETCHED_LIVE,200,1.30,SUCCESS,,
2026-09-24T18:55:10.473497+00:00,809,817,https://mpbd.cu.ac.bd/details.php?id=817,FETCHED_LIVE,200,1.03,SUCCESS,,
2026-09-24T18:55:11.873847+00:00,810,818,https://mpbd.cu.ac.bd/details.php?id=818,FETCHED_LIVE,200,1.39,SUCCESS,,
2026-09-24T18:55:13.261939+00:00,811,819,https://mpbd.cu.ac.bd/details.php?id=819,FETCHED_LIVE,200,1.38,SUCCESS,,
2026-09-24T18:55:14.649542+00:00,812,820,https://mpbd.cu.ac.bd/details.php?id=820,FETCHED_LIVE,200,1.38,SUCCESS,,
2026-09-24T18:55:15.697836+00:00,813,821,https://mpbd.cu.ac.bd/details.php?id=821,FETCHED_LIVE,200,1.04,SUCCESS,,
2026-09-24T18:55:16.948191+00:00,814,822,https://mpbd.cu.ac.bd/details.php?id=822,FETCHED_LIVE,200,1.24,SUCCESS,,
2026-09-24T18:55:18.364837+00:00,815,823,https://mpbd.cu.ac.bd/details.php?id=823,FETCHED_LIVE,200,1.41,SUCCESS,,
2026-09-24T18:55:19.652248+00:00,816,824,https://mpbd.cu.ac.bd/details.php?id=824,FETCHED_LIVE,200,1.28,SUCCESS,,
2026-09-24T18:55:21.121522+00:00,817,825,https://mpbd.cu.ac.bd/details.php?id=825,FETCHED_LIVE,200,1.46,SUCCESS,,
2026-09-24T18:55:22.164309+00:00,818,826,https://mpbd.cu.ac.bd/details.php?id=826,FETCHED_LIVE,200,1.04,SUCCESS,,
2026-09-24T18:55:23.297633+00:00,819,827,https://mpbd.cu.ac.bd/details.php?id=827,FETCHED_LIVE,200,1.13,SUCCESS,,
2026-09-24T18:55:24.538478+00:00,820,829,https://mpbd.cu.ac.bd/details.php?id=829,FETCHED_LIVE,200,1.23,SUCCESS,,
2026-09-24T18:55:26.053797+00:00,821,830,https://mpbd.cu.ac.bd/details.php?id=830,FETCHED_LIVE,200,1.51,SUCCESS,,
2026-09-24T18:55:27.462787+00:00,822,831,https://mpbd.cu.ac.bd/details.php?id=831,FETCHED_LIVE,200,1.40,SUCCESS,,
2026-09-24T18:55:28.573466+00:00,823,832,https://mpbd.cu.ac.bd/details.php?id=832,FETCHED_LIVE,200,1.10,SUCCESS,,
2026-09-24T18:55:29.818778+00:00,824,833,https://mpbd.cu.ac.bd/details.php?id=833,FETCHED_LIVE,200,1.24,SUCCESS,,
2026-09-24T18:55:31.089853+00:00,825,834,https://mpbd.cu.ac.bd/details.php?id=834,FETCHED_LIVE,200,1.26,SUCCESS,,
2026-09-24T18:55:32.178262+00:00,826,835,https://mpbd.cu.ac.bd/details.php?id=835,FETCHED_LIVE,200,1.08,SUCCESS,,
2026-09-24T18:55:33.569422+00:00,827,836,https://mpbd.cu.ac.bd/details.php?id=836,FETCHED_LIVE,200,1.38,SUCCESS,,
2026-09-24T18:55:34.742940+00:00,828,837,https://mpbd.cu.ac.bd/details.php?id=837,FETCHED_LIVE,200,1.16,SUCCESS,,
2026-09-24T18:55:36.248928+00:00,829,838,https://mpbd.cu.ac.bd/details.php?id=838,FETCHED_LIVE,200,1.50,SUCCESS,,
2026-09-24T18:55:37.322548+00:00,830,839,https://mpbd.cu.ac.bd/details.php?id=839,FETCHED_LIVE,200,1.07,SUCCESS,,
2026-09-24T18:55:38.578309+00:00,831,840,https://mpbd.cu.ac.bd/details.php?id=840,FETCHED_LIVE,200,1.25,SUCCESS,,
2026-09-24T18:55:39.836912+00:00,832,841,https://mpbd.cu.ac.bd/details.php?id=841,FETCHED_LIVE,200,1.25,SUCCESS,,
2026-09-24T18:55:40.995050+00:00,833,842,https://mpbd.cu.ac.bd/details.php?id=842,FETCHED_LIVE,200,1.15,SUCCESS,,
2026-09-24T18:55:42.318557+00:00,834,843,https://mpbd.cu.ac.bd/details.php?id=843,FETCHED_LIVE,200,1.32,SUCCESS,,
2026-09-24T18:55:43.507558+00:00,835,844,https://mpbd.cu.ac.bd/details.php?id=844,FETCHED_LIVE,200,1.18,SUCCESS,,
2026-09-24T18:55:44.743198+00:00,836,845,https://mpbd.cu.ac.bd/details.php?id=845,FETCHED_LIVE,200,1.23,SUCCESS,,
2026-09-24T18:55:45.846986+00:00,837,846,https://mpbd.cu.ac.bd/details.php?id=846,FETCHED_LIVE,200,1.10,SUCCESS,,
2026-09-24T18:55:46.876155+00:00,838,847,https://mpbd.cu.ac.bd/details.php?id=847,FETCHED_LIVE,200,1.02,SUCCESS,,
2026-09-24T18:55:48.201643+00:00,839,848,https://mpbd.cu.ac.bd/details.php?id=848,FETCHED_LIVE,200,1.32,SUCCESS,,
2026-09-24T18:55:49.723140+00:00,840,849,https://mpbd.cu.ac.bd/details.php?id=849,FETCHED_LIVE,200,1.51,SUCCESS,,
2026-09-24T18:55:50.846192+00:00,841,850,https://mpbd.cu.ac.bd/details.php?id=850,FETCHED_LIVE,200,1.12,SUCCESS,,
2026-09-24T18:55:52.116726+00:00,842,851,https://mpbd.cu.ac.bd/details.php?id=851,FETCHED_LIVE,200,1.26,SUCCESS,,
2026-09-24T18:55:53.407842+00:00,843,852,https://mpbd.cu.ac.bd/details.php?id=852,FETCHED_LIVE,200,1.28,SUCCESS,,
2026-09-24T18:55:54.773539+00:00,844,853,https://mpbd.cu.ac.bd/details.php?id=853,FETCHED_LIVE,200,1.36,SUCCESS,,
2026-09-24T18:55:55.925865+00:00,845,854,https://mpbd.cu.ac.bd/details.php?id=854,FETCHED_LIVE,200,1.14,SUCCESS,,
2026-09-24T18:55:57.237058+00:00,846,855,https://mpbd.cu.ac.bd/details.php?id=855,FETCHED_LIVE,200,1.30,SUCCESS,,
2026-09-24T18:55:58.502495+00:00,847,856,https://mpbd.cu.ac.bd/details.php?id=856,FETCHED_LIVE,200,1.26,SUCCESS,,
2026-09-24T18:55:59.781791+00:00,848,857,https://mpbd.cu.ac.bd/details.php?id=857,FETCHED_LIVE,200,1.27,SUCCESS,,
2026-09-24T18:56:01.255337+00:00,849,858,https://mpbd.cu.ac.bd/details.php?id=858,FETCHED_LIVE,200,1.47,SUCCESS,,
2026-09-24T18:56:02.667631+00:00,850,859,https://mpbd.cu.ac.bd/details.php?id=859,FETCHED_LIVE,200,1.41,SUCCESS,,
2026-09-24T18:56:03.880628+00:00,851,860,https://mpbd.cu.ac.bd/details.php?id=860,FETCHED_LIVE,200,1.21,SUCCESS,,
2026-09-24T18:56:05.175882+00:00,852,861,https://mpbd.cu.ac.bd/details.php?id=861,FETCHED_LIVE,200,1.29,SUCCESS,,
2026-09-24T18:56:06.302063+00:00,853,862,https://mpbd.cu.ac.bd/details.php?id=862,FETCHED_LIVE,200,1.12,SUCCESS,,
2026-09-24T18:56:07.756586+00:00,854,863,https://mpbd.cu.ac.bd/details.php?id=863,FETCHED_LIVE,200,1.45,SUCCESS,,
2026-09-24T18:56:08.856227+00:00,855,864,https://mpbd.cu.ac.bd/details.php?id=864,FETCHED_LIVE,200,1.09,SUCCESS,,
2026-09-24T18:56:09.879811+00:00,856,865,https://mpbd.cu.ac.bd/details.php?id=865,FETCHED_LIVE,200,1.02,SUCCESS,,
2026-09-24T18:56:11.296856+00:00,857,866,https://mpbd.cu.ac.bd/details.php?id=866,FETCHED_LIVE,200,1.41,SUCCESS,,
2026-09-24T18:56:12.665359+00:00,858,867,https://mpbd.cu.ac.bd/details.php?id=867,FETCHED_LIVE,200,1.36,SUCCESS,,
2026-09-24T18:56:14.175955+00:00,859,868,https://mpbd.cu.ac.bd/details.php?id=868,FETCHED_LIVE,200,1.50,SUCCESS,,
2026-09-24T18:56:15.302101+00:00,860,869,https://mpbd.cu.ac.bd/details.php?id=869,FETCHED_LIVE,200,1.12,SUCCESS,,
2026-09-24T18:56:16.684160+00:00,861,870,https://mpbd.cu.ac.bd/details.php?id=870,FETCHED_LIVE,200,1.37,SUCCESS,encoding_loss_suspected,
2026-09-24T18:56:17.861720+00:00,862,871,https://mpbd.cu.ac.bd/details.php?id=871,FETCHED_LIVE,200,1.17,SUCCESS,,
2026-09-24T18:56:19.312032+00:00,863,872,https://mpbd.cu.ac.bd/details.php?id=872,FETCHED_LIVE,200,1.44,SUCCESS,encoding_loss_suspected,
2026-09-24T18:56:20.512077+00:00,864,873,https://mpbd.cu.ac.bd/details.php?id=873,FETCHED_LIVE,200,1.19,SUCCESS,,
2026-09-24T18:56:21.758060+00:00,865,874,https://mpbd.cu.ac.bd/details.php?id=874,FETCHED_LIVE,200,1.24,SUCCESS,,
2026-09-24T18:56:23.235586+00:00,866,875,https://mpbd.cu.ac.bd/details.php?id=875,FETCHED_LIVE,200,1.47,SUCCESS,encoding_loss_suspected,
2026-09-24T18:56:24.497980+00:00,867,876,https://mpbd.cu.ac.bd/details.php?id=876,FETCHED_LIVE,200,1.25,SUCCESS,,
2026-09-24T18:56:25.595436+00:00,868,877,https://mpbd.cu.ac.bd/details.php?id=877,FETCHED_LIVE,200,1.08,SUCCESS,encoding_loss_suspected,
2026-09-24T18:56:26.688773+00:00,869,878,https://mpbd.cu.ac.bd/details.php?id=878,FETCHED_LIVE,200,1.09,SUCCESS,,
2026-09-24T18:56:28.009534+00:00,870,879,https://mpbd.cu.ac.bd/details.php?id=879,FETCHED_LIVE,200,1.31,SUCCESS,,
2026-09-24T18:56:29.219811+00:00,871,880,https://mpbd.cu.ac.bd/details.php?id=880,FETCHED_LIVE,200,1.20,SUCCESS,,
2026-09-24T18:56:30.381795+00:00,872,881,https://mpbd.cu.ac.bd/details.php?id=881,FETCHED_LIVE,200,1.16,SUCCESS,encoding_loss_suspected,
2026-09-24T18:56:31.777724+00:00,873,882,https://mpbd.cu.ac.bd/details.php?id=882,FETCHED_LIVE,200,1.39,SUCCESS,encoding_loss_suspected,
2026-09-24T18:56:33.133833+00:00,874,883,https://mpbd.cu.ac.bd/details.php?id=883,FETCHED_LIVE,200,1.35,SUCCESS,,
2026-09-24T18:56:34.330027+00:00,875,884,https://mpbd.cu.ac.bd/details.php?id=884,FETCHED_LIVE,200,1.19,SUCCESS,encoding_loss_suspected,
2026-09-24T18:56:35.659452+00:00,876,885,https://mpbd.cu.ac.bd/details.php?id=885,FETCHED_LIVE,200,1.32,SUCCESS,,
2026-09-24T18:56:36.964969+00:00,877,886,https://mpbd.cu.ac.bd/details.php?id=886,FETCHED_LIVE,200,1.30,SUCCESS,encoding_loss_suspected,
2026-09-24T18:56:38.250098+00:00,878,887,https://mpbd.cu.ac.bd/details.php?id=887,FETCHED_LIVE,200,1.28,SUCCESS,,
2026-09-24T18:56:39.764709+00:00,879,888,https://mpbd.cu.ac.bd/details.php?id=888,FETCHED_LIVE,200,1.51,SUCCESS,,
2026-09-24T18:56:41.287680+00:00,880,889,https://mpbd.cu.ac.bd/details.php?id=889,FETCHED_LIVE,200,1.52,SUCCESS,,
2026-09-24T18:56:42.430075+00:00,881,890,https://mpbd.cu.ac.bd/details.php?id=890,FETCHED_LIVE,200,1.14,SUCCESS,,
2026-09-24T18:56:43.586520+00:00,882,891,https://mpbd.cu.ac.bd/details.php?id=891,FETCHED_LIVE,200,1.15,SUCCESS,encoding_loss_suspected,
2026-09-24T18:56:44.956693+00:00,883,892,https://mpbd.cu.ac.bd/details.php?id=892,FETCHED_LIVE,200,1.36,SUCCESS,encoding_loss_suspected,
2026-09-24T18:56:46.119281+00:00,884,893,https://mpbd.cu.ac.bd/details.php?id=893,FETCHED_LIVE,200,1.15,SUCCESS,,
2026-09-24T18:56:47.582539+00:00,885,894,https://mpbd.cu.ac.bd/details.php?id=894,FETCHED_LIVE,200,1.46,SUCCESS,,
2026-09-24T18:56:48.857337+00:00,886,895,https://mpbd.cu.ac.bd/details.php?id=895,FETCHED_LIVE,200,1.27,SUCCESS,,
2026-09-24T18:56:50.295497+00:00,887,896,https://mpbd.cu.ac.bd/details.php?id=896,FETCHED_LIVE,200,1.43,SUCCESS,,
2026-09-24T18:56:51.650672+00:00,888,897,https://mpbd.cu.ac.bd/details.php?id=897,FETCHED_LIVE,200,1.35,SUCCESS,,
2026-09-24T18:56:52.957267+00:00,889,898,https://mpbd.cu.ac.bd/details.php?id=898,FETCHED_LIVE,200,1.30,SUCCESS,,
2026-09-24T18:56:54.396096+00:00,890,899,https://mpbd.cu.ac.bd/details.php?id=899,FETCHED_LIVE,200,1.43,SUCCESS,,
2026-09-24T18:56:55.906685+00:00,891,900,https://mpbd.cu.ac.bd/details.php?id=900,FETCHED_LIVE,200,1.50,SUCCESS,,
2026-09-24T18:56:57.361476+00:00,892,901,https://mpbd.cu.ac.bd/details.php?id=901,FETCHED_LIVE,200,1.45,SUCCESS,,
2026-09-24T18:56:58.459779+00:00,893,902,https://mpbd.cu.ac.bd/details.php?id=902,FETCHED_LIVE,200,1.09,SUCCESS,,
2026-09-24T18:56:59.634253+00:00,894,903,https://mpbd.cu.ac.bd/details.php?id=903,FETCHED_LIVE,200,1.17,SUCCESS,,
2026-09-24T18:57:00.918405+00:00,895,904,https://mpbd.cu.ac.bd/details.php?id=904,FETCHED_LIVE,200,1.28,SUCCESS,,
2026-09-24T18:57:01.996317+00:00,896,905,https://mpbd.cu.ac.bd/details.php?id=905,FETCHED_LIVE,200,1.07,SUCCESS,,
2026-09-24T18:57:03.402923+00:00,897,906,https://mpbd.cu.ac.bd/details.php?id=906,FETCHED_LIVE,200,1.40,SUCCESS,,
2026-09-24T18:57:04.494254+00:00,898,907,https://mpbd.cu.ac.bd/details.php?id=907,FETCHED_LIVE,200,1.08,SUCCESS,,
2026-09-24T18:57:06.001674+00:00,899,908,https://mpbd.cu.ac.bd/details.php?id=908,FETCHED_LIVE,200,1.50,SUCCESS,,
2026-09-24T18:57:07.311673+00:00,900,909,https://mpbd.cu.ac.bd/details.php?id=909,FETCHED_LIVE,200,1.30,SUCCESS,,
2026-09-24T18:57:08.346595+00:00,901,910,https://mpbd.cu.ac.bd/details.php?id=910,FETCHED_LIVE,200,1.03,SUCCESS,encoding_loss_suspected,
2026-09-24T18:57:09.528406+00:00,902,911,https://mpbd.cu.ac.bd/details.php?id=911,FETCHED_LIVE,200,1.17,SUCCESS,encoding_loss_suspected,
2026-09-24T18:57:10.753410+00:00,903,912,https://mpbd.cu.ac.bd/details.php?id=912,FETCHED_LIVE,200,1.22,SUCCESS,,
2026-09-24T18:57:12.166548+00:00,904,913,https://mpbd.cu.ac.bd/details.php?id=913,FETCHED_LIVE,200,1.41,SUCCESS,encoding_loss_suspected,
2026-09-24T18:57:13.639345+00:00,905,914,https://mpbd.cu.ac.bd/details.php?id=914,FETCHED_LIVE,200,1.47,SUCCESS,,
2026-09-24T18:57:15.150812+00:00,906,915,https://mpbd.cu.ac.bd/details.php?id=915,FETCHED_LIVE,200,1.50,SUCCESS,encoding_loss_suspected,
2026-09-24T18:57:16.557114+00:00,907,916,https://mpbd.cu.ac.bd/details.php?id=916,FETCHED_LIVE,200,1.40,SUCCESS,encoding_loss_suspected,
2026-09-24T18:57:17.851019+00:00,908,917,https://mpbd.cu.ac.bd/details.php?id=917,FETCHED_LIVE,200,1.29,SUCCESS,,
2026-09-24T18:57:19.242981+00:00,909,918,https://mpbd.cu.ac.bd/details.php?id=918,FETCHED_LIVE,200,1.39,SUCCESS,,
2026-09-24T18:57:20.501300+00:00,910,919,https://mpbd.cu.ac.bd/details.php?id=919,FETCHED_LIVE,200,1.25,SUCCESS,,
2026-09-24T18:57:21.635852+00:00,911,920,https://mpbd.cu.ac.bd/details.php?id=920,FETCHED_LIVE,200,1.13,SUCCESS,,
2026-09-24T18:57:22.875902+00:00,912,921,https://mpbd.cu.ac.bd/details.php?id=921,FETCHED_LIVE,200,1.23,SUCCESS,,
2026-09-24T18:57:24.387222+00:00,913,922,https://mpbd.cu.ac.bd/details.php?id=922,FETCHED_LIVE,200,1.50,SUCCESS,,
2026-09-24T18:57:25.503730+00:00,914,923,https://mpbd.cu.ac.bd/details.php?id=923,FETCHED_LIVE,200,1.11,SUCCESS,,
2026-09-24T18:57:26.617564+00:00,915,924,https://mpbd.cu.ac.bd/details.php?id=924,FETCHED_LIVE,200,1.11,SUCCESS,,
2026-09-24T18:57:26.624624+00:00,916,925,https://mpbd.cu.ac.bd/details.php?id=925,CACHE_HIT,200,0.00,SUCCESS,,
