request_url,cache_file,http_status,retrieved_at,content_hash,content_type
https://bmppd.org/bmppd_result/?q=Piper+betle+L.,9de73d9936d8cadbc753c98d.html,200,2026-09-23T08:25:25.754666+00:00,345d9564443004ae4667e3b639b125978a0c2cd77476b52f521104c8f46806f4,text/html; charset=utf-8
https://bmppd.org/bmppd_result/?q=Piper+cubeba+Vahl,2787a7856695ad5a65243e75.html,200,2026-09-23T08:25:28.352593+00:00,6dce60b961f8a142eae595665b25a23db0fce3f6689f5fe2ee53022a75414600,text/html; charset=utf-8
https://bmppd.org/bmppd_result/?q=Berberis+aristata+DC.,23b3f9c5bc6935805d5fb886.html,200,2026-09-23T08:25:30.177374+00:00,13a1e1270d81111bc1b843854c6d2832b53e6eb13c2473bd583d9ade01593c01,text/html; charset=utf-8
https://bmppd.org/bmppd_result/?q=Papaver+somniferum+L.,c5641d0097c9125217f27882.html,200,2026-09-23T08:25:32.004216+00:00,6dc4f707c3ec71e50f4933c82dfb85aabc978f5226637212a998ba8dc0f905bf,text/html; charset=utf-8
https://bmppd.org/bmppd_result/?q=Artocarpus+heterophyllus+Lam.,44651fdc49421c24c57a1f70.html,200,2026-09-23T08:25:33.832135+00:00,cdb5963e2d7f3df4db7b38ffb70c1f0c7101bef35137898ec3062a42d874c256,text/html; charset=utf-8
https://bmppd.org/bmppd_result/?q=Piper+betle,2ca1723dfccd8ba4b82dd715.html,200,2026-09-23T08:34:56.704752+00:00,832b9d884e48e9b1c64fc985c8d99c132af0003414227214536f68d88f38f720,text/html; charset=utf-8
https://bmppd.org/bmppd_result/?q=Piper+cubeba,e22918e952bfc00797c01ae3.html,200,2026-09-23T08:34:58.597544+00:00,6bef096e659dc26ba664c93940c2f561ac7c0eeb4ce55ff77fc2f5c606bcc048,text/html; charset=utf-8
https://bmppd.org/bmppd_result/?q=Berberis+aristata,1d9b7e4954973fe94da2a300.html,200,2026-09-23T08:35:00.480919+00:00,db903d6952b3a938bbb8dbcf804c192e7210ae9dee2f42bcac035256c0db0aec,text/html; charset=utf-8
https://bmppd.org/bmppd_result/?q=Papaver+somniferum,e4d925ec4ff26aaca8da0342.html,200,2026-09-23T08:35:02.341457+00:00,cb23828fc99f37d9bba984bdd2aae095570c1cb669d35770ecf330d2e6cec654,text/html; charset=utf-8
https://bmppd.org/bmppd_result/?q=Artocarpus+heterophyllus,3736325afeec7f9289ba7a52.html,200,2026-09-23T08:35:04.278472+00:00,8541be1421707b4e8a2d36b94dd48f442080711c9dbbf7aa052f68c04edf3043,text/html; charset=utf-8
https://bmppd.org/bmppd_result/?q=Ficus+racemosa+L.,1e6756985d6c19c3c820f575.html,200,2026-09-23T18:15:06.883965+00:00,7012f888c60ba3586b7ac034f12688f39b53ad7588f92c2cc9862e8e4916f912,text/html; charset=utf-8
https://bmppd.org/bmppd_result/?q=Ficus+racemosa,4dec2851c3149021f1876ea9.html,200,2026-09-23T18:15:09.591513+00:00,958a68295e5375f0fa802986558a7090b940b760d2e3aa1d80cc9f45db724268,text/html; charset=utf-8
https://bmppd.org/bmppd_result/?q=Morus+indica+L.,615e7f46dd332242fd618670.html,200,2026-09-23T18:15:11.716103+00:00,42ecdb37c05cdf77bd5bd7a6db48fe834fc0183c880cbd05f86f923b1c5fdb82,text/html; charset=utf-8
https://bmppd.org/bmppd_result/?q=Morus+indica,e460d84bfe5658b536a00b9d.html,200,2026-09-23T18:15:13.823003+00:00,cee7b5f0e364bd7601dde77b8d61bcfda3751d8ce83360afe0d2c5504c7cd175,text/html; charset=utf-8
https://bmppd.org/bmppd_result/?q=Juglans+regia+L.,7cf2e27e3bd7ec9e9077846c.html,200,2026-09-23T18:15:15.738942+00:00,7c9283e1deb5a62bedcde556e89a837a478f3ef2d5c65798e82f36944e483a0a,text/html; charset=utf-8
https://bmppd.org/bmppd_result/?q=Juglans+regia,d566ecf03e1ff972d374b12b.html,200,2026-09-23T18:15:17.613049+00:00,869463f7153d8b1d97f7ed84d90977cccefac521e3df5e870824a304100a451e,text/html; charset=utf-8
https://bmppd.org/bmppd_result/?q=Boerhavia+diffusa+L.,2e7bbbbdffe2fcea986fdeee.html,200,2026-09-23T18:15:19.563199+00:00,0ea0df4f28dd6549b0a4a74f0b3985dd56a569fdcab559303f2e5e122ad0adb7,text/html; charset=utf-8
https://bmppd.org/bmppd_result/?q=Boerhavia+diffusa,dbe32bf0feec97cd41e9a8ba.html,200,2026-09-23T18:15:21.460345+00:00,96edfbde78dccfc9e00eca212f839cd883a024116406d18ab1e66ea23c2695e9,text/html; charset=utf-8
https://bmppd.org/bmppd_result/?q=Boerhavia+repens+L.,c08f6602673e9a9d7241c4e6.html,200,2026-09-23T18:15:23.371546+00:00,7bfea27b586d6411e05c4c4699b311373f3bbedbadbd390ff6aa74fa4d77cafe,text/html; charset=utf-8
https://bmppd.org/bmppd_result/?q=Boerhavia+repens,a90c55b57cfccfd7741e7c5a.html,200,2026-09-23T18:15:25.266112+00:00,a16b2c8a306c620abf7cc6ccfcb33ec8aebd226bc5c414bb1b00e2afb6cc0c94,text/html; charset=utf-8
https://bmppd.org/bmppd_result/?q=Mirabilis+jalapa+L.,64cf9e89ea042e0f4a8635f7.html,200,2026-09-23T18:15:27.168536+00:00,714362ce01df86e868ef3c7b0d8b93709e626fb8f57259d0471a12b581b70570,text/html; charset=utf-8
https://bmppd.org/bmppd_result/?q=Mirabilis+jalapa,5fa779fccf0fbace86c04fff.html,200,2026-09-23T18:15:29.071992+00:00,6958e42004956f86411e8b34cb914f8c4b6a80d56c312c719cb28cf0e02d4ea6,text/html; charset=utf-8
https://bmppd.org/bmppd_result/?q=Opuntia+dellenii+%28Ker+Gawl.%29+Haw.,59583641fefeb8684c1fa382.html,200,2026-09-23T18:15:30.970723+00:00,dc6897bbacc4bf19daa91acd167bc4fd50b42adf7bd51e65e0309b5df2ed611f,text/html; charset=utf-8
https://bmppd.org/bmppd_result/?q=Opuntia+dellenii,1cee766535e88338e761bb64.html,200,2026-09-23T18:15:32.864883+00:00,889a29b79572fb7ec6571017c93b0e7fd3e2990363e8e30fdd2c3f342f93f03e,text/html; charset=utf-8
https://bmppd.org/bmppd_result/?q=Achyranthes+aspera+L.,f0fb0ed426ec0c4a8f05aa01.html,200,2026-09-23T18:15:34.984132+00:00,85d337f45e702df4e9e0ee908ad94176112fbfc3af369f2550a11e1e7bd5a64b,text/html; charset=utf-8
https://bmppd.org/bmppd_result/?q=Achyranthes+aspera,f06e1ab192f6cd9693d5180c.html,200,2026-09-23T18:15:36.884586+00:00,ea34e1e2fc6b97bb1954ddc3907b08401b082f638cf428922f3b945c49105d42,text/html; charset=utf-8
https://bmppd.org/bmppd_result/?q=Plumbago+indica+L.,987735da2e6fef273e218c4f.html,200,2026-09-23T18:15:38.793227+00:00,5c05b4049f3eecccb771ba1c88eb8661631f83e1d96321a5594353c06b8aec59,text/html; charset=utf-8
https://bmppd.org/bmppd_result/?q=Plumbago+indica,aff7991fa3bf87bc221084b7.html,200,2026-09-23T18:15:40.692474+00:00,dd4d479ce8960e8912de2bbffdc5167a38a82edec3735f5346554ea9ce888500,text/html; charset=utf-8
https://bmppd.org/bmppd_result/?q=Vateria+indica+L.,0c8a6d10a457fcb5ffe95eeb.html,200,2026-09-23T18:15:42.859738+00:00,d03dfa5b935d15bcdc76ad34cfb1153a49725e85a97965859b04b421f56e75b3,text/html; charset=utf-8
https://bmppd.org/bmppd_result/?q=Vateria+indica,8c2f3f2312e44c2a8fed2855.html,200,2026-09-23T18:15:44.761148+00:00,6cff908f4e5b9956c4bbea28d0795d86f4f3ec2b3c9c707889d32044869796c7,text/html; charset=utf-8
https://bmppd.org/bmppd_result/?q=Mesua+ferrea+L.,ef2cdebdd8cd85eb61fe0956.html,200,2026-09-23T18:15:46.664615+00:00,6bca2744919f2585b0a54724753c40c089763412bc9d662caa228505db9d59ae,text/html; charset=utf-8
https://bmppd.org/bmppd_result/?q=Mesua+ferrea,531860c93b9f616b55499311.html,200,2026-09-23T18:15:48.574416+00:00,279a8d0dd380fac08a2f0d6e1b45bd36cd3f298d1d3b2a50a1b5202c5b9c4c27,text/html; charset=utf-8
https://bmppd.org/bmppd_result/?q=Helicteres+isora+L.,6c5a1d757a0f7f1ed193f6d3.html,200,2026-09-23T18:15:50.505430+00:00,4838d87cdde2cb1bc013ca75050e2b8bef793c80af04cfdcee3393ed7147e069,text/html; charset=utf-8
https://bmppd.org/bmppd_result/?q=Helicteres+isora,617f11acbe63f1b6c45dee16.html,200,2026-09-23T18:15:52.401136+00:00,82528d2e68e00696fd7210d7faf0239ca870e0bcab57141e4eeca2375b6ae8d7,text/html; charset=utf-8
https://bmppd.org/bmppd_result/?q=Abelmoschus+esculentus+%28L.%29+Moench,106cacfdf3db79ac634b474d.html,200,2026-09-23T18:15:54.299738+00:00,4720aacaca1886df7e6cf23ba8d236e97891e16d8d7d1eb10b02e46f6956fedf,text/html; charset=utf-8
https://bmppd.org/bmppd_result/?q=Abelmoschus+esculentus,c56e4672a4668bef2bad83fb.html,200,2026-09-23T18:15:56.211659+00:00,30ad26cafb279e025fc841007cf9a0a568d92e54961cc317249a90ec0703635e,text/html; charset=utf-8
https://bmppd.org/bmppd_result/?q=Gossypium+arboreum+L.,03cb733264e04e2a8177f6c6.html,200,2026-09-23T18:15:58.119256+00:00,80a554c1302862ce5e2c695351f70a5d5bcd1dd72e56fb29cffd613ac5386103,text/html; charset=utf-8
https://bmppd.org/bmppd_result/?q=Gossypium+arboreum,7d6fddd933b506d784c2cc7b.html,200,2026-09-23T18:16:00.026985+00:00,98d2aaede3ca02dd873babf6382fd8b4614ef1ba98603a10cdbded33198b004d,text/html; charset=utf-8
https://bmppd.org/bmppd_result/?q=Viola+odorata+L.,d02e8b391cc2ab06109b648f.html,200,2026-09-23T18:16:01.924723+00:00,c31f9d2bc4f52ceb4525931e1c6fa15118229d2ff7f2e9c8b12cae6c1be8627e,text/html; charset=utf-8
https://bmppd.org/bmppd_result/?q=Viola+odorata,4cbc3c80de04c59b91e488ed.html,200,2026-09-23T18:16:03.820204+00:00,258cf9a04df40f8fec7deb13ca83284dbcf68ec136021cd442e2cd95fb4f4d43,text/html; charset=utf-8
https://bmppd.org/bmppd_result/?q=Benincasa+hispida,9a11b37d0285379e9da9ad48.html,200,2026-09-23T18:30:39.244876+00:00,80d232386bc64ed05090819cee7b7084a747dd08ccf26b40f95bbc5c3295cca8,text/html; charset=utf-8
https://bmppd.org/bmppd_result/?q=Citrullus+colocynthis,145a1a71f1fb78d51f13f434.html,200,2026-09-23T18:30:41.635880+00:00,19899d650de63c50fb7ca2e0a23db51cb8ab89ce917b2fa58d91cad61c0f635d,text/html; charset=utf-8
https://bmppd.org/bmppd_result/?q=Mukia+maderaspatana,2ed87884e32277597bc8a9e4.html,200,2026-09-23T18:30:43.661079+00:00,6e7e5284c54d306dc89bc16d1bc93589bfba825ef0cf836a2fde63775f9c6f12,text/html; charset=utf-8
https://bmppd.org/bmppd_result/?q=Brassica+juncea,a9101d400d374260609c34c5.html,200,2026-09-23T18:30:45.976955+00:00,538561b02c41e0dba896dcf498c0d9a2ee513776d69a3a7ec77519045f433e31,text/html; charset=utf-8
https://bmppd.org/bmppd_result/?q=Diospyros+malabarica,92f4e31a0e8a8b80cb8690b0.html,200,2026-09-23T18:30:47.801215+00:00,ab76c251b3056596df6b065a589c2ba8f2ee589b42e2551c4dfb674770c343e9,text/html; charset=utf-8
https://bmppd.org/bmppd_result/?q=Entada+phaseoloides,e8431651bf6571429450f635.html,200,2026-09-23T18:30:49.623381+00:00,3cde08d39356c1d42243df3d02212ce8f173c03d0ee1f98e6aa0fa38a5751c25,text/html; charset=utf-8
https://bmppd.org/bmppd_result/?q=Saraca+asoca,ef5eda393f3d36270d03f35e.html,200,2026-09-23T18:30:51.426043+00:00,fe5785d1f7b5749cf6191aa2d8868fb4c62a45403f522b756556aa51ec8f0361,text/html; charset=utf-8
https://bmppd.org/bmppd_result/?q=Mucuna+pruriens,6ac17e0fc4365caf7440ce58.html,200,2026-09-23T18:30:53.235262+00:00,3571ed53762b5e56563f37fd0ca63d23058dcb9b7d90f2b34e4a2843697ce5ae,text/html; charset=utf-8
https://bmppd.org/bmppd_result/?q=Raphanus+raphanistrum+subsp.+SATIVUS,4dd13c4bc8200ac53ad0560b.html,200,2026-09-23T18:30:55.036203+00:00,fba1d6b10dd5c0c1b0a21b160cc0cdcb6998498dfb5a06fb6c04bfdac6c278d5,text/html; charset=utf-8
https://bmppd.org/bmppd_result/?q=Acacia+nilotica+subsp.+INDICA,1cd5c433e4d2919d545a98f7.html,200,2026-09-23T18:30:56.842629+00:00,f69a17bb1cde9b287062801a3de8128ce537de96558ef08be8aad5d1783846c4,text/html; charset=utf-8
https://bmppd.org/bmppd_result/?q=Drymaria+cordata+subsp.+diandra,d42d092f0bc2d988b7079867.html,200,2026-09-23T18:30:58.644724+00:00,9d813828050f2debd41d836e44e8b3c2bfef84df353dc260aa56e3bc190c541d,text/html; charset=utf-8
https://bmppd.org/bmppd_result/?q=Trapa+natans+var.+bispinosa,aeb8226acb954603bfb0ffdb.html,200,2026-09-23T18:31:00.467357+00:00,d32339b358770046674b0e03c15e83bc89d759ad1b8937880110fc7e25072c6d,text/html; charset=utf-8
https://bmppd.org/bmppd_result/?q=Ophiorrhiza+rugosa+var.+PROSTRATA,589deedf0ef1dac15bb8dc08.html,200,2026-09-23T18:31:02.276135+00:00,203c049f47110c7d7bdf0510e217ded13917c3ce1f1d75b3d53d7b959dbae02b,text/html; charset=utf-8
https://bmppd.org/bmppd_result/?q=Madhuca+longifolia+var.+LATIFOLIA,6af9ec552f3626e445648301.html,200,2026-09-23T18:31:04.088477+00:00,a928f53e090c65b9beb6304f0292d7ae252d4e5f5d5b38e9ba03f6ec28522ac6,text/html; charset=utf-8
https://bmppd.org/bmppd_result/?q=Ficus+BENJAMINA+var.+comosa,01bc35e35f56f61d16b9b2e9.html,200,2026-09-23T18:31:05.888577+00:00,8272d8f9e1ea8a5d3538e2290f01a2ffed7e80b899b7ec2234f78cb81c9d2f31,text/html; charset=utf-8
https://bmppd.org/bmppd_result/?q=Erythrina+VARIEGATA+var.+orientalis,be349248faeec75cad3f437b.html,200,2026-09-23T18:31:07.698945+00:00,91e7af2143d29b43617e5c1e57957f07a66e4df5838a26d1957919999d21e7bb,text/html; charset=utf-8
https://bmppd.org/bmppd_result/?q=Cissampelos+PAREIRA+var.+hirsuta,78d02ccd596fb3748e20bbf2.html,200,2026-09-23T18:31:09.500874+00:00,2fd2b5393fd8819265a9e59e4abba1ffbebe2fbb9353b8cae83e74667f5d44a7,text/html; charset=utf-8
https://bmppd.org/bmppd_result/?q=Diospyros+MONTANA+var.+CORDIFOLIA,4db691e22278d8787d32b9af.html,200,2026-09-23T18:31:11.302773+00:00,732945f08c033a69062b4f812ffe59949c8f452a0923169e7e27c43ffe6b2b92,text/html; charset=utf-8
https://bmppd.org/bmppd_result/?q=Momordica+dioica,f9e7dd969c9d757e959484cd.html,200,2026-09-23T18:31:13.467293+00:00,5b334810376e39c2c6b7ec83ec4874e07efcc0efd734f5210150a0a688dbfb18,text/html; charset=utf-8
https://bmppd.org/bmppd_result/?q=Pterocarpus+SANTALINUS,e09ce711b397844944c1119e.html,200,2026-09-23T18:31:15.284055+00:00,0483537d6aed8aa086ac2566fa76a4b77c55997989cffef49a729e8328d4b884,text/html; charset=utf-8
https://bmppd.org/bmppd_result/?q=Semecarpus+anacardium,df3da64f6fb16b902e46bbac.html,200,2026-09-23T18:31:17.091331+00:00,758a2cb16f414677d4c01f03027544d500ad33f60cdff3a4555ea32d8b25ebbf,text/html; charset=utf-8
https://bmppd.org/bmppd_result/?q=Anethum+sowa,97448e05809fdf64cd38de1f.html,200,2026-09-23T18:31:18.902815+00:00,9d489d300b60853b5fdd25e2cd7aa722c452c1fe56d433ca76b2531f77241c40,text/html; charset=utf-8
https://bmppd.org/bmppd_result/?q=Strychnos+potatorum,df7214a20df4d34ba220c85f.html,200,2026-09-23T18:31:20.714727+00:00,6b47633b45da8818f62d6384aef241ec1b2e2b670721c0b973788ca9d5881e45,text/html; charset=utf-8
https://bmppd.org/bmppd_result/?q=Holarrhena+pubescens,613f708c95308c1e694612c8.html,200,2026-09-23T18:31:22.534104+00:00,0bc02b3cf9ea2b28af57ddac835f40b089415063abd492762ca4dcedffed5a59,text/html; charset=utf-8
https://bmppd.org/bmppd_result/?q=Wrightia+tinctoria,b13c7a4093632ced416a1807.html,200,2026-09-23T18:31:24.357290+00:00,3eeede6921c413899dd159de8a6b3352cb9a4df267bf562f1057457db39fc4da,text/html; charset=utf-8
https://bmppd.org/bmppd_result/?q=Adiantum+LUNULATUM,4a975dffea3a0d0b287b8347.html,200,2026-09-23T18:31:26.171967+00:00,eca41839f7af9760ee6ced9842a74fe477c0f5c1574acb7681bda106d318367a,text/html; charset=utf-8
https://bmppd.org/bmppd_result/?q=Vitex+TRIFOLIA,4da42ef6798cce0fdfa55ff3.html,200,2026-09-23T18:31:27.967545+00:00,74ed735ed74ae6e8477cd31eedc2d72b14680317b9c46a1ee21602ec0d14e0a2,text/html; charset=utf-8
https://bmppd.org/bmppd_result/?q=Viscum+cruciatum,3778ed504ec08b495531522d.html,200,2026-09-23T18:31:29.784797+00:00,bb666427be27e91da9c75656099878bdf641608435ad1b4dac3c3d04e0ec5fbc,text/html; charset=utf-8
https://bmppd.org/bmppd_result/?q=PHYLLANTHUS+EMBLICA,9a1a8366d4f820c728b8e20a.html,200,2026-09-23T18:31:31.586818+00:00,eb35260a240842c82a7746fc01d4ff8c48d3e5d0fcde4b73b864b6711753bc29,text/html; charset=utf-8
https://bmppd.org/bmppd_result/?q=Mollugo+PENTAPHYLLA,8c584625bea8605ccee22129.html,200,2026-09-23T18:31:33.401695+00:00,8c56b0cdf0eddee169f9d0ce36fdebbf256a7ce28fb38e8da4f99e711d13890c,text/html; charset=utf-8
https://bmppd.org/bmppd_result/?q=Mesua+NAGESSARIUM,c44c6326fe4ad45ac595afd3.html,200,2026-09-23T18:31:35.202091+00:00,e91e56578552d143a916c917534160d5430816d011d5b2d018621d14eec602a1,text/html; charset=utf-8
https://bmppd.org/bmppd_result/?q=JATROPHA+CURCAS,3709703bd65b786c71659bb4.html,200,2026-09-23T18:31:37.012337+00:00,bdb31674fbe439765742ba11343c70d7659784233a92052464da7b555b3f16fc,text/html; charset=utf-8
https://bmppd.org/bmppd_result/?q=Solena+amplexicaulis,4104e3c05bb8b3f9f87938c4.html,200,2026-09-23T18:31:38.827712+00:00,2444961113756f798be86715127197d4d3c9ee4c916387dcd1c35a051c7831ae,text/html; charset=utf-8
https://bmppd.org/bmppd_result/?q=Sida+orientalis,66fabb213301fb09b21e786c.html,200,2026-09-23T18:31:40.636691+00:00,777481c6b1c05d02de4ef9d57f8c5bb97a8552d22d3a0c70aafb1d99a06d7325,text/html; charset=utf-8
https://bmppd.org/bmppd_result/?q=Sida+cordata,3c3c78c3464af5a01d76d809.html,200,2026-09-23T18:31:42.434805+00:00,c95613d578eb9faea8603e0cc2a7bece0f7e4463ab992637281c7ad9684c19fd,text/html; charset=utf-8
https://bmppd.org/bmppd_result/?q=Elaeocarpus+serratus,54e01da07d9fba2770e64d89.html,200,2026-09-23T18:31:44.236240+00:00,3cad47739afbed86da1cc3ec3ba4cf185e5da6e4a4497fa5101aa6eff2bc0037,text/html; charset=utf-8
https://bmppd.org/bmppd_result/?q=Cardiospermum+halicacabum,1c96683cd4ee92c79a1f2d85.html,200,2026-09-23T18:31:46.041206+00:00,57b6d51c321ae01a3850669e42c3be864ce5cf341e4e8022cf36e5b10aba98b0,text/html; charset=utf-8
https://bmppd.org/bmppd_result/?q=Celosia+CRISTATA,58340a7059f07539f222476f.html,200,2026-09-23T18:31:47.849424+00:00,bfa88aa7ca2a85fec112bc7421cbb2aedf96155916342e65fe7ce2e6b57a3971,text/html; charset=utf-8
https://bmppd.org/bmppd_result/?q=Piper+boehmeriifolium,30462da520bcb9e49bb118e2.html,200,2026-09-23T18:31:49.652913+00:00,86aab70a4c739ffce6147e0601d32201c36811d5393ebcd755185cf7fe81e762,text/html; charset=utf-8
https://bmppd.org/bmppd_result/?q=Desmos+chinensis,17def1e6ed1e244993532487.html,200,2026-09-23T18:31:51.462749+00:00,b0507b85d6e3b7e44752d9f4a6222d2bd9f3d076c6e61bfbba611809afcec90f,text/html; charset=utf-8
https://bmppd.org/bmppd_result/?q=Moringa+oleifera,3ecac09a096628985a876d94.html,200,2026-09-24T07:19:34.864627+00:00,08bf28234c95d00c4f467c1ec3069af58eeaba0bdfa3765386c82195b63de539,text/html; charset=utf-8
https://bmppd.org/bmppd_result/?q=Cydonia+oblonga,5a7f66dc7cdf71004ea01b94.html,200,2026-09-24T07:19:37.638152+00:00,3977328536622336b00794d40bd1082e0e1fe065cad9d24e60d2922cf6c8a5e4,text/html; charset=utf-8
https://bmppd.org/bmppd_result/?q=Prunus+amygdalus,59875ec86d69b15991216d85.html,200,2026-09-24T07:19:39.549672+00:00,21b4c1976f69f02c1bee2528d8dc5f41684cb31d3bda8ccb9ee064c9e1e36aa9,text/html; charset=utf-8
https://bmppd.org/bmppd_result/?q=Mimosa+pudica,fbaf1d0171fdba7f2b694965.html,200,2026-09-24T07:19:41.476378+00:00,361bc54748877375cf9f3a1f655c871b7e10d3c030b93dcd3bc133a7730bdc2b,text/html; charset=utf-8
https://bmppd.org/bmppd_result/?q=Clitoria+ternatea,b6dddc3b361df2ad97386d93.html,200,2026-09-24T07:19:43.405938+00:00,f1eca06ef82c5367493e2691ae9f344b684d91f786a8ae29fcd902ac0259371e,text/html; charset=utf-8
https://bmppd.org/bmppd_result/?q=Glycyrrhiza+glabra,d433d55697200f369c041566.html,200,2026-09-24T07:19:45.324310+00:00,cce30092973f51ed2f6ad01f021b2d14426f1658d8f2d8d0dcf650d9537fa974,text/html; charset=utf-8
https://bmppd.org/bmppd_result/?q=Sesbania+bispinosa,9763062d3ff974b5f74d522d.html,200,2026-09-24T07:19:47.254674+00:00,068c56fbbce02223a258cde083346f1bc75bdae5d57a6f68c9217c89d098218d,text/html; charset=utf-8
https://bmppd.org/bmppd_result/?q=Sesbania+grandiflora,aa938ec89004c7a965d56d11.html,200,2026-09-24T07:19:49.146107+00:00,2aff68524a447bd43221a9314914fe0bd09503721659f161bc5ee694e7db0ded,text/html; charset=utf-8
https://bmppd.org/bmppd_result/?q=Sesbania+sesban,8b5dde347afe3f444923f2b5.html,200,2026-09-24T07:19:51.045436+00:00,4a594df6371880d03622377f77033a4c4173bd1410e1a7d06e48324d0dd96397,text/html; charset=utf-8
https://bmppd.org/bmppd_result/?q=Trigonella+foenum-graeceum,a2c43b32228959263b124d42.html,200,2026-09-24T07:19:52.947397+00:00,0aae56b23a88f219ff43adbbd35a312f4b3b03fdc22cac91efd20f437fa7da53,text/html; charset=utf-8
https://bmppd.org/bmppd_result/?q=Lagerstroemia+speciosa,99dcd1b680acd1d530023375.html,200,2026-09-24T07:19:54.864743+00:00,2403128c219efcba8b94a2526b2b0a0aba294ae66e26ef35fc0049ca242af9e8,text/html; charset=utf-8
https://bmppd.org/bmppd_result/?q=Eucalyptus+globulus,3f3ac37feffe7fe92e8fa8d2.html,200,2026-09-24T07:19:56.799955+00:00,8d037b668a5cbd75e2b12d5fc4c8b4c2f8d2a26b7fa8a3cbfe43943b86f594bb,text/html; charset=utf-8
https://bmppd.org/bmppd_result/?q=Mentha+arvensis,a305dc546b94cea9d8eefc56.html,200,2026-09-24T07:19:58.711340+00:00,d5d9ebbc128d599d907417d12a9ba8b2c08cb58dc5346c58ba8c738bbe74d06e,text/html; charset=utf-8
https://bmppd.org/bmppd_result/?q=Mentha+spicata,d25e902ba4ba978e5b5846b7.html,200,2026-09-24T07:20:00.631739+00:00,8266a2193b2a91e7966bdbccdc70d39162a4a8c79a56af9fc3699639b2d9c3c8,text/html; charset=utf-8
https://bmppd.org/bmppd_result/?q=Pogostemon+PUBESCENS,66b3355f66f182d682148039.html,200,2026-09-24T07:20:02.550183+00:00,967dfeb1c3d47de2d9395912d68ce92241318e70890eae06d6e4e5819913e740,text/html; charset=utf-8
https://bmppd.org/bmppd_result/?q=Rhinacanthus+nasutus,d888800f3c124bfe6ac715e4.html,200,2026-09-24T07:20:04.681589+00:00,b9821f76f297d6644f2579b20821fa9b8aa548de556e0d9d19164b7d7bd70002,text/html; charset=utf-8
https://bmppd.org/bmppd_result/?q=Sesamum+indicum,902c762206aa7c51f04cad33.html,200,2026-09-24T07:20:06.586294+00:00,c1fded61540ed9dec6b3a0598cef8f60dded6dbba95e4592d630b5c19f6b1d10,text/html; charset=utf-8
https://bmppd.org/bmppd_result/?q=Nelumbium+speciosum,9aa7a6ecf47ce955efcb9840.html,200,2026-09-24T07:20:08.503685+00:00,d01dd6b90900fb5a8df3042527b1309ac3b9058cf34c3e901434ea5a52743eb0,text/html; charset=utf-8
https://bmppd.org/bmppd_result/?q=Rubia+cordifolia,b404f2ce8862edef51ec7c69.html,200,2026-09-24T07:20:10.408457+00:00,3ae92182f59aab24b5eb5b6d6972de41d5b89acd1024dd49b06ddd220ee11e69,text/html; charset=utf-8
https://bmppd.org/bmppd_result/?q=Artemisia+absinthium,fe97cf91f40f07b609857827.html,200,2026-09-24T07:20:12.320384+00:00,1b3be4a68504015abfe73ff2dde496df03554f5bdd8e9016669d9eac3cdb6ae8,text/html; charset=utf-8
https://bmppd.org/bmppd_result/?q=Eclipta+prostrata,96ba4af2a5c1400f1a637eb6.html,200,2026-09-24T07:20:14.219296+00:00,52294cf893bbd023adc2cc0b7e4567ba16e2f255be071d9f986be6558c1fc22d,text/html; charset=utf-8
https://bmppd.org/bmppd_result/?q=Cyperus+rotandus,81db64802ff488186efd7921.html,200,2026-09-24T07:20:16.124569+00:00,8e6bfaedf1655f774fc81bdaf4c078867a89ac126d1b1f977e74c18a986c6145,text/html; charset=utf-8
https://bmppd.org/bmppd_result/?q=Saccharum+officinarum,0b4cdcf00b72c1aca36c436b.html,200,2026-09-24T07:20:18.051586+00:00,909b4794290efecb6e99ae882a48d99eeda06594ffe92e77c6dc0e21b0347dab,text/html; charset=utf-8
https://bmppd.org/bmppd_result/?q=Hordeum+vulgare,30a524b27b10d171dc0ceebd.html,200,2026-09-24T07:20:19.968753+00:00,3d251c6df41df9f22c1feb664329d5e173c86827a2acc8b14f3406ae99594e19,text/html; charset=utf-8
https://bmppd.org/bmppd_result/?q=Elettaria+cardamomum,bc40e1124b1a17fb47157882.html,200,2026-09-24T07:20:21.872794+00:00,f6cee97268266a7939a794757a593b6c1a653511892cf0cd92e21a2d84fe4ad0,text/html; charset=utf-8
https://bmppd.org/bmppd_result/?q=Crocus+sativus,591087b39104fa45bb500c37.html,200,2026-09-24T07:20:23.773769+00:00,886883a260a40b34ae8aea56d0231e63783309386a766170afd48d80063f6510,text/html; charset=utf-8
https://bmppd.org/bmppd_result/?q=Santalum+album,4381a92b40594ceceef68129.html,200,2026-09-24T07:20:25.698839+00:00,2dc719c528278c2b7c73414a3497094d5b5ab2d6a74e7d477d0cd83b7e5feff4,text/html; charset=utf-8
https://bmppd.org/bmppd_result/?q=Macaranga+peltata,9122a5a1e44eaa20f0d935df.html,200,2026-09-24T07:20:27.626777+00:00,1882fa26ea46ef8e8e7ad31d24e07d5be2fff1fb06df487bdea097701a83bb55,text/html; charset=utf-8
https://bmppd.org/bmppd_result/?q=Mallotus+philippensis,08407a28d9af01ddf45407fe.html,200,2026-09-24T07:20:29.552454+00:00,3d73f1f350b04df2220e0294b863c39ebcd9064153b56397901097c12b131814,text/html; charset=utf-8
https://bmppd.org/bmppd_result/?q=Phyllanthus+niruri,86699067392d0e0454b7b8da.html,200,2026-09-24T07:20:31.467653+00:00,a3d94595a69680b500faed79d8a57884b0532647fef6c7d58258fc70d7df87d5,text/html; charset=utf-8
https://bmppd.org/bmppd_result/?q=Vitis+vinifera,bcd5d990d6c3ea330f616cab.html,200,2026-09-24T07:20:33.380542+00:00,b9209f7d07c458edffd0902583794f3eef315b7eff8a01ae2ac1ba882d366e5a,text/html; charset=utf-8
https://bmppd.org/bmppd_result/?q=Sapindus+saponaria,e49111177f075bf8674ec2e5.html,200,2026-09-24T07:20:35.282390+00:00,97d9180184e6cfdb6806be225e3e546c968aa88c935719ee48a2429e16feefc2,text/html; charset=utf-8
https://bmppd.org/bmppd_result/?q=Schleichera+oleosa,096e4f42549dc448469e8159.html,200,2026-09-24T07:20:37.181709+00:00,2e3466568d39d92d6ee8ed92a0ff81a97a41f9a64d4a20d791f9c991df2c9ab7,text/html; charset=utf-8
https://bmppd.org/bmppd_result/?q=Commiphora+mukul,8d4ae46fb17f86f81f5425b0.html,200,2026-09-24T07:20:39.310035+00:00,bcb8bca3e9e594a665154f63c2865046f5218ec6fb98f6ef18549e52061cf66a,text/html; charset=utf-8
https://bmppd.org/bmppd_result/?q=Citrus+limon,9fb3035a39d293dd9c33d8dc.html,200,2026-09-24T07:20:41.261906+00:00,a33e2e5d341f0f67cf6ac9436b74f37c9836a4988f05c01daf24e51f3848ff24,text/html; charset=utf-8
https://bmppd.org/bmppd_result/?q=Citrus+medica,d3076da559f63d8d028a4e40.html,200,2026-09-24T07:20:43.261495+00:00,89998ebafdf5b6e14e122f8a32803579515f34e341df01714be2175a13ca5d6c,text/html; charset=utf-8
https://bmppd.org/bmppd_result/?q=Citrus+reticulata,4f6a76042ced6ab1f92a7871.html,200,2026-09-24T07:20:45.558852+00:00,6d334ef1aa32d1a78656b9564cd2ff907eb8f353e0e5a6eb62b5ae2de8786c9c,text/html; charset=utf-8
https://bmppd.org/bmppd_result/?q=Murraya+koenigii,5f930c31a599d39eb11bb048.html,200,2026-09-24T07:20:47.635449+00:00,8a16371880b0b85d2a89b4297a769baaec72ed445b766bf71725aafa11ffa16d,text/html; charset=utf-8
https://bmppd.org/bmppd_result/?q=Peganum+harmala,ed8c6a1904b2c124192ecc08.html,200,2026-09-24T07:20:49.537730+00:00,bf31bc6576f4ba321ca5357ea4b5a1f287a35a3eeec7c4994aa546f99b403594,text/html; charset=utf-8
https://bmppd.org/bmppd_result/?q=Carum+carvi,e9064367f1e4274c4767f99a.html,200,2026-09-24T07:20:51.484279+00:00,e16895f80d99743747ce09e75d9599abe00f4aad0b516b8a356db5417834af37,text/html; charset=utf-8
https://bmppd.org/bmppd_result/?q=Ferula+foetida,741b76c1fce7ebab9a2d2952.html,200,2026-09-24T07:20:53.480463+00:00,5b564d6ef7c1c0f7f3550fed2c151c1a5dceea0d7c61b1b1037ee57e5904bf07,text/html; charset=utf-8
https://bmppd.org/bmppd_result/?q=Trachyspermum+roxburghianum,3182ecfdd10f0621b413fec9.html,200,2026-09-24T07:20:55.439172+00:00,d89b3796c09f44e033b44d4f234acf44ee1f034f56a545c3d5ca5bb3ac87f50c,text/html; charset=utf-8
https://bmppd.org/bmppd_result/?q=Tabernamontana+divaricata,872225da4da5c47e5d0be48a.html,200,2026-09-24T07:20:57.430552+00:00,112a7e6a9cf61aff47f8d6050d6d83593c2b984c92fbabd6505b323bc60b6c5e,text/html; charset=utf-8
https://bmppd.org/bmppd_result/?q=Gymnema+sylvestre,3addcca9f3d836984b34bf92.html,200,2026-09-24T07:20:59.365347+00:00,157fff52554bb2284f390a0ce1fc266942e54f7fad2451c6e019809caba96d63,text/html; charset=utf-8
https://bmppd.org/bmppd_result/?q=Atropa+belladonna,f8556a230c789d1e9274eef4.html,200,2026-09-24T07:21:03.058073+00:00,fa813e4a44990657e35b28ebee7bd6543befa3a2915b24f46d57057ba69cecd7,text/html; charset=utf-8
https://bmppd.org/bmppd_result/?q=Datura+stramonium,15b931ac66fd3eea0291c722.html,200,2026-09-24T07:21:04.959926+00:00,b856c33d4216b2187cdb289bc5431b2584fc6873b7a95966af18b9770a3bf91c,text/html; charset=utf-8
https://bmppd.org/bmppd_result/?q=Solanum+lycopersicum,5a793da67546c5a8899c80c5.html,200,2026-09-24T07:21:06.856759+00:00,8bd585725111d84f04ddb3f73ad1347f48be256785f50527820ff4a30591dd56,text/html; charset=utf-8
https://bmppd.org/bmppd_result/?q=Solanum+indicum,20b89d3b4b0115444bb015ee.html,200,2026-09-24T07:21:08.758463+00:00,34305e8f0b523c9e530536c2b3df8bfbaa2016bd03fa3082ef5c8ceec2d3c67d,text/html; charset=utf-8
https://bmppd.org/bmppd_result/?q=Ipomoea+nil,326b238ed61b5c284e64acca.html,200,2026-09-24T07:21:10.659194+00:00,c334712573e4a6db4729004f3f707811e2975da3ce3ef8188e5fc80f9163eb3f,text/html; charset=utf-8
https://bmppd.org/bmppd_result/?q=Gmelina+arborea,d6dc49c882fab060b34336a1.html,200,2026-09-24T07:21:12.556922+00:00,9f60209eb65f26d467b8182c6c15ac8066fbb4ab9c4659469c57d58b8817d67d,text/html; charset=utf-8
https://bmppd.org/bmppd_result/?q=Premna+serratifolia,f1f2e8fcac2c03250b37ac0a.html,200,2026-09-24T07:21:14.481790+00:00,94b3702a1016bf397a44469548f2d8d12e8292a985d1b62c0e706bcfd90bac4b,text/html; charset=utf-8
https://bmppd.org/bmppd_result/?q=Sapindus+SAPONARIA,556920f3e398feae7122fbdb.html,200,2026-09-24T07:21:16.408071+00:00,43b196af65b4891e8f46de3feae839b6339657210f4bfc61ce253df31393a4c8,text/html; charset=utf-8
https://bmppd.org/bmppd_result/?q=Abelmoschus+ESCULENTUS,f4618fd354b21b1f190c8a25.html,200,2026-09-24T07:21:18.318110+00:00,62b68ad672fb797ef09affe3c1f009cf191f67e23af6b7e8da4611470a7fab9a,text/html; charset=utf-8
https://bmppd.org/bmppd_result/?q=Abelmoschus+MOSCHATUS,f1c813938caa567b7466e1e7.html,200,2026-09-24T07:21:20.252135+00:00,f308bd3ac67030ecd202ada083f4ee8fd9a9da6ad682b6518da1df75aae90a4a,text/html; charset=utf-8
https://bmppd.org/bmppd_result/?q=Abroma+AUGUSTA,5b8a409395f86a4ccc6df953.html,200,2026-09-24T07:21:22.201551+00:00,aae60fc207f7798d4e871768df91c927b4634e74cd99316dc5a60c4f5344f890,text/html; charset=utf-8
https://bmppd.org/bmppd_result/?q=Abrus+PRECATORIUS,e962b0023e0d3ac6f5afa6b6.html,200,2026-09-24T07:21:24.371285+00:00,04981bc56b3809d307a4ae45266f503d3393e6a80d454f51d56ef1f8caed734d,text/html; charset=utf-8
https://bmppd.org/bmppd_result/?q=Abutilon+INDICUM,5f485307db833de16e15cd11.html,200,2026-09-24T07:21:26.333925+00:00,8027e53a7adc3ffb6c3bb9713ad6e5c66972a325f591b301aa762f4d3810e207,text/html; charset=utf-8
https://bmppd.org/bmppd_result/?q=Acacia+CATECHU,f49f7186e7eeb412de1de1ee.html,200,2026-09-24T07:21:28.293411+00:00,f54247f3ecca169032a59042246f40f2f2c098c2248a42a11a88ced9609164bc,text/html; charset=utf-8
https://bmppd.org/bmppd_result/?q=Acacia+FARNESIANA,af490c6b90247fb862ed3cc6.html,200,2026-09-24T07:21:30.210424+00:00,dcd88b60a20ccaefbe2100a4b0e8ac5b0e55722174e70ed51ae9f24d6c6a2ef2,text/html; charset=utf-8
https://bmppd.org/bmppd_result/?q=Acacia+NILOTICA,a80da5df681f50debeb5fd0c.html,200,2026-09-24T07:21:32.192402+00:00,a3adbf724de6638f2c503591831d2d20cac46687038e2eddc2c82518b63e55c5,text/html; charset=utf-8
https://bmppd.org/bmppd_result/?q=Acacia+PENNATA,c5af22a835d2173165368fb8.html,200,2026-09-24T07:21:34.101424+00:00,3f0187cb544058c944ef3f0925d382a95aa525122f5297a67a11d2774f326787,text/html; charset=utf-8
https://bmppd.org/bmppd_result/?q=Acacia+concinna,25b966f7d96a406477736eae.html,200,2026-09-24T07:21:36.259518+00:00,272f204f3a0b53d2a5cfef9dbff32782c6665c56fb3fe04e2010acf9a697ca7f,text/html; charset=utf-8
https://bmppd.org/bmppd_result/?q=Acalypha+INDICA,606502e54120dbb2c5b9d797.html,200,2026-09-24T07:21:38.179351+00:00,020a9ca86d94514cb4c3df3accce7087dcc4abe9dbbdb59cb6a0ef6777fb74fa,text/html; charset=utf-8
https://bmppd.org/bmppd_result/?q=Acampe+praemorsa,ff049b8d15bf0f8fb8d1db0b.html,200,2026-09-24T07:21:40.142294+00:00,3fef7bdec2af40813fb78dc0f992a3e1306d1a2a54db1e497efc911f278ad9a3,text/html; charset=utf-8
https://bmppd.org/bmppd_result/?q=Acanthus+ILICIFOLIUS,ad0357cab9ff63484f638147.html,200,2026-09-24T07:21:42.046556+00:00,63f6d345b0339f063a1c1593ea30f2dff98acced2791e07a7b5a849762edc4bd,text/html; charset=utf-8
https://bmppd.org/bmppd_result/?q=Achyranthes+ASPERA,d7a031df214d2074b1f059bf.html,200,2026-09-24T07:21:44.006767+00:00,d301f439b4f69c56e18d52edb76905e2fcc9be965155445ee5b1d90b4aff3934,text/html; charset=utf-8
https://bmppd.org/bmppd_result/?q=Acorus+CALAMUS,72c88325d43a9c2e96891791.html,200,2026-09-24T07:21:45.926387+00:00,b42a9cd6a4f51bd43c356dcebb5ea838270bcc0cf7723bceee398124a6d13632,text/html; charset=utf-8
https://bmppd.org/bmppd_result/?q=Acronychia+PEDUNCULATA,efbacaa445cf64cab22f63bf.html,200,2026-09-24T07:21:47.829641+00:00,dc32e2d191e751bf6bf3220d4bca3c0a10b8d1571b7d657b6641906af07024ae,text/html; charset=utf-8
https://bmppd.org/bmppd_result/?q=Actinodaphne+gullavara,3c5c01f4d3f32912cb91faaf.html,200,2026-09-24T07:21:49.751746+00:00,5253c7bc9f8b09830be7f15558ccb9377337e8e85ec6c52bffca1d0d8236cfce,text/html; charset=utf-8
https://bmppd.org/bmppd_result/?q=Adenanthera+PAVONINA,973fdc6d6cae86c8885abacb.html,200,2026-09-24T07:21:51.660028+00:00,47ecb07ac77ecca543c04da52ccc94385b579275b38a5dc77bdcf5563d754eb4,text/html; charset=utf-8
https://bmppd.org/bmppd_result/?q=Justicia+adhatoda,9bb7f4a4800931e88b352d32.html,200,2026-09-24T07:21:53.560952+00:00,a86d2fc6cfa9af99d25110f7c0b310274f55d6f9ee1aae9f50c0b3cc3bd724ac,text/html; charset=utf-8
https://bmppd.org/bmppd_result/?q=Adiantum+capillus-veneris,d46df3be6fcde5c3c7b41252.html,200,2026-09-24T07:21:55.491810+00:00,e4dd4c5c66b233c67225592dd268fe72f8c801ae095089a37e2953b8c45b8443,text/html; charset=utf-8
https://bmppd.org/bmppd_result/?q=Adiantum+INCISUM,b8d033bbc005af3effe44678.html,200,2026-09-24T07:21:57.404761+00:00,f551e357f01edc9f03a1f1c291a902b98bd8e559eb16b85af532d8e75ee3cea6,text/html; charset=utf-8
https://bmppd.org/bmppd_result/?q=Haldina+cordifolia,a425a53dfb931369fad223e7.html,200,2026-09-24T07:21:59.342608+00:00,f35b650c2d7c73f964ee22d342d4b0972c0f42e02ea2b2dd592d76170e8813d1,text/html; charset=utf-8
https://bmppd.org/bmppd_result/?q=Aegle+MARMELOS,eba72fd39f33b7275c816cc0.html,200,2026-09-24T07:22:01.348065+00:00,7bd89badda370eef9aff85fc28144882e4e353df2c5928e89296050675e119e2,text/html; charset=utf-8
https://bmppd.org/bmppd_result/?q=Aganosma+DICHOTOMA,559b0b71143d05f0d1b9b211.html,200,2026-09-24T07:22:03.352042+00:00,12081d413ebe5f23b9cb8580ac48b7fc16ce67e7486bcf0475f5cd331a146586,text/html; charset=utf-8
https://bmppd.org/bmppd_result/?q=Ageratum+CONYZOIDES,692c93472e99c5d6499803d0.html,200,2026-09-24T07:22:05.301743+00:00,576f35f985850597085e0ad22acf890b6aa6cd929a384653cfabf532a3edea91,text/html; charset=utf-8
https://bmppd.org/bmppd_result/?q=Alangium+SALVIFOLIUM,bc54151b40e6fa461091e3db.html,200,2026-09-24T07:22:07.288944+00:00,c04607cff14f62de7205d96f307e351c4626582cbf357a1f1464754dc176c501,text/html; charset=utf-8
https://bmppd.org/bmppd_result/?q=Albizia+CHINENSIS,09afdbcfb1936caf021f9b2d.html,200,2026-09-24T07:22:09.197311+00:00,5b66ce1489699219c9d17b98c6bffa9014fbc7e852d475d5ed0b4c60e2b74eca,text/html; charset=utf-8
https://bmppd.org/bmppd_result/?q=Albizzia+LEBBECK,5b22d23e4db962d8a4338aeb.html,200,2026-09-24T07:22:11.103275+00:00,5cc6d7a794b321bac7abf17f77f9af88d5523b5473ea220fffbc3c10494fc126,text/html; charset=utf-8
https://bmppd.org/bmppd_result/?q=Albizia+ODORATISSIMA,c679a2fdce5c63a8bbe5d9dc.html,200,2026-09-24T07:22:13.008077+00:00,8a98f313012a70433775b5ff56666b1344cfb23e5f037c05301aac7619fe3916,text/html; charset=utf-8
https://bmppd.org/bmppd_result/?q=Albizia+PROCERA,42511b3e5e8b676e83d0b559.html,200,2026-09-24T07:22:14.925121+00:00,6c62d0c3b9c78e9cd3dac42d3096a07db5c9d273cce1084f6ad9f9631b5b12db,text/html; charset=utf-8
https://bmppd.org/bmppd_result/?q=Allamanda+CATHARTICA,780c884c3b3b9109eddfb9bd.html,200,2026-09-24T07:22:16.846207+00:00,ecb2309dad98d38d3beffda7981ceadd6b59f0aed269af9c85e4eb65bc1cd2b5,text/html; charset=utf-8
https://bmppd.org/bmppd_result/?q=Allium+CEPA,08260262ab82f99c88d292ba.html,200,2026-09-24T07:22:18.761983+00:00,ccfba2cbca677cb68957e85278d61a8f3d6f6bd4174179813312ab6681b15b5a,text/html; charset=utf-8
https://bmppd.org/bmppd_result/?q=Allium+SATIVUM,47f3e12959ed033b3a092491.html,200,2026-09-24T07:22:20.711687+00:00,5232a442524fade049b2ab02627c5c869b3a8d8cdfa300972f01b05789617968,text/html; charset=utf-8
https://bmppd.org/bmppd_result/?q=Ziziphus+RUGOSA,9af0b7e3ab1669ba519e95d8.html,200,2026-09-24T07:22:22.724402+00:00,fc59b85f9d23cc2a6660fdf8208f1fd0e701421727a9437c1d2efa641a7e29ac,text/html; charset=utf-8
https://bmppd.org/bmppd_result/?q=Zizyphus+oenoplia,1f5a9413c6df59953e10252a.html,200,2026-09-24T07:22:24.628058+00:00,ddce4d39096d84d1c0a9094d3bfb7a4b9a47b837cab922e4b6b93803734da5da,text/html; charset=utf-8
https://bmppd.org/bmppd_result/?q=Ziziphus+jujuba,1ce2c6cbb5ff63c550791318.html,200,2026-09-24T07:22:26.527035+00:00,9c6db87f7f8d03162e9aab17ffee856c8d0a444b54709ff52d28e6c26d91ae5f,text/html; charset=utf-8
https://bmppd.org/bmppd_result/?q=Zingiber+ZERUMBET,2d2edaab68a71e056b4ad6e2.html,200,2026-09-24T07:22:28.457978+00:00,f498adf8b978d6e071b5e569ef00bf6d54d089344d47bdae20e0d5491c0c2463,text/html; charset=utf-8
https://bmppd.org/bmppd_result/?q=Zingiber+OFFICINALE,d3868bbe20f5189f9bef58ad.html,200,2026-09-24T07:22:31.451047+00:00,86729031dec25dae6ea0a5ce85b2faf09621e1d79c632a1592e2724cb59be46c,text/html; charset=utf-8
https://bmppd.org/bmppd_result/?q=Zingiber+MONTANUM,74f26dbe021df5317ac994fe.html,200,2026-09-24T07:22:33.372261+00:00,261ba7291182c1a7b754ce58c9e1c9988c3866fba670068877397b87e3f1f66e,text/html; charset=utf-8
https://bmppd.org/bmppd_result/?q=Zeuxine+STRATEUMATICA,69c43d07b14d8440e0aab58c.html,200,2026-09-24T07:22:35.272686+00:00,7f820435fd76d3a7f76ca10db84c9eac567768483f82da63baf45b90dd48b2fc,text/html; charset=utf-8
https://bmppd.org/bmppd_result/?q=Zanonia+INDICA,ee329017c277da8c2ac0e9dd.html,200,2026-09-24T07:24:31.734997+00:00,c52a5b9f3c1091b50da880cbf42d0ae2c3fdc4d19941a941796391c573ee914f,text/html; charset=utf-8
https://bmppd.org/bmppd_result/?q=Withania+SOMNIFERA,9eb834d75f17dd0df5026dfb.html,200,2026-09-24T07:28:23.292946+00:00,784430d4580d888c777386972a556d805e1ca9c6a5774e235e642a0f2471d97f,text/html; charset=utf-8
https://bmppd.org/bmppd_result/?q=Dregea+volubilis,43ce26d8cab9f8febfc05e4b.html,200,2026-09-24T07:29:43.721068+00:00,71fa030d080c6a6c3e8f6efe6b859a2953443313b00cae0fbdef43a617c1da35,text/html; charset=utf-8
https://bmppd.org/bmppd_result/?q=Vitex+pinnata,05f203cac035ad3e215867e6.html,200,2026-09-24T07:30:37.559351+00:00,28117477ab11917493b00a6a86378f7c2822b400724a30a1380a60035b55c3c4,text/html; charset=utf-8
https://bmppd.org/bmppd_result/?q=Vallisneria+SPIRALIS,99e78a4ce67d1b70b08cbda3.html,200,2026-09-24T07:34:55.232070+00:00,5cc5c090ae3fcbc289818059c43b797d4237c580af477430fee79304a9e67aa7,text/html; charset=utf-8
https://bmppd.org/bmppd_result/?q=Urena+LOBATA,31bd7601d1197c6419ef7a43.html,200,2026-09-24T07:36:04.575893+00:00,055817425ebd920e43aca466314d1f1cbae1926ffad116dc24e1853331d130ea,text/html; charset=utf-8
https://bmppd.org/bmppd_result/?q=Trichosanthes+DIOICA,028c7e33a51d4e2e64a6881a.html,200,2026-09-24T07:41:07.029080+00:00,89c46402fe00fbc1758dd3ae2535d87284e59fb0ac09eefa0fdcb69994f982a1,text/html; charset=utf-8
https://bmppd.org/bmppd_result/?q=Tragia+INVOLUCRATA,850d804dad825bdf4ed18525.html,200,2026-09-24T07:44:51.282995+00:00,8e9c3f8bd75a170b21e36ee13bf667820086db66ac9cc7bac029337a376b33ef,text/html; charset=utf-8
https://bmppd.org/bmppd_result/?q=Thunbergia+GRANDIFLORA,71049bcb566c2535911f6ebc.html,200,2026-09-24T07:48:29.964752+00:00,b508c7714c6a176a4dfb5ba18c79b401b6e7340cfa0c2279b631f395cd04d068,text/html; charset=utf-8
https://bmppd.org/bmppd_result/?q=Cascabela+thevetia,2cb6d61d6bc876ee8c56d4cd.html,200,2026-09-24T07:48:59.080736+00:00,f27073e5dfffd70b34059487b74b589afe2e0893055e05ac60fb4e1bddc9123a,text/html; charset=utf-8
https://bmppd.org/bmppd_result/?q=Terminalia+CHEBULA,530f06b9c34a37f21d2ab3ba.html,200,2026-09-24T07:50:31.661652+00:00,43420a64d9504a6512946efcca07f75e4eb6a03eec6d6adc8e3ad271480ebcf2,text/html; charset=utf-8
https://bmppd.org/bmppd_result/?q=Terminalia+ARJUNA,d1f5eaf98fa0fd1e1cb93483.html,200,2026-09-24T07:52:07.331688+00:00,e176d14485b68a3f9fda56537a683099b5eacc43dab94a66752bb392760ac472,text/html; charset=utf-8
https://bmppd.org/bmppd_result/?q=Tephrosia+PURPUREA,aa76c23c15f685093d82dcd8.html,200,2026-09-24T07:52:09.369901+00:00,758f840ec6bb8dced948ac2238b02f898f4bcb37ef7a62d96d6ea95d7a45c075,text/html; charset=utf-8
https://bmppd.org/bmppd_result/?q=Tamarindus+INDICA,854e428bb6e2066632082e86.html,200,2026-09-24T07:54:05.897076+00:00,9c812444ea50a026d9fc989d32c61080cb05e636501a8d685be851195ebff4ac,text/html; charset=utf-8
https://bmppd.org/bmppd_result/?q=Striga+asiatica,aa31273c14a91b74fc5e3077.html,200,2026-09-24T07:59:48.353166+00:00,25874a4ed18976dd5bcb2db6f85cd1a724c2d952c9bfffc62ea21ebd475f1c26,text/html; charset=utf-8
https://bmppd.org/bmppd_result/?q=Sterculia+VILLOSA,d842af8e15919250d35a74ca.html,200,2026-09-24T08:01:42.584347+00:00,093f86664b4a6209ecf346ab307716f3fd98f946f6e66af04fde3c9d580e1655,text/html; charset=utf-8
https://bmppd.org/bmppd_result/?q=Stephania+JAPONICA,9f361184f798b634b1c28a1f.html,200,2026-09-24T08:02:04.600261+00:00,10e1fb9790d3fd90dc88d030030e87623ac87bae6fccb396565222bd33655d15,text/html; charset=utf-8
https://bmppd.org/bmppd_result/?q=Stachytarpheta+INDICA,21df2a570038e9e89aadc25b.html,200,2026-09-24T08:03:01.710434+00:00,489e12ffd91ad0c814b48e9d77d04f5806aeca6732fb2604b90b4f8436dd9ee4,text/html; charset=utf-8
https://bmppd.org/bmppd_result/?q=Acmella+paniculata,cc6cfc4e8df622277dd2e3f6.html,200,2026-09-24T08:04:22.367254+00:00,cf90c64f6a77d7ff1398987c6d32db6e8a49bb212e278e51204d69dc6bca57e5,text/html; charset=utf-8
https://bmppd.org/bmppd_result/?q=Smilax+ZEYLANICA,ecf59d7cdc24d3cacb84b76e.html,200,2026-09-24T08:07:35.071844+00:00,e127d590e1c822c7e0deaf3df21c90971bb5169f97f0293acc080d397c16c101,text/html; charset=utf-8
https://bmppd.org/bmppd_result/?q=Smilax+PERFOLIATA,3dea0cd4d81be548e2288217.html,200,2026-09-24T08:08:02.661548+00:00,27bffee4ee615089d6b1c0351004f07eeb73679c58095c2a2a2ee07f5611f41b,text/html; charset=utf-8
https://bmppd.org/bmppd_result/?q=Smilax+GLABRA,f121b6b21ba2ae9041b4a730.html,200,2026-09-24T08:08:16.586842+00:00,2e12424ea72dcbf43e3bb3b6e1ca6263bbd0196bcc4786b57605b1ccb0f76344,text/html; charset=utf-8
https://bmppd.org/bmppd_result/?q=Sida+ORIENTALIS,b7cdd6fabb20620d232ad026.html,200,2026-09-24T08:08:37.962855+00:00,2edf881609103a17067403b029b67d28f51fd90bff5efe382841464d8c72fe2f,text/html; charset=utf-8
https://bmppd.org/bmppd_result/?q=Sapindus+MUKOROSSI,7b93888b0cec71e75daa7bde.html,200,2026-09-24T08:09:53.173622+00:00,468f9cb63d40938be5aff824e3eeddd8131edd46db746852020240b3840f2302,text/html; charset=utf-8
https://bmppd.org/bmppd_result/?q=Sansevieria+ROXBURGHIANA,df26fbf612e452cf1dd62d49.html,200,2026-09-24T08:10:16.349419+00:00,720d621c5d6a3a93704be28c2903aa2c885bfdae87858ad64fb7c81570f71d89,text/html; charset=utf-8
https://bmppd.org/bmppd_result/?q=Sambucas+JAVANICA,4c05b183477de5912fc5f1fa.html,200,2026-09-24T08:10:43.390407+00:00,c1a8305b6aba2bf8e562f56e4d1e8bff8d99a7acde49e9687974854bcdb34501,text/html; charset=utf-8
https://bmppd.org/bmppd_result/?q=Salvia+PLEBEIA,888a1a0670fd11688c3779f3.html,200,2026-09-24T08:10:45.218021+00:00,749d9fb5b3acada6390696a715e77be1c2f981bc601f50087559d0ba9636af50,text/html; charset=utf-8
https://bmppd.org/bmppd_result/?q=Salix+TETRASPERMA,966beb044367ce81203554af.html,200,2026-09-24T08:11:13.872296+00:00,3949f89018ae1d5c6b27b1992c8faf9be160abff21a13159894bbceb03f87779,text/html; charset=utf-8
https://bmppd.org/bmppd_result/?q=Rumex+VESICARIUS,5e3ce0c555f034e1a442a83c.html,200,2026-09-24T08:12:57.779985+00:00,fd19173138add07c1ae247dc5a8b91b4e0333d94021dd2a3ba7aec286b7b446f,text/html; charset=utf-8
https://bmppd.org/bmppd_result/?q=rumex+MARITIMUS,bbadc79812ae323ab7d45cc9.html,200,2026-09-24T08:12:59.815079+00:00,3489c9d946a8b931fe20fe0b1de51289fc6d971d203c969da4270037198bddf7,text/html; charset=utf-8
https://bmppd.org/bmppd_result/?q=Ruellia+SUFFRUTICOSA,f7d42aec5082f0bf1b1fcd48.html,200,2026-09-24T08:13:01.681218+00:00,797bcd644249a97ca80b4e60599d2d6dd41e4227d824b680e3309925c56e90d7,text/html; charset=utf-8
https://bmppd.org/bmppd_result/?q=Rourea+COMMUTATA,daf18db9410de95da743fa92.html,200,2026-09-24T08:13:03.559482+00:00,83077bf6b2b3ac6132fa6a1d818e9d61935b5fda77285d25a1f41edd140bc38c,text/html; charset=utf-8
https://bmppd.org/bmppd_result/?q=Ricinus+COMMUNIS,6e1ef13d2acd3124a914a4c7.html,200,2026-09-24T08:13:05.437517+00:00,86d7105e13b9f3ef9a348c668d25113389c08f08c6136bd33d285c47c82edabe,text/html; charset=utf-8
https://bmppd.org/bmppd_result/?q=RHYNCHOTECHUM+ELLIPTICUM,1e9fad7eb88cb463b760592a.html,200,2026-09-24T08:13:07.311497+00:00,f411c88368d295639293b19eeaa26c1b698c8f07ee6109463f918ac98c174c22,text/html; charset=utf-8
https://bmppd.org/bmppd_result/?q=rhizophora+MUCRONATA,8f76d7b669a7d0e7608412bc.html,200,2026-09-24T08:13:09.151265+00:00,919d81b9c3bd0a6f3da9b7839269b66b97ef93d5dd43e6af2fc339366e1bd95e,text/html; charset=utf-8
https://bmppd.org/bmppd_result/?q=Rhinacanthus+NASUTA,f0a53994a1b22a36706df4de.html,200,2026-09-24T08:13:11.003652+00:00,c077436844ff350d4ed7e1c67f5e11a057ad71996cac4aeee06d4a17a475e780,text/html; charset=utf-8
https://bmppd.org/bmppd_result/?q=Reinwardtia+indica,ce398268aa67975f00cde3b7.html,200,2026-09-24T08:13:12.853877+00:00,abe2673e124b368a431bd6ad69e686ff94896a63f861d85dd18906668abae366,text/html; charset=utf-8
https://bmppd.org/bmppd_result/?q=Rauvolfia+TETRAPHYLLA,2332578032cb5d27a209df81.html,200,2026-09-24T08:13:14.697154+00:00,d937b531ff2181de2b57c51096dfd2877cbe5d97ed11f3f11bb4d2a1449280d6,text/html; charset=utf-8
https://bmppd.org/bmppd_result/?q=Rauvolfia+SERPENTINA,1e177482920a082de058a5b8.html,200,2026-09-24T08:13:16.567660+00:00,456ac59c1a8a0c6a0d13feec3f0eefcd8a0a17faf68e7a8a2d758064a44fa7ad,text/html; charset=utf-8
https://bmppd.org/bmppd_result/?q=Ranunculus+SCELERATUS,66504d97a960a2211961bede.html,200,2026-09-24T08:13:18.431226+00:00,913302400b37e66ca685143d0860d1676bbbac59fd36a9dac6a11ca8d76346f5,text/html; charset=utf-8
https://bmppd.org/bmppd_result/?q=Oxyceros+longiflorus,677d90500eafa7c79029de92.html,200,2026-09-24T08:13:20.286278+00:00,941e417f292eb95a27680b863a1b74fbb11fea067caf7a1e15d37b35dfdc2b53,text/html; charset=utf-8
https://bmppd.org/bmppd_result/?q=aidia+DENSIFLORA,6f870fed8454fed0b5e129b1.html,200,2026-09-24T08:13:22.145903+00:00,be26ba3f89ccc02812086875f02dcd3aebb0393c9a21ec8165f990dbfdab21be,text/html; charset=utf-8
https://bmppd.org/bmppd_result/?q=Combretum+indicum,887a33d25ce5c189ba2c038a.html,200,2026-09-24T08:13:23.957429+00:00,14d4f54295f52452d95a3a3454b4ae116e931204d1a6427371e280a770977063,text/html; charset=utf-8
https://bmppd.org/bmppd_result/?q=Punica+GRANATUM,13985b3430d93685a40b9c69.html,200,2026-09-24T08:13:25.815891+00:00,edc348db11fac55d338990a503d8a14b25c2fdd10c5f4e6973372320c8eeb1a4,text/html; charset=utf-8
https://bmppd.org/bmppd_result/?q=Pueraria+TUBEROSA,103e1d314089e723421aaa7e.html,200,2026-09-24T08:13:27.691083+00:00,d7d81b49f7d8432c46570ccac8622d9aaab8e9bf0a0ddc8dddd9a6194b4289eb,text/html; charset=utf-8
https://bmppd.org/bmppd_result/?q=Pterygota+ALATA,186a0bdb16a88ea56d001559.html,200,2026-09-24T08:13:29.507902+00:00,1bf2797650edfda363ce3bf9685ff718c87b342ad3bca5bf1432df7261b4cf52,text/html; charset=utf-8
https://bmppd.org/bmppd_result/?q=Pterospermum+ACERIFOLIUM,87a4a236985e2f39294f7b4a.html,200,2026-09-24T08:13:31.362237+00:00,5cbbc793fe17782f6dea8daed121ead466246ab4a4a2138b1f01366cf29b90c0,text/html; charset=utf-8
https://bmppd.org/bmppd_result/?q=Psidium+GUAJAVA,dfe963f3cba038a2e24b95bb.html,200,2026-09-24T08:13:33.231036+00:00,bb9ad79b4a1fd210a7eb32f64b9257b99c2f48b6aa8b27cfcea5ed22aafc30a2,text/html; charset=utf-8
https://bmppd.org/bmppd_result/?q=Premna+CORYMBOSA,a3b2f6e25964a3eb393f4aca.html,200,2026-09-24T08:13:35.199060+00:00,c580a33ff357b3df23e308376a9df2e7a866977e430e02f44fe91e5335f866fe,text/html; charset=utf-8
https://bmppd.org/bmppd_result/?q=Premna+ESCULENTA,f1f5fa5d0bc30f5084296f12.html,200,2026-09-24T08:13:37.043492+00:00,21fe439903e1fe50d76db257b2acc16f0cda9a93799d1cdbec2e3f2b0774b892,text/html; charset=utf-8
https://bmppd.org/bmppd_result/?q=Pouzolzia+ZEYLANICA,40898d032d3f6e11400664cf.html,200,2026-09-24T08:13:38.899997+00:00,9c9336601fecf91399246a2e8292a87b86a363dd5b07f111c425e68b5a5b6237,text/html; charset=utf-8
https://bmppd.org/bmppd_result/?q=Pothos+SCANDENS,eee4cc61c39fd0de5c1da24b.html,200,2026-09-24T08:13:40.748419+00:00,33a5c7b3cb647346fc9936ccef0348b55a303cea464b2603673acea2740fcc58,text/html; charset=utf-8
https://bmppd.org/bmppd_result/?q=Portulaca+OLERACEA,30fc2081ef2b86ed1d0e68ba.html,200,2026-09-24T08:13:42.599683+00:00,575bd28670e05e46e128adfeb317ddd1d9855289428747bea8eca40f7d01d6b6,text/html; charset=utf-8
https://bmppd.org/bmppd_result/?q=polygonum+PLEBEIUM,4e6285cc636bcfa9cdd0ff9e.html,200,2026-09-24T08:13:44.437191+00:00,3f67c28faca601b000c66923d0942b87b209fef4b9dcb448347647dfca389206,text/html; charset=utf-8
https://bmppd.org/bmppd_result/?q=Polygala+ARVENSIS,7675041c2ae101a9b31c7185.html,200,2026-09-24T08:13:46.280875+00:00,a01979eaa3a3a28c3c6b341dbfe07ce7cb6a0df2ad494b08a749509d36fa9769,text/html; charset=utf-8
https://bmppd.org/bmppd_result/?q=Polyalthia+LONGIFOLIA,a334e3f2a76df6603cc38a6f.html,200,2026-09-24T08:13:48.120790+00:00,20eaebce99733cb626de45d7301085a196c203e21c51ce71a5bcb3b6b41925e0,text/html; charset=utf-8
https://bmppd.org/bmppd_result/?q=Polianthes+TUBEROSA,c2ea3e67d923379459446e7c.html,200,2026-09-24T08:13:49.978812+00:00,e3d04a2fb4d4d54e26b31dcac2237d10df1c446a3c0d840aa0a187c00b11f873,text/html; charset=utf-8
https://bmppd.org/bmppd_result/?q=Pogostemon+PUBESCENCE,71d47fdce27915e8e7f8cda9.html,200,2026-09-24T08:13:51.831978+00:00,c810610081cd5ccf64a98731f32db3eff67cf4b17a1f2f000f7c2ddbee936008,text/html; charset=utf-8
https://bmppd.org/bmppd_result/?q=Pogostemon+BENGHALENSE,6a92f01b604c44d025eb9811.html,200,2026-09-24T08:13:53.673378+00:00,01c9f53369e4137e0a6b475ef4735d78a2c3c49afca7701ab866f84ce7c245a1,text/html; charset=utf-8
https://bmppd.org/bmppd_result/?q=Plumeria+RUBRA,2fc755cccd6c8e75ad986ff7.html,200,2026-09-24T08:13:55.527419+00:00,517e6b2b3d628089f404f06a6bc5d4fef2a941b743ae3a088d858c2d441cf51e,text/html; charset=utf-8
https://bmppd.org/bmppd_result/?q=Plumbago+ZEYLANICA,51fcb3f92806804ea0890440.html,200,2026-09-24T08:13:57.412082+00:00,a5b13745985b76c85ce52c7205d316a2dfdae6a6e75f02cc34fbcac8cde4695d,text/html; charset=utf-8
https://bmppd.org/bmppd_result/?q=Plumbago+INDICA,5778d43858ccf155d0d04102.html,200,2026-09-24T08:13:59.259219+00:00,a8e9522772513fe9a4cc12c248a18f871f96d10094d7707e08136abc56bea34a,text/html; charset=utf-8
https://bmppd.org/bmppd_result/?q=Pithecellobium+DULCE,c56506afee50606224803230.html,200,2026-09-24T08:14:01.111064+00:00,94b75a3dce53ff163df53338eda0674c0c30f6f2efd4131715f173f73750cdb4,text/html; charset=utf-8
https://bmppd.org/bmppd_result/?q=Archidendron+clypearia,c8a950a14805af9be74ca91f.html,200,2026-09-24T08:14:02.957836+00:00,2a7edd3722851cbf9fda6165328be4c6d69fc33d767aca7a40e51c0eb7ac0b1c,text/html; charset=utf-8
https://bmppd.org/bmppd_result/?q=Pisum+SATIVUM,6218a088c041fda5701aa420.html,200,2026-09-24T08:14:04.799247+00:00,bec86a24e290f8dbd61bfebcc9adba54230066025d2eb8a99501ddd68b5fe1e9,text/html; charset=utf-8
https://bmppd.org/bmppd_result/?q=Pistia+STRATIOTES,e6395e0f248d4e84bf322217.html,200,2026-09-24T08:14:06.640115+00:00,f951d9432f150015046f6dbd0c2d20821b848cd8ab01c65049a619f5cbe42a9c,text/html; charset=utf-8
https://bmppd.org/bmppd_result/?q=Piper+RETROFRACTUM,eff6ad8e78cc5560af9ca907.html,200,2026-09-24T08:14:08.477664+00:00,7bfc1914c092428d0c9e2ed236cdd555dfb48da854cbd6f0e621fe2125bfbdc3,text/html; charset=utf-8
https://bmppd.org/bmppd_result/?q=Piper+NIGRUM,7e72a2b9503139810c0170b3.html,200,2026-09-24T08:14:10.337329+00:00,c4fdd27c50ea0392d0e5173e605cbc6ebf91d77ee4d6ec1b08ae3c2ad6c65ba3,text/html; charset=utf-8
https://bmppd.org/bmppd_result/?q=Piper+LONGUM,3ddbeca95ce3c7e10dc72e69.html,200,2026-09-24T08:14:12.258585+00:00,f7a588ca92fb448cd4922b16229386b4a5777f9d635e45826061ab6fd80c69bd,text/html; charset=utf-8
https://bmppd.org/bmppd_result/?q=Piper+BETEL,1f86458fb1e1b68e5b0ada94.html,200,2026-09-24T08:14:14.118476+00:00,2371b12df7dddf9f26e5f2f7cd0067669ffb0fb37977aa7ffa215c4d28fa28b6,text/html; charset=utf-8
https://bmppd.org/bmppd_result/?q=Picrasma+JAVANICA,aa67501be1d977b2a8bb0d40.html,200,2026-09-24T08:14:15.968410+00:00,2f6019192d8dde67745120fd099430794c1715e7086d8ed638b0006ac0befbc3,text/html; charset=utf-8
https://bmppd.org/bmppd_result/?q=Physalis+minima,e2b2801cf2c16206844850cb.html,200,2026-09-24T08:14:17.820270+00:00,4c4bdab7c8f2bfa66cf7d87b237a040e3ee1f95383e01ee8a1e5d1e4e268dc63,text/html; charset=utf-8
https://bmppd.org/bmppd_result/?q=Phyllanthus+virgatus,4d4e313404aa184971ca23f4.html,200,2026-09-24T08:14:19.998639+00:00,d3e8d54583947ff3576330a19321a31441b39c3eebb8172e70bba3295c36131d,text/html; charset=utf-8
https://bmppd.org/bmppd_result/?q=Phyllanthus+URINARIA,f221e741132ec5f83102377b.html,200,2026-09-24T08:14:21.838258+00:00,7d45f9760ec2a8fe046b51f30897d0924227cd6e77e082efff1a79272ffccd62,text/html; charset=utf-8
https://bmppd.org/bmppd_result/?q=Phyllanthus+RETICULATUS,c2390cab192175f53dec9bbd.html,200,2026-09-24T08:14:23.683346+00:00,cff0359c66f0072089262f395398b443ad48123c688e7c5146d4c6e6b5a37a49,text/html; charset=utf-8
https://bmppd.org/bmppd_result/?q=Phyllanthus+MADERASPATENSIS,72439b321ef54377165ac607.html,200,2026-09-24T08:14:25.538383+00:00,8cfa0c81328bbf2473c650e939e1a558f432c8573702115d1a8a4a0fd75597c0,text/html; charset=utf-8
https://bmppd.org/bmppd_result/?q=Phyllanthus+amarus,17401417108938bf74110709.html,200,2026-09-24T08:14:27.411688+00:00,ed2f6c4f0092ee6c6d28b7c7ce1e96499437aba86e10af8a547545e3435f4357,text/html; charset=utf-8
https://bmppd.org/bmppd_result/?q=Phyllanthus+acidus,050a694c4b0c0d99b96832b3.html,200,2026-09-24T08:14:29.260801+00:00,695b658a8a215122689deb69821430c9e00b002f260af48900abfeb12181dde8,text/html; charset=utf-8
https://bmppd.org/bmppd_result/?q=Phyla+NODIFLORA,d6610e3197615b8fcaa7afaf.html,200,2026-09-24T08:14:31.098074+00:00,9e7d1fcfa8c80393ba107232bdd5c8302531bf8e5c1f0cc81949c767e9c0e629,text/html; charset=utf-8
https://bmppd.org/bmppd_result/?q=Phragmites+karka,8a423b9de21d54b1bb7e36e9.html,200,2026-09-24T08:14:32.933537+00:00,5297d12ee78aae05d169f4f171510a3926716a7315b460e883ec6312a72a9265,text/html; charset=utf-8
https://bmppd.org/bmppd_result/?q=Phoenix+sylvestris,3ec08454af6b9b729877e7e3.html,200,2026-09-24T08:14:34.782658+00:00,a15641e4682d800f9658c9bc0eb2b47c0fcfddfa58555d6866936316128a98c7,text/html; charset=utf-8
https://bmppd.org/bmppd_result/?q=Phlogacanthus+THYRSIFLORUS,6d149efc401055976010cc91.html,200,2026-09-24T08:14:36.622334+00:00,016c3ff25f44dbd0040246c15e7a97d103c15c8ef9be763bd8fff2307001fa16,text/html; charset=utf-8
https://bmppd.org/bmppd_result/?q=Persicaria+ORIENTALIS,aafb62bb16e9b0952dcddfbb.html,200,2026-09-24T08:14:38.463245+00:00,4e1a517405e29f400c29da569dce5fb56cb16d4a7657ee6511b799665d27a665,text/html; charset=utf-8
https://bmppd.org/bmppd_result/?q=Persicaria+hydropiper,a1b72868b35aa2df670caaa6.html,200,2026-09-24T08:14:40.301269+00:00,bf7d3436dcbb8d10e473f6d3abbf5f06543fc6878c58a99b6d578c32730dba52,text/html; charset=utf-8
https://bmppd.org/bmppd_result/?q=Persicaria+GLABRA,9d9ea4b7f4c5464056efe513.html,200,2026-09-24T08:14:42.152435+00:00,aaa255667945523e70609b14a3be37b28f93fc63322b6528978ff9bbd910d957,text/html; charset=utf-8
https://bmppd.org/bmppd_result/?q=Persicaria+BARBATA,7647ee3641c8c739c8df3539.html,200,2026-09-24T08:14:43.993299+00:00,1e086749c68916d3921866540dd15ea7f49119bbc4ebdaa1ac4d17f982982ba9,text/html; charset=utf-8
https://bmppd.org/bmppd_result/?q=Pericamphylus+GLAUCUS,334b89ddb1156f4d2fabb2a7.html,200,2026-09-24T08:14:46.254204+00:00,bc86df124c8235ecd4f2831daad1cbe1c428d99d404d1e650206fd6ac2b2cd0e,text/html; charset=utf-8
https://bmppd.org/bmppd_result/?q=Pergularia+DAEMIA,c5d71237263e367af64878f3.html,200,2026-09-24T08:14:48.093755+00:00,2a1ded12b1e544eb65c690d86695901d22fe7a1cb9507fde14bcb78a5c6ace35,text/html; charset=utf-8
https://bmppd.org/bmppd_result/?q=Peperomia+pellucida,e6e418ecd3c02a91053a0e21.html,200,2026-09-24T08:14:49.932119+00:00,45f52c121aa40dc0998d7ddf9df50bc97a1c981cddef9e4a214df5b5f393589a,text/html; charset=utf-8
https://bmppd.org/bmppd_result/?q=Euphorbia+tithymaloides,0ed02d91f31206dc67e3ecf6.html,200,2026-09-24T08:14:51.780478+00:00,599fc5122dbad534a47e3eae32f9b1935fda3f8c0728b5520f5a3243002e2d25,text/html; charset=utf-8
https://bmppd.org/bmppd_result/?q=Pavetta+INDICA,3e09a84cbc9fd2474df65f77.html,200,2026-09-24T08:14:53.621362+00:00,5ae8923412e998543e17e3fbdf7e10dc0367131f7e7e67cccc381c2385f67f91,text/html; charset=utf-8
https://bmppd.org/bmppd_result/?q=Passiflora+FOETIDA,a9adfffc778725d31cd4bb3f.html,200,2026-09-24T08:14:55.480884+00:00,d472f21b5923ec58b1bc6d1dd7407f3a64dc1b808d5632019a1eefb2f7c33d8c,text/html; charset=utf-8
https://bmppd.org/bmppd_result/?q=Parsonia+SPIRALIS,8bc23c8be36824282456be34.html,200,2026-09-24T08:14:57.339161+00:00,a25ed1f61c9378609d75b789d3dd032eba4fc59a474865d0310c9e827218b666,text/html; charset=utf-8
https://bmppd.org/bmppd_result/?q=Pandanus+odorifer,4819ef07406e07b23ad3c5be.html,200,2026-09-24T08:14:59.187082+00:00,0c304c010a0ff4efc2105e4c3ab3f3b9a590aa8652b690e4eccac799d1e05860,text/html; charset=utf-8
https://bmppd.org/bmppd_result/?q=Paederia+LANUGINOSA,2349b05fbd020477fc41077c.html,200,2026-09-24T08:15:01.031496+00:00,b6b52900b3c3e69ff28a9f8d1310ae13d550798f74a973bef03d5a7163d25e33,text/html; charset=utf-8
https://bmppd.org/bmppd_result/?q=Paederia+FOETIDA,4a35b2f5eac1e4559ad41921.html,200,2026-09-24T08:15:02.888715+00:00,f07a8d4e770b404f7a1a74bb7420a98d5612176fecd52af44cc7adb11750edde,text/html; charset=utf-8
https://bmppd.org/bmppd_result/?q=Oxystelma+SECAMONE,53461f2058b3f0d78e4d2d9d.html,200,2026-09-24T08:15:04.773092+00:00,e2ef2e32710ac28bc13e691fb8aadbf1511c0519af6d945f31d9aed9ed9eec3a,text/html; charset=utf-8
https://bmppd.org/bmppd_result/?q=Oxalis+CORNICULATA,440eeec1607912987e88e603.html,200,2026-09-24T08:15:07.038824+00:00,c709e9f971dd21a210b9a058ec6cfe4c79279214697b26d56dec9dcd8a7a7827,text/html; charset=utf-8
https://bmppd.org/bmppd_result/?q=Oryza+SATIVA,9ea450e1cf7db0eb050f1581.html,200,2026-09-24T08:15:08.893143+00:00,8da17bc766479e31746349d21f5eb83c7b950269882111979d136b7f07302b03,text/html; charset=utf-8
https://bmppd.org/bmppd_result/?q=Orthosiphon+aristatus,05944c7b4d857ff92cf8a27d.html,200,2026-09-24T08:15:10.732485+00:00,fbf1cf3635d90891684d22a20d4f2a5d21592c15f01356c285f9a5e41ac2083d,text/html; charset=utf-8
https://bmppd.org/bmppd_result/?q=Oroxylum+INDICUM,3b24668b40c219edc1bda56a.html,200,2026-09-24T08:15:12.584984+00:00,39f7e97e577db88eed71286ce461f1351774d8758113f62a9148b30a5ae27bfb,text/html; charset=utf-8
https://bmppd.org/bmppd_result/?q=Orobanche+AEGYPTIACA,89aa8b132a52bb1c6dfddc38.html,200,2026-09-24T08:15:14.430745+00:00,f17b7ac080308eaac1f997aefb796f1d2bfe7b74c81b469f29242c7ca46da649,text/html; charset=utf-8
https://bmppd.org/bmppd_result/?q=Opuntia+ELATIOR,70101a1bb6081691ce977762.html,200,2026-09-24T08:15:16.271736+00:00,c346d506c533be265fe26da76ce0e7b3d2691c2c7844315d62fb55bb8d9aa96c,text/html; charset=utf-8
https://bmppd.org/bmppd_result/?q=Operculina+TURPETHUM,7964d2152cf9e953e8454ca6.html,200,2026-09-24T08:15:18.125475+00:00,3ecdb30303762fd18355315081616c24d97ab754acb9e5820b264cc8e7d23dbc,text/html; charset=utf-8
https://bmppd.org/bmppd_result/?q=Ocimum+tenuiflorum,9dbd19f4b4ac504fcfc31a62.html,200,2026-09-24T08:15:20.142981+00:00,db0ce51644b42529585859de3ea1a87fb18007e3575318220c39d9db6c19dafa,text/html; charset=utf-8
https://bmppd.org/bmppd_result/?q=Ocium+GRATISSIMUM,3ab050a527697e08ab9cadb6.html,200,2026-09-24T08:15:22.139628+00:00,e02eb61829f13628599cf739389dda376b2ae6b8b85ce2da2ca761b05e985c84,text/html; charset=utf-8
https://bmppd.org/bmppd_result/?q=Ocimum+BASILICUM,8dd59037f12540e322cfc509.html,200,2026-09-24T08:15:24.124445+00:00,4a6ed1813d4af3f4f78101d1100c0aebaf26117a2e8b5f1c12437c57f3861f81,text/html; charset=utf-8
https://bmppd.org/bmppd_result/?q=Ocimum+AMERICANUM,7a880a426f7c0c8cc10e4cf9.html,200,2026-09-24T08:15:25.979360+00:00,16068a0cceaed45a2d8ccd2f792f34e536458d4eb97815ee5be1ae6d9b485d6c,text/html; charset=utf-8
https://bmppd.org/bmppd_result/?q=discladium+SQUARROSUM,7d4e8c34e2d0958be47d06c8.html,200,2026-09-24T08:15:27.879064+00:00,a0d99cf1497a2ba3d10aba3283c45f7f536c319eb0691245a465e5070bc4e3c9,text/html; charset=utf-8
https://bmppd.org/bmppd_result/?q=Nymphoides+HYDROPHYLLA,cc695fba8a8586fe0171e7a0.html,200,2026-09-24T08:15:29.746614+00:00,588cc32e44ec512bc64699e75734bdab3b8d2342f55188eaa738447dab16780d,text/html; charset=utf-8
https://bmppd.org/bmppd_result/?q=Nymphaea+nouchali,4287d2a2ebe94bf444e377bc.html,200,2026-09-24T08:15:31.592582+00:00,429ba8a6316907eb92bb3c858eb8ac0933b4297ee19da2d3940fe314f3d3dfeb,text/html; charset=utf-8
https://bmppd.org/bmppd_result/?q=Nymphaea+NOUCHALI,c0b7e85c99cdfef2c5aa3638.html,200,2026-09-24T08:15:33.436836+00:00,e67e43fca2da33050ec91f83b12833e80f00e12462e99ec1bae21f9827115cf6,text/html; charset=utf-8
https://bmppd.org/bmppd_result/?q=Nyctanthes+ARBOR-TRISTIS,fea2a03c119563d701c06923.html,200,2026-09-24T08:15:35.302827+00:00,d140ec7e2ec25d09f477c68a496e9dd00ef263e7a17324e1446f6fd6d112777b,text/html; charset=utf-8
https://bmppd.org/bmppd_result/?q=Nipa+FRUTICANS,5db136d2cd13b8a9e76ef9fc.html,200,2026-09-24T08:15:37.156621+00:00,74b87197e90704ef86a2c424b1601ad23d6ca5b32b0ec1da3c121b28a85f5daf,text/html; charset=utf-8
https://bmppd.org/bmppd_result/?q=Nigella+SATIVA,340ab3cde6125c465acbcc45.html,200,2026-09-24T08:15:39.007172+00:00,c57cb3d4f222e2b0e47474f1686a890f705bce52b7304ee77e190768d704e171,text/html; charset=utf-8
https://bmppd.org/bmppd_result/?q=Nicotiana+TABACUM,3d1238d01690cc0a6612d047.html,200,2026-09-24T08:15:40.893054+00:00,d358c074fe9f22a69af74ce1de892c569d67a02e4eb9d115b2d8062a2ec5ad99,text/html; charset=utf-8
https://bmppd.org/bmppd_result/?q=Nicotiana+RUSTICA,b2a87bbe7979c2882d05155c.html,200,2026-09-24T08:15:42.962303+00:00,4f08a85f7db9dc31dcb13cfa40a74b2c1b11d6ed43a706b14b6ddf3010289a64,text/html; charset=utf-8
https://bmppd.org/bmppd_result/?q=Nerium+oleander,1afe8205110f0ca4e237f730.html,200,2026-09-24T08:15:44.806108+00:00,17e82016c1e3493b4f1e7aad49b66bf8bd5428450166b747af1a848a5d895f9a,text/html; charset=utf-8
https://bmppd.org/bmppd_result/?q=Nelumbo+NUCIFERA,c906f682376c49748f3217db.html,200,2026-09-24T08:15:46.644462+00:00,fc863efc0f375e6bbfb4146ade57455c67757eedff39c0ed7d197815f1e21975,text/html; charset=utf-8
https://bmppd.org/bmppd_result/?q=Neonauclea+sessilifolia,38e03a4f82d735ecb8474616.html,200,2026-09-24T08:15:48.487114+00:00,04dfeac5239bf1e3e2d3fbfe0d09d5b1c604be4e65cde4af3b6ab72f0cdccff3,text/html; charset=utf-8
https://bmppd.org/bmppd_result/?q=Rorippa+indica,ec0ef731183138973af57c67.html,200,2026-09-24T08:15:50.337721+00:00,32ae57673128c241a5c19e54076ddcfc6e718fa73599e04650c5c6fb5a9b7787,text/html; charset=utf-8
https://bmppd.org/bmppd_result/?q=Myrica+ESCULENTA,0e1299da762db0f04b4973d0.html,200,2026-09-24T08:15:53.182029+00:00,14dbdd776103e0743d12de8b4b36490d6d248a9c10591e90dfd6ff24eb7d63ae,text/html; charset=utf-8
https://bmppd.org/bmppd_result/?q=Mussaenda+ROXBURGHII,114184de994912b743a94676.html,200,2026-09-24T08:15:55.030817+00:00,bcd88461e3c1a60176c3bfa5b960208f08f220470e68dad8dc8a91b0913d2e97,text/html; charset=utf-8
https://bmppd.org/bmppd_result/?q=Mussaenda+GLABRATA,6bd9e267c48cda4b9f48ade5.html,200,2026-09-24T08:15:56.912976+00:00,01ea5f3dabf8d66f24ea30bfba4bd8928277cb749fc3897d6a5a74225883dbf4,text/html; charset=utf-8
https://bmppd.org/bmppd_result/?q=Musa+PARADISIACA,9bae963dee43ecbb53b06567.html,200,2026-09-24T08:15:58.763131+00:00,155076e180a84d5fb94796f33361094cfd07d5aa203638240bd7f5f83de8ff2a,text/html; charset=utf-8
https://bmppd.org/bmppd_result/?q=Musa+ORNATA,f00c54448752ac5c79dde8f8.html,200,2026-09-24T08:16:00.601267+00:00,3588e711be9b4cdf95b189e0d1ef88be73fa2105d36880134e0c9776928951c4,text/html; charset=utf-8
https://bmppd.org/bmppd_result/?q=Murraya+PANICULATA,7115952905ba1fb06a25f279.html,200,2026-09-24T08:16:02.452631+00:00,00996918d6e6303518fdb7e4677dff94907bf8d35d2495fb272261c4cef480e0,text/html; charset=utf-8
https://bmppd.org/bmppd_result/?q=Murraya+KOENIGII,450b7177b4178b1050405ef4.html,200,2026-09-24T08:16:04.310935+00:00,5d83392f5cafa4d991b558b9de3ec951488313cf095c8d3c101c4a0bddeb36d8,text/html; charset=utf-8
https://bmppd.org/bmppd_result/?q=Murdania+NUDIFLORA,0e8ba34d1e0113d8ffe5eab3.html,200,2026-09-24T08:16:06.150905+00:00,bf12f116c9ac4066cd0740240cfa0eb0a896806541e36160ebac41f370b10536,text/html; charset=utf-8
https://bmppd.org/bmppd_result/?q=Mucuna+PRURIENS,e861afc9c7023989a8579271.html,200,2026-09-24T08:16:07.995946+00:00,73f2c86aa17f920fd5ebccad70bd8453abd842b9e3189be58956340b219ef117,text/html; charset=utf-8
https://bmppd.org/bmppd_result/?q=Mucuna+MONOSPERMA,dbfa1d80ebe59206c05de225.html,200,2026-09-24T08:16:09.837043+00:00,1236c679b24d00100308724cc4b007b6508d845490d647634c116bbcbd141570,text/html; charset=utf-8
https://bmppd.org/bmppd_result/?q=Morus+INDICA,04b9a516b04fea13c935fb75.html,200,2026-09-24T08:16:11.678532+00:00,a3c5c79c13f72edfd15da21ec43b8659e8d6c7a5b49b52352c9f56fc0464ef2f,text/html; charset=utf-8
https://bmppd.org/bmppd_result/?q=Moringa+OLEIFERA,a6239206c7ac3d85913c0a48.html,200,2026-09-24T08:16:13.557459+00:00,124f1d6c421fd10b4ca44f3ebe4f6b2401bc7a5c895e7b5ba428c1b9daefdd9d,text/html; charset=utf-8
https://bmppd.org/bmppd_result/?q=Morinda+CITRIFOLIA,b1ab1205740d592919544edb.html,200,2026-09-24T08:16:15.481825+00:00,f135cbbee5871c4e407862b8d24946d17179e6e7dc3dff1d3890b91890977264,text/html; charset=utf-8
https://bmppd.org/bmppd_result/?q=Morinda+ANGUSTIFOLIA,2edc07e1437b41f596a16019.html,200,2026-09-24T08:16:17.327727+00:00,ce89a65e84acee7ce26f74017bb3072cb3b9b9b1688d6143954507e06dd1b086,text/html; charset=utf-8
https://bmppd.org/bmppd_result/?q=Monochoria+VAGINALIS,ff773fc2dbd75207c1f1b855.html,200,2026-09-24T08:16:19.166616+00:00,1bb5417cefb8c57a7bf9468b06287f5dc76e162bd9c17c66dbe8ce54e20ce897,text/html; charset=utf-8
https://bmppd.org/bmppd_result/?q=Monochoria+HASTATA,427681b94a75b16ca431722c.html,200,2026-09-24T08:16:22.045980+00:00,40a2e866ff3920b38cbac51dcac38701c40fa7206a571e89b158a5e7c5a57df2,text/html; charset=utf-8
https://bmppd.org/bmppd_result/?q=Momordica+DIOICA,2a7d0f7e82dc5a3db65ebe2c.html,200,2026-09-24T08:16:23.892513+00:00,5b2ffa0121b0cb67808b6d7243878379b2329f4ac4e6564e32cdc818bae94226,text/html; charset=utf-8
https://bmppd.org/bmppd_result/?q=Momordica+COCHINCHINENSIS,3773a6d550127d078a2f8bd4.html,200,2026-09-24T08:16:25.731025+00:00,e89c8738c2831ec439cb70ab9ff6c35f5c1144f87caec9db9d9d9bfda54f0968,text/html; charset=utf-8
https://bmppd.org/bmppd_result/?q=Momordica+CHARANTEA,1bce1a60ddb7c28f5d9b1a10.html,200,2026-09-24T08:16:27.572146+00:00,dc2c5f163efab7d5672b945ba5d8eb4ddb0ad0a63243e6899d769cf36b2c0bb2,text/html; charset=utf-8
https://bmppd.org/bmppd_result/?q=Molineria+CAPITULATA,78259e4697b1a3735a277942.html,200,2026-09-24T08:16:29.435168+00:00,7d2ff5c3d26922f0efc2379b6db5980f3c6eaf29f8a2f175ed1cb193516598a0,text/html; charset=utf-8
https://bmppd.org/bmppd_result/?q=Mitragyna+PARVIFOLIA,384e6c381ea93ec624279dc1.html,200,2026-09-24T08:16:31.277211+00:00,04fa8ee125f6b83b4c43a1445a10f4acd705ae1ec5eeb75169c13c3c93576a47,text/html; charset=utf-8
https://bmppd.org/bmppd_result/?q=Mirabilis+JALAPA,66d959a184b63182bcfd2b44.html,200,2026-09-24T08:16:33.115481+00:00,c81c1d7abb3dbaa8afe06da2467ece58da7219bb09d2f1f9ff7e744572f26bf6,text/html; charset=utf-8
https://bmppd.org/bmppd_result/?q=Mimusops+ELENGI,8ea47796c6188cea027dae9d.html,200,2026-09-24T08:16:34.974717+00:00,00d137bf20f44bee166de7bca1108c2f7c38ea8f10c07c6751062a5783d8862b,text/html; charset=utf-8
https://bmppd.org/bmppd_result/?q=Mimosa+PUDICA,d46d9270c08817c5bff970f7.html,200,2026-09-24T08:16:36.877293+00:00,948041af35a425cc2cc028cf256dbab95518074b8e35f83aa690d8051ca13258,text/html; charset=utf-8
https://bmppd.org/bmppd_result/?q=Mikania+CORDATA,b5d360af48ccf454e39f9446.html,200,2026-09-24T08:16:38.732146+00:00,721417d894521237836072548840a381cbb5a3c54ad1ad6f9c91f71807bad13f,text/html; charset=utf-8
https://bmppd.org/bmppd_result/?q=Michelia+CHAMPACA,b40af082b484871eda15f8b7.html,200,2026-09-24T08:16:40.810243+00:00,4f40f44cf2b78e229eabdfe4c1da8355524c261182e5b0900d55936f8869793b,text/html; charset=utf-8
https://bmppd.org/bmppd_result/?q=Meyna+SPINOSA,6c28780d3cfcb70ad8054c98.html,200,2026-09-24T08:16:42.756531+00:00,c5f401e16abfa185d92035f6593ec6eef18f6e2fef066315baf4bc12826ce916,text/html; charset=utf-8
https://bmppd.org/bmppd_result/?q=Merremia+VITIFOLIA,f61ccd8e19136aeeb13b8f54.html,200,2026-09-24T08:16:44.615444+00:00,579fd51b27765671ed4f55b874ffe2f0fccb49aaeee61553208be400f0a3e2d1,text/html; charset=utf-8
https://bmppd.org/bmppd_result/?q=Mentha+ARVENSIS,0f8548951bd618bd618e33d4.html,200,2026-09-24T08:16:46.453548+00:00,e0e1280658d65cc346c5890b0febf35b7d602a428b6fade570b2273deea37ef2,text/html; charset=utf-8
https://bmppd.org/bmppd_result/?q=Memecylon+UMBELLATUM,776544ad38bc459c271765de.html,200,2026-09-24T08:16:48.291041+00:00,420cfdbfffdb1ccaf9ca8a267e8d8d290649ffa22e77cc7645297fa2f2b84ee2,text/html; charset=utf-8
https://bmppd.org/bmppd_result/?q=Melothria+HETEROPHYLLA,81c38a31c8e4603bff8f1ec8.html,200,2026-09-24T08:16:50.139353+00:00,c27f47ce3f6c2de465a5ffd9600f56d24866484ed445d800878d0244697cdaf0,text/html; charset=utf-8
https://bmppd.org/bmppd_result/?q=Melochia+CORCHORIFOLIA,9c79050c9c746444ccddd4b2.html,200,2026-09-24T08:16:51.985516+00:00,180bd13cf1ad5a7953e5fd9ea7429ca7d232783f0d6b2aa15700660c8bc42684,text/html; charset=utf-8
https://bmppd.org/bmppd_result/?q=Melilotus+ALBA,c68f4c82ff7c4f7c91600cbb.html,200,2026-09-24T08:16:53.845099+00:00,dce8abc1df2ecf82bbcfae13bac87013b9a8698a8140b2ae7b2645055ea5fea7,text/html; charset=utf-8
https://bmppd.org/bmppd_result/?q=Melia+SEMPERVIRENS,d77c67a209b26f00c9fc841d.html,200,2026-09-24T08:16:55.686108+00:00,18be8f2152961d2317c23e60a49a2afa38c56c23bc259648a76fa31313587b1c,text/html; charset=utf-8
https://bmppd.org/bmppd_result/?q=Melastoma+MALABATHRICUM,0796c4864e037e3f92cee2e2.html,200,2026-09-24T08:16:57.529465+00:00,8b9556ee0aee1cc98ad176eec289a6aeca1f7543833047f59744251ab08f6dc3,text/html; charset=utf-8
https://bmppd.org/bmppd_result/?q=Martynia+ANNUA,01aa1b1d01c1951d908da361.html,200,2026-09-24T08:16:59.406262+00:00,2fcac5e247839e8e68474b8ec92a0c5c22dbd1558443a08f5925ec6269385f52,text/html; charset=utf-8
https://bmppd.org/bmppd_result/?q=Marsdenia+TINCTORA,35a1e11ce51176fcae4eba9e.html,200,2026-09-24T08:17:01.258080+00:00,5437948871e2cb36a990b9b13eaa600bec99cb506de6fb4f64c72dbc0b2b7fff,text/html; charset=utf-8
https://bmppd.org/bmppd_result/?q=Maranta+ARUNDINACEA,9f841865d31ee3072a36cf3d.html,200,2026-09-24T08:17:03.104756+00:00,ac755dcb56cd240e2d8f7a1eb78c1fdfe5d77ea5a3f221dfb0ab9bb4e150d00e,text/html; charset=utf-8
https://bmppd.org/bmppd_result/?q=Manilkara+ZAPOTA,08564d89350e2704eb614ec7.html,200,2026-09-24T08:17:04.946394+00:00,4fe3194cec3b5ffe664e913796039891f5b713dc8f860109a8a3f752d7f92de7,text/html; charset=utf-8
https://bmppd.org/bmppd_result/?q=Manilkara+HEXANDRA,140a8696a891ae1c5bead181.html,200,2026-09-24T08:17:06.786036+00:00,5889e46f398967da488118316cc328a6a60a641f50b5ad3abae2725f6669a71b,text/html; charset=utf-8
https://bmppd.org/bmppd_result/?q=Manihot+ESCULENTA,b47ac8ef40bcd0794f78e6d1.html,200,2026-09-24T08:17:08.611167+00:00,93cc58f88c606cef1d7bcd7c87f7b19584ed991cf0fb962bf9c44552ce349c74,text/html; charset=utf-8
https://bmppd.org/bmppd_result/?q=Mangifera+laurina,080b744da00109d08b24e070.html,200,2026-09-24T08:17:10.481695+00:00,bb1a24df29f6b4d6747fca84173476be810c2c9263aee2f9f3d9bc66bc93e4eb,text/html; charset=utf-8
https://bmppd.org/bmppd_result/?q=Mangifera+INDICA,5979d2e4bbf587d987e2e2cb.html,200,2026-09-24T08:17:12.531541+00:00,99acfbbee484c8c867e36119afa045523b1bf3b6aa1011826f5a5f100e9fbeef,text/html; charset=utf-8
https://bmppd.org/bmppd_result/?q=Mallotus+ROXBURGHIANUS,85a6208fd39ce7f4b0ee3816.html,200,2026-09-24T08:17:14.533939+00:00,68f5de7afab09923d9971550f7a23c49b2341bce98819016a95390bbcc10d946,text/html; charset=utf-8
https://bmppd.org/bmppd_result/?q=Mallotus+PHILIPPINENSIS,dd0053aa8ebb4b974d9339df.html,200,2026-09-24T08:17:16.368810+00:00,5cd2b876b72a1cac40fb967ececbc22e1a91370feb86b42144e35eb315e7a5d2,text/html; charset=utf-8
https://bmppd.org/bmppd_result/?q=Maesa+INDICA,be58143a0f0a9916707646c3.html,200,2026-09-24T08:17:18.215504+00:00,b42f02fe5be919584ef4ecc7901ae6568c1f5226298d9f7d6830e55e13e0322c,text/html; charset=utf-8
https://bmppd.org/bmppd_result/?q=Maesa+ACUMINATA,2e20cbed5afbd4a1bc328b02.html,200,2026-09-24T08:17:20.077928+00:00,0bcfa21d5f51b6e96a158ef9293aa60250e96522898eac49e6440e76e8adf268,text/html; charset=utf-8
https://bmppd.org/bmppd_result/?q=Macrotyloma+uniflorum,dc16458da2f95e2a0db8289d.html,200,2026-09-24T08:17:21.929917+00:00,6bb59c33bfe40aea0ae2767d973991ff550ec5582b2cc06bf282d4cc18e3110b,text/html; charset=utf-8
https://bmppd.org/bmppd_result/?q=Macrosolen+COCHINCHINENSIS,d24c229e6e5845f18d982b0d.html,200,2026-09-24T08:17:23.769964+00:00,9eecd7e5bc251df126026a667501db6e11c7d19929bfd28d365d8301ad9333c2,text/html; charset=utf-8
https://bmppd.org/bmppd_result/?q=Macaranga+DENTICULATA,1691f04787f663b28796e2df.html,200,2026-09-24T08:17:25.615240+00:00,b841d08850968a506bb2789d4d7a0033035a41e7ad3ad4dfde8d756a7928a0a8,text/html; charset=utf-8
https://bmppd.org/bmppd_result/?q=Lygodium+MICROPHYLLUM,8bab01adf3efb41ae5ff7826.html,200,2026-09-24T08:17:27.452399+00:00,f26d9103d6150fc38a8c3072ee1f1a914bd539ac9929e3cf479ddb9bf73aae18,text/html; charset=utf-8
https://bmppd.org/bmppd_result/?q=Lygodium+JAPONICUM,f67650f00d9953cf0fdb4e25.html,200,2026-09-24T08:17:29.296610+00:00,0c1b8d2a8b092d0378081695e43bd0013dbb110275adafc58c6ba8fc704baa1e,text/html; charset=utf-8
https://bmppd.org/bmppd_result/?q=Lygodium+FLEXUOSUM,1f2140bbabc87ae88a3a378a.html,200,2026-09-24T08:17:31.141642+00:00,59ae860251245d6ba4c49013c7c71da0f14947740210664d917ff3c971042d3f,text/html; charset=utf-8
https://bmppd.org/bmppd_result/?q=Lygodium+CIRCINATUM,e5bf0087a665c3d26294fc2e.html,200,2026-09-24T08:17:34.049408+00:00,33f8396975df3de38f6abcc0a59fe25a6e53f52724c9bddf109f0250700446e9,text/html; charset=utf-8
https://bmppd.org/bmppd_result/?q=Lycopersicon+LYCOPERSICUM,125bce46ab657027a91a8f16.html,200,2026-09-24T08:17:35.899646+00:00,45cbf7c2523dc541bfd144aa3dec2139c09527b181165ea9c56b710add5202d8,text/html; charset=utf-8
https://bmppd.org/bmppd_result/?q=Luvunga+SCANDENS,5d2e5fe271d130129275739b.html,200,2026-09-24T08:17:37.739912+00:00,7dee9cbec6ebcdb5823c4d3980ac9db47f190b7dac34d9c9d2742fa7b7cfec8d,text/html; charset=utf-8
https://bmppd.org/bmppd_result/?q=Luffa+CYLINDRICA,40becf47986fff986ffefd39.html,200,2026-09-24T08:17:39.580819+00:00,aa0a9aea3383ab38c57440a4f1266e5272dad1d7a0c51aba778267a27d5bd670,text/html; charset=utf-8
https://bmppd.org/bmppd_result/?q=Luffa+ACUTANGULA,281e39f07324c826d3af4979.html,200,2026-09-24T08:17:41.440182+00:00,0e900016dcb18d960cab7112878191f8df5fa101bbb54f165def123e52cd6fb9,text/html; charset=utf-8
https://bmppd.org/bmppd_result/?q=Ludwigia+ADSCENDENS,c2ebeff594373280239b9b69.html,200,2026-09-24T08:17:43.308998+00:00,fefdcb575f6f1af9904bbfab8e755e4aacffc866479c4a0bea1cada0d7c3605f,text/html; charset=utf-8
https://bmppd.org/bmppd_result/?q=Litsea+MONOPETALA,575920cd709f262dba3029d3.html,200,2026-09-24T08:17:45.160590+00:00,902ae485519700622188918d9297bbb671b1fba6a5947756850f0dabde65ba17,text/html; charset=utf-8
https://bmppd.org/bmppd_result/?q=Litsea+LANCIFOLIA,b311fc252c622b3b824b7208.html,200,2026-09-24T08:17:47.016256+00:00,145eb4d66418c91974056a05c181478a29a72c7f0a4ac6998b2a019d2ffe46c7,text/html; charset=utf-8
https://bmppd.org/bmppd_result/?q=Litsea+GLUTIONSA,6f78b6762dccd3c7367ee7c7.html,200,2026-09-24T08:17:48.857688+00:00,8d67b98f3519a6466607efdd7a6c0710e55568a75d2d620f4f433cfa83a38874,text/html; charset=utf-8
https://bmppd.org/bmppd_result/?q=Litchi+CHINESIS,3ae7526d991e19b207738362.html,200,2026-09-24T08:17:50.706694+00:00,dd4f028d8a7985cfaf745b17be3970dfa1585808dd5be0b0cc7732ab24f05352,text/html; charset=utf-8
https://bmppd.org/bmppd_result/?q=Linum+USITATISSIMUM,c96a110a942d21ae31d04e04.html,200,2026-09-24T08:17:52.545756+00:00,830107e3631c8a8bb03a9a8c8e22af3468eb7ad7fe68715990782a5b70b5966e,text/html; charset=utf-8
https://bmppd.org/bmppd_result/?q=Lindenbergia+INDICA,19bd09f49363cb056e2c64e2.html,200,2026-09-24T08:17:54.383338+00:00,67f40279737f50095b53a87f7d18551d9149770df1ce17a0fa03c43477277f3f,text/html; charset=utf-8
https://bmppd.org/bmppd_result/?q=Limnophila+INDICA,0a62ee261c2c5d57f2101a8f.html,200,2026-09-24T08:17:56.234671+00:00,9fcb849a5685bac61856d2a9d89bf72d4496d9e14cc065949c864227442057e3,text/html; charset=utf-8
https://bmppd.org/bmppd_result/?q=Leucas+zeylanica,401485fa1097a8e477d85233.html,200,2026-09-24T08:17:58.074904+00:00,c61bf6788ea6ce16de9a0dfd52a874aceedcd79dfdfb6462a599c0daa2472169,text/html; charset=utf-8
https://bmppd.org/bmppd_result/?q=Leucas+LAVANDULIFOLIA,edccefd498a486d2dda39360.html,200,2026-09-24T08:17:59.915480+00:00,df6dc2bfa31ea563132baa1d6c304d444124d05c7824701c6d0f9ec6cd181241,text/html; charset=utf-8
https://bmppd.org/bmppd_result/?q=Leucas+CEPHALOTES,45ea16ab6cf307a6c344da5b.html,200,2026-09-24T08:18:01.757726+00:00,06ec186d7a6549522dece349c5665a24f6535512d06f6b73674ad19359cfa341,text/html; charset=utf-8
https://bmppd.org/bmppd_result/?q=Leucas+ASPERA,2e5420562c9287a50975bba8.html,200,2026-09-24T08:18:03.642435+00:00,4717642813551e3de38915bf723693220f7e7bd7df0aac35f4eae4d822d50753,text/html; charset=utf-8
https://bmppd.org/bmppd_result/?q=Leonurus+SIBIRICUS,f4928cf5c8f2195a0364f814.html,200,2026-09-24T08:18:05.547874+00:00,9a6cc46e12350d96d7dd0fbace44f47c55ae1f7d47f251e2c6a1487b77187db3,text/html; charset=utf-8
https://bmppd.org/bmppd_result/?q=Lens+CULINARIS,030a87488ddf6ebb683e1d3a.html,200,2026-09-24T08:18:07.389190+00:00,77d9c595d55ef656afe6b7d793ea358975d4098d97dcf253f13593c6159df3d5,text/html; charset=utf-8
https://bmppd.org/bmppd_result/?q=Leea+MACROPHYLLA,6937c5feadb81f78cb413839.html,200,2026-09-24T08:18:09.227739+00:00,62572c4838de997b9fd7f37e3edea1cd84ba10437ab95ccb0bc3df7c380cf6d8,text/html; charset=utf-8
https://bmppd.org/bmppd_result/?q=Leea+INDICA,708ecbdb5fb90280203ce94b.html,200,2026-09-24T08:18:11.071069+00:00,9a28c391db100b94077f99ba838152a2fea9e7d345d43c7bae4605e0a71eec99,text/html; charset=utf-8
https://bmppd.org/bmppd_result/?q=Leea+asiatica,ce298c72c5843f2264b1f95e.html,200,2026-09-24T08:18:12.925463+00:00,2c68d9ed66ad63d2c07c2ed12abbe1ff36355b5d8074312f843fed4805b4bade,text/html; charset=utf-8
https://bmppd.org/bmppd_result/?q=Leea+AEQUATA,57861667b3b6c74e2bb421b1.html,200,2026-09-24T08:18:14.767973+00:00,549bb7d15963a82de74eb1403c80a1997def3674b177631e85444f54805e2250,text/html; charset=utf-8
https://bmppd.org/bmppd_result/?q=Lawsonia+INERMIS,cba707d1c10bb32fd11cd09c.html,200,2026-09-24T08:18:16.642465+00:00,57d4ddfe1abfb61498b83fbdf70e7d04aae9cb091e617d18e49fafc332934f95,text/html; charset=utf-8
https://bmppd.org/bmppd_result/?q=Launaea+SARMENTOSA,88b2b270ec0bfb929ad860ef.html,200,2026-09-24T08:18:18.544869+00:00,1c230d23666b5a1f66c675fc3c5cf723bfc3beb4193451303e3eed243986542d,text/html; charset=utf-8
https://bmppd.org/bmppd_result/?q=Launaea+ASPLENIIFOLIA,a3703350b4cbff70ef702858.html,200,2026-09-24T08:18:20.382985+00:00,344afe4af52d405be6d005d8fd149ce95c2a5a260a6cb135c76e236279aaaaa9,text/html; charset=utf-8
https://bmppd.org/bmppd_result/?q=Lasia+SPINOSA,571ee4d672cd27389e13d443.html,200,2026-09-24T08:18:22.225378+00:00,dfc3fb75ea1f4bf6e75105410b19c6d9598f5819e3ee62e9e436221b58f27c3c,text/html; charset=utf-8
https://bmppd.org/bmppd_result/?q=Dendrocnide+sinuata,488cb8367f8de9f22162b110.html,200,2026-09-24T08:18:24.070710+00:00,a45adc8282ad3a846d3110de18f3596493867bd1004e0b3060653fed70ef4983,text/html; charset=utf-8
https://bmppd.org/bmppd_result/?q=Lantana+CAMARA,b0b19c31f5e589f7f3402bf6.html,200,2026-09-24T08:18:27.753309+00:00,329da4954547de1cdfe7305f8219fe6de74b2c696265bf0ea5b28f0a4e139744,text/html; charset=utf-8
https://bmppd.org/bmppd_result/?q=Lannea+COROMANDELICA,16254b6fb3779cc29147b721.html,200,2026-09-24T08:18:29.674673+00:00,d2e570662aca05416948298944db1e72aaf920de67cd6990a69d3049dc1f2b54,text/html; charset=utf-8
https://bmppd.org/bmppd_result/?q=Lagerstroemia+INDICA,47cb9c2ab3536c256bed711e.html,200,2026-09-24T08:18:31.565951+00:00,c37423830b2aaacbd8ebf59824b3b7b630fd8f334ab45ae1cd656e26604645d7,text/html; charset=utf-8
https://bmppd.org/bmppd_result/?q=Lageneria+SICERARIA,bdd9e250042f29a0ac45b602.html,200,2026-09-24T08:18:33.405213+00:00,06b374900fa81266c36e8e58c30f305c95f726579ca7cf605f052b2fcab26d25,text/html; charset=utf-8
https://bmppd.org/bmppd_result/?q=Lablab+PURPUREUS,6b01551655c3c1cd113681e8.html,200,2026-09-24T08:18:35.258609+00:00,e5bfadb3cf7c41dced8598579777a221df9541445b00a07569b4d27f395208d1,text/html; charset=utf-8
https://bmppd.org/bmppd_result/?q=Bryophyllum+pinnatum,1ae0110003a1eca59fa8644e.html,200,2026-09-24T08:18:37.092529+00:00,142f9ce6f3f4bec72ea23234927d596cdcf99f0bc6edbab17960eab2cd7e7f12,text/html; charset=utf-8
https://bmppd.org/bmppd_result/?q=Kaempferia+ROTUNDA,fa78f5f4655502aaff7e15ba.html,200,2026-09-24T08:18:38.966509+00:00,e42fcfc245f1763dfe5b2d2968cb96682901aeb33c5af0e75182f4033617cfe4,text/html; charset=utf-8
https://bmppd.org/bmppd_result/?q=Kaempferia+PARVIFLORA,76b8aba49e3f119527c5e05f.html,200,2026-09-24T08:18:40.807439+00:00,54fb7e76f8da9c87aa3994ed9093b1d32f387589c99abcc085da155001852aa9,text/html; charset=utf-8
https://bmppd.org/bmppd_result/?q=Alpinia+sessilis,68aeeadc1886b2c1af03f7db.html,200,2026-09-24T08:18:42.663096+00:00,22f9ab4b693cc966dc61d53c85bdc6be183836ad2799e61bb87a3021261a0684,text/html; charset=utf-8
https://bmppd.org/bmppd_result/?q=justicia+JAPONICA,0534c72e085375a2c7cdabe7.html,200,2026-09-24T08:18:44.503391+00:00,39af9884c4b4fa6266bdfe22dd9ce7e53e3e3297706dab37a4720fb60a002e5f,text/html; charset=utf-8
https://bmppd.org/bmppd_result/?q=Justicia+GENDARUSSA,0a18f4821cb243e21030bbf7.html,200,2026-09-24T08:18:47.401616+00:00,6ad36c2f20493ce990926f29af7b462f3ab3f73f538eea794e555c3efdcd2edf,text/html; charset=utf-8
https://bmppd.org/bmppd_result/?q=Jatropha+GOSSYPIFOLIA,1173b3f137424309f977709e.html,200,2026-09-24T08:18:49.246702+00:00,9380964cedac7a7c20ec2152c41797125f928cd6029931cb0afa9d34445d6b4e,text/html; charset=utf-8
https://bmppd.org/bmppd_result/?q=Jasminum+SCANDENS,2d1fd10521b09e119771de96.html,200,2026-09-24T08:18:51.095132+00:00,bd91a6aa727e1b1ff6ed112003563cd11c8208ed355e3baf46b817eeecc93995,text/html; charset=utf-8
https://bmppd.org/bmppd_result/?q=Jasminum+SAMBAC,2e0e5c70a5f9f07c58ef43be.html,200,2026-09-24T08:18:54.917499+00:00,f8dca467766b849ed2e26351d127628fc499f1846b66f49e2dd03e45943e01a1,text/html; charset=utf-8
https://bmppd.org/bmppd_result/?q=Jasminum+ANGUSTIFOLIUM,628a3914e67bac668c2c09aa.html,200,2026-09-24T08:18:56.825344+00:00,5c856194abffaad0cddb4c31ff522e73ac6dd972b3d15c3eee7d61ddb8e8e9c1,text/html; charset=utf-8
https://bmppd.org/bmppd_result/?q=Ixora+NIGRICANS,5ec632a5e66cb533bf800a83.html,200,2026-09-24T08:18:58.890301+00:00,6879de19bb70cae245ddcc73196ab772d40117b18002a500494119d338c89d8c,text/html; charset=utf-8
https://bmppd.org/bmppd_result/?q=Ixora+CUNEIFOLIA,c2cd7e493b46f7755da4279d.html,200,2026-09-24T08:19:00.731410+00:00,fbb51627a31ee53b8bcc235679b796dad765f015ce5ed623025355ea8180c07d,text/html; charset=utf-8
https://bmppd.org/bmppd_result/?q=Ixora+COCCINEA,816253da8896ffc80147f147.html,200,2026-09-24T08:19:02.578191+00:00,feda94f6cd2bc7742770364925bb3327a99d9d37385f99e56fece9b43d2ea339,text/html; charset=utf-8
https://bmppd.org/bmppd_result/?q=Ixora+pavetta,db60376be94d3c5c5ec90157.html,200,2026-09-24T08:19:04.422509+00:00,fe49cfcc2f84c36d8d841619c63f9cfc030458ce5918a1025a3657bf5fa52aba,text/html; charset=utf-8
https://bmppd.org/bmppd_result/?q=Isodon+LOPHANTHOIDES,61d3fa530e2a91164659a435.html,200,2026-09-24T08:19:07.293770+00:00,702dbc15be38c5f8842916ca8b25f27d01f89bdcdd5e9c103aa055be40160e26,text/html; charset=utf-8
https://bmppd.org/bmppd_result/?q=ipomoea+QUAMOCLIT,f6956d74b8ed43faf91cd7a8.html,200,2026-09-24T08:19:09.132509+00:00,0165dd2570180e17f9b5a65e114b36627fa65a2a69d3ff189a0c70cf7ac6dc8a,text/html; charset=utf-8
https://bmppd.org/bmppd_result/?q=Ipomoea+PES,824708cd6f6895fa2a807120.html,200,2026-09-24T08:19:10.972844+00:00,97a0b496f39df011f00e1f30680c1c354f18bc0c91c121ae8c3ee83919b3e04b,text/html; charset=utf-8
https://bmppd.org/bmppd_result/?q=Ipomoea+PES-CAPRAE,3bd66665536dc9bb87d3ec34.html,200,2026-09-24T08:19:12.824522+00:00,b5b39955b9d3950a7b456c7da93f2f4f868d4d073242b789bf77d2e4c7e664ee,text/html; charset=utf-8
https://bmppd.org/bmppd_result/?q=Ipomoea+OBSCURA,229dbbbfb1623aa97b00837c.html,200,2026-09-24T08:19:14.665407+00:00,34f7f34e37b86839f8a9efddc39bc9ce2ac40eee9da3c414190509e79a8634b6,text/html; charset=utf-8
https://bmppd.org/bmppd_result/?q=Ipomoea+MAXIMA,d7d254f588fd6f50c3d005cb.html,200,2026-09-24T08:19:17.548237+00:00,8126de343b8775099f9a7634a1214aede0a69801cf201202ccbfce6d358218e8,text/html; charset=utf-8
https://bmppd.org/bmppd_result/?q=Ipomoea+MAURITIANA,15829a7b16c8d34f2bb58599.html,200,2026-09-24T08:19:19.388999+00:00,c4140f097f193a78e72cc5852780d93b5a6fae9fd11ef30413ea3f0357f165f8,text/html; charset=utf-8
https://bmppd.org/bmppd_result/?q=Ipomoea+BATATUS,620946829c5ec495af4dbf87.html,200,2026-09-24T08:19:21.228120+00:00,64ff9fcf6e21b3c5dca222775ccd65bd512473d8e4217a72c98bec49b0e6e5c1,text/html; charset=utf-8
https://bmppd.org/bmppd_result/?q=Ipomoea+AQUATICA,cdb58f886eed65f6b6594e34.html,200,2026-09-24T08:19:23.066840+00:00,45bb78fe5ee86226f663eb110c2d4c719cba2f9940650eacdcb434d4db7f9dae,text/html; charset=utf-8
https://bmppd.org/bmppd_result/?q=Ipomoea+ALBA,f818b367aac2d5888ced1537.html,200,2026-09-24T08:19:24.930993+00:00,b587de28e0a637969e198a94177ef2239742eace0372bf1d15aacb59ac9dbac8,text/html; charset=utf-8
https://bmppd.org/bmppd_result/?q=Indigofera+TINCTORIA,4f98e68f243c8c4b19bacb2c.html,200,2026-09-24T08:19:26.769475+00:00,40b0c42b0031a34e2bf531cff590f11c61a55132c03f050db90862bda7441ff2,text/html; charset=utf-8
https://bmppd.org/bmppd_result/?q=Imperata+CYLINDRICA,f5f57ba0c73bf5b9bdff532e.html,200,2026-09-24T08:19:28.608301+00:00,f801692dec0b85f4655238e83c435081e37e1aad680befcefc9f96c166c7fd0c,text/html; charset=utf-8
https://bmppd.org/bmppd_result/?q=Impatiens+BALSAMINA,e3cd4ac7b4a963b2b94b6d9d.html,200,2026-09-24T08:19:30.448127+00:00,8a8afb4fb5d55acd2595824a82b1483730117e34d39eb6758dbf15e623564458,text/html; charset=utf-8
https://bmppd.org/bmppd_result/?q=Ichnocarpus+FRUTESCENS,9f08d35dd030fb754d8c9392.html,200,2026-09-24T08:19:32.290192+00:00,036d69aa4af9b56b7bea0604d818aaa81591e71007f6636f204823c706bcabf8,text/html; charset=utf-8
https://bmppd.org/bmppd_result/?q=Hyptis+SUAVEOLENS,377da47dbd031e101c679c9b.html,200,2026-09-24T08:19:34.362768+00:00,de5f8d8de7af57486b8e5fb3d9fbcf9dae435828a99acb4daca2eedac05f7a33,text/html; charset=utf-8
https://bmppd.org/bmppd_result/?q=Hypericum+JAPONICUM,1f56f3df8b670aa6d3a1e5e3.html,200,2026-09-24T08:19:36.204965+00:00,eae762baa04af7e6e8a8dba79af45efc1f14dd162228704e9dd2a393b3d710f6,text/html; charset=utf-8
https://bmppd.org/bmppd_result/?q=Hymenodictyon+ORIXENSIS,23ed9e00e878078a50be7b57.html,200,2026-09-24T08:19:38.056616+00:00,632d9c932ca8bd313fd308df5bcf6ee6f1f3b0b27724064fc69379770a1e2599,text/html; charset=utf-8
https://bmppd.org/bmppd_result/?q=Hygroryza+ARISTATA,ddac084539b3268b13041d03.html,200,2026-09-24T08:19:39.896476+00:00,b3f10a33432710d82392cdf1f69dde465ef5b43822fb80e7d54077e064459876,text/html; charset=utf-8
https://bmppd.org/bmppd_result/?q=Hygrophila+AURICULATA,734887a16e87ffd12fbb7fe6.html,200,2026-09-24T08:19:41.742492+00:00,69b4ca7953b8f941dc608c46e8a6ccaed06d281d211522b52b0e2e4eb8e23a56,text/html; charset=utf-8
https://bmppd.org/bmppd_result/?q=Hydrolea+ZEYLANICA,9cb064881e1ed97f54bec219.html,200,2026-09-24T08:19:43.600920+00:00,92c61399341935337fafce2f462a08d28645340a87bde49af9d8646930067be1,text/html; charset=utf-8
https://bmppd.org/bmppd_result/?q=Hydnocarpus+KURZII,36a721eda5702d2344bf4b26.html,200,2026-09-24T08:19:45.449057+00:00,d6cde489da87be0c4e2c121e4ab3c549060ee001dbb3b0e8f4e0d0b999dac2e0,text/html; charset=utf-8
https://bmppd.org/bmppd_result/?q=Hybanthus+ENNEASPERMUS,26b9e53639d4e9efb2704881.html,200,2026-09-24T08:19:47.291208+00:00,dea7d882bf23f0a563b096ea3d54a7f0cbe8747aa0083af978a46c46a9942e87,text/html; charset=utf-8
https://bmppd.org/bmppd_result/?q=Hoya+PARASITICA,2c4ae571083e45088f50c998.html,200,2026-09-24T08:19:49.135429+00:00,288a0caf92a283b2ba561eeebb9ce1f28ec3984a0cabf8b83e89411572fbf850,text/html; charset=utf-8
https://bmppd.org/bmppd_result/?q=Hopea+ODORATA,888f1b2a0cd6bd2f6dbd1c03.html,200,2026-09-24T08:19:50.975251+00:00,49b4b265d8ad9b0812478349b2cdb4890777e1d0b3aae4aa175b7c7bc9acb3c6,text/html; charset=utf-8
https://bmppd.org/bmppd_result/?q=Homalomena+aromatica,43b45e54d54017a859d13f18.html,200,2026-09-24T08:19:52.829717+00:00,72b1deeef32e9215d314c40bdcd66f8b8ec400beed7a54b78df82aadf132a643,text/html; charset=utf-8
https://bmppd.org/bmppd_result/?q=Holarrhena+PUBESCENCE,c5914da68687c501dcc56715.html,200,2026-09-24T08:19:54.701405+00:00,d7569d329594f2314a783115ccb2313fd43512c13d86d1966c145fe26a6e2d51,text/html; charset=utf-8
https://bmppd.org/bmppd_result/?q=Hiptage+BENGHALENSIS,6922791626ccaeb7cbfe786b.html,200,2026-09-24T08:19:56.540844+00:00,1ef7f53b3b9d1d21befc74871929670993c8fe97e4c66e3544385c3041964ff6,text/html; charset=utf-8
https://bmppd.org/bmppd_result/?q=Hibiscus+TILLIACEUS,39701de9882f056991683120.html,200,2026-09-24T08:19:58.382225+00:00,984edac86e1d9e61ffca9d1eb2fce218b22747852e7602097bd49a9a1796f832,text/html; charset=utf-8
https://bmppd.org/bmppd_result/?q=Hibiscus+SURATTENSIS,be3afad96881f680af396131.html,200,2026-09-24T08:20:00.256435+00:00,d5d931974a224c5772b7b70eeb7be73d926350b52cbc6763fa7976c144ed1496,text/html; charset=utf-8
https://bmppd.org/bmppd_result/?q=Hibiscus+SABDARIFFA,ae7d111d13a3d2e58bfcc174.html,200,2026-09-24T08:20:02.373164+00:00,2f806b61b89e8a20d17787de1e32395b8cbe6b93f2b7019c053dc7d5f82d4140,text/html; charset=utf-8
https://bmppd.org/bmppd_result/?q=Hibiscus+ROSA-SINENSIS,c7a537f573448169dfa58e46.html,200,2026-09-24T08:20:04.424118+00:00,8e6e594f37428784cb459cf1ed2eae349c65a96fb122092637baa5431eb4bf60,text/html; charset=utf-8
https://bmppd.org/bmppd_result/?q=Hibiscus+MUTABILIS,41ab2cb35442e071af579516.html,200,2026-09-24T08:20:06.317145+00:00,a89cc9fd92726ba0fd3af63bddf1fd6e6aead6a1a02e0e5a27ce0b996374d944,text/html; charset=utf-8
https://bmppd.org/bmppd_result/?q=Hibiscus+CANABINUS,27c3cf168d9f26a8973b84fc.html,200,2026-09-24T08:20:08.185525+00:00,dbba25bcc04c0c6bd5be6d59e60c10acc1253dbd4a8527b9b0c583aa80e5fd50,text/html; charset=utf-8
https://bmppd.org/bmppd_result/?q=Schefflera+hypoleuca,7cef907023f7c2858e731e40.html,200,2026-09-24T08:20:10.034819+00:00,fcfe1937b51f535bdd46d155d25000bd1bcc8d241c8fc044f5127a7bd9589f1c,text/html; charset=utf-8
https://bmppd.org/bmppd_result/?q=Hemigraphis+HIRTA,05e701c6da53b66b751e1733.html,200,2026-09-24T08:20:11.883579+00:00,1ba9fa3495ad4dafdfce7b3cfd505174e52790a2401c4c4adedab48edca3f257,text/html; charset=utf-8
https://bmppd.org/bmppd_result/?q=Hemidesmus+INDICUS,d8e9fa0b1d97c89d5492ebac.html,200,2026-09-24T08:20:13.728763+00:00,310e83643b3abe5ff3f05febf73291cb04307007aff35ffe4bad13b0724952a5,text/html; charset=utf-8
https://bmppd.org/bmppd_result/?q=Helminthostachys+ZEYLANICA,7aa7f7696cee5ff0cb506594.html,200,2026-09-24T08:20:15.592247+00:00,40ecb93ec0d0ebd46f6545f07732e4b41e2c4f79473c7bb1d0b91cabe76308c1,text/html; charset=utf-8
https://bmppd.org/bmppd_result/?q=Heliotropium+INDICUM,f4486efa9b408edeaf5b84a1.html,200,2026-09-24T08:20:17.464739+00:00,0463a202ff80e6ae4df92ee10e4843c13bd87f623432fdd6acd3651f41c13688,text/html; charset=utf-8
https://bmppd.org/bmppd_result/?q=Helicteres+ISORA,bb6533d3cc1b3a9a34175395.html,200,2026-09-24T08:20:19.961824+00:00,82dea97e101653191386b9951a02087658f6a5665869a011b1ca708784178776,text/html; charset=utf-8
https://bmppd.org/bmppd_result/?q=Helianthus+ANNUS,f8efc02be7d7952287b94243.html,200,2026-09-24T08:20:21.801218+00:00,e9852376d4126d56d2096807aeb9423562e417b56cb4f901e53a780d7f1e6761,text/html; charset=utf-8
https://bmppd.org/bmppd_result/?q=Hedyotis+SCANDENS,128a6362ae1b725c58606f1a.html,200,2026-09-24T08:20:23.646448+00:00,eaf268930e6bead95a31f1f795a0cf7e46a2bfd9b7f2288fbbf525e8e5168085,text/html; charset=utf-8
https://bmppd.org/bmppd_result/?q=Oldenlandia+diffusa,e626b772d3975da48e562171.html,200,2026-09-24T08:20:25.497511+00:00,0310d5ba18bb66faf0ac86341516bfa67277f1d228e91afbc5909100db3fb346,text/html; charset=utf-8
https://bmppd.org/bmppd_result/?q=Oldenlandia+corymbosa,d47026900a15ec209684a36a.html,200,2026-09-24T08:20:27.337984+00:00,209fe3c0665c3f55c4f180f63128eca2580b4cedeac895897ebf6f55e33a8335,text/html; charset=utf-8
https://bmppd.org/bmppd_result/?q=Hedychium+CORONARIUM,ac62b5dac2029ff7e5c033ec.html,200,2026-09-24T08:20:29.176913+00:00,d459d5de9a34caa4cf907d479f43ea2091a8d989818fdc6654d4ea7b8cd60728,text/html; charset=utf-8
https://bmppd.org/bmppd_result/?q=Peristylus+constrictus,a7213105598bb24fee67af25.html,200,2026-09-24T08:20:31.028580+00:00,b40b8245083313d8e2ce62d0584d6778e26b3e35ddf832d3e773163133cc967b,text/html; charset=utf-8
https://bmppd.org/bmppd_result/?q=Gynocardia+ORORATA,b06823cd9a4fb3b8d0d1a0a9.html,200,2026-09-24T08:20:32.867158+00:00,9a16250f4b7113f1fdb3511dbd0a42c79d247e7addd12537eb0f25a860ac04df,text/html; charset=utf-8
https://bmppd.org/bmppd_result/?q=Gymnopetalum+chinense,1943d428fb697b4c8a8b6bee.html,200,2026-09-24T08:20:34.712007+00:00,c543172ba15d24f8e34425a2218e8ad20e69dd974d0f12ed3d2675bcfc5a2fbc,text/html; charset=utf-8
https://bmppd.org/bmppd_result/?q=Grewia+asiatica,677f25019c02e7db55f41446.html,200,2026-09-24T08:20:36.562331+00:00,c0d435a39b8793ce0875e2d1bcfdee2356591fae7b13417b939af887470041ae,text/html; charset=utf-8
https://bmppd.org/bmppd_result/?q=Grewia+SCLEROPHYLLA,bca54470bf9dfafb45c685b4.html,200,2026-09-24T08:20:38.406976+00:00,af5be0c6e8e0a1f9e79ca8004b2bc287114b3f6473a3c662b778694a34e2f32c,text/html; charset=utf-8
https://bmppd.org/bmppd_result/?q=Grewia+nervosa,2ee7a72fe98bc69917164365.html,200,2026-09-24T08:20:40.249710+00:00,5b3984076f989920d8663ac8f09c4fd0498fbbbfaf13d2dcfd5face34bcc0169,text/html; charset=utf-8
https://bmppd.org/bmppd_result/?q=Grangea+MADERESPATANA,5a05836de8dab3622c4e8c70.html,200,2026-09-24T08:20:42.097404+00:00,cda3ab39f644c4b6cf659f22709ecf5b7e4dc7c9319a23ea435fa3cf75e99c17,text/html; charset=utf-8
https://bmppd.org/bmppd_result/?q=Gossypium+HERBACIUM,dba389dba299456a9fdfbbf5.html,200,2026-09-24T08:20:43.934147+00:00,7db714f7ee50d80c8495d2221c4547750d4abb357fb8eaa34376150e10b2d477,text/html; charset=utf-8
https://bmppd.org/bmppd_result/?q=Gomphrena+GLOBOSA,665278bdc5fb681ddfd4be12.html,200,2026-09-24T08:20:45.775330+00:00,9bc75a30d16e6f591f91a89a6097a4f595571404babc666d4c898bac48e7809b,text/html; charset=utf-8
https://bmppd.org/bmppd_result/?q=Gnetum+MONTANUM,fac73c14f9f37264f10b07ab.html,200,2026-09-24T08:20:47.616535+00:00,29850214fddc339a991b1e7e2c084502e63f9927cc25c695176438bc972a7234,text/html; charset=utf-8
https://bmppd.org/bmppd_result/?q=Laphangium+luteoalbum,4e8ecc10df8c872bf7015cbd.html,200,2026-09-24T08:20:49.458746+00:00,c3213b55151ddc0e5023a6a0eec086198482c900374dc3e91da271a8e54b2482,text/html; charset=utf-8
https://bmppd.org/bmppd_result/?q=Glycosmis+PENTAPHYLLA,7645473009784821632ba405.html,200,2026-09-24T08:20:51.311637+00:00,5ae417e6c3c01b753d61af999658f06504f3354da6d5d1f2a81f00b934e033ae,text/html; charset=utf-8
https://bmppd.org/bmppd_result/?q=Gmelina+ARBOREA,caf46ec41162ae84e2299e76.html,200,2026-09-24T08:20:53.178248+00:00,1b57992f62dca4dd1b942b5e29807c61102d0d2fde0affb24c69b58869454e01,text/html; charset=utf-8
https://bmppd.org/bmppd_result/?q=Gloriosa+SUPERBA,30c31c5a8aebd8bc1d3b98c2.html,200,2026-09-24T08:20:55.195297+00:00,6ec8b5e04106d3010bf1e3599c249acfb6ab7e4800c997e0def8166fe405e132,text/html; charset=utf-8
https://bmppd.org/bmppd_result/?q=Glochidion+LANCEOLARIUM,79c4058d25b3016a577d81d4.html,200,2026-09-24T08:20:57.082070+00:00,07fb2284ad771752646625ccaf2f016ee77e857db924560f5fee13d55fea2c82,text/html; charset=utf-8
https://bmppd.org/bmppd_result/?q=Glinus+OPPOSITIFOLIUS,662fc239c60334da537b7738.html,200,2026-09-24T08:20:58.930049+00:00,ff346057795e9402a6321f91220d3855d9cf57f49a3417365f4aca345955956f,text/html; charset=utf-8
https://bmppd.org/bmppd_result/?q=Garuga+PINNATA,d55e429301d07205a584b290.html,200,2026-09-24T08:21:00.766449+00:00,b18d74e9c8935984188dd9a9d299b0a27b00d69df8a20136d11ce463d05ffd3a,text/html; charset=utf-8
https://bmppd.org/bmppd_result/?q=Gardenia+RESINIFERA,f327a90bbffc0692264f53ae.html,200,2026-09-24T08:21:02.609436+00:00,cea2289c0e7bea219a5b4b7576208f7283e027ba91f1a5272f87ac79078341ca,text/html; charset=utf-8
https://bmppd.org/bmppd_result/?q=Gardenia+JASMINOIDES,b17421508733fd0a7d1d72d9.html,200,2026-09-24T08:21:04.456403+00:00,849eaaa02e1241b2707a604b7149b2fc4427efa69ed3d47f00781317245be216,text/html; charset=utf-8
https://bmppd.org/bmppd_result/?q=Gardenia+CORONARIA,b95ec254a57dcf811880ade1.html,200,2026-09-24T08:21:06.294770+00:00,083ca59ed26de8eccd62fcf34531c32d655efcb61acc52c14946696d88e96bdc,text/html; charset=utf-8
https://bmppd.org/bmppd_result/?q=Ceriscoides+campanulata,ffca2888832a1cd3dae365db.html,200,2026-09-24T08:21:08.132051+00:00,7c06d294148e776d1f56ea56368d78e59027d1a9edfe8cb123a57ebe8a92f990,text/html; charset=utf-8
https://bmppd.org/bmppd_result/?q=Garcinia+XANTHOCHYMUS,8efe2ccc333fad7a3aecdf2c.html,200,2026-09-24T08:21:09.969007+00:00,aa7712cf115aa32a4fb011634cf8c80c7f3a47898444b1eee385296123f5e299,text/html; charset=utf-8
https://bmppd.org/bmppd_result/?q=Garcinia+COWA,361d27e56b35a40244ba282b.html,200,2026-09-24T08:21:11.778602+00:00,bc0228714fa3073722de8eadd8ea0b00f5dd40b347d746028f9e2992f83d7afa,text/html; charset=utf-8
https://bmppd.org/bmppd_result/?q=Foeniculum+VULGARE,567164eaf7da3195f2c7b48c.html,200,2026-09-24T08:21:13.621698+00:00,61454c5e74287f1f0a2fc31f2a7f1e8e87f5b1822dc47f42601b9aa3a977a652,text/html; charset=utf-8
https://bmppd.org/bmppd_result/?q=Floscopa+SCANDENS,65ba9ab9854c5cc8c7c31b9b.html,200,2026-09-24T08:21:15.700546+00:00,50aedd09fcb11332c33fe7dd9f61c7c1966cc406e644286a12cde6b360519cd7,text/html; charset=utf-8
https://bmppd.org/bmppd_result/?q=Flemingia+STROBILIFERA,d4f0e08c5341bc383b78ff42.html,200,2026-09-24T08:21:17.511564+00:00,75c2e919fd3391d10be1ecd477c5dee401839ebb5407f80b50fb4d562591a585,text/html; charset=utf-8
https://bmppd.org/bmppd_result/?q=Flemingia+MACROPHYLLA,432e0ba15030636fe55d474c.html,200,2026-09-24T08:21:19.353164+00:00,f474cd062905eb47757e0e8f868e2339e3f7711cc8bb00757198d517ee81daf2,text/html; charset=utf-8
https://bmppd.org/bmppd_result/?q=Flacourtia+JANGOMAS,ee5d319b4aa49f271a0759a6.html,200,2026-09-24T08:21:21.332046+00:00,aa1a8571963902f426dc89a9375fad11874e25c5a5da93159db8de0480576e88,text/html; charset=utf-8
https://bmppd.org/bmppd_result/?q=Flacourtia+INDICA,8543f535ea3401cdf26e6cbf.html,200,2026-09-24T08:21:23.183885+00:00,682d5e6514d5b79702561ecbdfb2d3e6be35c3d16da05947999d9cb057362b7d,text/html; charset=utf-8
https://bmppd.org/bmppd_result/?q=Firmiana+COLORATA,08fd2fd9e182930c6ac609e7.html,200,2026-09-24T08:21:25.022669+00:00,59a46ee669f1fd21659e9558658912b8b9b0a368c415460823d19be09d75d7df,text/html; charset=utf-8
https://bmppd.org/bmppd_result/?q=Ficus+SEMICORDATA,f08184dd079b811e14cd3eb4.html,200,2026-09-24T08:21:26.861359+00:00,b15674e83df6d1791aec1180103df6ffa29dafb04ff76448b8e02457cdee8c2a,text/html; charset=utf-8
https://bmppd.org/bmppd_result/?q=Ficus+RELIGIOSA,8f6d1fced21ff11de25c3c4b.html,200,2026-09-24T08:21:28.701728+00:00,f03909006cb31c8104f3eeed783bfd2b04db5ea0871f461ac4b27e63c04371c1,text/html; charset=utf-8
https://bmppd.org/bmppd_result/?q=Ficus+RACEMOSA,03bcc0413fc6a9c22e65135b.html,200,2026-09-24T08:21:30.556208+00:00,ac839359cfe7e0b4024086264196c30bf852c7206388ede3cc6063a736d05d7f,text/html; charset=utf-8
https://bmppd.org/bmppd_result/?q=Ficus+HISPIDA,9dccc0d8870afa63570c2f31.html,200,2026-09-24T08:21:32.404902+00:00,b9880f5a8096614f36a1efcc0f9052ea3a0d3ce10a18e6bf4784dac539cb5720,text/html; charset=utf-8
https://bmppd.org/bmppd_result/?q=Ficus+BENGHALENSIS,522a2ed86e2e542f24670204.html,200,2026-09-24T08:21:34.280093+00:00,48e20013987ef7ad80125fbe666efe3d0b34960fdb9fae644e6337d872725aef,text/html; charset=utf-8
https://bmppd.org/bmppd_result/?q=Feronia+LIMONIA,fe1b31cc27714d6c50711895.html,200,2026-09-24T08:21:36.122694+00:00,6276ba2d350cda90cdfc63645ea28a171fffd9b1d327f7ec1c2f6eaafa5f1ec7,text/html; charset=utf-8
https://bmppd.org/bmppd_result/?q=Shirakiopsis+indica,1a19bed8d47c3777aae310df.html,200,2026-09-24T08:21:37.963263+00:00,bd5e3dab188be72b0c91afcc21fc1841910ab174135e3d6f6fc2b447c7203055,text/html; charset=utf-8
https://bmppd.org/bmppd_result/?q=Excoecaria+AGALLOCHA,852aab8bf903de1d8656e272.html,200,2026-09-24T08:21:39.803633+00:00,44f620f4a8a9a80c1642ddad622e4bc57315275fe66d45b561f5c2a4a4cb2f0f,text/html; charset=utf-8
https://bmppd.org/bmppd_result/?q=Euryale+FEROX,d494fb89638736c30f934502.html,200,2026-09-24T08:21:41.851789+00:00,ae5eede85b97f282d8893a8c99802ea8238bd0627c7edd183b3c28f40d927c8a,text/html; charset=utf-8
https://bmppd.org/bmppd_result/?q=Eurya+ACUMINATA,9cdfc18274dfb5be44e31f1a.html,200,2026-09-24T08:21:43.693584+00:00,60180ef3df54e17cfe7ff157cf23e87d4847868268e15625427ed7f5c3e8ee5e,text/html; charset=utf-8
https://bmppd.org/bmppd_result/?q=Euphorbia+TIRUCALLI,30d767da280e59779a05b5b2.html,200,2026-09-24T08:21:45.533872+00:00,26848d3badf7dfbbbf174c0b718c0ff5b4a3e4d67a95c73d9baa5a1d69507395,text/html; charset=utf-8
https://bmppd.org/bmppd_result/?q=Euphorbia+THYMIFOLIA,7f5b1e106ff04d4ac7aa5fb7.html,200,2026-09-24T08:21:47.376966+00:00,edeecf3679da9b4c7dde513cc954ec42dae500ef32e9e5af3f4f99ef221f32ed,text/html; charset=utf-8
https://bmppd.org/bmppd_result/?q=Euphorbia+HIRTA,cc1c97cc87493c48dda771bd.html,200,2026-09-24T08:21:49.220997+00:00,c0e020c987e5f4f15467e22e31882f64cc13754092de0d116c48ef1db2f60d17,text/html; charset=utf-8
https://bmppd.org/bmppd_result/?q=Euphorbia+ANTIQUORUM,6344ff6f112f4ee0b5f33cdc.html,200,2026-09-24T08:21:51.059586+00:00,4bdf9a28e91bbee12355bba6f58658cf73f923fa1d37510f610b60b3f20dd28e,text/html; charset=utf-8
https://bmppd.org/bmppd_result/?q=Ayapana+triplinervis,38523ee8a7cfa1e33cdf1a68.html,200,2026-09-24T08:21:52.900976+00:00,3e2317be96ad824e2f586d2da6e10c51d95c0eead99786a656bed1a78079aad6,text/html; charset=utf-8
https://bmppd.org/bmppd_result/?q=Eupatorium+ODORATUM,846415fc555f5ca01c873a89.html,200,2026-09-24T08:21:54.743143+00:00,9400d05025e6e9a17af1a7d86da82398800350fa4573f425ae8cc5dce5e6ede7,text/html; charset=utf-8
https://bmppd.org/bmppd_result/?q=Graphorchis+campestris,8f2c9af094845ce4484a9b8b.html,200,2026-09-24T08:21:58.413512+00:00,be5b50dd273d8f06a25e5082e2e2205a65162878bc13e76dafb2650644bd0381,text/html; charset=utf-8
https://bmppd.org/bmppd_result/?q=Etlingera+LINGUIFORMIS,60cd477c8303a22d4595dce2.html,200,2026-09-24T08:22:00.255040+00:00,904fe2ff621a0f8156a592c51e44398e40bd215e5330f168633832034c5bda83,text/html; charset=utf-8
https://bmppd.org/bmppd_result/?q=Hippochaete+debilis,31c389f38f61e7901eedb546.html,200,2026-09-24T08:22:02.109372+00:00,8fc527bc97711db61292fbf62f73153ccae31b40ac1d335c9bbb1d185c70d592,text/html; charset=utf-8
https://bmppd.org/bmppd_result/?q=Entada+rheedii,e071aa80fbbbee4d43105a44.html,200,2026-09-24T08:22:03.946157+00:00,a9b82f040f02656d5ab5cb2017ef057a84e0cfb591578ad071f86e8969735c3d,text/html; charset=utf-8
https://bmppd.org/bmppd_result/?q=Cissus+ADNATA,39ac715adbd937e07c342d5f.html,200,2026-09-24T08:22:05.819062+00:00,f1e07176ee2587f98609419bb47a371409d114abfabe1fe76f440ea78bce3b90,text/html; charset=utf-8
https://bmppd.org/bmppd_result/?q=Enhydra+FLUCTUANS,2cd0426c5306906a0b81bb8d.html,200,2026-09-24T08:22:07.646667+00:00,7eb46c5ebdebaea99578ef1088fe66e29f4a2de1cddda47fbe383304979ab55c,text/html; charset=utf-8
https://bmppd.org/bmppd_result/?q=Emilia+SONCHIFOLIA,13fdd4c73cf3ab86ad3c1087.html,200,2026-09-24T08:22:09.506102+00:00,723af4bb59553fd14c7642acfb97a6b8bf68a5e1c82d96c86617970429c67890,text/html; charset=utf-8
https://bmppd.org/bmppd_result/?q=Embelia+RIBES,c4792edb8a9267f5ab737bf9.html,200,2026-09-24T08:22:11.351230+00:00,e1e9cf2dc71953469624ce08668cece831de6d99914a0a7c0366d4147fa12aa8,text/html; charset=utf-8
https://bmppd.org/bmppd_result/?q=Elsholtzia+stachyodes,907cc742e6e16eac809a9f5d.html,200,2026-09-24T08:22:13.197107+00:00,28bd3d7d64c787e9921d64bfd624cba1092c6f855b7dda134490d5c2313dddbb,text/html; charset=utf-8
https://bmppd.org/bmppd_result/?q=Eleusine+INDICA,3fc22db4185ec42dbe75c0c3.html,200,2026-09-24T08:22:15.039909+00:00,09e2e2af5c80d1c8c2c4d97101e00d9f1653ed38b7208edc468a76adb98dacc0,text/html; charset=utf-8
https://bmppd.org/bmppd_result/?q=Elephantopus+SCABER,ca562614b5bb0a19cec25974.html,200,2026-09-24T08:22:17.225116+00:00,22f4fe77d4f3bc2583a512e73b3dd69ff8ab1c5d1e59bff933fd965eb13e6716,text/html; charset=utf-8
https://bmppd.org/bmppd_result/?q=Elaeocarpus+SPHAERICUS,7e96f93760a15ca696aaef17.html,200,2026-09-24T08:22:19.074682+00:00,946dfd0de14753e20f22c6635c13c5dc2107c36f0220d610eaeee038474855dd,text/html; charset=utf-8
https://bmppd.org/bmppd_result/?q=Elaeocarpus+FLORIBUNDUS,d957faf0c05d56db89e9118e.html,200,2026-09-24T08:22:20.922955+00:00,2492a108dd3b77f473c6cea0a8d082fbb5066fd475dde4d77f3118ef785b3cbc,text/html; charset=utf-8
https://bmppd.org/bmppd_result/?q=Eichhornia+CRASSIPES,3f5fdf9c42adb1e7c8cfdaa4.html,200,2026-09-24T08:22:22.763002+00:00,76ed2f24ae76130427731412a2c44944e5b659653bf44a413e5601c9fa5c99ea,text/html; charset=utf-8
https://bmppd.org/bmppd_result/?q=Ecbolium+VIRIDE,d1503684f8d46ef3c78797ff.html,200,2026-09-24T08:22:24.604433+00:00,606b1b55094154b65a2fa39915d2b921073769c69154c38e97ab48690624ad9e,text/html; charset=utf-8
https://bmppd.org/bmppd_result/?q=Dysoxylum+HAMILTONII,85558ad0f5c8fe83e883897d.html,200,2026-09-24T08:22:26.447890+00:00,cd9b8525805e7469bcc2d9b511fb5325f9b3c2a52c2cfab74756443f947ad9db,text/html; charset=utf-8
https://bmppd.org/bmppd_result/?q=Pogostemon+auricularius,fb9c223259ff1c041465770e.html,200,2026-09-24T08:22:28.288097+00:00,d94abfbe20b6706c3e9ba4bd669003c5de2faf17f84eb88add3bf23df5d506a7,text/html; charset=utf-8
https://bmppd.org/bmppd_result/?q=Putranjiva+roxburghii,a3ef6e7e5b1bb3dd6e2fc781.html,200,2026-09-24T08:22:30.129692+00:00,bf1b9fa99fb37fe77159d29a38e5bfbde11976372defc0b3bf16becd9b4b3dfb,text/html; charset=utf-8
https://bmppd.org/bmppd_result/?q=Drynaria+QUERCIFOLIA,12a271a9bbf8ae2f044959ea.html,200,2026-09-24T08:22:31.992691+00:00,ccd495f4bfc5d2aaa03ff893e7be9d275270fa76bf2f9334708260d680b539e7,text/html; charset=utf-8
https://bmppd.org/bmppd_result/?q=Drosera+BURMANII,db1a307cc0cacd0f52093a7b.html,200,2026-09-24T08:22:33.862821+00:00,56e0023f46e341992c2e8c630d3d9240ddbede37de2c1c0a277b3d5ee260ce43,text/html; charset=utf-8
https://bmppd.org/bmppd_result/?q=Dodonaea+VISCOSA,f9526bc8ecd46dd99398764e.html,200,2026-09-24T08:22:35.705514+00:00,41889dfb1dd0adf4a2876901db576040558084dad726727a205ae7e31fe9e299,text/html; charset=utf-8
https://bmppd.org/bmppd_result/?q=Dipterocarpus+TURBINATUS,675e07811fdbf913aebd9f79.html,200,2026-09-24T08:22:37.550344+00:00,78d94e0bf1bd4b6761ca8ecc583d9b14343f86edccd3461bb8982962a03ff9c5,text/html; charset=utf-8
https://bmppd.org/bmppd_result/?q=Dipterocarpus+GRACILIS,44df930ed88919c873180e60.html,200,2026-09-24T08:22:39.615229+00:00,1ff68ea880024006af83ee71edf1e72fce04dcb3cc14f545e8beef16358a26e3,text/html; charset=utf-8
https://bmppd.org/bmppd_result/?q=Dipterocarpus+ALATUS,572e0b8d516b5dc74044dbb3.html,200,2026-09-24T08:22:41.462230+00:00,ccf3d626f11dd7ec67d010320b915c76d483a883b3938328cf72d7d314f668db,text/html; charset=utf-8
https://bmppd.org/bmppd_result/?q=Diploclisia+GLAUCESCENS,a91162be2f8b103f233fb967.html,200,2026-09-24T08:22:43.312467+00:00,3a08232a9a98708fa9660a33a5a5f799fe68a9aa2efa6007081e437899be6ead,text/html; charset=utf-8
https://bmppd.org/bmppd_result/?q=Diospyros+MALABARICA,6014c814cae534599d2c9ffd.html,200,2026-09-24T08:22:45.191989+00:00,426d665a167aa403091fc83b6be7a9ad1dfd9c43dfbe307cf7e12b65c2903613,text/html; charset=utf-8
https://bmppd.org/bmppd_result/?q=Diosocorea+PENTAPHYLLA,d9de40e106d04ae0c242fcd1.html,200,2026-09-24T08:22:47.043416+00:00,413ea3f0bc980a07e5a68a5cdb28c54ff2cdc4a7a954c890cc1aeed3c116df7d,text/html; charset=utf-8
https://bmppd.org/bmppd_result/?q=Dioscorea+HISPIDA,9983bdd966bdb231b3b00521.html,200,2026-09-24T08:22:48.884375+00:00,e99e4a88ed5b8255ec5dc57f3ecb77bf408779479e8cd919e7cba5986d103daa,text/html; charset=utf-8
https://bmppd.org/bmppd_result/?q=Dioscorea+HAMILTONII,22a440ad6c1363623dd617e3.html,200,2026-09-24T08:22:50.722988+00:00,a821cacc131622bfad60d087ce271901b522165feb4c97ad7642920c154b69d0,text/html; charset=utf-8
https://bmppd.org/bmppd_result/?q=Dioscorea+BULBIFERA,5b582e09195eab9131e5418a.html,200,2026-09-24T08:22:52.572477+00:00,092866912477cc6dc723af899de91ce952ca26f70430e9f26be13a66ad671a7b,text/html; charset=utf-8
https://bmppd.org/bmppd_result/?q=Dioscorea+BELOPHYLLA,e9501db846d221de156c786b.html,200,2026-09-24T08:22:54.412202+00:00,b243bd0dfad1034c9a807549560998828b45878562c6e2a59db16d049b1138e6,text/html; charset=utf-8
https://bmppd.org/bmppd_result/?q=Dioscorea+ALATA,5bd4050ee8e1307df7e17128.html,200,2026-09-24T08:22:56.252105+00:00,bc175e909ff58b86a53fac6bcfdae40153d0f287bb8dd16b55884eb2ee2b522e,text/html; charset=utf-8
https://bmppd.org/bmppd_result/?q=Dimocarpus+LONGAN,91cba7a4a0023dbbe5f07fa5.html,200,2026-09-24T08:22:58.107008+00:00,73865640a74a5373ec6632fd4bd932effa5a514618f176752ed5209d822d1152,text/html; charset=utf-8
https://bmppd.org/bmppd_result/?q=Dillenia+PENTAGYNA,03885070dafda9834f87887b.html,200,2026-09-24T08:22:59.942628+00:00,c05ad68261273c645130ad56631a47ad1b884be209c502e2dea6702e053c0f40,text/html; charset=utf-8
https://bmppd.org/bmppd_result/?q=Dillenia+INDICA,a1d180050c8e9320598c43a8.html,200,2026-09-24T08:23:01.783169+00:00,5029c2509144f0640eb217c28cb631f717dece918fc50431d63fa3024bc090ba,text/html; charset=utf-8
https://bmppd.org/bmppd_result/?q=Digera+ALTERNIFOLIA,f01443701a63c31646199833.html,200,2026-09-24T08:23:03.633033+00:00,70bbef32ae2463867623f61663b41723e83d01c70fd4cd88bf43dcf012d88b9f,text/html; charset=utf-8
https://bmppd.org/bmppd_result/?q=Desmodium+TRIFLORUM,cab46f88e44d7a99ea9cca6a.html,200,2026-09-24T08:23:05.553189+00:00,60985c95623271c3c9599084a1d63738569382b2d5ea0c844f0b6e275526da0c,text/html; charset=utf-8
https://bmppd.org/bmppd_result/?q=Desmodium+styracifolium,83cbbbf0eb5478908d012e0d.html,200,2026-09-24T08:23:07.391171+00:00,eb81b3e41c3f053686df639a7066e2f89da00f19c8230d347c5544c166394c4c,text/html; charset=utf-8
https://bmppd.org/bmppd_result/?q=Phyllodium+PULCHELLUM,3b2c73e234674a175634f6a2.html,200,2026-09-24T08:23:09.233947+00:00,35d4f35d789b40d75742818c9eeccb78fda5e486a211088795230fa029b82044,text/html; charset=utf-8
https://bmppd.org/bmppd_result/?q=Desmodium+HETEROCARPON,525a024b691a0e92de02a1cc.html,200,2026-09-24T08:23:11.081708+00:00,b1514ef73f2550abb9546abdb163cbe9766e4480625bd707e4535364e6a3fa23,text/html; charset=utf-8
https://bmppd.org/bmppd_result/?q=Desmodium+GANGETICUM,537369cd164994c00c47631e.html,200,2026-09-24T08:23:13.087851+00:00,a648144ee9b89f2cc1aebbcf43b6edfdb1edeb95e9b4c47ac64ca0f1a75cffae,text/html; charset=utf-8
https://bmppd.org/bmppd_result/?q=Derris+TRIFOLIATA,fe79f0f040f50ada4d140e6f.html,200,2026-09-24T08:23:14.973010+00:00,0c5014909d6d265d863ccee3e0481bbd4f9dac2ac5f8a51679ed0539fec3035e,text/html; charset=utf-8
https://bmppd.org/bmppd_result/?q=Derris+ROBUSTA,09c1e367f98022a87caa1a4d.html,200,2026-09-24T08:23:16.826775+00:00,48864796b0046a6e9228d8cbc52620931b6c353e3cae56cdc94c0b93992aae9f,text/html; charset=utf-8
https://bmppd.org/bmppd_result/?q=Derris+INDICA,1f233909580aaaf328587a1c.html,200,2026-09-24T08:23:18.677672+00:00,56d5a390b1807db7e7198002b789fd9e370831fc18216fbb776754266f947ca1,text/html; charset=utf-8
https://bmppd.org/bmppd_result/?q=Derris+ELLIPTICA,a9056cb4b57d68a3a7554e37.html,200,2026-09-24T08:23:20.519428+00:00,ab5e01facedfee80f446c72a2c9a47e9bdda2268bf5638d2af546fc113dd19bc,text/html; charset=utf-8
https://bmppd.org/bmppd_result/?q=Dendrophthoe+FALCATA,3cfa56552bc3b66d0e7784d9.html,200,2026-09-24T08:23:22.332705+00:00,01a8aefdb9f3305866d37149131f7c03c9d78bf66cef829b72f087e4a536bc1d,text/html; charset=utf-8
https://bmppd.org/bmppd_result/?q=Dendrocalamus+STRICTUS,bc75cd8982187acacabb3397.html,200,2026-09-24T08:23:24.176747+00:00,6b334a79f53dcde31e6e7798a85ca8605c3be2ee1f75f0fd3dd5b6e717d3c122,text/html; charset=utf-8
https://bmppd.org/bmppd_result/?q=Daucus+CAROTA,9c6dbf176ee57d88a668e6fb.html,200,2026-09-24T08:23:26.016050+00:00,32022066c81f9f853a4aa468ec7c42cd963666a3e4b796440ec0837cf40c7846,text/html; charset=utf-8
https://bmppd.org/bmppd_result/?q=Datura+METEL,c270e2d777886c799806e1cc.html,200,2026-09-24T08:23:27.852731+00:00,0c88bdf6aa59415d880229abe36395792f18e839388437486f088a8705d02bdc,text/html; charset=utf-8
https://bmppd.org/bmppd_result/?q=Dalbergia+VOLUBILIS,4ab8f3ce58c7a7745ec029b5.html,200,2026-09-24T08:23:29.690718+00:00,5aa13fdde3c78add2c52b3c8f020ec302f2de5e7d8d3d7eccaddb0f556529862,text/html; charset=utf-8
https://bmppd.org/bmppd_result/?q=Dalbergia+STIPULACEA,f4333a3414dea80c7fb0d83b.html,200,2026-09-24T08:23:31.534492+00:00,7a25f2735f1cdb45b30cf10a4145deed7779aced2848e107704b2cc2faa227fd,text/html; charset=utf-8
https://bmppd.org/bmppd_result/?q=Dalbergia+SPINOSA,c532b5ae2a65fea38daf92cd.html,200,2026-09-24T08:23:33.386596+00:00,92c84fd6aba1b452928b30c160327bca7209aa6f3444730f08833c4d715efd63,text/html; charset=utf-8
https://bmppd.org/bmppd_result/?q=Dalbergia+SISSOO,df3386a49221d5bc64f1cb66.html,200,2026-09-24T08:23:35.233639+00:00,aedb193c700475d82acfd8aa0db27662faf4919d63d4f33ca8cd2d4af060df46,text/html; charset=utf-8
https://bmppd.org/bmppd_result/?q=Dalbergia+LATIFOLIA,61cca2ccbf55fc482f42e99d.html,200,2026-09-24T08:23:37.070292+00:00,699b8163d6cb599b8f5a9d1afb8b315facbddf4e49e2f7ef1100b0f90577a2fc,text/html; charset=utf-8
https://bmppd.org/bmppd_result/?q=Dalbergia+LANCEOLARIA,65b882bca7a4724c8a8a94ae.html,200,2026-09-24T08:23:38.913061+00:00,63b7a678a6a97fe737902510a3555762ff9b4a103f98fe9f47d297d015938342,text/html; charset=utf-8
https://bmppd.org/bmppd_result/?q=Dactyloctenium+AEGYPTIUM,339ba901aa550884fcaae3b7.html,200,2026-09-24T08:23:40.752978+00:00,036505593f420a6392ab51ce1541ed288592aaa89f6b0d9080663eecf453aaa8,text/html; charset=utf-8
https://bmppd.org/bmppd_result/?q=Cyperus+SCARIOSUS,9f6960a7362656c4bd65eb62.html,200,2026-09-24T08:23:42.603185+00:00,443714793d4db16feff9bb8503324bc9140aa1fb6a82ef57da88f71eb11580e3,text/html; charset=utf-8
https://bmppd.org/bmppd_result/?q=Cyperus+ROTUNDUS,bee601c12c0bb8c56941da1e.html,200,2026-09-24T08:23:44.653230+00:00,81b6676559342905f73d26e53138fa739560537f01ca49adf003a1aca23c679f,text/html; charset=utf-8
https://bmppd.org/bmppd_result/?q=Cyperus+IRIA,46972e43faad726605eb0b4f.html,200,2026-09-24T08:23:46.634578+00:00,15a5f0b0faca490baba554b58139ac83f11308d34c92042e322361c593624b2d,text/html; charset=utf-8
https://bmppd.org/bmppd_result/?q=Cyperus+ARTICULATUS,ef388a885528ee20ba3db2d5.html,200,2026-09-24T08:23:48.478654+00:00,a1906c11c2a5db9677384bc9a66a931a2f878d967caf082fd294f413fa4d8416,text/html; charset=utf-8
https://bmppd.org/bmppd_result/?q=Cynometra+RAMIFLORA,0a1b16dec3a4704bb87b66bf.html,200,2026-09-24T08:23:50.360984+00:00,9d9b5ecc7441ce1f682ae0ebbe895d000ef9f3aac22a152adbd8b2737d73d358,text/html; charset=utf-8
https://bmppd.org/bmppd_result/?q=Cynodon+DACTYLON,c6b9dc52fbd0cf2dd936c066.html,200,2026-09-24T08:23:52.212057+00:00,2362de4fd2efdbf96e000b4dc57b1d0a78b1d1715249543e60c6130cfa8011ed,text/html; charset=utf-8
https://bmppd.org/bmppd_result/?q=Cymbopogon+CITRATUS,774106d0abab748510f1dd47.html,200,2026-09-24T08:23:54.108169+00:00,a1b79afb3ca00fec95236b244b68146dfe0b3b7e01f90ca8dbd1419a342b8a2f,text/html; charset=utf-8
https://bmppd.org/bmppd_result/?q=Cymbidium+ALOIFOLIUM,ae821bbc87efd878c9b87811.html,200,2026-09-24T08:23:56.024096+00:00,97d18c0c31775816527885be0dc5c14f9437e1f5b9899c76e91c86e6d5c2bf9c,text/html; charset=utf-8
https://bmppd.org/bmppd_result/?q=Cuscuta+REFLEXA,687f96e96d889d96aa31fe31.html,200,2026-09-24T08:23:58.136683+00:00,fcd0dda60948524f4d03fb6d951bad96acac565bc64f51149be494de71e74f50,text/html; charset=utf-8
https://bmppd.org/bmppd_result/?q=Cuscuta+HYALINA,4e263a444fbf261713f3c6e9.html,200,2026-09-24T08:23:59.992019+00:00,a8856452be03be5a5edffdaa380f477d33a32cb7f835334491c3e6c21746a4bb,text/html; charset=utf-8
https://bmppd.org/bmppd_result/?q=Curcuma+ZEDOARIA,0f0a973010ecefdc7bf04758.html,200,2026-09-24T08:24:01.863233+00:00,96d7a096252cb612e88db5e7b0a7e6058eaf4cc24ed5b57066af6901cc7ebdc0,text/html; charset=utf-8
https://bmppd.org/bmppd_result/?q=Curcuma+LONGA,05a45315986b7c209514aa56.html,200,2026-09-24T08:24:03.797233+00:00,c7d1c3b921d4e6f7440af955169d99ad1c0492926ea18f43e7bc31f8f8eaf2dd,text/html; charset=utf-8
https://bmppd.org/bmppd_result/?q=Curcuma+CAESIA,cc78b0ba97241d5d9570f97d.html,200,2026-09-24T08:24:05.724932+00:00,dd5c9d966d2835953695091eecc921519c85c6eeea14368d8887187f8b1f0d45,text/html; charset=utf-8
https://bmppd.org/bmppd_result/?q=Curcuma+AROMATICA,24d5c17e2c5c549ded7d6d3d.html,200,2026-09-24T08:24:07.585334+00:00,c63e22278e100c2efb6cf444fc5f102f19efa113fb075cc52bbd2254a759abe4,text/html; charset=utf-8
https://bmppd.org/bmppd_result/?q=Curcuma+ANGUSTIFOLIA,fc600bf3de88d079093365d6.html,200,2026-09-24T08:24:09.609002+00:00,23c3d8cd1e8acc7ee3c28686a647af63c69b346a9df3ed7ebc205c2e7a1c80c1,text/html; charset=utf-8
https://bmppd.org/bmppd_result/?q=Curcuma+AMADA,6599b486b22e6376715f2ff4.html,200,2026-09-24T08:24:11.605455+00:00,85eab27cd7b6bbe7f262f6121c025ce9eb82f0f7790d7533018d9d3657f3d9a5,text/html; charset=utf-8
https://bmppd.org/bmppd_result/?q=Curculigo+ORCHIOIDES,95b7f033028af162743b5230.html,200,2026-09-24T08:24:13.454364+00:00,d3810d7414ca9bc1c1ab8ae68aeb8adabd1c1a096748faf26d3ac272d71fe46a,text/html; charset=utf-8
https://bmppd.org/bmppd_result/?q=Cuminum+CYMINUM,b27975455ef5c42a5ec489c8.html,200,2026-09-24T08:24:15.329885+00:00,d1d9451c12c74789891b902a5c73246ec765032063c6661117169ae99e676b46,text/html; charset=utf-8
https://bmppd.org/bmppd_result/?q=Cullen+CORYLIFOLIA,2ef4f8787f28811a4e883b72.html,200,2026-09-24T08:24:17.232081+00:00,4972bb76426a0a2b4eb24f8f37eb666e8b9d890ee34c64f08009618c746f28bc,text/html; charset=utf-8
https://bmppd.org/bmppd_result/?q=Cucurbita+MAXIMA,280454f47711131b15b13a99.html,200,2026-09-24T08:24:19.082144+00:00,3eef9944f1ec11b4ff902b7d47258084f2a833c7b0bfd5a4ab82592e4d9d6c30,text/html; charset=utf-8
https://bmppd.org/bmppd_result/?q=Cucumis+SATIVUS,dda6b5a9667f9cf6223dfd1e.html,200,2026-09-24T08:24:20.949460+00:00,a59eea9aab104bda7c2932d8727a71469ba61a47425320dcbe08d10daa6e71d7,text/html; charset=utf-8
https://bmppd.org/bmppd_result/?q=Cucumis+MELO,0b29c30ff5976cdb54e3737e.html,200,2026-09-24T08:24:22.792548+00:00,f191d667b57357155d0f6410b14230d43a3f45dbcff8dc78d6a423b96317f886,text/html; charset=utf-8
https://bmppd.org/bmppd_result/?q=Cryptolepis+dubia,0995135765fba1ead2126240.html,200,2026-09-24T08:24:24.636254+00:00,8bd0cefcd5dad98ced13b2d6bcab7b9536f7fdcbdf9764e777273c2f57d8c38a,text/html; charset=utf-8
https://bmppd.org/bmppd_result/?q=Cryptocoryne+spiralis,6978b7480a2e44fd5c49514f.html,200,2026-09-24T08:24:26.488225+00:00,4624ab38cfcabd7a027486043ad4c70e766701cc0cb4255246d1d57ed5eaf7c9,text/html; charset=utf-8
https://bmppd.org/bmppd_result/?q=Croton+TIGLIUM,df4bfc8daf1e9797c24f0113.html,200,2026-09-24T08:24:28.340123+00:00,918889862e81fa63ac2e053411d5adc883ee759e8d1a2c4aa8e20e2f9ebc0fed,text/html; charset=utf-8
https://bmppd.org/bmppd_result/?q=croton+PERSIMILIS,1b4cd211d66f750ec0a1fd6e.html,200,2026-09-24T08:24:30.197931+00:00,da56a8de94664bc739850c7851a5b86f82e64c4a86a48d66da0a895250f22c68,text/html; charset=utf-8
https://bmppd.org/bmppd_result/?q=Croton+CAUDATUS,e9fd782cd4928418d8b1755e.html,200,2026-09-24T08:24:32.041203+00:00,956188166308881c7a5d1bb69d0f032fadd93791dc613b4694a78f0ddd5ee7ec,text/html; charset=utf-8
https://bmppd.org/bmppd_result/?q=Croton+BONPLANDIANUM,6933d38c6b1578917c77ddbe.html,200,2026-09-24T08:24:33.888239+00:00,7c4a2e0db50570e9d9335b1de931ab2c478516491ef03bcbc306653b5d29616c,text/html; charset=utf-8
https://bmppd.org/bmppd_result/?q=Crotalaria+VERRUCOSA,83bed85d05f24fb6f723d04f.html,200,2026-09-24T08:24:35.727831+00:00,37cd44468d4b5e672be7be586e577425634241631f902229884ae4980cef2a7e,text/html; charset=utf-8
https://bmppd.org/bmppd_result/?q=Crotalaria+SPECTABILIS,6e0662a7c5cb7f987baa1226.html,200,2026-09-24T08:24:37.574318+00:00,cf74fe430b8fef75cee327f6f935346572cbdf5fda29ff495d40eee4271b0f84,text/html; charset=utf-8
https://bmppd.org/bmppd_result/?q=Crotalaria+RETUSA,5fb17603845d09558f613771.html,200,2026-09-24T08:24:39.422845+00:00,6f262613559e95e150190ff66d3d16351fcc553fc044c1a7c6fc46d43a99dec9,text/html; charset=utf-8
https://bmppd.org/bmppd_result/?q=Crotalaria+PROSTRATA,2262f51b5cd83b628e2978ce.html,200,2026-09-24T08:24:41.266325+00:00,804a760098d2dd552572e7bb190e4600e157c930c4d5fa12289923d79bc0b210,text/html; charset=utf-8
https://bmppd.org/bmppd_result/?q=Crotalaria+PALLIDA,5d8d056b15d3e594141357b0.html,200,2026-09-24T08:24:43.108789+00:00,cb0e400a6dce36c0e207d196619bf5d8ee6399bdd47cf62949897ae84b695707,text/html; charset=utf-8
https://bmppd.org/bmppd_result/?q=Crotalaria+JUNCEA,4e3a4a395502f1a2d288e571.html,200,2026-09-24T08:24:44.964352+00:00,705a48c2147655c451291f2a28746f9cdb8c7ae977b03f736a8d9fd9a0f48c89,text/html; charset=utf-8
https://bmppd.org/bmppd_result/?q=Crotalaria+CALYCINA,aa7b24f5b8c2664755e58ae7.html,200,2026-09-24T08:24:46.808024+00:00,1c06b7dac848272b7b274ba47fa0401ec0d1250f2ab1a292ade9619f42030d63,text/html; charset=utf-8
https://bmppd.org/bmppd_result/?q=Crotalaria+ALBIDA,3ab00e050c2a8ec2d8d88ba3.html,200,2026-09-24T08:24:48.648585+00:00,8c0611f8841b0a47147cbf206b907de084e575dc42b1beb2a3a82c09f55e1064,text/html; charset=utf-8
https://bmppd.org/bmppd_result/?q=crotalaria+ALATA,c207e19111ff058fb9fa5af1.html,200,2026-09-24T08:24:50.505741+00:00,c4451d3926070a7a81dbcc1d973c3f922c6274e57d03cef72ca016e129697210,text/html; charset=utf-8
https://bmppd.org/bmppd_result/?q=Crossandra+INFUNDIBULIFORMIS,0cc9767b96791a1f61aef5df.html,200,2026-09-24T08:24:52.343605+00:00,95c6fceb0daa1e4a0b3e4f1cf946b7c5bf663802a81aa81fe6ba68e67abda551,text/html; charset=utf-8
https://bmppd.org/bmppd_result/?q=Crinum+viviparum,f0d82a253ee4745ab08e592b.html,200,2026-09-24T08:24:54.155385+00:00,a6e9e2046b0c641e1d0d5c0d79b29983d618ca336c336e50ccc92bfb6b75d6ce,text/html; charset=utf-8
https://bmppd.org/bmppd_result/?q=Crinum+ASIATICUM,37de237896e2a2ed195f8a50.html,200,2026-09-24T08:24:56.001056+00:00,5da902c2f3cb3d50e231bdc1c4ddf1264389524b735a08cb670b4b6eafd804b7,text/html; charset=utf-8
https://bmppd.org/bmppd_result/?q=Crateva+religiosa,cc85a534ba2fc9d20ba62e99.html,200,2026-09-24T08:24:57.855091+00:00,0d28c0e6af79af7d4946ad211053f129717107d3d08ae25ae3ddc4e4fa27cce6,text/html; charset=utf-8
https://bmppd.org/bmppd_result/?q=Crassocephalum+CREPIDIOIDES,5364be708b867df427724413.html,200,2026-09-24T08:24:59.714609+00:00,4c6421174b04b53cba09a434e24730378829e8452d1038299e32b2ea0d231b29,text/html; charset=utf-8
https://bmppd.org/bmppd_result/?q=Cheilocostus+SPECIOSUS,3a25879dcdb2f09985b9462a.html,200,2026-09-24T08:25:01.572707+00:00,7815ffe670ba311c2d2b62a87aaa4287cc67abe576c74cd28c25d3b9d0601ad5,text/html; charset=utf-8
https://bmppd.org/bmppd_result/?q=Coriandrum+SATIVUM,e0fd13a7de2ef60aa78eb01b.html,200,2026-09-24T08:25:03.463555+00:00,541638545d17bb230cc378352b88c60f2bf823504d013de7680d3c41092d7a5f,text/html; charset=utf-8
https://bmppd.org/bmppd_result/?q=Cordia+DICHOTOMA,c94650710dae7d31ce9b6d20.html,200,2026-09-24T08:25:05.438699+00:00,9a4128db7c1b6cf6510adb6539085363201aacd7b65f51014ccf8baa0e075c17,text/html; charset=utf-8
https://bmppd.org/bmppd_result/?q=Corchorus+OLITORIUS,6c2be97c573249c613e17e96.html,200,2026-09-24T08:25:07.282002+00:00,d7f9980123148a43156948c1cff9de25d0448430f6d4947fd516b95e29eee68a,text/html; charset=utf-8
https://bmppd.org/bmppd_result/?q=Corchorus+FASICULARIS,27ffb05963e0d750015d13fd.html,200,2026-09-24T08:25:09.131323+00:00,87a0376e5b370276220d987efc272e4ada4accf93bea0e84d3c18b12eb516245,text/html; charset=utf-8
https://bmppd.org/bmppd_result/?q=Corchorus+CAPSULARIS,a75c58640dbd04a607029843.html,200,2026-09-24T08:25:10.975801+00:00,e031078fa1c53ba077296de051e7b3892e3b4c3a4cd674c40b06d3bcdd183a87,text/html; charset=utf-8
https://bmppd.org/bmppd_result/?q=Commiphora+madagascariensis,5e1fef30f6cd8dfe312d78d3.html,200,2026-09-24T08:25:12.818086+00:00,23735b2b1e096977acd78ef31649338d8f2501225f7354106d2bac35deb3e524,text/html; charset=utf-8
https://bmppd.org/bmppd_result/?q=Commelina+SUFFRUTICOSA,216d3caa787f9c0fa96562b7.html,200,2026-09-24T08:25:14.656355+00:00,cc22c5cbdaf024a7a511a7e1fbb30845b105fa4d9e2933521b4fbecc8d747575,text/html; charset=utf-8
https://bmppd.org/bmppd_result/?q=Commelina+PALUDOSA,9808afd40953605f30e4eb4b.html,200,2026-09-24T08:25:16.512029+00:00,cbf9787596dde728cf4d3a966cbcc0df19c8cc2201bc8b87869a3c62ba8c845c,text/html; charset=utf-8
https://bmppd.org/bmppd_result/?q=Commelina+DIFFUSA,219a2310d6bbba4ef4ba123a.html,200,2026-09-24T08:25:18.365459+00:00,676d4d294a3cb593ec9873a6cb1dcccf6a455ced9ee67a0685e5560dc50419c5,text/html; charset=utf-8
https://bmppd.org/bmppd_result/?q=Commelina+BENGHALENSIS,d662660f607bda3e8165ac1f.html,200,2026-09-24T08:25:20.208372+00:00,4044b974951adc1e851e7aa68bf2dd2f885549b91afca3b9976a82adb5c5a8b6,text/html; charset=utf-8
https://bmppd.org/bmppd_result/?q=Colocasia+ESCULENTA,8af0573927ba573d5a9d9529.html,200,2026-09-24T08:25:22.064381+00:00,91af2e92e601f6955e4f79ecd4a4a2b85d8c74a191cd29b39fd2e1fda688b6ee,text/html; charset=utf-8
https://bmppd.org/bmppd_result/?q=Colocasia+AFFINIS,38a782d2304b3c11a1f7fd24.html,200,2026-09-24T08:25:23.933827+00:00,69e18aeeb0a04eeac0bc243fade63dc5b652d8e09318ea22e455b7d8c26cbede,text/html; charset=utf-8
https://bmppd.org/bmppd_result/?q=Plectranthus+amboinicus,b21c69df8f14a4279a3b44cd.html,200,2026-09-24T08:25:25.775850+00:00,1aa72ddeba73d1af4ce6e9c735e0ddff656a534e37b2e612f5e5e54ede8b4c60,text/html; charset=utf-8
https://bmppd.org/bmppd_result/?q=Coix+LACHRYMA,7226e384b7e1995a12045ee4.html,200,2026-09-24T08:25:27.619484+00:00,e7ec7087aa04ef7380331ced2d06b005323b2e9632641a791e8cc1724f3f2104,text/html; charset=utf-8
https://bmppd.org/bmppd_result/?q=Cocos+NUCIFERA,73b5dabfc7efa42bba1a2752.html,200,2026-09-24T08:25:29.475723+00:00,180f00d2af07ab4d7d689da565e8b152e17fc6203181f373404096ca6f73c495,text/html; charset=utf-8
https://bmppd.org/bmppd_result/?q=Cocculus+HIRSUTUS,2d217a5d7854f1a853d14fc6.html,200,2026-09-24T08:25:31.328151+00:00,ae078615056b539ef0deb29d1d540050ff375cfabb985f42d1a67e66d6fed86f,text/html; charset=utf-8
https://bmppd.org/bmppd_result/?q=Coccinia+GRANDIS,e25425d3fc1180b6f02d05d0.html,200,2026-09-24T08:25:33.177789+00:00,b20ff6788a99d0307e470541d9deaf6519b35985f8be419dc5bc50eba9154850,text/html; charset=utf-8
https://bmppd.org/bmppd_result/?q=Clitoria+TARNETEA,f4542863d9e83e8d49eaeb53.html,200,2026-09-24T08:25:35.023840+00:00,b7c76b87b60f17dd9dbde28867419c73ab71ae8a7cd06f2bcc7f5809a2ca0972,text/html; charset=utf-8
https://bmppd.org/bmppd_result/?q=Clerodendrum+laevifolium,3788dc0be5f833d3a7597dc3.html,200,2026-09-24T08:25:36.862998+00:00,049972eb5abc66e2a4d5208a177c3e3af1427dfe251b91245b0e8cce5067b606,text/html; charset=utf-8
https://bmppd.org/bmppd_result/?q=Clerodendrum+INFORTUNATUM,ceb1b7c4f86c1eda93c15fa3.html,200,2026-09-24T08:25:38.677540+00:00,d37bd01ba62ab4684689326e75012f792c83ea9c3f4e000a9dd8fecbc967be1c,text/html; charset=utf-8
https://bmppd.org/bmppd_result/?q=Volkameria+inermis,1a93c8d6720882055c417a4d.html,200,2026-09-24T08:25:40.516783+00:00,c0952ef664f3726181180e570197c68cb158dc9f798987081317534034d18e13,text/html; charset=utf-8
https://bmppd.org/bmppd_result/?q=Clerodendrum+INDICUM,9cf4310fa3984b82d4fe7fa5.html,200,2026-09-24T08:25:42.337705+00:00,1fb91149260e5af7a498ccaf963432cbdc1ee6e114a47039ddd97b305fea6452,text/html; charset=utf-8
https://bmppd.org/bmppd_result/?q=Cleome+VISCOSA,5adbf5b9b69b6acf3908f47d.html,200,2026-09-24T08:25:44.189945+00:00,3093f550758717b3f3b8e941219de34d6270884d7eb67e60c392ca476fb49048,text/html; charset=utf-8
https://bmppd.org/bmppd_result/?q=Cleome+GYNANDRA,cbfbd4d1a175ac766817f19d.html,200,2026-09-24T08:25:46.042425+00:00,b437f865bbadaa8cd6db05f398c9f5be42beddf71bf265d85931f3e9ba74208b,text/html; charset=utf-8
https://bmppd.org/bmppd_result/?q=Clausena+HEPTAPHYLLA,33cf5b0429ae8a123dfdcbed.html,200,2026-09-24T08:25:47.887014+00:00,f5f80099d8fce0c8981e9f1933444c347a19c84c5b95510cf9d34d16bba5167d,text/html; charset=utf-8
https://bmppd.org/bmppd_result/?q=Clausena+EXCAVATA,eff7c5341e0b1a16b46bad7b.html,200,2026-09-24T08:25:50.073890+00:00,50825f65a03470ab4a66462c9f7c74af9f048af3f589becb923dd53e05cd20d7,text/html; charset=utf-8
https://bmppd.org/bmppd_result/?q=Citrus+maxima,937c55016c24bbd6686f5487.html,200,2026-09-24T08:25:52.110161+00:00,64a46a82dfa52367fd94b7b81553f5c11147b95a4419e766c6cc23f4e5e1be96,text/html; charset=utf-8
https://bmppd.org/bmppd_result/?q=Citrus+AURANTIFOLIA,0188129c84a30fa97e478792.html,200,2026-09-24T08:25:54.471815+00:00,98d24652810ceabd442ca5744a75af651ae6febb3ad8a50eca2d6cf3716bec6b,text/html; charset=utf-8
https://bmppd.org/bmppd_result/?q=Citrullus+lanatus,25849b631781dc2dc52297cd.html,200,2026-09-24T08:25:56.620024+00:00,916a0390bbd37ded4d6d60d3ad51e075b5dfa3592e74563065f93069cc5a517d,text/html; charset=utf-8
https://bmppd.org/bmppd_result/?q=Cissus+REPENS,6b908dda52d224409daf11e5.html,200,2026-09-24T08:25:58.457202+00:00,be475453d36e0672c7ad883375eedc015606a1a6ec539a1303fe742c7540ebcf,text/html; charset=utf-8
https://bmppd.org/bmppd_result/?q=Cissus+REPENDA,aa8b6ccba4d6875e93180074.html,200,2026-09-24T08:26:00.302384+00:00,da9a4cc12edb16db4d654655fe0c728c9ef823dd253a437dc28fbcb5e9460f12,text/html; charset=utf-8
https://bmppd.org/bmppd_result/?q=Cissus+QUADRANGULARIS,eece6435f1492a91dcf2fb68.html,200,2026-09-24T08:26:02.162140+00:00,c54e0786d53fc86202137eee33bda345dc2879359bae07b1ffbe6fe4182561da,text/html; charset=utf-8
https://bmppd.org/bmppd_result/?q=Cissus+ELONGATA,80975edbc1c9e20c7bccd11e.html,200,2026-09-24T08:26:04.020886+00:00,27942ce9b1792e8a7d37422439eee38d941b3283bfd2f1e0a2155fc0efcc7937,text/html; charset=utf-8
https://bmppd.org/bmppd_result/?q=Cissus+ASSAMICA,8ee52cf3abcd57e4ed3f2b40.html,200,2026-09-24T08:26:05.867542+00:00,8f502142e123889b6e9361c2b986ffc8404778ed605269306ca04513f9d36103,text/html; charset=utf-8
https://bmppd.org/bmppd_result/?q=Allium+TUBEROSUM,c5eded862553d142a22298cc.html,200,2026-09-24T08:26:07.724194+00:00,6410a5093aadcce3b088640f93452e140da7ada7e24384c95b0bcd5962262177,text/html; charset=utf-8
https://bmppd.org/bmppd_result/?q=Allophylus+DIMORPHUS,e4aa9b71fea02ae73edfdfa2.html,200,2026-09-24T08:26:09.569313+00:00,69de5050dd65347ce242df8d4ae289a74641b43016950fc71d2678b3cb3c4b6a,text/html; charset=utf-8
https://bmppd.org/bmppd_result/?q=Alocasia+INDICA,f66873b1d123d085c332f838.html,200,2026-09-24T08:26:11.427754+00:00,a9efa9a257c8ef0a0b836868084e8597e88efe2ce00302008ae5689d84b06f48,text/html; charset=utf-8
https://bmppd.org/bmppd_result/?q=Aloe+BARBADENSIS,36b0b1dd684b5867dec7ba17.html,200,2026-09-24T08:26:13.287979+00:00,0dc77bb4df71ccf9e32f1add337af7e25470676a1a77e1e3e968b06b79036887,text/html; charset=utf-8
https://bmppd.org/bmppd_result/?q=Alpinia+CALCARATA,d517e10f25d31a1fec5f028a.html,200,2026-09-24T08:26:15.147368+00:00,ba044604904ca155140ed797e9f1fe29f9b7f76d5118f3e782f988eb54fe2356,text/html; charset=utf-8
https://bmppd.org/bmppd_result/?q=Alpinia+CONCHIGERA,a22d1fcce7fd94245c0f81f7.html,200,2026-09-24T08:26:17.033267+00:00,3349d04d62b130be6cdd4826b04a75acb07876c71019267f4e5ba2ec131ae60c,text/html; charset=utf-8
https://bmppd.org/bmppd_result/?q=Alpinia+MALACCENSIS,7de904710e190e9bb35b4506.html,200,2026-09-24T08:26:18.876936+00:00,e794a624c4880d97203e01e4a8d012d0e2f05537cea2f7477008d32aa5a85bcf,text/html; charset=utf-8
https://bmppd.org/bmppd_result/?q=Alpinia+NIGRA,992b9d1cb0e4642293f14029.html,200,2026-09-24T08:26:20.738980+00:00,44f19744736bbb873e6add310a337a9f1183a695baa57d907eaefdd500ba5084,text/html; charset=utf-8
https://bmppd.org/bmppd_result/?q=Alstonia+SCHOLARIS,02b544defbd7d392629c7284.html,200,2026-09-24T08:26:22.634118+00:00,3227ba01af0f8a8d432b055935856f09e487a059ee86ec9db42f7e56a4309d2b,text/html; charset=utf-8
https://bmppd.org/bmppd_result/?q=Alternanthera+SESSILIS,2fccd48679ffa1bf0b4006aa.html,200,2026-09-24T08:26:24.480159+00:00,1686a5e4a9c76c5b67724a8dd70341bb5e24ce1b2aee64d7e14203bd8b2aadc7,text/html; charset=utf-8
https://bmppd.org/bmppd_result/?q=Amaranthus+SPINOSUS,f17641179304c35af331ca43.html,200,2026-09-24T08:26:26.333298+00:00,72d57786f9a4348e2b155db17e29b74c8fe12abd4c2db54dacf6b645329be1e6,text/html; charset=utf-8
https://bmppd.org/bmppd_result/?q=Amaranthus+VIRIDIS,a6b2620283d83021e4c78bb7.html,200,2026-09-24T08:26:28.180348+00:00,7b521c412e7969ce6b37b10f48b52236734dc2f417e69dc0a65bbacd6885d82d,text/html; charset=utf-8
https://bmppd.org/bmppd_result/?q=Amischophacelus+AXILLARIS,5d348fda07a10f9118410afd.html,200,2026-09-24T08:26:30.040646+00:00,464049c750aa8485418faacb799a2ad92a9064d137e83073e2d3e7d6665a856b,text/html; charset=utf-8
https://bmppd.org/bmppd_result/?q=Ammannia+BACCIFERA,20fd1135b97cbae17972e496.html,200,2026-09-24T08:26:31.887796+00:00,31d461ad43c5f1703ae05c4dbf017f039bfb2e583b9ea0263d041e1abe02558f,text/html; charset=utf-8
https://bmppd.org/bmppd_result/?q=Amomum+AROMATICUM,d097887ea586ba062f89bd25.html,200,2026-09-24T08:26:33.733173+00:00,fe53b43aa42d8bc9e199c79bd1b2f4de85f83a1c94f018f225e3019f9ae98d77,text/html; charset=utf-8
https://bmppd.org/bmppd_result/?q=Amomum+COSTATUM,d71fbb1169ee956814299ad5.html,200,2026-09-24T08:26:35.576088+00:00,39316d79b0ca97010ced6184579c8f1103e0d51bfbbbd7acd001cc454fe1ae98,text/html; charset=utf-8
https://bmppd.org/bmppd_result/?q=Amoora+CUCULATA,56b64c8a6573e104936bbdf1.html,200,2026-09-24T08:26:37.421912+00:00,5af58a819bd6984661491a1ae71dabe046fb90482b3dbc441bd0fc29caf27ecf,text/html; charset=utf-8
https://bmppd.org/bmppd_result/?q=Amorphophallus+CAMPANULATUS,b82a555646717531ce456ae3.html,200,2026-09-24T08:26:39.274842+00:00,1257f4ac7fc55053dfbeb30939922738bdd53f33763b11126cccdce0293b3e2c,text/html; charset=utf-8
https://bmppd.org/bmppd_result/?q=Ampelocissus+BARBATA,24e59e2b6ada74a82a638c92.html,200,2026-09-24T08:26:41.118423+00:00,51ef358293994f115482e3a9f72bf2677cdb8fa59dfde96644bf6687b02da868,text/html; charset=utf-8
https://bmppd.org/bmppd_result/?q=Ampelocissus+LATIFOLIA,8853ea332888ff33825b4c5b.html,200,2026-09-24T08:26:42.960780+00:00,27c7c5bd46c119c3ac9e2fe790b7fcbd04dee7b003ed47c548ff09706c234b7a,text/html; charset=utf-8
https://bmppd.org/bmppd_result/?q=Anacardium+OCCIDENTALE,40a8a9265783851201e699eb.html,200,2026-09-24T08:26:44.986201+00:00,d69274b0459ce9467ae53a1332a720d8afbc8bb4b9b28d5107425091cb7082e3,text/html; charset=utf-8
https://bmppd.org/bmppd_result/?q=Anagallis+ARVENSIS,b90205ae22b60f379a6f3d95.html,200,2026-09-24T08:26:46.923276+00:00,028123726dde3b273426cdd843fbd0fcd72fed25c07dcf2ca038a42dd10df379,text/html; charset=utf-8
https://bmppd.org/bmppd_result/?q=Anamirta+COCCULUS,f818ec8c862d1189b6fe1e26.html,200,2026-09-24T08:26:48.767310+00:00,bc20ff25712f6df7906bd8b9e1f5cc2e823d983d9c5857a82a690bd84d29c6d7,text/html; charset=utf-8
https://bmppd.org/bmppd_result/?q=Ananas+SATIVUS,66dc120eb8e7224e67296844.html,200,2026-09-24T08:26:50.619633+00:00,8e7c3c911c83e34e31dfac91f5c876c9200a7925619e188d70bd9fb68c274264,text/html; charset=utf-8
https://bmppd.org/bmppd_result/?q=Andrographis+PANICULATA,0c4840bd9717d788fb7eaf1e.html,200,2026-09-24T08:26:52.468392+00:00,cc754adcd82a6acf99565a6c0e36d531196c9ed64be92049ae348c96d6a7008e,text/html; charset=utf-8
https://bmppd.org/bmppd_result/?q=Anisomeles+INDICA,26c09d01eb7bbe59e7cee4ed.html,200,2026-09-24T08:26:54.317900+00:00,77d8bd9b1d9ade7a0b0e0ed5c3e8467501127262d30c1a7a351ed3d575148921,text/html; charset=utf-8
https://bmppd.org/bmppd_result/?q=Annona+RETICULATA,52f5506f60ce456765e6c7ff.html,200,2026-09-24T08:26:56.186051+00:00,1ae1cad65d2a1440d69c605dbad6692cbc65f97691926490d0dc8889a2331cf9,text/html; charset=utf-8
https://bmppd.org/bmppd_result/?q=Annona+SQUAMOSA,0f598cca07cf1322163e1ae0.html,200,2026-09-24T08:26:58.073728+00:00,0d4de77818a6f4135f4a3572585195cf33d7c2ebbc74c098f75b8fab09b21905,text/html; charset=utf-8
https://bmppd.org/bmppd_result/?q=Anodendron+MANUBRIATUM,c70b605c2ffb085930c7eb1a.html,200,2026-09-24T08:26:59.933153+00:00,e81940c714a63ba441524f72f9938c21f5cdf37708bee9d091a0f803c582ed85,text/html; charset=utf-8
https://bmppd.org/bmppd_result/?q=Anthocephalus+CHINENSIS,72b2891e976f535310fc3c7c.html,200,2026-09-24T08:27:01.776689+00:00,b0a4174294e837e5714dbea499dc0222698b163b543be5a112cd6cafa79b9746,text/html; charset=utf-8
https://bmppd.org/bmppd_result/?q=Antidesma+ROXBURGHII,54268b1fb79d1a8a64ea1d6d.html,200,2026-09-24T08:27:03.623473+00:00,7b7ff0bfbadf6b5e8a28254b3dd4c1948124c07c016634cd4e5a45694d8a4020,text/html; charset=utf-8
https://bmppd.org/bmppd_result/?q=Aphanamixis+POLYSTACHYA,259bb5091bca476b64265513.html,200,2026-09-24T08:27:05.471491+00:00,23da48e8b8f336f2002f40f12b8aa1e16033b6284cb4056b2e8be4c0f034ff29,text/html; charset=utf-8
https://bmppd.org/bmppd_result/?q=Aquilaria+MALACCENSIS,6d15546fd04aba4b599992b7.html,200,2026-09-24T08:27:07.317885+00:00,75730dc76476418989bb12843e13471de8b9caf08fde6a414ad6d859552d1321,text/html; charset=utf-8
https://bmppd.org/bmppd_result/?q=Arachis+HYPOGEA,b955771f2a125e2ae4eb6b06.html,200,2026-09-24T08:27:09.161825+00:00,a409b543fcf09e0882d4b3c8c20b1677d6b0029d88b1655e109a9c7336103c0f,text/html; charset=utf-8
https://bmppd.org/bmppd_result/?q=Ardisia+PANICULATA,70729313a7055565d03ffb9a.html,200,2026-09-24T08:27:11.007679+00:00,79de4060a1faf9bfe131af6b5294b88227002b6a04f422bd1bc4b295f457a01b,text/html; charset=utf-8
https://bmppd.org/bmppd_result/?q=Ardisia+SOLANACEA,0fb6d72f8268d823660c5cd0.html,200,2026-09-24T08:27:12.853969+00:00,a3ba293b84b66e956cc0b30d4a68c9d1eee53c9f84ac10c075a30806d815d599,text/html; charset=utf-8
https://bmppd.org/bmppd_result/?q=Areca+CATECHU,77af4e05d45144f602ef6e3e.html,200,2026-09-24T08:27:14.703687+00:00,c4ca89b5bb9795a141646f8998c5b6c94df9706e8171867d4f1dcd791c5c604d,text/html; charset=utf-8
https://bmppd.org/bmppd_result/?q=Argemone+MAXICANA,c0e36af1c9c1da3416961d79.html,200,2026-09-24T08:27:16.575824+00:00,c1d6f7b3780e99484fa251972919e4a168cf6cf5940a76967552208a1d7ce435,text/html; charset=utf-8
https://bmppd.org/bmppd_result/?q=Argyreia+CAPITIFORMIS,ed88dc2dc4d5e9b6bb4ab13e.html,200,2026-09-24T08:27:18.434071+00:00,90702487bae4db4cf4dc865830d89cf6012b60dadb1623b9067458db3850afdb,text/html; charset=utf-8
https://bmppd.org/bmppd_result/?q=Argyreia+NERVOSA,ff78af0868dfd928a4b7c754.html,200,2026-09-24T08:27:20.290118+00:00,af511e23a61548f73ab078e14e4b1a5202fb2ef2c522c22560a1d7a1265a8fb3,text/html; charset=utf-8
https://bmppd.org/bmppd_result/?q=Aristolochia+INDICA,6c3bb810d6f7c1aae604d686.html,200,2026-09-24T08:27:22.138761+00:00,20fffeeb0e9b1155a754abe6f8e2ca35c66a4d5839227d7393d2a009ec444bb6,text/html; charset=utf-8
https://bmppd.org/bmppd_result/?q=Aristolochia+TAGALA,35165757c1d2670c71ca575d.html,200,2026-09-24T08:27:23.983657+00:00,9408c8d09444a26d97bd87d6680f373a367ecc08ffc25f5a02ee9f767fad5660,text/html; charset=utf-8
https://bmppd.org/bmppd_result/?q=Artabotrys+HEXAPETALUS,e69f5124b22d800103a03ba8.html,200,2026-09-24T08:27:25.845267+00:00,b0cbd90c709e30b6429919681e2caefb02463006d8151cd34b996c2da826d367,text/html; charset=utf-8
https://bmppd.org/bmppd_result/?q=Artabotrys+SUAVEOLENS,a59606d5cbd720230987f848.html,200,2026-09-24T08:27:27.690510+00:00,b18e0bc96d8195a1afb3eb918007051ec56e63f7878108b66cf15162d4b8ad9b,text/html; charset=utf-8
https://bmppd.org/bmppd_result/?q=Artocarpus+HETEROPHYLLUS,9b6fc3a757388da81eef2b5f.html,200,2026-09-24T08:27:29.564984+00:00,fc16163ecd5c7f8f5c8de53acb09d0d6f8edaa1c03d59b33665e64eb19bafc15,text/html; charset=utf-8
https://bmppd.org/bmppd_result/?q=Artocarpus+LACUCHA,b4dcc8f026e1ac431bbcbd54.html,200,2026-09-24T08:27:31.468317+00:00,7444235671d43a2aca1baf77ca7ac6982d09dee90e66af5112a85bb2ab41b959,text/html; charset=utf-8
https://bmppd.org/bmppd_result/?q=Asclepias+CURASSAVICA,89ef4d21d0b5ee5efd2509ec.html,200,2026-09-24T08:27:33.334852+00:00,ee8174e90b48f92e0dffa457f370fae9d0321d1b53013173759777593e1c6ea9,text/html; charset=utf-8
https://bmppd.org/bmppd_result/?q=Asparagus+RACEMOSUS,68ec8842af5f461863c94313.html,200,2026-09-24T08:27:35.181471+00:00,f7f74d2dbd425ec66c938d242cae0f7cedcc95189855e657e1114512e065ef0f,text/html; charset=utf-8
https://bmppd.org/bmppd_result/?q=Asplenium+polyodon,8f1523fba839c3dbbf11e467.html,200,2026-09-24T08:27:37.028039+00:00,36e167be061cafda2018cab4f871ebbf9e795cc8e9a8b9ddb73520b502d68092,text/html; charset=utf-8
https://bmppd.org/bmppd_result/?q=Atalantia+MONOPHYLLA,a3688bb7b5071a8a8f5fb3d2.html,200,2026-09-24T08:27:38.876658+00:00,0aff82757d397e1f9806477825093191f70247b8af7759bebaaa418b129c4eb9,text/html; charset=utf-8
https://bmppd.org/bmppd_result/?q=Cajanus+crassus,fa4e3c6bfdfb061a067c243c.html,200,2026-09-24T08:27:40.721808+00:00,d3f52218bbf3933c81b4e4f91fd37b033a5bda274faa25e1eaa7b2b2dae2e0bd,text/html; charset=utf-8
https://bmppd.org/bmppd_result/?q=Cajanus+scarabaeoides,8e104ea7b86b2dd2af113ab6.html,200,2026-09-24T08:27:42.562815+00:00,c15dd70e47334a7a676757855f4ce8f109b26c1c0244e01f922d826b1eaa00ba,text/html; charset=utf-8
https://bmppd.org/bmppd_result/?q=Averrhoa+BILIMBI,47b9b9c895a1a66a9bed8d36.html,200,2026-09-24T08:27:44.405143+00:00,e91babdf955c4ff217235cb8fb67424cbc3dfc19c35c020e1e2b709f70428c16,text/html; charset=utf-8
https://bmppd.org/bmppd_result/?q=Averrhoa+CARAMBOLA,4714c8d7005fdbdc1cefdaf9.html,200,2026-09-24T08:27:46.275434+00:00,9ee4a3fdfcc601baf1da01d52f66b23011de3eeac419b9f30d20414f811beed2,text/html; charset=utf-8
https://bmppd.org/bmppd_result/?q=Azadirachta+INDICA,d2b3c2975a01dffee5e4b626.html,200,2026-09-24T08:27:48.389721+00:00,c0ea01fa1d5c626ff2b9cd095f7cdc8dac15b6cfd805e0a3de6f6d247068ce2d,text/html; charset=utf-8
https://bmppd.org/bmppd_result/?q=Bacopa+monnieri,167d86596a0786528b8f5868.html,200,2026-09-24T08:27:50.393751+00:00,c2fd82a3a22a52d273ca80e1394b109b3d279df65c5107560b2048c1bd76e764,text/html; charset=utf-8
https://bmppd.org/bmppd_result/?q=Baliospermum+solanifolium,c8625b54eb6727739e1b184f.html,200,2026-09-24T08:27:52.233213+00:00,39a2003eb13b32ade1db3a00663abf0fb8052c2e17555513473cad8a00d0d78b,text/html; charset=utf-8
https://bmppd.org/bmppd_result/?q=Bambusa+bambos,d085453cadfb5ad2b6ca79f7.html,200,2026-09-24T08:27:54.069462+00:00,d5346a281ee6d5ea6f99f8cd06560e2f2aac59959ea82525b06d87726152e7b9,text/html; charset=utf-8
https://bmppd.org/bmppd_result/?q=Barleria+cristata,757e711836fedbb0e1d9099c.html,200,2026-09-24T08:27:55.907954+00:00,81d8ac224b136b55d9754c2dca6f408c392ca559a7cef925f667e8f4f1c38ea5,text/html; charset=utf-8
https://bmppd.org/bmppd_result/?q=Barlaria+STRIGOSA,9c82d1a8940a49c4e3cf853d.html,200,2026-09-24T08:27:59.558286+00:00,d3f07306eb3b732665517945e9d9b30af66ce244b9fc900a62d81408688f499e,text/html; charset=utf-8
https://bmppd.org/bmppd_result/?q=Barringtonia+ACUTANGULA,6ab40d72b6e7e88305b0032f.html,200,2026-09-24T08:28:01.398492+00:00,4168d656b9c9fd061bc95f223b9ecd335bba0ea809b7e9caa3894e03261aaf29,text/html; charset=utf-8
https://bmppd.org/bmppd_result/?q=Barringtonia+RACEMOSA,4cb66d425f9336d7734f11f6.html,200,2026-09-24T08:28:03.239041+00:00,7ddd5df741f0032718b8c99532824b4fd201fb78fdc55d40dec3922570c3b9f3,text/html; charset=utf-8
https://bmppd.org/bmppd_result/?q=Basella+ALBA,b4b21acb5260a003fadcbde6.html,200,2026-09-24T08:28:05.080456+00:00,7f870df5fa0267d5a7c2e92ff964a3bd54cc17197e349838714028fac6bb9a82,text/html; charset=utf-8
https://bmppd.org/bmppd_result/?q=Bauhinia+ACUMINITA,cc62665659dde82e4d8e234c.html,200,2026-09-24T08:28:06.920081+00:00,4fa36f0706482d3842ccd9e21ac174a0630fbeb854550f70231a50270df55910,text/html; charset=utf-8
https://bmppd.org/bmppd_result/?q=Bauhinia+MACROSTACHYA,c911f70978c865bb38c439d1.html,200,2026-09-24T08:28:08.757512+00:00,d966025cceb5c4d31db231ba9198330df60b7fa703d73ede882a91c93ccbddac,text/html; charset=utf-8
https://bmppd.org/bmppd_result/?q=Bauhinia+MALABARICA,93964dba3aee86523d5f3b57.html,200,2026-09-24T08:28:10.598095+00:00,b1d1469050578f401d12877dded4ed6470f2d9dfe4af93952204ae108ca6a46a,text/html; charset=utf-8
https://bmppd.org/bmppd_result/?q=Bauhinia+PURPUREA,efc54f1f926b40b8ecd2d5b4.html,200,2026-09-24T08:28:12.444252+00:00,f86d7a1447023d1795e13c3b6fbff23384e0f354b291c3ad8c92a5519c8a3507,text/html; charset=utf-8
https://bmppd.org/bmppd_result/?q=Bauhinia+VARIEGATA,2fdad7aa62733bcac7eb61f5.html,200,2026-09-24T08:28:14.329288+00:00,35ef84b7d1dc07dad495838ea78c3b88fc3b699c9c6c68cbdd9b4dbd0eca3226,text/html; charset=utf-8
https://bmppd.org/bmppd_result/?q=Begonia+ROXBURGHII,9627b33f37e7b735a7aaa874.html,200,2026-09-24T08:28:16.146575+00:00,ff21db8ef54fd3e04fe0af342629b116c94ab06ac75adff9465796ffccf48305,text/html; charset=utf-8
https://bmppd.org/bmppd_result/?q=Iris+domestica,22f9d78e612aec35eef317f2.html,200,2026-09-24T08:28:17.991363+00:00,d01ebb6f889fe613023d37814a51284628ab84bc90073651612a0af4eb7ab6d4,text/html; charset=utf-8
https://bmppd.org/bmppd_result/?q=Benincasa+HISPIDA,a15ba64c586d54a530004385.html,200,2026-09-24T08:28:19.837586+00:00,ae27f0ca8c212edd3352dcec0995f3511f62152aeef1b914e0ad9e7c5188665c,text/html; charset=utf-8
https://bmppd.org/bmppd_result/?q=Biophytum+SENSITIVUM,ac05fce09df12447a2e7184a.html,200,2026-09-24T08:28:21.826284+00:00,28c78fecbcb948930e239ae7c1da7762290739f870a06d7782129c74c66aefe3,text/html; charset=utf-8
https://bmppd.org/bmppd_result/?q=Bixa+ORELLANA,cccf5ea8307c90daf467daba.html,200,2026-09-24T08:28:23.665880+00:00,a7619065fa0ed2bcddd1c542b5bcbde7a654fc2b967ea38ed42e4f43f6f742d2,text/html; charset=utf-8
https://bmppd.org/bmppd_result/?q=Blumea+BALSAMIFERA,9fcc7645cd66eeef807fdd31.html,200,2026-09-24T08:28:25.522739+00:00,d1a8d603b4a83b6562697b60d3acb87203fe903eea3ba01ae51848b11bda3872,text/html; charset=utf-8
https://bmppd.org/bmppd_result/?q=Blumea+CLERKEI,08d7d21381a2b3e10eb344f8.html,200,2026-09-24T08:28:27.377542+00:00,765127a3787a81935affc8b35f0801101b3c0946664a96b744b597e0d95f40f8,text/html; charset=utf-8
https://bmppd.org/bmppd_result/?q=Blumea+LACERA,8a1f2d6f286fa7144270dd4f.html,200,2026-09-24T08:28:29.224469+00:00,5ddcf78236d13db5b3d08954ca7db474af04f9b0b27bcee0eb4cd453ce439d74,text/html; charset=utf-8
https://bmppd.org/bmppd_result/?q=Boehmeria+MALABARICA,6f4e3f89b48c298e9c931b98.html,200,2026-09-24T08:28:31.073339+00:00,b10d7749c693b6043d32ec7a3007ebfca916ab4c5114a04c42a70cd6844531ce,text/html; charset=utf-8
https://bmppd.org/bmppd_result/?q=Boerhaavia+DIFFUSA,426424786146d329b4c22ec2.html,200,2026-09-24T08:28:32.917113+00:00,4eeabc7ce24761dd86834aa1b4283ce5563a5a7f4a214f98f7d4fab24cd86505,text/html; charset=utf-8
https://bmppd.org/bmppd_result/?q=Boesenbergia+LONGIFLORA,80651dfaa408110451bc12c0.html,200,2026-09-24T08:28:34.819099+00:00,10b3c2314e52d5f5fc77573377ca9f73c45304dd01b11d8a990c1fbaa50cccdb,text/html; charset=utf-8
https://bmppd.org/bmppd_result/?q=Bombax+CEIBA,15b23c12c00950f245af607c.html,200,2026-09-24T08:28:36.660330+00:00,434ffab456224afa77039024829c4e2162a7ea2601d02b2ba0ba43f32250a8db,text/html; charset=utf-8
https://bmppd.org/bmppd_result/?q=Borassus+FLABELLIFER,a621c8de0301c6cf5207e146.html,200,2026-09-24T08:28:38.499291+00:00,e34c9d6c6dfbc8932666bf2b5ac4634f745353db09649ddac3cd6a6a923432e5,text/html; charset=utf-8
https://bmppd.org/bmppd_result/?q=Spermacoce+articularis,99a7e45305c4ba44435058d1.html,200,2026-09-24T08:28:40.352654+00:00,8c6a1dd999c8021208588a19edcda5b254ab48eae18bbcc96028f07901b5b1a9,text/html; charset=utf-8
https://bmppd.org/bmppd_result/?q=Boswellia+SERRATA,55a3e2eccb470131cb2af6e4.html,200,2026-09-24T08:28:42.207533+00:00,7af1871e267583cdb4871f2c7f229887c5472e5f03945b0a2be87ee3029ed76b,text/html; charset=utf-8
https://bmppd.org/bmppd_result/?q=Brassica+NIGRA,1d4b412dea104d7dc4534315.html,200,2026-09-24T08:28:44.066743+00:00,774258d00f071afd1f2c6c0065cb7cd96daae2ae21974e4fe01fe6fd6eee675b,text/html; charset=utf-8
https://bmppd.org/bmppd_result/?q=Breynia+RETUSA,e5ec2e08d9cbeb250be0940d.html,200,2026-09-24T08:28:45.909329+00:00,f28ce0f532fc26037524b81ef2e460b46f40a9864d4897caf89adc9e7d098c01,text/html; charset=utf-8
https://bmppd.org/bmppd_result/?q=Bridelia+RETUSA,eb36b356427d4bd13425c984.html,200,2026-09-24T08:28:47.750690+00:00,c900f67ea6b5d0f8cdf8c0074c450cae506adbc6ba3d8b909e631dc3d4733e4b,text/html; charset=utf-8
https://bmppd.org/bmppd_result/?q=Bridelia+STIPULARIS,a233b0073eaeadc6a038d766.html,200,2026-09-24T08:28:49.780840+00:00,ae1446e29e6352d697666624c243d1f8962bba77b7810890290fe6db5a79abaa,text/html; charset=utf-8
https://bmppd.org/bmppd_result/?q=Buchanania+cochinchinensis,42d7b646322a1477068cc26b.html,200,2026-09-24T08:28:51.618198+00:00,dfaf96239b9a8611b577c58975409e651e98808bfcc8a3542b8e9633adcde9a7,text/html; charset=utf-8
https://bmppd.org/bmppd_result/?q=Buddleja+NEEMDA,1f7d8470d911df21f5333aa6.html,200,2026-09-24T08:28:53.462601+00:00,2c1748a7c914920715613f66c8d8bb974f64eed99a1cb5c28ae5e94999dbd965,text/html; charset=utf-8
https://bmppd.org/bmppd_result/?q=Byttneria+pilosa,e4f8a3d80b124786110c34cf.html,200,2026-09-24T08:28:55.301749+00:00,15d63d9bb51c02b09d79fb62a3142c380703d50c7dd341cc2fe0a34f3f30718a,text/html; charset=utf-8
https://bmppd.org/bmppd_result/?q=Butea+MONOSPERMA,57ac3abbff302acb25cb5fcb.html,200,2026-09-24T08:28:57.153582+00:00,46d4dc5d3ccbd41d00065110c5ae67bb9fb04034a0f6f5ae207e6a1e8a81d39f,text/html; charset=utf-8
https://bmppd.org/bmppd_result/?q=Caesalpinia+BONDUC,c8f17309a3261de017b17aab.html,200,2026-09-24T08:28:59.163955+00:00,5d2210d778b5c4166acf36558058497c69fbb868ccc3ca38e3f45eca23418c83,text/html; charset=utf-8
https://bmppd.org/bmppd_result/?q=Caesalpinia+DIGYNA,5f2d79afb76f5214337b21d7.html,200,2026-09-24T08:29:01.063029+00:00,120ec3a52ba9052124b7353888afd17c8049f1e85bd5fc29244b163318222ba0,text/html; charset=utf-8
https://bmppd.org/bmppd_result/?q=Caesalpinia+PULCHERIMA,02ac61192134f7df4f925426.html,200,2026-09-24T08:29:02.905614+00:00,87099e333d23037d697ec142923c58852dd6a98959775197ced9f7321a5cc77a,text/html; charset=utf-8
https://bmppd.org/bmppd_result/?q=Cajanus+cajan,81142ee670ab6a03f34f8360.html,200,2026-09-24T08:29:04.750503+00:00,4241816499d1d6a807a8e3026f18b7e25792292590dd6f3b9bcc5fd7aa0ef82f,text/html; charset=utf-8
https://bmppd.org/bmppd_result/?q=Callicarpa+MACROPHYLLA,5b0a08702859d71640ec7f6f.html,200,2026-09-24T08:29:06.595783+00:00,a70291a2570420da9cf1537ad5bf0547f31feba34c7e1f334379c24ea9a5754a,text/html; charset=utf-8
https://bmppd.org/bmppd_result/?q=Callicarpa+TOMENTOSA,f98d7f4e437aae2489c4213e.html,200,2026-09-24T08:29:08.443523+00:00,e01983cdaf45e28bda06dadee016967c2ffd174baecc694785f2cc62b408b263,text/html; charset=utf-8
https://bmppd.org/bmppd_result/?q=Calophyllum+INOPHYLLUM,db52552fbeb8bd13ff7e4822.html,200,2026-09-24T08:29:10.283928+00:00,9888566664bd808eb5d5de26c72862ae252b2e3fd21f96435763b89b3379f347,text/html; charset=utf-8
https://bmppd.org/bmppd_result/?q=Calotropis+GIGANTEA,afe3cd810fb21559ad05616c.html,200,2026-09-24T08:29:12.153305+00:00,5bcec3f4fa3e7de51bf3e5f6fde8f44de708f5e3f44da5eeea548ec961abbc1a,text/html; charset=utf-8
https://bmppd.org/bmppd_result/?q=Calotropis+PROCERA,2856779699760ae7721bf6bf.html,200,2026-09-24T08:29:14.055610+00:00,0def2312629c66a85a6ba147d17db91641f61d29224a6ca9977bfc5c6664bca1,text/html; charset=utf-8
https://bmppd.org/bmppd_result/?q=Getonia+floribunda,17f2766d52891a86873214fc.html,200,2026-09-24T08:29:15.932604+00:00,ba9e0561031c4eb7e3fe956ee11ea6866a1272ae4df7fec2ed1e2da73a55333d,text/html; charset=utf-8
https://bmppd.org/bmppd_result/?q=Camellia+sinensis,2d7c77fb9b93517519547a0a.html,200,2026-09-24T08:29:17.960450+00:00,1f66df38b92fab53eddc41212f7ef6daf21f081f757dca05fceb9fd59a0fd892,text/html; charset=utf-8
https://bmppd.org/bmppd_result/?q=Canarium+BENGALENSE,5b643447a839017a9f259782.html,200,2026-09-24T08:29:20.117874+00:00,85cace0a2e7d1b4d360089b26a2c8bf4a3e00d7a6928f8bae0f4e29bfb711863,text/html; charset=utf-8
https://bmppd.org/bmppd_result/?q=Canna+INDICA,26d45995a296dd5563bc57f9.html,200,2026-09-24T08:29:21.987802+00:00,0bafccd583c67dc847fd3f68db43d2a5327ca3c3d2c8fb61c6765c3daf55d638,text/html; charset=utf-8
https://bmppd.org/bmppd_result/?q=Cannabis+SATIVA,d933ad4e66ca1aa93c1bcca7.html,200,2026-09-24T08:29:25.093630+00:00,fc27c81c894e955819caa27ca1b3aa84b8f0c009728f824b096fcdbab52b8766,text/html; charset=utf-8
https://bmppd.org/bmppd_result/?q=Magnolia+champaca,7030399a86dd3eeb294b7c91.html,200,2026-09-24T08:29:27.060587+00:00,dad18f458f0fb0c0a05bd180e695645d7086aa54327e15adef1305c9274951e7,text/html; charset=utf-8
https://bmppd.org/bmppd_result/?q=Zehneria+scabra,8893b406000107de52ab6715.html,200,2026-09-24T08:29:28.946248+00:00,1ce4a45edf88d27d0a3ccc3e9282c4592dc009c140a05a9ff0ede10dadd89f6b,text/html; charset=utf-8
https://bmppd.org/bmppd_result/?q=Cochlospermum+religiosum,621af432f2a86665a348e679.html,200,2026-09-24T08:29:30.845036+00:00,045b38c0fc7d077972708f862f89152dd991fc7d28f928013fa5b43e59797287,text/html; charset=utf-8
https://bmppd.org/bmppd_result/?q=Gynocardia+odorata,ae51ee1ada40d6be8c8795a4.html,200,2026-09-24T08:29:32.713202+00:00,de44278537b404b0231d0f1a5e11a64e2ff7a889dcf19e23649548ff355a01f6,text/html; charset=utf-8
https://bmppd.org/bmppd_result/?q=Drosera+peltata,a9f497464a3f0c1377879b9e.html,200,2026-09-24T08:29:34.585238+00:00,59d0fbc1b0c04ccbea4410ba5aee5f3a567abade1c0c3089a14d5703494c01fd,text/html; charset=utf-8
https://bmppd.org/bmppd_result/?q=Sida+rhombifolia,dd0e240317e4bf155c9942bd.html,200,2026-09-24T08:29:36.452976+00:00,68bb642a7209efe430bf0338503f290c04bff95aee7c9618f6ec820b7b21cab6,text/html; charset=utf-8
https://bmppd.org/bmppd_result/?q=Sida+cordifolia,f893fae40a78d6f9f86a8f18.html,200,2026-09-24T08:29:38.346556+00:00,34f35d5c3b275b9f751369eb8284783d26b83a0028fb0e45030b903827f1b554,text/html; charset=utf-8
https://bmppd.org/bmppd_result/?q=Sida+acuta,b7916adf7c02fb9d049a3912.html,200,2026-09-24T08:29:40.279862+00:00,f7b9a6881ae11ec4c767840dd2f916cd0ab35ebe2a9f43b107642062281755ec,text/html; charset=utf-8
https://bmppd.org/bmppd_result/?q=Malva+sylvestris,a8c8c2ac81e392a620820122.html,200,2026-09-24T08:29:42.163260+00:00,7f79c905bc713bafe8fb3850205de8a7e8fafeaf1fa48700ad01dfd0ad94da51,text/html; charset=utf-8
https://bmppd.org/bmppd_result/?q=Hibiscus+schizopetalus,1b291dccad7ab899c28a3501.html,200,2026-09-24T08:29:44.041698+00:00,5bb1c5c02ada31ef59e46d5ef9a226460fe49bee94809bc8bf60890221cb9342,text/html; charset=utf-8
https://bmppd.org/bmppd_result/?q=Althaea+officinalis,85b8d041abf4ffc963852d8e.html,200,2026-09-24T08:29:45.938095+00:00,6037ac0389e55366140740db66ed6b031316a5152ca5854e38205ce3d6c7ba61,text/html; charset=utf-8
https://bmppd.org/bmppd_result/?q=Bombax+insigne,23d04faa7c0a229f7fa775ac.html,200,2026-09-24T08:29:47.802917+00:00,1a74fb36bb893ba415bffa66b60c5539086745e1b8ff3b0e056ac9d95d496cd2,text/html; charset=utf-8
https://bmppd.org/bmppd_result/?q=Firmiana+simplex,b1956d11e3744d32af31b46c.html,200,2026-09-24T08:29:49.671436+00:00,44713c81258679ffd5b712e571fb9456096dba9d50d1e34d259bb49cfa3f052a,text/html; charset=utf-8
https://bmppd.org/bmppd_result/?q=Sterculia+lanceifolia,770cf53f4695cf2aa1c2ac24.html,200,2026-09-24T08:29:51.540543+00:00,b46be7fcb450c88237d42ac75316e72d9bff4926bfc98876878600490cd3880b,text/html; charset=utf-8
https://bmppd.org/bmppd_result/?q=Pentapetes+phoenicea,96e5650e1e2234d0479a39d7.html,200,2026-09-24T08:29:53.415194+00:00,3319ce5bbdb9936a02f4a55a6cbc35aeba969a77e68fa78c4c0be48833980770,text/html; charset=utf-8
https://bmppd.org/bmppd_result/?q=Microcos+paniculata,3d7ecd5483e3f39cb80fe35b.html,200,2026-09-24T08:29:55.283489+00:00,6a5a1fe7a8da1b7d6b38f138e28b904503313277ba4909e222c7b0f91ddd8500,text/html; charset=utf-8
https://bmppd.org/bmppd_result/?q=Melochia+corchorifolia,df3b8c76d2ad36732288fdfe.html,200,2026-09-24T08:29:57.173744+00:00,72657e8584f8e2a69514e4ac23e95b9067c1c47817375cbda679eaa8df6b4281,text/html; charset=utf-8
https://bmppd.org/bmppd_result/?q=Corchorus+fascicularis,6bab9e1664c961851bc67193.html,200,2026-09-24T08:29:59.062713+00:00,9bba31bb1f6d04ac6e8dfdf3939c2b1da7e7146a9dc3ee792e86b517db919428,text/html; charset=utf-8
https://bmppd.org/bmppd_result/?q=Corchorus+aestuans,20dc98c04606678dd6021641.html,200,2026-09-24T08:30:00.930038+00:00,107f87740cdf48a1dca46bc7a46cc84631e8a173569059b4806acde69d2d1bea,text/html; charset=utf-8
https://bmppd.org/bmppd_result/?q=Hypericum+japonicum,bc97a1af7697c9b28efb94e7.html,200,2026-09-24T08:30:02.821931+00:00,0660f159d7217000208366603c4fcfb77b8b461ff96653230fe0a2281aed8908,text/html; charset=utf-8
https://bmppd.org/bmppd_result/?q=Calophyllum+polyanthumwall.ex,437178d8bd25d4fb468e6c77.html,200,2026-09-24T08:30:04.692510+00:00,f0801da19484734a30bb0c9679681eae931095f13ac38e54f1c287ddc26f313e,text/html; charset=utf-8
https://bmppd.org/bmppd_result/?q=Schima+wallichii,ae164d0e26ecd3d66ac6f247.html,200,2026-09-24T08:30:06.560589+00:00,134121ea7e82bafafe0852aa0aaf59df278f5c6588cee7fa9c4fc56e93a79440,text/html; charset=utf-8
https://bmppd.org/bmppd_result/?q=Shorea+robusta,326cec0b8b2442549db96e6a.html,200,2026-09-24T08:30:08.426576+00:00,6dad38f46d84c3b3f16d4549d0f36a4221c2bbecc3d5c7d483e4da6e37311568,text/html; charset=utf-8
https://bmppd.org/bmppd_result/?q=Dipterocarpus+turbinatus,2735c009a107c597d2025e1a.html,200,2026-09-24T08:30:10.293299+00:00,873d1b67ce2a834cd2c812758786d57f8c2d835e8fcc1b2b707e1004bf4a9d35,text/html; charset=utf-8
https://bmppd.org/bmppd_result/?q=Tetracera+sarmentosa,c86a2eebff8a306e8a5fb638.html,200,2026-09-24T08:30:12.163332+00:00,4d67f6b3a6e08577b247968d094e8864e0af1cf589acaf8c3be7761799f30aac,text/html; charset=utf-8
https://bmppd.org/bmppd_result/?q=Dillenia+indica,7ca8bc6d4f70f4af8446cc26.html,200,2026-09-24T08:30:14.041273+00:00,5d040b6e1e2916875c93c9e7f64c414e0cf85d635c253d363e1181c74d2af32f,text/html; charset=utf-8
https://bmppd.org/bmppd_result/?q=Rheum+emodi,ee8b01cc0de914ba0b6c9499.html,200,2026-09-24T08:30:15.932717+00:00,6d36ae976d0b70f8d70df1f337718bb97dff18c2e249e283816ac61d0d2fe118,text/html; charset=utf-8
https://bmppd.org/bmppd_result/?q=Polygonum+pubescens,dceaae65f66d82ca2fbc5e29.html,200,2026-09-24T08:30:17.801881+00:00,17c850b4157256bf5f7414ec9f210f957138477ced62c7b28812eb798f08f018,text/html; charset=utf-8
https://bmppd.org/bmppd_result/?q=Polygonum+aviculare,28a34734aa037db58fe6933f.html,200,2026-09-24T08:30:19.668232+00:00,40ff65ca7c2003b3e43ef8adfb881945e6da4df3362359f7ac42fd7928865973,text/html; charset=utf-8
https://bmppd.org/bmppd_result/?q=Polygonum+viscosumbuch.-ham.,ba9d212c30745e568e0e5f71.html,200,2026-09-24T08:30:21.537905+00:00,1ef6e258fdb99c5c4f0272846efa8dece975d16eea2b447d85e51373247049fb,text/html; charset=utf-8
https://bmppd.org/bmppd_result/?q=Persicaria+strigosa,d71bfcd87060847d45cc4275.html,200,2026-09-24T08:30:23.408340+00:00,38a15c3d5f31aa535190e253c17195d0153e9e7e8707eda9b93d376a9f1e7d60,text/html; charset=utf-8
https://bmppd.org/bmppd_result/?q=Persicaria+stagnina,8d00811c58895b330032ce2e.html,200,2026-09-24T08:30:25.278553+00:00,48968be0fb50534969f414835ed481122a806a0f6ee2f54d7cdbc5037f0f9f3a,text/html; charset=utf-8
https://bmppd.org/bmppd_result/?q=Persicaria+lapathifolia,fb6b37d61a6c683a747c84e6.html,200,2026-09-24T08:30:27.147992+00:00,57a82b5c8f0068cddf497fd126ee1917339e4fb3addc121a40a1a4d2c37fccd7,text/html; charset=utf-8
https://bmppd.org/bmppd_result/?q=Persicaria+chinensis,7ef365a1683ed0f210963013.html,200,2026-09-24T08:30:29.027628+00:00,8fb8cfbb888db82015c07391d6e5d6013d59d1eef3cbb8dd1e09a250431498ea,text/html; charset=utf-8
https://bmppd.org/bmppd_result/?q=Polycarpon+prostratum,fa342651e9ae2518334a2b50.html,200,2026-09-24T08:30:30.904655+00:00,7407dda56e46145dbddb6359df0e9d18ce0c17e6628e104a3f0a8ac16aecbb23,text/html; charset=utf-8
https://bmppd.org/bmppd_result/?q=portulaca+grandiflora,06d0dee8be25edec4cdcace0.html,200,2026-09-24T08:30:32.803644+00:00,79ad7c83739e332c22c952dfa4ee4349b4684fc2c558e0ce5283ffbbeae005b8,text/html; charset=utf-8
https://bmppd.org/bmppd_result/?q=Cyathula+prostrata,224ce1f0d52f851173df6f81.html,200,2026-09-24T08:30:34.667524+00:00,5d85117202a64fe01cca1fbe6316f2d7ffe8e293ac6afc39809fe0cdd7db8535,text/html; charset=utf-8
https://bmppd.org/bmppd_result/?q=Amaranthus+tricolor,efb0f450c40289e6d89498ca.html,200,2026-09-24T08:30:37.552427+00:00,aac1898f12c48c117b014eb36b0162728842c5273b4bae9d4f3890cbbf538c0a,text/html; charset=utf-8
https://bmppd.org/bmppd_result/?q=Bougainvillea+spectabilis,72b6da55bf3c88ea57772a7d.html,200,2026-09-24T08:30:39.430686+00:00,ebb5fb51d4f4fd6ead69403afe3bfa62160205f6f69ed436403b3f4d996da42a,text/html; charset=utf-8
https://bmppd.org/bmppd_result/?q=Corylus+avellana,3ff864b06d4253724694e64d.html,200,2026-09-24T08:30:41.310960+00:00,6c05edd3d24e490ac85e447dc7be721960860701ed2b28b92f6c163b9cfacb61,text/html; charset=utf-8
https://bmppd.org/bmppd_result/?q=Quercus+infectoria,e46397ce358e438ae9fed519.html,200,2026-09-24T08:30:43.180721+00:00,49e4de52fde57c16937001cab1f3610ff9794585e8dcb2e160f6548f31955fcf,text/html; charset=utf-8
https://bmppd.org/bmppd_result/?q=Sarcochlamys+pulcherrima,1bb78a4686c18a52ed44e584.html,200,2026-09-24T08:30:45.049753+00:00,ba25204e202cb8c51d708ff2aafa1f1ef1cbd4923e7efcba5c926b5485e86d3d,text/html; charset=utf-8
https://bmppd.org/bmppd_result/?q=Pouzolzia+sanguinea,5acc5aad3f2d0e1cccce2e18.html,200,2026-09-24T08:30:46.917636+00:00,6351149e610d0964dcbb43ab7bcae7180e9f90cad6431892b306047f26bbc98a,text/html; charset=utf-8
https://bmppd.org/bmppd_result/?q=Pouzolzia+hirta,5f629d1a6355a6455dc3d9f4.html,200,2026-09-24T08:30:48.803140+00:00,c0c061e410911c681f96874c26cfd9d85aa8b44a8daeadb76b7b4df31378c37d,text/html; charset=utf-8
https://bmppd.org/bmppd_result/?q=Fleurya+interrupta,9179ed1e9ccf1eb562477e46.html,200,2026-09-24T08:30:50.678164+00:00,b4ebe079c90528541bf513751d87d7b0a38ae46b06c86eed0f3cc51791f7db24,text/html; charset=utf-8
https://bmppd.org/bmppd_result/?q=Elatostema+rupestre,43452d94208397bc859cad39.html,200,2026-09-24T08:30:52.549257+00:00,cd1b24c90a0561f72fa937ecf6776262e32e6a2cee220ad2cd922ff1917dc3f1,text/html; charset=utf-8
https://bmppd.org/bmppd_result/?q=Elatostema+papillosum,dae9d5f0422b564372bab6b1.html,200,2026-09-24T08:30:54.422660+00:00,01ddb67b60b08f2e27520a60b13bf529962f7d347c60e5d816ffe52272bc5200,text/html; charset=utf-8
https://bmppd.org/bmppd_result/?q=Boehmeria+nivea,a46f7b9230df735d471fe20a.html,200,2026-09-24T08:30:56.261699+00:00,4a425a021ff7a0eb6312ce3ddc86209da591af99427fc2fd752dd5933b39f987,text/html; charset=utf-8
https://bmppd.org/bmppd_result/?q=Ficus+sagittata,4ef35d67ac7d9e76f845bbbb.html,200,2026-09-24T08:30:58.129795+00:00,a398478346d46d46848081dbef2cb4b29751e728d4776fddb485de2f3d67bae0,text/html; charset=utf-8
https://bmppd.org/bmppd_result/?q=Ficus+rumphii,bbf63c438a60f4b8ff23029e.html,200,2026-09-24T08:31:00.198297+00:00,5ce61ab22d73fd01f1fbe3437ec8c0f30b440b1076d9542d426b8f6c20635a80,text/html; charset=utf-8
https://bmppd.org/bmppd_result/?q=Ficus+pumila,caa426eb173171825ce884f0.html,200,2026-09-24T08:31:02.129592+00:00,39d2c3a99aeb0784d304fc90a3a33d269f249f6319dc8e3c4607c912e60aedf1,text/html; charset=utf-8
https://bmppd.org/bmppd_result/?q=Ficus+mollis,0b07ddb4e56ea05db77a2542.html,200,2026-09-24T08:31:04.062283+00:00,26e78b23078d3838504e6295e8a3d7c0ba9a59470a44a5cb1149047560f7956c,text/html; charset=utf-8
https://bmppd.org/bmppd_result/?q=Ficus+hirta,12ea3b0c3928234c551ee00b.html,200,2026-09-24T08:31:05.986942+00:00,38c8295c43f18042bd8b6a84e53ca412abb2993cd14d60f9d1d65910486c0bc9,text/html; charset=utf-8
https://bmppd.org/bmppd_result/?q=Ficus+heterophylla,eb93135dace819f7ab6e54d4.html,200,2026-09-24T08:31:07.911731+00:00,9c48a6d91d428086830a49bc9a7fefb13169d01f63581259b1280a6032794752,text/html; charset=utf-8
https://bmppd.org/bmppd_result/?q=Ficus+hederacea,be277b1a28c7975e396ca057.html,200,2026-09-24T08:31:10.275377+00:00,4e69e0fec19d2c04d674dc2e582849db475e53463ba199debd68299b22604c68,text/html; charset=utf-8
https://bmppd.org/bmppd_result/?q=Ficus+curtipes,587e9b4305895b774daed668.html,200,2026-09-24T08:31:12.240196+00:00,3d2f8468ca27445613001e38e9004ac3ec920d36edbf944dd45a02ad159b361d,text/html; charset=utf-8
https://bmppd.org/bmppd_result/?q=Canscora+alata,0392748270252f3dc2c86a40.html,200,2026-09-24T08:31:14.234192+00:00,310a0fe9c8a76989e2965435fa82677d3b8f6925797b26515380920308ff4733,text/html; charset=utf-8
https://bmppd.org/bmppd_result/?q=Canscora+DIFFUSA,a7f4d8e415c9981c26291b6c.html,200,2026-09-24T08:31:16.161729+00:00,2cd0c33b542081ab47ffca810906fd0d0e4b7b12e062b3cf05341e9397af5b3f,text/html; charset=utf-8
https://bmppd.org/bmppd_result/?q=Capparis+ZEYLANICA,ca3d27fa5e03adc5cac0e652.html,200,2026-09-24T08:31:18.094465+00:00,4de6ce8e76362061cdd2d1e4fd2ea3dcb3217f1ca52a8358da882e15b693a924,text/html; charset=utf-8
https://bmppd.org/bmppd_result/?q=Capsicum+ANNUUM,535806bca83e1e4a467082fd.html,200,2026-09-24T08:31:20.020153+00:00,1184645fb9b6acd134f369b7730771e1c7958073d6416709566344c49b7c294d,text/html; charset=utf-8
https://bmppd.org/bmppd_result/?q=Cardiospermum+HALICACABUM,b548ceb5151c48e25824c324.html,200,2026-09-24T08:31:21.950652+00:00,8f9e4f7515db3da0e30570107cfb7a2cfc285d9ffe74b6cc303bf194ce9541a8,text/html; charset=utf-8
https://bmppd.org/bmppd_result/?q=Careya+ARBOREA,39e9ae34a302e6b5b3b6147a.html,200,2026-09-24T08:31:23.892556+00:00,8b0e8e8720b860f837c2dfdede231819a9c7d82131b38ba8cd0a016b79cb454e,text/html; charset=utf-8
https://bmppd.org/bmppd_result/?q=Carica+PAPAYA,813316e00db785152c5de993.html,200,2026-09-24T08:31:26.189462+00:00,8607b9eeeb73e946de1f80ae09f50c2c5070af16ef18daa4d3c3aef3c1bd11ef,text/html; charset=utf-8
https://bmppd.org/bmppd_result/?q=Carissa+spinarum,0a44cfd56eddd433034d2303.html,200,2026-09-24T08:31:28.238600+00:00,791ec834b18ed15e4c3d445e98a089d46336ceb0dd48a8ded827146390024280,text/html; charset=utf-8
https://bmppd.org/bmppd_result/?q=Carthamus+TINCTORIUS,28636d6daefa3dfa2a768865.html,200,2026-09-24T08:31:30.149442+00:00,36d5ed5793e3c4ed7e08a25431c4eae608bd6f9f8942226b9b7ff3d57dac0b2d,text/html; charset=utf-8
https://bmppd.org/bmppd_result/?q=Caryota+URENS,2a6be18e65bf9efc7386c48a.html,200,2026-09-24T08:31:32.059223+00:00,4236c91d26337b6d5980cdf99fcd6646c768929b79ce1dd17f941b3a972af8ab,text/html; charset=utf-8
https://bmppd.org/bmppd_result/?q=Senna+alata,9c4b27af6e7b43a61308e904.html,200,2026-09-24T08:31:33.970865+00:00,a5c9b7ab0b9d7a6ffc4064edd6ad305fcf429aeb770817e6010b56744df6a2fc,text/html; charset=utf-8
https://bmppd.org/bmppd_result/?q=Cassia+FISTULA,df0ebdba93cf61b1d9fbe11e.html,200,2026-09-24T08:31:36.125251+00:00,b7a7a5f93d47b2f7f476dbf6f27fad78752e6bc6690868653f088b0d2dd427cd,text/html; charset=utf-8
https://bmppd.org/bmppd_result/?q=Senna+obtusifolia,957e4020e92dc8592bd92597.html,200,2026-09-24T08:31:38.145336+00:00,afdb7f9fcf6dfad9b19d9f1d15bb0daa5e3ead715ea5d9e77d49fb5f3ad0205d,text/html; charset=utf-8
https://bmppd.org/bmppd_result/?q=Senna+occidentalis,dc0fe20444b5ca4eab67e8ca.html,200,2026-09-24T08:31:40.068365+00:00,571b6000aae0ce136b6beec899505a788a0af55a6d0313ee8b6d8424612aba6b,text/html; charset=utf-8
https://bmppd.org/bmppd_result/?q=Senna+sophera,bb93ad7675fd9bf0314b1446.html,200,2026-09-24T08:31:41.999002+00:00,f55ac9b2152d9e80aded4a88d8c329d07ae2ed9563ad5d121ece65391c4a997d,text/html; charset=utf-8
https://bmppd.org/bmppd_result/?q=Cassytha+FILIFORMIS,d01512275f8d38cba3ffe637.html,200,2026-09-24T08:31:43.908599+00:00,a9bf03b0475573bee50c43289b19de31843930c0473190f152075237090f1ac8,text/html; charset=utf-8
https://bmppd.org/bmppd_result/?q=Casuarina+LITTOREA,54a3abbf38f9589d3080f51c.html,200,2026-09-24T08:31:45.826893+00:00,ce523c6c7587aedda20821ebd6037be407406009407bdf295c9bd85e4bfc4339,text/html; charset=utf-8
https://bmppd.org/bmppd_result/?q=Catharanthus+roseus,25e3e069c7125155435fec80.html,200,2026-09-24T08:31:47.938483+00:00,81ac7301224356689e731d5cc4a0814beca9523af6aad049c6de90dfe859b0ff,text/html; charset=utf-8
https://bmppd.org/bmppd_result/?q=Cayratia+PEDATA,9a1c4160852529325d992289.html,200,2026-09-24T08:31:49.936530+00:00,ebb4381c4cd1582fb9d131eef289825b0017b857491f7088c9851c794c7cf879,text/html; charset=utf-8
https://bmppd.org/bmppd_result/?q=Cayratia+TRIFOLIA,062c0447a79bf9c5d7d29bf7.html,200,2026-09-24T08:31:51.836868+00:00,76346a21fe63d3110277873ad7bd8c0af205c790b46be4675f03e27e958e2672,text/html; charset=utf-8
https://bmppd.org/bmppd_result/?q=Ceiba+PENTANDRA,1ac500359da4f850beb97fc3.html,200,2026-09-24T08:31:53.739167+00:00,df6608fb2f2f9a195196fbf6296595eaefb9e9bb396a34858d4b065b53e36a0d,text/html; charset=utf-8
https://bmppd.org/bmppd_result/?q=Celastrus+PANICULATUS,d0b9ed5fb6cdf52546393be1.html,200,2026-09-24T08:31:55.641449+00:00,260273a53b25b425953229323275e498266a2eb6268ef2f28031dfe52487dcb9,text/html; charset=utf-8
https://bmppd.org/bmppd_result/?q=Celosia+ARGENTEA,85ed3f0916399c79fdb48b71.html,200,2026-09-24T08:31:57.549202+00:00,71214f71d3d98f2ddc3cb1051b47f3332b8d6228d2ee265dae019c2c991aadac,text/html; charset=utf-8
https://bmppd.org/bmppd_result/?q=Piper+pedicellatum,e5d96f8233c5f62509385b6f.html,200,2026-09-24T08:31:59.474257+00:00,3d1851da8200d52c9e3c19d7e236381bb5d486f9a134f3e4b9d6d7e22891075c,text/html; charset=utf-8
https://bmppd.org/bmppd_result/?q=Piper+wallichii,8fd8aef87a1e16d7496a2876.html,200,2026-09-24T08:32:01.388153+00:00,c3fbe3e7364aa0ad4e84366d053e648a0b166a84a9e67e3f6e83458fd6fc1f73,text/html; charset=utf-8
https://bmppd.org/bmppd_result/?q=Chloranthus+elatior,f5e5361a107dabf73dd8318f.html,200,2026-09-24T08:32:03.290327+00:00,20d61963e0c3096cc1046cf496e300b90f1cd6619a5185d462dfa975e433f95f,text/html; charset=utf-8
https://bmppd.org/bmppd_result/?q=Ocotea+lancifolia,754c0441e69bb86a99287074.html,200,2026-09-24T08:32:05.190575+00:00,57cc65c84f988fc8a9f2742c08932408d17ad35f812aca397f8e76d9e17d0737,text/html; charset=utf-8
https://bmppd.org/bmppd_result/?q=Litsea+glutinosa,57a3337bd24694db1131ace2.html,200,2026-09-24T08:32:07.091747+00:00,f08d034c0d8219bbe71bc26214568937c4dc44707d9762227896455c9d9c01ba,text/html; charset=utf-8
https://bmppd.org/bmppd_result/?q=Actinodaphne+obovata,7534d7335e6cb91606f43df5.html,200,2026-09-24T08:32:09.230030+00:00,2680a2043fdd97ad759543a382ae99bd27e220e2d1b4b8223b403377f178cf91,text/html; charset=utf-8
https://bmppd.org/bmppd_result/?q=Uvaria+hamiltonii,f4bcc2a84066d67a48d38bbb.html,200,2026-09-24T08:32:11.132858+00:00,7962ff3ab60a60752f2637b1a520c78ed9ca26a59d77a9f97200f09699af553e,text/html; charset=utf-8
https://bmppd.org/bmppd_result/?q=Dasymaschalon+longiflorum,51edf0c57756f44654baa69e.html,200,2026-09-24T08:32:13.070824+00:00,35ee5aa57e585a862fa96d14f369621d4dfa5ffb75f5e1733d853c7f472361cd,text/html; charset=utf-8
https://bmppd.org/bmppd_result/?q=Magnolia+praecalva,d248c9f19af8d2690a02bd0c.html,200,2026-09-24T08:32:14.978034+00:00,f38d2defc3aaadf29521e9287089f82463fd191d2c6c2c542442f69c77db0312,text/html; charset=utf-8
https://bmppd.org/bmppd_result/?q=Centella+ASIATICA,589a642f88b0622f549af36e.html,200,2026-09-24T08:32:16.980469+00:00,cc9be5fe0bfd51f7ef03523560fc375588e5a3ba15b075b5939cc51f6f9ed4c6,text/html; charset=utf-8
https://bmppd.org/bmppd_result/?q=Cerbera+MANGHAS,09b93ffa290e2656aa8bdbd6.html,200,2026-09-24T08:32:18.938696+00:00,c4b6e555e7aaa65d54a9b395767a0ec7a7c3664740fdbdb5a9012ca2ae9432d3,text/html; charset=utf-8
https://bmppd.org/bmppd_result/?q=Ceriops+TAGAL,0f70fcd8d34b009301068448.html,200,2026-09-24T08:32:20.840687+00:00,e398a97d4a19b1b912c1192399677bd1f4ebe8a5443661c9bfe74b4916442dc7,text/html; charset=utf-8
https://bmppd.org/bmppd_result/?q=Cheilosoria+tenuifolia,7b88eaa6c7b968078918e0a1.html,200,2026-09-24T08:32:22.742174+00:00,f5d6a8ed9c066f7ce8949d167ac0f4310c94fe0fae677ff8d4f776ef8204d91e,text/html; charset=utf-8
https://bmppd.org/bmppd_result/?q=Chenopodium+ALBUM,9377d58007582c3873ab6158.html,200,2026-09-24T08:32:24.649414+00:00,a5426a08ecbaa7008788ceadac5a02c2909f034e961a926a289579e68f320be0,text/html; charset=utf-8
https://bmppd.org/bmppd_result/?q=Dysphania+ambrosioides,05e20f021a1f2707fb5ad899.html,200,2026-09-24T08:32:26.563244+00:00,85cfd0299ff26b7608d0ccc8b9b9d67182c9c8d3f9e11a395a465b85798524ed,text/html; charset=utf-8
https://bmppd.org/bmppd_result/?q=Chukrasia+tabularis,1938abdd5b835bbff3d484e1.html,200,2026-09-24T08:32:28.470349+00:00,a4e72f160902cb2c21b5597ec9538738c091c7752ae677c03e206b4c13fad0de,text/html; charset=utf-8
https://bmppd.org/bmppd_result/?q=Cicer+ARIETINUM,c144afde8878e6b009877146.html,200,2026-09-24T08:32:30.372509+00:00,dbe9664be91db702c018347bd1e37490dae6e08bcdcd9e49cbdef0fd6ffadcb6,text/html; charset=utf-8
https://bmppd.org/bmppd_result/?q=Cinnamomum+curvifolium,95a85fc61f6df1942c3e7e07.html,200,2026-09-24T08:32:32.286903+00:00,b362c5f893a487a63e8bf3943e6fd72e19ab7842d818ac7e1cd7699a09db129e,text/html; charset=utf-8
https://bmppd.org/bmppd_result/?q=Cinnamomum+TAMALA,a307a7ad2ecef15b1151233c.html,200,2026-09-24T08:32:34.357185+00:00,d19683f435aa6b3098a347cd6a58945d38a7172d93c2d1ad991d155ab287d3ec,text/html; charset=utf-8
https://bmppd.org/bmppd_result/?q=Cinnamomum+VERUM,d5a5e42ad8d37b78cd4ef2ff.html,200,2026-09-24T08:32:36.392266+00:00,ffc2d73383532f8c9c68f2824070fd9670730f043f8af6263f25d5fc46b1d102,text/html; charset=utf-8
https://bmppd.org/bmppd_result/?q=Piper+sylvaticum,ba1bad8f6926bdc8679b57d3.html,200,2026-09-24T08:32:38.317362+00:00,56fcbb1b624019e7bc5e9bcd7fc8465707aedd0ae807cd667227df63a01205aa,text/html; charset=utf-8
https://bmppd.org/bmppd_result/?q=Aristolochia+rotunda,f2fe8d96790103f79cf217cf.html,200,2026-09-24T08:32:40.248310+00:00,c87977a39b03efe19637c60dd9f7ec02f58a350c4b2f67818ba910fcf1b9ce29,text/html; charset=utf-8
https://bmppd.org/bmppd_result/?q=Asarum+europaeum,22d7fa4c906768541a15d3fc.html,200,2026-09-24T08:32:42.210631+00:00,64b7219c1b21e3cde385746c2eaa896639ecf33d475711964b156056cc8e74f8,text/html; charset=utf-8
https://bmppd.org/bmppd_result/?q=Euryale+ferox,6945e9afafacb84ebc7fe7bd.html,200,2026-09-24T08:32:44.137476+00:00,80cce724c05cbcb010116fc950f5ea6fc538536028f4387d8db755352e77a2a6,text/html; charset=utf-8
https://bmppd.org/bmppd_result/?q=Ranunculus+sceleratus,cd72d45c7a35c7ef76686f09.html,200,2026-09-24T08:32:46.061756+00:00,f87468e6eb15235650d066345563656bbaf88469f334592a6cf0ac14a2c487fe,text/html; charset=utf-8
https://bmppd.org/bmppd_result/?q=Cyclea+barbata,e02bfdb0e5a2682d9d43e68f.html,200,2026-09-24T08:32:47.983035+00:00,85a40aefc52f19cc8fcf795f0930ac949cbe2b1c0b47fa661ae91f5c417ad317,text/html; charset=utf-8
https://bmppd.org/bmppd_result/?q=Fumaria+indica,d9fe702fd49b19555dc99a69.html,200,2026-09-24T08:32:49.900646+00:00,0f09f5ba78df86fc082d6bacadf174e58efc8d55311a616d2184d2c5f2322768,text/html; charset=utf-8
https://bmppd.org/bmppd_result/?q=Altingia+excelsa,69807bc0c8277402dc07681f.html,200,2026-09-24T08:32:51.823648+00:00,49385dec5c35f05412a5d38977fab7c95f0a44203d064ac1e971b11719a57e63,text/html; charset=utf-8
https://bmppd.org/bmppd_result/?q=Ficus+auriculata,495af3868abab172dcf3ce51.html,200,2026-09-24T08:32:53.942382+00:00,3b2f58355f6af6da3762310a8112cffbb97f8aa2c0df4e965b24058a00e38581,text/html; charset=utf-8
https://bmppd.org/bmppd_result/?q=Zea+MAYS,a329bdacb2b8b1c6ce05358d.html,200,2026-09-24T08:34:16.060650+00:00,713c8ce173f889b11ee7a77ab8665c4811a9abbf1ea5de60bdc37e7e3fbafc89,text/html; charset=utf-8
https://bmppd.org/bmppd_result/?q=Zanthoxylum+RHETSA,dd25e1aef1c187ae19a8e6ee.html,200,2026-09-24T08:34:18.123354+00:00,097d5c0b40cc9503a14af198540e892295b24d07185feeb088715ae52762d054,text/html; charset=utf-8
https://bmppd.org/bmppd_result/?q=Zanthoxylum+NITIDUM,a9067fc6d65239110548b0e7.html,200,2026-09-24T08:34:20.184243+00:00,02aaf73e5978ff7cb8031d5da243809d212982742b4a374b7dab01f3c167ff54,text/html; charset=utf-8
https://bmppd.org/bmppd_result/?q=Xylyocarpus+MOLUCCENSIS,fcf0503f513ec0e99db102fd.html,200,2026-09-24T08:34:23.358311+00:00,1e8d3ac240e546010f123eac5712458c5bf570d8300b6e7ac0790f709bac8ab7,text/html; charset=utf-8
https://bmppd.org/bmppd_result/?q=Xylocarpus+GRANATUM,3d5a9add72585f8af5edf59f.html,200,2026-09-24T08:34:25.419382+00:00,edc8569df21d2465b6bce4320ae5ceb72c6e17ae969662bd1690e0ed596ff1e8,text/html; charset=utf-8
https://bmppd.org/bmppd_result/?q=Tamilnadia+uliginosa,d39e7d1c08ea70c31654ab66.html,200,2026-09-24T08:34:29.121035+00:00,ebe7f46fc66fa68ddb38e3541b0cf6b76c564ccf2a08fa1127223d4b0a4b8c2c,text/html; charset=utf-8
https://bmppd.org/bmppd_result/?q=Catunaregam+spinosa,d07b1576ebad1ea661a99807.html,200,2026-09-24T08:34:31.185783+00:00,c8e12b905ce65a4bd7de1809e03c9a6144a772969354d1fd1087a6dc5a8da5e3,text/html; charset=utf-8
https://bmppd.org/bmppd_result/?q=Xanthium+strumarium,155bd13f611ad42d30cc5daa.html,200,2026-09-24T08:34:33.247025+00:00,aa7071e937eecf19161ba6470852331346e5609212221dfe5398e698521afb2d,text/html; charset=utf-8
https://bmppd.org/bmppd_result/?q=Wrightia+ARBOREA,d598fe6d20c598dc5001f0f7.html,200,2026-09-24T08:34:35.316516+00:00,5df964eac6c7c6cd0f0c6e6872d386390b59d1d5b7098bce355481714e72da3e,text/html; charset=utf-8
https://bmppd.org/bmppd_result/?q=Woodfordia+FRUTICOSA,08b5c325a73e404735a72714.html,200,2026-09-24T08:34:37.374168+00:00,13fff43eb540658481deffe5c3513a30fc58f33e08d037f5d1c7bc77b019f402,text/html; charset=utf-8
https://bmppd.org/bmppd_result/?q=Wikstroemia+INDICA,4a2ff75b697ba35e70d4f16f.html,200,2026-09-24T08:34:39.451827+00:00,37577b7970fded8eca01cfb2f01cadef4924d6c81c1b193c4e20fea059fb1dc8,text/html; charset=utf-8
https://bmppd.org/bmppd_result/?q=Sphagneticola+calendulacea,ac55d45dfaeee0f39cc63a61.html,200,2026-09-24T08:34:41.514007+00:00,272fa98e6e2b1a2cdec76570baf8ce806dad309f8fa60d8a18a4f7c389385ce8,text/html; charset=utf-8
https://bmppd.org/bmppd_result/?q=Vitis+PENTAGONA,d9a2bdb8f050ef091ea7bcb0.html,200,2026-09-24T08:34:43.575216+00:00,50a0748125494302bc8f87b5279511a066a8f8ebc89b52d8994f2139b30eebfe,text/html; charset=utf-8
https://bmppd.org/bmppd_result/?q=Vitex+PEDUNCULARIS,27a1069d33521b55b83ac9af.html,200,2026-09-24T08:34:45.630014+00:00,7ec3831a6550a9dc570e70de05de852682fe4ccf48669f8f92097526ee5a4ebc,text/html; charset=utf-8
https://bmppd.org/bmppd_result/?q=Vitex+NEGUNDO,abab7d275d7a0da0cf9b41fc.html,200,2026-09-24T08:34:47.699737+00:00,03095177947e13d41fc15d5eb08f8765a7b9ea46f0e3e1e0b45d2f43e0cfb14a,text/html; charset=utf-8
https://bmppd.org/bmppd_result/?q=Vigna+UNGUICULATA,ee922b5bbe9e3a2c1554437b.html,200,2026-09-24T08:34:49.939996+00:00,38afe1cfa61f2a4520c0e0763ee76299899a588eec8bd8d1339d3e3ad385ce27,text/html; charset=utf-8
https://bmppd.org/bmppd_result/?q=Vigna+RADIATA,63518a39ed79aeaa3e8ad3d9.html,200,2026-09-24T08:34:51.995721+00:00,e05611e28f30b22164d4372fe0596a17c4869e35aaac5ea8850dba7a6551ab08,text/html; charset=utf-8
https://bmppd.org/bmppd_result/?q=Vigna+MUNGO,78f1eb934107d16e24fd5957.html,200,2026-09-24T08:34:54.052883+00:00,7e49c802659725f34ada568f3ef0c2a801417ec8f94273dddde49f585baca015,text/html; charset=utf-8
https://bmppd.org/bmppd_result/?q=Chrysopogon+zizanioides,891ed259975c0c61ff6376c2.html,200,2026-09-24T08:34:56.114479+00:00,92ec18bd44a337da862f1adbfadf44668a3e3ee0c02a287b6d00fbbb92658ef4,text/html; charset=utf-8
https://bmppd.org/bmppd_result/?q=Vernonia+PATULA,3c8c502e3c00dc0eb52d3e88.html,200,2026-09-24T08:34:58.183715+00:00,5adb28141d1166817b3f17269654ea8051a77b2e0c83f649cccc2dc868edb498,text/html; charset=utf-8
https://bmppd.org/bmppd_result/?q=Vanda+TESSELLATA,3be5f4a00894af8aa0ed7267.html,200,2026-09-24T08:35:00.244192+00:00,649152eeae3af30b40ceb4ed4dbbeec8c14a2fb03d6bc4f6d3bd10fe27ceb871,text/html; charset=utf-8
https://bmppd.org/bmppd_result/?q=Uvaria+HAMILTONII,10cdbd8b640df722c6614cc3.html,200,2026-09-24T08:35:02.306369+00:00,865d222db1a9e22b000e9df6a66f80fcda1a1b517cbf1024f887aca9d6018a2d,text/html; charset=utf-8
https://bmppd.org/bmppd_result/?q=Drimia+indica,dc7866aa42ce95a0aa6b94aa.html,200,2026-09-24T08:35:04.365158+00:00,a02c7d0e38cf4113ff70018951aa561c0f1d512c0a6a122f1ff857cae997ee98,text/html; charset=utf-8
https://bmppd.org/bmppd_result/?q=Urena+SINUATA,8bc2fe7f1df4bdea1156a2e7.html,200,2026-09-24T08:35:06.427160+00:00,0cf7e88e9ffa0abf6cab522643528831f323bc4d06655da0f0651b9cadf29465,text/html; charset=utf-8
https://bmppd.org/bmppd_result/?q=Uraria+PICTA,7f1f7af472c098eda145fcf2.html,200,2026-09-24T08:35:08.491484+00:00,aba58d53ab8de2071568851b24c787bf354f3f7b75c86c24bc14c242566da78d,text/html; charset=utf-8
https://bmppd.org/bmppd_result/?q=Uraria+LAGOPODIOIDES,6eb5a06273dccf35c3c2c604.html,200,2026-09-24T08:35:10.554335+00:00,8fbcd43a2842175c2919bddcf6f6656601d3f15b9dd6be4b091283d2432b0320,text/html; charset=utf-8
https://bmppd.org/bmppd_result/?q=Typhonium+TRILOBATUM,6ea7dfbdfcd3975e5b720f6c.html,200,2026-09-24T08:35:12.619941+00:00,5525a2661b95df7a2145490e5221329b5c5c24d1537a3e71de38a17c6ebb1cfe,text/html; charset=utf-8
https://bmppd.org/bmppd_result/?q=Typha+ELEPHANTINA,fc6e9c60a25232cb80c2713f.html,200,2026-09-24T08:35:14.680740+00:00,a558068576d41d4e878dcf336a15708d23e67b147119481d5121c9cd9dcece2a,text/html; charset=utf-8
https://bmppd.org/bmppd_result/?q=Tylophora+INDICA,1f78f8af65e3c4758975cdf9.html,200,2026-09-24T08:35:16.746623+00:00,30f6d6c50b8ec887af41461a012f5a9c38b96a0d1d51c5e5646762ba4c2a6f72,text/html; charset=utf-8
https://bmppd.org/bmppd_result/?q=Triumfetta+RHOMBOIDEA,871c05d9a388de71460e979f.html,200,2026-09-24T08:35:18.807386+00:00,b166eeba35fe9bdf96b7bda42642179b9734370139f256629beddd9dc1b37e70,text/html; charset=utf-8
https://bmppd.org/bmppd_result/?q=Trigonella+FOENUM-GRAECUM,d52118f58a920784f342e094.html,200,2026-09-24T08:35:20.867965+00:00,17cbaa8bde47c6cc5a8b7573b7b04aa5a08f5e2808fb0ac073a460f802fdacdc,text/html; charset=utf-8
https://bmppd.org/bmppd_result/?q=Tridax+PROCUMBENS,46beec003abe61add40a303c.html,200,2026-09-24T08:35:22.931095+00:00,57eb534773e04a53cfb3d059071f9ed4acd4ca389f72510bec815d94f285b7ec,text/html; charset=utf-8
https://bmppd.org/bmppd_result/?q=Trichosanthes+CUCUMERINA,f0eceee88643d9e55f571706.html,200,2026-09-24T08:35:24.989932+00:00,85be66f9d2316cabb0bab1ff426474b3ed52250003d4c1fcec6190b3d2736690,text/html; charset=utf-8
https://bmppd.org/bmppd_result/?q=Trichosanthes+BRACTEATA,e68657a9a478e231ee901f30.html,200,2026-09-24T08:35:27.063565+00:00,0458d1ee063dab29b1d2ac3dd16760d192e4c8952f36cae8b92efa7e7acb88c4,text/html; charset=utf-8
https://bmppd.org/bmppd_result/?q=Tribulus+TERRESTRIS,3cc178602384e61726411894.html,200,2026-09-24T08:35:29.123214+00:00,7d1119ad1de39108bd896ef78ea1b034cc9ff0d225142bb37aceb9ca9ea66946,text/html; charset=utf-8
https://bmppd.org/bmppd_result/?q=Trianthema+PORTULACASTRUM,c378de52f5106edcc48670d8.html,200,2026-09-24T08:35:31.186985+00:00,513bbfb74a24f34c94485ef38c2f98da140477b52d8eaaca4fc078b6ed408fbb,text/html; charset=utf-8
https://bmppd.org/bmppd_result/?q=Mallotus+polycarpus,873a5bb6d48e5b29a6d783ef.html,200,2026-09-24T08:35:33.247783+00:00,523bd921e287abdf1609ffb698bfa0ef41ac54f09fe384a9f9437253ce456436,text/html; charset=utf-8
https://bmppd.org/bmppd_result/?q=Trevesia+PALMATA,29529679ed55b56538d90abf.html,200,2026-09-24T08:35:35.309523+00:00,7dde9b856b7c6a5aa561fd94b44687c3925f7b8f3aebce41d169b36958fb65b6,text/html; charset=utf-8
https://bmppd.org/bmppd_result/?q=Trema+ORIENTALIS,0360139b370eca5f490d1404.html,200,2026-09-24T08:35:37.369608+00:00,c67a09968e2b9c9480ae2c90b9b18294281d525a4cafc406ea8e380e364f48e9,text/html; charset=utf-8
https://bmppd.org/bmppd_result/?q=Torenia+ASIATICA,ea868160cfa5f6e78c05936d.html,200,2026-09-24T08:35:39.432509+00:00,67e7e9de52e792f81026b8918903d9621b6e4f890950d7c28c84769ad1ab794c,text/html; charset=utf-8
https://bmppd.org/bmppd_result/?q=Toona+CILIATA,7c678dc4d21c628584e6ce5b.html,200,2026-09-24T08:35:41.495835+00:00,455ff69c4a79d80204ed190d1cb1b71acad1bbb4ceec7ef33d980197933d839f,text/html; charset=utf-8
https://bmppd.org/bmppd_result/?q=Toddalia+ASIATICA,00182f4a36b19117bb970923.html,200,2026-09-24T08:35:43.562198+00:00,9982c669af8c572e52c9a8cc3a6c11de003b31c0ed3dff4b1a154e5559efb847,text/html; charset=utf-8
https://bmppd.org/bmppd_result/?q=Tinospora+CRISPA,cf8dbe4e2ab0ad3cb6fc4283.html,200,2026-09-24T08:35:45.628796+00:00,7e9c5114760d51425432f20320922b8823a1d03df0223148b8a69b17f154cf14,text/html; charset=utf-8
https://bmppd.org/bmppd_result/?q=Tinospora+sinensis,1d5d5ef75a8d69757e3f4fa7.html,200,2026-09-24T08:35:47.687902+00:00,c995b0a51d3c508ff2e912d99cfdfc1fddb7fd14a4b8b35427a92ac489c80d84,text/html; charset=utf-8
https://bmppd.org/bmppd_result/?q=Tiliacora+racemosa,08a0967ad364637354a5f6ba.html,200,2026-09-24T08:35:49.747568+00:00,ec004e7f53d406bb9bc67ad08f477345cc39648085345722bce3f23358c116a8,text/html; charset=utf-8
https://bmppd.org/bmppd_result/?q=Thespesia+POPULNEA,5a96498a69b5b86875620d69.html,200,2026-09-24T08:35:51.812836+00:00,6eacfcdf868cd9d1ee634cb3321ae2400335945b88756e831dec723b609224ec,text/html; charset=utf-8
https://bmppd.org/bmppd_result/?q=Terminalia+CITRINA,152049ae859709c15b0efcb6.html,200,2026-09-24T08:35:53.872412+00:00,c48f569cf52c79367eba789f70addbc69795c7e2df99d699eb200e8757c55c67,text/html; charset=utf-8
https://bmppd.org/bmppd_result/?q=Terminalia+CATAPPA,609e645ef7253d9ec1895001.html,200,2026-09-24T08:35:55.936479+00:00,6b76feab2a42dece49443db8dfd19bba3271172aa2d280671d6c986c029ac697,text/html; charset=utf-8
https://bmppd.org/bmppd_result/?q=Terminalia+BILLIRICA,ff48e9ceeb1959270480284c.html,200,2026-09-24T08:35:57.998577+00:00,08574f768c8ff78f6b94dfef02461792aea716d758ed7e75ca6cbe5e887f5b30,text/html; charset=utf-8
https://bmppd.org/bmppd_result/?q=Tectona+grandis,728b114a5a26e143320a27c3.html,200,2026-09-24T08:36:00.060423+00:00,6df15815637db999647bce4ca20bb3c71abebe459ec845e88ca931a0153a364f,text/html; charset=utf-8
https://bmppd.org/bmppd_result/?q=Tamarix+INDICA,6aa53d76b92c7e658257552b.html,200,2026-09-24T08:36:02.123796+00:00,33857e3f79890f62a3513eb0a18074e44999cdf3fb79c1def7f7fa644069b157,text/html; charset=utf-8
https://bmppd.org/bmppd_result/?q=Tamarix+DIOICA,9e6e99113bb11e19d78003f8.html,200,2026-09-24T08:36:04.204718+00:00,7b1d3b1f1c0ec1018bb15ab7b9c981bae144b107bdeb70e5ccd9ccb9d38b6753,text/html; charset=utf-8
https://bmppd.org/bmppd_result/?q=Tagetes+ERECTA,dca6a20e5b39f94430dc6ccd.html,200,2026-09-24T08:36:06.268106+00:00,9a941f6b89cd64a49ce213e6ff887426431e209f1395013f7cf3ba3c08d0e029,text/html; charset=utf-8
https://bmppd.org/bmppd_result/?q=Tacca+INTEGRIFOLIA,4793b8ecb90a60c2567b13c1.html,200,2026-09-24T08:36:08.341408+00:00,fd05fa947da02a7235a1b55b737714408146f4510f09dcb323bfc7e54c0a15a4,text/html; charset=utf-8
https://bmppd.org/bmppd_result/?q=Tabernaemontana+DIVARICATA,01cdf267c292759e777e0b77.html,200,2026-09-24T08:36:10.412290+00:00,85155e936a63db9e2aafd59042cd4346859671a2dd31f39eeba2e2210bb49921,text/html; charset=utf-8
https://bmppd.org/bmppd_result/?q=Syzygium+nervosum,9ea92e6b866909d2441da974.html,200,2026-09-24T08:36:12.488851+00:00,ab5fff289736753a468c64e27b6ea8c2f10e6efe06c91a5c7d4fd6c9f9947890,text/html; charset=utf-8
https://bmppd.org/bmppd_result/?q=Syzygium+JAMBOS,29b79461957c61d29f013834.html,200,2026-09-24T08:36:14.549317+00:00,cae3a32ab92bfa589a8805f8b0f6aeff5c67f796eb6b9126eddff6e14c12cc55,text/html; charset=utf-8
https://bmppd.org/bmppd_result/?q=Syzygium+FRUTICOSUM,64cdf00df61622ec8350ac44.html,200,2026-09-24T08:36:16.622379+00:00,3ba242018af287fc6f9a4ecbca377fe664c9649f3c8a98ad81569cb82d160065,text/html; charset=utf-8
https://bmppd.org/bmppd_result/?q=Syzygium+CUMINI,a9ab3d74f460814416967005.html,200,2026-09-24T08:36:18.709641+00:00,e23789274555375fc90cb7b0a693ad67ec350eb8e7deefe7d510490f9f3d825b,text/html; charset=utf-8
https://bmppd.org/bmppd_result/?q=Symplocos+RACEMOSA,3a704205cddfc752f7aa3785.html,200,2026-09-24T08:36:20.845672+00:00,4713817ba5e3955da7dedb0b0f2fcf41072d666c480acb897f4e3dae529e8983,text/html; charset=utf-8
https://bmppd.org/bmppd_result/?q=Suregada+MULTIFLORA,786475d8c4b8276e6e919a00.html,200,2026-09-24T08:36:22.907581+00:00,5cbd9d2bd4bceeed4375ff67706941d2945b8817744228ec36f9e3d30d0a3a27,text/html; charset=utf-8
https://bmppd.org/bmppd_result/?q=Strychnos+NUX-VOMICA,faa945b5afabcb73d2922b91.html,200,2026-09-24T08:36:24.969792+00:00,2aaee0b70daf0e2fa36977e66744e4694485efc4f0a41fa4e98eaac203cf470f,text/html; charset=utf-8
https://bmppd.org/bmppd_result/?q=Strobilanthes+AURICULATUS,7dd0aba7d17ae57de00687df.html,200,2026-09-24T08:36:27.035979+00:00,59010f53547a6214b8fcddaa7255c035a43348a29415233e92e78a98901c8905,text/html; charset=utf-8
https://bmppd.org/bmppd_result/?q=Streblus+ASPER,5b84e60a1422585cdcc6265a.html,200,2026-09-24T08:36:29.097893+00:00,37788c38ffee7355c1ec34aebd4d72d1e867fcc87ff590a815aa9e6377bc258b,text/html; charset=utf-8
https://bmppd.org/bmppd_result/?q=Stereospermum+chelonoides,142866dd4392e413d6df7cac.html,200,2026-09-24T08:36:31.169339+00:00,3b8743c57e90f6fe01851d00dee6e18474c2ad9db136f73584403bc293153f7c,text/html; charset=utf-8
https://bmppd.org/bmppd_result/?q=Stereospermum+tetragonum,7d466578687430a8dfbedf15.html,200,2026-09-24T08:36:33.228478+00:00,f5a6cee34a7228f7522d6194a0b69bb13972efe5d7baf224ba3a54846192d33a,text/html; charset=utf-8
https://bmppd.org/bmppd_result/?q=Sterculia+FOETIDA,1e13d8b3348677ff9fd0c30a.html,200,2026-09-24T08:36:35.289046+00:00,3f6532f7e88a9cebc893fb7062b0f3dd81da91fcf7ec8c2a362eb21803dbb458,text/html; charset=utf-8
https://bmppd.org/bmppd_result/?q=Stephania+GLABRA,fdfb8f03267d519cb9a3c72f.html,200,2026-09-24T08:36:37.350578+00:00,7a5b23cba0362a4ddbd527f900796ef15e3ad39fd6c8fedc8a14cfd1fac54399,text/html; charset=utf-8
https://bmppd.org/bmppd_result/?q=Spondias+PINNATA,44b1bd4f6283e1e4327d2494.html,200,2026-09-24T08:36:39.422634+00:00,2657a6becf8e94d09e3e1d975713bc6371d26241350b404b2578467390da3c03,text/html; charset=utf-8
https://bmppd.org/bmppd_result/?q=Spinacia+OLERACEA,f352d269e17239695127eb93.html,200,2026-09-24T08:36:41.486687+00:00,c5ea5c1b379ab2d16e21ace6c7e3d604440fcdbb22b3fb0751507594a6aa8e38,text/html; charset=utf-8
https://bmppd.org/bmppd_result/?q=Sphaeranthus+INDICUS,0a2a8f8513f1a8596a0d5cb0.html,200,2026-09-24T08:36:44.475397+00:00,d502d1e4f64275c52dd49ed27b7555b36e80ec315d12bc700eaf2ea9639746ea,text/html; charset=utf-8
https://bmppd.org/bmppd_result/?q=Sonneratia+CASEOLARIS,04b5bc7e74171cb555c204e7.html,200,2026-09-24T08:36:46.537737+00:00,7476af4e8a7c2c4dd2e7392376ff9c6ccccf23a27c74362386948551c2e84bd4,text/html; charset=utf-8
https://bmppd.org/bmppd_result/?q=Sonchus+WIGHTIANUS,6c85e7164eb93b4a5402c90b.html,200,2026-09-24T08:36:48.599194+00:00,ab96892bcf51ac7464b86dea44bd896e5d0a9309e44b415f42bdddad7fbec1d8,text/html; charset=utf-8
https://bmppd.org/bmppd_result/?q=Solanum+VIRGINIANUM,cee63f7e11ed87c67eceb0ce.html,200,2026-09-24T08:36:50.659509+00:00,87f1cc1eacb8e32253431f757ef27ebd8d718087d3424169fc1d49e9e8316c5e,text/html; charset=utf-8
https://bmppd.org/bmppd_result/?q=Solanum+VIOLACEUM,77dc2cf3cc2461844d509835.html,200,2026-09-24T08:36:52.723034+00:00,23ef52c4920108ecb0c001e7fba56b532bdefbd9c281dacce337c9011b1f16d5,text/html; charset=utf-8
https://bmppd.org/bmppd_result/?q=Solanum+TORVUM,7ad3e69bd0896780b0f76661.html,200,2026-09-24T08:36:54.787222+00:00,989a9b12497b899120531e045a15654255eeea1ccfd21c2f47bf65c3cc08c847,text/html; charset=utf-8
https://bmppd.org/bmppd_result/?q=Solanum+SISYMBRIFOLIUM,1a038b8c2d43e8ca0762cda8.html,200,2026-09-24T08:36:56.860791+00:00,cb96bee7359716ed3a947137a79217c6fead669797279f77d7398d83253fc218,text/html; charset=utf-8
https://bmppd.org/bmppd_result/?q=Solanum+americanum,944e1dc70e8cad4ec73e6313.html,200,2026-09-24T08:36:58.920235+00:00,2abe5c3d6dbb85fe1f79d40f5e545442c2e0c1ab55215495923b52279694af26,text/html; charset=utf-8
https://bmppd.org/bmppd_result/?q=Solanum+MELONGENA,f01e2db82437ea7d89d840a5.html,200,2026-09-24T08:37:00.990711+00:00,8f7fa67aaf8a61bbae7fc2da363f227bb07fa3e2096d174aa73c4af96f2024fb,text/html; charset=utf-8
https://bmppd.org/bmppd_result/?q=Solanum+ERIANTHUM,5546a02e738a9ee88c5fe0a5.html,200,2026-09-24T08:37:03.093195+00:00,05f7f44a93f84a73c9c8bb87395547aa89f37738818f003b0b5f77a14f0dd4d6,text/html; charset=utf-8
https://bmppd.org/bmppd_result/?q=Sida+CORDIFOLIA,a8dfed075bf9101540583485.html,200,2026-09-24T08:37:05.155253+00:00,895e6e05e92b9d725968446c3aee4857b7bbd7c44584ab0f5b943892a7e456aa,text/html; charset=utf-8
https://bmppd.org/bmppd_result/?q=Sida+CORDATA,3eada19ea5bfdbfbee26109d.html,200,2026-09-24T08:37:07.230992+00:00,0be0018a91da117f2a17d49d1163ee62b2185253db3f3725b6620f5aa82a0c1f,text/html; charset=utf-8
https://bmppd.org/bmppd_result/?q=Sida+ACUTA,8b5aa00a0e68920f08ba858c.html,200,2026-09-24T08:37:09.292222+00:00,474f42e6cdbba0304ba020e00dbbcce8f35eed316f8f8b98f0a96871cdff44f3,text/html; charset=utf-8
https://bmppd.org/bmppd_result/?q=Shorea+ROBUSTA,58ba5ceb205704d37f4e86e5.html,200,2026-09-24T08:37:11.359114+00:00,e9358c4afd1ef753cdfb513f0e87592f51db67efa408073f60e42759aabf2774,text/html; charset=utf-8
https://bmppd.org/bmppd_result/?q=Setaria+ITALICA,eca3c9d8731f29ccdc1978cd.html,200,2026-09-24T08:37:13.421296+00:00,ca03da03ad13afbc8635c6626909fa6637e26f66efa76d89ec7bbe41bb94ba95,text/html; charset=utf-8
https://bmppd.org/bmppd_result/?q=Seseli+DIFFUSUM,4cee8707e6ccdee059cf38d5.html,200,2026-09-24T08:37:15.483861+00:00,cdfaf89428e825906e7f94712cda7f0533b07a02b28b6da7dc83e5ecae1dbf80,text/html; charset=utf-8
https://bmppd.org/bmppd_result/?q=Sesbania+SESBAN,448440d1d1e8cd5c6b89d55b.html,200,2026-09-24T08:37:17.559270+00:00,1bae1ce6e3ad9d35ae91fb4bdb733feac0864de97d228166ee99bb6daf0932ee,text/html; charset=utf-8
https://bmppd.org/bmppd_result/?q=Sesbania+GRANDIFLORA,41e3ed44df512fe049a40f43.html,200,2026-09-24T08:37:19.620598+00:00,45864b81e871fc19eba56e4f6e9d2f179f17cccbb0837d7f9b3735da92edb920,text/html; charset=utf-8
https://bmppd.org/bmppd_result/?q=Sesbania+ACULEATA,ea594c0735f88be61202ae7f.html,200,2026-09-24T08:37:22.099946+00:00,38cebe77fc3b5cceed6405cec00411ebd8ec1939d7f8c866d3f6597945bacb74,text/html; charset=utf-8
https://bmppd.org/bmppd_result/?q=Sesamum+INDICUM,97822fb2dcfa6c28ccb7efb3.html,200,2026-09-24T08:37:24.327424+00:00,0bf16549f70b53ee9dda8309c631ce4387067a8206b199a761bf948463784b93,text/html; charset=utf-8
https://bmppd.org/bmppd_result/?q=Semecarpus+ANACARDIUM,c18148e0d3f3a6b89c1ebac9.html,200,2026-09-24T08:37:26.571329+00:00,f815d1ce94214a071b78e5793747a2d069587290a8fb581158cd00c3bf7eaa4f,text/html; charset=utf-8
https://bmppd.org/bmppd_result/?q=Scoparia+DULCIS,c246f99129a31ce1680a0247.html,200,2026-09-24T08:37:28.795982+00:00,043233b6891ef982c651764d2ab371bfbc2fd56507c3a8ff1790e78361993c4b,text/html; charset=utf-8
https://bmppd.org/bmppd_result/?q=Scindapsus+OFFICINALIS,fdb541fecfe46498b8273e02.html,200,2026-09-24T08:37:31.024470+00:00,e8575ace3f4765019b14ec58dcaaf7dfe1ca3094e360fa6a67bbfd814e841780,text/html; charset=utf-8
https://bmppd.org/bmppd_result/?q=Schoenoplectus+ARTICULATUS,6d4f4d62e49202195748ccdf.html,200,2026-09-24T08:37:33.251863+00:00,c0968278c01c8413b4e4970f2c2fef54b9462eccb4e7544b032b5325c0fc014d,text/html; charset=utf-8
https://bmppd.org/bmppd_result/?q=Schoenoplectus+GROSSUS,0fc078df15f945409c525d3c.html,200,2026-09-24T08:37:35.475799+00:00,54ea8c2cb7bfc41b860e6acd93ad2fe3ef85977c65562da77939fd94b17257a2,text/html; charset=utf-8
https://bmppd.org/bmppd_result/?q=Schleichera+OLEOSA,4e9dca29626c741e156d5e43.html,200,2026-09-24T08:37:37.701663+00:00,f0292b4272084e794f6f00bdaef914d1309df7a86566c6e03d8bfa931dfb5eed,text/html; charset=utf-8
https://bmppd.org/bmppd_result/?q=Scaphium+WALLICHII,910afc30873ac45e5a35561e.html,200,2026-09-24T08:37:39.934622+00:00,ddc3687623df1fde6398d4c4fa472f45c7c025b9fd76c2a9f6a809900d518340,text/html; charset=utf-8
https://bmppd.org/bmppd_result/?q=Saussurea+AFFINIS,e989c93ce671c04e55ae2878.html,200,2026-09-24T08:37:42.163449+00:00,4496f838eabbc9cad99055defb0122041f0468f4a17aab2f5771fdbb83d00e3b,text/html; charset=utf-8
https://bmppd.org/bmppd_result/?q=Sarcochlamys+PULCHERRIMA,60fb6cff2875843434cab937.html,200,2026-09-24T08:37:44.396667+00:00,056f5ca49716003343823849130badf5998cf282370cb6a4ed7c41ef433c96d3,text/html; charset=utf-8
https://bmppd.org/bmppd_result/?q=Saraca+ASOCA,dff92b4268e8a4b0f275f2d3.html,200,2026-09-24T08:37:46.624507+00:00,da721e4cef6858ee40cc2bef97d2fd61bc9080a559ed3ffcdf04c92c10b14bb9,text/html; charset=utf-8
https://bmppd.org/bmppd_result/?q=Sagittaria+SAGITTIFOLIA,82142e91b7f3f0210fe0a3b4.html,200,2026-09-24T08:37:48.853157+00:00,725ae6626b68318a41981cc5a244426e021ba9704c0a13fcaff7800ee2fa21d7,text/html; charset=utf-8
https://bmppd.org/bmppd_result/?q=Saccharum+SPONTANEUM,1b145acb64ff22ece3bb1f11.html,200,2026-09-24T08:37:51.074838+00:00,e1c0555937790661177d183d61154cb0b92933016ed481ff969142ea1a1d89b7,text/html; charset=utf-8
https://bmppd.org/bmppd_result/?q=Saccharum+OFFICINARUM,168c90c982de804c3f875486.html,200,2026-09-24T08:37:53.315357+00:00,0fdf3505f0effa25aced0d3c84098f3a1d83ff0809f543b4f137fd79f573b77a,text/html; charset=utf-8
https://bmppd.org/bmppd_result/?q=Saccharum+ARUNDINACEUM,ecf2bf90e8ae6d5367bf15ab.html,200,2026-09-24T08:37:55.528287+00:00,133052256555a4a96925168b44df725b7ba94693fc9c56bd05354b5af7890755,text/html; charset=utf-8
https://bmppd.org/bmppd_result/?q=Rungia+PECTINATA,da03874bee707bf8c4fd1e3f.html,200,2026-09-24T08:37:57.765514+00:00,ee0ed3209e6acc3480759b39707695c7c7d25f77a11d505f596f203697e1243a,text/html; charset=utf-8
